"cell100","link_occ_intercept_mean","link_occ_intercept_q025","link_occ_intercept_q975","MWMT_effect_mean","MWMT_effect_q025","MWMT_effect_q975","MCMT_effect_mean","MCMT_effect_q025","MCMT_effect_q975","x","y","lon","lat"
1,0.20656171561334,-2.8598575708231,3.35442033628525,0.229475522718936,-1.62376855430744,2.12369162491218,0.12865060744977,-1.54159340964519,2.12004254077192,NA,NA,-123.169325592467,49.3418514172384
2,-0.973771163896091,-4.19901735623597,2.27032778884562,0.793693261559119,-0.986911100277902,2.59900871917877,0.194031885185663,-1.2647578085367,1.88857393192953,NA,NA,-125.34278383401,47.9398318622962
3,-0.542556274324036,-2.95788304892652,1.88351720033211,0.779555343987447,-0.325758163059453,1.89711885139741,0.269776294278872,-1.05162773270736,1.80850067200897,NA,NA,-124.072494736524,48.2097010749556
4,-1.11017730325697,-3.25347042879877,1.03410710170463,1.02863719432581,-0.151977062942677,2.23095370110084,0.103934900004855,-1.13831514375721,1.55743259243139,NA,NA,-122.791789339332,48.4681839714966
5,-1.25049888658255,-3.48802596014143,0.854512090097566,0.646070135606714,-0.516492345868227,1.80647469404154,-0.012452888135203,-1.24007568414732,1.39004982601976,NA,NA,-121.501009306634,48.7151138832371
6,-1.69207668851569,-4.01898059664623,0.459279161419,0.549350061128943,-0.504932744409917,1.60991679994805,-0.0530783738337676,-1.26775350120916,1.31409465265046,NA,NA,-120.200515518212,48.950330479974
7,-1.6217437745984,-3.84044645806875,0.557827588400908,0.0419396220029779,-1.35079714040183,1.44689724250634,-0.142157206334066,-1.39782184259229,1.27217176946543,NA,NA,-118.890692449359,49.173665496168
8,-1.32684093935151,-3.87739976211217,1.16228685304658,-0.537497167112604,-2.05878623037094,1.01881393635035,-0.246594637390272,-1.61607360760917,1.2661896048234,NA,NA,-117.57193502443,49.3849715064046
9,-1.4151977683556,-4.20644839471276,1.36138612494587,0.804665795789137,-0.744633233680834,2.37506037446577,0.117657898725968,-1.21340948573347,1.65838103692402,NA,NA,-124.944602195595,47.0768315721678
10,-1.71366035209117,-3.83734685358026,0.364640315500344,1.06017616211448,-0.128848103659923,2.2899125454592,0.120602481123473,-1.09617882765233,1.53117362318719,NA,NA,-123.689487635121,47.3423221219025
11,-0.687120242346074,-2.41883278799566,1.09289441171179,0.718287043245145,-0.311374431636344,1.81796912566333,0.119294017640752,-1.03485773923438,1.45685011972155,NA,NA,-122.424349185026,47.5965515324135
12,-1.37222287868683,-3.33051931672082,0.477333000993407,0.886253571972672,-0.201427356758257,2.00032406731345,-0.0156211421515523,-1.12517838062176,1.25665986169153,NA,NA,-121.149526306278,47.839361849303
13,-1.25910786092895,-3.05432577734374,0.449633463345721,0.302911828376509,-0.867273380839619,1.54720487758003,-0.125383088843033,-1.2347923836622,1.12388230079309,NA,NA,-119.865365081081,48.0705979891592
14,-1.52055110431618,-3.61700500965756,0.531096009810097,-0.121513528801617,-1.49054038086535,1.24640832008469,-0.180270026904785,-1.3338878307769,1.10629329397225,NA,NA,-118.572236234479,48.2901120225146
15,-2.0872608895578,-4.10026188970638,-0.120581184504399,-0.600290270765297,-1.73833294096591,0.556127193211004,-0.212166095346337,-1.37492850324146,1.11879923776979,NA,NA,-117.270533071915,48.4977609801067
16,-2.79201894512907,-5.17921488610135,-0.508267775988686,-0.555209034651353,-1.76522777046306,0.637059774379008,-0.15964047089541,-1.38290741167621,1.26274923320793,NA,NA,-115.960661041074,48.6933941718837
17,-3.93319117004426,-6.56685803221877,-1.38093760812864,-0.205617597465499,-1.53396916953836,1.15645387890697,-0.0438108606097981,-1.32139987256781,1.49286503220263,NA,NA,-114.643049676115,48.8768826533956
18,-3.99763662620591,-6.83378839841536,-1.23568812767568,-0.527210430079905,-2.10658202102888,1.01856461459531,-0.105086361871416,-1.39776020093537,1.45383120037031,NA,NA,-113.318137223694,49.0480950400485
19,-3.93008231207521,-6.92899343456535,-1.01923540170433,-0.36815915623747,-2.10659423850362,1.35151365768337,-0.119780160238584,-1.43894799571155,1.46312756350126,NA,NA,-111.986386874357,49.2069044582452
20,-3.96439507703312,-7.12906983795928,-0.891494345373776,-0.142062345095704,-2.01948667989557,1.74403526777035,-0.110867778771948,-1.44706506847554,1.51523695899741,NA,NA,-110.648254645755,49.3531978006547
21,-4.05642347840112,-7.542375557548,-0.68335315657595,0.0272208072866619,-2.07251243417583,2.14364238726218,-0.0920402648944635,-1.51175188092835,1.62992715578373,NA,NA,-109.304253844539,49.4868615079761
22,-1.9584575957757,-6.0627849928754,2.07952234937201,1.37257376777994,-1.21371531946194,3.99196157617638,-1.41254596076766,-3.20027239062122,0.279989950482117,NA,NA,-68.9418484895862,47.4708524086458
23,-1.13778758783199,-5.10248610821344,2.73224043680314,0.984606776310901,-1.60234909453849,3.55476844497644,-1.67168007431077,-3.50230483925327,-0.0188469123841343,NA,NA,-67.6816786508927,47.210973594439
24,-1.57009937332296,-3.96222668582393,0.783153902001008,0.556638356277649,-0.608886242607257,1.74991239674325,0.0407471457578835,-1.23430140309969,1.47520605375217,NA,NA,-124.556771259415,46.2151445142847
25,-1.60018696490493,-3.54034625739486,0.308361774253825,0.559620451054909,-0.516412252808002,1.63943948737064,0.0522531700966585,-1.12317150715773,1.38244674288767,NA,NA,-123.316508091049,46.476464425411
26,-1.79750768567083,-3.66299528407969,0.0334183377154206,1.06497353232386,0.0434647086942515,2.12208710749854,0.0639308658939247,-1.05369269957404,1.34466401716446,NA,NA,-122.066597318278,46.7266416222802
27,-1.34418822847176,-3.00965802588138,0.24866849075325,0.628371964045181,-0.573377234615881,1.88962113240557,-0.0609767864587113,-1.13810099887698,1.16578232193434,NA,NA,-120.807383290054,46.9655337435543
28,-0.917191149380144,-2.3148456295908,0.434844893769253,0.24351221022182,-1.10888150461595,1.62025073110546,-0.173092166507218,-1.26049510717915,1.05463870514871,NA,NA,-119.539181916033,47.1929905096932
29,-1.92281426224999,-3.85134203727964,-0.0639874505893927,0.0670576772712807,-1.28973709871835,1.44175278050326,-0.151864467534737,-1.26944191658629,1.14624563101052,NA,NA,-118.262362517152,47.4088723985633
30,-3.44665937326795,-5.19459166400767,-1.76282669875969,0.00697556428744572,-1.25082654817037,1.28803961789087,-0.0772560699012829,-1.20303105238849,1.26017476261475,NA,NA,-116.977305416189,47.6130445359909
31,-2.73244453212837,-4.85209189296468,-0.643531236769741,-0.713324434037245,-1.75185687105349,0.314112434812273,-0.20338883795852,-1.3443410766309,1.10256762289547,NA,NA,-115.684400453992,47.8053694530831
32,-3.59847366938213,-5.66434417906689,-1.60312695380533,-0.634833619518804,-1.86929223551101,0.569866281242269,-0.11796304319518,-1.28722789081956,1.27587838853165,NA,NA,-114.384063627296,47.9857192724675
33,-4.13486358624111,-6.34214526058076,-2.03468611859647,-1.00476852774482,-2.06424016326989,0.00372808765449922,-0.153005384282344,-1.3381155741854,1.26327104585428,NA,NA,-113.07671707658,48.1539750061968
34,-3.82218607997443,-6.42244628248907,-1.28899601776967,-0.435981608700772,-1.94663519202475,1.03896466763756,-0.145926794054674,-1.35440927622364,1.31492062785133,NA,NA,-111.762803161925,48.3100205882903
35,-3.908482682391,-6.65062308050117,-1.28397046332724,-0.0837156040180144,-1.72881061947235,1.55659524529753,-0.118778322367651,-1.33833535660175,1.37079234631178,NA,NA,-110.442781289464,48.4537426271522
36,-4.15167334731937,-6.92035026915273,-1.54907204930883,0.192905281773058,-1.47757185018001,1.90322278646867,-0.072651817022695,-1.27080000147541,1.42004364448934,NA,NA,-109.117119896649,48.5850413786676
37,-4.38508469757338,-7.29627439344761,-1.58498858973677,0.444469750295503,-1.37594121945174,2.29206918992939,-0.0374714290650033,-1.27734857444491,1.50867271560544,NA,NA,-107.78628448641,48.7038150700903
38,-4.33953154705981,-7.30549605909717,-1.43822865726082,0.564462346120285,-1.30689949799547,2.47559679621624,-0.0749696266292385,-1.3155465677345,1.47975801828103,NA,NA,-106.450811318463,48.8099833864942
39,-4.15930510080484,-7.30691505052103,-1.06586454638436,0.578263119965869,-1.33272059799244,2.54442832658788,-0.159578015766881,-1.42900415652011,1.40167892558741,NA,NA,-105.111174299054,48.9034745389889
40,-4.10757154256761,-7.35249113589367,-0.9211872481466,0.577814501709255,-1.36878452073199,2.56183051502368,-0.221681107376915,-1.49603708592108,1.33184049093472,NA,NA,-103.767896388197,48.9842029518359
41,-4.12941890650518,-7.37492303592722,-0.917924671991345,0.566822779678936,-1.41077252808954,2.57486309487006,-0.27081788499942,-1.55022055691406,1.26833861626279,NA,NA,-102.421506196304,49.0521142768701
42,-4.19018158445404,-7.46350302345781,-0.967881544299774,0.539424954649469,-1.46054347764671,2.55996327075469,-0.311934806707661,-1.58080430360516,1.20645384867893,NA,NA,-101.072520869239,49.1071676856237
43,-4.24008264651452,-7.51114789856529,-1.02466302990071,0.490574072806983,-1.51455417807408,2.51422537998297,-0.365062798487475,-1.62205919227095,1.11397987560807,NA,NA,-99.7214769519869,49.1492955628535
44,-4.21692868392286,-7.46701269159035,-1.00798575343074,0.401581886519464,-1.59354987066212,2.41510935329863,-0.447624591388994,-1.68624765820942,0.966576758912952,NA,NA,-98.3689334255098,49.1784873265989
45,-4.12340877186522,-7.34516119224987,-0.923751577084983,0.281515569933471,-1.73850545058649,2.30312479130026,-0.550634865398017,-1.77134465512324,0.796380412527333,NA,NA,-97.0154273891687,49.1947113733697
46,-3.64080427479584,-6.93267310821679,-0.376992887707435,0.0271519406583578,-2.02490890008253,2.05724574271372,-0.789587932902726,-2.05762354400828,0.517995998476726,NA,NA,-95.6615242485339,49.1979574268762
47,-3.06416330466085,-6.53519240642687,0.35168780225401,-0.263593275565288,-2.44867691253571,1.87939671572693,-1.055911778725,-2.39917682510545,0.235359022214408,NA,NA,-94.3077452671195,49.1882282867317
48,-2.64920031738933,-6.37936390986392,1.06145730050068,1.61248767510067,-0.694918079097547,3.98540287550412,-1.19776114894634,-2.82330241640479,0.434777272901196,NA,NA,-70.5618618681648,46.8475096756011
49,-2.79094392026016,-6.11319348369579,0.492130693778954,1.75576301863717,-0.354097964513133,3.9260312236104,-1.15268556716088,-2.6199865842206,0.35488555753834,NA,NA,-69.3072560535944,46.6029571177955
50,-2.3198191559799,-5.72133092836111,1.07750499988824,1.54716470193062,-0.682341684960568,3.81542851161057,-1.30714860400666,-2.85510963458223,0.226760457956113,NA,NA,-68.0621362436662,46.3471907168816
51,-1.37095259317105,-3.47330090192391,0.733958367986816,0.0966593899642042,-0.975574803953956,1.19010621033693,-0.0263982370921833,-1.24782370860225,1.33922132311607,NA,NA,-124.178879012635,45.3545182589243
52,-2.01138091517639,-3.54450637907461,-0.496871466080737,0.459094147514325,-0.648560878919662,1.60280066164636,-0.0558500633072092,-1.17473055735346,1.20126472642113,NA,NA,-122.953170983124,45.6118611005211
53,-1.49965956827038,-3.10813768397321,0.0868149495537445,0.52706456267045,-0.53488078962621,1.59902642191393,-0.0846332263258218,-1.16289499410027,1.14656852293654,NA,NA,-121.718175914643,45.8581812469937
54,-1.07268957544137,-2.82402539452398,0.650696053352155,0.285263201834673,-1.01142239125644,1.60799468771758,-0.142163771749834,-1.20439473581838,1.08037886385087,NA,NA,-120.474217274227,46.0933389368615
55,-1.42352875250497,-3.21229631890402,0.261902837542085,0.200611622856258,-1.12844678335306,1.54222108800463,-0.16803150622887,-1.24495488093924,1.07405134799931,NA,NA,-119.221617624861,46.3171975288635
56,-2.21263740193252,-4.25851151088551,-0.198010506004156,0.258353652747864,-1.07507417247819,1.61980246951177,-0.14164000671494,-1.24088982140347,1.12936697576358,NA,NA,-117.960730956215,46.5296240200819
57,-2.69265182580705,-4.35417565378154,-1.04666308527702,0.0386649884315509,-1.1373564301486,1.21391252746452,-0.157755254564731,-1.2551619501798,1.12791612856771,NA,NA,-116.691922996525,46.7304897212872
58,-2.52951801749927,-4.51394985252715,-0.577611821125009,-0.410920863137856,-1.54534381123169,0.711862260132826,-0.211410277265876,-1.31577718977476,1.07543534475189,NA,NA,-115.415574049453,46.9196677221897
59,-3.82556501610157,-5.87379372515154,-1.82043140417097,0.0826471984220566,-1.07970818153847,1.26877453752256,-0.043671918626132,-1.17711085386226,1.31446256698789,NA,NA,-114.132086348469,47.0970369578489
60,-3.60763066024496,-5.73684159171081,-1.51371531008149,-0.333812448821601,-1.51160910394025,0.813678794903967,-0.146909889323979,-1.27008864804756,1.20913125927404,NA,NA,-112.84186615986,47.2624872304639
61,-3.32507159666364,-5.72355510527084,-1.01746929064861,-0.281239988942869,-1.71943769830163,1.13442102353828,-0.19457908873794,-1.34957126412227,1.172444369014,NA,NA,-111.54534124316,47.4159064774435
62,-3.67135054598822,-6.19464103201013,-1.2657846943395,0.0492719704247567,-1.50033842268783,1.57899424570448,-0.142588872247299,-1.31334459963557,1.2741478874619,NA,NA,-110.242950680317,47.5571913530339
63,-4.03798353158013,-6.49015716748654,-1.69021011454872,0.315166354397849,-1.22869171759121,1.90705535150341,-0.0835308923664377,-1.24091289913389,1.35123330184468,NA,NA,-108.935146487358,47.6862450692055
64,-4.6708887625425,-7.04052904840303,-2.36376339326364,0.575784767642722,-1.05696591244313,2.25739037080714,0.0333350573515472,-1.12602139854986,1.47553149859799,NA,NA,-107.622393912519,47.8029801239973
65,-4.17860461982109,-6.90361659465113,-1.50536286878806,0.572483598606294,-1.13637437765821,2.32959675021336,-0.108840625491627,-1.27938813189182,1.34243296529181,NA,NA,-106.305168819975,47.9073123211315
66,-4.0270213602938,-6.89620726535154,-1.21358133420991,0.583748641982442,-1.15158272034278,2.36411511849302,-0.185747790060995,-1.36673910386189,1.2588476831277,NA,NA,-104.983955639354,47.9991712513146
67,-4.02151706774792,-6.94518222349103,-1.13982345515781,0.588793088681178,-1.17756581136709,2.39951517762331,-0.23732587913796,-1.42237015453972,1.20380383377344,NA,NA,-103.659251405998,48.0784890864749
68,-4.08771811179364,-7.04160538228899,-1.18046830460976,0.583404576310298,-1.21612495621398,2.40443958204831,-0.275439084376406,-1.45747980057047,1.1518273330177,NA,NA,-102.331558524705,48.1452102224919
69,-4.19997397903068,-7.15555496821994,-1.28310686848951,0.565099581100662,-1.23891355906296,2.39989235907109,-0.305124366965704,-1.47299572169574,1.09782754703402,NA,NA,-101.001385027133,48.1992851979385
70,-4.3159659506683,-7.23841501347819,-1.42369902510053,0.527470328946443,-1.28340802689153,2.37619319590484,-0.338664272805259,-1.48738517574276,1.03211008373383,NA,NA,-99.6692479541713,48.2406742527315
71,-4.28465841739136,-7.18386901061478,-1.39777116758256,0.431840994088441,-1.3906356389753,2.27090608309204,-0.421293290462204,-1.54820794567103,0.884228203468271,NA,NA,-98.3356669779927,48.2693492469662
72,-4.51591914116074,-7.25377614425775,-1.74375535715088,0.41706240019092,-1.3937644890303,2.24137251031719,-0.411705064911668,-1.46153289618827,0.79703708428635,NA,NA,-97.0011666035386,48.2852864652238
73,-3.74118993846037,-6.62831524048985,-0.863094312330351,0.0656159900712315,-1.75250240426379,1.85659565326627,-0.760949791287935,-1.89274706621045,0.420388462733471,NA,NA,-95.6662693519086,48.2884754768216
74,-3.6401508057419,-6.52610338464136,-0.731038924599482,-0.019972493359784,-1.81321217889922,1.73477498964297,-0.868637440898063,-2.01760090476582,0.278112695267719,NA,NA,-94.3315018396169,48.2789124504967
75,-3.77203024578856,-6.55150399645188,-0.957514376688368,0.00870150107422255,-1.68157766699746,1.67120196112918,-0.88867468991601,-1.97765238898916,0.197168287348407,NA,NA,-92.997390137809,48.2566028128906
76,-4.13281142340104,-6.99086374787777,-1.23075012299159,0.17592019552995,-1.56239973017265,1.90711066862283,-0.829159884487094,-1.9483664874436,0.316527388782677,NA,NA,-91.6644655087382,48.2215646681103
77,-4.47465188980972,-7.33169991716081,-1.66565445293181,0.348951100721087,-1.35451038182453,2.07309555326367,-0.786038389489678,-1.92752763637391,0.396532556323432,NA,NA,-90.3332609530476,48.1738332005057
78,-4.28076260653677,-7.20068098520053,-1.45383752956512,0.16406141268594,-1.48422812021613,1.84232914929489,-0.974123358828878,-2.23148321710951,0.275860697019712,NA,NA,-89.0042539390201,48.1134276170105
79,-4.14742621402907,-7.2531573621305,-1.12541913919641,-0.00199621714833868,-1.8786259865432,1.84599607850643,-1.11421481446091,-2.49379704021146,0.2130813741638,NA,NA,-87.6779922829481,48.0404012489156
80,-4.16112039245555,-7.63216831972353,-0.761305599306705,-0.0354980985029578,-2.15314451031974,2.04988819964816,-1.14337415373377,-2.66526265332661,0.297771177592893,NA,NA,-86.3549771384183,47.9548095862599
81,-2.51059041769745,-5.65664629883442,0.638470489022861,1.4712152402434,-0.46636675039674,3.45801064060322,-1.24377179952853,-2.70499736903064,0.232946308269164,NA,NA,-70.9027006384988,45.9771669400464
82,-2.79406662748485,-5.66448176610579,0.118805768334904,1.69272909131756,-0.158743469146037,3.62439289819516,-1.15062847311205,-2.50945432671688,0.2753788531547,NA,NA,-69.6631822161933,45.7364137978074
83,-2.21721684204212,-5.09926214652516,0.694993239206777,1.49491688049086,-0.50539638267086,3.5425962390993,-1.33305985232094,-2.77357386105451,0.106029077507145,NA,NA,-68.432791635546,45.4845661104195
84,-2.87663103318775,-6.06916113821918,0.34680869855238,1.85441339561617,-0.343111635848342,4.11007114039468,-1.25617765037303,-2.91018968203316,0.399916949227508,NA,NA,-67.2118376991686,45.221770223143
85,-1.33775134711902,-2.95092279269258,0.294088683091136,0.155657258015622,-0.988646652855541,1.33505625043583,-0.101025069864071,-1.2765099570421,1.21221054206119,NA,NA,-123.810571054555,44.4947177637686
86,-1.75731405853517,-3.36126842504989,-0.155925732589078,0.282004627209633,-0.798745993731694,1.41273919798056,-0.138468302309719,-1.22171792299637,1.07853356489297,NA,NA,-122.599118448898,44.7482627377056
87,-1.25929911136719,-3.06523587914528,0.562054355213012,0.22857728598218,-0.787330683651055,1.28810597452108,-0.143236437024067,-1.21558912208072,1.06058590881076,NA,NA,-121.378723900361,44.9909001656083
88,-0.937842483480328,-2.70453771807421,0.764623259410825,0.0360700028505026,-1.24699930315138,1.31141557912457,-0.197866440673772,-1.2583102384461,1.00830840946678,NA,NA,-120.149691068532,45.2224985222062
89,-1.30385115954852,-2.96999187479636,0.309442380746923,-0.00906557997938632,-1.01386073230971,1.00107612952978,-0.219590223828009,-1.29012338436081,0.996876041722992,NA,NA,-118.912344450706,45.4429306819675
90,-2.81917276896428,-4.66700385623971,-1.04716664472453,0.727487742620643,-0.455095583159645,1.99187943763689,-0.0924192053745231,-1.1695896962704,1.17831441306261,NA,NA,-117.667024450493,45.6520628861101
91,-2.16884165118542,-4.0964124617775,-0.315045023701684,0.180000768183379,-1.11080733034033,1.49038214952627,-0.199522211934636,-1.2841895345275,1.05866739950926,NA,NA,-116.414082614044,45.8497815298647
92,-2.46072897531517,-4.68019542529597,-0.28469543779201,-0.0151080726561417,-1.32577923727348,1.30106054356457,-0.213930242822603,-1.31040842331195,1.06680781590159,NA,NA,-115.153895433217,46.0359649024647
93,-2.7046671669306,-4.78812442579091,-0.693583284969743,-0.177162980690173,-1.26706488085949,0.934118149193637,-0.240375697729571,-1.34180889670815,1.02954643287798,NA,NA,-113.886838481153,46.2105027178984
94,-3.0340010311221,-5.27910475027773,-0.811342389929581,-0.0816775754841601,-1.31573644244146,1.1927151143009,-0.208833979133203,-1.32603463532191,1.08722854690743,NA,NA,-112.613318458256,46.3732825876321
95,-3.17512358089665,-5.59897644645801,-0.811619866937943,0.0510602190952788,-1.38407176594924,1.48438235237283,-0.203016090406324,-1.33961703950033,1.14034902076899,NA,NA,-111.333743391348,46.5242070681126
96,-3.29205179829811,-5.74447508631233,-0.907940268339176,0.20008096561376,-1.29925184774587,1.71112724213861,-0.199617189004113,-1.34543355028805,1.16278458689185,NA,NA,-110.048531846479,46.6631748214316
97,-3.23549059656751,-5.58210530002184,-0.972374188254498,0.259107261161215,-1.20772999027811,1.79836409252074,-0.220903586630721,-1.36414375055772,1.13735970331939,NA,NA,-108.758125628156,46.7900977190569
98,-3.64831412867956,-6.16871640516416,-1.19205702289492,0.475838710337181,-1.10300205315067,2.10514300047917,-0.172863684626928,-1.31116812850512,1.20877114703921,NA,NA,-107.462965624746,46.9048919556832
99,-3.67654322073977,-6.30433947948396,-1.08526914349772,0.554324799961379,-1.07444604511117,2.22328926184814,-0.207511767617209,-1.35621277827628,1.1736289828534,NA,NA,-106.16351693014,47.0074830739936
100,-3.7408312903468,-6.4539080344991,-1.05536140355475,0.596783117682542,-1.059852560062,2.30091819467461,-0.242438850409797,-1.39338431692583,1.14406146127289,NA,NA,-104.860235008944,47.0977980906832
101,-3.85952139741909,-6.62595867779425,-1.12979802728453,0.6154720907437,-1.07949855318435,2.33766130111328,-0.271365585394211,-1.4149807523555,1.1052939863364,NA,NA,-103.553602831978,47.1757766260873
102,-3.99978781812394,-6.7974474352669,-1.24631571610393,0.611479679595124,-1.10534836619848,2.34067997015237,-0.291080625319972,-1.43275842947375,1.07924698475669,NA,NA,-102.244105919719,47.2413671018957
103,-4.19749970729585,-6.94850312829727,-1.47737619459923,0.60450676002899,-1.12814043437429,2.35405533731841,-0.293101654525672,-1.4127230902592,1.06384605669231,NA,NA,-100.932232562311,47.2945218067302
104,-4.53930433864847,-7.13735939670679,-1.92081227371883,0.6212437667545,-1.08361481092796,2.34685705827735,-0.265805022439015,-1.3206477696451,1.00898088536018,NA,NA,-99.6184700473596,47.3352051544233
105,-4.07428654706167,-6.81839525973308,-1.33521783142617,0.381598331655045,-1.35978457216502,2.11838510485092,-0.488870625888054,-1.5770484363516,0.748886528409347,NA,NA,-98.3033256988446,47.3633898590921
106,-3.63127122268555,-6.26939547055422,-0.96682737273745,0.125752049752777,-1.59853561168151,1.83293988580404,-0.724133735945693,-1.77844809309034,0.390560212314192,NA,NA,-96.9872989155872,47.3790544641413
107,-3.17958182341613,-5.68153474155396,-0.640667214305043,-0.16192507047281,-1.8062302832967,1.45595667180541,-0.969935826964815,-2.02305794621092,0.0551883108924812,NA,NA,-95.6708914781791,47.3821879008367
108,-3.97665796674861,-6.53566434076917,-1.37610431443711,0.109426339840934,-1.5051208414332,1.70366933899188,-0.772060443028203,-1.81171198898313,0.30803425836556,NA,NA,-94.3546107461381,47.3727883299767
109,-4.12160537383541,-6.64637106223107,-1.49289277964161,0.148248845642471,-1.37392859069507,1.66694730262065,-0.774149461334935,-1.79930480694253,0.307072880808158,NA,NA,-93.0389611247777,47.3508624180115
110,-3.87914211862833,-6.34856851162163,-1.34732928214844,0.028678179164053,-1.4842400044956,1.53137134879145,-0.91272914393879,-1.95174761299724,0.11581384606435,NA,NA,-91.724446741076,47.3164242121662
111,-3.65102906676922,-6.21715580804585,-1.12681020690867,-0.0746391319356944,-1.62548187522101,1.44862970239124,-1.03291542328074,-2.14347550142469,0.0489712050798582,NA,NA,-90.4115689367797,47.2695029069829
112,-3.81133768715024,-6.41073476168403,-1.28151886127917,-0.121186336910277,-1.75831966535621,1.462669948455,-1.12660842661708,-2.32799648092041,0.0160015826836447,NA,NA,-89.1008199145916,47.2101227809329
113,-4.01555568979673,-6.45611636165517,-1.67983915181069,-0.135549778795799,-1.73502830875161,1.40929739088532,-1.22934122889245,-2.487684301904,-0.0714405468865715,NA,NA,-87.7926967012489,47.1383314497345
114,-4.17922005135785,-6.92562166724857,-1.52613201118826,-0.0624815421227488,-1.77616469181041,1.61546909010811,-1.1738006880216,-2.47437966589282,0.0543424253045533,NA,NA,-86.4876829031037,47.0541765986081
115,-4.09090919793489,-6.87841521237862,-1.39306805221202,-0.099860818127332,-1.7820600033184,1.56871252200313,-1.19808160378248,-2.52411961663309,0.0787630335464537,NA,NA,-85.1862619184882,46.9577189915905
116,-3.25356759042292,-6.16917514510921,-0.411308843333372,-0.546046178259998,-2.41429776331329,1.28297008490488,-1.39895505382018,-2.84443391999729,-0.130003817911703,NA,NA,-83.8888917430575,46.8490191553907
117,-3.27242594591891,-5.77511264549704,-0.740681729814359,1.68435009447109,-0.102732793455576,3.57240489303262,-0.992200978947532,-2.3039217741416,0.438233217903984,NA,NA,-72.4679660051332,45.3341179714632
118,-3.09584760489769,-5.56468499381097,-0.592418130156244,1.74642361328106,0.159389250797639,3.35919971518988,-1.05594037198969,-2.31242640373382,0.299332873199835,NA,NA,-71.2347313233464,45.1080885259231
119,-2.6314483173626,-5.0124860908363,-0.256493467915918,1.42408738089965,-0.307748130164017,3.18576578539587,-1.21502671410717,-2.52014609147775,0.142028302732425,NA,NA,-70.0099758745498,44.8709568962281
120,-2.65495290371089,-5.03879633711332,-0.262336358848226,1.57972090682597,-0.33675721490416,3.54033530189446,-1.18280098389902,-2.56166872401487,0.236986517001088,NA,NA,-68.7940137238503,44.6228529295662
121,-2.85434887583469,-5.85519052442267,0.182321300885043,1.73623000608839,-0.453612062235093,3.9760176070374,-1.23634183033299,-2.91992414758135,0.427249197553286,NA,NA,-67.5871353311431,44.3639094762467
122,-1.56584687309388,-3.93459724107598,0.757668644557615,-0.516122030439886,-1.77221104655656,0.745074302339934,-0.238523342734365,-1.51023581940321,1.19648633109563,NA,NA,-124.640096898849,43.3749344598104
123,-1.79394195137994,-3.40094647000842,-0.231636557711682,-0.111237180527111,-1.24481583518217,1.03756523239734,-0.161962260630644,-1.26041892707248,1.06831760404281,NA,NA,-123.451510147749,43.6355125318297
124,-0.791899192538807,-2.56506553324077,0.977073116047739,-0.0784630485871129,-1.04578402072282,0.925078326763673,-0.120334358530565,-1.17215000302604,1.05901959334667,NA,NA,-122.254018432239,43.8854267758358
125,-0.937488801292845,-2.69660494134506,0.775550439214427,0.0882759129887914,-1.00479362622937,1.23593880232792,-0.149255041925753,-1.18648977908546,1.04973235596439,NA,NA,-121.047910314476,44.1245481240391
126,-0.580508911424524,-2.27618185184543,1.08164516068292,-0.230714807907045,-1.41750542735711,0.958885463157634,-0.267032212201829,-1.3093582792117,0.904912721942575,NA,NA,-119.833479189901,44.3527471083302
127,-1.39411315788697,-3.48283459912879,0.666446478696056,0.130055082260797,-1.18048558086766,1.45741655238862,-0.230205528180147,-1.28407585648653,0.966616739664192,NA,NA,-118.611045692422,44.5699054213012
128,-2.03901250150233,-4.16373468647901,0.0490669537109407,0.450228674709827,-0.87045375185616,1.80931181679103,-0.192753300564575,-1.25998622636479,1.03291688354276,NA,NA,-117.38093648438,44.775903267959
129,-2.16019135882513,-4.11693496261629,-0.282026726662706,0.47983107795151,-0.658457892624792,1.69946550573318,-0.199617794501123,-1.25290645902313,1.01586466713928,NA,NA,-116.143495509043,44.9706230593224
130,-2.42072536953272,-4.66889226650613,-0.216448580067052,0.345131841507217,-0.976625108398155,1.70321623554918,-0.209716283589143,-1.29828625190199,1.05533906441361,NA,NA,-114.899083038688,45.1539549577359
131,-2.58647989314023,-4.87814400275412,-0.313464675840377,0.213750492112385,-1.12613441239362,1.56322406816941,-0.232822036291137,-1.33102328000449,1.03947430196661,NA,NA,-113.648066778663,45.3257936135533
132,-2.61726256672012,-4.89556581324789,-0.355831539909819,0.11646746631346,-1.21197907182159,1.48003294213895,-0.259979160386457,-1.36134081077906,1.01307355103201,NA,NA,-112.390832534202,45.486034168998
133,-3.04446435553652,-5.43554407995654,-0.6991698747662,0.368695136880737,-1.04323292648501,1.81362929515691,-0.213030819059124,-1.33454271088386,1.10475126809282,NA,NA,-111.127777763629,45.6345844219682
134,-3.08333093444984,-5.47258595979129,-0.751333506126513,0.431587638552129,-1.04245793798451,1.92389847021441,-0.233117866976237,-1.36153252842786,1.08238108265053,NA,NA,-109.859311193903,45.7713506492328
135,-2.73048578121989,-5.08715150911759,-0.47866262639757,0.389450782982354,-1.12876438157802,1.94267240586897,-0.312629830128739,-1.44011206767747,0.982326671535253,NA,NA,-108.585852969427,45.8962493314652
136,-3.03042854212999,-5.51811295212652,-0.598313949041432,0.511170634117571,-1.03422646898682,2.09967840709365,-0.292320194207419,-1.42484140052587,1.02953583025369,NA,NA,-107.307828686632,46.0092000026633
137,-3.1493563158632,-5.69230930986491,-0.638887014599545,0.578539087954884,-1.00780676879631,2.19809120684701,-0.309176647271723,-1.43968744912322,1.01013063544879,NA,NA,-106.025684210415,46.1101359792789
138,-3.41461888534467,-6.01594358068526,-0.841465817616675,0.636942973326591,-0.96547404199701,2.27432586662011,-0.308676922081732,-1.44198659701573,1.03074496565892,NA,NA,-104.739862177153,46.1989853468259
139,-3.67122839138653,-6.32685395472729,-1.07067307557173,0.658450980673527,-0.958093663799244,2.29492435004857,-0.311857014537351,-1.43703626284005,1.03114661999816,NA,NA,-103.45082176241,46.2756917970743
140,-3.85275235271331,-6.54315632695779,-1.22073853340572,0.641398416025829,-1.00442186015798,2.28853841024568,-0.326653390323305,-1.44374879916426,1.00537584531755,NA,NA,-102.159030811349,46.340206393226
141,-3.96683787126464,-6.6787039847013,-1.30953268105332,0.598387803463867,-1.06073363922749,2.25985489291561,-0.357824750508922,-1.46127790266459,0.955413608808821,NA,NA,-100.864959980772,46.3924895008005
142,-4.02231502418226,-6.69998318015708,-1.35767221383156,0.522164558422446,-1.13768102274683,2.2035227926974,-0.412067001586304,-1.50034397376312,0.861917184888632,NA,NA,-99.5690776844766,46.432502303479
143,-3.84122153268956,-6.52910068008904,-1.15239462018928,0.35272716466948,-1.3321279887796,2.02521871492344,-0.546134970822926,-1.63036553829517,0.678342822352354,NA,NA,-98.2718678498018,46.4602195498466
144,-3.61296099202289,-6.27318397464526,-0.959169305356632,0.133307360251746,-1.55000382016336,1.77678301077257,-0.718464619636001,-1.7970075782139,0.435656593767404,NA,NA,-96.9738104943814,46.4756267578932
145,-3.36157816965594,-5.78969071333746,-0.968633217402595,-0.169143946388641,-1.78185113999561,1.37491266707974,-0.928495815409788,-1.95605972098006,0.0585028880314718,NA,NA,-95.6753878946385,46.4787090203694
146,-3.60167466157599,-5.88529543220029,-1.21399235245966,-0.0659323938702768,-1.6501094381233,1.46060328660843,-0.926811140532587,-1.92453179311739,0.0735872748304799,NA,NA,-94.37708991207,46.46946472606
147,-3.85671593589232,-6.09541708974392,-1.49416458101239,0.0176883479444928,-1.50503256754766,1.5036457834344,-0.87362655484514,-1.8928385491458,0.149692081785389,NA,NA,-93.0793945823607,46.4479012479532
148,-3.72688905646443,-5.99099297493198,-1.43410601441644,-0.00627203852549955,-1.48096038214467,1.43632326905205,-0.969317628624648,-2.00275301527391,0.0444052930485187,NA,NA,-91.7827876393318,46.4140315360846
149,-3.7912065727979,-6.0193761428917,-1.57055051541917,-0.0534558621029025,-1.53941233792484,1.39105361899215,-1.02288236914841,-2.05619887246669,-0.0164027911991328,NA,NA,-90.4877530431245,46.3678791065479
150,-4.31829880844093,-6.60445914189488,-2.10316207089661,0.0516149233535493,-1.44242890621292,1.49144348353298,-1.01480288416099,-2.07603137981965,0.0170287052494857,NA,NA,-89.1947610865324,46.3094729286813
151,-4.80173350906585,-7.01441056754057,-2.69249718840717,0.15241764413637,-1.29563713883556,1.55365383782874,-1.19740547888718,-2.33241997416938,-0.150334829231405,NA,NA,-87.9042890182078,46.2388545353684
152,-4.44720321520828,-6.80341043364452,-2.2258672040099,0.0248464582243505,-1.51832156455927,1.55158990996606,-1.12574961528496,-2.3094188365645,-0.00245014683135791,NA,NA,-86.6168021709846,46.1560692563891
153,-3.59017599554606,-5.8243892705648,-1.47602275266133,-0.474106308285792,-2.06517586244662,1.07913080184319,-1.32631979414644,-2.59998161706397,-0.17599708944778,NA,NA,-85.3327636130219,46.0611724898309
154,-3.20116765291455,-5.54862382790227,-0.893743094938078,-0.531673653082737,-2.21420471396664,1.10760560749447,-1.37640848913997,-2.65709957342494,-0.258051232791575,NA,NA,-84.0526239826261,45.9542234016105
155,-3.20885035739855,-6.27845915679875,-0.173717991298635,-0.499836494732425,-2.59035135018981,1.54374985088121,-1.28408488848195,-2.79043330090786,0.0669190033536601,NA,NA,-82.7768223819586,45.835290432552
156,-4.04644913927636,-6.52824414194204,-1.57646739110024,0.695348168550431,-1.16108170342594,2.61224208728396,-0.956252758845318,-2.32111252798241,0.443397177525658,NA,NA,-75.2368900936172,44.8746780255005
157,-4.11719885804108,-6.39166198278579,-1.81675440436931,1.17239458611832,-0.340451436544426,2.78077218726451,-0.87069865196424,-2.13446221777402,0.49405019019224,NA,NA,-74.0030716676134,44.6743054964555
158,-2.40186709934853,-4.11791392081014,-0.53451122839309,1.1687925450382,-0.177904960716782,2.53019194145242,-1.20156704727511,-2.35159212694898,0.0783480407554636,NA,NA,-72.7767576013691,44.4627145573286
159,-2.20942760806905,-4.20264163335493,-0.203797574441546,1.3764995619817,0.00715993971828301,2.7587574521333,-1.28164356455578,-2.48833280511931,0.0204722450867764,NA,NA,-71.5582842479757,44.2400196661519
160,-3.09205846845407,-5.12223836470579,-1.09240698624262,1.42319321013018,-0.218628091176557,3.10115086845514,-1.15312646004099,-2.41030010392361,0.195973906892629,NA,NA,-70.3479740989494,44.006344721543
161,-2.07966091862112,-4.55775115444913,0.364546649345273,1.21124983475258,-0.786760313337396,3.27772694090063,-1.31808465690326,-2.84673199950972,0.211609642113139,NA,NA,-69.1461340352417,43.7618125284244
162,-1.38994073929237,-3.26892149960899,0.41565486843676,-0.151674160860727,-1.42199525678045,1.12046362301635,-0.307975449315037,-1.4621907759025,0.963698655747565,NA,NA,-124.276589711141,42.5196635197032
163,-1.70451700362438,-3.10213207901389,-0.37228008862845,-0.0608957826246958,-1.26956698679583,1.14570669070252,-0.240168482737409,-1.29166407319642,0.920589977191062,NA,NA,-123.101354873406,42.7766750863451
164,-2.00512995683304,-3.79157861241772,-0.248369838502573,0.453742044270027,-0.585343658965631,1.54952997403666,-0.2028379563492,-1.22551336504854,0.942777820897566,NA,NA,-121.917537271614,43.0231200318388
165,-0.888638542976498,-2.69307204271167,0.923626463849163,-0.120502952638076,-1.26299458349314,1.05035276510025,-0.282097038796676,-1.29685027016848,0.857452679731473,NA,NA,-120.72541232373,43.2588809867614
166,-2.04035094571978,-3.7946337357675,-0.329194284076768,0.356548420322248,-0.911992939774416,1.65732661068916,-0.176463686962322,-1.20395872025222,0.988483501397412,NA,NA,-119.52527433195,43.4838385763568
167,-1.65004886027224,-3.78531250551498,0.456337727633499,0.311178807775612,-1.05399053856743,1.70958530765946,-0.242747402920164,-1.28829706929823,0.941415956001818,NA,NA,-118.317423990685,43.6978732133452
168,-1.78363579156966,-3.87427577985334,0.271302452574509,0.44864566428638,-0.922015691043387,1.86288178428337,-0.245063414575484,-1.29734118892547,0.949112101201763,NA,NA,-117.102182087555,43.900876959445
169,-2.11463406444678,-3.58606586893141,-0.698399763465352,0.597540546738962,-0.708456275007712,1.96694422507644,-0.220924380240999,-1.27739410008941,0.993693341228804,NA,NA,-115.879884396032,44.0927371699208
170,-2.47311589082668,-4.59956796202645,-0.408314288712421,0.712848799362187,-0.474582849517277,2.01235793792392,-0.188148188508581,-1.26277600982163,1.0546152010596,NA,NA,-114.65087541792,44.2733512581949
171,-2.60115096265982,-4.90737098156264,-0.331538614451453,0.571046762842998,-0.77671145497567,1.95272856218861,-0.219876320174185,-1.29966979883201,1.04621349457571,NA,NA,-113.415513182435,44.4426182014882
172,-2.83060423503854,-5.1787602387838,-0.524311119027584,0.593714493671047,-0.763937705360919,1.98791112092295,-0.218279007215086,-1.30483201393613,1.06168385884972,NA,NA,-112.174172283697,44.6004395100756
173,-3.31078519625367,-5.57910076654362,-1.09486506871621,0.876043904945769,-0.356226604719666,2.19739801655817,-0.15795167893227,-1.25321751756622,1.16435827984831,NA,NA,-110.927231728181,44.7467310200649
174,-3.26836551356404,-5.4853723290162,-1.2613849032695,0.764362942634967,-0.644699165671825,2.24284813899187,-0.213215845316516,-1.31852889944591,1.09829623318153,NA,NA,-109.675088052793,44.8814008716224
175,-2.77679871919187,-5.14849948899799,-0.479989776619414,0.621765998365252,-0.850706790408524,2.14936093114927,-0.319411135294066,-1.44412681258312,0.974628269830529,NA,NA,-108.418143504939,45.0043708002791
176,-2.60335622321349,-5.00733222234169,-0.251093377913633,0.599403960584833,-0.896641303596941,2.13765378211906,-0.375454431739645,-1.50051158551791,0.897056169533522,NA,NA,-107.156815397124,45.1155686612087
177,-2.48751734444024,-4.90070476930013,-0.0929537576469329,0.615823944784043,-0.898114943169007,2.16863673559877,-0.428281242114786,-1.56167865468519,0.82864698839558,NA,NA,-105.891526751483,45.214928513264
178,-3.10481229964453,-5.59528982499947,-0.663655740119625,0.713934001732522,-0.815124496500102,2.284165600036,-0.368161956342617,-1.48474319673188,0.92637910927916,NA,NA,-104.622703703334,45.3023791456614
179,-3.55006509531296,-6.05625080800466,-1.09319143992623,0.741248503100257,-0.800983705988436,2.3191325797285,-0.34190674281949,-1.45382331523134,0.978983399827318,NA,NA,-103.350794249416,45.377878376678
180,-3.78846920605546,-6.33448181971456,-1.26787805059814,0.695491075382426,-0.881593401873837,2.29656322398587,-0.350744914699719,-1.45693044621579,0.959302130336144,NA,NA,-102.076240311248,45.4413738232402
181,-3.79206198429698,-6.41365390930817,-1.22411384982892,0.618024133178259,-0.991988119674666,2.23744467232509,-0.402441083349619,-1.50647159536306,0.878960323733909,NA,NA,-100.799495022197,45.4928270363301
182,-3.74504061402029,-6.37876130072596,-1.13637850230252,0.514729206914773,-1.11514670893496,2.15439234285386,-0.474150909639906,-1.56487248201324,0.782040023650358,NA,NA,-99.5210149530259,45.5322021491702
183,-3.67198550556988,-6.31677065254916,-1.04939949741279,0.379082300600756,-1.26554985310131,2.01506904156781,-0.568745600457392,-1.65849472026976,0.646559511149595,NA,NA,-98.2412566708248,45.5594780876157
184,-3.62520738403457,-6.27637140282481,-0.999311357686155,0.225869658487183,-1.42777762552329,1.84926673403453,-0.671316703896543,-1.7601334103587,0.495668269089441,NA,NA,-96.9606863348268,45.5746399269759
185,-3.65242206068076,-6.23926235135318,-1.06846863107545,0.0762441391371142,-1.5602549300272,1.67237436614074,-0.761171491863032,-1.82953925235067,0.362236717372234,NA,NA,-95.6797638607442,45.5776739175358
186,-3.91460982451121,-6.44366977013288,-1.38785466380747,0.0329097049685813,-1.58698979540644,1.60736883038762,-0.768275631088007,-1.8203801751789,0.336029898139764,NA,NA,-94.3989607302688,45.5685765111325
187,-4.45590478623021,-6.57252808758236,-2.24141567495357,-0.0350801190257153,-1.58974381327056,1.49058530851974,-0.697828049046832,-1.67124170466161,0.32894341807414,NA,NA,-93.1187380442572,45.547356777308
188,-4.0638403072263,-6.34724093115249,-1.78172398857656,0.0143463668553065,-1.50971670381444,1.49211113329517,-0.84070054325434,-1.85972664130605,0.186509884115102,NA,NA,-91.8395573031073,45.5140265708204
189,-3.6656541336592,-6.03558267753035,-1.33830097912713,-0.127090051914353,-1.67299500889217,1.38266892498829,-1.0146585197041,-2.06643668058488,0.0164198447971924,NA,NA,-90.5618885900968,45.4686066671807
190,-4.01265611686567,-6.20305423977751,-1.88863316562668,-0.0814910773196206,-1.55677830644056,1.36165763770538,-0.993286520335428,-2.02307269833522,-0.00331660180328452,NA,NA,-89.2861810587034,45.4111265823802
191,-3.56333999563695,-5.74808136106638,-1.48049093478128,-0.29826842325943,-1.85766455357405,1.21668347092553,-1.22093349343376,-2.34226492487356,-0.205199764820665,NA,NA,-88.012892801619,45.3416229621257
192,-3.67875997955994,-5.82899277422869,-1.6014460549055,-0.254407238509696,-1.8412024312548,1.29256357714837,-1.15806987011567,-2.33684912531156,-0.0804531340204876,NA,NA,-86.7424758441206,45.2601402546404
193,-3.96119930220372,-5.96219224296036,-2.02777769397278,-0.219034474955661,-1.80001020246184,1.34393887695512,-1.10809331795024,-2.32330890888684,0.0150842800396799,NA,NA,-85.4753665010222,45.1667279586419
194,-3.61169013965032,-5.68534026429591,-1.5463210545544,-0.35005626685321,-1.97624547676403,1.26139571539925,-1.14951648220726,-2.37258913943056,-0.0633704149101844,NA,NA,-84.2120023908695,45.0614453161208
195,-3.21584605622334,-5.36978308812899,-1.11543545911434,-0.469397313183951,-2.20984643775839,1.23793433978113,-1.18870566179263,-2.51384653369881,-0.0106650331929784,NA,NA,-82.9528131922785,44.9443523593683
196,-3.48096001116875,-6.64418591914178,-0.360702329258209,-0.423927547247932,-2.59401529997173,1.70232607946916,-1.11162208320076,-2.63236212915217,0.310829227943318,NA,NA,-81.6982189720677,44.8155211950274
197,-3.618617320902,-5.85445049039156,-1.39970370158808,-0.19250052349205,-2.06437172031569,1.72035245001999,-1.18161864020348,-2.55753907058872,0.163452393605612,NA,NA,-76.7338060848753,44.1844556492149
198,-4.34153394678967,-6.50718395911792,-2.21010818593229,0.37731191205154,-1.13395302934178,1.98594573915796,-0.951817220111516,-2.17899167212517,0.331579883077448,NA,NA,-75.5081069676889,43.9982048098737
199,-3.85418963066168,-5.93482023261044,-1.70816560508542,0.765209059619341,-0.506271124818152,2.09794399821573,-0.952181326343417,-2.14338085692061,0.333335523557491,NA,NA,-74.2892940880531,43.8007600593612
200,-1.80556306861551,-3.41312672061579,-0.114599476708412,1.17147592918198,0.151028325433509,2.20358441887346,-1.17571590966406,-2.31822802742576,0.0379190581967196,NA,NA,-73.0777070531219,43.5922274359447
201,-2.09425511698663,-3.76091096497823,-0.417640317757918,0.762660891652718,-0.574926115661115,2.10395825462108,-1.16726139782501,-2.35191919493508,0.110252592521113,NA,NA,-71.8736714521537,43.3727164462042
202,-1.99871580885459,-3.63969360009657,-0.37493451624115,0.663412106925904,-0.929735561036757,2.29330534017189,-1.27308484870107,-2.56749825455758,0.0717620144116704,NA,NA,-70.677500330129,43.1423441390525
203,-1.6414013251934,-2.86136295877624,-0.503748747652405,0.141991559273514,-0.703729781666514,1.00797341643595,-0.413846316258132,-1.48616113702992,0.725997043915971,NA,NA,-123.921927008605,41.6643956944455
204,-1.20392418585655,-2.40889013102361,-0.0696084121651636,-0.111409257674035,-1.19365806900495,0.972451926941722,-0.372028514355172,-1.38119634689925,0.72006481681738,NA,NA,-122.759784447886,41.917995818072
205,-1.70756459990758,-3.38566886855429,-0.0769864786005817,0.214080568264968,-0.936558719329995,1.39497596199707,-0.345034454388672,-1.35208323970313,0.751934862747665,NA,NA,-121.589366418942,42.1611250737791
206,-0.921708440310951,-2.62833296828861,0.787053511165667,-0.0681833772395725,-1.23699910742953,1.12738219652028,-0.377445465449761,-1.38810477125469,0.711062888168544,NA,NA,-120.410937451793,42.3936756539895
207,-1.34819305135214,-3.41909475546061,0.718833345877757,0.179637018242394,-1.16294581057655,1.53087616938711,-0.321736596605772,-1.3393328911277,0.814106821973257,NA,NA,-119.224781394301,42.6155315788474
208,-1.38842511106986,-3.57308716346528,0.773221704928536,0.303304066077184,-1.08571873427096,1.71868693680498,-0.319553373595965,-1.35265766529956,0.836544894335825,NA,NA,-118.031195652878,42.8265830550932
209,-1.32481188252691,-3.40581466223081,0.747414435387152,0.429707706890011,-0.971694719184318,1.86148256283679,-0.325468371153633,-1.36790631934881,0.842254574218947,NA,NA,-116.830488959124,43.026730245816
210,-0.807719228750652,-2.10170674276799,0.470180974397681,0.529870001328285,-0.848208304917077,1.94264967386636,-0.364686702687251,-1.41766083420851,0.791328607407409,NA,NA,-115.622986402491,43.2158614692986
211,-2.26902918407284,-4.28509550090375,-0.318038088493346,0.907735096433202,-0.266220026591629,2.18005770751226,-0.213454531380559,-1.27351726820489,1.01427081377217,NA,NA,-114.409021930846,43.3938824068634
212,-2.51581587683963,-4.7817884478298,-0.281430408155464,0.765179641857604,-0.575601585322019,2.15459204004234,-0.23948639878649,-1.31433440041643,1.01432741869349,NA,NA,-113.188945079662,43.5606971096854
213,-2.77974298173332,-5.09045053447157,-0.478128392076277,0.812325315108432,-0.531708026653609,2.19981117525633,-0.234809023908387,-1.30913504959306,1.03890317766493,NA,NA,-111.963110320733,43.7162144084173
214,-3.11844490237391,-5.3871484424608,-0.893509715032146,1.07267177561374,-0.0722501063783194,2.32786230446207,-0.189764034529783,-1.26468032064286,1.11017833277405,NA,NA,-110.731889348917,43.8603490890377
215,-2.82684351283053,-5.16965386749121,-0.52141627886664,0.850645245829906,-0.542084170312029,2.28874335140312,-0.289819169499608,-1.38559730575574,0.99685338797967,NA,NA,-109.495662449487,43.9930218257071
216,-2.50107861978755,-4.84230103334705,-0.187200926243973,0.737558491231328,-0.705233186026614,2.22705197186034,-0.374874200040483,-1.47590849866183,0.88615449733686,NA,NA,-108.25481889395,44.1141550323677
217,-2.12160166513155,-4.24355920368258,-0.0625854338599316,0.642454743712714,-0.795588241738174,2.11966349259749,-0.460617220258365,-1.57018556821111,0.773527790820511,NA,NA,-107.009764880455,44.2236842383415
218,-2.47086014833586,-4.822112946837,-0.163436721741689,0.778181979132949,-0.693702170495268,2.29567341314227,-0.43741564708735,-1.55861168223625,0.808945628603745,NA,NA,-105.760903676018,44.3215397377488
219,-2.95791263201524,-5.28398075014568,-0.673222840021526,0.870266827160254,-0.596240351982372,2.38721422587297,-0.395867479622411,-1.50201557567282,0.869298623592833,NA,NA,-104.508640620417,44.4076650336019
220,-3.62606524207342,-5.79304367171961,-1.5492991372165,0.897339956976884,-0.526385984278479,2.39503361129775,-0.335608030965247,-1.44196578495471,0.974318482423486,NA,NA,-103.253410877116,44.4820142938306
221,-3.94983788595534,-6.31549566573345,-1.64009514998073,0.793608272807001,-0.715136776103837,2.34404527122435,-0.334669727806077,-1.43032591012971,0.969258547593914,NA,NA,-101.995642611597,44.5445381338074
222,-3.67132834662152,-6.18276565729823,-1.22978042254296,0.665839981348185,-0.894078953273433,2.25685113298405,-0.428680199682121,-1.52226029065645,0.832077655000431,NA,NA,-100.735767833982,44.5952013368778
223,-3.48631096500568,-6.03786350517076,-0.971423052007922,0.543955323357034,-1.04836347883529,2.14776437022947,-0.514897655827616,-1.61016156581717,0.718352772427878,NA,NA,-99.4742241451228,44.6339732215115
224,-3.47585814865178,-6.08195097726237,-0.902091683071546,0.425074362624707,-1.19068129531005,2.03562834901023,-0.583727498470278,-1.67395955863882,0.617951744957826,NA,NA,-98.2114577896882,44.6608305881316
225,-3.55746051190368,-6.17802717112046,-0.991527510777534,0.315288076331935,-1.30020596756119,1.93142281383238,-0.639573779908965,-1.72063295465979,0.543623391287921,NA,NA,-96.9479124881699,44.6757567881909
226,-3.70298388955118,-6.3084524666244,-1.15441961079625,0.215789833057765,-1.40651277945914,1.81514534008405,-0.681754381782448,-1.75000750876199,0.467619614574488,NA,NA,-95.6840230902804,44.6787409627886
227,-3.95166421469201,-6.49149807142206,-1.44966504115209,0.157419541174533,-1.44909628583707,1.73795945413678,-0.686126754871754,-1.73819251872946,0.449645115228165,NA,NA,-94.4202492053578,44.6697862993377
228,-4.33813197379862,-6.67281990341992,-2.05536857716404,0.124481733836978,-1.46896298743972,1.69258329003866,-0.648824225676531,-1.65875684361603,0.445978990883672,NA,NA,-93.1570328778525,44.6488934731438
229,-3.98466457567423,-6.10049519813148,-1.8810219558319,0.0592533336295176,-1.49156306472672,1.59134239478581,-0.795303688088903,-1.77800821186969,0.213970084176264,NA,NA,-91.8948193316484,44.6160750596533
230,-3.53900768689194,-5.60993941597556,-1.496654727242,-0.0676397013767921,-1.6033785914688,1.44858218644723,-0.960151919628982,-1.98070474794764,0.0315918950182383,NA,NA,-90.6340558176997,44.5713534298675
231,-3.94361571435848,-6.00277351379946,-1.94416448095854,-0.0675504926247157,-1.63658847774694,1.46935240353583,-0.912864473343544,-1.94482425144497,0.0904453495063248,NA,NA,-89.3751799367013,44.5147545342663
232,-3.27547164801121,-5.56432945111918,-1.02965447628671,-0.342685871816772,-1.95333878509108,1.22965841508872,-1.1066142593971,-2.26269400087431,-0.0491648305834987,NA,NA,-88.1186345738319,44.4463146361658
233,-2.16638437350033,-4.09304488620871,-0.30649792670358,-0.751691200835659,-2.37807718455844,0.816299429442897,-1.30395458792521,-2.55091693128403,-0.241835163730862,NA,NA,-86.8648383753044,44.3660704226495
234,-2.70373704700441,-4.6103905050093,-0.855312794491457,-0.702140736812444,-2.24987735814434,0.850057849531875,-1.25967806475294,-2.4830945401537,-0.20792731873762,NA,NA,-85.6142209653254,44.2740700331965
235,-3.26421857647607,-5.29463450432728,-1.29199754186211,-0.535032162890581,-2.15101271038542,1.04990784615392,-1.1561607980549,-2.36602165796206,-0.0739379969407084,NA,NA,-84.3672058530588,44.1703729080487
236,-3.65455763919425,-6.05778382162448,-1.28520731903705,-0.396729288490612,-2.15833260764896,1.32277221060772,-1.06458727986108,-2.3322401492416,0.115484763372079,NA,NA,-83.1242043153571,44.0550361055168
237,-3.74366093544733,-6.60813700859179,-0.918748726957948,-0.370754659162175,-2.34823872863505,1.55816899244299,-1.03525873951087,-2.41305938539506,0.272258583791656,NA,NA,-81.8856259624444,43.9281207594121
238,-5.64105962966895,-8.92074022458997,-2.43267451681147,-0.233783040276304,-2.35114035860853,1.88903457824932,-0.777893271880309,-2.25256400709247,0.810308334255265,NA,NA,-79.4232805038828,43.6398707406051
239,-5.83677258819159,-8.54307051256277,-3.21011024180234,-0.151414062107931,-1.96933114443537,1.69418194573044,-0.768473934931645,-2.09486937826245,0.68034184368144,NA,NA,-78.2002773369179,43.4786932629911
240,-6.01366184921357,-8.01915526776276,-4.04564419069058,0.0666644598984095,-1.48859169909105,1.71623273953835,-0.769163064958003,-1.9916779637253,0.582570137069494,NA,NA,-76.9832123624678,43.3062646959397
241,-5.68242528590055,-7.63559287358417,-3.75530871586629,0.22842516778171,-1.15581604818284,1.69211487777386,-0.772943154841218,-1.96345384496831,0.539346943926312,NA,NA,-75.772434664557,43.122677739609
242,-4.50151918341961,-6.45989670324591,-2.54126906214711,-0.0104708296607846,-1.31519853764979,1.31599155244873,-0.957033380542792,-2.13158273184547,0.316217013789734,NA,NA,-74.5682882814499,42.9280278304991
243,-4.23306686210486,-5.73709049478067,-2.61106020773486,-0.492992406305332,-1.4761131710335,0.513122391259367,-1.05767052965618,-2.22924783492483,0.221457956759204,NA,NA,-73.3711025977739,42.7224168251762
244,-2.63010267341114,-4.17047326367341,-1.08245846324427,-0.47650755996468,-1.84968857732187,0.869618187007611,-1.31997416496205,-2.55558529419228,-0.0396299346813136,NA,NA,-72.1811937579873,42.5059481058465
245,-4.49648220438453,-5.87271272141601,-3.10357454027945,0.132377062592096,-1.53568891346152,1.78500756536181,-1.09461281449524,-2.403945875983,0.289719534003662,NA,NA,-70.9988642825853,42.278730047737
246,-4.27301418539804,-7.22324508274951,-1.37339319126402,0.00180443544555864,-2.23547795071446,2.22187484677548,-1.10383100538091,-2.73285260845339,0.588209603805823,NA,NA,-69.8244057151763,42.0408752559939
247,0.20583376792605,-1.96011394694317,2.40378255904983,0.651076328425851,-0.313116843108931,1.62760294743853,-0.215102454668298,-1.47217586760185,1.16500357815986,NA,NA,-124.716851005901,40.5483632947236
248,-1.24238017019538,-2.48452184697233,-0.0505627722757757,0.521444933385989,-0.423430621496257,1.5048169965908,-0.429566898093358,-1.46158296948737,0.672784683374712,NA,NA,-123.575793360719,40.80894619253
249,-1.38168585721254,-2.08683115870581,-0.730392760486323,-0.283025223619266,-1.12301440984578,0.556640729228518,-0.491761395241918,-1.48223156035189,0.546510130831668,NA,NA,-122.426496221548,41.0592761665368
250,-0.688425680653086,-1.90186332535593,0.514018804090698,-0.28670458372161,-1.39296919410918,0.798587223595387,-0.565079567559602,-1.56828969446325,0.465204933119222,NA,NA,-121.269205360262,41.2992313528186
251,-0.56832532388358,-1.91205494126551,0.781454360439932,-0.204742240518732,-1.35683068396873,0.943856365250542,-0.493539771510089,-1.4987726871156,0.554163983700168,NA,NA,-120.104189269231,41.5287129658605
252,-1.0440788138487,-3.09561262289809,1.02709848213995,0.123984759002108,-1.21134659540345,1.47362051131061,-0.417017016929196,-1.43188711458604,0.681105107602845,NA,NA,-118.931719506468,41.7476069659488
253,-1.22767437919824,-3.43173228708785,0.960915181877973,0.295227584360305,-1.09821412559114,1.71489106940997,-0.387399574484057,-1.41316252240569,0.740090318613882,NA,NA,-117.752086773745,41.955809008191
254,-1.33676968262804,-3.51908562441758,0.831924351539386,0.436245359363597,-0.983264228182434,1.87372248051428,-0.372353479882583,-1.41376859368208,0.783903051779177,NA,NA,-116.565593994127,42.1532228815568
255,-1.44827398330568,-3.55351355872699,0.633216097310414,0.568970448557913,-0.823051781383297,1.99806493415936,-0.357926387946858,-1.40827511938026,0.824356323169632,NA,NA,-115.372551217794,42.3397480780913
256,-2.04110679974029,-4.21382346960528,0.102242101276255,0.736086460826078,-0.616685871100209,2.1289496540674,-0.303515366674911,-1.35692007606875,0.916669537359281,NA,NA,-114.173284556761,42.5152921222688
257,-2.41896485567838,-4.62658430320068,-0.244807150663406,0.770049355551258,-0.583491324505829,2.15385809823495,-0.288727834684337,-1.34463266843004,0.947184383418191,NA,NA,-112.968130489046,42.6797656325449
258,-2.63363688658551,-4.86828416575431,-0.448199962304942,0.822880478707129,-0.506584168295697,2.18029780993096,-0.290662304151339,-1.3514339701318,0.959006780891346,NA,NA,-111.757434265478,42.8330836833794
259,-2.5118440122056,-4.78570989501663,-0.268258276094116,0.816054508782018,-0.49870086825376,2.17619907952079,-0.341119944893129,-1.40764893443931,0.898260477279884,NA,NA,-110.541553500283,42.9751659990714
260,-2.41996075948389,-4.74837856019526,-0.119159462861921,0.818518939793039,-0.564910486052859,2.24181981511079,-0.383104142752671,-1.4633823409745,0.858677734391743,NA,NA,-109.320853507492,43.1059322606383
261,-2.27872217802731,-4.61772183342258,0.0271160016446031,0.831665710389616,-0.581599862038729,2.2839263553201,-0.430431055679339,-1.5251154944482,0.796808476373207,NA,NA,-108.095712300849,43.225315942627
262,-2.16076704879989,-4.46593497205363,0.104633589691897,0.87155373043799,-0.549231762872959,2.32870977048515,-0.46772513682846,-1.56440060096397,0.75431350692762,NA,NA,-106.866525568173,43.3332516474493
263,-2.30791756226156,-4.58201492627992,-0.0826061515947705,0.992454793217833,-0.411196953896094,2.44748367195606,-0.463748365990281,-1.5650269627669,0.760123437766837,NA,NA,-105.633669533668,43.4296773695054
264,-2.62157758774237,-4.65549410641203,-0.670476975633768,1.0927991660174,-0.26421353025664,2.51649166428611,-0.445741905739259,-1.53099696503166,0.776182056772684,NA,NA,-104.397549231449,43.5145378915457
265,-4.20224703524015,-5.94594757994264,-2.53415128053592,1.22491995406983,-0.0697346053544219,2.61003024518049,-0.259261287816758,-1.34295336777936,1.05050735790759,NA,NA,-103.158569068504,43.5877920652492
266,-4.70751018178558,-6.56523046177093,-2.88442787486464,0.914062004683502,-0.561772979168486,2.43015702163532,-0.21647560846555,-1.28856474673158,1.09024775826071,NA,NA,-101.917152845092,43.6493888658671
267,-3.46535914009763,-5.81841685135713,-1.16718040123308,0.706021686807961,-0.819139380803244,2.2495562866295,-0.458903715142454,-1.54159438330386,0.782459804564179,NA,NA,-100.673709151462,43.6993005965851
268,-3.05464313141939,-5.49299076840378,-0.650723186613542,0.57220852282842,-0.978205648529337,2.14247657423812,-0.574179423477368,-1.66373252987529,0.619936374085506,NA,NA,-99.4286641267082,43.7374952021568
269,-3.18176884650727,-5.68856507099556,-0.707751432884262,0.473059035731378,-1.11452575619467,2.0561757298158,-0.608203804810584,-1.69639160427454,0.578688589247471,NA,NA,-98.1824461526275,43.7639463450631
270,-3.42414361855472,-5.96317774671448,-0.923482638240374,0.38767842055769,-1.2083422265037,1.97593316217715,-0.623078205311358,-1.70108163562272,0.552689477254063,NA,NA,-96.935472505759,43.7786544967904
271,-3.65083410860096,-6.20034479914809,-1.15414274316001,0.314585951862668,-1.28315559180401,1.89694299430551,-0.636228841883579,-1.69699940841236,0.525646230902685,NA,NA,-95.6881725038036,43.7815979068381
272,-3.85024344879938,-6.36885752242332,-1.39152789758707,0.25656729728111,-1.34839165969304,1.83345737900143,-0.647098435703213,-1.70455892960706,0.496431009371289,NA,NA,-94.440978485695,43.7727759934994
273,-4.00933048117547,-6.42395177006095,-1.62530719930511,0.203226908344106,-1.38366880678901,1.78548840311608,-0.66735759176982,-1.70824137056057,0.448628447245362,NA,NA,-93.1943260587188,43.7521957316197
274,-3.88606194051491,-6.03223103653219,-1.77392711027793,0.126658950483924,-1.41726284272868,1.6940695477035,-0.751244103243555,-1.74455832459514,0.287148181947118,NA,NA,-91.9486374693534,43.71986314953
275,-3.50141311910565,-5.38840178607408,-1.6365174107825,-0.00649731085797604,-1.556600479376,1.53848339392998,-0.899278389420507,-1.89396482743741,0.0785929705346328,NA,NA,-90.7043402792528,43.675807744886
276,-3.56963640314269,-5.38941979588258,-1.78014043461419,-0.138068959047796,-1.69677383870096,1.41188842526834,-0.948797522208296,-1.962326743509,0.0203879789898899,NA,NA,-89.4618568386701,43.6200475836663
277,-3.41928979499936,-5.69346520758259,-1.2094006193598,-0.254275921122559,-1.85018401803366,1.32838746313659,-0.988425025699112,-2.11642733923096,0.0675487837883534,NA,NA,-88.2216097450467,43.5526178418474
278,-2.88593521218949,-4.98394283853572,-0.860241233612585,-0.493829667752093,-2.10783936616482,1.084546236571,-1.09156134116267,-2.27602993312161,-0.0362934762943742,NA,NA,-86.9840116192471,43.473555549981
279,-4.48106445205625,-6.37050131227332,-2.64052537059539,-0.186770663700554,-1.76772740281775,1.39013799281141,-0.862149685634978,-1.97713899837768,0.232054075317377,NA,NA,-85.7494728795877,43.3829013497705
280,-4.11375401531508,-5.82691065692581,-2.45234868584376,-0.340628794857018,-1.96571210305005,1.27929445921449,-0.950517134158441,-2.07529958180758,0.120788009443625,NA,NA,-84.5183956416989,43.2807164612886
281,-4.39466146855335,-6.46896378044772,-2.40255348908497,-0.214487856873454,-1.90430235209391,1.47347051073424,-0.882598655985998,-2.05278850413981,0.268773307684744,NA,NA,-83.2911767576013,43.1670487370145
282,-4.09888446484425,-6.75185684317511,-1.49565279277921,-0.29073757210251,-2.14739206525451,1.54140348497151,-0.928286264791746,-2.20445388888266,0.32543498014125,NA,NA,-82.0682089615206,43.0419669338457
283,-5.4501628772263,-8.18198232766492,-2.76393377788101,-0.314364835581989,-2.13072971375284,1.5156902871998,-0.786448031774829,-2.10217244090099,0.607441399164094,NA,NA,-79.6365542122071,42.7578235443058
284,-5.86563778457038,-7.87731892838986,-3.91110094203872,-0.294985483440043,-1.84706771348075,1.28161608500043,-0.755536075714678,-1.9573967409484,0.536066765993154,NA,NA,-78.428580520681,42.5989157923603
285,-5.1796327038206,-6.99996632940757,-3.36933619052603,-0.40890260185558,-1.84824682811007,1.06325893400786,-0.879037454698101,-2.04783302467919,0.341779090428015,NA,NA,-77.2263272037138,42.4288965544901
286,-4.31443396859455,-5.97244497847251,-2.67353598962873,-0.542288982104823,-1.89676806919849,0.845073276192695,-1.02452482010581,-2.16880339735874,0.152930235565185,NA,NA,-76.0301284088443,42.2478515984656
287,-4.56000002345661,-6.31530402639504,-2.78555768520526,-0.40144817822499,-1.62012678331388,0.869051605649008,-0.975728766236165,-2.11943452128341,0.242525655289846,NA,NA,-74.8403200902003,42.0558709974918
288,-4.13617705322476,-5.41270143618384,-2.78351681156449,-0.810673636142762,-2.04893900424203,0.42229010948073,-1.10735127292388,-2.28377701079906,0.141784151703929,NA,NA,-73.6572194988189,41.8530517027769
289,-5.36951943427171,-6.98447231732614,-3.73991523432189,-0.179550441779486,-1.67236638761072,1.31811466434114,-0.911354334241184,-2.1546656939722,0.490054262214245,NA,NA,-72.4811314762533,41.639490726904
290,-3.83269115015177,-5.21514803787283,-2.45755372290115,-0.26689939904303,-2.00772531218581,1.46087867198083,-1.11677495567342,-2.5141388984684,0.340849902011197,NA,NA,-71.3123538469143,41.4152916195476
291,-4.05638858949495,-7.00837539210222,-1.1539451468586,-0.132439981491041,-2.38688666892495,2.10676036332338,-1.11020817480443,-2.76031270338388,0.597524533220844,NA,NA,-70.1511655789659,41.1805592398721
292,-0.589382869156015,-2.50831019099461,1.31853612354519,0.578955910618069,-0.446941471824028,1.64510692550766,-0.249299169092997,-1.39525517759608,1.03396924260711,NA,NA,-124.366668889219,39.6957602560734
293,-0.488031273523531,-1.5230344573077,0.513197702290682,0.337138688425639,-0.709260864915744,1.40465188229345,-0.287619009104499,-1.29191128233333,0.819932635327494,NA,NA,-123.237911513173,39.9531280518351
294,0.0919210950302161,-0.527738302824925,0.698725948717609,-0.204110043762043,-0.91529931042772,0.473243960233342,-0.395199582053829,-1.32802884730153,0.59215707422365,NA,NA,-122.101199729495,40.2003292092095
295,0.352698546356042,-0.840331596714722,1.54351447727397,0.0784941597833885,-0.863709915225776,1.04837045268364,-0.613151708743668,-1.60476043074942,0.377013860627989,NA,NA,-120.956775030807,40.4372490703231
296,-0.950912599502946,-2.02649051616073,0.122636544543843,0.172116395046081,-0.992205582285224,1.35214233554218,-0.490865714209813,-1.47065167330849,0.54868378541928,NA,NA,-119.804891082338,40.6637886852378
297,-1.02110898574739,-3.04775548953819,1.00945497005404,0.224799124567246,-1.1031649998432,1.54454025305318,-0.460769252142816,-1.47309484462883,0.619390341080454,NA,NA,-118.645824188768,40.8798455566876
298,-1.15802486608219,-3.33338497109791,1.01792381694865,0.321706580627967,-1.06301328744624,1.72125441071358,-0.437486475844923,-1.45946025425233,0.671322431799105,NA,NA,-117.479846281863,41.0853237663888
299,-1.34748284465915,-3.56883195194389,0.855720073808958,0.445128626235909,-0.964264159040821,1.85987125685063,-0.414072394010711,-1.44998400388155,0.72606987055642,NA,NA,-116.307253081711,41.2801256236472
300,-1.60779377970892,-3.80616418774294,0.578049760170773,0.570423444183732,-0.827974860862413,1.98865936495598,-0.3886287739075,-1.43320082178474,0.781695476811645,NA,NA,-115.12834432174,41.4641609531531
301,-2.02802648589287,-4.16422045439708,0.099618477684348,0.691831562477599,-0.685638829309079,2.08240239155387,-0.353338978386272,-1.39649673931931,0.833939829827003,NA,NA,-113.943437455959,41.6373394386979
302,-2.48245142492448,-4.33886767210957,-0.706315812735242,0.765223094163144,-0.556515083519396,2.1105004104706,-0.321283538766637,-1.36415444220721,0.881267578751443,NA,NA,-112.752863359626,41.7995771202851
303,-2.82823684850136,-4.57328160801226,-1.12866519463732,0.893190537881994,-0.26078091656119,2.10707862222126,-0.299964768741659,-1.33566623229227,0.924838969253554,NA,NA,-111.556944775385,41.9507926877976
304,-1.88117672750351,-3.91226359120145,0.091693390710915,0.537953235868346,-0.673875832869822,1.75935958040234,-0.498888820400621,-1.54780005612916,0.665893975054646,NA,NA,-110.356034267495,42.0909116462797
305,-2.06001852681701,-4.3107093232804,0.163436639331179,0.772977379828448,-0.581373488497011,2.14602973986196,-0.475633358014011,-1.55006414859817,0.722010622164627,NA,NA,-109.150488620773,42.2198627844944
306,-2.0313219300469,-4.24729835169864,0.156588606899242,0.890989390865197,-0.475263550652539,2.28953225052166,-0.49372025126096,-1.56929448743458,0.692070331899612,NA,NA,-107.940667478358,42.3375751957261
307,-1.94880841694596,-4.18096333828463,0.261993194938124,1.01361419997092,-0.347909352001898,2.40932365397192,-0.515798733091186,-1.60664707864695,0.656667167722946,NA,NA,-106.726946326634,42.4439915701453
308,-1.98259018400775,-4.03768757974497,0.0166329233772964,1.22993190819414,-0.0297949201040875,2.54222984058924,-0.500245590590884,-1.56853253947164,0.681918667797045,NA,NA,-105.509697791703,42.5390543168276
309,-1.37463155698938,-3.44472999857791,0.679611321609925,0.961421009104447,-0.407042506402087,2.37380226088535,-0.612005587148879,-1.72585738280968,0.553679902540944,NA,NA,-104.289309879784,42.6227131278166
310,-2.28789118473467,-4.4426610519766,-0.180666657483892,0.935959656277105,-0.472621165059031,2.38816501638505,-0.535399360526987,-1.63547852771417,0.658868368301076,NA,NA,-103.066177162309,42.6949157705262
311,-2.73640603411619,-4.95626656882371,-0.546652734428021,0.81413368434148,-0.650882553759844,2.31346758635237,-0.517465768926245,-1.60552416014049,0.684985225040188,NA,NA,-101.840688736394,42.7556332782465
312,-2.42773171588533,-4.74139574633661,-0.15312545378026,0.678803105238998,-0.821458036176211,2.1997128718727,-0.614992345838108,-1.71374418332297,0.564078478270955,NA,NA,-100.613255821384,42.804826995459
313,-2.09053098242321,-4.30941282851642,0.100857236924356,0.562334297596318,-0.973818546854728,2.09220958641274,-0.715605834443773,-1.82234327991039,0.420404975254053,NA,NA,-99.3842823482881,42.8424715138687
314,-2.76573864457185,-5.17075879053068,-0.382013073909529,0.500621820925575,-1.06105330613321,2.07162293557149,-0.652957273815087,-1.73950086746029,0.511110453068961,NA,NA,-98.1541775260997,42.8685462874996
315,-3.30842787875638,-5.77016106343488,-0.895310291079227,0.444341120538909,-1.12971092743286,2.01906935555298,-0.60804314033089,-1.67741916981293,0.5614642371635,NA,NA,-96.9233507319464,42.8830394587131
316,-3.64590818872821,-6.12780762550182,-1.22209080192124,0.393817783494776,-1.18401065650321,1.96148041559853,-0.592582324357101,-1.65507538908117,0.576216760368781,NA,NA,-95.6922100953912,42.8859395914119
317,-3.79928931656036,-6.23629899233395,-1.41076804861669,0.350157917046441,-1.24092062840893,1.93788115859546,-0.605147783494458,-1.6559866461876,0.540118903791237,NA,NA,-94.4611752895052,42.8772458689184
318,-3.9764039771482,-6.3407697176721,-1.6672210725636,0.301747451592434,-1.27485202491437,1.86513406170564,-0.618190023452979,-1.66230096548671,0.508238368281529,NA,NA,-93.2306547085955,42.8569599636002
319,-3.97484222754959,-6.338077151107,-1.66261939111948,0.229368817653263,-1.34131407023147,1.7960829940746,-0.667866672639334,-1.71762878386568,0.434339925944281,NA,NA,-92.0010611132426,42.8250978321817
320,-4.10534069415025,-6.40903250532408,-1.86597156597493,0.163980853971946,-1.40090153876271,1.72794672155131,-0.697673824785483,-1.74438463048198,0.381408865054666,NA,NA,-90.7728080284661,42.7816733584782
321,-4.80634489298639,-6.68426582460033,-2.97292702700094,0.161633350550988,-1.38878189269007,1.71902427589672,-0.61076095975394,-1.61367132311457,0.429966300775672,NA,NA,-89.546299405688,42.7267126099512
322,-3.95415479888038,-6.22340341877156,-1.7571959146618,-0.0375381100905862,-1.63101546403765,1.55974332608273,-0.801381688000976,-1.89059703126517,0.282830065995702,NA,NA,-88.3219380381429,42.6602447903749
323,-3.59529391768431,-5.86185037998456,-1.39753878204515,-0.167216301560648,-1.7692185832382,1.42149937631775,-0.890387718262353,-2.0159078972623,0.198078501122338,NA,NA,-87.1001248449407,42.5823074529897
324,-4.0787750844653,-6.2814750530444,-1.93688224557547,-0.13019001452,-1.723430352922,1.48155167669286,-0.843420733229676,-1.96030020143302,0.265053768052456,NA,NA,-85.8812603208715,42.4929406001126
325,-4.16007387333355,-6.16055784860615,-2.24146925128065,-0.178999297988343,-1.77170212375303,1.42378454660523,-0.852912445041266,-1.95396192111527,0.237770279056709,NA,NA,-84.6657250251664,42.3921954325942
326,-4.15460012853941,-6.40319394507729,-1.9748287844542,-0.215404395852171,-1.83678174622865,1.40104997001733,-0.859887245745782,-2.00497438897739,0.265871359653268,NA,NA,-83.4539037129285,42.2801213255464
327,-4.16528709900564,-6.47722677424571,-1.90846595212264,-0.278505504368948,-1.91180205640962,1.33726232094842,-0.867089331510895,-2.02452725175794,0.280198614235203,NA,NA,-82.246177195223,42.1567819303924
328,-4.45433675416015,-6.85916739780776,-2.08853311239671,-0.335954733614124,-2.02303533142276,1.34486320522576,-0.835091586297937,-2.03619197534936,0.382067040414501,NA,NA,-81.0429093092304,42.0222406230526
329,-4.83673657679876,-7.13973095194925,-2.57634411560229,-0.412485512917326,-1.97255937624721,1.15077447843755,-0.827293238195865,-2.00319523551153,0.377435202468079,NA,NA,-79.8444546482191,41.876563949559
330,-4.90989303148064,-7.13097535032182,-2.73424087312901,-0.547260330140812,-2.05567349860916,0.974259896381695,-0.852865937243555,-2.01794378326015,0.355315194928723,NA,NA,-78.6511643630983,41.7198283788934
331,-4.60147706143097,-6.71567046528358,-2.51297501231013,-0.724207010957391,-2.17717049813191,0.74795430991961,-0.92902796097619,-2.08948773102565,0.256189458405593,NA,NA,-77.4633802864788,41.5521113546796
332,-4.54270280767958,-6.63074061455624,-2.48730267110863,-0.715513897175803,-2.17488977943599,0.735159464929544,-0.957646029715994,-2.11923557995538,0.237603829180117,NA,NA,-76.2814340387216,41.3734948398519
333,-4.5061286417044,-6.36580575877326,-2.73246305819566,-0.61119663212511,-2.03185195426391,0.824558697050731,-0.961474413427767,-2.11429807295881,0.248778336734086,NA,NA,-75.1056436530582,41.1840657562154
334,-2.70676305761573,-3.78594220183158,-1.60091291047908,-0.933635837215579,-2.42178862437472,0.562436489454642,-1.22289337233523,-2.40048894268748,-0.0348727752754168,NA,NA,-73.9363196358531,40.9839148243017
335,-3.99147627075122,-6.35027848891668,-1.66477215530542,-0.496699425052492,-2.26569492536582,1.25568654268066,-1.07647421122955,-2.43874988310663,0.342139806024269,NA,NA,-72.773758580985,40.7731342127787
336,-3.90765087395493,-6.70420199922076,-1.15308950842908,-0.380764789766293,-2.45414122838322,1.66479419681389,-1.09625452714475,-2.64511722983831,0.499333810474324,NA,NA,-71.618249501135,40.5518241974476
337,0.152095934533696,-1.75282108286971,2.06147223575579,-0.0168076512715001,-1.05963444733189,1.0938180052419,-0.0681817336558089,-1.20390885187636,1.23382132054911,NA,NA,-124.02466717871,38.8424668401163
338,-0.587608464825101,-1.47650308181213,0.276847798590135,0.201112376756825,-0.276252621143749,0.674786603960941,-0.0319011882117933,-1.04574207148104,1.05040323892682,NA,NA,-122.907985943425,39.0967675061304
339,-0.167321271676866,-1.10571669983933,0.734063635460463,0.395314257313657,-0.536255737068407,1.36778410740309,-0.307395988189744,-1.2317643062217,0.696496505194685,NA,NA,-121.783619133343,39.3409702251509
340,-1.08410059349287,-2.20080070801402,-0.00264453601272646,-0.00545197600150864,-0.729587399820041,0.714194840526407,-0.546295709747384,-1.48903107816912,0.421862000994077,NA,NA,-120.651806753046,39.5749805978363
341,-1.06602409478764,-2.11191064319167,-0.0409048865289674,0.331132419966891,-0.539269048678943,1.21279755443996,-0.503893700786174,-1.48321938537236,0.526994292432496,NA,NA,-119.51279218513,39.7987035291027
342,-0.948275945159447,-2.92047497081277,1.04195729440549,0.280788918025823,-0.997143444097263,1.54856635549454,-0.496924662747105,-1.49684292233107,0.57346518002126,NA,NA,-118.366840144988,40.012046616231
343,-1.03708323174608,-3.17731696450927,1.10370383507891,0.322093842520123,-1.04293691807887,1.68793795151369,-0.484588748446409,-1.501806164596,0.612433494153469,NA,NA,-117.214222868428,40.2149158315049
344,-1.29031503141945,-3.4900113078704,0.916374318874127,0.444160770082755,-0.947092103453209,1.83542739015675,-0.45842954605536,-1.48983387650956,0.66237142851708,NA,NA,-116.055222960757,40.4072198239495
345,-1.60545997889421,-3.77397763597997,0.547554539334607,0.58658792620176,-0.797031099291261,1.9867471346191,-0.431921850720496,-1.4665305348957,0.717142145719566,NA,NA,-114.890134705471,40.5888730639049
346,-1.98631910648187,-4.02722922330563,0.0344168883192319,0.699441598548382,-0.653933865690221,2.06058360959806,-0.402612698826883,-1.43856466496833,0.76720389434559,NA,NA,-113.71926692808,40.7597899382393
347,-2.71349641850455,-4.00953659711555,-1.47389550282337,0.712969662900995,-0.511097118251232,1.9363276794313,-0.335109520620784,-1.37028460141785,0.84489595464131,NA,NA,-112.542930205307,40.9198908281501
348,-1.6773422667108,-2.69145289226994,-0.678341091862113,0.719435783230946,-0.0728317146781623,1.50443077819009,-0.474492064049366,-1.51869646906639,0.674809233388996,NA,NA,-111.36144948593,41.06909979067
349,-1.89681234642547,-3.93360016789874,0.13089471106468,0.754606830956816,-0.49483022061518,2.01373246283226,-0.509328724899459,-1.57812567809112,0.653971609302895,NA,NA,-110.175158649969,41.2073448359788
350,-1.9277147645891,-4.0764342700801,0.201810095009104,0.848164988006691,-0.480068592976068,2.19080918569531,-0.529891436776604,-1.60123584470392,0.623356218092879,NA,NA,-108.984400313954,41.3345568546214
351,-1.85308293884025,-3.52532801807461,-0.170605936525579,0.939380965168343,-0.299617929378387,2.2051770984452,-0.555987103196817,-1.58354013757247,0.53477146403307,NA,NA,-107.789526802437,41.4506758964338
352,-1.6113138760543,-3.69596502582718,0.454834143356062,1.05749074055722,-0.234830006564471,2.37981821215314,-0.602109424686129,-1.69427531000645,0.526154428513652,NA,NA,-106.59089321746,41.5556414409199
353,-1.17117726843467,-2.89434973110983,0.51213433168493,1.29895358336914,0.188818538455263,2.42373760315434,-0.63718663593908,-1.73203641521855,0.479984475905254,NA,NA,-105.388866783082,41.6494033927703
354,1.38894478149148,0.158672987295694,2.61611462383551,0.585712220302225,-0.755593832496757,1.92605384199569,-0.969132931330097,-2.18767876784313,0.0955261250085642,NA,NA,-104.183816639022,41.7319112061745
355,-0.837884464231524,-2.93085240719017,1.2396766925836,0.752416838345731,-0.66504398495392,2.18470131208468,-0.751446239341429,-1.90293254289558,0.373034087017461,NA,NA,-102.976127108277,41.8031169696211
356,-1.53390932082145,-3.74216835085235,0.667515033137173,0.730343506857797,-0.728832491166041,2.21027953783265,-0.706975552233394,-1.83159515467635,0.436793847695138,NA,NA,-101.766174148434,41.8629927325748
357,-1.42359189626812,-3.65408731011675,0.788334251613566,0.645143437287984,-0.854608268853469,2.15410322526085,-0.766760146278953,-1.90380439628527,0.358143244885467,NA,NA,-100.554346689676,41.911503280644
358,-1.15629298353384,-3.21764643600568,0.865042709260781,0.52895777547036,-0.979670940815967,2.06341398687822,-0.849893356494269,-1.99449956421435,0.262558641898631,NA,NA,-99.3410346863698,41.9486254730008
359,-2.48528174613838,-4.78634206226646,-0.217669715651606,0.523857954788912,-1.01684694416507,2.07245083020458,-0.676762140693074,-1.76220996859451,0.468004619993441,NA,NA,-98.1266346638523,41.9743378408648
360,-3.40374024366769,-5.71811476939584,-1.14632345790175,0.484514305766029,-1.07209253540708,2.05297871125863,-0.558934619929618,-1.6171188335439,0.608307029311683,NA,NA,-96.9115395157956,41.9886267304627
361,-3.81884060878351,-6.14712889286155,-1.53010238033189,0.462593134332284,-1.0908811164929,2.0337417724295,-0.518996952643712,-1.56943116738844,0.665607639778073,NA,NA,-95.6961446528039,41.991486078231
362,-3.72432524652153,-6.01287679759854,-1.4790587005954,0.450502306631922,-1.10489662972967,2.02004368617009,-0.564024470086801,-1.6083805975065,0.581040336741706,NA,NA,-94.4808485830904,41.9829135492977
363,-4.10904387700656,-5.80570126454994,-2.35895520375332,0.422710235334303,-1.13559534008745,1.98067122763124,-0.532154457625971,-1.52110260581536,0.534212571328735,NA,NA,-93.266052908834,41.9629091532816
364,-3.93687090122487,-6.2244960508584,-1.7081490544687,0.340128517923357,-1.2164449110575,1.9056628908297,-0.609716950400789,-1.65304204230328,0.51407222460488,NA,NA,-92.0521452789278,41.9314906325088
365,-4.13131215430134,-6.45570556627556,-1.87497995959085,0.27877283252037,-1.26389332269603,1.84714344493702,-0.615966972934703,-1.66647841929801,0.505505519859916,NA,NA,-90.839526788387,41.8886696516792
366,-4.55559748924934,-6.7190366142203,-2.54339278894597,0.243857177775389,-1.30833166596958,1.80674085469555,-0.574951501143755,-1.62551511869631,0.535976871002987,NA,NA,-89.6285889024042,41.8344717157659
367,-3.98735033405669,-6.20465800258716,-1.89158122257058,0.107357761088577,-1.46526253657448,1.70123716143022,-0.708254149827873,-1.78335441258012,0.404103813942222,NA,NA,-88.4197175457727,41.7689244091229
368,-3.45883165108702,-5.59646238700282,-1.38976715661041,-0.00216858509343808,-1.59745778625495,1.58986075987322,-0.823909879754171,-1.92722523126309,0.265314184472263,NA,NA,-87.2133024335968,41.692060123963
369,-4.07494065609326,-6.03215977437796,-2.24796112425485,0.013382855899877,-1.54155428951861,1.62529713352238,-0.762910871453954,-1.85116594474137,0.327388109722538,NA,NA,-86.0097184343607,41.6039223021239
370,-3.89403977824221,-6.07202616582768,-1.77351143619796,-0.100560537845214,-1.67126824564508,1.48657747853015,-0.81613186544137,-1.93046457346237,0.295906200030981,NA,NA,-84.8093409789062,41.5045530421012
371,-3.88839551630836,-6.1017354778189,-1.70984438078272,-0.188195601703448,-1.76025105939993,1.38140871785559,-0.837245206890744,-1.96130683620915,0.280352595445402,NA,NA,-83.6125428482249,41.3940018941463
372,-3.95449920946368,-6.07059581674113,-1.88061716215129,-0.273802568709259,-1.82162492978905,1.281296913718,-0.846519582095783,-1.97419516270202,0.276801045955094,NA,NA,-82.4196830369011,41.2723284259948
373,-4.36562805199375,-5.85620565321091,-2.9421923091162,-0.319424509222175,-1.84615800116949,1.2057154743897,-0.811878843570381,-1.93902295481697,0.321071812447738,NA,NA,-81.2311182419823,41.1395912895322
374,-4.5318395985875,-6.59509302939742,-2.52161499111032,-0.457738551927208,-1.9241551138126,1.01011141357166,-0.835132302726546,-1.96802454507415,0.329246492641526,NA,NA,-80.047189593144,40.9958571056395
375,-4.3499103738032,-6.40057507540758,-2.35704332942978,-0.757287573041004,-2.18225467851671,0.656859073642747,-0.903674756117488,-2.05325190596673,0.238797024355021,NA,NA,-78.8682390611401,40.8411933649345
376,-3.77070213301881,-5.11502394669324,-2.47637216269647,-1.23352512481849,-2.5165574782367,0.0434201315687697,-1.03214118716021,-2.14289554620858,0.065067626028456,NA,NA,-77.6945959284787,40.6756770333937
377,-4.75401655866515,-6.60327181355859,-3.06433325003268,-0.971770977995918,-2.40996851943418,0.463847461654873,-0.920034403764285,-2.08663740245418,0.265556936650898,NA,NA,-76.5265788372098,40.499384451219
378,-4.28156092840105,-6.44988574486124,-2.15866231555759,-0.899381048504346,-2.42099593021754,0.616682478314392,-0.966515051188079,-2.16941442081475,0.254574954248085,NA,NA,-75.3644980606552,40.3123952820703
379,-3.59218557846092,-5.97431604205213,-1.22739164761123,-0.94810195845738,-2.63710942444341,0.731087491027497,-1.05009347882577,-2.33993055334834,0.237673059117743,NA,NA,-74.2086542262029,40.114797506282
380,0.0636549005933354,-2.30950533955521,2.46961629709068,-0.286187403621337,-1.62807502084252,1.05977953223035,-0.0799672928488931,-1.24874061811136,1.2656635466117,NA,NA,-123.690575175088,37.9883530050156
381,-0.16030708196123,-1.35036196202016,0.99359129086677,-0.732105279656829,-1.22417926907115,-0.270888095425487,-0.0773166502955187,-1.11290475649601,1.06863059521592,NA,NA,-122.585745468367,38.239691350883
382,-1.86659480509716,-2.87534398084962,-0.8850515412,0.167657094658061,-0.81955623998834,1.16186229350126,-0.49818049084632,-1.43122128879255,0.474243177597714,NA,NA,-121.47348888451,38.4810169528956
383,-1.21489760330344,-2.09226650570946,-0.342730331030112,0.264877860702261,-0.350700917272225,0.885620265700132,-0.522769367038468,-1.43978766474677,0.438920806254779,NA,NA,-120.354038648524,38.712245495553
384,-0.66396578791262,-1.72331335651855,0.353231912897576,0.303762548052063,-0.69639339189085,1.31481154791258,-0.532136671937238,-1.50160066718357,0.483977143391245,NA,NA,-119.227631525795,38.9332683676049
385,-0.672978120269709,-2.60944862810308,1.2513473723486,0.248074003869654,-1.01278378688746,1.50224598069319,-0.542563599918311,-1.53412355931638,0.503067047172745,NA,NA,-118.094522470213,39.1440086195691
386,-0.751192415398491,-2.72886560979948,1.15620083867925,0.234660360254645,-1.04840495702179,1.5342501704956,-0.544208465632489,-1.54223671777465,0.515990521103463,NA,NA,-116.954982492597,39.3443817106297
387,-1.17541977011182,-3.30464106223014,0.956604145838274,0.424914846603665,-0.936605332833212,1.79188115790011,-0.50605710220808,-1.52885439468846,0.591235260888029,NA,NA,-115.809282161801,39.5342958913394
388,-1.55262370913662,-3.60679638077595,0.484862746882201,0.633163603695901,-0.717539904334022,1.99493964076455,-0.475243924499017,-1.5009701677278,0.641113262379854,NA,NA,-114.657709939626,39.7136684469224
389,-1.60317830510496,-3.44452629183195,0.163000632588998,0.812722052632484,-0.51682738240319,2.16494299167191,-0.485760390642196,-1.51061670016165,0.652901075424427,NA,NA,-113.500564444049,39.8824215502567
390,-2.89993212959943,-4.48169138875145,-1.4168663093305,0.856278635494366,-0.383068670336618,2.12421230639357,-0.38597021718128,-1.41973556501302,0.789875137401058,NA,NA,-112.338143945367,40.0404788793236
391,-2.7418120260613,-4.16625661059267,-1.37862588976752,0.995187317852209,-0.0445590969336847,2.08494296954018,-0.42908283774331,-1.46386529467877,0.735404346106571,NA,NA,-111.170764411934,40.18776930806
392,-2.09836762719427,-4.13511587524352,-0.0862530505240423,0.914854493633308,-0.364710005476751,2.19887765921645,-0.530932828668351,-1.59411130291372,0.624103237888252,NA,NA,-109.998749984575,40.3242257181423
393,-1.91967821788832,-4.01598909747578,0.152273900002963,0.921194576072744,-0.375765993517081,2.23290776692205,-0.579911329737006,-1.65489860588335,0.552093892634084,NA,NA,-108.822429612141,40.4497773098035
394,-1.64452426403522,-3.49730580331622,0.181294680482329,0.893056389592021,-0.261283329826539,2.09131997644464,-0.647999590191402,-1.70756849090491,0.437779066181427,NA,NA,-107.642143820197,40.5643699474026
395,-1.46204042062847,-3.43861310515362,0.497559069617883,0.979626537540961,-0.20405536997601,2.1889813891668,-0.696152717024015,-1.7989943984022,0.40029659240381,NA,NA,-106.458235640887,40.6679518955742
396,-1.23392677249706,-2.24900784887207,-0.218714399987791,1.23220575570759,0.549175966496995,1.9493213685301,-0.755778469810693,-1.82580235212078,0.305357502963727,NA,NA,-105.271059236609,40.7604693298299
397,-0.464841139142685,-2.38237648721893,1.4505023763954,0.832683397336341,-0.428658776773837,2.10617967828395,-0.833692045363375,-1.98870715673858,0.246787020568734,NA,NA,-104.08097448227,40.8418772253529
398,-0.919072386358132,-3.06311021342015,1.21835573169194,0.762394122294714,-0.635610843031585,2.1668169406886,-0.795554665098189,-1.94683837427849,0.318336365917846,NA,NA,-102.888343292226,40.9121347144876
399,-1.13370777323106,-3.31442475914181,1.03143530754345,0.716138966223329,-0.739212731688449,2.18635665407349,-0.79574348491353,-1.95100152270425,0.325937350182365,NA,NA,-101.693534863631,40.9712072746865
400,-0.58508714032215,-2.60432770880237,1.35759349231037,0.655661059454453,-0.848244920739047,2.14825095352524,-0.897622195984105,-2.06363667324483,0.198409725776374,NA,NA,-100.496920670694,41.0190657809495
401,-1.57068143329669,-3.77987181586002,0.6175274846936,0.606918906935886,-0.889204927498386,2.12723950069695,-0.783958805121154,-1.90828741319165,0.34117569329599,NA,NA,-99.2988801756839,41.0556868237843
402,-2.61848473847134,-4.82296205291543,-0.432521132582297,0.573576561846487,-0.948429482971995,2.11018471121401,-0.643098831816297,-1.72544947832859,0.502874819731877,NA,NA,-98.0997890019451,41.0810524766069
403,-4.01052407195749,-5.7043016060884,-2.33081287380381,0.509350192508208,-1.02197699984,2.04861893130244,-0.428495068018489,-1.45008449907689,0.745235392433792,NA,NA,-96.900029261422,41.0951476604923
404,-4.51767068316163,-6.34067236106949,-2.71926439313907,0.514493541386657,-1.02401960427573,2.06706303372517,-0.354813035261158,-1.39351470591997,0.849714311904489,NA,NA,-95.6999824523253,41.0979674220134
405,-3.17143189548524,-5.29855932410781,-1.07770535475491,0.56480061954128,-0.979358920414822,2.1199681108699,-0.595116331876817,-1.64212184895711,0.544334273198218,NA,NA,-94.5000225027118,41.0895118518794
406,-3.30855300818464,-5.48620282656408,-1.16788495438368,0.505467271702063,-1.03177049990734,2.06145433098695,-0.616336176700418,-1.66017192134483,0.506530862274245,NA,NA,-93.3005547598557,41.0697780913334
407,-3.53590079867935,-5.73098016937039,-1.39785744308282,0.428895164652881,-1.1186877446908,1.98731670164037,-0.619905255692242,-1.67591013785745,0.517378309746104,NA,NA,-92.1019394546199,41.0387822324557
408,-3.93815638101785,-6.16211552644492,-1.77940229958146,0.369971097480204,-1.17526234296926,1.93424335372658,-0.587377880735289,-1.64400424803266,0.553770182535926,NA,NA,-90.9045686463151,40.9965395761819
409,-4.60937991985204,-6.51774994946502,-2.84619320437266,0.352391027940462,-1.18747830287634,1.93153291736109,-0.496197065512664,-1.55061536414517,0.656783893917864,NA,NA,-89.7088101887789,40.9430683142658
410,-3.81631779733842,-5.7870729637749,-1.99031605513183,0.201451420055373,-1.33539228947584,1.773942057894,-0.65952538836035,-1.73992969165608,0.452126487646946,NA,NA,-88.5150437818865,40.8783975984254
411,-2.16797603366225,-3.37568526252556,-1.03517549803235,0.0410343201193271,-1.54959094015614,1.61308380803311,-0.936469747092569,-2.01852323218973,0.067875823005611,NA,NA,-87.323639297194,40.8025615909423
412,-3.11533282737032,-5.15580410831695,-1.12700007583466,0.0340423422092171,-1.53275787105467,1.60304150117693,-0.832896292697126,-1.93490181851481,0.243417842452883,NA,NA,-86.134963841458,40.7155940766201
413,-3.4545611888202,-5.53850167169273,-1.40696574205346,-0.0371832911872541,-1.58694772377192,1.51471640968142,-0.813093399480643,-1.92575121473611,0.290655393843821,NA,NA,-84.9493777694851,40.6175391591221
414,-3.56185713286577,-5.66755760039487,-1.50339162014052,-0.15621664995079,-1.68519015078601,1.36597935886936,-0.827944400843733,-1.94120277431491,0.288234297789309,NA,NA,-83.7672382885002,40.5084429773383
415,-3.41379535094501,-5.0470842544021,-1.86274008593211,-0.302467569357779,-1.77081983668329,1.18594692884744,-0.866449735985671,-1.97154062517466,0.227188492383237,NA,NA,-82.5888945111626,40.3883613812353
416,-2.04586178162427,-3.26420404182293,-0.841003660971478,-0.65200421781024,-2.11832955403958,0.779501517032389,-1.05092747735707,-2.19522193076879,0.00554949963764395,NA,NA,-81.4146844466061,40.2573492311621
417,-4.582454793572,-5.96279239968319,-3.24168255266032,-0.346301035181296,-1.69637413995302,0.994136137790513,-0.792064202825044,-1.90059025308368,0.361598530226759,NA,NA,-80.2449461441666,40.1154701580989
418,-4.19855892044756,-5.53533904462443,-2.89270156322947,-0.796477653762458,-2.07564462471062,0.467631529625915,-0.891212449156845,-2.00638898789791,0.234724773671404,NA,NA,-79.0800084521777,39.9627891903775
419,-3.90152740918818,-5.76705861133352,-2.0517958740121,-1.21589636198265,-2.55059081988249,0.0952131319842199,-0.956856930854661,-2.10865456324335,0.182402116263509,NA,NA,-77.9201832427106,39.7993758387588
420,-4.81047133064884,-6.83778118304001,-2.84296607130406,-1.18653647600597,-2.6280081488266,0.231447623748869,-0.90553914769946,-2.07740995905926,0.287574972505931,NA,NA,-76.7657864466883,39.6253048987876
421,-4.27659800915622,-6.50580098409689,-2.09737016139606,-1.06393990752637,-2.61366726583997,0.471073703325316,-0.931026283879046,-2.14145317123312,0.305667134073108,NA,NA,-75.6171147550378,39.4406542768368
422,-3.78741730321076,-6.38615518290841,-1.24200122298384,-1.01640984090729,-2.77510902064244,0.713808546582366,-0.963060340810333,-2.26868139942949,0.367023098432485,NA,NA,-74.4744641371131,39.2455035256483
423,0.193315596290879,-2.55144987348534,2.98900568597189,-0.110793037099549,-1.70273120619711,1.49363452775716,-0.0937822573285541,-1.36549588241318,1.36819896385281,NA,NA,-123.364139802869,37.133237709461
424,0.328924135335963,-1.03417105100922,1.66613428782941,0.0618618241360869,-0.634825914738208,0.757864817052128,-0.110082125137884,-1.13846210953624,1.05996883071157,NA,NA,-122.270940439918,37.3817316655807
425,0.767724903155331,-0.362228834348108,1.85444017928727,0.206298021674208,-0.874293147802898,1.29081950752556,-0.193819040114687,-1.14499853895521,0.896555305372687,NA,NA,-121.170556370058,37.6202990460882
426,-0.218540928864431,-1.01165316719557,0.560500647609054,0.140771729248954,-0.519407237536855,0.834594810691476,-0.455763339060115,-1.36608930838436,0.528520677113146,NA,NA,-120.063216515436,37.8488565238208
427,-0.607749092243091,-1.8627638122844,0.630756645849243,0.611397272444456,-0.0761248768525198,1.30829174558115,-0.507689567685624,-1.43980173657575,0.472961617095696,NA,NA,-118.949164906707,38.0672969781992
428,-0.328723986725234,-2.01361002236984,1.2671874751485,0.172762973674322,-1.03767829820192,1.36377528824747,-0.5955831340365,-1.57057788737896,0.412754180831258,NA,NA,-117.828634808273,38.2755478091655
429,-0.712407893510762,-2.73760350650169,1.31302937499312,0.208989651733491,-1.09069270678263,1.49188047308511,-0.579211919260886,-1.57716439093805,0.463199054395142,NA,NA,-116.701898442097,38.4735261614019
430,-1.10935101171667,-3.14550196576514,0.924153666968091,0.385209632755715,-0.927003644599598,1.69573060844472,-0.547815903607588,-1.56348431311387,0.524755986673582,NA,NA,-115.569216507636,38.6611511293628
431,-1.82959173974139,-3.30807543965692,-0.409200682032654,0.712432526550349,-0.4848251868332,1.96435500222914,-0.482393441857215,-1.48282318575866,0.598678824110482,NA,NA,-114.430864334256,38.8383413992471
432,-1.70424152667467,-3.67832668959832,0.247658444162283,0.880861913532588,-0.422805425017241,2.20003903101482,-0.524604313341708,-1.55776246189751,0.581984703325724,NA,NA,-113.287134549627,39.0050231809484
433,-1.55435203182237,-3.35764059640191,0.155632476111952,0.861930362562282,-0.449036407089008,2.19322330643223,-0.57829782113184,-1.62703380605768,0.510143679270963,NA,NA,-112.138316914213,39.1611262238652
434,-1.63838705498086,-3.38757873106385,0.0626284376509535,0.932880142130662,-0.360367712686644,2.22525431401834,-0.603297976807652,-1.65936066699456,0.492323208279374,NA,NA,-110.984716291787,39.3065802889194
435,-1.83976173202484,-3.71139736533514,-0.0122832791336106,0.999068951646566,-0.265325191321903,2.2920538429821,-0.605940438210169,-1.65737924051675,0.51259045048575,NA,NA,-109.826648326472,39.4413270905346
436,-2.0052686494836,-3.80968207273485,-0.290799840092823,1.02567820141385,-0.212555985145303,2.29875318478732,-0.612393418481581,-1.66064468913471,0.48808970114825,NA,NA,-108.664425877166,39.5652914364816
437,-1.92569449356175,-3.7324375483544,-0.171341476208221,1.02306921757384,-0.0755441502890025,2.16481343917135,-0.651643245255948,-1.71963191627458,0.442661909129672,NA,NA,-107.498379620196,39.6784269898166
438,-1.34696524345588,-3.11295718967929,0.37325960759786,0.743467691260339,-0.123366434646909,1.65501568930479,-0.778615548988606,-1.87906877152453,0.264824290431657,NA,NA,-106.328849223869,39.7806861639027
439,-1.24836943773582,-2.05172712023007,-0.445216016289352,0.736693591900317,0.189838371388691,1.33816205764859,-0.810869419762041,-1.89474371901944,0.236330002922105,NA,NA,-105.156164121953,39.8720145010301
440,-1.09093446021656,-3.02424958829228,0.840961385674,0.752828906436916,-0.476849475638572,1.99113178435147,-0.815341985527324,-1.95202088105554,0.267413913568426,NA,NA,-103.980677204383,39.9523738001415
441,-1.24776958099099,-3.35079663992397,0.846253415191333,0.743942112622451,-0.631439220511568,2.12351448584849,-0.800361702531265,-1.94980837611403,0.307735602601738,NA,NA,-102.802738668306,40.0217208316808
442,-1.49549478223088,-3.5650554924035,0.569106211117588,0.716006344869336,-0.721486292839003,2.16221662774484,-0.782695357531121,-1.92180935711011,0.339502005557744,NA,NA,-101.622700582812,40.0800264655784
443,-1.56313139457644,-3.70215884348979,0.566587393847829,0.683162146412498,-0.779593057842176,2.16217056237147,-0.788947001306234,-1.92560762170672,0.337388333399818,NA,NA,-100.440924837769,40.1272612847441
444,-1.92467033604556,-4.1547991173514,0.299436514531227,0.668869069459512,-0.819995213186664,2.16900326729185,-0.745965823680299,-1.86358771665826,0.392512343058417,NA,NA,-99.2577747951668,40.1634055044929
445,-2.39021270751389,-4.57931053127123,-0.213329269127702,0.657831369424384,-0.839266444748767,2.17164946483866,-0.68077028712939,-1.77070795915699,0.463243861377138,NA,NA,-98.0736130638335,40.1884389212326
446,-2.80302779515077,-4.8280744866733,-0.8448891873607,0.632468507070357,-0.882770473630309,2.15906082597413,-0.621433251055748,-1.67953323264127,0.520871792680795,NA,NA,-96.8888070694395,40.2023503597627
447,-2.92203179695383,-4.92355561094835,-0.944042709488831,0.614676661699071,-0.892043250241693,2.14697238804319,-0.606959383485807,-1.66613489141117,0.539210829849792,NA,NA,-95.7037246441612,40.2051329417067
448,-1.15254958541935,-2.45447503066829,0.115172730080026,0.791538049254863,-0.704123425296581,2.33231981733539,-0.852389600804631,-1.90784061180028,0.198089066638412,NA,NA,-94.5187325079532,40.1967870721733
449,-2.41285890285111,-4.42956683918326,-0.406911985219079,0.605174874591475,-0.908062360148264,2.15373309550173,-0.714801274744844,-1.76819998102494,0.389741965037556,NA,NA,-93.3342014057342,40.1773131918377
450,-2.97619129351685,-4.46080868170324,-1.53559277032103,0.49307617864696,-1.029822751596,2.03364470886632,-0.668562798056087,-1.71578077308021,0.441689385502893,NA,NA,-92.1504974387415,40.1467208385896
451,-3.48229961864499,-5.54657244429814,-1.45614030408525,0.419736112690675,-1.11652218505317,1.97125604165092,-0.614102326847551,-1.67817571673501,0.528396238797346,NA,NA,-90.9679923341251,40.1050265786383
452,-3.49411611237557,-5.52992553252091,-1.51673431909226,0.421838474923049,-1.11016200048542,1.98488519842258,-0.610206356649206,-1.68039632838176,0.520531380681119,NA,NA,-89.787043447119,40.0522523996091
453,-3.92078458888423,-5.62059862133796,-2.3661269022905,0.312656633423542,-1.23231985920338,1.87453815304053,-0.590843089790809,-1.66094112617723,0.523646455068883,NA,NA,-88.6080093209986,39.9884213180666
454,-2.14042073277658,-3.54282378562372,-0.781793692485722,0.158465328622139,-1.42282581185965,1.72219699951071,-0.876247828540178,-1.95418050613343,0.160278485075316,NA,NA,-87.431250321447,39.913563387544
455,-2.75904651619359,-4.65963046391964,-0.883897056223771,0.110841291334046,-1.43922233994226,1.66654853161198,-0.822056399840886,-1.92226769302785,0.259421384949442,NA,NA,-86.2571201639262,39.8277180118406
456,-3.24429491857822,-4.52792421920659,-2.05644760779801,0.0731715632817409,-1.43494235792212,1.59198749202453,-0.78064146611923,-1.8717756434189,0.321757463450034,NA,NA,-85.0859688685511,39.7309164528084
457,-3.49293234377055,-5.45635457631329,-1.56827299779483,-0.0949870325484744,-1.57637147785385,1.40143340531674,-0.792851930389898,-1.89703575972827,0.325192914436898,NA,NA,-83.9181388324194,39.6232115518933
458,-3.19326287558466,-5.10091043234194,-1.32920777028044,-0.275105322103099,-1.72451936040513,1.1762605039141,-0.857194528934737,-1.96517437517897,0.251820144944536,NA,NA,-82.7539664461255,39.5046515597834
459,-2.62822003669436,-3.55710594207706,-1.73042854594289,-0.507680550816249,-1.91692800206944,0.895612542895166,-0.947770392785319,-2.08139886254784,0.143878530473264,NA,NA,-81.5937793077488,39.3752901198459
460,-3.54436145547491,-4.70792964034903,-2.42797790138969,-0.463153341605691,-1.7531160551611,0.85758262621994,-0.860234804161438,-1.99741445058788,0.260171685319625,NA,NA,-80.4379043381719,39.2351846493327
461,-4.54125578088979,-5.95425267639794,-3.19356108273866,-0.375506283853774,-1.43191483330511,0.71652686797222,-0.752022644551011,-1.87743994692455,0.414299591314806,NA,NA,-79.2866582266095,39.084399215757
462,-2.80498538153953,-3.36975383455619,-2.25824398462054,-1.64493941448727,-2.57126423002324,-0.738446690913206,-0.999924968661944,-2.15672427478843,0.111058433993216,NA,NA,-78.1403458907661,38.9229990413948
463,-6.31536613191025,-7.65402446611827,-5.05553092441891,-1.486976443841,-2.86561943714548,-0.146246292391193,-0.812474731157019,-1.97298700373011,0.41128421188657,NA,NA,-76.9992644478365,38.751053696057
464,-4.22103523500559,-6.32040934792562,-2.18497989362031,-1.15149684441709,-2.70290449703731,0.363750278913125,-0.885666371126594,-2.10662030234507,0.371805732365693,NA,NA,-75.8637108585641,38.568638201777
465,-3.48954668480654,-6.05131123036698,-0.961588563086102,-1.03074975399877,-2.80575335673831,0.716955541230057,-0.908666392823072,-2.23145099392867,0.449128403643936,NA,NA,-74.7339714696923,38.3758256984646
466,1.11037842293642,-0.267956746494559,2.45805587217493,0.80534459919269,0.132795097940929,1.45538494268005,-0.204869685788476,-1.28914800385415,1.00278477122607,NA,NA,-121.963316797246,36.5227297641207
467,1.13442322085678,-0.0447190824658359,2.2116487479639,0.402371482502054,-0.441675990618235,1.27362083032075,-0.171786275552559,-1.13449152072683,0.943179009396673,NA,NA,-120.874579671004,36.7586500509818
468,-0.427646512066258,-1.338660054374,0.421939956572547,0.573116918447224,-0.21219091347704,1.39196549779229,-0.400303166035583,-1.29044296022619,0.62072609680624,NA,NA,-119.779122344335,36.9846443508705
469,-1.32308382424164,-2.25925953939789,-0.416043008571401,0.0328530733388664,-0.504642216332498,0.564476295077758,-0.628082436120943,-1.48485499670465,0.246793407027017,NA,NA,-118.677173928102,37.2006086078164
470,-0.527750469267857,-1.99919843540089,0.92374318799762,-0.218626217317695,-1.17634401805825,0.673880048631618,-0.660936522390873,-1.62248269261507,0.300599088116918,NA,NA,-117.568969347457,37.4064704640047
471,-0.666336258348368,-2.59105129762016,1.27406192360319,0.0557570226996731,-1.17083196461627,1.26093063497074,-0.63169828963662,-1.6359181567128,0.391322171963252,NA,NA,-116.454763068425,37.602159059994
472,-0.733979830440253,-2.70260337021351,1.2461698436573,0.190912698114766,-1.09146991923936,1.4605072854738,-0.623418177899731,-1.64175999127801,0.428226516498663,NA,NA,-115.334821629858,37.7875907063225
473,-1.27617233037692,-3.18867994961923,0.637177147950946,0.784005220679027,-0.444774163992289,2.03149960010911,-0.559543476410109,-1.5709567339132,0.513274644022923,NA,NA,-114.209402997868,37.9626925335056
474,-1.82797484350512,-3.75001642756027,0.0824303597642836,1.13149804466273,-0.0835867444276815,2.37364462707794,-0.543836144462131,-1.57060884856254,0.546925095946989,NA,NA,-113.078793489228,38.1273911027606
475,-1.72025113282749,-3.45698873297404,-0.0467649076422865,1.04362324084209,-0.109053720552585,2.26081617133022,-0.609661355089699,-1.65346314705885,0.463920996965379,NA,NA,-111.943272280348,38.281622014064
476,-1.72755577959443,-3.41752489389232,-0.114110522063389,1.04052983234934,-0.201180419291903,2.29314470748631,-0.632094251988186,-1.69104418739961,0.440692015624746,NA,NA,-110.803140045422,38.4253197327179
477,-2.59933752799381,-3.86960487314353,-1.35651017355844,0.997474481696425,-0.0436549739880522,2.08905979122107,-0.567615225299612,-1.6086017838638,0.529663100243503,NA,NA,-109.658693064788,38.558423728445
478,-2.2483155765462,-3.47525540619918,-1.06962368642636,1.13134071368631,0.0852852174617513,2.27079421766996,-0.6225356637674,-1.67050146506029,0.44355328043547,NA,NA,-108.510246384219,38.6808734741312
479,-2.41046192260875,-4.10506844802981,-0.820060996419355,1.28421202454149,0.374690809158491,2.276317005414,-0.619002318249205,-1.65705824679741,0.471820896772492,NA,NA,-107.358107471698,38.7926179451893
480,-1.85221814222688,-3.59466709275839,-0.15329524144426,1.02247668015873,0.120260075802924,1.97295093590518,-0.725904692748498,-1.79668275684779,0.342528640108322,NA,NA,-106.202606631269,38.8936110471824
481,-0.998901446115226,-1.93801373145502,-0.120705590929919,0.435879531988374,-0.305222157846983,1.18754599738568,-0.867618546564269,-1.98793008751593,0.156920663963385,NA,NA,-105.044072025927,38.9838054906408
482,-1.38463037393129,-3.08044931212903,0.228214951379941,0.695201057423575,-0.522392723551312,1.90351620868368,-0.82060063940793,-1.94746097643068,0.257689432083887,NA,NA,-103.882833972763,39.063159676498
483,-1.47527627310349,-3.42352423506822,0.456922572218234,0.750646694469537,-0.618469153321854,2.12311997689174,-0.806033097422477,-1.9440624248503,0.297168405864795,NA,NA,-102.719230463248,39.1316384707988
484,-2.05403998917626,-3.22892475414508,-0.921154286127119,0.72995524684187,-0.671542617189581,2.13999510175168,-0.74836854523541,-1.86567829446427,0.376004058022358,NA,NA,-101.553605201575,39.1892102475581
485,-2.25834274859234,-4.18401053266021,-0.409061342381227,0.690104991761914,-0.758190094452985,2.14960376273998,-0.73105971851124,-1.85854275189638,0.41354769770189,NA,NA,-100.386305270081,39.2358501161527
486,-2.17190645922652,-4.33191909139978,-0.0412607830839883,0.725753715363198,-0.748338876002557,2.209062813786,-0.729048785151601,-1.84602854631613,0.420833506165241,NA,NA,-99.2176799101368,39.2715368784843
487,-2.21061787321324,-4.25816508083587,-0.238497813011614,0.75684966119328,-0.69081349451982,2.22866392351054,-0.708941879469283,-1.81185737459227,0.443356612940262,NA,NA,-98.0480803590827,39.2962534340166
488,-2.90108481520499,-4.33959548890419,-1.4791728501516,0.591783262192506,-0.84559104106753,2.03105497875167,-0.630595745060319,-1.69837053332725,0.502594611089432,NA,NA,-96.8778602753395,39.3099892385922
489,-3.20861845964191,-4.47266391616841,-1.96625763110287,0.523618346384752,-0.947878932990255,1.98142653448357,-0.599678171093348,-1.6630000338004,0.546042896606758,NA,NA,-95.7073739921315,39.312736656183
490,-2.38809994176065,-3.6487353838549,-1.15001524449215,0.640625585064811,-0.810944539501479,2.12559546077149,-0.691888986589149,-1.73702236443541,0.420817024767683,NA,NA,-94.536975812285,39.3044948614665
491,-2.20450931478311,-3.98837767284279,-0.487470967812208,0.628417107102455,-0.87134470054444,2.15798138467195,-0.722980827618755,-1.78623365168057,0.377066297703116,NA,NA,-93.367019578954,39.2852677919423
492,-2.9167204617235,-4.04389296417757,-1.7656283615327,0.495333941512046,-0.99410104857202,2.02532887519296,-0.657967254769192,-1.69221658722485,0.450793446768651,NA,NA,-92.1978615363494,39.2550630413775
493,-3.51819550775486,-5.13453441251964,-1.98780850584118,0.388416889331571,-1.12370790500863,1.91051091657925,-0.594104501367141,-1.64822786011757,0.542069172100367,NA,NA,-91.0298572592328,39.2138964848205
494,-1.96048219602403,-3.25232990115373,-0.734428160772209,0.609052561147785,-0.876935697229185,2.13906717448545,-0.738764100759623,-1.81025325413572,0.349025415211125,NA,NA,-89.8633544742128,39.1617860665734
495,-2.92103048598864,-4.89106907969277,-0.990027402844817,0.382009962572106,-1.14139864907771,1.91866435171323,-0.682055480676015,-1.76461617181383,0.443179303127299,NA,NA,-88.6986950427581,39.0987594942317
496,-2.6220454313106,-4.52546399791636,-0.758353429259726,0.254249980730878,-1.27697958702895,1.78355081656643,-0.763783929241674,-1.84544739085114,0.325006047009625,NA,NA,-87.5362327291951,39.0248355889654
497,-2.5361371190512,-3.52955353337059,-1.57834324407643,0.178224688210931,-1.33970312950888,1.6969835055094,-0.796023645421613,-1.87263514058782,0.280386424326833,NA,NA,-86.3763011353176,38.9400578804009
498,-3.19440086131449,-4.82492462134673,-1.6341231876941,0.0897231496918902,-1.40015016912229,1.57172354665701,-0.762175711948968,-1.85684755595063,0.35224558012213,NA,NA,-85.2192398083647,38.844460273732
499,-3.9665286124617,-5.37137292003805,-2.62719878779552,-0.0239457317255939,-1.47592836467006,1.44214884117202,-0.711771665893579,-1.79822297432977,0.420372088972723,NA,NA,-84.0653801095545,38.738083711298
500,-3.24614649890093,-4.72127160602175,-1.9270566577114,-0.193558504960404,-1.60349464219022,1.22800682878629,-0.823798010873885,-1.93962403668307,0.292259095495877,NA,NA,-82.9150496017059,38.6209788255593
501,-2.82062663621908,-4.49560269777843,-1.25467455600217,-0.417656981312893,-1.75903891111573,0.92568532013954,-0.892618166860522,-2.02225144961911,0.203293302792067,NA,NA,-81.7685622955321,38.4931948041475
502,-2.44971231795401,-3.57401648948181,-1.34955040644433,-0.730628299708019,-1.8969686727877,0.43431736753667,-0.938819037046683,-2.09232636150835,0.159749464638741,NA,NA,-80.6262337606023,38.3547878664613
503,-2.54072772387392,-3.34042685199596,-1.774328737447,-0.975096538691487,-1.9528940434949,-0.00865342043450766,-0.912352977616005,-2.05429114812222,0.212427784318095,NA,NA,-79.4883728759915,38.2058182537914
504,-2.34084954361625,-2.90417546264566,-1.78594183936351,-1.71549380169527,-2.77637657256809,-0.687713921668872,-1.04670843349128,-2.23248979823758,0.0593577273553805,NA,NA,-78.3552703640717,38.0463448601077
505,-3.80038602889028,-4.80541456673245,-2.85133683975697,-1.33644192651861,-2.70788678278306,0.00857793603191082,-0.914312097005464,-2.10978397216982,0.271281394544901,NA,NA,-77.2272208587285,37.87643549677
506,-2.79995248148733,-4.4360598778849,-1.26646142179253,-1.03188323527863,-2.54851279322712,0.478526568739215,-0.88764543933218,-2.10522290338685,0.368513030695946,NA,NA,-76.1045034109448,37.6961609191856
507,-2.47137269831537,-4.8901354779061,-0.0791832765562005,-0.923632788012345,-2.68348118902531,0.844171721561907,-0.873834757731316,-2.19279767361411,0.490576381272818,NA,NA,-74.9873987742512,37.5055916781847
508,0.633382408509401,-1.05477220190229,2.25715709626522,0.972611280739112,0.0957734945816761,1.8621858610242,-0.376079713304361,-1.55276343251825,0.92248510824466,NA,NA,-121.662638085093,35.6625308438152
509,0.88299012124716,-0.346820435037741,2.0453315873578,0.58986400112996,-0.307920998337924,1.51353723858682,-0.300073237592426,-1.25598624109279,0.794724173803441,NA,NA,-120.58533287474,35.8959078141616
510,0.178609261021322,-1.14923733933168,1.52340350575836,0.325300410451296,-0.602125490783247,1.26376899023213,-0.448644463218037,-1.33676890541284,0.566077557782331,NA,NA,-119.501521961124,36.1194344555924
511,-0.851983158219276,-1.73720882545988,-0.0436629362543022,0.291576961310841,-0.265818053584522,0.832149842038572,-0.534656761301971,-1.39958607435637,0.395058609925935,NA,NA,-118.411436232228,36.3330276026651
512,-0.740966648544649,-1.45608200282912,-0.0656058650430711,-0.0206277379459666,-0.726280336296903,0.581452718571236,-0.647992323228338,-1.58497098390822,0.315947559081273,NA,NA,-117.315303694894,36.5366063417174
513,-0.692645761021154,-2.04314672121876,0.604408205339517,0.0304874452001936,-0.959732821424386,0.99785749582047,-0.663981807833045,-1.65278877788555,0.344485036793434,NA,NA,-116.2133725082,36.7300989226248
514,0.114651162560574,-1.37594498579549,1.36850876885863,-0.470418474405868,-1.66421231187141,0.780869315133511,-0.758696054844254,-1.80788457481426,0.245215369138982,NA,NA,-115.105896338569,36.9134261328976
515,-0.699056273007087,-2.01242390973287,0.551168943163982,1.09448323698822,0.241390044029759,2.01645476626117,-0.584049638824003,-1.58785770614139,0.474327212203404,NA,NA,-113.993137669056,37.086526449283
516,-2.61802509728572,-3.61724448383489,-1.69265218547944,1.82213916961319,1.04312940039364,2.64080086630967,-0.479893889953187,-1.47891783006236,0.618963119302103,NA,NA,-112.875360805283,37.2493280291278
517,-2.7901646092799,-4.27169226036567,-1.39689865878384,1.55428342111904,0.480100598764429,2.69561093215094,-0.54507916079381,-1.56921499482864,0.549229042094804,NA,NA,-111.752845455242,37.4017670620493
518,-1.66046203417265,-3.48953848142781,0.141575967248716,1.32213022460866,0.0822103089042383,2.58727136168805,-0.678787926002738,-1.74819791834675,0.391887437704342,NA,NA,-110.62587640612,37.5437825048112
519,-1.78058763563483,-3.32904741171907,-0.280702571740999,1.20445247070395,0.221936963871435,2.2557327569172,-0.698867556158919,-1.77502103583381,0.370282678813521,NA,NA,-109.49474479043,37.6753176673013
520,-2.27285062381601,-3.73342259940419,-0.890191992234097,1.1685277736289,0.152257461706638,2.29166736937678,-0.687815458149947,-1.76413177909823,0.399858726055328,NA,NA,-108.359753418836,37.7963175306898
521,-1.93374942862265,-3.72287695999374,-0.191274890042277,1.08861087763215,0.24292704190467,1.98405783550427,-0.754242582611653,-1.83136212932194,0.306145574984178,NA,NA,-107.221201750999,37.906729199834
522,-1.35193919235661,-3.02194440716999,0.291363527626741,0.673831394810981,-0.252534333460813,1.65331125002871,-0.864748726302042,-1.92927211175083,0.135516258730601,NA,NA,-106.079403702253,38.0065108227328
523,-1.43632222154417,-2.5166589822542,-0.411169208996494,0.488034333654336,-0.307394152492812,1.33153880259584,-0.888902131274412,-2.02371645427861,0.149369936414119,NA,NA,-104.934684147493,38.0956200471449
524,-1.36524566947657,-3.06121543192094,0.243097428403732,0.72245904251366,-0.537279989457124,1.96148007579809,-0.857525335968468,-1.99661226516953,0.216052653782935,NA,NA,-103.78735330854,38.1740155516912
525,-1.21886865901892,-2.92910668992855,0.417412913287024,0.832366724041099,-0.538414501910463,2.20139212194914,-0.852693186335887,-2.00829527887222,0.241910860145324,NA,NA,-102.637745435024,38.2416599587625
526,-1.82791581112434,-3.80677410333928,0.142389657841045,0.821418217797031,-0.591128373103437,2.24938375321314,-0.7904375280123,-1.93099839375037,0.337988835098935,NA,NA,-101.486185949486,38.2985307288224
527,-2.35538372577555,-4.32162848477683,-0.488398110002974,0.761112901660456,-0.675205570579294,2.19653871888136,-0.736082659000912,-1.84608497928485,0.428541777255,NA,NA,-100.333011826432,38.3446012177633
528,-2.2956890699664,-4.44356196605571,-0.190328867484748,0.792358708257718,-0.661018377592127,2.25709017823318,-0.726599222769045,-1.84647456254727,0.432044987815597,NA,NA,-99.1785602223057,38.379851189393
529,-2.39547592422701,-4.48902668561526,-0.323454395352571,0.76517468719348,-0.680638042591622,2.22719608312822,-0.702982031895896,-1.8042034425661,0.452307251081658,NA,NA,-98.0231689990501,38.4042651351409
530,-2.45064044966319,-4.43900030103312,-0.499448141625421,0.724119396247606,-0.723442623644724,2.1883907051807,-0.686353294659834,-1.77234323780547,0.465535453371711,NA,NA,-96.8671796584544,38.4178319140735
531,-1.69597091911922,-3.27378575355999,-0.151604566229075,0.855058660738177,-0.579207498428133,2.31782643674865,-0.737905246913785,-1.81721273284189,0.379032161152404,NA,NA,-95.7109328012382,38.4205468639626
532,-2.55315862960867,-4.15389923818527,-1.01416241570398,0.658521667470226,-0.781752104051275,2.13553988478169,-0.653316054261301,-1.711225483624,0.486198771990721,NA,NA,-94.5547730329334,38.4124052219911
533,-2.67883246388925,-4.60541365541357,-0.780873943857606,0.580537853831673,-0.915375071205971,2.09113023822144,-0.640884664253806,-1.70139518347614,0.499321955035419,NA,NA,-93.3990396329599,38.3934131075646
534,-3.56160554886801,-5.02663431538721,-2.1772505773025,0.383166587479977,-1.12508849475508,1.89211671577141,-0.55876459512351,-1.61186568321966,0.596225484751201,NA,NA,-92.2440747815653,38.363578337748
535,-3.72823266425918,-5.14077040037621,-2.38242239346062,0.315231616831849,-1.18910543902199,1.84428968407906,-0.553522726829264,-1.61860987867899,0.614125722252682,NA,NA,-91.0902207445828,38.3229155180324
536,-4.37940006554301,-5.98530384771868,-2.8699949532018,0.20010007729022,-1.29577902685544,1.70412176539143,-0.524082344586418,-1.594003064908,0.669554595208726,NA,NA,-89.937814287283,38.2714405142085
537,-3.18683453564735,-5.13387805634104,-1.29701002762456,0.344521708307879,-1.14422292053254,1.85245464945033,-0.637720825832875,-1.71982030613684,0.516159701064549,NA,NA,-88.7871865883385,38.2091795679962
538,-2.89721346225305,-4.54598979838998,-1.33571190422515,0.295791815489888,-1.18650017345748,1.76650512535862,-0.700504938374834,-1.78166991104612,0.432918347730803,NA,NA,-87.6386757528329,38.1361525051646
539,-2.49657614847008,-4.19588836591435,-0.845989557640267,0.256056824314836,-1.21836974539911,1.7227011698679,-0.761709441766046,-1.84817997155114,0.350136751355359,NA,NA,-86.4926073540341,38.0523977996748
540,-2.57316293240218,-4.03077256600194,-1.2158261075887,0.158633056461688,-1.29066694126264,1.61144679788521,-0.785179229592542,-1.89400321578881,0.314434675758468,NA,NA,-85.3493065114026,37.9579486932014
541,-1.23053865420889,-1.92115048935236,-0.551940542162923,0.158678052569663,-1.22286960106621,1.54236880014455,-0.867413314396016,-1.9694050967885,0.211656821940649,NA,NA,-84.2090954411049,37.8528455052283
542,-2.25994753616341,-3.07738621400321,-1.49858925598509,0.0410637228656569,-1.30042087354035,1.38167158150718,-0.841065686795279,-1.94824567164828,0.262266742591922,NA,NA,-83.0722855019255,37.737133194436
543,-3.15477379241115,-4.70636417405514,-1.67915264016607,-0.234594599742657,-1.49379286650087,1.0347198031834,-0.85621103760917,-1.97597895043681,0.254895821470679,NA,NA,-81.9391860941472,37.6108595901945
544,-3.47139509811685,-4.51324382080136,-2.46503985833227,-0.477271680130829,-1.60401232180396,0.660519816510798,-0.873486456458479,-1.98390040635371,0.233463300292071,NA,NA,-80.8100992716109,37.474078655353
545,-2.85973152269851,-3.54437038377381,-2.2197331061624,-1.23399550177555,-2.41679555740943,-0.0879396468162177,-1.01015683769701,-2.17620410622511,0.0910811629724192,NA,NA,-79.6853184209332,37.3268448504166
546,-2.1241447520015,-3.21908792552664,-1.08538696316426,-1.2957220843065,-2.62461685855732,-0.00666929718763623,-1.02287405289339,-2.20876588096332,0.108939463701454,NA,NA,-78.5651377299824,37.1692169128821
547,-2.56683554627828,-3.86533655806585,-1.31912289285379,-1.14125821158056,-2.5566736881922,0.256554879029452,-0.943549572164722,-2.12520549895452,0.238520613899732,NA,NA,-77.4498330833081,37.0012570112371
548,-1.83964957465725,-3.07588695263282,-0.645919027625615,-0.967632933968575,-2.50713437008312,0.550940285432702,-0.895628483506272,-2.1157820956985,0.338511925514824,NA,NA,-76.3396773005736,36.8230338616193
549,-1.11017751587708,-3.32274213430048,1.14544014597615,-0.704433137763784,-2.46299311016844,1.06511693501615,-0.828840720155557,-2.14542815763736,0.54337579747915,NA,NA,-75.2349523677552,36.6346159610231
550,-0.153787341643793,-1.35212172182562,0.92841373751853,0.052018420292186,-0.305207979561327,0.419627995728337,-0.38822829878842,-1.36433168375597,0.720042606037478,NA,NA,-120.302590776607,35.0319080612148
551,0.600043310976315,-0.48382347356774,1.61346782467792,-0.284525741678234,-1.16687173124727,0.610188504809766,-0.631735248156054,-1.46387143250293,0.285337917990044,NA,NA,-119.230199494328,35.253077098854
552,0.892609194851152,0.0858312427382034,1.69272351433474,0.117124728966544,-0.651541856786374,0.897647586502684,-0.580894269078209,-1.42110652359054,0.330853021621336,NA,NA,-118.151738936509,35.4643909262371
553,-0.0103236404154368,-1.52442724189907,1.51484416136759,0.141333443883207,-0.813206923915586,1.05419752388301,-0.658119737068333,-1.57230125872097,0.283935398983026,NA,NA,-117.067438641068,35.6657758068516
554,-1.1248750121525,-2.07572046122798,-0.245949897476238,0.419063628477984,-0.221371938610632,1.05367996555064,-0.628851229075368,-1.56587933408466,0.356711099441247,NA,NA,-115.9775300731,35.8571589949447
555,-1.29940867828561,-2.74260369499097,0.0702246645473534,-0.0464177452238852,-0.902147482915589,0.793865523026923,-0.752473058441641,-1.75598504672785,0.245177092739652,NA,NA,-114.882266614617,36.0384807480857
556,-1.56841735731804,-3.32175243409362,0.164379864187952,0.713644883465103,-0.398379743241216,1.79534993879037,-0.674491522665549,-1.69449984519997,0.360879716588792,NA,NA,-113.781889418405,36.209661329931
557,-3.67501786341182,-4.83144052278301,-2.5849303484161,0.96109127412052,-0.0282416755251846,1.97750024220702,-0.641589412340191,-1.68320005153488,0.426178517074533,NA,NA,-112.676670132679,36.3706439340947
558,-3.06594900072983,-4.50405661741239,-1.73743473037573,0.912413542025462,-0.171221837962041,2.00339164372211,-0.690036309388617,-1.74796562631027,0.375118448957998,NA,NA,-111.566874236892,36.5213650906732
559,-1.59284121096163,-3.31440543916991,0.0740377557133971,1.13130645762056,-0.0954445539086197,2.36993913421706,-0.771854608688399,-1.85397053554359,0.288858906651721,NA,NA,-110.452777127526,36.6617694629001
560,-1.56593848201804,-3.47438510724499,0.32343151445567,1.1148098059658,-0.109727688481204,2.37381881202898,-0.784883965724561,-1.89293106264438,0.287285746707769,NA,NA,-109.33466178757,36.7918036274834
561,-1.80100520604126,-2.98341494266123,-0.681447736407791,1.11622615485093,-0.00709467666840968,2.2766034580273,-0.797157461209799,-1.89058199907572,0.268150970263413,NA,NA,-108.212816832847,36.9114129398742
562,-1.29692609285375,-2.93469433452561,0.290323536496221,1.16847672298194,0.205417696658348,2.2012406185797,-0.87303882486045,-1.97075927414174,0.157453711957646,NA,NA,-107.087542286182,37.0205493451879
563,-0.924164247172847,-2.65948717724307,0.780280603182211,0.776612798459735,-0.203189548790849,1.77040539469131,-0.97116771243303,-2.10102241174627,0.0478387886093318,NA,NA,-105.959132755568,37.119170536019
564,-0.85310953820191,-2.37729992244409,0.616655740202092,0.832254853882609,-0.101957252433715,1.82693582444836,-0.946632379911939,-2.09903507872056,0.110431073325739,NA,NA,-104.827902891441,37.2072367968329
565,-0.907049448023956,-2.7078738053479,0.849925540684321,0.954175122783234,-0.332581094660354,2.24823975976876,-0.914023720891585,-2.06749895310147,0.16996851739722,NA,NA,-103.694155486083,37.2847171399654
566,-0.865895887487976,-2.70954503716789,0.892555514840649,1.0362054420831,-0.338618305738852,2.43856160831906,-0.893469788578019,-2.04762980625272,0.200219136522096,NA,NA,-102.558210832804,37.3515676833009
567,-1.68097060536427,-3.78322115735882,0.398912068766888,0.963237662964794,-0.45134080893111,2.40581256860965,-0.8266742976293,-1.96704278223903,0.296426801120849,NA,NA,-101.420382928987,37.4077669518579
568,-2.13198858928198,-4.24401797526198,-0.0371655794695544,0.912558361281313,-0.511877540423431,2.34969879822327,-0.775575100827341,-1.91042008975802,0.365143090936276,NA,NA,-100.280996301427,37.4532960064895
569,-2.24359464576494,-4.26059013338465,-0.299044588401018,0.905264191818789,-0.514396128763995,2.32189739966483,-0.743081846638271,-1.86128678438795,0.406762822105756,NA,NA,-99.1403803655908,37.488127794232
570,-2.63014599540629,-4.3395365452212,-0.985752146122433,0.796451413414375,-0.578178893604387,2.16277672871492,-0.690228561775588,-1.77910083103284,0.473005168453403,NA,NA,-97.9988566265981,37.5122514357631
571,-2.81400586365192,-4.32936252581065,-1.32788709023402,0.680194568929107,-0.68288747186296,2.04259356420933,-0.666914343096208,-1.73957759984062,0.488917691603336,NA,NA,-96.856758037379,37.5256561411825
572,-2.30186002186523,-3.8646582439697,-0.780527303567669,0.753793108950071,-0.646305299973334,2.17235409993655,-0.698832420683196,-1.78320522662931,0.434306522645413,NA,NA,-95.7144128201398,37.5283384001339
573,-1.75172429218822,-2.90466178640452,-0.628158714078437,0.869792741075623,-0.528166728603495,2.26832116173801,-0.688780468229566,-1.76405630094716,0.439382836082272,NA,NA,-94.5721440592926,37.5202937895389
574,-2.38379917208823,-3.7968605398813,-1.03026899605341,0.649514499599958,-0.830470621960424,2.13351781965046,-0.628742847761789,-1.69087695865288,0.516842485418521,NA,NA,-93.4302899326995,37.5015272369665
575,-2.69374906682072,-4.39962132790526,-1.07675479066481,0.524715337365282,-0.998225050272059,2.04043216865988,-0.612496302870569,-1.67501941880006,0.533025094485163,NA,NA,-92.2891787158639,37.472046992223
576,-1.90843633356591,-3.25042580638975,-0.646607907018477,0.556656178853516,-0.929864988538915,2.08238811281521,-0.661282109412829,-1.73987300647889,0.47794919347153,NA,NA,-91.1491373682446,37.431866867467
577,-2.84796074071971,-4.62775594234663,-1.12142795230138,0.465345230521274,-1.01520291614218,1.96887722096656,-0.611488996274963,-1.69528894048014,0.555816824016459,NA,NA,-90.0104907932009,37.3809994378495
578,-2.55121766825141,-3.73798528033839,-1.41803957344281,0.498975224261178,-0.94207320805315,1.97306817907208,-0.644641317139604,-1.73344070120559,0.509649503110921,NA,NA,-88.8735629644813,37.3194699063328
579,-1.58058821812859,-2.65276691444701,-0.538028429661882,0.606226753426249,-0.777235377710097,2.04322652940054,-0.715731795486713,-1.80016694662851,0.4148807141894,NA,NA,-87.7386760931953,37.2473004911942
580,-2.47629647272943,-3.9335741329115,-1.10021559759654,0.349191289843071,-1.09862127186617,1.80786957230085,-0.745525160060537,-1.82645261828867,0.388432099990302,NA,NA,-86.6061456296575,37.164524450563
581,-1.9045649718055,-2.88877379831759,-0.986900926398947,0.25139344276525,-1.13390926023015,1.66204975084081,-0.81003736692009,-1.89378696006242,0.303591423754674,NA,NA,-85.4762862507707,37.0711745439806
582,-1.22015559637574,-2.29332979934743,-0.20050729103741,0.204845187758804,-1.11907540985641,1.53022945811335,-0.849417725324356,-1.94698513760023,0.24689108884054,NA,NA,-84.3494084272059,36.9672917375404
583,-1.24003891106547,-1.71927906236403,-0.789159737194704,0.347768738978806,-0.830143446459171,1.53134853545468,-0.790195484053307,-1.87585271440384,0.312286417899585,NA,NA,-83.2258116661339,36.8529122762995
584,-3.22506804422351,-4.10703378845225,-2.36948002273819,-0.103448855655597,-1.0782669076371,0.88762987909106,-0.848060882820985,-1.94009660934711,0.260551528439929,NA,NA,-82.1057962855944,36.7280855142713
585,-2.48375768608753,-3.07422160662126,-1.92900416839707,-0.834808516111926,-1.61596521753142,-0.0537392593958786,-0.962134774027065,-2.09313130811369,0.138572326460403,NA,NA,-80.9896553568726,36.5928588630763
586,-2.55825308001528,-3.30235749200992,-1.86911542891751,-1.17492333757327,-2.38256280093863,0.0184797390245198,-1.03172076659006,-2.19403922679597,0.0791859558273832,NA,NA,-79.8776732937981,36.4472883764282
587,-2.64497906338255,-3.47825346523168,-1.80638943016399,-1.32873969919844,-2.66657681574345,0.0154097106670324,-1.09367585431877,-2.29597462356863,0.0277571248473309,NA,NA,-78.7701306682196,36.2914295214887
588,-1.49919683438279,-2.68040242303043,-0.342988357339033,-0.887584123546823,-2.30734785574336,0.52375039059351,-0.973922598451918,-2.15935574002018,0.189019114128458,NA,NA,-77.6673005161407,36.1253403081565
589,-0.751481500365329,-1.98110063593399,0.459451541544613,-0.606218651640873,-2.13378438223168,0.947173053142143,-0.882515809513463,-2.07776767965539,0.341372485901104,NA,NA,-76.569445967277,35.9490790398563
590,0.985928330342338,-0.456829285675634,2.46527923593535,-0.223444667996659,-1.96933460308756,1.47082898385581,-0.722101215129194,-2.01431018424744,0.700786470753144,NA,NA,-75.4768283533307,35.7627187035339
591,1.65025443934261,0.115473700602092,3.14605503381832,-0.732236705588364,-1.86828406089974,0.35791176127974,-0.531336428402134,-1.42375588873871,0.480836946108851,NA,NA,-120.02613654133,34.1664962429658
592,1.50557092202446,0.619986810094034,2.43375201379279,-0.094824250625661,-0.909669044104644,0.713488460387735,-0.977360168560868,-1.54286917804557,-0.437555958300179,NA,NA,-118.964949047009,34.3854061396851
593,0.879826679285789,0.231285991181122,1.55442215079059,0.707313528323391,0.0307164617586899,1.35851937168664,-0.886272830089133,-1.6754140985561,-0.132566384406152,NA,NA,-117.897888054186,34.5945337015146
594,1.02602033226198,-0.242766084929556,2.29386158001186,0.186284652176727,-0.676763675101401,1.04108579666165,-0.761214270702572,-1.65933717096365,0.138066250903956,NA,NA,-116.825177471489,34.7938141247035
595,1.38565263265206,0.500374447978281,2.3072289620085,-0.0235028720687256,-0.771999225818148,0.684056690088801,-0.700576933842265,-1.65093067688194,0.266832140959147,NA,NA,-115.747047988938,34.9831808868647
596,-0.0917314198048743,-1.77235464196874,1.5807072280342,0.150633351089054,-0.745323201700387,1.01783359786163,-0.752128242054405,-1.7611121459122,0.243531859963985,NA,NA,-114.663736271027,35.1625657203732
597,-1.39583029251887,-2.94866882257022,0.100254099068894,0.382680888605468,-0.733522170248293,1.48782098064622,-0.784809020275336,-1.82405606089443,0.248445652353899,NA,NA,-113.575486327155,35.3319114580904
598,-2.61969977103428,-4.05849252770884,-1.27576334208824,0.729548546529796,-0.315203795206533,1.81032349194539,-0.76487149273169,-1.82454679607568,0.296751945152535,NA,NA,-112.482556777768,35.4911508855669
599,-2.01737448940524,-3.30039720399741,-0.816192434283002,0.398656818066376,-0.4939909421472,1.33186420787919,-0.857852030548905,-1.95596690346857,0.191955629231899,NA,NA,-111.385204137064,35.6402291144279
600,-1.31747649293297,-3.16620617070965,0.536217406278244,0.870171971129352,-0.367503510733257,2.11282210985679,-0.85127513798471,-1.96666412727091,0.213885099738704,NA,NA,-110.283695559501,35.7790906685353
601,-1.0940194326947,-3.07162462335798,0.885712710122858,1.00481673836698,-0.272794740339966,2.2921267995363,-0.872500237066987,-2.01208577384363,0.199513991548777,NA,NA,-109.178307857342,35.9076846356341
602,-1.22908320525635,-3.1405723812141,0.663285170258751,1.11099168460209,-0.125817712288727,2.37027428238239,-0.900281183113426,-2.04687423115352,0.160834221933938,NA,NA,-108.069316837298,36.0259633119086
603,-1.30146052384241,-2.78206656387972,0.145364968395156,1.23550655311974,0.247919222307608,2.26829383016519,-0.965775920886559,-2.11518974750992,0.064014824270596,NA,NA,-106.957014864548,36.133879337387
604,-1.04986065401182,-2.32551753286159,0.181966168349423,0.622090079726149,-0.25683513965605,1.51805006260272,-1.08681676261259,-2.25267536432989,-0.0782083304845302,NA,NA,-105.841689149214,36.2313911468949
605,-1.3797409188695,-2.95924518576343,0.176705701281685,1.18091431295506,0.119872814182427,2.29618810714996,-0.94612880363242,-2.10144079647389,0.113768320055786,NA,NA,-104.723636010913,36.3184629216187
606,-1.21769419661986,-3.1754893610782,0.7467793716958,1.19371015379612,-0.104182761677624,2.52204531723367,-0.918745865698401,-2.09516336376014,0.160984605353588,NA,NA,-103.603156184361,36.3950594861517
607,-1.41650367033071,-3.42571293458327,0.585567359780736,1.15515467937221,-0.213276556028038,2.55527647789635,-0.888572641355884,-2.04839311106299,0.21313607192559,NA,NA,-102.480554240713,36.4611501488424
608,-1.89571599450074,-3.98811453844134,0.180483447531433,1.07737629852718,-0.322014328548928,2.50550883517679,-0.841428510641617,-1.98994503378943,0.279362280319632,NA,NA,-101.356139402595,36.5167115383577
609,-2.2444023470567,-4.27196728864899,-0.236590083223775,1.01956722517443,-0.379087378516946,2.43015028524298,-0.78864291987516,-1.91488450249025,0.352883867431439,NA,NA,-100.230217342821,36.5617170529393
610,-2.79554970074411,-4.64702060562208,-1.06699697221735,0.827489916732062,-0.522182621553388,2.16165395985713,-0.740950952685309,-1.85376881988601,0.424423926489285,NA,NA,-99.1031081466468,36.5961508838878
611,-2.30599694653841,-4.24448551116261,-0.383071339621567,1.01100938264712,-0.336690405370392,2.40004518595071,-0.709985829175877,-1.80929266770821,0.446674853849752,NA,NA,-97.97512382986,36.6199978976237
612,-2.03186541490126,-3.73297586342466,-0.347614605877943,1.07199701438121,-0.268993618927611,2.43229806722295,-0.680216903927646,-1.76553625900094,0.480416380202285,NA,NA,-96.8465832366941,36.6332474968347
613,-3.19934815418642,-4.68651531009407,-1.75231002998218,0.586520903576931,-0.77149771168845,1.92982207044227,-0.656137108090309,-1.71985878848123,0.502652271300867,NA,NA,-95.7178054313627,36.6358950864565
614,-2.79906110268296,-4.17228782267277,-1.45780172420357,0.647767951470059,-0.783598916428788,2.06268986046932,-0.638454038387663,-1.70586685820028,0.500260865993709,NA,NA,-94.5890993693622,36.6279457447866
615,-2.26792642362716,-3.09496442179638,-1.46042700436844,0.562955259677272,-0.880095400847232,1.98950234769357,-0.593314159708027,-1.65334490386947,0.55150442329486,NA,NA,-93.4607988549087,36.6093969291428
616,-2.58522805174011,-4.10758233006631,-1.13709206785077,0.552688594882251,-0.928187113757823,2.04109844961146,-0.619899876260837,-1.69569779490781,0.516717755242632,NA,NA,-92.3332113962127,36.5802555949369
617,-2.52943551400413,-4.17664785771814,-0.932807967458835,0.564784018925381,-0.900772308581654,2.07491370487569,-0.633998125417944,-1.71880648661547,0.516020997606025,NA,NA,-91.2066571253456,36.5405345975734
618,-1.87046755893765,-3.36614638737143,-0.39487760873327,0.71626413978274,-0.693476910649459,2.18204302018239,-0.64814023085992,-1.74494960855205,0.507606839570565,NA,NA,-90.0814490964747,36.490251352068
619,-1.77656242751086,-2.85883308769015,-0.721831826414167,0.638968132438249,-0.800659373160738,2.11196007344996,-0.675008719165847,-1.7671564540357,0.481547365246049,NA,NA,-88.9579002873176,36.4294205043187
620,-1.70833689170004,-2.69795530932169,-0.74055721760964,0.551527057108755,-0.873211418165586,2.01555478187306,-0.72554640768708,-1.81386805532917,0.414152855137359,NA,NA,-87.8363208121425,36.3580733327893
621,-2.0194975543006,-2.83179604411292,-1.21765498516001,0.467861797288338,-0.931071456012668,1.89304207423657,-0.768766000874618,-1.85662273561629,0.342188186342617,NA,NA,-86.7170145279256,36.2762347558494
622,-2.59920724402217,-3.72246741500858,-1.59555718733806,0.331762085101791,-1.02000118488439,1.69588066524174,-0.822803210523932,-1.91680683232807,0.290545162765439,NA,NA,-85.600287763351,36.1839370134053
623,-1.46501440121406,-1.91149341672761,-1.02292933431715,0.0569121583590575,-1.04247061827611,1.149464780193,-0.905953752821982,-1.99796375735309,0.173977124618273,NA,NA,-84.4864366967876,36.081218143254
624,-1.10467754512763,-1.69882613330737,-0.532394509406744,0.696004060192003,-0.18069505575877,1.548485159644,-0.814822296393016,-1.89381348869147,0.297765139357937,NA,NA,-83.3757543007893,35.9681156892377
625,-1.49892558879154,-1.93604701282079,-1.07322753365728,-0.00525255211063905,-0.663838085219525,0.653988658546843,-0.885192516811864,-1.95012981184561,0.191682071405713,NA,NA,-82.2685305541749,35.8446742725125
626,-2.02526770421626,-2.47212955902236,-1.59283015370035,-1.07030902113158,-2.0681621718504,-0.0932044430669481,-0.992305186286678,-2.11777607073138,0.104660954940575,NA,NA,-81.1650469273391,35.7109377876521
627,-2.42844822326255,-3.36462023247297,-1.51191759406757,-0.891374690579919,-2.1305040442211,0.325933648309794,-0.964157124023084,-2.09765137386218,0.151539817599739,NA,NA,-80.0655817732434,35.5669609294259
628,-2.24774719098806,-3.1541829622237,-1.3415902031532,-0.720579368470385,-2.06530647184857,0.648223749310778,-0.939248368426255,-2.10359668383136,0.207792840954363,NA,NA,-78.9704081276645,35.412796109555
629,-0.69405889818333,-1.83448349854546,0.454375553624503,-0.398023531871945,-1.85312436747226,1.06422190282294,-0.911269028151483,-2.09243126574878,0.260854955997037,NA,NA,-77.8797851380037,35.2484958376365
630,-0.476407400611312,-1.87841942398858,0.935115448221512,-0.417264885409114,-2.02468627685919,1.19279076981196,-0.891910988715474,-2.13254622314314,0.382050271073861,NA,NA,-76.7939731044321,35.0741222988729
631,-0.278070357792204,-2.64425289340696,2.1671904069861,-0.471055325856271,-2.47670842732995,1.53003165272611,-0.857999013470568,-2.32183872456163,0.632396203006156,NA,NA,-75.7132230142061,34.8897383052878
632,1.50220117678399,-1.16410817244453,4.19460609237284,-0.570893245995395,-2.25820949562411,1.08728959633237,-0.772602765139764,-1.90364941097091,0.396151192295741,NA,NA,-119.755767711857,33.2995266771737
633,1.35988056942344,-0.588783396453302,3.27010375858706,-0.411938482436851,-1.68282348011728,0.847754407879516,-1.01521342172328,-1.94565601327776,-0.166705603804227,NA,NA,-118.705572132918,33.516262079008
634,1.81569555264554,0.510551342922596,3.22402743846004,-0.265089620603329,-1.25712136285558,0.706360482858534,-1.06885446109589,-1.91604735813868,-0.29473435972327,NA,NA,-117.649689716217,33.7232936288822
635,1.16066977626352,0.421714487210983,1.89647888090355,-0.162250579038276,-0.695606834292304,0.365684302130902,-0.864854963562679,-1.75525829806807,-0.00291772072190905,NA,NA,-116.588339544561,33.9205553561383
636,0.500847903225411,-1.08191019262224,2.07809015923042,-0.397535900028017,-1.31816350928323,0.464916220512605,-0.900810888984547,-1.92070823977417,0.0463487814579518,NA,NA,-115.521748159785,34.1079848738004
637,0.518822054503611,-1.26451248376286,2.33648973593279,0.188580288729185,-0.601181893654948,0.97469576081179,-0.799770008204978,-1.84348718951292,0.211458082423306,NA,NA,-114.4501433785,34.2855219466443
638,-0.00614566972042572,-1.80689630422354,1.80965491771854,0.246717202094615,-0.820259740692597,1.27491363878113,-0.839161631763871,-1.92333641424266,0.188193391547804,NA,NA,-113.373766698282,34.4531033661059
639,-0.315286874222786,-1.01766660820508,0.326998496324051,-0.0894920369600677,-1.38272692199966,1.27968133429059,-0.963630315402591,-2.08766429731934,0.0713942917368928,NA,NA,-112.292865879915,34.6106732761876
640,-1.41769747418944,-2.46604084293854,-0.433183334619756,0.683776529419021,-0.330962806150594,1.70881198364602,-0.884578815978718,-1.98430056400968,0.166229672904614,NA,NA,-111.207687031943,34.7581768218737
641,-0.557834053898956,-1.49166290978145,0.366089412920867,0.945370505846377,-0.257405831729648,2.16860289503069,-0.905876859520543,-2.03599683070708,0.150964316206145,NA,NA,-110.118495266948,34.8955608956508
642,-0.260502286210761,-1.99080879178999,1.43503177069395,0.922758079302078,-0.315103946905234,2.17917715750089,-0.956040157053986,-2.12465166725862,0.108201868497609,NA,NA,-109.025554704559,35.0227765030052
643,-0.716382733280329,-2.49930071369651,1.00976572438279,1.08721827447805,-0.137611339320614,2.33465840536388,-0.961559652897404,-2.14525980698119,0.107514354506941,NA,NA,-107.929135090049,35.1397781586986
644,-1.09339250089311,-1.87239837918377,-0.324351076257369,1.27354579972766,0.101433575238019,2.49134406057029,-0.988969361434058,-2.19858807260004,0.0686760245181021,NA,NA,-106.829513440832,35.2465236306665
645,-0.405253329262824,-1.402928244898,0.555080459647524,1.56257613794079,0.329970528065443,2.79965830260979,-1.02394284672065,-2.23970120366857,0.0239351762807082,NA,NA,-105.726972594357,35.3429738755778
646,-1.1844417242821,-3.05780930479142,0.685388428380047,1.44927542712172,0.162665435624376,2.77729216090477,-0.96021494673431,-2.15415747836904,0.119663312991526,NA,NA,-104.621798300476,35.429092902366
647,-1.15812303699956,-2.95742052517536,0.601939337913989,1.47735516586565,0.140077341312057,2.82648591667928,-0.922733435959322,-2.1085992186021,0.163349147772841,NA,NA,-103.514280052647,35.5048478297149
648,-1.70378904455698,-3.30951897989539,-0.178186307052031,1.31459151693107,-0.0409532140714496,2.70074209949318,-0.894435579873217,-2.04807751485892,0.200882553462358,NA,NA,-102.404712979181,35.5702117788851
649,-2.24451508753032,-4.18196961673688,-0.316149991958964,1.17235489892624,-0.196881257086817,2.55964473429278,-0.857627917603599,-2.00735578032305,0.261656855373375,NA,NA,-101.293394757491,35.625156518245
650,-2.14346009503277,-3.37392960127831,-0.913861539406978,1.26667990463835,0.0112427750453454,2.5629211791279,-0.797581174763177,-1.91809854382099,0.352067382073396,NA,NA,-100.18062547812,35.669663486866
651,-2.45522252442978,-4.27968398280565,-0.658820585632234,1.06678750279068,-0.256310172876573,2.39040784920091,-0.766762361648843,-1.88250366000784,0.38172009132622,NA,NA,-99.0667079701669,35.7037145552923
652,-2.84453430245582,-4.41313493519618,-1.30384151271566,0.910365951203336,-0.373095326121062,2.17663985686838,-0.726669549912887,-1.82598950052879,0.424704102011952,NA,NA,-97.9519459884714,35.7272963047346
653,-2.48225277014359,-3.97838729773848,-1.00384597530595,1.01288539841651,-0.298033046710139,2.30986011048426,-0.666549138029475,-1.7560317510961,0.503526325981688,NA,NA,-96.8366480045183,35.7403992996318
654,-3.21542422703473,-4.73192390077577,-1.70531878534803,0.69105449132308,-0.641341893165876,2.02597903369489,-0.650924558283548,-1.72515479198813,0.507306160828595,NA,NA,-95.7211160345087,35.7430163204157
655,-3.23487736105441,-4.41253531315164,-2.10514208954793,0.550336890819443,-0.785545662896817,1.9000696593793,-0.646267793495511,-1.72613498647928,0.498715046187754,NA,NA,-94.6056610064898,35.7351583636162
656,-3.07581301204931,-4.28580196104475,-1.93908511103482,0.459572986198904,-0.909018698375959,1.82560316400766,-0.629836729745781,-1.70177775700018,0.512752966140304,NA,NA,-93.4905895765965,35.7168133598825
657,-3.07984838765382,-4.51616397572725,-1.73685991656479,0.564246106038373,-0.879431339513663,2.02451585807952,-0.617993480175826,-1.69478072169778,0.52564204216334,NA,NA,-92.3762127222775,35.6879946515624
658,-2.38450380219697,-4.07094119904599,-0.752129024953464,0.723559796966128,-0.718620859518238,2.19856465498853,-0.625149240743918,-1.69494167985581,0.528551341385688,NA,NA,-91.2628300138707,35.6487141854069
659,-2.35159361736698,-3.79709232219159,-0.951276540448372,0.629057116756022,-0.764251244210536,2.06727107766458,-0.655047777901048,-1.74634974645578,0.49422997184359,NA,NA,-90.1507477421055,35.5989898372738
660,-1.5372119221995,-3.01847065916221,-0.109246136397344,0.763755984557577,-0.670045774380995,2.25962187193555,-0.684479629451446,-1.78731321156648,0.478780530843093,NA,NA,-89.0402678671287,35.5388307555967
661,-1.43613799350754,-3.00082786772709,0.0676054284512023,0.663989612188056,-0.78863102395488,2.16333959405993,-0.732561267198784,-1.83441361849139,0.399913075699011,NA,NA,-87.9316871575939,35.4682688985767
662,-2.19828096284801,-3.50226029860419,-0.945209119249347,0.439365610505581,-0.989342057958708,1.87030230110426,-0.789543406467514,-1.88921833479795,0.326983512155413,NA,NA,-86.8253040844332,35.3873275624262
663,-2.38642616488199,-3.13137665304398,-1.69523682904238,0.26726689910972,-1.12319967002143,1.65688308110089,-0.855200608533182,-1.95066540601162,0.235853614616256,NA,NA,-85.7214097162494,35.2960391411054
664,-1.88539471630488,-2.88563915726966,-0.916935454094212,0.111199500305098,-1.15723463813932,1.36069663137698,-0.904169618349995,-2.00464735133903,0.187037831038026,NA,NA,-84.6202929301209,35.1944357417502
665,-1.24894095691196,-1.88545043000049,-0.629799420030247,0.110836425233438,-0.880494236030872,1.07726639560963,-0.89447483742635,-2.00443667642679,0.207899359284238,NA,NA,-83.5222368547706,35.0825561825678
666,-2.18872266923661,-2.70526629850632,-1.6933603139601,-0.781154565415233,-1.62708277427816,0.0407360129511432,-1.03377828795642,-2.16316352880834,0.0593511138831041,NA,NA,-82.4275225235468,34.9604413945872
667,-2.53888361603537,-3.89790840930518,-1.31130791541956,-0.713456834866726,-1.95509598336009,0.514229578512176,-0.971075564168897,-2.12663058784159,0.151191605778568,NA,NA,-81.3364211947235,34.8281313360714
668,-0.287052359461987,-1.38112634168711,0.815137618178203,-0.0964639016386944,-1.40206593952855,1.20332654476336,-0.806759430239431,-1.952391134471,0.366592689731541,NA,NA,-80.2492034789188,34.6856809849614
669,-0.951029584593484,-2.26493813657486,0.355504670953685,-0.295998008030568,-1.71836998781128,1.12479516275999,-0.891169674463462,-2.07868581508563,0.289547093399661,NA,NA,-79.166132768045,34.533139454012
670,-0.762138888731944,-2.13549990921425,0.64161641029231,-0.285951063611098,-1.85233832457137,1.29325114273653,-0.960729327767054,-2.19989424269096,0.268359464910464,NA,NA,-78.0874581116755,34.3705582313875
671,0.524061600270386,-1.3987922817381,2.47694211005545,0.0178186164224357,-1.85366730750568,1.91655397235604,-0.811834233557507,-2.20784782523238,0.646996738807768,NA,NA,-77.0134395853254,34.1979912013965
672,1.63235493636444,-1.05701708264977,4.36760463053418,-0.972838797885781,-2.69492389410585,0.696983246101625,-0.971614724506484,-2.17485697461105,0.166096413530758,NA,NA,-118.45187810382,32.6454945275466
673,1.91356082928116,0.389217416785039,3.48857599513114,-1.53206927533885,-2.77693328881323,-0.379762837280233,-0.930255599928863,-1.87314784899937,-0.0101138387782298,NA,NA,-117.40695980481,32.8505123765459
674,2.34783737655005,1.31607922847027,3.39075211951071,-0.947260336480378,-1.44934440918209,-0.467874801174575,-0.877300885501246,-1.87672796601838,0.102415620824182,NA,NA,-116.356749393639,33.0458373349885
675,2.05576935216612,0.208348834589058,3.93515349429431,-0.188207178114968,-0.962840163420751,0.571600539252238,-0.793461705861624,-1.84009568558973,0.237306894858303,NA,NA,-115.301460360369,33.2314089515716
676,1.33909571017012,-0.602098231755789,3.36332681727211,0.242795706075761,-0.567119944700741,1.05591719772179,-0.789864473347509,-1.87308025231486,0.243487485082396,NA,NA,-114.241326933326,33.4071729217273
677,0.890749315719519,-0.97156761379924,2.8007878388184,0.266433346601983,-0.64656443468006,1.16466247136435,-0.839289369143853,-1.94503894258752,0.208888504039861,NA,NA,-113.176576341102,33.5730659529794
678,1.34974405575249,-0.147631247266671,2.85140369501926,0.286466685347051,-0.515265405607747,1.06570654612083,-0.846131393414939,-1.90302391430547,0.196069915033881,NA,NA,-112.107448416824,33.7290335441835
679,-0.683710394385354,-1.84443613193259,0.41780199194358,0.985682537624173,0.0668165006834079,1.91118204819973,-0.866243541637737,-1.96957160913198,0.192096165538051,NA,NA,-111.034188507601,33.8750260438921
680,-1.26659510545698,-2.6139108641884,0.0139513418986847,1.25555347337097,0.259389132454638,2.33880155062323,-0.895221851150878,-2.04996562606636,0.16176232027774,NA,NA,-109.95704579015,34.0109928229485
681,-0.573781969563007,-2.17092254986745,0.995048481516972,1.11258183619423,0.0555075477739566,2.22360856152165,-0.949821658547577,-2.15758095058875,0.116703866572228,NA,NA,-108.87627972884,34.1368883865764
682,-0.772818537124513,-2.63475286716968,1.08340432216202,1.26336891681845,0.00454673757553454,2.55398181840711,-0.956223530978661,-2.17683266390506,0.12406397227222,NA,NA,-107.792152551364,34.2526687772856
683,-1.04414975296123,-2.24467449651173,0.096815438538647,1.46474495837738,0.21012437903087,2.76606538349125,-0.958327555105759,-2.18574594836247,0.1266810719502,NA,NA,-106.704932526035,34.3582941498966
684,-1.27756984794976,-3.08074752684178,0.520267545625075,1.62953585499202,0.341454535777501,2.95984923191202,-0.964384574410726,-2.1838061756095,0.114362219544469,NA,NA,-105.614890091814,34.453727140488
685,-1.78011584760784,-3.67323635474805,0.0980799926931024,1.58358334637231,0.25876515828106,2.95064686380893,-0.94323404281247,-2.15559954638081,0.154048654390418,NA,NA,-104.52230422908,34.538933848633
686,-2.77470966061633,-4.17346727126679,-1.52997567696348,1.39115020305362,0.0353092147841993,2.75904676016483,-0.932092508793737,-2.14380202199524,0.156418009488049,NA,NA,-103.427455278723,34.6138832306841
687,-2.53723712253751,-4.15310628412501,-1.00388328668873,1.34663885382511,-0.0248225556594134,2.72793759952518,-0.90605259763971,-2.09326767144247,0.193689642905664,NA,NA,-102.330623434408,34.6785483650452
688,-3.22716979600947,-4.75266149558615,-1.7686468098269,1.03290395155367,-0.246139040064273,2.3109119187384,-0.895797454854809,-2.06355751193866,0.208442675390824,NA,NA,-101.232102292344,34.7329055858472
689,-1.91922348994987,-3.67438930950808,-0.193937812008756,1.5612533393398,0.305467211809191,2.83887082961701,-0.796515638073968,-1.92973348354914,0.349298549916414,NA,NA,-100.132180812428,34.776934091496
690,-2.57287956119964,-3.89399432014726,-1.25867497080524,1.06249109868049,-0.144516352280563,2.2750916122136,-0.810839897127762,-1.94159285201465,0.300541994965019,NA,NA,-99.0311502260404,34.810617880447
691,-2.8313991530185,-4.40686684355442,-1.27897060301639,1.04143780666075,-0.232269345954163,2.3176759700218,-0.7350968271515,-1.83576440647738,0.394027597064849,NA,NA,-97.92930558465,34.8339467558551
692,-2.59235789573208,-4.25038486799177,-0.970159418553681,1.12752550785871,-0.175517130850214,2.45954889328012,-0.672372537987834,-1.75532442007958,0.47103601574214,NA,NA,-96.8269397009582,34.8469100101894
693,-2.73995404224178,-4.14385119270769,-1.39385459849354,1.0325412131146,-0.277014611797629,2.38490560199054,-0.628079341603751,-1.69194478107862,0.532088767833863,NA,NA,-95.7243493341121,34.8495025793325
694,-1.65273222854887,-3.22265724951103,-0.158525451172241,1.2643907628789,-0.0916034742716723,2.69193435904089,-0.573690455338156,-1.64455283276068,0.596323122146789,NA,NA,-94.6218373027716,34.8417249776994
695,-2.15958720391255,-3.6379658837366,-0.726729593002186,1.08757388809725,-0.297595845450564,2.53783552943934,-0.571118801027151,-1.63973690523554,0.586372934841189,NA,NA,-93.5196944964226,34.8235763143187
696,-2.91884056519988,-4.51263740988258,-1.40031688969375,0.781597128197388,-0.611737308752558,2.22827174058156,-0.62409196193694,-1.70331040710374,0.51830974859472,NA,NA,-92.4182197555327,34.7950682171791
697,-1.2285285802614,-2.92057269067723,0.41814224098141,1.22028789001163,-0.182790091542902,2.69209374113356,-0.590061837344135,-1.65812480176878,0.580882566704026,NA,NA,-91.3177039649991,34.7562112546357
698,-1.64403652718255,-3.13821473751041,-0.165566839984079,0.943407826886214,-0.463864121735291,2.39203187904859,-0.642434533677907,-1.73696908291619,0.503380674583901,NA,NA,-90.2184444734102,34.7070151933426
699,-1.57233868698469,-2.77499880826255,-0.379532937034943,0.840491469800085,-0.59228297767627,2.31261961733845,-0.698875852478768,-1.80946561917843,0.437946896529918,NA,NA,-89.1207337749995,34.6475014862421
700,-1.85472029906744,-3.35436571637454,-0.411429033161165,0.672128581444412,-0.786590154796192,2.16691942544084,-0.747661964312608,-1.85107839301672,0.38599314222628,NA,NA,-88.024857612169,34.5776921517986
701,-2.17322621731012,-3.28203068610187,-1.07989944887137,0.478574490667166,-0.958798501065569,1.91952299673286,-0.798381340076327,-1.90438203937256,0.320221367369062,NA,NA,-86.9311042062443,34.4976107173387
702,-2.67930365709908,-4.085398454982,-1.3437670982379,0.275346587514167,-1.1538869489059,1.71181888960887,-0.872572037046382,-1.97596747728067,0.228692955722038,NA,NA,-85.839752487359,34.407286264616
703,-2.36105482489441,-3.38509357078161,-1.35968992220006,0.103174539401876,-1.26734233353434,1.46178110715874,-0.926771959831162,-2.04248089523404,0.165101655894481,NA,NA,-84.7510872429644,34.3067544618372
704,-2.29442784813768,-3.21213623452323,-1.41170357881006,0.122229545795028,-1.08465718072913,1.32320091536536,-0.904826595002932,-2.01792104196012,0.196551198181434,NA,NA,-83.665379114307,34.1960440521244
705,-0.143085082644167,-1.32257861648012,1.02584708312482,0.42182653813012,-0.824404954967435,1.69081665376078,-0.771246207955809,-1.89962310323736,0.382412470405068,NA,NA,-82.5828997212192,34.075199436067
706,-1.68547254213449,-3.26994202915486,-0.138664736072252,-0.156283213401543,-1.50492313789295,1.18890914556062,-0.896715744406682,-2.03572400083745,0.248183406581196,NA,NA,-81.5039127201187,33.9442609078414
707,-1.93327667194749,-3.46543046430844,-0.446236945141733,-0.329631206890619,-1.73705777915132,1.07442502835481,-0.930245862921218,-2.07996811872781,0.237694084930206,NA,NA,-80.4286797769703,33.8032753325303
708,-1.25070088020121,-2.93343886263507,0.436706733887622,-0.205099532710079,-1.72601532509728,1.33208892559106,-0.885006330027167,-2.10151596108549,0.327526868891568,NA,NA,-79.3574530661827,33.6522892252346
709,-0.161636394725282,-2.35040374704342,1.97258381382688,-0.000815712189624101,-1.8596776821765,1.92306214253185,-0.834291973094516,-2.21077390245142,0.595300201762727,NA,NA,-78.2904822660197,33.4913521980324
710,2.97784178381495,0.653105969350202,5.17723280749289,-0.499598411198253,-2.16099824816639,1.06393678157419,-0.731736587627001,-1.99986192436256,0.561138356974193,NA,NA,-116.130230750013,32.1695014344233
711,1.72876099664282,-0.619226277581327,4.05700933360886,-0.562800390867104,-1.67472778321155,0.527380368288553,-0.880587076719682,-2.1188994390031,0.279558998570594,NA,NA,-115.086026396862,32.3532940133539
712,1.33965141049429,-0.819696521318322,3.5500613806033,0.150103867762605,-0.773501445070468,1.08679944772368,-0.843410960596687,-2.02321499220809,0.261003556843944,NA,NA,-114.037128939674,32.5273552020581
713,0.994256329155043,-1.00424498841835,3.0468505936825,0.366016035842954,-0.647998458927479,1.36180375886222,-0.871318718836237,-2.05392672110591,0.230725993244237,NA,NA,-112.983764859903,32.6916276112211
714,0.314301985981712,-1.45921347562396,2.16151327864354,0.174675234956252,-0.701294442056149,1.04613684536369,-0.992120418472624,-2.20584091616714,0.0791218570269383,NA,NA,-111.926168334523,32.8460595126934
715,-0.322513454243862,-1.80277076448635,1.11618752477074,0.736968042755254,-0.158926198831203,1.63226730060196,-0.99812112728557,-2.19176462528807,0.0558475509340032,NA,NA,-110.864572364379,32.9906041233626
716,-0.604776787285422,-2.01716027026088,0.751679728319036,0.862997349926722,-0.243511006509317,1.95149294021147,-0.995642329053899,-2.2248630181384,0.0692097835026856,NA,NA,-109.799223026468,33.1252140281523
717,-0.382132515529367,-1.62958938309213,0.822214467540859,0.986462757711046,-0.129855279478402,2.14467327636978,-0.986364687062087,-2.23020117945065,0.0977820773703697,NA,NA,-108.730369715669,33.249844224397
718,-0.74917458775248,-2.40555250319102,0.819929882345518,1.38901802024121,0.142761193148649,2.65692592604328,-0.952343040440127,-2.2001540726524,0.147885748496168,NA,NA,-107.658266697578,33.3644545195476
719,-0.437419576083664,-1.48213716710969,0.606979286981933,1.74868411194815,0.520710990160463,3.03860293672202,-0.928340113248989,-2.16676895352584,0.178152049723263,NA,NA,-106.583171959116,33.4690053726413
720,-1.87779894366832,-3.2831835434629,-0.563713020098839,1.90761710289395,0.756183368218413,3.16485846231639,-0.938094734388208,-2.17941956755421,0.166924675792825,NA,NA,-105.505352049694,33.56346401548
721,-1.8850760787759,-3.41352890772344,-0.432085801551894,1.86809108117365,0.58696769270261,3.1852031289215,-0.915395498268742,-2.13782519791015,0.187220563422972,NA,NA,-104.42507354702,33.6477969462214
722,-2.11999805893833,-3.91641462972585,-0.331405468525963,1.77912017159389,0.416634360725156,3.1922663472143,-0.89841916187589,-2.11019662844404,0.22973495454532,NA,NA,-103.342606611435,33.7219742727259
723,-3.10010299873021,-4.28660472517323,-1.94965746586781,1.54639570992016,0.203718290418346,2.92825511753843,-0.905324723036962,-2.10025847206562,0.202191421970168,NA,NA,-102.258226119147,33.7859720689396
724,-2.43493959229282,-4.04910027427087,-0.856325921068944,1.64099756129419,0.33449876948697,2.99092410583555,-0.846084996910546,-2.01432531378009,0.270176566476462,NA,NA,-101.172213041616,33.8397649411581
725,-1.8918148799554,-3.39575547433323,-0.387098770084355,1.81253598347231,0.700730930857675,2.97430581826302,-0.784733592507064,-1.94013585401587,0.330339970074501,NA,NA,-100.084846390624,33.8833355318816
726,-2.00457596109414,-3.66966265586755,-0.352691812746402,1.67924676869917,0.560816303452958,2.85888964198457,-0.742098599855038,-1.86535424871921,0.375862223391822,NA,NA,-98.9964083694874,33.9166691178214
727,-1.86555390978016,-3.53529700302646,-0.220356432712351,1.63183753173602,0.423420689448748,2.89270975245396,-0.682440513922994,-1.78709993093863,0.459133022063337,NA,NA,-97.9071824929901,33.939754932982
728,-2.54395555929617,-4.06714221321968,-1.0515437593464,1.31402175422067,0.0801325890417414,2.58696564159041,-0.672418342702551,-1.76596008435033,0.459455896498362,NA,NA,-96.8174544661051,33.9525817632668
729,-1.93218930882829,-3.65841541221004,-0.221992469836318,1.53710438468399,0.249134375719685,2.89973745412112,-0.601651353988469,-1.67418363907367,0.54209460119373,NA,NA,-95.7275124988413,33.9551473713053
730,-2.16634011500125,-3.93198362951758,-0.473331139062457,1.40826813708007,0.0479368197813954,2.84287252917411,-0.588297546413594,-1.65064156780312,0.561423922309994,NA,NA,-94.63764199485,33.9474503011663
731,-1.87787409882028,-3.18905880008441,-0.59350435761219,1.70730339812604,0.359144522502319,3.13341930392456,-0.473019854417173,-1.53926053408758,0.723569766770099,NA,NA,-93.5481296996546,33.9294924632574
732,-2.15097111437086,-3.99934239025007,-0.347129349168551,1.23176192055674,-0.176614769445776,2.69837152031518,-0.596554802609657,-1.67556404330755,0.553177035065076,NA,NA,-92.4592613667222,33.9012813130538
733,-1.09117736907251,-2.67103026149249,0.520793825143621,1.37432134731182,-0.00959938520157455,2.82108954323954,-0.593740194734156,-1.66165668429823,0.559902682260419,NA,NA,-91.3713215710726,33.8628277041948
734,-1.18531880519833,-2.73346987565539,0.360578353710339,1.17239782644496,-0.23703746802334,2.63374893441485,-0.651738261446877,-1.74056016506966,0.478221080568023,NA,NA,-90.2845950296556,33.8141422577973
735,-2.10415891271161,-3.48764158039498,-0.728846112180762,0.742150394267729,-0.666359204858633,2.187785679357,-0.758178372997876,-1.85302539317551,0.345032257422713,NA,NA,-89.1993638320021,33.7552444966108
736,-1.44748843557879,-3.09237765643025,0.164911198708837,0.818902833260944,-0.593744585914412,2.29348814614668,-0.742537963348943,-1.84678108336544,0.36576548234646,NA,NA,-88.115904597508,33.6861566115233
737,-1.90963836490755,-3.23104228041952,-0.580167275952327,0.596770301663909,-0.84183752840104,2.05737042402761,-0.805393724090812,-1.91011671967052,0.295498193980209,NA,NA,-87.0344967314845,33.6068980030177
738,-1.70291524505628,-3.14852266134056,-0.290048325983446,0.573301780295207,-0.899675980738436,2.06563703902514,-0.812861704147569,-1.92087142953463,0.295924655509043,NA,NA,-85.9554133753244,33.5174985457128
739,-2.11537585627392,-3.19995186753983,-1.0574604604879,0.296132289810118,-1.1377310117653,1.74908538723329,-0.886818536281991,-1.99755834945099,0.20113744620612,NA,NA,-84.8789235527341,33.4179901108821
740,-1.10711838361345,-2.38920849527794,0.160692008335138,0.635540294108414,-0.731384974343142,2.02621365986769,-0.783187180622292,-1.88492201291324,0.338556073491248,NA,NA,-83.8052919528626,33.3084027135569
741,-0.692422439860379,-2.61576404101036,1.25536559460497,0.547213373597286,-0.895326709771308,2.01808794437181,-0.786214903119566,-1.91810045874978,0.380428009441258,NA,NA,-82.7347821525948,33.1887769558534
742,-1.2965670481662,-2.81257391286379,0.221017198994828,0.220292990959163,-1.17271650123164,1.62977813843926,-0.859451798981652,-2.01426710150574,0.301432006212008,NA,NA,-81.6676503377851,33.0591513414736
743,-0.711666582804767,-2.41137186401013,0.980231631300906,0.33750576178477,-1.13166791947169,1.84827046954627,-0.77274069053465,-1.9314778172164,0.444486549660218,NA,NA,-80.6041452859298,32.9195670750299
744,-0.613573747876769,-2.69295536908538,1.48506151187007,0.242422761465693,-1.5337532272533,2.06407666931093,-0.742785118424238,-2.08237239345832,0.658508711356107,NA,NA,-79.5445171782623,32.7700708955299
745,0.908771372619967,-2.0606637714998,3.89504734742528,0.146195332219048,-1.49303548962142,1.77372063890044,-0.915320819090361,-2.37537934228596,0.427052231042607,NA,NA,-113.837394306416,31.6459049480797
746,0.469408303356148,-1.80036043005347,2.7824296024974,0.144873927807329,-1.02069979035367,1.28021304711701,-0.984927354698393,-2.33125519465378,0.205381385421241,NA,NA,-112.795190412232,31.8086231276158
747,0.765330157158129,-0.854679329026418,2.39916855556598,0.591081114256636,-0.484073840144119,1.64070424150545,-0.973918150674438,-2.24206101945517,0.155046368414094,NA,NA,-111.748883872014,31.9615829387714
748,0.151300257539339,-0.874961998728816,1.23582496430469,1.46686736189422,0.862496141844256,2.10974562041134,-1.0560136325622,-2.32542735286949,0.00964084284967059,NA,NA,-110.698710195839,32.1047398258897
749,0.131021673421295,-0.829018338492956,1.08600919261861,0.807843064568994,-0.162580490456233,1.79293443489389,-1.03131914456912,-2.32268478727137,0.0754894200636312,NA,NA,-109.644904989782,32.2380489411709
750,1.11619167393481,0.0966680756068394,2.13778547295166,0.913747508657831,-0.307968261782489,2.13790990257293,-0.96036243469529,-2.23286530712199,0.182283923715819,NA,NA,-108.587709574732,32.3614671203778
751,-0.250621665469349,-1.64533837276625,1.07243885829376,1.27086126591361,-0.0179029085385083,2.59864467003647,-0.941676272134629,-2.21804188964363,0.205369910006986,NA,NA,-107.527370167889,32.4749549234747
752,-1.32676208131788,-2.58512760168053,-0.0793711940246575,1.58353871020646,0.385560538845998,2.81955474420838,-0.930648902990135,-2.19612600270065,0.215231218374922,NA,NA,-106.464140762435,32.5784778359336
753,-3.07652721031309,-4.51152197499745,-1.70669511012486,1.94174421178461,0.879618939023963,3.10567520272386,-0.960265219039785,-2.23337468301295,0.173709590610147,NA,NA,-105.398273911397,32.672002209677
754,-1.99451708282956,-3.5822860358605,-0.449777737503069,2.1933792862907,0.98891734621785,3.45578088174267,-0.881075368775872,-2.1182072219933,0.266963114635495,NA,NA,-104.330032445637,32.7554982750351
755,-1.88749794427963,-3.77749649937391,-0.0290890295376039,2.15385631858773,0.823035365907248,3.54037043644979,-0.856815216789666,-2.08552199209425,0.303394463555734,NA,NA,-103.259672062575,32.8289345141816
756,-1.94427883893301,-3.70861828957403,-0.195256810708061,2.16510149562385,0.826829254773745,3.55891057380859,-0.819744799756242,-1.99571584824311,0.330379302601815,NA,NA,-102.187465848771,32.8922910082234
757,-1.87559190775903,-3.60218364447632,-0.154797073875185,2.13159932654215,0.859275990109532,3.45451293196825,-0.795253320607344,-1.94772708829618,0.340340111687751,NA,NA,-101.113679486847,32.945545638673
758,-1.72398523185843,-3.39524094480243,-0.0570444847887852,2.12157407374538,0.905276175313781,3.356811103981,-0.772355036872253,-1.90164337795993,0.362490835963893,NA,NA,-100.038583745589,32.9886785130209
759,-1.97325998996081,-3.75531799167155,-0.224836462491788,1.9724086085378,0.751767997182852,3.25827256577448,-0.760506671755852,-1.87683277558936,0.363318087034703,NA,NA,-98.9624536059061,33.0216776262313
760,-3.09479487051677,-4.81518012242084,-1.43168400620566,1.36322109769264,0.152581026189813,2.63743011316895,-0.797560757188439,-1.93730347506804,0.298238024422013,NA,NA,-97.8855633040747,33.0445296220363
761,-1.39064266303616,-3.16096955133538,0.326509820149227,2.22340960229221,1.02892951557804,3.51300836000835,-0.569281981279592,-1.6473279042779,0.575184614685704,NA,NA,-96.8081874431372,33.0572268034515
762,-2.4941870682293,-4.17196091628149,-0.835111071957412,1.46956983173126,0.204402730868761,2.79797759123606,-0.675667574972779,-1.74942581177608,0.44319710922934,NA,NA,-95.7306031166704,33.0597666389608
763,-2.00719691591182,-3.71071011746404,-0.306357503523151,1.5563746403726,0.233268907152255,2.95480919395954,-0.624466376912034,-1.68754021301158,0.5011704647664,NA,NA,-94.6530886695218,33.0521478715802
764,-1.12811950195963,-2.83930615961293,0.581525248712804,1.84569969836062,0.494959428651399,3.29503910150841,-0.508152570509409,-1.56763212748562,0.658073724704122,NA,NA,-93.5759204103261,33.0343703962874
765,-2.51726297635139,-4.30590811596486,-0.779482098161316,1.11032509522981,-0.275385886448304,2.56748545456418,-0.684011515696489,-1.76374045081133,0.434244331996375,NA,NA,-92.4993740906601,33.0064435248212
766,-2.36714671951513,-4.20616057859641,-0.559074275087465,0.95662979859324,-0.457585950852157,2.41852361356048,-0.715249120952278,-1.81456192318842,0.404519123962172,NA,NA,-91.4237263954127,32.9683762441561
767,-1.63691413002943,-3.68623526492523,0.426075679790686,1.04723873970249,-0.447621389418883,2.59420187941185,-0.701384649260443,-1.80488786070269,0.431794085242989,NA,NA,-90.3492503196104,32.9201807345056
768,-1.13889387409262,-3.08539184589715,0.825495875337864,1.06637883412217,-0.45053615120833,2.62323217399734,-0.688812120285078,-1.78764021319676,0.437930764668232,NA,NA,-89.2762186596696,32.8618736521532
769,-1.74091178479426,-3.60432396948479,0.0942334612056709,0.756722322590106,-0.736801447308507,2.26924932576532,-0.786526729335952,-1.90832638635321,0.332145694256041,NA,NA,-88.2049010059731,32.7934754567078
770,-1.62747971260162,-3.0154089298109,-0.219668600674926,0.709756657723066,-0.733118572237097,2.18080578309435,-0.793700687427651,-1.90559978819866,0.317694633318165,NA,NA,-87.1355661122617,32.7150050059478
771,-1.01648956710998,-2.47555047351466,0.47447626974532,0.89389668587679,-0.581826307884844,2.37967948638335,-0.754147741564069,-1.84943628959728,0.361353672166227,NA,NA,-86.0684783819145,32.626491579767
772,-2.19197621730832,-3.45011746578746,-0.938241823328509,0.558516059409759,-0.95504325574597,2.08239844786179,-0.8689762354897,-2.00172326484579,0.235193611826705,NA,NA,-85.0038983416293,32.5279646812729
773,-1.44068146828619,-3.03620500348132,0.153790972716482,0.678921422284989,-0.795054888768772,2.19076505411312,-0.821189683113898,-1.93806063259579,0.309576248888986,NA,NA,-83.9420830441051,32.4194532572963
774,-0.227286448789288,-2.13990914754627,1.69320854916693,0.913194447708708,-0.594740353613913,2.47298459321335,-0.73075263579334,-1.86635199636046,0.439181608676557,NA,NA,-82.8832857379118,32.3009943330884
775,-0.966906814284967,-2.93154736901307,1.01817652866137,0.505396941470415,-1.03573737747891,2.06758612445159,-0.872945642016293,-2.04248068922928,0.301439021410556,NA,NA,-81.8277536614297,32.1726256850511
776,-0.642268498460334,-2.59562906220248,1.36415319655287,0.552926641456391,-1.11197846259026,2.2429681595703,-0.844168534164803,-2.09080600743937,0.40671600433721,NA,NA,-80.7757291200381,32.0343840489595
777,0.651849241873445,-1.28308989862979,2.5549588412791,1.01806013497982,-0.570538759062252,2.61019532539098,-0.96399303296513,-2.41424885105035,0.362455839094558,NA,NA,-111.575468462577,31.0754377465306
778,-0.26146924907395,-1.23296469473866,0.75138897724445,1.23843828182228,0.0402564226233564,2.44761948408005,-1.0588620328728,-2.45110159782579,0.179681578851958,NA,NA,-110.536481268194,31.2172666316762
779,1.11708923395925,-0.173012287046484,2.43064774107228,1.5108263846731,0.215188330360613,2.88359187770207,-0.895196598589398,-2.21365244844742,0.340313698322201,NA,NA,-109.493979937214,31.3493258792959
780,2.16901735717951,0.937732173625571,3.41198539266289,1.55335730175053,0.0848262780154092,3.05047391026782,-0.813292061615753,-2.1331232821765,0.451063344389911,NA,NA,-108.448193705726,31.4715805259419
781,0.00914582269334284,-2.07951696035645,2.11395389454356,1.44851380634957,-0.0530819221039403,2.9760226212657,-0.904511910408722,-2.26786619681585,0.343536662178537,NA,NA,-107.399369263344,31.5839962810105
782,-1.90183481631558,-3.40258267911948,-0.415045721458008,1.52050005489626,0.270158015556901,2.81130063104113,-0.962707281202996,-2.2951962257221,0.224554267964678,NA,NA,-106.347746273466,31.6865352536215
783,-2.4936453027722,-4.46349725266639,-0.544767619838184,2.00173297476892,0.669289273882197,3.38458769546808,-0.933108219541028,-2.25102322276684,0.253764477617946,NA,NA,-105.293573993566,31.7791655810601
784,-2.78922800890035,-4.47114662157266,-1.16606340888334,2.15121560839595,0.877400822093944,3.47560184693536,-0.925519055207466,-2.22251599034662,0.251191182377224,NA,NA,-104.237102894503,31.8618586128421
785,-2.39569431107908,-4.04977495148367,-0.74203894570864,2.29343641675509,1.060016414953,3.56995860831193,-0.871894055080721,-2.1302319616283,0.299882530417385,NA,NA,-103.178586070048,31.9345878505908
786,-2.1284410979455,-3.66911678712237,-0.573494678630901,2.40564453453229,1.17051224594885,3.68077484114894,-0.808285441327055,-2.00565249560239,0.359657791254001,NA,NA,-102.118284810935,31.9973304541004
787,-2.47497697674736,-4.25309832536195,-0.760336500867859,2.14529337891709,0.867526535987529,3.46408350370322,-0.835331110952892,-2.00995059568032,0.297506543555307,NA,NA,-101.056452975703,32.0500666164775
788,-2.25897400943107,-3.77879386781318,-0.755177752914454,2.1342494655649,0.920721970065638,3.38487946965672,-0.803845519296695,-1.95242392066146,0.332017393065483,NA,NA,-99.9933574320077,32.0927795991547
789,-2.55187401519054,-4.20577550757663,-0.935726318292175,1.89217707159763,0.64601708241984,3.20603680185062,-0.814664860056995,-1.9493484332283,0.304052102535638,NA,NA,-98.9292599273357,32.1254561213571
790,-2.6455267550025,-4.36740343647141,-0.984420658967742,1.75873310269262,0.541062964307976,3.07862208530706,-0.795169184543619,-1.91086143450631,0.308554286913658,NA,NA,-97.864429132849,32.1480853605769
791,-1.92785968313846,-3.74017725076792,-0.0994053617545053,1.99767336197912,0.748353232102078,3.29882191103359,-0.684037238130633,-1.77410749290695,0.426209110969198,NA,NA,-96.7991277736952,32.1606587449227
792,-2.39692408510363,-4.19312305503025,-0.643237095941978,1.60054129342998,0.305782216053727,2.93751830831017,-0.710334062197259,-1.80657598328177,0.384124210632677,NA,NA,-95.7336245251084,32.1631736635527
793,-2.33369178898841,-4.13826336485939,-0.53430050875481,1.45056653738504,0.0950683263419919,2.83699231462419,-0.692253389363041,-1.7747630829026,0.410847716670458,NA,NA,-94.6681883984092,32.1556285482587
794,-1.95717829200299,-3.79485593824568,-0.129400203777045,1.45101221137918,0.0641388548337088,2.91331936296432,-0.639702924864701,-1.71440589992508,0.483581496611338,NA,NA,-93.6030868952831,32.1380256023399
795,-2.57039727538211,-4.38357497405581,-0.760924125007713,1.04883203013948,-0.388077617725705,2.53854178830042,-0.754197887405192,-1.84939389229511,0.342093563617364,NA,NA,-92.5385887665323,32.1103712375884
796,-1.25777649215369,-3.10409484750479,0.614838541810389,1.36470187730501,-0.0976538958943019,2.90032388451784,-0.629409248345315,-1.71591989119018,0.512393720119807,NA,NA,-91.4749572778092,32.0726750822359
797,-1.85417160845552,-3.64469735053009,-0.0682468825873238,0.985630682712697,-0.500417066315713,2.52980490395564,-0.747624411549678,-1.85229793508147,0.375302902499392,NA,NA,-90.4124602116912,32.0249475356968
798,-1.53677137621329,-3.363412063043,0.301028191717055,0.951686217159495,-0.560910552756635,2.52021374262208,-0.758003395006341,-1.86909688752913,0.374042618800856,NA,NA,-89.351358815336,31.9672054728945
799,-1.44554145513377,-3.53897124475983,0.690317199164874,0.8706574248842,-0.698609999184803,2.47474370591787,-0.791219035550652,-1.92664111731181,0.332648136827348,NA,NA,-88.2919151330561,31.8994669356114
800,-0.940748227153462,-2.79813343037146,0.923310525830384,0.964591500055048,-0.587692344008814,2.53018950933715,-0.76549298643433,-1.89163964709329,0.34310455142288,NA,NA,-87.2343896070177,31.8217527396474
801,-0.779907067940359,-2.37425625611307,0.832203289834912,0.991377845774297,-0.545984973398519,2.54891144754121,-0.782048860030488,-1.90797467787591,0.331754535576584,NA,NA,-86.1790366091299,31.7340882768591
802,-0.765852174485617,-2.4335137460307,0.899397183799918,1.00814616762544,-0.548471702069611,2.60889354597238,-0.774742007535492,-1.91128559197835,0.349091343546597,NA,NA,-85.1261097160248,31.6365015190406
803,-0.255468204276748,-1.99581726074894,1.52542587536771,1.20369576995657,-0.336194716450701,2.79299671269683,-0.702465328252808,-1.83878515442692,0.421461406824015,NA,NA,-84.0758533052752,31.5290207400367
804,-0.478131314017717,-2.59321319856352,1.66127356916248,0.923919726478664,-0.719424931558919,2.6093695307273,-0.8205565190456,-1.98855700035669,0.338317337335855,NA,NA,-83.0285193894619,31.4116802852153
805,-0.733319832086747,-2.68577807632784,1.34255372838285,0.699969504468178,-0.94353410720232,2.34449712997326,-0.930573713523208,-2.12976347396291,0.226326744300583,NA,NA,-81.98434533522,31.2845136334057
806,-0.353403666099452,-2.60248107156066,2.01913085607074,0.776188886629022,-0.981542518148661,2.57297503493167,-0.863925109238121,-2.13201533590983,0.397190898800262,NA,NA,-80.943571063257,31.1475643195976
807,-1.28119267065999,-3.97977790868814,1.42681402723068,2.26330647436056,0.482451758154019,4.09659266019826,-0.858453914282672,-2.37594557663244,0.587410550122176,NA,NA,-106.233903913442,30.7930011802926
808,-2.21483208944208,-4.38334355033712,-0.0665914766253924,2.39651605779681,0.918930655121385,3.91702901531672,-0.882305987278697,-2.26236811249571,0.398310434517571,NA,NA,-105.191173719878,30.8847732504244
809,-2.91701602876913,-4.37277074414438,-1.50167717627009,2.52190081721902,1.22241800957207,3.86144480198044,-0.919334453995756,-2.2610917616878,0.305288625802501,NA,NA,-104.146221590366,30.9666989001472
810,-2.35942114254794,-4.28693222730532,-0.411624831128704,2.76710939906417,1.4528808581311,4.15201137807996,-0.827576850342594,-2.11760292574579,0.406348287622135,NA,NA,-103.099290495635,31.0387495377939
811,-1.98667729293544,-3.70732882540775,-0.250805363953607,2.82138312483641,1.5923841344819,4.14343537491464,-0.770356173155046,-2.0024344700268,0.441511139852111,NA,NA,-102.050631317018,31.1009036403587
812,-3.4026774524067,-5.08372834289838,-1.77745592469245,2.02736924764966,0.76023867949683,3.340717120569,-0.908803755574399,-2.13252784449908,0.236625936766982,NA,NA,-101.000493918412,31.1531456419892
813,-3.06436447547164,-4.83054552546874,-1.33754985969657,2.02516889239993,0.734928661014255,3.3566840509409,-0.866083866570279,-2.0425592277248,0.258059354430228,NA,NA,-99.9491316307318,31.1954575369752
814,-2.4754175371505,-4.23628732916845,-0.747671407687348,2.12572514256144,0.810711930531251,3.48343665422874,-0.812551010480339,-1.95503067872421,0.292079244253324,NA,NA,-98.8968017882416,31.2278250724367
815,-2.36149513895025,-4.16012395143582,-0.551802934298166,1.85824171692297,0.593364187532944,3.19793626022471,-0.827422515698709,-1.96836674886162,0.276964466094073,NA,NA,-97.8437607398471,31.2502407857477
816,-2.59714333903954,-4.53729629699202,-0.665718619444551,1.71842603370849,0.434046819686462,3.04924664530029,-0.780532241115989,-1.89213987281,0.305737810103236,NA,NA,-96.7902670030458,31.2626954955233
817,-2.29908317641772,-4.19523065978955,-0.424754470167418,1.67309021719698,0.336538221519197,3.05592928720165,-0.723667356649489,-1.81400336663439,0.361941983969213,NA,NA,-95.7365789741952,31.2651864277473
818,-3.34171667593706,-5.2076063836124,-1.52384805185522,1.0521550101576,-0.368869248033763,2.46922029562715,-0.835387275106406,-1.94059980055003,0.225904218690989,NA,NA,-94.6829536361488,31.2577131642446
819,-2.11902460462878,-4.11593783592257,-0.142106642910677,1.41192780006587,-0.0607811712909504,2.95125675690972,-0.68078720853652,-1.75949610144514,0.421682610175419,NA,NA,-93.6296505556532,31.2402792611563
820,-2.40723788839687,-4.30893483417797,-0.552876573037744,1.10924053937009,-0.344858124340736,2.64556219439528,-0.760249088948334,-1.86562021130202,0.3460418213587,NA,NA,-92.5769338640609,31.2128818201598
821,-1.4086337705531,-3.16133227796195,0.346585688518411,1.27298411489027,-0.242650474529724,2.86916389679762,-0.667044791032132,-1.73698262152277,0.444014666879131,NA,NA,-91.5250556026908,31.1755414441662
822,-1.25211037002101,-2.9984476595078,0.537093298212027,1.12805125182406,-0.405601644128573,2.73636531766216,-0.705496166725111,-1.81229764841015,0.421272325949954,NA,NA,-90.4742733085068,31.1282628871063
823,-2.10136448676199,-4.03810299753602,-0.133324281547448,0.733099997037783,-0.8461041361832,2.3396465212927,-0.866717976111588,-2.01242841293412,0.251607381955427,NA,NA,-89.4248416057857,31.0710619965013
824,-1.57616729445987,-3.48549583271139,0.373729221390923,0.811814979072442,-0.770969591254409,2.41988545272444,-0.852303173481167,-2.00707112732907,0.266907309986631,NA,NA,-88.3770120651239,31.0039561434681
825,-1.29412950897631,-3.09593417152576,0.544856815610502,0.830484485412272,-0.734687495603939,2.40302875468477,-0.860058571738528,-1.98465538078773,0.241328190922524,NA,NA,-87.3310388393641,30.9269644437951
826,-1.33805950927822,-3.04403574451347,0.453962908636495,0.835761064528177,-0.705503297377731,2.41917256011272,-0.930478597845804,-2.08566784174697,0.127930011920597,NA,NA,-86.2871674206158,30.8401145867847
827,-1.39563859870888,-3.20622458279264,0.464508024176884,0.802730606821137,-0.77652498736889,2.4244987555105,-0.939728058908381,-2.11571893321512,0.148458054888293,NA,NA,-85.2456413167257,30.7434279376412
828,-0.499898648934206,-2.35214986784543,1.37078946107409,1.12453866761979,-0.488459609374845,2.81016210882313,-0.826477252979762,-2.00678142243376,0.288334013141878,NA,NA,-84.2067053342269,30.6369346283635
829,-0.383425517528563,-2.60777105266749,1.89794141234085,0.989231426748644,-0.73295549520592,2.74451514531017,-0.871128866188578,-2.05810503883646,0.263595429576708,NA,NA,-83.1705938009628,30.5206648527131
830,0.137067792097275,-2.01599735919619,2.44161812197558,1.00691528043346,-0.72693024142643,2.79737249031166,-0.850425774756517,-2.0624739615043,0.306971198445716,NA,NA,-82.1375416668753,30.3946546309007
831,-0.0578660943274854,-2.43678862709564,2.54144380085669,0.907480644006842,-0.953413290843432,2.83725448295289,-0.93299941329751,-2.20530997658726,0.311680990032815,NA,NA,-81.1077781224943,30.2589416930088
832,-2.15702805239256,-4.67858235904562,0.314793827673901,2.80306579106794,1.07876069102545,4.59680829567079,-0.817639722618733,-2.36855415881275,0.668492696030026,NA,NA,-105.091000570475,29.9886613568333
833,-2.47672195698044,-4.13188100936245,-0.897390824381779,3.03869782702538,1.72256033604278,4.40267366035537,-0.813615988805564,-2.21979899334566,0.5388821464044,NA,NA,-104.057317997957,30.0698488245623
834,-2.91678484535805,-4.6832963569012,-1.23265045610001,3.028096255115,1.62726849958981,4.49830776464447,-0.842705428367639,-2.21165890115101,0.457167770391103,NA,NA,-103.021718440221,30.1412522345985
835,-2.782400768173,-5.11151851656203,-0.469845046178605,2.71972576428686,1.20133982787374,4.31284935580623,-0.840923610647832,-2.17893327046763,0.436190371568783,NA,NA,-101.98444715802,30.2028487864283
836,-3.45276126101554,-5.42971319154274,-1.55111358193026,2.30612288748895,0.973362565965952,3.69847010560989,-0.906626306937063,-2.14324685317814,0.266951148145942,NA,NA,-100.945755692911,30.2546108421076
837,-3.65258579755554,-5.40369538633577,-1.96994309848928,2.07096398666903,0.671723243344714,3.4992358290932,-0.923918798889382,-2.13659106289833,0.211790572931176,NA,NA,-99.9058731826072,30.2965351092689
838,-3.47855907238277,-5.21395885378138,-1.77187509055396,1.96972392288258,0.618554053686964,3.34082585178728,-0.91820644716464,-2.11376828121745,0.192797123544236,NA,NA,-98.8650539522963,30.3286072271536
839,-3.23434592119409,-5.13500057668412,-1.32153048324748,1.85960579339483,0.589563373857367,3.16831337349905,-0.893125692299679,-2.05934759177821,0.211035810231826,NA,NA,-97.8235465946411,30.3508165209493
840,-2.51312353191143,-4.59906935844339,-0.513594833468396,2.0691955744739,0.761262957957333,3.44066037230604,-0.746678525272034,-1.85622881879637,0.35074941352166,NA,NA,-96.7816012828175,30.3631571353753
841,-2.46733425644779,-4.50409861582006,-0.485042466612619,1.80559739118138,0.438299035767876,3.21792575020711,-0.81159836774843,-1.89342472227268,0.258885432078434,NA,NA,-95.7394673180897,30.36562686893
842,-2.26874471113866,-4.28514441031063,-0.238588995621982,1.6472294580983,0.212649906820428,3.12469940706404,-0.739145465956126,-1.81995844991918,0.341311015562121,NA,NA,-94.6973953640965,30.3582210695963
843,-1.20940339169237,-3.17464621596088,0.780090645898819,1.86136131004448,0.38177236751518,3.44962557699216,-0.563748496454043,-1.63958842099164,0.56439590345129,NA,NA,-93.6556361445698,30.3409446883299
844,-1.95979156051799,-4.00375157326135,0.0515722969789396,1.31636344855668,-0.18220705982731,2.90914805383403,-0.71519232617258,-1.83346843905603,0.397611329346609,NA,NA,-92.6144401135275,30.3137998957627
845,-1.87634134760115,-3.78747011111468,0.041888897279221,1.09882972541232,-0.457161135479856,2.72893164417433,-0.750664958435349,-1.87211231043016,0.369510574124745,NA,NA,-91.5740571732259,30.2767986741923
846,-1.51997781227948,-3.39832730868067,0.363321112709786,0.9430456629694,-0.623872761659507,2.56905782133215,-0.786932183019079,-1.92891768480632,0.335727481409042,NA,NA,-90.5347342522646,30.2299505969596
847,-2.17169427895913,-4.17323750092721,-0.142947195587124,0.674372885842001,-0.95733475073673,2.3370433859843,-0.906985636407914,-2.0863827444732,0.226690170340325,NA,NA,-89.4967206756629,30.1732690179632
848,-1.59659263545255,-3.59801399854961,0.434164888928644,0.832997968235262,-0.835207386840571,2.54873214371001,-0.844682475619098,-2.03075161168105,0.329703388116099,NA,NA,-88.4602585391847,30.1067672387357
849,-0.497877246609291,-2.56826370657772,1.60616541400102,1.15312264015599,-0.561840275159389,2.91499820783652,-0.707890460082297,-1.89290227423914,0.504330195259223,NA,NA,-87.4255885341334,30.0304753957623
850,-1.29815827364259,-3.41382280957689,0.85416151008657,0.853639810098685,-0.884562127181937,2.60972017419877,-0.875783883991609,-2.12129684484195,0.300277479531048,NA,NA,-86.3929516189877,29.944398272617
851,0.392011175867436,-1.90125072922271,2.71331417317681,1.52239860416827,-0.293653446822888,3.39255441557605,-0.59806921850003,-1.80660419515801,0.646417516594585,NA,NA,-85.3625855729206,29.8485747694758
852,0.49455006122439,-1.69469179474436,2.7131406870899,1.6200064848076,-0.200162685163934,3.49976007636321,-0.642070894890068,-1.88060385622574,0.558448770657265,NA,NA,-84.3347298107358,29.7430273275091
853,-0.275867958461225,-2.66614247161573,2.23313405964456,1.03627205728312,-0.784254751648623,2.8944880637469,-0.911629047359287,-2.16118677670181,0.225493421975316,NA,NA,-83.3096065808924,29.6277846482538
854,0.170551212764922,-2.04259638124982,2.67903536342265,1.00519068547684,-0.815556515792949,2.9104098109585,-0.904164225981338,-2.13742006147786,0.194021839711856,NA,NA,-82.2874472652973,29.5028808411313
855,0.326384738693437,-2.36826263879226,3.23334072452618,1.10746090845493,-0.82875404852573,3.06486502633522,-0.935812866631151,-2.28298544707942,0.303863317139657,NA,NA,-81.2684708861615,29.3683499635391
856,1.15977105588315,-2.47363248990671,4.99206151997612,1.36807085110496,-1.0362802056206,3.81482506743299,-0.74293942157766,-2.31940568600648,0.752788155233891,NA,NA,-80.2528985379793,29.2242284815985
857,-3.23269818185466,-5.7205484387571,-0.784219928323021,3.55153569720415,2.13515377238984,5.01779012230631,-0.817441456622589,-2.48650946742527,0.776875318675184,NA,NA,-103.970332729672,29.1711345184768
858,-3.81841964263421,-6.12453844294518,-1.56257293640771,3.61894308022499,2.22871254647339,5.06953790077558,-0.847408036004974,-2.50479465554783,0.709123682319005,NA,NA,-102.945823694478,29.2419107503682
859,-3.03400571385557,-5.42613242804657,-0.766926039693757,2.87592965287175,1.42952644715858,4.38617351841309,-0.830929028505764,-2.17416478703019,0.47290769796777,NA,NA,-100.892206006231,29.3542821339543
860,-3.78267244735851,-5.84805199853146,-1.81498556974684,2.53040963632255,1.13207046889142,3.99368084915425,-0.921183844640136,-2.19437687001931,0.27524325599208,NA,NA,-99.8635538433568,29.3958378918731
861,-3.93427136168994,-5.90156542974677,-1.9814573523175,2.39647078196251,1.05030499957891,3.78621973702336,-0.912262140855586,-2.15896488802183,0.24748401048707,NA,NA,-98.8339955170184,29.4276273597761
862,-3.85885595731203,-5.94356796575914,-1.7532244879105,2.05034945664736,0.676769580651368,3.43763800114781,-0.95513732486333,-2.2099201042768,0.179103894747088,NA,NA,-97.8037712093334,29.4496414766614
863,-3.40063477899941,-5.64175171866912,-1.16384583941963,1.95060134640827,0.543170934660233,3.39331265736951,-0.91139920758132,-2.09348110884616,0.206559490716586,NA,NA,-96.7731222235808,29.4618719470509
864,-3.03349070547633,-5.22149819649296,-0.829985916635271,1.75969203791992,0.325602509453534,3.25249980979763,-0.874748555211841,-1.99585998207841,0.21021451414526,NA,NA,-95.7422934190831,29.4643186321203
865,-1.94039739400496,-4.14700234286174,0.345920729799806,2.00535716335374,0.490907915790637,3.55962631807081,-0.68524387018332,-1.77823300367308,0.421791446651944,NA,NA,-94.7115246549036,29.4569778903576
866,-0.90076139695397,-3.19770345133808,1.39602787030411,2.08820906866515,0.492081370968265,3.81304859195348,-0.506000323590052,-1.65304426071272,0.713233388570112,NA,NA,-93.6810578695653,29.4398516907835
867,-0.96449394128575,-3.43274412242707,1.51327672389586,1.76222781491985,0.0603292089344269,3.57849419250123,-0.551971206461008,-1.76066326110259,0.699082503823895,NA,NA,-92.6511375648389,29.4129484837211
868,-1.16927748054435,-3.78745584621511,1.49014797353759,1.42489355206458,-0.366546921116456,3.30203017607599,-0.628850037506152,-1.86015575875672,0.636609043561575,NA,NA,-91.6219979760643,29.3762713439853
869,-0.668388598122222,-3.08963364069874,1.81236903700852,1.41445165916729,-0.371393451920747,3.29432905061715,-0.584842515835458,-1.80420038364683,0.680274054464191,NA,NA,-90.5938864631691,29.329835496974
870,-1.25426399030714,-3.8607483827859,1.38434041987614,1.0819936347749,-0.767009073628731,3.01273849936713,-0.728145973066638,-1.99705343779168,0.567604483512386,NA,NA,-89.5670427921306,29.273652339948
871,-1.42544118868157,-4.46991873200575,1.64865863651163,0.956912960736465,-1.13094886675808,3.12325273647056,-0.788066800284853,-2.20963722694343,0.634368842363159,NA,NA,-88.5417045145063,29.2077355032546
872,-0.132761480206511,-3.45929044129177,3.33085916129351,0.98549775422862,-1.24121418802376,3.24567894901789,-0.953330242005235,-2.43499755486569,0.437372246895969,NA,NA,-83.4456570528557,28.7328723714034
873,0.00900548005495047,-2.83932324726283,3.14201405395787,0.935804845276466,-1.06843398147223,2.96888537617438,-0.99216652192306,-2.3447994363516,0.20715902581893,NA,NA,-82.4341679113987,28.609029601256
874,0.339040896823342,-2.71020485174819,3.78488834698354,0.978585790949362,-1.08678420823092,3.03880614612917,-1.03657108859809,-2.45994490380171,0.194562350532294,NA,NA,-81.4257589214284,28.4756302741436
875,1.10489936659862,-2.36236440957578,4.87657289058687,1.29309628597256,-1.02453186491924,3.62595377049319,-0.796799612112681,-2.36665999962373,0.578939061433905,NA,NA,-80.4206503145145,28.3327141664549
876,-2.73032653453938,-5.75681291480635,0.218800635976583,3.10203607958643,1.37434633797967,4.91490946777914,-0.786519615902893,-2.25624371417945,0.663566156223166,NA,NA,-100.839799170516,28.4519846347817
877,-3.47128857729021,-6.07183008489635,-0.903933898759449,2.64550473224125,1.17579072337245,4.18485533240133,-0.94557339841904,-2.29757423010064,0.303370832746381,NA,NA,-99.8221410586447,28.4931897923187
878,-3.07787863330628,-5.5183695342138,-0.677671749704553,2.88858608809122,1.47637198516311,4.33441824815711,-0.874335395045356,-2.15522820103447,0.327897355824067,NA,NA,-98.8036037532023,28.5247088807883
879,-2.67016429601471,-5.10351330487178,-0.258671697725142,3.00140692522449,1.54484965195666,4.48820690014349,-0.812796628092422,-2.04467199485635,0.391183631405825,NA,NA,-97.7844205006506,28.5465353882343
880,-3.04582307317035,-5.41262482827624,-0.640096077525814,2.51749648143496,0.991353428702288,4.05660970867917,-0.853128048625378,-2.04041353112706,0.303124012623986,NA,NA,-96.7648271835526,28.5586625642858
881,-1.78909293329138,-4.27764450292503,0.740695011310132,2.60964504271005,0.948584068783939,4.33226400362049,-0.604254100879137,-1.80703650469877,0.627377957414576,NA,NA,-95.7450594404413,28.5610887774951
882,-1.86696336866743,-4.97883377295039,1.31387756047468,2.30541307027199,0.340690215293287,4.3501824908422,-0.642412163615906,-2.00060416177947,0.743453899090827,NA,NA,-94.7253496516552,28.5538106653276
883,-0.254636338304402,-3.76472689970156,3.56346775585258,0.756208274130161,-1.50291904986437,3.02556965834913,-1.1091157918353,-2.62016090701542,0.261539639361339,NA,NA,-82.5778001011611,27.7129348158714
884,0.838068672782656,-2.81394826274596,4.87452447356741,1.11813941936609,-1.13237832037768,3.40658207519828,-0.843698371921201,-2.41556744422523,0.559466890392618,NA,NA,-81.5797498080299,27.5806225765842
885,0.68767318834378,-3.12147389542294,4.70901726628072,1.0132883511502,-1.42365146999157,3.35521162618653,-0.873031319355001,-2.46448913996666,0.567656114709095,NA,NA,-80.5848967856478,27.4388599433824
886,1.49767823750593,-2.9480104863687,6.18482997166664,1.24402324110389,-1.58642509280514,3.96178481923678,-0.717409839380775,-2.4534827695362,0.93706573315184,NA,NA,-79.5934442932274,27.2876851795014
887,-3.35594264973617,-6.29822452883262,-0.481879953880803,2.6625715543586,1.11084085240954,4.22072229463756,-0.994339754465579,-2.4373899589777,0.321840121962888,NA,NA,-99.7816056004002,27.5884209095092
888,-2.91903237739528,-5.62593964732139,-0.182345035140435,3.04475603783257,1.493113986007,4.63436755833204,-0.886562136071414,-2.23941956339378,0.376128462477026,NA,NA,-98.7738559594508,27.6196803654525
889,-3.42015726389587,-6.08486689904341,-0.813365366577144,2.8384395362499,1.34526077608115,4.328571140645,-1.00955246659919,-2.3452364754592,0.230615821963994,NA,NA,-97.7654811441418,27.6413270736729
890,-3.93686603470481,-6.770552013188,-1.15921455473591,2.43574658577769,0.707279475027988,4.14526720873075,-1.09284419781826,-2.49271173935486,0.224701801943069,NA,NA,-96.7567093281511,27.6533554899831
891,1.30654621231145,-2.69568645054062,5.58873363281524,1.36352168983476,-1.16986509090611,3.88283139569344,-0.711263372131685,-2.38208602906989,0.890637019453681,NA,NA,-82.7184446400312,26.8144392584395
892,0.969769118765911,-2.99786811459729,5.23481000362736,1.15986218919052,-1.31449370428045,3.57125031573041,-0.873434775816785,-2.52791435050528,0.607664178213998,NA,NA,-81.7305465487477,26.6831660478232
893,1.31079310048969,-2.81525999169318,5.77958015292081,1.1975489737637,-1.4290512747706,3.6995823966868,-0.81769652783569,-2.48998288761136,0.704756519432887,NA,NA,-80.745748026708,26.5425084849531
894,1.92093845038218,-2.56512202919832,6.77013314718205,1.31525775859638,-1.47962204936963,3.98088928049692,-0.691576844657631,-2.42041621555362,0.898982694749276,NA,NA,-79.7642440538776,26.3925027330855
895,-3.02157578873843,-6.41309783833899,0.376284009774963,3.00406309891651,1.17162728054071,4.83359484161685,-0.918069784554287,-2.48897973424951,0.555705175288732,NA,NA,-99.7419201953412,26.6813602201636
896,-3.14591037002978,-6.20916438824073,-0.120106839070717,3.04049108144352,1.44089435534485,4.64368984025679,-0.945431436828063,-2.38755308864274,0.379275195296934,NA,NA,-98.7447346457662,26.7123724146124
897,-2.87322785904048,-5.85618595460334,0.0556130742199307,3.17337651944999,1.45600630266479,4.92694821822262,-0.863829779882327,-2.25465908706615,0.470285260774387,NA,NA,-97.7469409873041,26.7338467365782
898,-3.23280827720646,-6.56548097730411,0.0906300783332244,3.02354804476686,1.0444477608082,5.02984207133901,-0.940442559024598,-2.4480398003497,0.499661695477097,NA,NA,-96.7487635710306,26.7457778544979
899,0.721060245828115,-3.6386970149449,5.64052522653011,0.983983001220746,-1.78166143952092,3.67547008321202,-0.9838754565629,-2.72281476539498,0.63693188432311,NA,NA,-81.878244686014,25.7831008713119
900,0.207762419899176,-4.37479085954498,5.1463420812749,0.664757411875142,-2.06235503359357,3.27107567543543,-1.19771847470432,-2.91252269549518,0.37320361552477,NA,NA,-80.9033047976919,25.6435018135794
901,-0.252431574826978,-5.1097534918444,4.90597878172273,0.368090311409788,-2.43123388886025,3.11910514279465,-1.41108483103804,-3.1616936499339,0.191183883466878,NA,NA,-79.9315578597677,25.4946134628712
902,-2.6979022518145,-6.28504641609051,0.722714611822527,3.58123443821621,1.70482366316168,5.52080930303585,-0.835349312232907,-2.44716901666644,0.691609555307923,NA,NA,-98.716210420344,25.8026137935416
903,-3.15855471334199,-6.50185151180147,0.0246363904787633,3.56337467188006,1.66202474283315,5.49624622055559,-0.969214693813388,-2.5294645312522,0.485869725127443,NA,NA,-97.7287863742879,25.8239260818634
904,-2.89780235249095,-6.45155124449848,0.643690983868358,3.46174130123396,1.33432928675308,5.64698743123394,-0.867131670357295,-2.46214055925457,0.683722521217832,NA,NA,-96.7409844529545,25.8357647579242
905,1.40499841966104,-4.66279816211099,7.71219662466576,1.26139591969367,-2.35085580353185,4.86509982014069,-0.764236593582621,-2.98304318565144,1.45486820325236,NA,NA,-82.9911318916856,25.0095908443845
906,1.40151883051608,-3.71655576163857,6.84942520379303,1.26485497583074,-1.80757441841846,4.29822087021557,-0.76441433000795,-2.65758864984962,1.06911569415647,NA,NA,-82.0229437252732,24.8802638701045
907,2.07209474201457,-2.850924578539,7.48193309084121,1.54768909219163,-1.4262578274522,4.48349270688635,-0.541902015277389,-2.38156871587695,1.18528218194511,NA,NA,-81.0576693487307,24.7416782746969
908,1.26668721793381,-4.00052408885715,6.76860223712347,1.14154678220736,-1.8858711772453,4.14117182022346,-0.846764667114666,-2.70764560917683,0.910207027567153,NA,NA,-80.0954929633818,24.5938615514206
