cell50,year,species_count,total_mammal_count_same_cell
147,2008,1,7
263,2008,0,1
266,2008,0,2
275,2008,0,4
338,2008,0,2
400,2008,0,1
401,2008,0,2
402,2008,0,1
409,2008,0,1
410,2008,0,4
472,2008,0,1
474,2008,0,1
475,2008,0,5
476,2008,2,6
480,2008,0,1
482,2008,0,2
483,2008,0,4
485,2008,0,1
535,2008,0,2
540,2008,0,1
552,2008,0,4
556,2008,0,1
557,2008,0,3
559,2008,0,1
561,2008,0,1
614,2008,0,1
619,2008,0,1
621,2008,0,1
623,2008,0,1
626,2008,1,19
630,2008,0,4
631,2008,0,1
636,2008,0,4
640,2008,0,1
691,2008,0,1
692,2008,0,1
696,2008,0,1
701,2008,0,1
709,2008,0,1
713,2008,0,1
715,2008,9,25
716,2008,0,3
717,2008,0,1
770,2008,0,1
772,2008,1,1
775,2008,0,4
776,2008,0,1
787,2008,0,4
792,2008,0,14
793,2008,0,1
795,2008,0,1
796,2008,5,12
797,2008,0,1
850,2008,0,2
869,2008,1,1
870,2008,0,3
872,2008,1,1
878,2008,1,1
879,2008,0,2
880,2008,1,3
881,2008,1,1
882,2008,0,1
936,2008,0,1
943,2008,0,1
949,2008,2,8
953,2008,3,4
957,2008,1,2
958,2008,3,9
961,2008,1,4
964,2008,0,2
966,2008,0,1
967,2008,0,1
1025,2008,0,1
1026,2008,0,1
1027,2008,0,1
1028,2008,0,1
1029,2008,1,3
1030,2008,0,1
1033,2008,0,1
1039,2008,0,1
1042,2008,0,2
1110,2008,1,3
1111,2008,0,7
1112,2008,0,1
1113,2008,1,4
1115,2008,0,3
1116,2008,0,1
1117,2008,6,37
1118,2008,3,19
1119,2008,2,7
1124,2008,0,1
1125,2008,0,1
1130,2008,0,3
1131,2008,1,8
1132,2008,0,1
1133,2008,0,1
1134,2008,1,2
1135,2008,0,2
1195,2008,2,5
1197,2008,0,1
1198,2008,0,2
1199,2008,0,5
1200,2008,1,5
1202,2008,1,6
1203,2008,0,1
1204,2008,0,2
1206,2008,0,3
1214,2008,0,1
1216,2008,0,1
1217,2008,14,22
1218,2008,0,1
1270,2008,0,1
1279,2008,0,4
1280,2008,0,2
1285,2008,0,1
1287,2008,0,3
1289,2008,1,2
1290,2008,0,5
1292,2008,0,1
1296,2008,0,2
1300,2008,0,2
1302,2008,0,1
1355,2008,0,2
1359,2008,0,1
1360,2008,0,3
1364,2008,0,1
1366,2008,0,1
1368,2008,0,1
1375,2008,1,5
1383,2008,1,2
1385,2008,0,2
1386,2008,0,1
1391,2008,0,3
1392,2008,0,10
1435,2008,0,1
1458,2008,0,1
1462,2008,0,3
1463,2008,0,1
1468,2008,0,1
1469,2008,0,2
1471,2008,0,1
1473,2008,0,6
1530,2008,0,2
1537,2008,0,1
1541,2008,0,1
1546,2008,0,1
1548,2008,0,1
1550,2008,0,4
1551,2008,1,5
1552,2008,2,6
1554,2008,0,1
1555,2008,0,1
1556,2008,1,7
1557,2008,0,25
1615,2008,1,2
1618,2008,0,3
1623,2008,0,1
1624,2008,0,2
1630,2008,0,2
1633,2008,0,2
1634,2008,4,11
1635,2008,0,4
1636,2008,0,1
1637,2008,0,1
1640,2008,0,11
1700,2008,0,1
1704,2008,0,1
1709,2008,1,1
1713,2008,0,3
1715,2008,0,8
1717,2008,1,2
1721,2008,0,3
1722,2008,0,24
1782,2008,0,1
1787,2008,0,1
1801,2008,0,1
1803,2008,1,5
1850,2008,0,1
1853,2008,0,1
1856,2008,0,2
1880,2008,0,1
1881,2008,1,2
1934,2008,0,2
1940,2008,1,1
1959,2008,0,2
1962,2008,5,14
1964,2008,1,1
2034,2008,0,1
2040,2008,1,2
2046,2008,0,1
2101,2008,0,1
2108,2008,0,3
2117,2008,0,1
2127,2008,0,3
2177,2008,0,1
2196,2008,0,1
2201,2008,0,1
2202,2008,1,2
2206,2008,0,1
2207,2008,1,2
2272,2008,0,2
2275,2008,0,1
2279,2008,0,1
2284,2008,1,4
2285,2008,1,3
2354,2008,0,3
2358,2008,0,4
2360,2008,0,1
2363,2008,0,2
2412,2008,0,1
2419,2008,0,1
2422,2008,1,4
2433,2008,0,1
2436,2008,1,1
2437,2008,0,1
2438,2008,1,1
2441,2008,0,1
2509,2008,0,2
2524,2008,1,1
2577,2008,0,1
2591,2008,0,1
2597,2008,0,3
2643,2008,0,1
2659,2008,0,1
2661,2008,0,1
2709,2008,0,3
2724,2008,0,1
2729,2008,0,2
2736,2008,0,1
2772,2008,0,1
2790,2008,0,1
2859,2008,0,1
2862,2008,0,1
2896,2008,0,6
2897,2008,0,2
2967,2008,1,1
2975,2008,0,1
2976,2008,0,2
2983,2008,0,1
3055,2008,0,1
3061,2008,0,3
3064,2008,0,1
3079,2008,0,1
3083,2008,0,2
3099,2008,0,2
3105,2008,0,1
3109,2008,0,1
3123,2008,0,1
3145,2008,0,1
3147,2008,0,2
3148,2008,0,1
3151,2008,0,1
3156,2008,0,1
3157,2008,1,1
3162,2008,0,2
3174,2008,0,1
3176,2008,0,1
3191,2008,0,2
3192,2008,0,13
3203,2008,0,2
3216,2008,0,1
3228,2008,0,9
3232,2008,0,2
3233,2008,1,1
3234,2008,0,1
3235,2008,0,1
3236,2008,0,1
3248,2008,0,1
3249,2008,1,1
3266,2008,0,1
3275,2008,0,1
3276,2008,0,1
3277,2008,2,3
3279,2008,0,2
3289,2008,0,1
3292,2008,0,1
3294,2008,1,1
3295,2008,0,1
3296,2008,0,1
3297,2008,0,1
3308,2008,0,1
3309,2008,0,1
3324,2008,0,1
3325,2008,0,2
3334,2008,1,8
3335,2008,2,5
3344,2008,0,1
3345,2008,0,1
3347,2008,0,1
3355,2008,1,1
3362,2008,1,1
144,2009,0,1
207,2009,0,1
255,2009,1,1
257,2009,0,1
263,2009,0,1
266,2009,0,5
275,2009,0,2
383,2009,0,1
385,2009,0,2
389,2009,0,4
396,2009,0,1
400,2009,0,4
401,2009,1,9
402,2009,0,3
403,2009,0,2
407,2009,0,1
408,2009,0,1
409,2009,0,2
455,2009,0,1
462,2009,0,1
469,2009,0,5
472,2009,0,2
474,2009,0,2
475,2009,0,10
476,2009,0,4
479,2009,0,1
482,2009,0,5
483,2009,0,2
535,2009,0,1
536,2009,0,1
547,2009,0,2
550,2009,0,3
552,2009,0,3
553,2009,0,2
554,2009,0,2
555,2009,0,4
556,2009,0,4
557,2009,0,3
559,2009,0,3
561,2009,1,5
614,2009,0,2
615,2009,0,1
619,2009,1,1
620,2009,1,2
626,2009,0,11
631,2009,0,2
632,2009,0,1
633,2009,0,2
636,2009,0,2
637,2009,0,1
638,2009,0,1
691,2009,0,2
692,2009,0,1
697,2009,0,1
704,2009,0,4
708,2009,0,1
710,2009,0,1
711,2009,0,1
713,2009,0,9
715,2009,5,7
716,2009,0,3
717,2009,0,10
718,2009,0,4
769,2009,1,3
770,2009,0,3
772,2009,2,4
787,2009,0,1
791,2009,0,1
792,2009,0,5
794,2009,0,4
796,2009,3,8
797,2009,0,5
848,2009,1,3
849,2009,0,1
850,2009,0,4
852,2009,0,1
857,2009,0,1
868,2009,0,1
869,2009,0,1
870,2009,2,3
871,2009,1,3
872,2009,0,2
876,2009,0,2
877,2009,0,2
878,2009,1,3
879,2009,0,1
881,2009,0,1
882,2009,0,2
943,2009,0,1
944,2009,0,4
949,2009,1,4
953,2009,3,7
954,2009,1,1
955,2009,0,3
957,2009,0,1
958,2009,0,4
959,2009,0,1
963,2009,0,1
966,2009,2,2
967,2009,0,2
968,2009,0,2
1026,2009,0,1
1027,2009,0,1
1028,2009,0,1
1029,2009,0,2
1030,2009,0,1
1037,2009,0,3
1039,2009,0,1
1040,2009,0,2
1048,2009,0,3
1051,2009,0,1
1052,2009,0,2
1110,2009,0,1
1111,2009,0,2
1113,2009,2,6
1114,2009,0,3
1116,2009,0,1
1117,2009,2,30
1118,2009,6,27
1119,2009,0,4
1120,2009,0,1
1122,2009,0,3
1124,2009,0,2
1131,2009,0,6
1133,2009,1,4
1190,2009,0,3
1195,2009,1,2
1197,2009,0,6
1199,2009,1,3
1202,2009,0,3
1203,2009,1,2
1204,2009,0,2
1206,2009,0,4
1213,2009,0,3
1214,2009,0,1
1216,2009,0,2
1217,2009,10,17
1218,2009,0,1
1270,2009,0,1
1273,2009,0,1
1276,2009,0,1
1279,2009,1,17
1280,2009,0,2
1285,2009,0,1
1286,2009,0,1
1287,2009,0,6
1290,2009,0,12
1292,2009,0,1
1294,2009,0,2
1296,2009,0,3
1300,2009,0,1
1301,2009,0,6
1302,2009,0,7
1303,2009,0,1
1355,2009,0,1
1364,2009,0,1
1365,2009,1,5
1368,2009,0,1
1373,2009,0,1
1375,2009,1,8
1380,2009,0,1
1385,2009,1,5
1386,2009,2,7
1391,2009,0,6
1392,2009,0,3
1435,2009,0,1
1449,2009,0,1
1453,2009,0,1
1458,2009,0,2
1461,2009,0,1
1462,2009,1,1
1463,2009,0,1
1469,2009,2,4
1471,2009,0,2
1473,2009,0,26
1476,2009,0,1
1530,2009,0,2
1534,2009,0,1
1540,2009,1,2
1541,2009,0,4
1546,2009,0,2
1548,2009,0,1
1550,2009,0,3
1551,2009,0,6
1552,2009,2,8
1554,2009,0,3
1555,2009,0,4
1556,2009,4,13
1557,2009,0,33
1608,2009,0,1
1615,2009,0,2
1618,2009,0,24
1619,2009,0,3
1620,2009,1,4
1623,2009,0,1
1624,2009,0,4
1630,2009,0,5
1634,2009,12,22
1635,2009,0,4
1636,2009,0,1
1637,2009,0,3
1640,2009,0,5
1696,2009,0,2
1702,2009,0,1
1709,2009,1,2
1712,2009,0,1
1713,2009,0,4
1715,2009,0,7
1716,2009,0,1
1717,2009,0,5
1719,2009,0,2
1721,2009,0,7
1722,2009,0,55
1784,2009,0,1
1786,2009,0,1
1787,2009,1,3
1789,2009,0,1
1794,2009,0,1
1795,2009,0,1
1797,2009,0,1
1798,2009,0,1
1803,2009,0,2
1850,2009,0,1
1851,2009,0,1
1855,2009,0,2
1856,2009,0,3
1863,2009,0,1
1865,2009,0,1
1873,2009,1,1
1876,2009,0,1
1877,2009,0,1
1878,2009,0,1
1879,2009,2,2
1881,2009,0,1
1934,2009,0,1
1939,2009,0,2
1940,2009,4,5
1941,2009,1,1
1961,2009,0,1
1962,2009,0,1
1965,2009,1,2
2010,2009,0,1
2031,2009,0,1
2046,2009,0,4
2103,2009,0,1
2127,2009,1,4
2177,2009,0,1
2179,2009,0,2
2196,2009,1,1
2198,2009,0,1
2200,2009,1,2
2202,2009,0,2
2207,2009,0,1
2208,2009,0,3
2254,2009,0,2
2275,2009,0,1
2278,2009,1,1
2279,2009,0,3
2284,2009,0,1
2285,2009,0,3
2287,2009,0,2
2290,2009,0,1
2339,2009,0,1
2349,2009,0,1
2353,2009,0,2
2357,2009,0,3
2358,2009,0,2
2363,2009,1,4
2370,2009,0,2
2371,2009,0,1
2412,2009,0,1
2414,2009,0,1
2420,2009,0,1
2432,2009,0,2
2513,2009,0,1
2524,2009,1,2
2588,2009,1,1
2636,2009,0,1
2659,2009,0,2
2724,2009,0,1
2728,2009,0,1
2729,2009,0,4
2772,2009,0,2
2775,2009,0,3
2791,2009,0,1
2857,2009,0,1
2858,2009,1,1
2865,2009,0,1
2896,2009,0,1
2897,2009,0,4
2901,2009,0,1
2902,2009,0,1
2905,2009,0,1
2913,2009,0,1
2914,2009,0,1
2926,2009,0,1
2957,2009,1,2
2958,2009,0,2
2984,2009,0,1
3034,2009,0,1
3069,2009,0,1
3081,2009,0,2
3083,2009,0,3
3099,2009,0,2
3102,2009,0,1
3106,2009,0,1
3129,2009,0,2
3145,2009,0,3
3147,2009,0,1
3149,2009,1,2
3150,2009,0,2
3157,2009,0,4
3162,2009,0,1
3163,2009,2,2
3164,2009,0,2
3170,2009,0,1
3174,2009,1,3
3176,2009,0,1
3191,2009,0,10
3192,2009,0,5
3195,2009,0,1
3196,2009,1,3
3200,2009,1,1
3201,2009,0,1
3203,2009,0,2
3206,2009,0,2
3207,2009,0,2
3213,2009,1,2
3215,2009,0,2
3228,2009,0,5
3230,2009,0,2
3232,2009,0,1
3233,2009,0,5
3234,2009,2,7
3236,2009,0,1
3249,2009,0,2
3250,2009,0,2
3251,2009,0,1
3266,2009,2,8
3267,2009,0,1
3275,2009,1,1
3277,2009,0,5
3279,2009,0,1
3291,2009,0,2
3292,2009,0,2
3293,2009,2,2
3296,2009,0,4
3297,2009,0,2
3308,2009,0,1
3309,2009,1,1
3311,2009,0,1
3326,2009,0,2
3327,2009,0,2
3334,2009,1,9
3335,2009,1,5
3336,2009,0,2
3344,2009,0,2
3347,2009,0,2
3354,2009,0,1
3355,2009,0,1
266,2010,0,9
275,2010,0,3
327,2010,0,3
385,2010,1,2
389,2010,0,4
391,2010,0,3
400,2010,0,4
401,2010,0,7
402,2010,0,3
403,2010,0,5
407,2010,0,3
409,2010,0,1
462,2010,0,2
464,2010,1,6
469,2010,0,2
472,2010,0,2
475,2010,0,12
476,2010,0,2
480,2010,0,2
481,2010,0,2
482,2010,0,3
483,2010,0,4
485,2010,0,1
542,2010,0,1
543,2010,0,2
552,2010,0,4
553,2010,0,1
554,2010,0,1
556,2010,0,17
557,2010,0,7
560,2010,0,1
561,2010,1,3
562,2010,0,3
616,2010,0,1
620,2010,1,10
622,2010,0,1
626,2010,4,29
627,2010,0,1
630,2010,0,4
631,2010,1,1
633,2010,0,1
635,2010,0,1
636,2010,0,2
640,2010,0,2
690,2010,0,1
700,2010,0,1
703,2010,0,1
704,2010,0,1
714,2010,0,1
715,2010,1,4
716,2010,0,6
717,2010,0,5
718,2010,0,2
769,2010,2,6
770,2010,2,6
772,2010,0,1
775,2010,0,1
784,2010,0,1
785,2010,0,2
788,2010,0,1
792,2010,0,2
793,2010,0,2
794,2010,0,1
796,2010,16,30
797,2010,0,8
848,2010,0,1
852,2010,0,1
855,2010,0,1
856,2010,0,3
859,2010,1,2
863,2010,0,2
870,2010,0,2
871,2010,0,3
873,2010,0,1
877,2010,0,1
878,2010,0,3
879,2010,2,5
880,2010,0,2
882,2010,0,2
883,2010,0,2
934,2010,0,1
936,2010,0,1
937,2010,0,2
940,2010,0,1
949,2010,0,9
953,2010,2,5
954,2010,0,8
956,2010,1,4
957,2010,0,1
958,2010,0,5
959,2010,0,1
962,2010,1,7
966,2010,1,5
967,2010,0,1
969,2010,0,1
1027,2010,0,2
1036,2010,0,1
1037,2010,0,1
1038,2010,1,1
1046,2010,0,1
1048,2010,0,6
1050,2010,0,8
1052,2010,0,5
1110,2010,0,1
1111,2010,0,4
1114,2010,0,2
1115,2010,0,4
1116,2010,0,1
1117,2010,2,26
1118,2010,1,8
1119,2010,2,10
1124,2010,0,1
1130,2010,0,2
1131,2010,0,1
1132,2010,1,4
1133,2010,7,30
1135,2010,0,1
1190,2010,0,1
1197,2010,0,2
1198,2010,0,1
1199,2010,0,3
1201,2010,0,2
1202,2010,0,3
1203,2010,0,1
1204,2010,0,2
1206,2010,0,1
1207,2010,0,2
1209,2010,0,2
1213,2010,0,1
1214,2010,0,3
1215,2010,0,2
1216,2010,0,3
1217,2010,7,20
1218,2010,0,1
1273,2010,0,1
1279,2010,0,13
1280,2010,0,1
1281,2010,0,1
1285,2010,0,1
1286,2010,0,2
1288,2010,0,1
1289,2010,0,2
1290,2010,1,13
1295,2010,0,1
1296,2010,0,7
1298,2010,1,1
1300,2010,0,2
1301,2010,2,10
1302,2010,2,10
1303,2010,0,3
1355,2010,0,3
1360,2010,0,3
1364,2010,0,1
1367,2010,0,1
1368,2010,0,1
1374,2010,0,4
1375,2010,2,16
1378,2010,0,1
1383,2010,0,2
1385,2010,0,1
1386,2010,4,11
1387,2010,0,2
1388,2010,0,1
1391,2010,0,12
1392,2010,0,1
1435,2010,0,1
1447,2010,1,1
1453,2010,0,2
1457,2010,0,1
1458,2010,0,2
1459,2010,0,3
1462,2010,0,2
1463,2010,0,1
1468,2010,0,1
1469,2010,1,2
1473,2010,0,14
1519,2010,0,1
1537,2010,0,1
1541,2010,0,6
1543,2010,0,1
1547,2010,0,4
1548,2010,0,2
1549,2010,0,1
1550,2010,1,3
1551,2010,3,7
1552,2010,5,9
1553,2010,0,1
1554,2010,0,1
1555,2010,0,3
1556,2010,3,6
1557,2010,0,24
1559,2010,0,1
1618,2010,0,2
1619,2010,0,1
1620,2010,0,1
1624,2010,0,9
1625,2010,0,1
1626,2010,0,1
1630,2010,0,6
1633,2010,0,1
1634,2010,12,24
1635,2010,0,6
1637,2010,0,1
1638,2010,0,2
1640,2010,0,10
1702,2010,0,1
1712,2010,0,2
1713,2010,0,3
1715,2010,0,3
1717,2010,0,6
1718,2010,0,2
1719,2010,0,5
1721,2010,0,10
1722,2010,0,61
1780,2010,0,1
1783,2010,0,1
1786,2010,0,1
1787,2010,0,3
1789,2010,0,1
1794,2010,0,2
1795,2010,0,1
1797,2010,0,2
1798,2010,0,1
1801,2010,0,1
1803,2010,0,10
1850,2010,0,2
1851,2010,1,1
1855,2010,0,3
1856,2010,0,1
1869,2010,0,1
1877,2010,0,1
1878,2010,0,2
1880,2010,0,1
1937,2010,0,2
1940,2010,0,2
1948,2010,1,1
1958,2010,0,2
1961,2010,0,3
1964,2010,1,1
1965,2010,0,1
2010,2010,0,1
2025,2010,0,1
2026,2010,0,1
2032,2010,0,2
2038,2010,0,1
2046,2010,0,3
2102,2010,0,1
2110,2010,0,1
2117,2010,0,4
2127,2010,0,4
2175,2010,0,1
2177,2010,0,1
2179,2010,0,1
2186,2010,0,3
2196,2010,1,2
2202,2010,0,3
2207,2010,0,1
2208,2010,0,2
2259,2010,0,1
2271,2010,0,1
2284,2010,0,1
2285,2010,0,5
2340,2010,0,1
2342,2010,0,2
2352,2010,0,1
2353,2010,0,1
2354,2010,0,1
2358,2010,0,3
2360,2010,0,2
2370,2010,0,1
2371,2010,0,1
2412,2010,0,2
2415,2010,0,1
2420,2010,0,1
2434,2010,0,1
2437,2010,0,1
2438,2010,1,1
2441,2010,1,1
2493,2010,0,3
2502,2010,0,1
2563,2010,0,1
2571,2010,0,3
2584,2010,0,1
2586,2010,0,1
2587,2010,0,1
2595,2010,0,1
2597,2010,0,1
2598,2010,0,1
2643,2010,0,1
2644,2010,0,2
2652,2010,0,1
2654,2010,0,1
2659,2010,0,2
2669,2010,0,5
2709,2010,1,4
2713,2010,0,1
2714,2010,1,2
2729,2010,0,4
2736,2010,1,1
2772,2010,0,3
2775,2010,0,1
2795,2010,0,1
2803,2010,0,6
2850,2010,0,1
2853,2010,1,4
2857,2010,0,3
2896,2010,0,4
2897,2010,0,10
2905,2010,0,3
2913,2010,0,1
2914,2010,0,1
2953,2010,0,1
2957,2010,0,2
2966,2010,0,1
3007,2010,0,2
3023,2010,0,1
3035,2010,1,3
3057,2010,0,2
3063,2010,0,1
3065,2010,0,1
3075,2010,1,2
3079,2010,0,2
3081,2010,1,3
3083,2010,0,4
3105,2010,0,5
3106,2010,0,1
3123,2010,1,1
3124,2010,0,1
3145,2010,0,3
3147,2010,0,1
3149,2010,0,1
3157,2010,0,2
3159,2010,0,1
3160,2010,0,2
3162,2010,0,5
3164,2010,0,1
3165,2010,0,1
3166,2010,0,1
3167,2010,0,2
3168,2010,0,1
3171,2010,0,2
3174,2010,0,3
3191,2010,0,1
3192,2010,0,9
3196,2010,1,2
3197,2010,0,3
3203,2010,0,2
3206,2010,2,2
3214,2010,0,1
3216,2010,0,1
3217,2010,1,2
3228,2010,0,8
3230,2010,0,1
3232,2010,0,2
3233,2010,0,5
3234,2010,1,9
3235,2010,0,4
3236,2010,0,4
3247,2010,1,2
3248,2010,0,1
3249,2010,2,3
3250,2010,0,1
3251,2010,0,3
3266,2010,1,5
3267,2010,0,2
3277,2010,5,7
3279,2010,0,1
3292,2010,0,3
3293,2010,1,1
3294,2010,1,2
3295,2010,0,1
3296,2010,0,3
3308,2010,1,5
3309,2010,1,2
3311,2010,1,1
3327,2010,0,2
3334,2010,1,3
3335,2010,2,2
3336,2010,0,1
3338,2010,0,2
3344,2010,0,1
3347,2010,2,3
3354,2010,1,2
3361,2010,0,2
144,2011,0,1
197,2011,0,1
266,2011,0,2
271,2011,0,1
275,2011,0,3
327,2011,0,2
336,2011,1,2
389,2011,0,2
396,2011,0,1
400,2011,0,1
401,2011,0,5
403,2011,0,2
407,2011,0,1
408,2011,0,1
409,2011,0,2
410,2011,0,4
462,2011,0,1
463,2011,0,1
465,2011,0,1
470,2011,0,1
475,2011,0,2
479,2011,0,1
481,2011,0,1
482,2011,0,13
483,2011,0,3
535,2011,0,9
536,2011,0,1
543,2011,0,1
550,2011,0,3
552,2011,0,4
555,2011,0,2
557,2011,0,5
560,2011,0,1
561,2011,0,3
612,2011,0,4
614,2011,0,1
616,2011,0,3
620,2011,0,1
622,2011,0,1
626,2011,1,21
630,2011,1,16
631,2011,0,3
634,2011,0,1
635,2011,2,6
636,2011,0,5
637,2011,0,3
638,2011,0,1
639,2011,0,1
640,2011,0,7
691,2011,0,1
701,2011,0,4
705,2011,0,2
709,2011,0,2
711,2011,0,1
713,2011,1,2
714,2011,0,1
715,2011,4,5
716,2011,0,2
717,2011,1,8
718,2011,0,2
769,2011,1,8
770,2011,1,4
772,2011,1,7
775,2011,0,1
782,2011,0,2
784,2011,0,2
785,2011,1,1
787,2011,0,2
788,2011,0,3
792,2011,0,3
793,2011,2,6
794,2011,0,3
795,2011,0,2
796,2011,5,22
850,2011,0,1
854,2011,0,2
855,2011,0,3
856,2011,0,2
867,2011,0,1
869,2011,0,2
870,2011,0,2
871,2011,0,3
874,2011,0,1
876,2011,1,3
877,2011,0,1
878,2011,0,6
879,2011,0,4
880,2011,0,6
881,2011,0,6
882,2011,0,7
935,2011,0,1
936,2011,0,1
938,2011,0,1
943,2011,0,1
949,2011,0,24
953,2011,5,5
954,2011,0,1
957,2011,0,2
958,2011,1,7
961,2011,0,1
962,2011,0,2
963,2011,0,1
965,2011,0,1
966,2011,1,6
967,2011,0,2
969,2011,0,3
1026,2011,1,1
1027,2011,0,2
1028,2011,0,2
1029,2011,0,1
1032,2011,0,1
1036,2011,0,1
1038,2011,0,1
1045,2011,0,1
1048,2011,0,4
1049,2011,0,1
1050,2011,3,7
1051,2011,0,2
1052,2011,0,3
1111,2011,1,3
1113,2011,1,4
1115,2011,0,2
1116,2011,0,3
1117,2011,0,14
1118,2011,0,6
1119,2011,1,11
1124,2011,0,1
1130,2011,1,2
1131,2011,0,1
1132,2011,0,6
1133,2011,6,23
1134,2011,1,3
1183,2011,0,1
1190,2011,0,3
1195,2011,0,2
1197,2011,1,15
1199,2011,0,3
1201,2011,0,1
1202,2011,0,5
1203,2011,0,1
1204,2011,0,3
1207,2011,0,4
1213,2011,0,4
1214,2011,1,3
1215,2011,0,4
1216,2011,0,4
1217,2011,20,34
1218,2011,0,3
1270,2011,0,9
1273,2011,0,2
1276,2011,0,2
1279,2011,0,12
1280,2011,3,7
1285,2011,0,2
1286,2011,0,1
1287,2011,0,11
1288,2011,0,1
1290,2011,0,16
1292,2011,0,1
1294,2011,0,1
1295,2011,0,2
1296,2011,0,4
1297,2011,0,1
1298,2011,0,1
1300,2011,0,3
1301,2011,0,6
1302,2011,0,3
1355,2011,0,4
1358,2011,1,1
1359,2011,0,3
1364,2011,0,2
1365,2011,0,2
1368,2011,0,1
1374,2011,0,1
1375,2011,0,11
1377,2011,0,2
1378,2011,0,3
1381,2011,0,4
1383,2011,1,2
1384,2011,0,1
1385,2011,0,4
1386,2011,5,15
1388,2011,0,1
1391,2011,0,3
1392,2011,0,7
1453,2011,0,2
1455,2011,0,1
1458,2011,0,3
1459,2011,0,5
1461,2011,0,1
1462,2011,3,3
1464,2011,0,2
1465,2011,0,1
1468,2011,0,1
1469,2011,0,2
1471,2011,0,5
1472,2011,0,2
1473,2011,0,23
1476,2011,0,2
1530,2011,2,3
1540,2011,0,1
1541,2011,0,5
1547,2011,0,1
1550,2011,0,2
1551,2011,1,10
1552,2011,1,11
1553,2011,0,4
1554,2011,0,3
1555,2011,0,6
1556,2011,5,13
1557,2011,0,23
1615,2011,1,2
1619,2011,0,1
1623,2011,0,2
1624,2011,0,11
1630,2011,0,3
1634,2011,16,39
1635,2011,1,7
1636,2011,0,5
1638,2011,0,1
1640,2011,0,4
1687,2011,0,2
1709,2011,0,1
1710,2011,0,1
1712,2011,1,2
1713,2011,0,1
1715,2011,0,9
1716,2011,0,1
1717,2011,1,9
1719,2011,0,1
1720,2011,0,2
1721,2011,0,9
1722,2011,1,67
1783,2011,1,3
1787,2011,0,3
1796,2011,0,1
1797,2011,0,1
1802,2011,0,1
1803,2011,0,4
1851,2011,0,3
1855,2011,0,4
1856,2011,0,3
1867,2011,0,1
1869,2011,0,1
1876,2011,0,1
1878,2011,0,1
1879,2011,0,1
1880,2011,0,1
1881,2011,0,2
1940,2011,1,1
1949,2011,0,1
1952,2011,0,1
1959,2011,0,1
1962,2011,0,1
1964,2011,0,1
2026,2011,0,1
2038,2011,0,1
2046,2011,0,4
2089,2011,0,2
2100,2011,0,1
2103,2011,0,3
2114,2011,0,3
2117,2011,0,3
2120,2011,0,1
2127,2011,0,1
2175,2011,0,2
2186,2011,0,1
2197,2011,0,2
2201,2011,0,2
2202,2011,2,5
2203,2011,0,1
2208,2011,0,3
2253,2011,0,2
2279,2011,0,1
2280,2011,0,1
2284,2011,0,2
2285,2011,0,2
2290,2011,0,2
2342,2011,0,1
2352,2011,0,1
2353,2011,0,2
2357,2011,0,1
2358,2011,1,4
2359,2011,0,1
2362,2011,0,1
2363,2011,0,2
2370,2011,0,1
2412,2011,0,2
2417,2011,1,2
2421,2011,0,1
2427,2011,0,1
2430,2011,0,1
2433,2011,0,1
2441,2011,0,2
2498,2011,0,1
2502,2011,1,1
2505,2011,0,1
2511,2011,1,3
2521,2011,0,1
2563,2011,0,7
2564,2011,0,1
2581,2011,0,1
2582,2011,0,2
2585,2011,0,1
2591,2011,0,1
2595,2011,0,1
2643,2011,0,1
2645,2011,0,1
2657,2011,0,1
2658,2011,0,1
2659,2011,1,2
2660,2011,0,1
2661,2011,2,13
2664,2011,1,1
2669,2011,0,4
2709,2011,0,1
2724,2011,1,1
2726,2011,0,1
2729,2011,1,2
2733,2011,0,8
2734,2011,0,2
2736,2011,0,1
2772,2011,0,1
2775,2011,0,2
2790,2011,0,1
2799,2011,0,1
2803,2011,0,1
2859,2011,0,1
2866,2011,0,1
2896,2011,0,2
2897,2011,0,22
2905,2011,0,1
2914,2011,0,1
2917,2011,2,38
2953,2011,0,1
2956,2011,0,1
2957,2011,0,3
2958,2011,1,1
2965,2011,0,1
2976,2011,0,1
3035,2011,0,1
3057,2011,0,1
3076,2011,1,2
3079,2011,0,1
3099,2011,0,2
3105,2011,0,3
3116,2011,0,6
3124,2011,0,2
3127,2011,1,1
3130,2011,0,1
3145,2011,0,11
3147,2011,0,4
3149,2011,1,1
3158,2011,0,1
3159,2011,0,1
3162,2011,0,8
3168,2011,0,2
3170,2011,0,1
3171,2011,0,2
3174,2011,0,6
3191,2011,0,8
3192,2011,0,21
3194,2011,0,2
3196,2011,1,3
3197,2011,0,1
3201,2011,0,3
3203,2011,0,1
3206,2011,0,2
3207,2011,0,2
3211,2011,0,2
3213,2011,0,2
3215,2011,0,1
3216,2011,1,3
3217,2011,0,2
3228,2011,0,14
3232,2011,0,10
3233,2011,6,16
3234,2011,0,2
3235,2011,0,9
3236,2011,0,3
3247,2011,1,1
3249,2011,0,3
3250,2011,1,1
3251,2011,0,2
3266,2011,2,11
3275,2011,0,1
3277,2011,2,6
3278,2011,0,3
3279,2011,0,5
3289,2011,0,1
3291,2011,0,1
3292,2011,1,4
3293,2011,2,2
3296,2011,0,1
3297,2011,0,1
3309,2011,3,4
3311,2011,1,2
3314,2011,1,2
3324,2011,1,1
3325,2011,0,1
3327,2011,0,8
3334,2011,0,6
3335,2011,0,2
3336,2011,0,1
3338,2011,2,3
3345,2011,0,1
3347,2011,4,8
3354,2011,1,2
3361,2011,0,1
147,2012,0,1
202,2012,0,3
263,2012,0,7
266,2012,0,6
271,2012,0,2
274,2012,0,1
275,2012,0,8
326,2012,0,2
327,2012,0,2
336,2012,0,2
385,2012,0,1
387,2012,0,1
389,2012,0,4
400,2012,0,2
401,2012,0,7
402,2012,0,1
403,2012,0,2
407,2012,0,1
408,2012,0,1
409,2012,0,3
410,2012,0,8
456,2012,0,3
462,2012,0,1
464,2012,0,1
465,2012,0,1
470,2012,0,1
472,2012,0,2
474,2012,0,1
475,2012,0,11
476,2012,0,8
477,2012,0,1
479,2012,0,6
480,2012,0,5
481,2012,0,1
482,2012,0,3
485,2012,0,1
535,2012,0,4
537,2012,0,1
542,2012,0,1
550,2012,0,2
554,2012,0,4
555,2012,0,1
556,2012,0,5
557,2012,1,23
559,2012,0,3
561,2012,1,3
562,2012,0,2
612,2012,1,2
614,2012,0,5
615,2012,0,1
616,2012,0,3
620,2012,0,2
622,2012,0,1
626,2012,1,13
630,2012,0,7
631,2012,0,2
633,2012,0,1
634,2012,0,2
635,2012,1,16
636,2012,0,7
637,2012,1,9
638,2012,0,1
639,2012,0,2
640,2012,0,1
691,2012,0,1
692,2012,0,3
700,2012,0,7
703,2012,0,2
704,2012,0,3
705,2012,0,1
708,2012,0,1
711,2012,0,2
712,2012,0,1
713,2012,1,3
714,2012,0,2
715,2012,1,3
716,2012,0,3
717,2012,2,31
718,2012,0,1
769,2012,4,21
770,2012,1,8
772,2012,1,4
775,2012,0,2
783,2012,0,1
785,2012,0,3
787,2012,0,2
788,2012,0,4
789,2012,0,1
792,2012,0,1
793,2012,1,2
794,2012,4,10
796,2012,7,23
797,2012,2,8
848,2012,0,1
849,2012,0,4
850,2012,0,2
854,2012,0,1
855,2012,0,1
856,2012,0,1
857,2012,0,3
867,2012,1,3
870,2012,0,6
871,2012,0,4
872,2012,1,5
876,2012,0,2
878,2012,1,4
879,2012,0,5
880,2012,0,6
881,2012,0,4
882,2012,0,5
883,2012,0,6
943,2012,0,1
948,2012,0,1
949,2012,0,6
953,2012,3,5
954,2012,0,2
957,2012,1,6
958,2012,3,26
962,2012,6,24
963,2012,1,2
964,2012,0,3
965,2012,1,5
966,2012,0,5
967,2012,0,4
968,2012,0,1
1028,2012,0,1
1033,2012,0,2
1035,2012,0,1
1038,2012,0,1
1039,2012,0,2
1041,2012,0,1
1043,2012,0,1
1045,2012,0,4
1048,2012,1,3
1049,2012,0,2
1050,2012,0,6
1051,2012,0,5
1052,2012,0,6
1110,2012,0,1
1111,2012,0,1
1113,2012,2,4
1116,2012,0,4
1117,2012,0,16
1118,2012,0,1
1119,2012,0,10
1123,2012,1,1
1129,2012,0,2
1130,2012,0,1
1131,2012,0,1
1132,2012,0,4
1133,2012,1,5
1134,2012,1,7
1135,2012,1,3
1190,2012,0,1
1191,2012,0,1
1193,2012,0,1
1197,2012,5,21
1198,2012,0,1
1200,2012,0,1
1201,2012,0,1
1202,2012,1,4
1204,2012,1,3
1207,2012,0,5
1209,2012,0,1
1212,2012,1,6
1213,2012,0,1
1214,2012,0,6
1215,2012,0,2
1216,2012,0,6
1217,2012,20,46
1218,2012,0,2
1273,2012,0,3
1279,2012,1,17
1280,2012,5,14
1282,2012,0,1
1286,2012,0,4
1287,2012,0,7
1288,2012,0,1
1289,2012,0,2
1290,2012,2,39
1292,2012,0,3
1293,2012,0,2
1296,2012,0,14
1298,2012,0,2
1299,2012,1,3
1300,2012,1,8
1301,2012,0,12
1302,2012,2,14
1355,2012,0,1
1358,2012,0,1
1360,2012,1,16
1363,2012,1,2
1364,2012,0,2
1365,2012,0,1
1366,2012,1,2
1368,2012,0,2
1370,2012,0,1
1371,2012,2,2
1372,2012,0,2
1374,2012,0,6
1375,2012,7,49
1377,2012,0,1
1378,2012,0,1
1379,2012,0,1
1383,2012,0,6
1384,2012,0,3
1385,2012,0,4
1386,2012,3,16
1387,2012,0,1
1391,2012,0,8
1392,2012,0,11
1435,2012,0,1
1439,2012,0,4
1443,2012,0,3
1444,2012,0,1
1457,2012,0,2
1458,2012,0,1
1459,2012,0,2
1462,2012,0,8
1464,2012,0,2
1467,2012,2,2
1469,2012,2,6
1471,2012,0,3
1473,2012,0,41
1476,2012,0,1
1530,2012,0,3
1541,2012,1,2
1542,2012,0,1
1547,2012,0,4
1548,2012,0,6
1550,2012,0,1
1551,2012,0,11
1552,2012,1,6
1553,2012,0,2
1554,2012,0,4
1555,2012,2,3
1556,2012,3,19
1557,2012,1,58
1608,2012,0,1
1615,2012,0,1
1618,2012,0,2
1619,2012,0,3
1620,2012,0,1
1621,2012,0,1
1622,2012,1,3
1624,2012,0,3
1626,2012,0,1
1627,2012,0,2
1630,2012,0,10
1631,2012,0,1
1633,2012,0,3
1634,2012,15,41
1635,2012,1,19
1636,2012,0,6
1637,2012,0,2
1638,2012,0,1
1640,2012,2,29
1702,2012,0,2
1704,2012,0,1
1705,2012,0,4
1709,2012,1,6
1712,2012,0,3
1715,2012,0,12
1717,2012,2,12
1719,2012,1,15
1721,2012,0,4
1722,2012,1,47
1783,2012,0,1
1787,2012,0,1
1789,2012,0,1
1795,2012,0,1
1798,2012,1,1
1800,2012,0,9
1802,2012,0,1
1803,2012,0,12
1850,2012,0,2
1851,2012,0,5
1852,2012,0,1
1855,2012,1,15
1856,2012,0,1
1863,2012,1,1
1877,2012,0,1
1878,2012,1,10
1879,2012,0,2
1881,2012,1,8
1883,2012,0,1
1939,2012,0,1
1940,2012,0,5
1960,2012,0,1
1961,2012,0,5
1963,2012,0,2
1964,2012,1,4
1965,2012,0,1
2020,2012,0,4
2031,2012,0,1
2033,2012,0,1
2034,2012,0,1
2038,2012,4,8
2045,2012,0,1
2089,2012,0,1
2103,2012,0,2
2108,2012,0,1
2115,2012,0,3
2118,2012,0,1
2127,2012,0,6
2184,2012,0,2
2185,2012,1,3
2196,2012,0,1
2198,2012,0,3
2202,2012,1,5
2208,2012,0,2
2253,2012,0,3
2257,2012,0,1
2273,2012,0,1
2275,2012,0,1
2279,2012,0,1
2280,2012,0,3
2281,2012,0,1
2284,2012,1,2
2287,2012,0,1
2288,2012,0,2
2290,2012,0,2
2336,2012,0,1
2340,2012,0,4
2342,2012,1,3
2344,2012,0,2
2348,2012,0,1
2352,2012,0,3
2353,2012,0,3
2354,2012,0,1
2357,2012,1,2
2358,2012,1,6
2360,2012,2,5
2361,2012,0,2
2362,2012,0,1
2363,2012,0,2
2366,2012,0,1
2370,2012,0,1
2371,2012,0,2
2412,2012,0,1
2416,2012,0,1
2417,2012,0,1
2419,2012,0,1
2420,2012,0,1
2429,2012,0,1
2433,2012,0,1
2434,2012,0,1
2438,2012,1,2
2502,2012,0,2
2514,2012,0,1
2516,2012,0,1
2524,2012,1,1
2563,2012,0,3
2585,2012,0,1
2586,2012,0,2
2587,2012,0,1
2590,2012,0,2
2591,2012,0,1
2595,2012,0,1
2597,2012,0,4
2598,2012,0,2
2645,2012,0,1
2657,2012,0,3
2659,2012,1,2
2661,2012,2,10
2664,2012,2,3
2666,2012,0,1
2667,2012,0,1
2669,2012,0,2
2706,2012,0,1
2709,2012,1,1
2710,2012,0,1
2714,2012,0,1
2724,2012,0,2
2726,2012,0,1
2728,2012,0,1
2732,2012,1,3
2733,2012,0,3
2737,2012,0,1
2772,2012,0,2
2792,2012,0,1
2802,2012,0,3
2803,2012,0,1
2836,2012,0,1
2838,2012,0,1
2840,2012,0,2
2844,2012,0,1
2856,2012,0,1
2857,2012,0,2
2863,2012,0,3
2864,2012,1,1
2866,2012,0,1
2896,2012,0,14
2897,2012,0,16
2899,2012,0,1
2905,2012,0,1
2926,2012,1,4
2965,2012,0,2
2976,2012,0,2
2984,2012,0,1
3007,2012,0,1
3035,2012,0,3
3055,2012,0,1
3058,2012,0,1
3071,2012,0,1
3073,2012,0,1
3083,2012,0,1
3099,2012,0,1
3102,2012,0,1
3103,2012,0,4
3105,2012,0,3
3107,2012,0,1
3109,2012,0,1
3111,2012,0,3
3117,2012,1,2
3121,2012,1,1
3124,2012,1,3
3128,2012,0,1
3130,2012,0,1
3145,2012,0,12
3147,2012,0,25
3148,2012,0,1
3149,2012,0,2
3150,2012,0,2
3156,2012,0,1
3157,2012,1,3
3158,2012,0,1
3161,2012,0,1
3162,2012,0,6
3163,2012,0,1
3164,2012,0,1
3168,2012,0,1
3170,2012,2,4
3171,2012,0,2
3174,2012,1,6
3175,2012,0,1
3176,2012,0,2
3191,2012,0,8
3192,2012,0,17
3195,2012,0,1
3196,2012,1,2
3197,2012,0,7
3200,2012,0,1
3201,2012,0,2
3202,2012,0,1
3203,2012,0,3
3206,2012,4,6
3213,2012,0,2
3215,2012,0,3
3216,2012,0,3
3217,2012,0,5
3228,2012,0,22
3230,2012,0,1
3232,2012,0,3
3233,2012,15,22
3234,2012,2,4
3235,2012,0,5
3236,2012,0,4
3247,2012,0,1
3249,2012,0,3
3250,2012,1,5
3266,2012,1,17
3277,2012,2,3
3278,2012,0,2
3279,2012,1,5
3289,2012,0,1
3291,2012,0,1
3292,2012,1,10
3294,2012,1,2
3295,2012,1,4
3297,2012,0,3
3308,2012,0,3
3309,2012,0,2
3313,2012,0,2
3323,2012,2,3
3325,2012,0,1
3327,2012,1,11
3334,2012,3,4
3335,2012,1,5
3336,2012,0,1
3337,2012,0,1
3338,2012,0,1
3344,2012,0,2
3346,2012,0,1
3347,2012,0,3
3361,2012,0,2
266,2013,0,7
271,2013,0,1
272,2013,0,2
275,2013,1,8
327,2013,0,3
336,2013,0,3
337,2013,1,1
385,2013,0,3
389,2013,0,8
390,2013,0,1
391,2013,0,2
401,2013,0,8
402,2013,0,1
403,2013,1,5
407,2013,0,1
408,2013,0,7
409,2013,0,4
410,2013,0,5
455,2013,0,2
459,2013,0,1
462,2013,0,2
464,2013,0,1
469,2013,0,2
472,2013,0,1
474,2013,0,3
475,2013,0,5
476,2013,0,6
477,2013,0,1
478,2013,3,5
479,2013,0,2
480,2013,0,17
481,2013,0,6
482,2013,0,2
483,2013,0,2
485,2013,0,4
533,2013,0,1
535,2013,0,1
546,2013,0,1
550,2013,0,1
552,2013,0,2
554,2013,0,4
555,2013,0,4
556,2013,5,39
557,2013,1,32
560,2013,1,5
561,2013,1,9
612,2013,1,2
615,2013,0,1
616,2013,1,2
620,2013,0,2
626,2013,0,3
628,2013,0,1
630,2013,4,36
631,2013,0,3
634,2013,0,1
635,2013,3,33
636,2013,6,57
637,2013,0,16
638,2013,0,1
639,2013,0,4
640,2013,0,4
691,2013,0,1
692,2013,0,2
700,2013,0,1
701,2013,0,4
704,2013,0,1
705,2013,0,1
713,2013,1,7
714,2013,0,3
715,2013,0,5
716,2013,0,7
717,2013,5,22
718,2013,1,4
769,2013,2,18
770,2013,1,8
771,2013,0,1
772,2013,1,5
775,2013,1,3
785,2013,0,1
788,2013,0,1
789,2013,0,1
793,2013,3,27
794,2013,1,19
795,2013,0,6
796,2013,7,39
797,2013,1,7
852,2013,0,1
856,2013,1,13
857,2013,0,1
859,2013,0,1
867,2013,3,8
868,2013,0,1
869,2013,0,1
870,2013,1,5
872,2013,0,7
876,2013,0,5
878,2013,1,25
879,2013,1,14
880,2013,1,4
881,2013,1,8
882,2013,0,11
883,2013,0,2
944,2013,0,1
947,2013,1,1
948,2013,0,2
949,2013,0,7
953,2013,2,7
954,2013,0,5
955,2013,0,1
957,2013,0,1
958,2013,2,8
962,2013,7,16
964,2013,0,2
965,2013,3,6
966,2013,0,4
967,2013,1,6
968,2013,0,2
969,2013,0,1
1027,2013,0,4
1029,2013,0,1
1030,2013,0,1
1032,2013,0,1
1033,2013,0,2
1037,2013,0,4
1038,2013,0,1
1045,2013,1,5
1047,2013,0,1
1048,2013,1,10
1049,2013,0,1
1050,2013,0,2
1051,2013,0,1
1052,2013,0,6
1110,2013,0,3
1111,2013,0,2
1113,2013,2,6
1114,2013,0,1
1115,2013,0,4
1116,2013,0,3
1117,2013,0,16
1118,2013,0,5
1119,2013,0,12
1122,2013,0,6
1124,2013,0,3
1127,2013,1,3
1130,2013,0,2
1131,2013,0,2
1132,2013,1,7
1133,2013,0,9
1134,2013,0,5
1190,2013,0,1
1191,2013,0,1
1193,2013,0,2
1195,2013,0,2
1197,2013,1,10
1198,2013,0,4
1200,2013,1,3
1201,2013,0,1
1202,2013,0,3
1203,2013,0,2
1204,2013,0,4
1205,2013,0,1
1206,2013,0,2
1207,2013,0,6
1208,2013,0,1
1209,2013,0,7
1213,2013,0,9
1214,2013,0,3
1215,2013,0,4
1216,2013,2,13
1217,2013,19,50
1218,2013,0,7
1274,2013,0,3
1275,2013,0,2
1276,2013,0,3
1278,2013,0,3
1279,2013,0,11
1280,2013,7,38
1283,2013,0,1
1286,2013,0,7
1287,2013,0,10
1288,2013,0,3
1289,2013,2,8
1290,2013,2,43
1292,2013,0,1
1293,2013,2,6
1294,2013,0,1
1295,2013,0,1
1296,2013,0,1
1299,2013,0,1
1300,2013,0,4
1301,2013,2,17
1302,2013,0,9
1303,2013,0,1
1355,2013,0,2
1359,2013,0,2
1360,2013,0,1
1363,2013,0,5
1364,2013,0,3
1365,2013,0,1
1366,2013,0,2
1368,2013,0,3
1371,2013,0,2
1374,2013,0,2
1375,2013,9,44
1377,2013,0,2
1378,2013,1,9
1379,2013,0,7
1382,2013,0,1
1383,2013,2,9
1384,2013,0,6
1385,2013,1,5
1386,2013,0,13
1388,2013,0,1
1391,2013,0,12
1392,2013,0,7
1435,2013,0,2
1453,2013,0,2
1457,2013,1,1
1458,2013,1,4
1459,2013,0,4
1461,2013,0,4
1462,2013,1,9
1464,2013,0,4
1466,2013,0,2
1467,2013,0,1
1468,2013,0,4
1469,2013,1,11
1470,2013,0,1
1471,2013,1,6
1473,2013,0,70
1529,2013,0,1
1541,2013,0,6
1542,2013,0,1
1543,2013,0,5
1546,2013,0,7
1547,2013,0,1
1548,2013,0,2
1549,2013,0,4
1550,2013,0,5
1551,2013,0,15
1552,2013,1,22
1553,2013,0,4
1554,2013,0,21
1555,2013,0,12
1556,2013,14,60
1557,2013,4,97
1614,2013,0,1
1615,2013,0,4
1619,2013,0,1
1620,2013,0,2
1621,2013,0,4
1622,2013,0,3
1623,2013,0,5
1624,2013,0,6
1625,2013,0,1
1626,2013,0,3
1629,2013,0,1
1630,2013,0,2
1633,2013,1,5
1634,2013,19,48
1635,2013,1,19
1636,2013,2,19
1637,2013,1,5
1638,2013,1,8
1640,2013,8,72
1700,2013,0,1
1701,2013,0,1
1702,2013,0,4
1704,2013,0,4
1705,2013,0,3
1709,2013,0,1
1713,2013,1,4
1714,2013,2,7
1715,2013,0,7
1716,2013,0,2
1717,2013,2,18
1718,2013,0,1
1719,2013,0,14
1721,2013,0,17
1722,2013,0,130
1772,2013,0,1
1780,2013,0,1
1786,2013,0,1
1787,2013,0,4
1795,2013,0,2
1796,2013,0,1
1797,2013,0,1
1798,2013,0,1
1800,2013,0,5
1802,2013,0,1
1803,2013,2,21
1848,2013,0,2
1851,2013,0,2
1852,2013,0,1
1855,2013,0,9
1858,2013,0,1
1860,2013,1,1
1861,2013,0,1
1867,2013,0,1
1872,2013,0,1
1874,2013,2,4
1878,2013,0,2
1879,2013,0,5
1881,2013,1,5
1882,2013,0,1
1884,2013,0,3
1929,2013,0,1
1931,2013,0,1
1934,2013,0,2
1938,2013,0,1
1939,2013,0,2
1940,2013,1,5
1946,2013,0,1
1948,2013,0,1
1952,2013,0,1
1954,2013,0,1
1957,2013,0,3
1958,2013,0,5
1959,2013,0,1
1960,2013,0,1
1961,2013,0,1
1962,2013,1,2
1964,2013,4,5
1965,2013,0,3
2018,2013,0,1
2023,2013,0,1
2034,2013,0,1
2037,2013,0,1
2038,2013,0,19
2039,2013,0,1
2042,2013,0,5
2045,2013,0,3
2046,2013,0,6
2103,2013,1,15
2114,2013,0,6
2115,2013,1,11
2116,2013,0,2
2117,2013,0,2
2119,2013,0,4
2122,2013,0,6
2127,2013,0,1
2175,2013,0,5
2184,2013,0,2
2185,2013,0,1
2196,2013,0,1
2197,2013,0,1
2198,2013,0,6
2199,2013,0,1
2200,2013,0,1
2201,2013,0,1
2202,2013,4,24
2203,2013,0,4
2207,2013,0,2
2253,2013,0,1
2257,2013,0,1
2259,2013,0,1
2266,2013,0,1
2275,2013,0,1
2278,2013,0,1
2280,2013,1,5
2284,2013,2,12
2285,2013,2,2
2336,2013,0,2
2339,2013,1,3
2340,2013,0,1
2342,2013,1,1
2353,2013,1,3
2354,2013,0,1
2357,2013,0,2
2358,2013,0,4
2360,2013,0,4
2363,2013,0,2
2371,2013,0,3
2412,2013,0,1
2414,2013,0,2
2417,2013,0,2
2419,2013,0,1
2421,2013,0,2
2423,2013,0,1
2427,2013,0,2
2429,2013,0,1
2436,2013,0,1
2441,2013,0,1
2443,2013,0,1
2448,2013,0,3
2493,2013,0,1
2494,2013,0,5
2497,2013,0,1
2502,2013,0,6
2509,2013,1,4
2510,2013,0,1
2511,2013,0,3
2521,2013,4,6
2524,2013,0,1
2563,2013,0,3
2577,2013,0,1
2582,2013,0,1
2583,2013,1,2
2588,2013,5,5
2593,2013,0,1
2595,2013,1,3
2597,2013,0,5
2636,2013,0,1
2643,2013,0,2
2645,2013,0,1
2656,2013,0,2
2659,2013,0,2
2661,2013,3,6
2665,2013,0,1
2666,2013,0,1
2709,2013,0,1
2733,2013,0,7
2736,2013,0,2
2737,2013,1,1
2772,2013,0,6
2777,2013,0,1
2782,2013,0,1
2784,2013,0,1
2786,2013,1,1
2790,2013,1,3
2794,2013,1,1
2796,2013,0,3
2802,2013,0,4
2803,2013,0,2
2836,2013,0,2
2840,2013,0,2
2857,2013,0,1
2858,2013,0,1
2860,2013,0,1
2865,2013,0,1
2866,2013,0,1
2896,2013,0,105
2897,2013,0,78
2898,2013,0,1
2900,2013,0,9
2902,2013,0,3
2905,2013,0,2
2915,2013,0,1
2925,2013,0,1
2926,2013,0,1
2953,2013,0,4
2957,2013,0,2
2958,2013,1,7
2959,2013,0,1
2963,2013,0,2
2976,2013,0,2
2984,2013,0,1
3007,2013,0,1
3009,2013,0,1
3019,2013,0,1
3029,2013,0,5
3031,2013,0,1
3035,2013,0,5
3055,2013,1,2
3065,2013,0,1
3069,2013,0,2
3081,2013,1,2
3083,2013,0,1
3099,2013,0,1
3102,2013,0,2
3103,2013,0,1
3105,2013,0,1
3106,2013,0,4
3109,2013,0,1
3117,2013,0,4
3119,2013,2,4
3125,2013,0,2
3130,2013,0,2
3145,2013,0,48
3147,2013,0,5
3148,2013,0,3
3149,2013,0,2
3150,2013,0,1
3156,2013,0,1
3157,2013,0,4
3158,2013,0,2
3161,2013,0,1
3162,2013,2,12
3165,2013,0,4
3166,2013,0,1
3167,2013,2,5
3170,2013,2,3
3171,2013,0,6
3174,2013,0,9
3176,2013,1,3
3191,2013,0,50
3192,2013,0,124
3195,2013,1,48
3196,2013,0,10
3197,2013,1,3
3198,2013,0,3
3199,2013,0,3
3202,2013,0,1
3203,2013,0,3
3205,2013,0,1
3206,2013,3,8
3213,2013,0,2
3215,2013,0,1
3216,2013,0,1
3217,2013,4,6
3228,2013,0,31
3230,2013,0,2
3232,2013,0,3
3233,2013,44,61
3234,2013,3,9
3235,2013,0,4
3236,2013,1,3
3237,2013,0,1
3242,2013,0,1
3247,2013,0,5
3249,2013,1,5
3250,2013,5,11
3251,2013,1,6
3266,2013,3,10
3267,2013,0,5
3275,2013,0,2
3276,2013,0,2
3277,2013,6,11
3278,2013,0,2
3279,2013,0,2
3291,2013,0,3
3292,2013,1,8
3293,2013,1,3
3294,2013,1,9
3295,2013,0,3
3296,2013,0,1
3297,2013,1,2
3308,2013,0,4
3309,2013,3,8
3313,2013,0,1
3314,2013,0,1
3323,2013,2,6
3324,2013,0,1
3327,2013,0,3
3334,2013,0,4
3335,2013,1,5
3336,2013,0,1
3338,2013,3,5
3344,2013,0,7
3346,2013,0,3
3347,2013,6,19
3354,2013,0,2
3355,2013,0,1
3361,2013,0,1
3362,2013,2,2
202,2014,0,1
255,2014,0,1
266,2014,0,8
271,2014,0,3
274,2014,0,2
275,2014,0,8
325,2014,0,2
327,2014,0,3
336,2014,0,2
337,2014,0,1
385,2014,0,2
386,2014,0,1
389,2014,0,6
391,2014,0,1
398,2014,0,1
400,2014,1,4
401,2014,2,18
402,2014,0,4
406,2014,0,1
407,2014,0,2
408,2014,0,18
409,2014,0,8
410,2014,2,19
456,2014,0,3
462,2014,0,5
469,2014,0,1
474,2014,0,4
475,2014,1,10
476,2014,0,3
478,2014,17,28
479,2014,1,8
480,2014,0,19
481,2014,0,5
482,2014,0,3
483,2014,0,10
484,2014,0,2
485,2014,0,2
535,2014,0,2
536,2014,0,1
537,2014,0,2
542,2014,0,3
543,2014,0,2
552,2014,0,3
553,2014,0,1
554,2014,0,9
555,2014,0,10
556,2014,1,44
557,2014,0,42
558,2014,0,4
559,2014,0,23
561,2014,0,17
562,2014,0,1
610,2014,1,1
612,2014,0,1
616,2014,0,5
620,2014,0,5
621,2014,0,1
623,2014,0,1
626,2014,1,8
630,2014,2,27
631,2014,0,2
634,2014,0,4
635,2014,3,47
636,2014,8,79
637,2014,0,17
638,2014,0,1
639,2014,0,3
690,2014,1,1
691,2014,0,2
692,2014,0,1
693,2014,0,1
695,2014,0,1
701,2014,0,1
705,2014,0,1
708,2014,0,2
710,2014,0,1
713,2014,1,10
714,2014,0,11
715,2014,0,7
716,2014,0,5
717,2014,0,10
718,2014,0,2
769,2014,2,20
770,2014,1,7
772,2014,0,1
781,2014,0,1
785,2014,0,1
787,2014,0,1
788,2014,0,3
789,2014,0,1
792,2014,1,4
793,2014,1,14
794,2014,0,7
795,2014,0,6
796,2014,5,45
797,2014,0,1
848,2014,0,1
856,2014,0,1
867,2014,0,9
868,2014,0,3
869,2014,1,6
870,2014,4,16
871,2014,0,11
872,2014,1,10
873,2014,0,2
875,2014,0,3
876,2014,1,3
877,2014,0,11
878,2014,3,36
879,2014,2,13
880,2014,1,12
881,2014,1,2
882,2014,0,8
933,2014,1,3
935,2014,0,2
936,2014,0,1
937,2014,0,1
938,2014,0,1
940,2014,0,1
943,2014,0,2
947,2014,0,1
948,2014,0,1
949,2014,0,14
953,2014,6,13
954,2014,0,4
955,2014,0,1
957,2014,0,4
958,2014,1,9
959,2014,0,3
962,2014,3,24
963,2014,0,4
964,2014,5,9
965,2014,2,15
966,2014,0,3
967,2014,0,9
968,2014,1,4
969,2014,0,1
1024,2014,0,1
1025,2014,0,1
1027,2014,0,4
1028,2014,1,1
1030,2014,0,6
1032,2014,0,1
1033,2014,0,3
1036,2014,0,2
1037,2014,0,2
1039,2014,4,5
1040,2014,0,2
1041,2014,1,2
1042,2014,0,7
1043,2014,0,12
1044,2014,0,1
1045,2014,0,5
1047,2014,0,1
1048,2014,0,6
1049,2014,1,2
1050,2014,1,5
1051,2014,0,8
1052,2014,1,6
1104,2014,0,1
1108,2014,2,4
1111,2014,2,8
1113,2014,1,11
1114,2014,1,3
1115,2014,0,2
1116,2014,0,7
1117,2014,0,11
1118,2014,0,5
1119,2014,3,18
1122,2014,0,2
1123,2014,0,3
1124,2014,0,5
1125,2014,0,2
1128,2014,1,2
1130,2014,0,2
1131,2014,1,3
1132,2014,1,8
1133,2014,0,12
1134,2014,0,2
1135,2014,0,2
1183,2014,0,3
1195,2014,0,3
1197,2014,2,13
1198,2014,0,1
1199,2014,8,54
1200,2014,0,5
1202,2014,0,6
1203,2014,1,4
1204,2014,0,7
1205,2014,0,3
1206,2014,0,7
1207,2014,1,4
1208,2014,0,4
1209,2014,0,2
1211,2014,0,1
1212,2014,0,2
1213,2014,0,9
1214,2014,0,2
1215,2014,0,3
1216,2014,1,19
1217,2014,39,69
1218,2014,0,4
1270,2014,0,6
1273,2014,0,1
1276,2014,0,1
1278,2014,0,6
1279,2014,3,32
1280,2014,11,35
1282,2014,0,3
1283,2014,0,1
1284,2014,0,1
1286,2014,0,4
1287,2014,0,15
1288,2014,0,3
1289,2014,0,4
1290,2014,3,41
1293,2014,1,11
1294,2014,0,2
1296,2014,2,8
1300,2014,0,1
1301,2014,5,15
1302,2014,0,9
1360,2014,1,1
1363,2014,0,3
1364,2014,1,16
1365,2014,0,2
1366,2014,0,5
1367,2014,0,3
1368,2014,0,4
1371,2014,0,1
1372,2014,0,3
1373,2014,1,1
1374,2014,0,12
1375,2014,16,80
1376,2014,0,3
1377,2014,1,1
1378,2014,0,4
1379,2014,0,4
1380,2014,0,1
1381,2014,0,4
1383,2014,3,5
1385,2014,4,12
1386,2014,2,18
1387,2014,0,1
1388,2014,0,2
1391,2014,0,13
1392,2014,2,52
1435,2014,0,2
1446,2014,0,1
1450,2014,0,1
1456,2014,0,2
1457,2014,0,1
1458,2014,0,16
1459,2014,1,6
1461,2014,1,9
1462,2014,2,10
1463,2014,0,3
1464,2014,0,8
1465,2014,0,2
1466,2014,0,4
1467,2014,1,6
1468,2014,1,2
1469,2014,0,13
1470,2014,0,2
1471,2014,0,5
1472,2014,0,1
1473,2014,0,188
1476,2014,0,12
1527,2014,1,2
1534,2014,0,1
1538,2014,1,1
1539,2014,1,8
1541,2014,2,10
1543,2014,0,2
1546,2014,0,3
1548,2014,0,3
1549,2014,0,2
1550,2014,1,3
1551,2014,1,12
1552,2014,5,34
1553,2014,0,9
1554,2014,0,30
1555,2014,2,13
1556,2014,16,181
1557,2014,5,97
1559,2014,0,1
1608,2014,0,1
1612,2014,0,1
1614,2014,0,1
1615,2014,1,6
1617,2014,0,3
1619,2014,0,5
1620,2014,0,1
1621,2014,1,4
1622,2014,0,4
1623,2014,2,7
1624,2014,4,35
1625,2014,1,2
1626,2014,1,5
1627,2014,0,2
1629,2014,0,1
1630,2014,0,2
1631,2014,0,1
1633,2014,2,4
1634,2014,22,73
1635,2014,3,34
1636,2014,0,2
1637,2014,0,1
1638,2014,0,5
1640,2014,13,90
1701,2014,0,2
1702,2014,0,4
1704,2014,2,4
1705,2014,1,3
1709,2014,0,1
1710,2014,0,1
1712,2014,0,2
1713,2014,0,6
1714,2014,0,1
1715,2014,0,8
1717,2014,3,14
1719,2014,0,5
1720,2014,1,3
1721,2014,0,7
1722,2014,2,215
1782,2014,0,4
1786,2014,0,2
1787,2014,3,14
1788,2014,0,2
1791,2014,0,2
1795,2014,0,7
1796,2014,0,3
1797,2014,0,1
1798,2014,1,1
1799,2014,0,1
1800,2014,1,12
1801,2014,0,1
1803,2014,1,23
1848,2014,0,3
1850,2014,0,2
1851,2014,2,4
1855,2014,1,12
1856,2014,0,2
1861,2014,1,3
1863,2014,1,1
1869,2014,0,2
1872,2014,0,1
1877,2014,0,1
1878,2014,0,1
1879,2014,1,1
1880,2014,0,2
1881,2014,1,5
1936,2014,0,1
1938,2014,0,2
1940,2014,1,3
1941,2014,0,1
1949,2014,0,1
1950,2014,0,3
1952,2014,2,4
1957,2014,0,4
1958,2014,0,18
1959,2014,1,6
1960,2014,0,4
1961,2014,0,3
1962,2014,1,2
1963,2014,0,10
1964,2014,2,4
1965,2014,1,4
2015,2014,0,3
2020,2014,0,2
2023,2014,0,1
2027,2014,0,1
2032,2014,0,1
2035,2014,0,7
2038,2014,2,39
2039,2014,0,1
2041,2014,0,1
2042,2014,0,1
2046,2014,0,2
2097,2014,0,1
2103,2014,0,10
2104,2014,1,2
2108,2014,0,1
2110,2014,0,1
2113,2014,0,1
2114,2014,0,1
2115,2014,3,9
2116,2014,0,2
2117,2014,0,7
2119,2014,2,9
2126,2014,1,2
2127,2014,1,4
2175,2014,0,2
2177,2014,0,1
2179,2014,0,1
2184,2014,1,4
2192,2014,0,1
2194,2014,1,3
2195,2014,0,1
2196,2014,1,4
2198,2014,0,2
2201,2014,0,1
2202,2014,2,20
2203,2014,0,3
2206,2014,0,1
2207,2014,0,2
2208,2014,0,4
2253,2014,0,7
2258,2014,0,2
2261,2014,0,1
2266,2014,0,2
2267,2014,0,1
2270,2014,0,1
2271,2014,0,1
2279,2014,1,5
2284,2014,1,1
2285,2014,12,24
2286,2014,0,1
2287,2014,0,5
2336,2014,0,4
2337,2014,0,1
2339,2014,0,2
2340,2014,0,1
2342,2014,1,1
2344,2014,0,1
2348,2014,0,1
2349,2014,0,1
2350,2014,0,1
2352,2014,2,4
2353,2014,0,5
2354,2014,0,1
2356,2014,0,2
2357,2014,0,1
2358,2014,1,11
2359,2014,0,1
2360,2014,3,15
2361,2014,0,1
2363,2014,1,5
2364,2014,1,2
2370,2014,1,2
2371,2014,0,1
2412,2014,0,2
2414,2014,0,2
2417,2014,3,8
2418,2014,0,1
2422,2014,1,4
2423,2014,0,5
2424,2014,0,1
2433,2014,1,2
2434,2014,1,1
2436,2014,0,4
2438,2014,2,4
2441,2014,1,1
2448,2014,0,2
2489,2014,0,1
2496,2014,1,22
2497,2014,0,2
2502,2014,0,2
2509,2014,0,1
2514,2014,0,1
2515,2014,0,1
2521,2014,2,5
2523,2014,0,1
2524,2014,1,2
2563,2014,0,2
2571,2014,0,2
2573,2014,0,2
2575,2014,0,2
2582,2014,0,6
2583,2014,0,3
2586,2014,0,1
2591,2014,0,1
2593,2014,0,3
2595,2014,0,1
2597,2014,0,1
2636,2014,0,1
2643,2014,0,2
2653,2014,0,13
2654,2014,0,3
2657,2014,0,1
2658,2014,0,1
2659,2014,9,23
2661,2014,0,3
2669,2014,0,1
2706,2014,0,1
2714,2014,0,2
2724,2014,0,1
2728,2014,2,2
2729,2014,2,7
2730,2014,1,1
2732,2014,0,2
2733,2014,1,9
2736,2014,1,2
2737,2014,0,2
2772,2014,0,8
2773,2014,0,5
2776,2014,0,2
2782,2014,0,1
2784,2014,0,1
2794,2014,0,11
2795,2014,1,1
2802,2014,0,7
2803,2014,0,3
2836,2014,0,5
2840,2014,0,2
2844,2014,0,2
2857,2014,1,1
2858,2014,0,1
2859,2014,1,8
2860,2014,0,1
2866,2014,0,4
2896,2014,0,295
2897,2014,0,151
2901,2014,0,2
2905,2014,0,1
2906,2014,0,1
2914,2014,0,1
2917,2014,0,9
2924,2014,0,1
2953,2014,0,24
2957,2014,0,1
2958,2014,0,6
2959,2014,0,1
2960,2014,1,4
2963,2014,0,2
2979,2014,0,1
2984,2014,0,4
3022,2014,0,2
3033,2014,0,1
3035,2014,0,7
3054,2014,1,1
3056,2014,0,8
3057,2014,1,6
3058,2014,0,4
3059,2014,0,4
3062,2014,0,1
3078,2014,1,2
3081,2014,0,1
3083,2014,0,2
3103,2014,0,1
3106,2014,1,1
3107,2014,0,2
3109,2014,0,1
3111,2014,0,1
3120,2014,0,1
3123,2014,0,1
3124,2014,0,3
3125,2014,0,1
3129,2014,0,1
3130,2014,1,2
3145,2014,0,66
3147,2014,0,5
3148,2014,0,5
3149,2014,2,2
3150,2014,0,2
3151,2014,0,1
3156,2014,0,1
3157,2014,3,3
3158,2014,0,1
3159,2014,0,1
3160,2014,0,1
3162,2014,1,4
3167,2014,0,1
3168,2014,0,1
3171,2014,0,3
3174,2014,0,9
3175,2014,0,1
3176,2014,0,3
3177,2014,1,5
3191,2014,0,79
3192,2014,0,108
3194,2014,0,3
3195,2014,0,3
3196,2014,1,8
3197,2014,0,2
3200,2014,0,2
3203,2014,0,1
3206,2014,3,13
3213,2014,1,4
3214,2014,0,1
3215,2014,0,4
3216,2014,0,5
3217,2014,0,1
3228,2014,0,76
3230,2014,0,4
3232,2014,0,7
3233,2014,17,40
3234,2014,2,8
3235,2014,0,10
3236,2014,0,3
3247,2014,1,1
3248,2014,0,1
3249,2014,1,9
3250,2014,2,3
3251,2014,2,9
3266,2014,1,11
3267,2014,0,6
3275,2014,0,1
3277,2014,2,6
3278,2014,0,3
3279,2014,0,5
3280,2014,0,1
3291,2014,0,2
3292,2014,0,14
3293,2014,1,3
3294,2014,1,6
3295,2014,1,2
3296,2014,0,5
3297,2014,1,2
3308,2014,1,10
3309,2014,3,4
3311,2014,0,1
3313,2014,0,1
3323,2014,1,13
3326,2014,1,2
3327,2014,2,18
3334,2014,4,17
3335,2014,1,13
3336,2014,0,3
3338,2014,1,8
3344,2014,1,8
3345,2014,0,3
3346,2014,0,2
3347,2014,5,16
3354,2014,0,2
3355,2014,0,2
3362,2014,1,1
197,2015,0,9
202,2015,0,4
255,2015,0,1
263,2015,0,1
266,2015,0,3
271,2015,0,1
275,2015,0,9
319,2015,0,1
325,2015,0,2
327,2015,0,3
336,2015,0,7
337,2015,0,2
338,2015,0,1
383,2015,0,1
385,2015,0,2
388,2015,1,2
389,2015,0,6
391,2015,0,5
396,2015,0,1
398,2015,0,1
400,2015,0,5
401,2015,1,24
402,2015,0,6
403,2015,0,1
408,2015,1,18
409,2015,0,13
410,2015,0,30
455,2015,1,3
456,2015,0,3
458,2015,0,1
459,2015,0,1
462,2015,0,4
463,2015,0,1
464,2015,0,1
469,2015,0,2
472,2015,0,1
474,2015,0,6
475,2015,2,15
476,2015,0,5
478,2015,21,32
479,2015,1,11
480,2015,0,15
481,2015,0,1
482,2015,0,5
483,2015,1,5
484,2015,0,1
485,2015,1,8
535,2015,0,4
541,2015,0,2
542,2015,0,4
546,2015,0,1
549,2015,0,3
552,2015,1,4
553,2015,0,2
554,2015,0,16
555,2015,0,7
556,2015,7,62
557,2015,5,80
558,2015,0,9
559,2015,0,3
560,2015,1,4
561,2015,15,47
562,2015,0,2
612,2015,1,4
614,2015,0,1
615,2015,0,1
616,2015,0,3
619,2015,0,1
620,2015,0,4
622,2015,0,1
625,2015,0,1
626,2015,1,8
627,2015,0,5
630,2015,1,21
631,2015,1,7
633,2015,0,1
634,2015,0,5
635,2015,0,49
636,2015,8,71
637,2015,0,19
638,2015,1,3
639,2015,0,23
640,2015,1,8
688,2015,0,4
692,2015,2,8
693,2015,0,1
703,2015,2,13
704,2015,0,1
708,2015,0,1
709,2015,0,1
710,2015,0,2
711,2015,0,1
713,2015,1,30
714,2015,1,15
715,2015,0,8
716,2015,2,13
717,2015,2,18
718,2015,0,7
769,2015,10,51
770,2015,3,8
775,2015,0,3
778,2015,1,2
781,2015,0,1
783,2015,1,1
785,2015,0,2
787,2015,1,2
788,2015,0,16
791,2015,0,1
792,2015,2,13
793,2015,2,19
794,2015,0,5
795,2015,0,6
796,2015,17,68
797,2015,1,6
846,2015,0,6
848,2015,0,1
855,2015,0,4
856,2015,0,2
857,2015,1,1
863,2015,0,3
867,2015,2,6
868,2015,0,1
869,2015,0,3
870,2015,4,9
871,2015,0,4
872,2015,0,7
875,2015,0,1
876,2015,1,17
877,2015,0,17
878,2015,0,8
879,2015,1,10
880,2015,5,60
881,2015,1,6
882,2015,2,21
883,2015,0,1
932,2015,0,2
933,2015,1,5
935,2015,0,2
936,2015,1,1
937,2015,0,3
940,2015,0,5
941,2015,0,2
942,2015,0,1
944,2015,0,1
948,2015,0,2
949,2015,3,11
953,2015,11,16
954,2015,0,18
955,2015,0,1
957,2015,0,3
958,2015,0,22
961,2015,0,1
962,2015,0,2
963,2015,1,7
964,2015,4,14
965,2015,1,19
966,2015,1,6
967,2015,1,15
968,2015,0,1
1027,2015,0,3
1028,2015,0,1
1030,2015,0,1
1033,2015,0,6
1036,2015,0,1
1037,2015,0,1
1039,2015,1,3
1045,2015,0,2
1048,2015,2,13
1049,2015,0,4
1050,2015,1,15
1051,2015,2,7
1052,2015,1,8
1104,2015,0,1
1108,2015,0,2
1110,2015,0,8
1111,2015,0,44
1113,2015,0,13
1114,2015,0,2
1115,2015,0,6
1116,2015,0,4
1117,2015,2,23
1118,2015,1,16
1119,2015,0,15
1120,2015,0,1
1122,2015,0,1
1123,2015,0,1
1124,2015,0,2
1128,2015,0,1
1129,2015,0,2
1130,2015,0,1
1131,2015,0,8
1132,2015,0,9
1133,2015,4,18
1134,2015,8,27
1135,2015,0,9
1191,2015,1,2
1193,2015,0,2
1196,2015,0,2
1197,2015,0,4
1198,2015,0,1
1199,2015,0,6
1200,2015,0,3
1201,2015,0,8
1202,2015,0,7
1203,2015,0,1
1204,2015,0,13
1205,2015,0,2
1206,2015,0,2
1207,2015,0,15
1208,2015,0,1
1209,2015,0,6
1210,2015,0,2
1212,2015,0,1
1213,2015,1,6
1214,2015,0,2
1215,2015,0,6
1216,2015,22,63
1217,2015,54,91
1270,2015,0,3
1276,2015,0,1
1277,2015,0,2
1278,2015,0,1
1279,2015,11,58
1280,2015,16,55
1281,2015,0,1
1282,2015,0,9
1283,2015,0,5
1286,2015,0,7
1287,2015,0,16
1288,2015,0,8
1289,2015,1,15
1290,2015,2,81
1291,2015,0,5
1292,2015,1,5
1293,2015,0,9
1294,2015,0,10
1295,2015,0,2
1296,2015,1,14
1297,2015,0,4
1300,2015,0,1
1301,2015,12,35
1302,2015,10,55
1358,2015,0,4
1363,2015,0,2
1364,2015,2,27
1365,2015,1,15
1366,2015,0,4
1367,2015,0,3
1368,2015,0,2
1371,2015,0,2
1372,2015,0,1
1373,2015,0,2
1374,2015,0,24
1375,2015,2,49
1376,2015,0,1
1377,2015,0,1
1378,2015,0,2
1380,2015,3,6
1381,2015,0,2
1383,2015,6,15
1384,2015,1,2
1385,2015,5,17
1386,2015,6,30
1387,2015,1,7
1388,2015,0,3
1391,2015,4,38
1392,2015,1,57
1435,2015,0,6
1446,2015,0,1
1447,2015,1,1
1448,2015,1,3
1449,2015,5,5
1456,2015,0,1
1457,2015,2,10
1458,2015,1,15
1459,2015,0,2
1461,2015,0,11
1462,2015,2,20
1463,2015,1,8
1466,2015,1,4
1467,2015,1,9
1468,2015,0,2
1469,2015,1,18
1470,2015,0,3
1471,2015,0,3
1473,2015,0,225
1476,2015,0,29
1528,2015,0,1
1529,2015,0,2
1530,2015,0,4
1534,2015,1,1
1537,2015,0,1
1538,2015,0,2
1539,2015,0,1
1541,2015,1,8
1542,2015,0,4
1544,2015,0,1
1545,2015,0,2
1546,2015,0,3
1548,2015,0,2
1550,2015,0,5
1551,2015,1,4
1552,2015,5,31
1553,2015,0,5
1554,2015,0,6
1555,2015,1,12
1556,2015,37,150
1557,2015,7,142
1608,2015,1,3
1612,2015,0,3
1614,2015,0,1
1615,2015,3,6
1616,2015,0,1
1619,2015,0,2
1620,2015,5,34
1621,2015,0,11
1622,2015,0,5
1623,2015,0,5
1624,2015,3,14
1625,2015,0,1
1626,2015,0,1
1627,2015,0,3
1629,2015,0,2
1630,2015,0,3
1631,2015,0,2
1632,2015,0,8
1633,2015,0,10
1634,2015,26,99
1635,2015,7,67
1636,2015,0,8
1637,2015,0,2
1638,2015,0,3
1640,2015,24,160
1691,2015,0,3
1693,2015,0,3
1696,2015,0,5
1700,2015,0,1
1701,2015,0,1
1702,2015,0,2
1703,2015,0,1
1704,2015,0,17
1705,2015,1,7
1708,2015,0,4
1709,2015,0,5
1712,2015,0,4
1713,2015,0,2
1714,2015,0,3
1715,2015,1,13
1716,2015,0,4
1717,2015,1,14
1718,2015,1,3
1719,2015,0,3
1720,2015,0,3
1721,2015,0,9
1722,2015,1,221
1772,2015,0,1
1779,2015,0,2
1780,2015,0,1
1781,2015,0,6
1782,2015,0,8
1783,2015,0,7
1784,2015,0,10
1785,2015,0,2
1786,2015,1,4
1787,2015,2,19
1789,2015,0,1
1791,2015,0,1
1795,2015,0,1
1796,2015,0,2
1797,2015,0,4
1799,2015,0,4
1800,2015,0,14
1803,2015,0,18
1848,2015,0,3
1850,2015,0,4
1851,2015,1,2
1852,2015,2,2
1855,2015,0,28
1859,2015,0,1
1860,2015,0,1
1863,2015,0,1
1865,2015,0,1
1869,2015,0,1
1872,2015,2,3
1876,2015,1,1
1877,2015,0,2
1878,2015,0,1
1879,2015,0,5
1880,2015,0,1
1881,2015,3,22
1883,2015,0,2
1884,2015,0,3
1929,2015,0,1
1932,2015,0,1
1939,2015,1,13
1940,2015,0,9
1942,2015,0,1
1948,2015,1,3
1949,2015,0,1
1950,2015,2,9
1957,2015,0,3
1958,2015,0,1
1959,2015,0,7
1961,2015,0,5
1962,2015,1,4
1963,2015,0,1
1964,2015,4,12
1965,2015,0,4
2017,2015,1,1
2020,2015,0,1
2021,2015,0,4
2032,2015,0,2
2038,2015,1,29
2040,2015,0,1
2041,2015,0,2
2042,2015,0,6
2045,2015,0,3
2046,2015,1,2
2089,2015,0,9
2100,2015,0,5
2103,2015,2,12
2108,2015,1,3
2110,2015,0,2
2115,2015,0,4
2119,2015,0,5
2122,2015,0,2
2126,2015,0,2
2127,2015,1,11
2179,2015,0,2
2180,2015,0,5
2189,2015,0,1
2194,2015,0,1
2196,2015,0,8
2197,2015,1,2
2198,2015,0,1
2199,2015,0,1
2200,2015,2,7
2201,2015,4,10
2202,2015,5,21
2203,2015,4,5
2206,2015,0,1
2207,2015,0,7
2208,2015,0,7
2253,2015,0,5
2257,2015,0,2
2259,2015,0,1
2270,2015,0,2
2278,2015,1,2
2279,2015,0,2
2280,2015,3,6
2281,2015,1,1
2284,2015,1,4
2285,2015,10,23
2288,2015,0,3
2336,2015,1,7
2340,2015,0,1
2352,2015,2,6
2353,2015,0,1
2354,2015,0,1
2356,2015,1,3
2357,2015,0,1
2358,2015,2,13
2359,2015,0,8
2360,2015,2,34
2361,2015,0,1
2362,2015,1,16
2363,2015,0,6
2364,2015,4,25
2367,2015,1,1
2370,2015,1,3
2371,2015,0,2
2414,2015,0,1
2418,2015,1,1
2419,2015,0,4
2420,2015,0,1
2421,2015,0,1
2424,2015,0,3
2436,2015,0,1
2437,2015,0,2
2438,2015,3,6
2441,2015,0,4
2442,2015,0,1
2443,2015,1,1
2448,2015,0,2
2489,2015,0,2
2491,2015,0,1
2493,2015,0,2
2496,2015,3,56
2498,2015,0,3
2502,2015,1,5
2510,2015,0,18
2511,2015,0,2
2512,2015,0,1
2513,2015,0,1
2514,2015,0,1
2515,2015,0,3
2518,2015,0,5
2521,2015,1,2
2524,2015,0,1
2563,2015,0,2
2564,2015,0,2
2572,2015,0,3
2577,2015,0,1
2581,2015,2,2
2585,2015,0,1
2586,2015,0,1
2588,2015,3,5
2589,2015,0,1
2592,2015,0,1
2593,2015,0,3
2595,2015,0,2
2597,2015,0,1
2641,2015,0,2
2655,2015,0,2
2656,2015,0,1
2658,2015,0,1
2659,2015,8,20
2660,2015,1,7
2661,2015,0,3
2666,2015,1,1
2667,2015,0,1
2669,2015,0,4
2709,2015,1,2
2714,2015,0,1
2720,2015,0,1
2724,2015,0,1
2726,2015,0,2
2728,2015,0,2
2729,2015,0,4
2730,2015,0,1
2733,2015,0,5
2736,2015,0,1
2772,2015,0,5
2773,2015,1,6
2776,2015,0,2
2777,2015,0,2
2782,2015,0,1
2790,2015,1,7
2791,2015,0,1
2792,2015,1,1
2794,2015,0,4
2795,2015,1,1
2796,2015,0,1
2799,2015,0,1
2802,2015,2,25
2803,2015,0,5
2836,2015,0,20
2838,2015,0,2
2839,2015,0,1
2842,2015,0,1
2853,2015,0,1
2856,2015,0,1
2857,2015,2,3
2859,2015,0,1
2865,2015,0,4
2896,2015,0,171
2897,2015,0,118
2898,2015,1,5
2901,2015,6,12
2902,2015,0,4
2904,2015,0,1
2905,2015,0,3
2909,2015,1,1
2910,2015,0,1
2914,2015,0,1
2916,2015,2,2
2917,2015,0,2
2919,2015,0,2
2925,2015,0,1
2926,2015,1,4
2953,2015,0,13
2956,2015,0,2
2957,2015,0,2
2958,2015,0,4
2959,2015,1,1
2960,2015,0,7
2961,2015,0,2
2966,2015,1,1
2967,2015,0,1
2975,2015,0,1
2976,2015,0,1
2977,2015,0,1
2979,2015,0,1
2980,2015,0,1
2981,2015,0,7
2984,2015,0,1
3007,2015,0,5
3008,2015,0,2
3012,2015,0,1
3016,2015,0,3
3020,2015,0,1
3034,2015,0,1
3035,2015,0,2
3055,2015,0,11
3057,2015,15,43
3058,2015,0,1
3059,2015,0,1
3063,2015,0,2
3068,2015,2,2
3073,2015,1,2
3075,2015,0,1
3081,2015,0,2
3082,2015,1,1
3083,2015,0,4
3099,2015,0,2
3104,2015,2,18
3105,2015,3,9
3106,2015,6,9
3107,2015,0,1
3111,2015,0,1
3113,2015,0,1
3115,2015,0,1
3117,2015,1,1
3119,2015,0,1
3120,2015,1,3
3123,2015,0,1
3124,2015,0,3
3125,2015,0,1
3130,2015,1,4
3145,2015,0,105
3147,2015,0,9
3148,2015,0,14
3149,2015,1,4
3150,2015,0,4
3151,2015,0,1
3152,2015,0,1
3157,2015,2,6
3158,2015,1,6
3160,2015,0,7
3161,2015,0,1
3162,2015,0,3
3164,2015,0,2
3165,2015,0,2
3166,2015,1,1
3168,2015,0,4
3171,2015,0,2
3174,2015,1,18
3176,2015,0,1
3177,2015,0,2
3191,2015,0,93
3192,2015,0,185
3194,2015,0,2
3195,2015,0,3
3196,2015,4,37
3197,2015,0,2
3198,2015,2,6
3199,2015,2,6
3201,2015,0,3
3202,2015,0,1
3203,2015,0,4
3206,2015,2,4
3207,2015,0,1
3211,2015,1,1
3213,2015,0,3
3215,2015,0,1
3216,2015,1,1
3217,2015,0,5
3228,2015,0,96
3230,2015,0,12
3232,2015,0,3
3233,2015,45,75
3234,2015,11,25
3235,2015,2,13
3236,2015,0,9
3237,2015,0,3
3244,2015,0,1
3247,2015,2,4
3248,2015,1,1
3249,2015,8,18
3250,2015,3,6
3251,2015,0,9
3266,2015,5,21
3267,2015,0,2
3272,2015,0,2
3275,2015,0,4
3276,2015,0,2
3277,2015,12,18
3278,2015,0,4
3279,2015,0,2
3291,2015,0,4
3292,2015,3,10
3293,2015,2,3
3294,2015,1,19
3295,2015,0,6
3296,2015,0,2
3297,2015,1,3
3308,2015,1,4
3309,2015,3,11
3314,2015,1,1
3323,2015,1,2
3325,2015,0,2
3326,2015,0,1
3327,2015,3,12
3334,2015,3,21
3335,2015,2,7
3336,2015,0,3
3337,2015,0,3
3338,2015,7,15
3344,2015,1,15
3345,2015,0,2
3346,2015,0,1
3347,2015,13,28
3354,2015,2,2
3355,2015,1,1
3361,2015,0,1
3362,2015,0,1
202,2016,0,1
207,2016,0,1
255,2016,0,1
263,2016,0,4
266,2016,0,10
271,2016,0,4
275,2016,0,5
322,2016,0,1
325,2016,0,1
327,2016,0,26
336,2016,1,4
337,2016,1,15
338,2016,0,4
386,2016,0,5
389,2016,0,12
390,2016,0,2
391,2016,0,7
396,2016,0,1
398,2016,0,1
400,2016,0,11
401,2016,4,70
402,2016,0,12
403,2016,0,6
407,2016,11,19
408,2016,1,10
409,2016,0,13
410,2016,0,79
455,2016,0,1
456,2016,0,1
457,2016,0,1
458,2016,0,2
459,2016,0,2
461,2016,0,1
462,2016,1,9
464,2016,0,1
469,2016,0,5
472,2016,0,1
474,2016,1,10
475,2016,0,25
476,2016,0,2
477,2016,0,1
478,2016,29,61
479,2016,2,50
480,2016,0,21
481,2016,0,5
482,2016,0,5
483,2016,0,3
484,2016,1,7
485,2016,0,13
533,2016,0,2
535,2016,1,9
537,2016,0,2
538,2016,0,2
540,2016,0,2
541,2016,0,1
542,2016,0,5
543,2016,0,1
549,2016,0,2
550,2016,0,9
552,2016,0,8
554,2016,0,14
555,2016,2,7
556,2016,21,248
557,2016,3,61
558,2016,1,16
559,2016,0,7
560,2016,0,3
561,2016,0,23
562,2016,0,2
610,2016,0,1
611,2016,0,2
612,2016,2,8
614,2016,0,1
615,2016,0,2
616,2016,0,2
622,2016,0,2
623,2016,0,1
626,2016,0,18
627,2016,1,6
630,2016,5,25
631,2016,0,13
632,2016,0,3
633,2016,0,6
634,2016,0,3
635,2016,4,75
636,2016,4,87
637,2016,2,66
638,2016,0,6
639,2016,0,25
640,2016,0,2
688,2016,0,1
689,2016,0,2
690,2016,0,9
691,2016,2,55
692,2016,3,17
693,2016,0,1
697,2016,0,1
701,2016,0,4
703,2016,0,8
705,2016,0,1
706,2016,0,1
707,2016,0,1
711,2016,0,5
712,2016,0,1
713,2016,2,16
714,2016,1,33
715,2016,1,13
716,2016,0,8
717,2016,9,42
718,2016,0,8
769,2016,14,131
770,2016,7,48
771,2016,0,1
772,2016,0,1
775,2016,0,2
778,2016,4,6
780,2016,1,4
781,2016,0,1
782,2016,0,2
783,2016,1,1
785,2016,0,5
787,2016,0,11
788,2016,2,14
791,2016,1,3
792,2016,3,21
793,2016,0,14
794,2016,2,25
795,2016,2,22
796,2016,64,184
797,2016,0,19
846,2016,0,7
847,2016,0,1
848,2016,0,7
849,2016,0,3
850,2016,0,2
851,2016,0,1
854,2016,0,4
855,2016,0,1
856,2016,0,7
857,2016,1,2
861,2016,0,2
862,2016,0,2
863,2016,0,1
867,2016,4,9
868,2016,0,2
869,2016,1,2
870,2016,3,8
871,2016,0,2
872,2016,2,11
873,2016,0,1
874,2016,0,7
875,2016,0,7
876,2016,1,40
877,2016,1,18
878,2016,3,77
879,2016,3,14
880,2016,11,69
881,2016,1,23
882,2016,0,34
883,2016,0,15
932,2016,0,1
933,2016,2,4
934,2016,3,8
935,2016,0,3
936,2016,0,1
937,2016,0,6
938,2016,1,1
939,2016,4,4
940,2016,1,4
941,2016,0,1
943,2016,0,4
944,2016,0,2
948,2016,0,1
949,2016,0,13
953,2016,10,22
954,2016,7,58
955,2016,10,14
956,2016,1,2
957,2016,0,2
958,2016,17,77
959,2016,0,7
962,2016,3,11
963,2016,0,7
964,2016,4,37
965,2016,1,12
966,2016,3,15
967,2016,0,9
968,2016,0,12
969,2016,0,1
1021,2016,0,2
1022,2016,0,1
1023,2016,0,2
1024,2016,0,2
1027,2016,1,4
1028,2016,0,5
1029,2016,0,1
1030,2016,1,25
1032,2016,0,4
1033,2016,1,4
1034,2016,0,2
1035,2016,0,2
1037,2016,0,3
1038,2016,0,1
1039,2016,2,3
1040,2016,0,1
1041,2016,0,1
1042,2016,0,1
1043,2016,0,3
1044,2016,0,1
1045,2016,1,10
1046,2016,2,6
1047,2016,0,5
1048,2016,1,16
1049,2016,2,8
1050,2016,2,21
1051,2016,3,21
1052,2016,1,10
1105,2016,1,2
1108,2016,0,2
1110,2016,0,14
1111,2016,3,89
1112,2016,0,2
1113,2016,0,38
1114,2016,0,1
1115,2016,0,4
1116,2016,0,13
1117,2016,2,28
1118,2016,6,33
1119,2016,9,44
1120,2016,0,6
1122,2016,0,3
1124,2016,1,6
1125,2016,0,4
1126,2016,0,1
1128,2016,0,1
1130,2016,0,2
1131,2016,2,5
1132,2016,1,14
1133,2016,3,45
1134,2016,1,14
1135,2016,0,6
1183,2016,0,1
1190,2016,0,2
1191,2016,0,1
1193,2016,0,1
1194,2016,0,1
1195,2016,0,4
1196,2016,0,2
1197,2016,4,36
1198,2016,1,5
1199,2016,1,31
1201,2016,1,2
1202,2016,0,13
1204,2016,1,21
1205,2016,0,4
1206,2016,0,2
1207,2016,0,5
1208,2016,0,7
1209,2016,0,10
1210,2016,0,1
1211,2016,0,3
1212,2016,0,4
1213,2016,1,6
1214,2016,1,7
1215,2016,1,11
1216,2016,20,72
1217,2016,78,161
1218,2016,0,10
1270,2016,0,6
1273,2016,0,1
1274,2016,0,1
1275,2016,0,1
1276,2016,0,1
1277,2016,0,1
1278,2016,1,9
1279,2016,16,84
1280,2016,24,98
1281,2016,0,2
1282,2016,0,7
1283,2016,0,5
1284,2016,0,1
1285,2016,0,1
1286,2016,0,6
1287,2016,0,18
1288,2016,0,5
1289,2016,0,29
1290,2016,7,138
1291,2016,0,4
1293,2016,0,7
1294,2016,0,4
1295,2016,0,2
1296,2016,1,47
1297,2016,0,3
1298,2016,12,33
1299,2016,0,3
1300,2016,0,8
1301,2016,6,21
1302,2016,78,153
1303,2016,0,12
1355,2016,0,5
1358,2016,1,7
1360,2016,1,4
1362,2016,0,2
1364,2016,2,33
1365,2016,2,10
1366,2016,2,6
1367,2016,0,3
1368,2016,0,3
1371,2016,0,4
1372,2016,0,4
1373,2016,0,5
1374,2016,3,25
1375,2016,6,53
1376,2016,0,5
1377,2016,0,2
1378,2016,0,14
1379,2016,0,1
1382,2016,0,1
1383,2016,3,24
1384,2016,1,2
1385,2016,3,26
1386,2016,27,78
1387,2016,0,7
1388,2016,0,9
1391,2016,0,49
1392,2016,3,69
1435,2016,3,51
1436,2016,0,2
1445,2016,0,2
1447,2016,1,2
1448,2016,0,1
1449,2016,3,4
1453,2016,0,3
1456,2016,0,4
1457,2016,0,1
1458,2016,0,27
1459,2016,0,2
1460,2016,0,5
1461,2016,2,17
1462,2016,1,12
1463,2016,0,5
1464,2016,0,2
1465,2016,0,1
1466,2016,0,1
1467,2016,0,2
1468,2016,2,5
1469,2016,30,106
1470,2016,0,3
1471,2016,0,4
1473,2016,3,295
1476,2016,0,9
1527,2016,0,1
1530,2016,0,4
1531,2016,2,43
1534,2016,2,6
1538,2016,0,4
1539,2016,0,1
1541,2016,6,23
1542,2016,0,2
1544,2016,0,2
1545,2016,0,8
1546,2016,0,1
1547,2016,0,3
1548,2016,0,1
1549,2016,0,2
1550,2016,3,22
1551,2016,1,10
1552,2016,7,62
1553,2016,0,1
1554,2016,1,8
1555,2016,0,12
1556,2016,27,301
1557,2016,12,226
1559,2016,0,3
1611,2016,0,1
1612,2016,1,8
1614,2016,0,5
1615,2016,4,15
1616,2016,0,2
1617,2016,0,1
1618,2016,0,2
1619,2016,0,13
1620,2016,0,5
1621,2016,0,3
1622,2016,2,14
1623,2016,0,13
1624,2016,3,12
1625,2016,0,1
1626,2016,2,8
1627,2016,0,2
1629,2016,0,7
1630,2016,0,1
1632,2016,0,2
1633,2016,2,34
1634,2016,120,328
1635,2016,10,91
1636,2016,1,7
1637,2016,0,5
1638,2016,0,6
1640,2016,48,288
1687,2016,0,1
1694,2016,0,1
1695,2016,0,2
1696,2016,0,26
1697,2016,0,1
1701,2016,0,3
1702,2016,0,1
1704,2016,0,3
1705,2016,2,7
1708,2016,0,2
1709,2016,2,6
1710,2016,1,3
1712,2016,0,2
1713,2016,0,3
1714,2016,0,4
1715,2016,2,39
1716,2016,0,3
1717,2016,7,34
1718,2016,0,1
1719,2016,1,5
1720,2016,0,1
1721,2016,0,14
1722,2016,1,355
1768,2016,0,1
1769,2016,0,1
1777,2016,0,1
1780,2016,0,3
1781,2016,0,5
1783,2016,0,4
1784,2016,0,2
1785,2016,0,1
1786,2016,1,5
1787,2016,3,12
1789,2016,1,3
1794,2016,0,1
1795,2016,0,3
1796,2016,1,8
1797,2016,1,24
1798,2016,1,4
1800,2016,1,10
1801,2016,0,2
1803,2016,0,12
1848,2016,0,5
1850,2016,1,4
1851,2016,4,7
1855,2016,2,63
1856,2016,0,2
1858,2016,0,5
1859,2016,0,2
1869,2016,0,2
1871,2016,0,1
1872,2016,1,2
1873,2016,0,1
1875,2016,0,1
1876,2016,0,1
1877,2016,0,1
1878,2016,0,2
1879,2016,0,9
1880,2016,0,1
1881,2016,26,167
1882,2016,0,1
1883,2016,0,5
1929,2016,0,2
1932,2016,1,4
1934,2016,0,1
1935,2016,0,1
1936,2016,0,1
1937,2016,1,3
1938,2016,0,1
1939,2016,1,5
1940,2016,8,22
1941,2016,0,2
1948,2016,2,13
1949,2016,0,2
1950,2016,0,3
1952,2016,0,1
1954,2016,0,2
1957,2016,0,2
1958,2016,0,4
1959,2016,1,10
1960,2016,0,3
1961,2016,1,25
1962,2016,0,8
1963,2016,0,3
1964,2016,4,18
1965,2016,1,9
2010,2016,0,1
2015,2016,1,1
2016,2016,1,1
2017,2016,1,5
2020,2016,0,1
2021,2016,0,1
2022,2016,0,1
2023,2016,1,2
2026,2016,0,1
2031,2016,1,2
2032,2016,0,2
2033,2016,0,1
2034,2016,1,1
2038,2016,0,16
2039,2016,0,7
2042,2016,2,7
2043,2016,0,1
2045,2016,0,3
2046,2016,2,11
2089,2016,0,1
2100,2016,0,7
2102,2016,0,1
2103,2016,4,27
2104,2016,0,1
2105,2016,0,1
2106,2016,0,2
2107,2016,0,1
2108,2016,0,2
2110,2016,0,6
2114,2016,1,4
2115,2016,0,6
2116,2016,0,2
2117,2016,0,1
2118,2016,0,2
2119,2016,0,2
2120,2016,0,1
2123,2016,0,1
2127,2016,1,17
2177,2016,0,6
2179,2016,0,1
2182,2016,0,1
2183,2016,1,3
2184,2016,0,1
2185,2016,1,13
2186,2016,0,2
2188,2016,0,1
2189,2016,10,11
2195,2016,0,4
2196,2016,0,9
2197,2016,0,2
2198,2016,0,8
2199,2016,1,4
2200,2016,1,6
2201,2016,1,6
2202,2016,2,21
2203,2016,2,3
2205,2016,0,1
2206,2016,0,12
2207,2016,0,10
2208,2016,0,8
2253,2016,0,5
2254,2016,0,1
2257,2016,1,1
2264,2016,0,1
2268,2016,0,2
2272,2016,0,2
2274,2016,0,1
2275,2016,0,2
2277,2016,0,1
2278,2016,0,2
2279,2016,0,31
2280,2016,0,2
2282,2016,1,3
2283,2016,0,1
2284,2016,2,15
2285,2016,27,38
2286,2016,0,1
2287,2016,0,2
2288,2016,0,3
2289,2016,0,2
2336,2016,1,11
2337,2016,0,1
2338,2016,0,1
2339,2016,0,3
2340,2016,0,2
2342,2016,0,2
2348,2016,0,1
2352,2016,1,13
2353,2016,0,3
2356,2016,1,2
2357,2016,0,4
2358,2016,4,36
2359,2016,0,8
2360,2016,3,35
2361,2016,0,2
2362,2016,0,1
2363,2016,2,13
2364,2016,7,80
2365,2016,0,2
2367,2016,0,3
2371,2016,0,8
2412,2016,0,4
2414,2016,2,13
2415,2016,1,2
2417,2016,0,5
2419,2016,0,1
2421,2016,0,1
2424,2016,0,2
2427,2016,0,4
2428,2016,0,1
2430,2016,0,2
2433,2016,0,2
2434,2016,1,10
2436,2016,0,1
2437,2016,0,3
2438,2016,1,2
2439,2016,0,1
2440,2016,1,2
2441,2016,1,16
2442,2016,0,1
2443,2016,0,2
2446,2016,0,3
2447,2016,1,2
2448,2016,0,3
2489,2016,0,4
2491,2016,0,1
2494,2016,0,3
2495,2016,0,1
2496,2016,1,46
2498,2016,0,5
2502,2016,3,15
2508,2016,0,1
2509,2016,0,5
2510,2016,0,6
2511,2016,0,2
2512,2016,0,1
2514,2016,0,1
2515,2016,0,2
2516,2016,1,4
2520,2016,0,3
2524,2016,0,6
2563,2016,0,8
2569,2016,0,2
2571,2016,0,2
2572,2016,1,6
2573,2016,0,1
2575,2016,1,1
2577,2016,1,9
2580,2016,0,1
2582,2016,0,2
2583,2016,1,3
2584,2016,0,1
2585,2016,1,8
2587,2016,0,5
2588,2016,0,1
2589,2016,0,1
2590,2016,0,1
2591,2016,1,1
2592,2016,1,5
2593,2016,4,7
2595,2016,0,1
2597,2016,0,1
2636,2016,0,5
2642,2016,0,1
2643,2016,2,4
2644,2016,1,3
2645,2016,0,1
2647,2016,1,1
2650,2016,2,3
2654,2016,0,1
2656,2016,0,7
2657,2016,0,4
2658,2016,0,1
2659,2016,5,28
2660,2016,0,11
2661,2016,1,16
2666,2016,1,8
2669,2016,0,2
2706,2016,0,2
2708,2016,1,2
2709,2016,0,3
2710,2016,0,1
2712,2016,0,1
2713,2016,0,1
2714,2016,0,5
2716,2016,0,3
2718,2016,0,1
2724,2016,1,8
2726,2016,0,1
2728,2016,5,17
2729,2016,0,7
2731,2016,0,1
2733,2016,0,7
2737,2016,0,1
2772,2016,0,7
2773,2016,0,3
2775,2016,0,1
2776,2016,0,1
2777,2016,0,1
2784,2016,0,1
2787,2016,0,1
2789,2016,1,4
2790,2016,4,17
2792,2016,0,1
2794,2016,0,1
2796,2016,0,2
2802,2016,2,27
2803,2016,11,13
2836,2016,0,38
2838,2016,0,3
2840,2016,0,1
2842,2016,0,1
2844,2016,0,2
2846,2016,0,1
2853,2016,0,2
2855,2016,0,2
2856,2016,0,1
2857,2016,0,8
2858,2016,3,4
2859,2016,0,2
2864,2016,0,2
2865,2016,1,4
2866,2016,0,4
2896,2016,0,319
2897,2016,0,162
2898,2016,0,2
2899,2016,0,17
2900,2016,0,1
2901,2016,0,5
2902,2016,1,4
2904,2016,1,2
2905,2016,0,2
2910,2016,0,1
2912,2016,0,1
2914,2016,0,1
2917,2016,0,3
2919,2016,1,8
2920,2016,1,1
2923,2016,0,1
2926,2016,0,4
2953,2016,0,25
2956,2016,0,2
2957,2016,1,11
2958,2016,1,5
2959,2016,0,3
2960,2016,0,1
2961,2016,0,1
2963,2016,1,1
2966,2016,0,2
2975,2016,0,1
2976,2016,0,3
2977,2016,0,2
2984,2016,0,4
3007,2016,0,5
3008,2016,0,3
3009,2016,0,2
3010,2016,0,1
3013,2016,0,2
3019,2016,0,2
3023,2016,0,1
3025,2016,0,1
3031,2016,2,5
3035,2016,1,5
3054,2016,1,1
3055,2016,0,3
3056,2016,0,7
3057,2016,44,95
3058,2016,0,3
3061,2016,0,1
3064,2016,3,8
3072,2016,0,1
3073,2016,0,2
3074,2016,0,1
3075,2016,0,3
3076,2016,0,2
3078,2016,0,3
3079,2016,0,1
3081,2016,1,4
3082,2016,0,1
3083,2016,1,9
3099,2016,0,5
3102,2016,0,1
3103,2016,0,1
3104,2016,2,5
3105,2016,1,2
3106,2016,1,4
3111,2016,0,1
3114,2016,0,1
3115,2016,0,1
3117,2016,0,1
3118,2016,0,2
3120,2016,1,7
3123,2016,0,2
3124,2016,2,2
3125,2016,0,3
3126,2016,0,1
3127,2016,0,1
3129,2016,1,2
3130,2016,1,6
3145,2016,0,148
3147,2016,0,8
3148,2016,0,3
3149,2016,3,6
3150,2016,0,1
3151,2016,1,6
3152,2016,0,1
3153,2016,0,5
3156,2016,0,2
3157,2016,1,4
3158,2016,2,4
3159,2016,1,7
3160,2016,0,2
3161,2016,2,4
3162,2016,0,2
3163,2016,0,3
3164,2016,0,6
3165,2016,1,14
3166,2016,1,6
3167,2016,2,3
3168,2016,0,3
3170,2016,2,3
3171,2016,0,8
3174,2016,15,61
3175,2016,0,3
3176,2016,0,1
3177,2016,0,2
3191,2016,0,59
3192,2016,1,494
3194,2016,0,1
3195,2016,0,5
3196,2016,4,77
3197,2016,0,11
3198,2016,2,4
3199,2016,0,3
3200,2016,1,3
3201,2016,0,1
3202,2016,0,1
3203,2016,0,8
3205,2016,0,2
3206,2016,7,20
3207,2016,1,1
3210,2016,1,1
3213,2016,2,8
3214,2016,1,4
3215,2016,0,3
3216,2016,1,8
3217,2016,4,9
3228,2016,0,72
3230,2016,0,14
3232,2016,0,1
3233,2016,53,82
3234,2016,18,81
3235,2016,0,15
3236,2016,0,8
3237,2016,0,5
3242,2016,0,1
3243,2016,0,2
3247,2016,0,1
3248,2016,2,7
3249,2016,4,38
3250,2016,11,35
3251,2016,0,16
3264,2016,0,1
3265,2016,0,1
3266,2016,2,10
3267,2016,0,3
3275,2016,0,4
3276,2016,0,5
3277,2016,14,25
3278,2016,3,11
3279,2016,2,23
3291,2016,0,5
3292,2016,4,25
3293,2016,3,6
3294,2016,2,17
3295,2016,0,6
3296,2016,0,6
3297,2016,0,1
3308,2016,1,7
3309,2016,7,19
3311,2016,1,3
3313,2016,3,8
3314,2016,2,5
3323,2016,0,5
3324,2016,0,1
3325,2016,0,1
3326,2016,0,6
3327,2016,8,24
3334,2016,3,33
3335,2016,1,21
3336,2016,0,2
3337,2016,1,4
3338,2016,7,18
3344,2016,1,6
3345,2016,0,3
3346,2016,0,5
3347,2016,14,44
3354,2016,3,15
3355,2016,2,9
3361,2016,0,1
144,2017,0,1
190,2017,2,2
202,2017,0,1
207,2017,0,1
255,2017,0,1
263,2017,0,13
266,2017,0,11
271,2017,0,4
272,2017,0,2
275,2017,0,9
322,2017,1,1
325,2017,0,1
326,2017,0,1
327,2017,0,57
336,2017,0,1
337,2017,0,8
338,2017,0,2
374,2017,0,1
383,2017,0,2
385,2017,2,2
386,2017,0,2
387,2017,0,1
388,2017,0,3
389,2017,0,17
390,2017,0,1
391,2017,2,8
395,2017,0,2
396,2017,0,2
400,2017,0,17
401,2017,5,100
402,2017,2,29
403,2017,0,24
406,2017,1,7
407,2017,4,9
408,2017,1,16
409,2017,0,27
410,2017,1,50
455,2017,1,5
456,2017,0,4
457,2017,2,2
458,2017,1,1
459,2017,0,2
460,2017,0,2
461,2017,0,1
462,2017,1,20
464,2017,0,1
469,2017,1,9
470,2017,0,3
472,2017,0,10
474,2017,1,22
475,2017,0,28
476,2017,1,18
477,2017,0,2
478,2017,0,7
479,2017,2,92
480,2017,1,39
481,2017,0,5
482,2017,0,19
483,2017,0,2
484,2017,0,8
485,2017,0,16
532,2017,0,4
533,2017,0,2
534,2017,0,4
535,2017,1,9
536,2017,0,2
537,2017,0,1
538,2017,0,1
539,2017,0,1
540,2017,0,2
541,2017,0,4
542,2017,0,9
543,2017,0,1
546,2017,0,1
547,2017,0,1
549,2017,0,7
550,2017,0,6
552,2017,0,5
553,2017,1,5
554,2017,0,8
555,2017,0,8
556,2017,5,322
557,2017,0,60
558,2017,0,8
559,2017,1,13
560,2017,0,7
561,2017,6,46
562,2017,0,5
609,2017,0,1
610,2017,0,2
611,2017,0,3
612,2017,2,12
614,2017,2,5
615,2017,0,1
616,2017,0,1
619,2017,1,4
620,2017,1,14
623,2017,0,1
625,2017,0,1
626,2017,1,25
627,2017,0,11
628,2017,1,2
630,2017,2,45
631,2017,0,9
633,2017,0,6
634,2017,0,5
635,2017,2,50
636,2017,7,81
637,2017,8,115
638,2017,1,9
639,2017,0,4
640,2017,0,8
690,2017,1,12
691,2017,5,119
692,2017,2,29
693,2017,0,4
694,2017,0,1
697,2017,0,1
701,2017,0,5
703,2017,0,1
704,2017,0,3
705,2017,1,9
706,2017,0,1
709,2017,1,2
710,2017,0,46
711,2017,0,4
713,2017,0,13
714,2017,0,19
715,2017,3,20
716,2017,1,13
717,2017,9,33
718,2017,0,8
766,2017,0,1
767,2017,0,3
768,2017,0,4
769,2017,41,209
770,2017,13,86
775,2017,3,5
778,2017,0,5
780,2017,0,1
781,2017,3,14
782,2017,1,3
783,2017,0,2
784,2017,0,1
785,2017,0,4
787,2017,1,9
788,2017,0,10
789,2017,0,2
790,2017,0,1
791,2017,0,2
792,2017,3,46
793,2017,2,37
794,2017,4,33
795,2017,1,22
796,2017,177,500
797,2017,2,18
844,2017,0,2
846,2017,0,6
847,2017,0,2
848,2017,0,8
849,2017,0,4
850,2017,1,2
854,2017,0,1
855,2017,0,2
856,2017,0,10
859,2017,0,1
860,2017,0,1
861,2017,0,1
862,2017,0,6
863,2017,0,3
865,2017,0,1
867,2017,5,17
868,2017,0,6
869,2017,4,11
870,2017,2,19
871,2017,0,5
872,2017,6,18
873,2017,0,4
874,2017,5,14
875,2017,0,6
876,2017,9,67
877,2017,2,8
878,2017,326,559
879,2017,5,24
880,2017,21,92
881,2017,5,58
882,2017,3,61
883,2017,0,8
933,2017,0,3
934,2017,13,20
935,2017,0,5
936,2017,0,1
937,2017,0,7
939,2017,6,9
940,2017,0,5
941,2017,0,4
942,2017,0,2
943,2017,0,3
946,2017,1,1
947,2017,0,2
948,2017,0,2
949,2017,2,35
952,2017,0,1
953,2017,10,32
954,2017,1,43
955,2017,16,23
956,2017,0,5
957,2017,0,7
958,2017,5,53
959,2017,0,2
960,2017,1,4
961,2017,0,5
962,2017,0,18
963,2017,0,11
964,2017,12,35
965,2017,5,49
966,2017,4,15
967,2017,3,23
968,2017,0,4
1021,2017,0,1
1022,2017,1,1
1024,2017,0,1
1027,2017,0,1
1028,2017,0,4
1029,2017,0,1
1030,2017,1,14
1032,2017,0,11
1033,2017,0,8
1034,2017,2,7
1035,2017,0,1
1036,2017,0,3
1037,2017,0,5
1038,2017,0,2
1039,2017,0,1
1040,2017,0,1
1041,2017,0,2
1043,2017,0,8
1044,2017,0,1
1045,2017,0,9
1046,2017,0,2
1047,2017,0,4
1048,2017,2,21
1049,2017,2,17
1050,2017,27,54
1051,2017,5,33
1052,2017,1,9
1104,2017,0,1
1105,2017,3,7
1108,2017,0,2
1110,2017,0,11
1111,2017,4,100
1112,2017,0,7
1113,2017,2,57
1114,2017,0,5
1115,2017,0,5
1116,2017,0,7
1117,2017,1,38
1118,2017,18,107
1119,2017,7,77
1120,2017,0,4
1122,2017,0,9
1123,2017,0,3
1124,2017,0,8
1125,2017,0,1
1126,2017,0,1
1128,2017,0,6
1130,2017,0,7
1131,2017,1,14
1132,2017,0,26
1133,2017,20,118
1134,2017,7,35
1135,2017,2,12
1136,2017,0,2
1183,2017,0,1
1190,2017,1,13
1193,2017,1,3
1195,2017,1,4
1196,2017,0,3
1197,2017,4,58
1199,2017,2,18
1200,2017,1,4
1201,2017,0,2
1202,2017,0,27
1203,2017,2,7
1204,2017,2,17
1205,2017,0,2
1206,2017,0,7
1207,2017,2,6
1208,2017,0,7
1209,2017,0,2
1210,2017,0,1
1211,2017,0,1
1212,2017,1,4
1213,2017,1,7
1214,2017,1,21
1215,2017,2,20
1216,2017,81,220
1217,2017,454,682
1218,2017,1,14
1270,2017,0,19
1273,2017,0,4
1275,2017,0,1
1276,2017,0,1
1277,2017,0,3
1278,2017,1,7
1279,2017,29,198
1280,2017,62,244
1282,2017,1,8
1283,2017,0,1
1284,2017,0,6
1285,2017,0,1
1286,2017,0,11
1287,2017,0,24
1288,2017,2,25
1289,2017,1,51
1290,2017,6,175
1291,2017,0,4
1292,2017,0,2
1293,2017,0,15
1294,2017,0,2
1296,2017,2,45
1297,2017,0,4
1298,2017,2,2
1299,2017,1,4
1300,2017,2,15
1301,2017,3,27
1302,2017,78,185
1303,2017,10,21
1355,2017,0,11
1358,2017,1,7
1359,2017,0,3
1360,2017,0,13
1361,2017,1,1
1363,2017,0,3
1364,2017,4,63
1365,2017,1,33
1366,2017,1,3
1367,2017,0,3
1368,2017,1,4
1369,2017,0,2
1370,2017,0,1
1371,2017,0,4
1372,2017,0,5
1373,2017,0,2
1374,2017,1,31
1375,2017,9,93
1376,2017,0,6
1377,2017,0,7
1378,2017,1,11
1379,2017,0,7
1380,2017,0,2
1381,2017,3,9
1382,2017,1,4
1383,2017,14,30
1384,2017,5,14
1385,2017,2,21
1386,2017,46,180
1387,2017,1,5
1388,2017,2,6
1391,2017,1,75
1392,2017,4,170
1435,2017,1,59
1439,2017,0,1
1444,2017,0,1
1446,2017,0,1
1447,2017,2,7
1448,2017,2,22
1449,2017,14,33
1450,2017,0,3
1453,2017,1,4
1455,2017,3,3
1456,2017,0,8
1457,2017,0,4
1458,2017,0,19
1459,2017,0,6
1460,2017,0,4
1461,2017,0,9
1462,2017,9,51
1463,2017,0,5
1464,2017,0,3
1465,2017,0,2
1466,2017,1,3
1467,2017,5,16
1468,2017,1,6
1469,2017,11,63
1470,2017,1,8
1471,2017,1,7
1472,2017,0,1
1473,2017,6,579
1476,2017,0,21
1519,2017,0,1
1524,2017,0,1
1526,2017,0,1
1529,2017,0,2
1530,2017,2,28
1531,2017,0,4
1532,2017,0,3
1534,2017,2,5
1535,2017,0,5
1536,2017,0,1
1538,2017,0,3
1539,2017,0,2
1540,2017,0,1
1541,2017,21,58
1542,2017,0,7
1543,2017,0,1
1545,2017,0,1
1546,2017,2,9
1547,2017,0,1
1548,2017,0,10
1549,2017,1,3
1550,2017,4,23
1551,2017,4,34
1552,2017,13,67
1553,2017,2,23
1554,2017,4,26
1555,2017,2,24
1556,2017,51,432
1557,2017,10,461
1559,2017,0,2
1608,2017,0,4
1611,2017,1,2
1612,2017,0,6
1614,2017,0,3
1615,2017,1,7
1616,2017,1,15
1617,2017,0,2
1618,2017,0,5
1619,2017,0,5
1620,2017,1,6
1621,2017,0,9
1622,2017,3,19
1623,2017,0,11
1624,2017,7,27
1625,2017,0,5
1626,2017,0,5
1627,2017,0,1
1629,2017,0,13
1630,2017,0,10
1631,2017,0,3
1632,2017,1,5
1633,2017,3,20
1634,2017,197,549
1635,2017,22,137
1636,2017,2,10
1637,2017,3,13
1638,2017,2,8
1640,2017,49,498
1687,2017,0,1
1691,2017,0,1
1694,2017,0,2
1695,2017,0,2
1696,2017,1,13
1700,2017,1,6
1701,2017,1,3
1702,2017,0,4
1704,2017,3,8
1705,2017,1,9
1706,2017,0,1
1707,2017,0,2
1708,2017,0,11
1709,2017,4,14
1710,2017,0,3
1712,2017,0,1
1713,2017,0,7
1714,2017,0,3
1715,2017,3,23
1716,2017,8,18
1717,2017,7,78
1718,2017,0,2
1719,2017,1,9
1720,2017,0,2
1721,2017,0,22
1722,2017,2,408
1769,2017,1,5
1777,2017,0,1
1780,2017,2,5
1781,2017,0,1
1783,2017,0,9
1784,2017,0,2
1785,2017,0,1
1786,2017,2,6
1787,2017,6,25
1788,2017,0,1
1789,2017,0,1
1790,2017,1,4
1791,2017,0,1
1793,2017,0,1
1795,2017,0,3
1796,2017,1,10
1797,2017,2,28
1798,2017,0,4
1799,2017,0,2
1800,2017,1,57
1801,2017,0,6
1802,2017,0,2
1803,2017,0,12
1848,2017,0,8
1850,2017,1,6
1851,2017,5,15
1852,2017,2,9
1855,2017,12,172
1857,2017,0,2
1858,2017,1,3
1859,2017,2,12
1860,2017,1,4
1863,2017,1,1
1868,2017,0,2
1869,2017,0,1
1870,2017,0,1
1871,2017,0,2
1872,2017,2,7
1874,2017,0,1
1875,2017,0,3
1876,2017,0,2
1877,2017,1,4
1878,2017,0,1
1879,2017,1,14
1880,2017,0,1
1881,2017,15,96
1882,2017,0,1
1883,2017,1,6
1931,2017,0,1
1932,2017,0,3
1933,2017,1,6
1936,2017,2,12
1937,2017,1,5
1938,2017,0,7
1939,2017,0,5
1940,2017,8,45
1941,2017,1,4
1942,2017,0,2
1946,2017,0,1
1947,2017,0,1
1948,2017,4,28
1949,2017,0,2
1950,2017,3,6
1951,2017,0,4
1953,2017,0,1
1954,2017,0,5
1955,2017,0,1
1956,2017,1,3
1957,2017,0,1
1958,2017,0,6
1959,2017,2,10
1960,2017,0,6
1961,2017,1,13
1962,2017,2,10
1963,2017,0,2
1964,2017,12,53
1965,2017,3,22
2013,2017,0,2
2016,2017,0,3
2017,2017,0,2
2018,2017,0,1
2019,2017,0,6
2020,2017,1,1
2021,2017,0,1
2022,2017,0,4
2023,2017,0,5
2024,2017,3,4
2025,2017,0,1
2026,2017,0,2
2027,2017,0,1
2031,2017,0,5
2032,2017,0,1
2033,2017,0,2
2034,2017,1,1
2037,2017,0,2
2038,2017,5,18
2039,2017,4,31
2042,2017,0,5
2044,2017,0,1
2045,2017,1,14
2046,2017,1,10
2089,2017,0,13
2095,2017,0,2
2096,2017,0,1
2097,2017,0,1
2098,2017,0,2
2100,2017,0,4
2101,2017,0,2
2102,2017,0,5
2103,2017,2,21
2104,2017,1,4
2105,2017,0,1
2106,2017,0,2
2107,2017,0,2
2108,2017,0,10
2110,2017,1,3
2114,2017,0,3
2115,2017,0,2
2116,2017,0,2
2117,2017,0,1
2118,2017,2,4
2119,2017,1,8
2121,2017,0,1
2123,2017,0,1
2124,2017,0,2
2127,2017,2,29
2174,2017,0,3
2175,2017,0,11
2176,2017,0,3
2177,2017,3,9
2179,2017,1,4
2181,2017,0,3
2182,2017,0,1
2184,2017,0,3
2186,2017,2,5
2188,2017,0,1
2189,2017,78,104
2190,2017,0,1
2191,2017,0,2
2192,2017,0,1
2194,2017,0,1
2196,2017,1,14
2197,2017,0,2
2198,2017,0,12
2199,2017,0,5
2200,2017,2,5
2201,2017,2,12
2202,2017,13,52
2203,2017,10,44
2204,2017,2,3
2206,2017,0,6
2207,2017,1,5
2208,2017,0,12
2253,2017,0,2
2254,2017,0,6
2257,2017,0,3
2259,2017,0,2
2266,2017,0,2
2268,2017,1,4
2269,2017,4,7
2270,2017,1,2
2271,2017,0,3
2274,2017,1,1
2275,2017,0,1
2278,2017,0,2
2279,2017,0,49
2280,2017,5,10
2281,2017,0,1
2282,2017,0,6
2283,2017,1,3
2284,2017,2,30
2285,2017,38,83
2287,2017,0,15
2288,2017,2,5
2289,2017,0,1
2290,2017,0,2
2336,2017,2,20
2337,2017,0,1
2339,2017,0,9
2340,2017,1,4
2341,2017,0,2
2344,2017,0,4
2346,2017,1,3
2348,2017,0,2
2349,2017,0,1
2350,2017,0,1
2352,2017,5,31
2353,2017,3,27
2355,2017,1,2
2356,2017,0,1
2357,2017,0,2
2358,2017,2,39
2359,2017,2,16
2360,2017,9,39
2361,2017,0,6
2362,2017,1,1
2363,2017,2,16
2364,2017,4,59
2366,2017,0,2
2367,2017,3,6
2370,2017,1,6
2371,2017,0,10
2412,2017,0,11
2413,2017,0,1
2414,2017,0,9
2415,2017,1,2
2417,2017,0,3
2418,2017,1,2
2419,2017,11,36
2420,2017,0,1
2422,2017,0,1
2423,2017,0,1
2424,2017,1,3
2427,2017,1,7
2428,2017,0,1
2429,2017,0,1
2430,2017,0,2
2432,2017,0,2
2433,2017,0,1
2434,2017,0,2
2436,2017,0,2
2437,2017,3,6
2438,2017,6,16
2439,2017,1,2
2440,2017,0,2
2441,2017,4,13
2442,2017,0,5
2445,2017,0,1
2446,2017,0,3
2448,2017,0,2
2489,2017,0,1
2492,2017,0,1
2493,2017,0,2
2494,2017,1,13
2495,2017,0,3
2496,2017,0,13
2497,2017,0,1
2498,2017,1,5
2499,2017,0,1
2502,2017,9,19
2504,2017,3,7
2508,2017,12,111
2509,2017,0,6
2510,2017,0,11
2511,2017,0,4
2512,2017,0,4
2513,2017,0,7
2514,2017,7,23
2515,2017,8,15
2516,2017,1,9
2520,2017,0,1
2521,2017,0,2
2522,2017,0,2
2523,2017,0,1
2524,2017,4,14
2563,2017,0,20
2564,2017,0,26
2565,2017,0,1
2570,2017,1,2
2571,2017,0,4
2572,2017,11,17
2573,2017,1,2
2577,2017,4,9
2582,2017,0,4
2583,2017,4,26
2585,2017,0,17
2586,2017,1,3
2587,2017,0,2
2588,2017,2,4
2589,2017,0,1
2591,2017,1,4
2592,2017,0,4
2593,2017,5,15
2594,2017,41,47
2595,2017,0,2
2597,2017,0,3
2598,2017,1,5
2636,2017,0,1
2640,2017,0,1
2643,2017,0,2
2644,2017,0,6
2645,2017,0,2
2647,2017,0,3
2650,2017,2,6
2654,2017,1,1
2655,2017,0,1
2656,2017,0,8
2657,2017,0,5
2658,2017,0,4
2659,2017,7,29
2660,2017,20,61
2661,2017,2,13
2662,2017,0,2
2664,2017,0,1
2665,2017,0,1
2666,2017,1,2
2669,2017,0,7
2706,2017,0,1
2709,2017,3,3
2710,2017,0,1
2713,2017,0,64
2716,2017,0,6
2717,2017,0,1
2723,2017,0,1
2724,2017,0,4
2725,2017,0,3
2726,2017,0,2
2727,2017,1,1
2728,2017,10,26
2729,2017,3,4
2730,2017,0,1
2732,2017,0,1
2733,2017,2,8
2734,2017,0,1
2736,2017,3,12
2737,2017,1,5
2772,2017,0,11
2774,2017,1,8
2775,2017,0,1
2776,2017,0,1
2778,2017,0,5
2780,2017,0,2
2782,2017,1,2
2784,2017,0,2
2785,2017,0,1
2786,2017,0,4
2789,2017,1,6
2790,2017,12,38
2794,2017,0,1
2797,2017,1,1
2799,2017,0,1
2800,2017,0,1
2802,2017,4,36
2803,2017,9,23
2836,2017,0,33
2839,2017,0,1
2840,2017,0,1
2841,2017,2,7
2842,2017,0,1
2844,2017,0,27
2850,2017,0,1
2853,2017,0,1
2854,2017,2,3
2856,2017,0,7
2857,2017,4,15
2858,2017,0,4
2859,2017,0,4
2863,2017,0,2
2864,2017,1,2
2865,2017,0,9
2866,2017,3,6
2896,2017,0,407
2897,2017,0,181
2898,2017,0,4
2899,2017,0,7
2901,2017,6,10
2902,2017,1,8
2905,2017,0,1
2909,2017,0,1
2910,2017,0,3
2912,2017,0,1
2913,2017,0,2
2914,2017,0,1
2916,2017,0,4
2917,2017,0,14
2918,2017,0,5
2919,2017,0,16
2920,2017,0,1
2923,2017,0,1
2924,2017,0,1
2926,2017,2,6
2953,2017,0,34
2956,2017,0,11
2957,2017,2,27
2958,2017,9,9
2959,2017,0,4
2960,2017,0,1
2963,2017,0,1
2966,2017,0,1
2967,2017,1,3
2969,2017,0,2
2976,2017,0,10
2977,2017,1,7
2978,2017,0,1
2979,2017,0,2
2983,2017,0,1
2984,2017,0,3
3007,2017,2,10
3008,2017,1,3
3009,2017,0,1
3010,2017,0,3
3019,2017,0,1
3020,2017,0,1
3021,2017,0,1
3025,2017,0,1
3026,2017,0,1
3027,2017,0,10
3028,2017,0,5
3034,2017,0,1
3035,2017,1,5
3054,2017,1,2
3055,2017,0,6
3056,2017,0,6
3057,2017,118,202
3058,2017,8,50
3061,2017,0,2
3062,2017,0,3
3063,2017,0,2
3064,2017,3,12
3065,2017,0,3
3067,2017,0,2
3068,2017,0,2
3073,2017,1,4
3076,2017,0,15
3077,2017,0,1
3078,2017,0,1
3080,2017,0,1
3081,2017,1,4
3082,2017,2,3
3083,2017,0,5
3099,2017,0,20
3102,2017,0,4
3103,2017,1,5
3104,2017,1,4
3105,2017,1,4
3106,2017,1,10
3107,2017,1,3
3108,2017,0,1
3109,2017,0,9
3110,2017,0,1
3112,2017,0,1
3113,2017,1,2
3115,2017,0,1
3117,2017,1,7
3119,2017,2,4
3120,2017,1,3
3123,2017,0,1
3124,2017,4,11
3125,2017,2,3
3126,2017,1,2
3127,2017,1,1
3128,2017,0,1
3129,2017,1,2
3130,2017,3,15
3145,2017,0,256
3147,2017,0,15
3148,2017,0,12
3149,2017,1,12
3151,2017,0,2
3152,2017,0,1
3153,2017,1,13
3156,2017,0,5
3157,2017,21,88
3158,2017,0,7
3159,2017,6,16
3160,2017,0,4
3161,2017,1,8
3162,2017,0,2
3163,2017,1,9
3164,2017,1,14
3165,2017,1,12
3166,2017,0,4
3167,2017,1,2
3168,2017,0,9
3169,2017,0,1
3170,2017,3,9
3171,2017,1,11
3173,2017,1,3
3174,2017,20,139
3175,2017,3,22
3176,2017,0,6
3177,2017,2,4
3191,2017,0,179
3192,2017,0,359
3194,2017,0,4
3195,2017,0,13
3196,2017,11,123
3197,2017,1,7
3198,2017,0,3
3199,2017,0,2
3200,2017,3,9
3201,2017,0,9
3202,2017,0,2
3203,2017,0,1
3205,2017,0,2
3206,2017,15,34
3207,2017,0,12
3211,2017,2,6
3213,2017,0,6
3214,2017,0,2
3215,2017,1,14
3216,2017,0,7
3217,2017,4,24
3228,2017,0,148
3230,2017,0,23
3232,2017,0,23
3233,2017,45,125
3234,2017,52,185
3235,2017,1,42
3236,2017,1,18
3237,2017,0,1
3242,2017,0,1
3243,2017,0,1
3247,2017,7,25
3248,2017,0,5
3249,2017,3,29
3250,2017,7,56
3251,2017,2,22
3265,2017,0,2
3266,2017,4,26
3267,2017,0,29
3272,2017,0,4
3275,2017,1,5
3276,2017,0,4
3277,2017,23,47
3278,2017,4,19
3279,2017,3,17
3291,2017,0,3
3292,2017,11,62
3293,2017,13,38
3294,2017,17,41
3295,2017,4,9
3296,2017,0,4
3297,2017,2,5
3308,2017,1,17
3309,2017,2,18
3310,2017,1,1
3311,2017,1,8
3313,2017,2,13
3314,2017,0,2
3323,2017,4,16
3324,2017,0,1
3325,2017,0,1
3326,2017,1,4
3327,2017,5,22
3334,2017,3,43
3335,2017,3,22
3336,2017,0,2
3337,2017,14,16
3338,2017,13,29
3344,2017,1,13
3345,2017,0,1
3346,2017,1,4
3347,2017,40,88
3354,2017,1,10
3355,2017,1,3
3361,2017,0,5
3362,2017,1,1
144,2018,0,2
147,2018,0,2
190,2018,2,6
197,2018,0,2
202,2018,1,5
255,2018,0,5
256,2018,0,4
263,2018,0,55
266,2018,0,31
271,2018,0,10
272,2018,0,2
274,2018,1,17
275,2018,0,20
320,2018,0,5
322,2018,0,4
325,2018,0,2
326,2018,0,6
327,2018,0,144
329,2018,0,1
336,2018,0,18
337,2018,6,21
338,2018,1,9
374,2018,0,1
380,2018,0,1
383,2018,0,2
385,2018,0,13
386,2018,0,4
387,2018,0,1
388,2018,0,4
389,2018,1,46
390,2018,0,14
391,2018,0,9
395,2018,1,3
396,2018,0,3
400,2018,0,11
401,2018,1,97
402,2018,1,47
403,2018,0,36
406,2018,0,11
407,2018,1,14
408,2018,4,30
409,2018,1,61
410,2018,1,71
452,2018,0,2
455,2018,2,16
456,2018,0,2
457,2018,0,1
458,2018,0,4
459,2018,2,14
460,2018,0,3
461,2018,0,42
462,2018,3,42
463,2018,0,2
464,2018,0,12
465,2018,0,1
469,2018,1,13
470,2018,0,5
472,2018,0,11
474,2018,1,23
475,2018,0,20
476,2018,1,25
477,2018,0,2
478,2018,2,5
479,2018,3,130
480,2018,2,99
481,2018,0,32
482,2018,0,21
483,2018,0,9
484,2018,4,33
485,2018,1,46
532,2018,0,4
533,2018,0,3
534,2018,1,1
535,2018,0,26
536,2018,0,1
537,2018,0,3
538,2018,0,11
539,2018,0,2
540,2018,0,4
541,2018,1,1
542,2018,0,38
543,2018,0,7
546,2018,0,1
547,2018,0,4
549,2018,0,4
550,2018,1,9
552,2018,1,10
553,2018,0,9
554,2018,0,9
555,2018,0,32
556,2018,15,400
557,2018,9,123
558,2018,1,21
559,2018,3,27
560,2018,1,19
561,2018,20,118
562,2018,0,23
609,2018,1,2
610,2018,0,3
611,2018,0,3
612,2018,2,10
614,2018,0,6
615,2018,0,3
616,2018,0,1
619,2018,0,9
620,2018,0,9
621,2018,0,4
622,2018,2,17
623,2018,0,2
625,2018,0,3
626,2018,4,21
627,2018,2,7
628,2018,0,5
630,2018,15,115
631,2018,0,12
632,2018,0,5
633,2018,1,30
634,2018,0,15
635,2018,5,81
636,2018,16,143
637,2018,6,135
638,2018,3,54
639,2018,3,22
640,2018,0,28
688,2018,0,3
689,2018,0,2
690,2018,3,9
691,2018,12,207
692,2018,2,31
693,2018,0,1
694,2018,1,5
696,2018,0,1
697,2018,0,1
698,2018,0,1
699,2018,0,1
701,2018,0,16
703,2018,3,20
704,2018,0,5
705,2018,0,1
707,2018,0,1
708,2018,0,5
709,2018,0,1
711,2018,0,9
712,2018,0,18
713,2018,5,31
714,2018,4,63
715,2018,18,74
716,2018,2,24
717,2018,17,83
718,2018,0,17
768,2018,0,1
769,2018,79,542
770,2018,24,128
771,2018,0,3
772,2018,1,6
775,2018,2,28
776,2018,1,11
777,2018,2,7
778,2018,2,11
779,2018,0,2
780,2018,0,2
781,2018,4,12
782,2018,0,3
783,2018,0,2
784,2018,0,5
785,2018,1,13
787,2018,2,11
788,2018,0,2
789,2018,1,9
790,2018,1,5
791,2018,5,26
792,2018,10,57
793,2018,2,76
794,2018,3,50
795,2018,5,91
796,2018,538,1180
797,2018,39,116
846,2018,3,11
847,2018,0,7
848,2018,1,6
849,2018,0,15
850,2018,0,1
852,2018,0,1
854,2018,1,4
855,2018,1,3
856,2018,32,69
857,2018,1,11
859,2018,0,2
860,2018,0,4
862,2018,0,3
863,2018,0,1
865,2018,0,5
867,2018,4,23
868,2018,0,1
869,2018,3,24
870,2018,6,49
871,2018,4,19
872,2018,7,62
873,2018,1,5
874,2018,0,7
875,2018,1,19
876,2018,13,82
877,2018,1,23
878,2018,125,283
879,2018,4,47
880,2018,61,213
881,2018,14,104
882,2018,4,102
883,2018,2,25
933,2018,0,5
934,2018,8,24
935,2018,2,6
936,2018,0,1
937,2018,2,14
938,2018,3,7
939,2018,6,9
940,2018,0,7
941,2018,1,25
942,2018,1,7
943,2018,1,3
944,2018,2,5
946,2018,0,7
947,2018,1,2
948,2018,1,16
949,2018,1,28
952,2018,0,6
953,2018,39,77
954,2018,13,59
955,2018,5,18
956,2018,1,3
957,2018,0,11
958,2018,11,148
959,2018,0,1
960,2018,0,1
961,2018,0,3
962,2018,2,32
963,2018,2,49
964,2018,18,147
965,2018,7,66
966,2018,7,45
967,2018,1,30
968,2018,4,19
969,2018,0,8
1019,2018,0,1
1021,2018,0,2
1022,2018,0,1
1023,2018,0,1
1024,2018,0,2
1025,2018,0,1
1026,2018,0,3
1027,2018,1,13
1028,2018,2,17
1029,2018,1,11
1030,2018,3,33
1032,2018,0,11
1033,2018,0,28
1034,2018,0,14
1035,2018,0,8
1036,2018,1,19
1037,2018,0,33
1038,2018,2,12
1039,2018,0,12
1040,2018,1,5
1041,2018,1,4
1042,2018,1,65
1043,2018,4,13
1044,2018,0,6
1045,2018,2,14
1046,2018,0,4
1047,2018,0,9
1048,2018,13,84
1049,2018,16,93
1050,2018,35,100
1051,2018,5,32
1052,2018,1,16
1104,2018,0,5
1105,2018,5,17
1106,2018,0,1
1107,2018,0,2
1108,2018,0,3
1109,2018,0,1
1110,2018,0,14
1111,2018,16,118
1112,2018,1,11
1113,2018,11,84
1114,2018,3,15
1115,2018,2,57
1116,2018,0,15
1117,2018,4,56
1118,2018,23,159
1119,2018,49,191
1120,2018,4,15
1122,2018,1,20
1123,2018,0,1
1124,2018,2,28
1125,2018,0,2
1126,2018,0,11
1127,2018,3,8
1128,2018,0,4
1129,2018,3,31
1130,2018,6,39
1131,2018,0,20
1132,2018,6,57
1133,2018,16,149
1134,2018,9,46
1135,2018,2,20
1136,2018,0,3
1183,2018,0,5
1190,2018,0,34
1191,2018,0,2
1193,2018,0,6
1194,2018,1,1
1195,2018,1,7
1196,2018,4,17
1197,2018,10,77
1198,2018,4,9
1199,2018,5,84
1200,2018,0,6
1201,2018,0,5
1202,2018,3,101
1203,2018,7,32
1204,2018,3,48
1205,2018,0,9
1206,2018,0,11
1207,2018,1,12
1208,2018,0,7
1209,2018,0,9
1210,2018,0,4
1211,2018,0,5
1212,2018,0,3
1213,2018,1,20
1214,2018,3,51
1215,2018,3,29
1216,2018,134,468
1217,2018,723,1148
1218,2018,4,39
1270,2018,0,41
1273,2018,0,5
1274,2018,0,1
1277,2018,4,37
1278,2018,4,43
1279,2018,57,365
1280,2018,317,865
1281,2018,1,30
1282,2018,0,22
1283,2018,0,1
1284,2018,1,11
1285,2018,2,8
1286,2018,0,36
1287,2018,0,52
1288,2018,2,40
1289,2018,12,131
1290,2018,28,504
1291,2018,55,98
1292,2018,1,68
1293,2018,1,23
1295,2018,0,3
1296,2018,128,288
1297,2018,0,6
1298,2018,2,10
1299,2018,0,6
1300,2018,9,28
1301,2018,6,47
1302,2018,166,376
1303,2018,5,36
1355,2018,0,27
1358,2018,0,16
1359,2018,0,1
1360,2018,2,10
1361,2018,0,4
1362,2018,2,6
1363,2018,0,14
1364,2018,12,98
1365,2018,5,67
1366,2018,2,26
1367,2018,0,6
1368,2018,1,11
1369,2018,0,3
1370,2018,1,19
1371,2018,0,9
1372,2018,2,27
1373,2018,1,5
1374,2018,13,55
1375,2018,39,202
1376,2018,2,63
1377,2018,1,16
1378,2018,9,71
1379,2018,1,13
1380,2018,1,1
1381,2018,1,28
1382,2018,0,1
1383,2018,10,54
1384,2018,4,42
1385,2018,10,55
1386,2018,134,514
1387,2018,1,13
1388,2018,3,15
1391,2018,1,146
1392,2018,4,163
1435,2018,0,115
1439,2018,0,2
1443,2018,0,8
1446,2018,0,21
1447,2018,4,33
1448,2018,1,15
1449,2018,4,20
1450,2018,1,10
1452,2018,1,2
1453,2018,0,12
1455,2018,0,6
1456,2018,0,8
1457,2018,0,3
1458,2018,5,35
1459,2018,1,8
1460,2018,0,3
1461,2018,0,16
1462,2018,39,222
1463,2018,2,29
1464,2018,0,11
1465,2018,0,15
1466,2018,0,5
1467,2018,3,33
1468,2018,4,22
1469,2018,13,75
1470,2018,12,32
1471,2018,2,16
1472,2018,0,5
1473,2018,6,806
1476,2018,1,61
1519,2018,0,1
1524,2018,0,2
1527,2018,1,3
1528,2018,0,1
1529,2018,0,8
1530,2018,4,27
1531,2018,1,18
1534,2018,7,22
1535,2018,0,1
1536,2018,6,18
1537,2018,0,4
1538,2018,0,4
1539,2018,0,1
1541,2018,111,291
1542,2018,1,13
1543,2018,0,6
1544,2018,0,3
1545,2018,1,14
1546,2018,5,19
1547,2018,0,10
1548,2018,3,14
1549,2018,1,7
1550,2018,6,59
1551,2018,8,90
1552,2018,39,252
1553,2018,0,14
1554,2018,2,26
1555,2018,1,42
1556,2018,68,664
1557,2018,66,957
1559,2018,1,14
1608,2018,1,7
1611,2018,0,2
1612,2018,0,13
1614,2018,0,1
1615,2018,10,38
1616,2018,1,15
1617,2018,0,2
1618,2018,1,29
1619,2018,0,94
1620,2018,2,4
1621,2018,1,20
1622,2018,11,49
1623,2018,2,14
1624,2018,12,58
1625,2018,1,19
1626,2018,0,14
1627,2018,11,117
1629,2018,1,21
1630,2018,0,8
1631,2018,0,1
1632,2018,4,19
1633,2018,4,54
1634,2018,269,913
1635,2018,29,202
1636,2018,2,28
1637,2018,1,16
1638,2018,2,26
1640,2018,101,1135
1687,2018,0,3
1693,2018,0,1
1695,2018,0,15
1696,2018,1,12
1700,2018,3,71
1701,2018,0,15
1702,2018,0,30
1703,2018,0,3
1704,2018,2,24
1705,2018,13,46
1706,2018,0,2
1707,2018,4,12
1708,2018,0,16
1709,2018,2,27
1710,2018,4,17
1711,2018,4,36
1712,2018,1,15
1713,2018,3,29
1714,2018,0,6
1715,2018,3,63
1716,2018,11,66
1717,2018,37,211
1718,2018,2,22
1719,2018,5,36
1720,2018,0,4
1721,2018,0,31
1722,2018,10,869
1768,2018,0,3
1769,2018,0,6
1770,2018,0,1
1777,2018,0,1
1780,2018,0,7
1781,2018,0,1
1783,2018,1,9
1784,2018,1,9
1785,2018,0,2
1786,2018,0,19
1787,2018,13,64
1789,2018,1,4
1790,2018,0,4
1791,2018,0,3
1792,2018,1,7
1793,2018,0,3
1794,2018,0,4
1795,2018,0,7
1796,2018,2,13
1797,2018,3,30
1798,2018,3,15
1799,2018,3,8
1800,2018,15,169
1801,2018,8,27
1803,2018,1,58
1848,2018,0,30
1850,2018,1,15
1851,2018,17,45
1852,2018,3,11
1855,2018,7,228
1856,2018,0,3
1857,2018,0,1
1858,2018,4,39
1859,2018,10,67
1860,2018,0,3
1861,2018,1,1
1863,2018,0,1
1865,2018,0,1
1868,2018,0,1
1869,2018,0,1
1871,2018,0,1
1872,2018,6,24
1873,2018,1,10
1874,2018,3,8
1875,2018,1,11
1876,2018,0,2
1877,2018,0,2
1878,2018,0,9
1879,2018,4,14
1880,2018,1,7
1881,2018,20,48
1882,2018,2,8
1883,2018,0,8
1884,2018,2,9
1929,2018,0,3
1931,2018,0,2
1932,2018,2,9
1933,2018,1,3
1934,2018,0,1
1935,2018,0,2
1936,2018,3,15
1937,2018,5,16
1938,2018,0,2
1939,2018,6,52
1940,2018,42,167
1941,2018,0,2
1942,2018,0,2
1946,2018,0,3
1947,2018,0,1
1948,2018,4,50
1949,2018,1,6
1950,2018,2,10
1951,2018,1,3
1952,2018,0,1
1953,2018,0,2
1955,2018,1,2
1956,2018,3,23
1957,2018,0,3
1958,2018,5,14
1959,2018,0,20
1960,2018,1,11
1961,2018,22,52
1962,2018,6,21
1963,2018,0,8
1964,2018,76,126
1965,2018,6,24
2013,2018,0,3
2017,2018,0,1
2018,2018,0,1
2019,2018,0,2
2020,2018,0,2
2021,2018,0,2
2022,2018,0,7
2023,2018,0,2
2026,2018,0,3
2028,2018,0,1
2029,2018,0,6
2030,2018,0,1
2031,2018,3,11
2032,2018,7,13
2034,2018,1,9
2035,2018,1,8
2038,2018,7,76
2039,2018,1,13
2040,2018,0,4
2041,2018,1,4
2042,2018,1,5
2043,2018,0,1
2044,2018,0,2
2045,2018,2,23
2046,2018,4,22
2089,2018,0,25
2096,2018,0,4
2097,2018,0,1
2098,2018,0,4
2100,2018,1,2
2101,2018,0,3
2102,2018,2,5
2103,2018,1,28
2104,2018,0,1
2106,2018,0,1
2107,2018,0,6
2108,2018,1,9
2109,2018,0,2
2110,2018,1,4
2111,2018,0,1
2113,2018,0,1
2115,2018,0,6
2116,2018,43,84
2117,2018,0,10
2118,2018,1,9
2119,2018,1,5
2120,2018,0,1
2121,2018,0,3
2122,2018,2,6
2123,2018,0,2
2124,2018,0,1
2126,2018,2,3
2127,2018,1,37
2173,2018,0,1
2175,2018,1,1
2176,2018,0,2
2177,2018,2,15
2179,2018,0,2
2180,2018,0,4
2181,2018,0,2
2183,2018,1,6
2184,2018,0,8
2185,2018,4,18
2186,2018,3,17
2187,2018,0,2
2188,2018,1,2
2189,2018,113,146
2190,2018,0,2
2191,2018,0,2
2192,2018,0,3
2193,2018,1,4
2194,2018,0,1
2195,2018,0,2
2196,2018,11,38
2197,2018,0,7
2198,2018,1,21
2199,2018,1,5
2200,2018,2,10
2201,2018,5,24
2202,2018,14,89
2203,2018,20,97
2204,2018,1,7
2205,2018,0,3
2206,2018,1,6
2207,2018,2,19
2208,2018,0,18
2253,2018,0,14
2254,2018,3,10
2257,2018,2,5
2258,2018,0,2
2259,2018,2,5
2261,2018,0,1
2266,2018,0,8
2268,2018,0,4
2269,2018,1,23
2270,2018,0,10
2271,2018,3,14
2272,2018,0,1
2273,2018,0,1
2274,2018,0,9
2276,2018,0,5
2277,2018,0,3
2278,2018,0,4
2279,2018,3,65
2280,2018,3,17
2281,2018,1,9
2282,2018,7,14
2283,2018,0,1
2284,2018,5,42
2285,2018,134,287
2286,2018,0,3
2287,2018,1,11
2288,2018,1,9
2289,2018,0,2
2290,2018,0,3
2336,2018,6,30
2337,2018,1,7
2338,2018,0,1
2339,2018,4,20
2340,2018,0,12
2341,2018,0,6
2342,2018,0,5
2344,2018,1,6
2348,2018,0,8
2349,2018,0,3
2350,2018,0,6
2351,2018,0,2
2352,2018,15,63
2353,2018,6,36
2354,2018,0,8
2355,2018,2,3
2356,2018,0,10
2357,2018,3,33
2358,2018,44,103
2359,2018,7,26
2360,2018,10,68
2361,2018,3,13
2362,2018,0,2
2363,2018,5,54
2364,2018,34,122
2366,2018,1,5
2367,2018,2,6
2368,2018,0,1
2370,2018,4,11
2371,2018,3,15
2412,2018,0,36
2413,2018,0,4
2414,2018,0,32
2415,2018,0,9
2416,2018,1,4
2417,2018,2,25
2418,2018,0,2
2419,2018,2,32
2420,2018,0,22
2421,2018,4,164
2422,2018,1,1
2423,2018,4,7
2424,2018,2,4
2427,2018,0,2
2428,2018,1,4
2429,2018,0,3
2430,2018,2,12
2431,2018,1,1
2432,2018,1,6
2433,2018,0,1
2434,2018,0,3
2436,2018,0,2
2437,2018,0,18
2438,2018,25,52
2439,2018,2,6
2440,2018,20,28
2441,2018,10,58
2442,2018,2,10
2443,2018,0,1
2444,2018,1,2
2446,2018,0,4
2447,2018,0,2
2489,2018,0,6
2490,2018,0,2
2492,2018,0,1
2493,2018,0,7
2494,2018,0,8
2495,2018,0,5
2496,2018,0,7
2497,2018,0,1
2498,2018,0,13
2499,2018,0,1
2501,2018,0,4
2502,2018,49,61
2503,2018,0,2
2504,2018,1,1
2505,2018,0,3
2506,2018,1,6
2508,2018,2,10
2509,2018,1,2
2510,2018,6,54
2511,2018,3,21
2512,2018,1,5
2513,2018,3,16
2514,2018,1,11
2515,2018,13,27
2516,2018,8,21
2520,2018,1,2
2522,2018,2,4
2524,2018,3,16
2563,2018,0,24
2564,2018,0,7
2565,2018,0,4
2570,2018,0,2
2571,2018,0,2
2572,2018,9,37
2573,2018,1,9
2574,2018,2,4
2575,2018,2,3
2577,2018,5,13
2578,2018,0,1
2580,2018,1,2
2581,2018,0,4
2582,2018,5,27
2583,2018,91,186
2584,2018,4,13
2585,2018,1,14
2586,2018,0,4
2587,2018,4,18
2588,2018,0,6
2589,2018,0,2
2590,2018,1,1
2591,2018,1,2
2592,2018,0,3
2593,2018,11,33
2594,2018,273,289
2595,2018,2,21
2597,2018,0,7
2598,2018,0,4
2636,2018,0,6
2641,2018,1,1
2642,2018,0,1
2643,2018,4,11
2644,2018,0,3
2645,2018,2,6
2647,2018,0,2
2649,2018,0,1
2650,2018,1,2
2651,2018,1,2
2652,2018,0,1
2653,2018,2,2
2654,2018,2,9
2655,2018,0,1
2656,2018,1,12
2657,2018,0,8
2658,2018,3,12
2659,2018,12,88
2660,2018,10,33
2661,2018,24,69
2663,2018,1,3
2664,2018,0,8
2665,2018,0,4
2666,2018,0,11
2669,2018,3,13
2706,2018,0,2
2708,2018,0,1
2709,2018,1,5
2710,2018,0,5
2711,2018,0,4
2712,2018,1,8
2713,2018,0,14
2714,2018,0,8
2715,2018,0,1
2716,2018,0,3
2718,2018,0,6
2721,2018,0,1
2723,2018,1,2
2724,2018,5,16
2725,2018,0,2
2726,2018,1,4
2727,2018,1,3
2728,2018,28,50
2729,2018,2,13
2730,2018,0,1
2732,2018,0,3
2733,2018,4,14
2734,2018,0,1
2736,2018,4,16
2737,2018,1,11
2772,2018,0,40
2773,2018,0,5
2774,2018,0,2
2775,2018,0,1
2776,2018,0,2
2780,2018,0,2
2782,2018,1,7
2784,2018,0,6
2785,2018,0,2
2786,2018,0,1
2787,2018,1,4
2788,2018,0,4
2789,2018,6,15
2790,2018,39,96
2791,2018,0,3
2792,2018,1,4
2793,2018,0,3
2794,2018,0,3
2795,2018,1,3
2796,2018,0,1
2799,2018,0,1
2800,2018,0,1
2802,2018,1,29
2803,2018,42,61
2836,2018,0,81
2838,2018,0,2
2840,2018,0,4
2841,2018,0,2
2842,2018,0,3
2844,2018,1,29
2846,2018,0,1
2849,2018,0,1
2850,2018,0,25
2851,2018,0,1
2852,2018,0,1
2853,2018,1,5
2854,2018,0,2
2856,2018,2,3
2857,2018,4,21
2858,2018,1,1
2859,2018,0,4
2860,2018,1,1
2863,2018,1,3
2864,2018,1,2
2865,2018,5,29
2866,2018,4,17
2896,2018,0,755
2897,2018,2,326
2898,2018,0,1
2899,2018,1,21
2900,2018,1,17
2901,2018,1,5
2902,2018,0,5
2905,2018,1,12
2906,2018,0,1
2910,2018,0,3
2912,2018,0,1
2913,2018,4,18
2914,2018,14,22
2915,2018,0,3
2916,2018,2,27
2917,2018,1,33
2918,2018,1,11
2919,2018,1,4
2920,2018,1,1
2923,2018,1,4
2924,2018,0,1
2925,2018,0,1
2926,2018,26,40
2953,2018,0,39
2956,2018,0,9
2957,2018,4,41
2958,2018,4,21
2959,2018,1,4
2960,2018,1,10
2961,2018,0,1
2962,2018,2,11
2963,2018,0,2
2965,2018,0,2
2966,2018,0,1
2967,2018,2,7
2969,2018,0,1
2971,2018,1,1
2974,2018,1,15
2975,2018,5,23
2976,2018,0,19
2977,2018,0,7
2978,2018,0,4
2979,2018,0,4
2981,2018,0,1
2983,2018,0,2
2984,2018,0,22
3007,2018,2,11
3008,2018,0,13
3009,2018,1,29
3010,2018,0,14
3012,2018,0,10
3016,2018,0,1
3019,2018,0,5
3020,2018,0,4
3021,2018,0,1
3022,2018,1,4
3023,2018,0,2
3024,2018,0,2
3025,2018,0,3
3026,2018,6,14
3027,2018,0,2
3028,2018,0,1
3029,2018,0,4
3030,2018,1,2
3031,2018,0,1
3034,2018,1,3
3035,2018,4,15
3054,2018,0,2
3055,2018,0,6
3056,2018,0,3
3057,2018,69,259
3058,2018,18,229
3059,2018,0,2
3061,2018,3,5
3062,2018,0,20
3063,2018,0,1
3064,2018,1,13
3065,2018,0,1
3067,2018,0,6
3068,2018,0,10
3069,2018,0,2
3073,2018,0,5
3076,2018,0,4
3077,2018,0,2
3078,2018,1,2
3081,2018,0,34
3082,2018,4,6
3083,2018,2,24
3099,2018,0,170
3103,2018,0,12
3104,2018,2,25
3105,2018,1,10
3106,2018,0,4
3107,2018,0,6
3109,2018,1,2
3110,2018,0,1
3111,2018,0,4
3113,2018,1,2
3115,2018,0,1
3116,2018,0,2
3117,2018,5,9
3118,2018,0,2
3119,2018,7,13
3120,2018,5,12
3121,2018,1,1
3123,2018,0,1
3124,2018,10,19
3125,2018,1,16
3126,2018,0,1
3127,2018,0,1
3128,2018,0,2
3129,2018,3,11
3130,2018,8,26
3145,2018,0,553
3147,2018,0,55
3148,2018,0,16
3149,2018,18,476
3150,2018,1,13
3151,2018,0,3
3152,2018,0,4
3153,2018,3,9
3155,2018,3,6
3156,2018,0,2
3157,2018,12,51
3158,2018,3,10
3159,2018,3,16
3160,2018,0,24
3161,2018,1,4
3162,2018,7,62
3163,2018,4,14
3164,2018,1,17
3165,2018,1,14
3166,2018,0,7
3167,2018,4,12
3168,2018,2,14
3169,2018,0,3
3170,2018,9,13
3171,2018,2,43
3173,2018,0,4
3174,2018,47,219
3175,2018,0,23
3176,2018,0,7
3177,2018,1,31
3191,2018,0,309
3192,2018,0,597
3194,2018,0,9
3195,2018,3,30
3196,2018,31,308
3197,2018,4,24
3198,2018,0,5
3199,2018,2,8
3200,2018,3,27
3201,2018,1,20
3202,2018,0,7
3203,2018,0,30
3205,2018,0,3
3206,2018,13,37
3207,2018,1,14
3210,2018,2,26
3213,2018,0,9
3214,2018,0,9
3215,2018,1,19
3216,2018,7,16
3217,2018,20,62
3228,2018,0,478
3230,2018,2,18
3232,2018,0,7
3233,2018,41,137
3234,2018,116,421
3235,2018,14,85
3236,2018,2,28
3237,2018,0,16
3242,2018,0,2
3243,2018,1,4
3247,2018,11,51
3248,2018,1,17
3249,2018,7,39
3250,2018,34,113
3251,2018,5,34
3264,2018,0,1
3265,2018,0,3
3266,2018,8,36
3267,2018,2,34
3272,2018,1,4
3275,2018,5,25
3276,2018,17,45
3277,2018,35,99
3278,2018,10,59
3279,2018,13,37
3289,2018,0,5
3291,2018,0,10
3292,2018,64,173
3293,2018,503,693
3294,2018,18,102
3295,2018,0,17
3296,2018,0,15
3297,2018,3,20
3308,2018,7,24
3309,2018,13,51
3311,2018,3,20
3313,2018,4,21
3314,2018,3,7
3323,2018,7,22
3324,2018,0,3
3325,2018,0,1
3326,2018,1,10
3327,2018,9,49
3334,2018,9,73
3335,2018,6,41
3336,2018,0,1
3337,2018,5,14
3338,2018,33,71
3344,2018,1,27
3345,2018,0,3
3346,2018,3,29
3347,2018,64,141
3354,2018,3,28
3355,2018,1,8
3361,2018,0,3
144,2019,0,3
147,2019,0,1
190,2019,1,2
197,2019,1,5
202,2019,0,16
207,2019,0,1
255,2019,0,8
256,2019,0,3
263,2019,1,59
266,2019,0,39
271,2019,0,9
272,2019,0,3
274,2019,0,9
275,2019,0,48
319,2019,1,2
320,2019,1,9
322,2019,1,31
325,2019,0,5
326,2019,1,23
327,2019,0,151
336,2019,2,24
337,2019,4,24
338,2019,0,13
374,2019,0,5
380,2019,0,11
381,2019,0,2
383,2019,0,5
385,2019,1,42
386,2019,0,9
387,2019,0,3
388,2019,0,12
389,2019,0,45
390,2019,0,15
391,2019,1,24
395,2019,2,5
396,2019,0,13
398,2019,0,5
400,2019,0,15
401,2019,8,96
402,2019,1,33
403,2019,1,38
406,2019,0,4
407,2019,3,16
408,2019,1,78
409,2019,0,87
410,2019,2,53
455,2019,10,81
456,2019,2,8
458,2019,0,4
459,2019,2,16
460,2019,1,13
461,2019,0,18
462,2019,13,78
463,2019,0,8
464,2019,0,3
465,2019,0,2
469,2019,2,57
470,2019,0,2
472,2019,0,5
474,2019,0,14
475,2019,0,42
476,2019,3,37
478,2019,1,17
479,2019,1,128
480,2019,0,71
481,2019,0,23
482,2019,0,42
483,2019,0,6
484,2019,3,35
485,2019,3,68
532,2019,2,5
533,2019,1,5
535,2019,1,24
536,2019,0,1
537,2019,1,16
538,2019,0,5
539,2019,0,3
540,2019,0,9
541,2019,0,1
542,2019,1,13
543,2019,0,2
546,2019,0,1
547,2019,0,1
548,2019,0,13
549,2019,0,4
550,2019,0,12
552,2019,1,27
553,2019,32,34
554,2019,0,17
555,2019,1,32
556,2019,43,504
557,2019,7,159
558,2019,0,42
559,2019,0,20
560,2019,0,19
561,2019,8,86
562,2019,0,9
609,2019,0,4
610,2019,0,5
611,2019,0,1
612,2019,4,9
613,2019,0,3
614,2019,1,19
615,2019,2,13
616,2019,0,2
619,2019,0,15
620,2019,0,1
621,2019,0,1
622,2019,0,2
623,2019,0,6
625,2019,0,4
626,2019,1,21
627,2019,0,6
628,2019,3,4
629,2019,12,26
630,2019,18,193
631,2019,0,17
632,2019,0,8
633,2019,0,15
634,2019,0,13
635,2019,9,93
636,2019,8,130
637,2019,5,183
638,2019,0,21
639,2019,1,27
640,2019,6,33
688,2019,0,4
689,2019,0,8
690,2019,5,27
691,2019,16,265
692,2019,12,86
693,2019,0,6
694,2019,0,4
696,2019,0,2
697,2019,0,3
698,2019,0,3
699,2019,1,5
700,2019,0,1
701,2019,1,23
703,2019,0,17
704,2019,1,17
705,2019,0,28
706,2019,0,1
707,2019,0,2
708,2019,0,9
709,2019,0,4
710,2019,0,7
711,2019,0,7
712,2019,0,16
713,2019,3,28
714,2019,4,83
715,2019,3,61
716,2019,2,26
717,2019,29,131
718,2019,0,24
766,2019,0,3
767,2019,0,1
768,2019,0,3
769,2019,88,652
770,2019,35,232
771,2019,1,2
772,2019,1,9
773,2019,0,2
774,2019,0,1
775,2019,2,26
776,2019,0,3
777,2019,0,5
778,2019,5,34
779,2019,1,2
780,2019,0,2
781,2019,8,22
782,2019,0,3
783,2019,0,4
784,2019,0,3
785,2019,1,13
787,2019,3,10
788,2019,0,8
789,2019,2,7
790,2019,0,2
791,2019,0,4
792,2019,6,26
793,2019,8,107
794,2019,12,118
795,2019,1,93
796,2019,1132,2233
797,2019,17,111
844,2019,0,1
846,2019,2,24
847,2019,1,8
848,2019,1,22
849,2019,13,33
850,2019,0,9
851,2019,0,1
852,2019,0,1
854,2019,3,13
855,2019,4,17
856,2019,5,48
857,2019,3,12
859,2019,2,10
860,2019,0,1
861,2019,0,2
862,2019,2,10
863,2019,0,1
865,2019,0,1
867,2019,12,40
868,2019,1,4
869,2019,6,23
870,2019,38,142
871,2019,92,126
872,2019,21,121
873,2019,2,16
874,2019,1,7
875,2019,1,15
876,2019,14,126
877,2019,2,33
878,2019,31,193
879,2019,5,89
880,2019,124,503
881,2019,13,216
882,2019,9,177
883,2019,0,26
932,2019,0,14
933,2019,0,1
934,2019,11,18
935,2019,0,4
936,2019,0,3
937,2019,2,24
938,2019,9,25
939,2019,4,7
940,2019,0,6
941,2019,1,18
942,2019,0,6
943,2019,0,4
944,2019,1,9
945,2019,1,6
946,2019,0,1
947,2019,0,5
948,2019,7,84
949,2019,3,29
952,2019,0,7
953,2019,45,134
954,2019,7,83
955,2019,5,17
956,2019,1,12
957,2019,4,26
958,2019,19,192
959,2019,0,2
960,2019,0,4
961,2019,0,5
962,2019,6,56
963,2019,1,68
964,2019,8,117
965,2019,3,70
966,2019,30,105
967,2019,7,71
968,2019,8,64
969,2019,1,26
1019,2019,0,1
1021,2019,0,1
1023,2019,0,1
1024,2019,0,2
1025,2019,0,2
1026,2019,0,3
1027,2019,3,28
1028,2019,2,18
1029,2019,2,24
1030,2019,3,65
1032,2019,7,54
1033,2019,2,41
1034,2019,0,13
1035,2019,2,16
1036,2019,0,12
1037,2019,6,26
1038,2019,2,19
1039,2019,2,11
1040,2019,0,7
1041,2019,0,8
1042,2019,0,2
1043,2019,0,7
1044,2019,0,5
1045,2019,8,56
1046,2019,0,6
1047,2019,0,7
1048,2019,14,133
1049,2019,0,71
1050,2019,18,132
1051,2019,8,57
1052,2019,2,26
1105,2019,0,7
1106,2019,1,3
1108,2019,1,5
1109,2019,0,1
1110,2019,0,15
1111,2019,16,187
1112,2019,6,40
1113,2019,11,82
1114,2019,6,25
1115,2019,1,373
1116,2019,0,12
1117,2019,5,79
1118,2019,18,191
1119,2019,67,341
1120,2019,0,12
1122,2019,0,37
1123,2019,3,21
1124,2019,4,29
1125,2019,0,6
1126,2019,0,9
1127,2019,1,7
1128,2019,0,4
1129,2019,1,26
1130,2019,3,35
1131,2019,2,59
1132,2019,12,105
1133,2019,31,250
1134,2019,15,89
1135,2019,3,35
1136,2019,0,6
1183,2019,0,3
1184,2019,0,2
1189,2019,0,3
1190,2019,0,26
1193,2019,0,13
1194,2019,0,2
1195,2019,2,18
1196,2019,16,65
1197,2019,9,90
1198,2019,1,7
1199,2019,7,108
1200,2019,1,13
1201,2019,1,14
1202,2019,6,135
1203,2019,1,38
1204,2019,0,38
1205,2019,0,11
1206,2019,0,51
1207,2019,4,30
1208,2019,0,6
1209,2019,0,18
1210,2019,0,13
1211,2019,3,16
1212,2019,5,34
1213,2019,5,31
1214,2019,8,79
1215,2019,8,76
1216,2019,337,850
1217,2019,721,1254
1218,2019,6,67
1270,2019,0,32
1273,2019,0,15
1274,2019,0,1
1275,2019,0,1
1276,2019,0,1
1277,2019,2,45
1278,2019,8,52
1279,2019,46,368
1280,2019,382,974
1281,2019,1,17
1282,2019,4,36
1283,2019,1,8
1284,2019,0,12
1285,2019,0,17
1286,2019,1,76
1287,2019,0,55
1288,2019,2,46
1289,2019,30,222
1290,2019,18,441
1291,2019,2,22
1292,2019,0,52
1293,2019,4,35
1294,2019,0,7
1295,2019,0,3
1296,2019,164,320
1297,2019,0,6
1298,2019,2,13
1299,2019,3,18
1300,2019,11,67
1301,2019,10,97
1302,2019,236,558
1303,2019,4,36
1355,2019,0,43
1358,2019,4,36
1359,2019,0,4
1360,2019,3,15
1361,2019,0,2
1362,2019,0,4
1363,2019,4,36
1364,2019,6,106
1365,2019,11,84
1366,2019,1,23
1367,2019,0,15
1368,2019,0,7
1369,2019,1,21
1370,2019,0,7
1371,2019,0,13
1372,2019,1,21
1373,2019,0,1
1374,2019,13,72
1375,2019,42,268
1376,2019,6,77
1377,2019,3,44
1378,2019,13,109
1379,2019,2,25
1380,2019,1,10
1381,2019,1,37
1382,2019,0,7
1383,2019,9,41
1384,2019,6,39
1385,2019,20,119
1386,2019,182,776
1387,2019,6,26
1388,2019,7,30
1391,2019,5,463
1392,2019,5,453
1435,2019,5,129
1439,2019,0,6
1443,2019,0,5
1444,2019,0,2
1445,2019,1,2
1446,2019,0,4
1447,2019,2,9
1448,2019,4,22
1449,2019,21,64
1450,2019,0,1
1452,2019,0,6
1453,2019,0,23
1454,2019,1,2
1455,2019,1,7
1456,2019,1,13
1457,2019,1,6
1458,2019,7,48
1459,2019,3,16
1460,2019,0,1
1461,2019,0,113
1462,2019,53,369
1463,2019,3,43
1464,2019,0,11
1465,2019,0,7
1466,2019,1,28
1467,2019,3,35
1468,2019,4,36
1469,2019,13,111
1470,2019,5,46
1471,2019,4,27
1472,2019,0,5
1473,2019,11,1020
1476,2019,0,37
1519,2019,0,7
1526,2019,0,2
1527,2019,0,4
1528,2019,1,6
1529,2019,0,8
1530,2019,1,16
1531,2019,3,29
1532,2019,2,4
1534,2019,7,37
1535,2019,0,2
1536,2019,3,15
1537,2019,0,4
1538,2019,0,5
1539,2019,1,18
1540,2019,0,8
1541,2019,42,210
1542,2019,5,36
1543,2019,0,9
1544,2019,0,1
1545,2019,0,41
1546,2019,1,13
1547,2019,1,19
1548,2019,0,26
1549,2019,0,16
1550,2019,5,71
1551,2019,15,112
1552,2019,98,428
1553,2019,5,26
1554,2019,2,34
1555,2019,4,64
1556,2019,110,986
1557,2019,82,1277
1559,2019,0,7
1608,2019,0,9
1610,2019,0,2
1611,2019,0,2
1612,2019,0,10
1614,2019,0,7
1615,2019,17,106
1616,2019,1,19
1617,2019,0,1
1618,2019,0,26
1619,2019,3,125
1620,2019,2,7
1621,2019,0,11
1622,2019,7,56
1623,2019,3,22
1624,2019,11,92
1625,2019,2,33
1626,2019,1,34
1627,2019,0,9
1629,2019,0,9
1630,2019,0,28
1631,2019,0,11
1632,2019,4,29
1633,2019,8,88
1634,2019,440,1802
1635,2019,41,275
1636,2019,5,27
1637,2019,1,12
1638,2019,2,23
1640,2019,118,1315
1691,2019,0,2
1692,2019,1,3
1693,2019,0,6
1696,2019,1,35
1697,2019,1,8
1698,2019,0,4
1700,2019,3,98
1701,2019,0,19
1702,2019,4,99
1703,2019,0,5
1704,2019,4,36
1705,2019,16,57
1706,2019,0,3
1707,2019,0,9
1708,2019,1,11
1709,2019,7,83
1710,2019,1,7
1711,2019,0,5
1712,2019,6,10
1713,2019,0,19
1714,2019,0,9
1715,2019,2,79
1716,2019,9,50
1717,2019,48,385
1718,2019,7,57
1719,2019,5,54
1720,2019,3,16
1721,2019,2,49
1722,2019,18,1125
1768,2019,0,2
1769,2019,0,13
1772,2019,0,2
1777,2019,1,2
1779,2019,0,2
1780,2019,0,17
1781,2019,1,6
1782,2019,0,8
1783,2019,6,64
1784,2019,5,12
1785,2019,0,4
1786,2019,6,42
1787,2019,22,85
1789,2019,3,8
1790,2019,0,1
1791,2019,0,1
1793,2019,1,10
1794,2019,0,2
1795,2019,1,16
1796,2019,4,15
1797,2019,1,27
1798,2019,1,41
1799,2019,3,34
1800,2019,18,209
1801,2019,3,21
1802,2019,0,1
1803,2019,0,43
1848,2019,0,45
1850,2019,10,57
1851,2019,5,28
1852,2019,2,9
1853,2019,1,3
1855,2019,5,103
1856,2019,1,9
1857,2019,0,3
1858,2019,4,29
1859,2019,6,61
1860,2019,1,4
1861,2019,1,7
1863,2019,2,4
1865,2019,0,1
1867,2019,1,12
1868,2019,1,4
1869,2019,1,7
1870,2019,0,2
1871,2019,0,1
1872,2019,2,9
1873,2019,0,3
1874,2019,2,7
1875,2019,0,1
1876,2019,0,2
1877,2019,0,5
1878,2019,7,26
1879,2019,7,46
1880,2019,0,15
1881,2019,56,146
1882,2019,3,11
1883,2019,0,11
1884,2019,0,8
1931,2019,0,1
1932,2019,1,8
1933,2019,1,1
1934,2019,0,6
1935,2019,0,1
1936,2019,4,34
1937,2019,9,32
1938,2019,0,3
1939,2019,9,78
1940,2019,58,220
1941,2019,0,9
1942,2019,2,5
1943,2019,0,1
1944,2019,0,1
1946,2019,1,5
1947,2019,0,2
1948,2019,23,88
1949,2019,0,3
1950,2019,5,27
1951,2019,0,1
1952,2019,1,5
1953,2019,0,1
1955,2019,0,1
1956,2019,1,19
1957,2019,1,13
1958,2019,0,5
1959,2019,3,20
1960,2019,0,8
1961,2019,39,90
1962,2019,32,64
1963,2019,0,6
1964,2019,113,216
1965,2019,11,35
2015,2019,1,11
2016,2019,1,3
2017,2019,1,12
2018,2019,0,2
2019,2019,1,7
2020,2019,0,2
2021,2019,0,2
2022,2019,0,8
2023,2019,0,5
2024,2019,0,2
2025,2019,2,8
2026,2019,1,7
2027,2019,2,5
2028,2019,0,3
2029,2019,1,10
2030,2019,0,1
2031,2019,3,27
2032,2019,5,12
2033,2019,0,1
2034,2019,0,1
2035,2019,0,2
2037,2019,0,2
2038,2019,17,94
2039,2019,2,22
2040,2019,2,7
2041,2019,0,5
2042,2019,1,5
2043,2019,0,3
2044,2019,0,7
2045,2019,2,19
2046,2019,4,44
2089,2019,0,24
2095,2019,0,2
2096,2019,0,9
2097,2019,0,2
2098,2019,0,6
2100,2019,0,2
2101,2019,0,2
2102,2019,0,27
2103,2019,5,45
2104,2019,0,3
2105,2019,0,1
2106,2019,0,4
2107,2019,0,3
2108,2019,6,25
2109,2019,2,3
2110,2019,1,5
2112,2019,0,12
2113,2019,0,1
2114,2019,0,2
2115,2019,0,9
2116,2019,7,38
2117,2019,0,13
2118,2019,0,1
2119,2019,0,23
2120,2019,0,2
2121,2019,0,3
2122,2019,1,15
2124,2019,1,2
2126,2019,3,5
2127,2019,5,39
2174,2019,0,2
2176,2019,0,1
2177,2019,7,25
2179,2019,0,3
2180,2019,0,4
2182,2019,0,3
2183,2019,4,8
2184,2019,0,16
2185,2019,0,6
2186,2019,1,7
2187,2019,0,1
2188,2019,0,1
2189,2019,5,18
2191,2019,0,5
2192,2019,0,2
2193,2019,0,3
2194,2019,0,3
2195,2019,0,3
2196,2019,10,65
2197,2019,2,16
2198,2019,0,16
2199,2019,0,18
2200,2019,5,25
2201,2019,17,48
2202,2019,37,188
2203,2019,36,142
2204,2019,2,15
2205,2019,61,103
2206,2019,1,6
2207,2019,0,10
2208,2019,0,14
2253,2019,0,13
2254,2019,0,7
2255,2019,0,1
2256,2019,0,1
2257,2019,1,8
2258,2019,0,1
2259,2019,0,8
2260,2019,0,1
2261,2019,0,1
2262,2019,0,4
2264,2019,0,5
2266,2019,1,1
2267,2019,2,3
2268,2019,0,10
2269,2019,22,53
2270,2019,0,13
2271,2019,1,35
2272,2019,0,3
2273,2019,0,2
2274,2019,1,18
2275,2019,4,10
2276,2019,1,14
2277,2019,1,3
2278,2019,4,27
2279,2019,0,103
2280,2019,5,38
2281,2019,2,8
2282,2019,22,41
2283,2019,12,33
2284,2019,12,150
2285,2019,100,220
2286,2019,6,11
2287,2019,2,15
2288,2019,0,5
2289,2019,1,1
2290,2019,0,5
2336,2019,6,37
2337,2019,1,21
2338,2019,0,4
2339,2019,2,22
2340,2019,1,12
2341,2019,1,5
2342,2019,2,13
2344,2019,0,2
2346,2019,0,20
2348,2019,1,6
2349,2019,0,1
2350,2019,0,7
2351,2019,0,5
2352,2019,42,147
2353,2019,5,70
2354,2019,1,9
2355,2019,4,12
2356,2019,3,7
2357,2019,14,38
2358,2019,37,175
2359,2019,4,27
2360,2019,43,119
2361,2019,0,14
2362,2019,0,6
2363,2019,70,151
2364,2019,39,178
2365,2019,0,4
2366,2019,1,6
2367,2019,2,4
2368,2019,1,5
2369,2019,0,1
2370,2019,3,21
2371,2019,0,18
2412,2019,0,45
2413,2019,0,7
2414,2019,1,79
2415,2019,1,18
2416,2019,0,3
2417,2019,1,36
2418,2019,0,2
2419,2019,0,3
2420,2019,0,5
2421,2019,0,122
2422,2019,1,4
2423,2019,2,9
2424,2019,2,5
2425,2019,0,2
2427,2019,11,64
2428,2019,0,2
2430,2019,0,26
2431,2019,2,15
2432,2019,3,18
2433,2019,3,19
2434,2019,2,14
2435,2019,3,6
2436,2019,4,7
2437,2019,2,31
2438,2019,11,56
2439,2019,1,10
2440,2019,29,41
2441,2019,22,73
2442,2019,3,35
2443,2019,1,9
2444,2019,2,4
2445,2019,0,2
2446,2019,0,1
2447,2019,0,4
2448,2019,1,4
2489,2019,0,9
2492,2019,0,4
2493,2019,0,4
2494,2019,1,14
2495,2019,0,4
2496,2019,4,22
2497,2019,1,3
2498,2019,0,2
2499,2019,0,1
2501,2019,0,2
2502,2019,14,39
2503,2019,0,1
2504,2019,0,1
2505,2019,2,4
2506,2019,2,13
2508,2019,5,38
2509,2019,1,12
2510,2019,22,156
2511,2019,11,136
2512,2019,0,6
2513,2019,0,6
2514,2019,0,11
2515,2019,14,43
2516,2019,12,32
2517,2019,0,1
2520,2019,1,6
2521,2019,0,1
2522,2019,0,2
2524,2019,5,16
2563,2019,1,30
2564,2019,0,11
2565,2019,0,2
2569,2019,0,3
2570,2019,0,1
2571,2019,1,14
2572,2019,2,35
2573,2019,0,7
2574,2019,0,2
2575,2019,0,5
2577,2019,4,37
2578,2019,0,3
2579,2019,0,2
2580,2019,0,1
2581,2019,3,16
2582,2019,10,32
2583,2019,58,168
2584,2019,8,23
2585,2019,0,13
2586,2019,1,7
2587,2019,15,41
2588,2019,6,22
2589,2019,0,3
2590,2019,2,6
2591,2019,0,2
2592,2019,0,21
2593,2019,12,36
2594,2019,269,286
2595,2019,0,16
2596,2019,0,1
2597,2019,1,32
2598,2019,0,13
2636,2019,0,5
2640,2019,0,1
2641,2019,0,2
2642,2019,0,4
2643,2019,1,5
2644,2019,1,9
2645,2019,5,18
2649,2019,0,1
2650,2019,2,19
2651,2019,0,1
2653,2019,0,1
2654,2019,3,8
2655,2019,1,12
2656,2019,3,39
2657,2019,0,5
2658,2019,5,15
2659,2019,45,182
2660,2019,28,105
2661,2019,31,95
2662,2019,0,1
2663,2019,0,3
2664,2019,2,7
2665,2019,0,3
2666,2019,8,46
2667,2019,1,2
2669,2019,4,23
2706,2019,0,8
2708,2019,0,3
2709,2019,2,5
2710,2019,0,1
2711,2019,0,4
2712,2019,0,6
2713,2019,0,14
2714,2019,0,3
2716,2019,0,5
2717,2019,0,3
2718,2019,1,13
2722,2019,0,1
2723,2019,2,10
2724,2019,3,18
2725,2019,0,6
2726,2019,1,5
2727,2019,2,7
2728,2019,39,131
2729,2019,6,33
2730,2019,0,3
2731,2019,0,2
2732,2019,1,2
2733,2019,1,13
2736,2019,10,21
2737,2019,1,9
2772,2019,0,35
2773,2019,0,7
2776,2019,0,1
2778,2019,0,3
2782,2019,0,7
2784,2019,0,13
2785,2019,2,2
2786,2019,17,33
2787,2019,0,5
2788,2019,0,6
2789,2019,1,8
2790,2019,19,83
2791,2019,1,3
2792,2019,0,1
2793,2019,0,2
2794,2019,1,7
2795,2019,2,11
2796,2019,2,21
2797,2019,3,5
2799,2019,0,1
2800,2019,1,3
2801,2019,0,2
2802,2019,3,38
2803,2019,15,48
2836,2019,0,150
2838,2019,0,13
2839,2019,0,2
2840,2019,1,4
2842,2019,4,6
2844,2019,8,37
2847,2019,0,2
2849,2019,0,2
2850,2019,1,21
2852,2019,0,2
2853,2019,0,5
2854,2019,0,3
2855,2019,0,2
2856,2019,0,5
2857,2019,4,13
2858,2019,2,7
2859,2019,0,1
2860,2019,1,7
2861,2019,1,1
2862,2019,0,4
2863,2019,1,2
2864,2019,0,2
2865,2019,11,54
2866,2019,9,26
2896,2019,0,753
2897,2019,0,314
2898,2019,0,9
2899,2019,0,10
2900,2019,3,11
2901,2019,3,17
2902,2019,1,12
2905,2019,0,6
2906,2019,0,2
2909,2019,0,2
2913,2019,0,6
2914,2019,0,11
2915,2019,1,4
2916,2019,3,28
2917,2019,1,51
2918,2019,1,8
2919,2019,2,4
2923,2019,1,16
2924,2019,1,2
2925,2019,0,3
2926,2019,7,28
2953,2019,0,38
2956,2019,0,18
2957,2019,5,63
2958,2019,3,18
2959,2019,1,9
2960,2019,1,10
2961,2019,0,3
2962,2019,0,5
2963,2019,0,11
2965,2019,0,3
2966,2019,0,1
2967,2019,2,21
2969,2019,0,3
2970,2019,2,4
2972,2019,0,1
2974,2019,0,4
2975,2019,12,54
2976,2019,1,23
2977,2019,0,10
2978,2019,1,6
2979,2019,0,5
2980,2019,0,1
2981,2019,0,1
2983,2019,0,4
2984,2019,3,35
3007,2019,0,11
3008,2019,0,14
3009,2019,0,33
3010,2019,0,14
3012,2019,0,1
3015,2019,0,1
3016,2019,0,2
3017,2019,0,1
3019,2019,2,7
3020,2019,6,16
3021,2019,0,1
3022,2019,0,1
3024,2019,1,11
3025,2019,0,3
3026,2019,3,29
3027,2019,3,13
3028,2019,0,3
3029,2019,0,1
3033,2019,0,3
3034,2019,0,1
3035,2019,5,19
3054,2019,1,9
3055,2019,0,2
3056,2019,0,12
3057,2019,83,219
3058,2019,26,210
3059,2019,0,4
3061,2019,1,3
3062,2019,0,9
3063,2019,0,5
3064,2019,4,25
3065,2019,0,4
3067,2019,2,10
3068,2019,2,14
3069,2019,0,2
3071,2019,0,1
3073,2019,0,1
3074,2019,3,7
3075,2019,0,1
3076,2019,0,5
3077,2019,0,7
3078,2019,0,5
3079,2019,2,2
3081,2019,2,9
3082,2019,7,20
3083,2019,2,31
3099,2019,0,175
3102,2019,0,7
3103,2019,0,30
3104,2019,0,6
3105,2019,1,22
3106,2019,3,10
3107,2019,0,11
3108,2019,0,8
3109,2019,1,10
3110,2019,0,8
3111,2019,0,11
3113,2019,0,3
3114,2019,0,1
3115,2019,0,5
3116,2019,0,5
3117,2019,5,22
3118,2019,1,3
3119,2019,8,23
3120,2019,3,15
3121,2019,6,9
3123,2019,1,8
3124,2019,63,137
3125,2019,14,58
3126,2019,0,1
3127,2019,2,10
3128,2019,0,7
3129,2019,8,26
3130,2019,18,68
3145,2019,0,606
3147,2019,0,60
3148,2019,1,15
3149,2019,3,30
3150,2019,0,3
3151,2019,4,7
3152,2019,0,1
3153,2019,1,9
3155,2019,0,4
3156,2019,0,9
3157,2019,60,194
3158,2019,10,30
3159,2019,14,40
3160,2019,0,24
3161,2019,1,11
3162,2019,25,96
3163,2019,0,10
3164,2019,0,25
3165,2019,2,24
3166,2019,2,16
3167,2019,7,24
3168,2019,1,17
3169,2019,0,2
3170,2019,2,11
3171,2019,1,21
3173,2019,0,2
3174,2019,67,234
3175,2019,2,22
3176,2019,6,22
3177,2019,5,21
3191,2019,0,492
3192,2019,0,740
3194,2019,0,19
3195,2019,0,72
3196,2019,34,329
3197,2019,8,38
3198,2019,0,4
3199,2019,1,4
3200,2019,8,27
3201,2019,0,29
3202,2019,3,24
3203,2019,0,42
3205,2019,0,5
3206,2019,22,53
3207,2019,1,17
3210,2019,0,11
3211,2019,0,1
3213,2019,3,15
3214,2019,1,6
3215,2019,5,21
3216,2019,3,17
3217,2019,41,89
3228,2019,0,896
3230,2019,0,58
3232,2019,0,12
3233,2019,56,193
3234,2019,216,733
3235,2019,41,183
3236,2019,3,42
3237,2019,1,7
3242,2019,0,1
3243,2019,0,3
3244,2019,0,2
3247,2019,2,32
3248,2019,1,28
3249,2019,20,92
3250,2019,44,149
3251,2019,11,65
3264,2019,0,9
3265,2019,1,12
3266,2019,12,69
3267,2019,0,53
3272,2019,0,7
3275,2019,11,54
3276,2019,17,52
3277,2019,66,156
3278,2019,25,89
3279,2019,12,65
3289,2019,1,38
3291,2019,5,42
3292,2019,96,246
3293,2019,669,801
3294,2019,63,183
3295,2019,2,38
3296,2019,1,31
3297,2019,16,44
3308,2019,6,28
3309,2019,15,113
3310,2019,0,1
3311,2019,4,31
3312,2019,0,4
3313,2019,10,46
3314,2019,1,11
3323,2019,6,28
3324,2019,0,9
3325,2019,0,4
3326,2019,9,19
3327,2019,12,74
3334,2019,55,182
3335,2019,16,82
3336,2019,0,5
3337,2019,2,14
3338,2019,52,110
3344,2019,5,44
3345,2019,1,6
3346,2019,7,24
3347,2019,106,265
3354,2019,2,27
3355,2019,5,20
3361,2019,1,10
3362,2019,2,4
144,2020,0,3
147,2020,0,4
190,2020,0,7
197,2020,0,5
202,2020,0,13
207,2020,0,11
255,2020,0,1
256,2020,0,1
257,2020,0,4
263,2020,1,61
266,2020,0,54
271,2020,0,16
272,2020,5,18
274,2020,0,21
275,2020,0,44
320,2020,0,13
322,2020,2,22
323,2020,0,7
325,2020,0,8
326,2020,0,13
327,2020,0,82
329,2020,0,5
336,2020,1,65
337,2020,5,69
338,2020,0,13
380,2020,1,5
381,2020,1,2
383,2020,0,9
385,2020,3,33
386,2020,0,6
387,2020,0,3
388,2020,1,14
389,2020,0,98
390,2020,1,15
391,2020,1,47
395,2020,8,21
396,2020,1,9
398,2020,0,6
400,2020,0,21
401,2020,15,211
402,2020,1,53
403,2020,1,38
406,2020,16,98
407,2020,3,60
408,2020,15,150
409,2020,1,155
410,2020,0,63
452,2020,0,1
455,2020,10,69
456,2020,2,20
457,2020,1,2
458,2020,0,1
459,2020,4,32
460,2020,0,4
461,2020,0,16
462,2020,9,116
463,2020,0,12
464,2020,3,50
465,2020,1,8
469,2020,82,275
470,2020,2,31
472,2020,0,15
474,2020,1,27
475,2020,4,103
476,2020,5,41
477,2020,0,8
478,2020,12,66
479,2020,10,184
480,2020,1,108
481,2020,1,56
482,2020,2,59
483,2020,2,27
484,2020,8,101
485,2020,1,74
532,2020,1,24
533,2020,0,3
534,2020,0,5
535,2020,4,65
536,2020,2,5
537,2020,3,14
538,2020,0,3
539,2020,0,15
540,2020,0,6
541,2020,0,5
542,2020,3,31
543,2020,2,17
546,2020,0,6
547,2020,1,11
549,2020,0,13
550,2020,1,7
552,2020,1,43
553,2020,52,77
554,2020,6,60
555,2020,17,108
556,2020,152,1002
557,2020,15,550
558,2020,2,66
559,2020,0,77
560,2020,1,65
561,2020,32,193
562,2020,1,14
609,2020,0,1
610,2020,0,2
611,2020,1,18
612,2020,3,16
613,2020,1,6
614,2020,1,14
615,2020,0,11
616,2020,1,4
618,2020,0,2
619,2020,0,13
620,2020,0,3
621,2020,0,2
622,2020,1,4
623,2020,0,2
625,2020,0,2
626,2020,10,67
627,2020,1,13
628,2020,0,2
629,2020,68,114
630,2020,50,367
631,2020,0,17
632,2020,1,16
633,2020,0,19
634,2020,0,19
635,2020,8,131
636,2020,19,283
637,2020,112,614
638,2020,8,60
639,2020,4,67
640,2020,17,55
688,2020,0,6
689,2020,0,7
690,2020,11,46
691,2020,19,240
692,2020,32,221
693,2020,2,17
694,2020,0,6
695,2020,0,1
696,2020,1,4
697,2020,2,19
698,2020,0,7
699,2020,0,4
700,2020,1,7
701,2020,0,24
703,2020,10,60
704,2020,2,11
705,2020,3,14
706,2020,0,3
707,2020,1,8
708,2020,0,7
709,2020,0,4
710,2020,1,14
711,2020,0,9
712,2020,0,11
713,2020,8,58
714,2020,17,180
715,2020,6,231
716,2020,7,99
717,2020,36,274
718,2020,2,40
766,2020,1,5
767,2020,0,4
768,2020,3,9
769,2020,228,1067
770,2020,118,480
771,2020,0,7
772,2020,20,70
773,2020,0,2
774,2020,1,6
775,2020,32,118
776,2020,3,4
777,2020,2,14
778,2020,6,41
779,2020,0,8
780,2020,0,15
781,2020,2,29
782,2020,0,2
783,2020,0,6
784,2020,0,6
785,2020,2,9
787,2020,5,12
788,2020,1,9
789,2020,2,14
790,2020,1,4
791,2020,4,17
792,2020,18,67
793,2020,8,146
794,2020,12,197
795,2020,20,287
796,2020,906,2758
797,2020,32,250
844,2020,1,1
846,2020,0,12
847,2020,1,9
848,2020,6,60
849,2020,11,80
850,2020,1,30
852,2020,1,23
854,2020,6,28
855,2020,3,12
856,2020,10,75
857,2020,0,17
859,2020,0,6
860,2020,0,7
861,2020,1,7
862,2020,0,11
863,2020,1,5
865,2020,0,5
867,2020,12,78
868,2020,2,33
869,2020,9,33
870,2020,45,205
871,2020,15,39
872,2020,68,222
873,2020,4,22
874,2020,0,8
875,2020,1,19
876,2020,38,228
877,2020,5,110
878,2020,30,291
879,2020,39,339
880,2020,489,1277
881,2020,22,281
882,2020,16,302
883,2020,0,42
931,2020,0,4
933,2020,0,1
934,2020,12,32
935,2020,2,8
936,2020,0,7
937,2020,8,52
938,2020,2,9
939,2020,10,31
940,2020,0,14
941,2020,2,25
942,2020,0,7
943,2020,2,29
944,2020,3,19
945,2020,0,9
946,2020,3,12
947,2020,1,5
948,2020,7,83
949,2020,11,88
952,2020,1,5
953,2020,50,183
954,2020,35,224
955,2020,14,30
956,2020,0,8
957,2020,26,70
958,2020,50,357
959,2020,0,3
960,2020,1,10
961,2020,0,42
962,2020,17,143
963,2020,6,97
964,2020,51,211
965,2020,58,200
966,2020,56,242
967,2020,4,158
968,2020,9,245
969,2020,1,22
1019,2020,1,6
1021,2020,0,8
1022,2020,0,5
1024,2020,1,3
1025,2020,0,9
1026,2020,0,9
1027,2020,7,65
1028,2020,4,46
1029,2020,35,112
1030,2020,243,414
1032,2020,20,77
1033,2020,6,121
1034,2020,0,28
1035,2020,4,37
1036,2020,2,42
1037,2020,15,96
1038,2020,4,30
1039,2020,3,17
1040,2020,2,19
1041,2020,1,10
1042,2020,0,4
1043,2020,12,82
1044,2020,0,12
1045,2020,8,64
1046,2020,2,182
1047,2020,0,52
1048,2020,22,207
1049,2020,8,113
1050,2020,95,639
1051,2020,22,131
1052,2020,7,102
1104,2020,0,1
1105,2020,2,9
1106,2020,0,6
1107,2020,0,1
1108,2020,0,5
1109,2020,1,4
1110,2020,1,28
1111,2020,37,356
1112,2020,9,97
1113,2020,212,490
1114,2020,29,208
1115,2020,4,233
1116,2020,1,41
1117,2020,28,240
1118,2020,28,367
1119,2020,115,610
1120,2020,6,27
1122,2020,0,84
1123,2020,1,22
1124,2020,1,40
1125,2020,0,14
1126,2020,3,20
1127,2020,0,12
1128,2020,1,23
1129,2020,9,67
1130,2020,11,73
1131,2020,2,70
1132,2020,52,334
1133,2020,138,719
1134,2020,37,223
1135,2020,6,123
1136,2020,0,11
1183,2020,1,10
1189,2020,1,1
1190,2020,1,58
1193,2020,5,21
1194,2020,0,5
1195,2020,19,107
1196,2020,11,106
1197,2020,32,272
1198,2020,6,17
1199,2020,18,358
1200,2020,2,16
1201,2020,3,23
1202,2020,23,347
1203,2020,6,98
1204,2020,8,120
1205,2020,0,36
1206,2020,1,32
1207,2020,1,23
1208,2020,1,17
1209,2020,2,38
1210,2020,0,16
1211,2020,1,11
1212,2020,7,63
1213,2020,11,94
1214,2020,51,210
1215,2020,36,318
1216,2020,535,1423
1217,2020,967,1955
1218,2020,8,102
1270,2020,0,102
1273,2020,2,92
1274,2020,0,13
1275,2020,1,6
1276,2020,0,14
1277,2020,3,56
1278,2020,107,777
1279,2020,137,727
1280,2020,310,1135
1281,2020,1,18
1282,2020,7,82
1283,2020,6,30
1284,2020,0,21
1285,2020,1,9
1286,2020,0,132
1287,2020,0,54
1288,2020,1,91
1289,2020,29,265
1290,2020,67,801
1291,2020,2,38
1292,2020,15,82
1293,2020,6,53
1294,2020,1,20
1295,2020,4,36
1296,2020,149,416
1297,2020,2,24
1298,2020,2,34
1299,2020,4,28
1300,2020,67,198
1301,2020,44,205
1302,2020,469,1211
1303,2020,40,156
1355,2020,0,99
1358,2020,61,153
1359,2020,2,8
1360,2020,9,32
1361,2020,1,5
1362,2020,0,2
1363,2020,3,28
1364,2020,16,215
1365,2020,69,227
1366,2020,2,53
1367,2020,1,20
1368,2020,1,41
1369,2020,2,45
1370,2020,2,5
1371,2020,5,31
1372,2020,0,9
1373,2020,1,9
1374,2020,30,120
1375,2020,85,527
1376,2020,29,120
1377,2020,5,72
1378,2020,24,260
1379,2020,28,98
1380,2020,6,25
1381,2020,8,32
1382,2020,5,29
1383,2020,23,120
1384,2020,32,107
1385,2020,34,244
1386,2020,507,1838
1387,2020,7,62
1388,2020,24,86
1391,2020,3,492
1392,2020,6,511
1435,2020,11,349
1439,2020,1,9
1443,2020,5,16
1444,2020,0,1
1445,2020,1,1
1446,2020,0,4
1447,2020,1,16
1448,2020,5,17
1449,2020,3,25
1450,2020,1,15
1452,2020,0,13
1453,2020,5,105
1454,2020,1,1
1455,2020,8,20
1456,2020,1,6
1457,2020,6,27
1458,2020,5,118
1459,2020,4,13
1460,2020,0,6
1461,2020,9,80
1462,2020,95,563
1463,2020,15,90
1464,2020,5,38
1465,2020,1,8
1466,2020,5,22
1467,2020,28,146
1468,2020,20,93
1469,2020,47,217
1470,2020,15,74
1471,2020,15,100
1472,2020,2,14
1473,2020,21,1410
1476,2020,0,58
1519,2020,0,11
1524,2020,0,2
1526,2020,1,3
1527,2020,2,5
1528,2020,0,4
1529,2020,0,10
1530,2020,4,57
1531,2020,1,36
1534,2020,74,237
1535,2020,1,23
1536,2020,0,7
1537,2020,20,35
1538,2020,5,28
1539,2020,7,41
1540,2020,1,6
1541,2020,176,528
1542,2020,20,68
1543,2020,7,28
1544,2020,2,5
1545,2020,0,35
1546,2020,4,34
1547,2020,1,27
1548,2020,6,49
1549,2020,1,18
1550,2020,15,136
1551,2020,68,267
1552,2020,258,868
1553,2020,1,31
1554,2020,10,84
1555,2020,8,100
1556,2020,105,1217
1557,2020,146,1732
1559,2020,1,13
1608,2020,1,13
1611,2020,0,7
1612,2020,0,15
1614,2020,1,11
1615,2020,63,204
1616,2020,1,36
1617,2020,1,18
1618,2020,1,46
1619,2020,5,256
1620,2020,12,56
1621,2020,1,30
1622,2020,28,144
1623,2020,5,36
1624,2020,36,113
1625,2020,2,19
1626,2020,0,32
1627,2020,0,7
1629,2020,5,27
1630,2020,2,63
1631,2020,1,12
1632,2020,11,70
1633,2020,37,227
1634,2020,1078,4577
1635,2020,108,629
1636,2020,7,52
1637,2020,25,113
1638,2020,13,84
1640,2020,265,1931
1687,2020,0,11
1691,2020,1,1
1693,2020,0,8
1694,2020,0,1
1695,2020,0,7
1696,2020,10,70
1697,2020,0,13
1698,2020,1,3
1700,2020,2,33
1701,2020,1,42
1702,2020,6,104
1703,2020,0,4
1704,2020,224,556
1705,2020,62,242
1706,2020,2,11
1707,2020,3,10
1708,2020,0,11
1709,2020,14,60
1710,2020,3,11
1711,2020,0,26
1712,2020,0,16
1713,2020,1,32
1714,2020,0,25
1715,2020,8,154
1716,2020,22,156
1717,2020,96,451
1718,2020,10,77
1719,2020,7,90
1720,2020,3,18
1721,2020,1,107
1722,2020,14,1008
1768,2020,0,3
1769,2020,1,29
1770,2020,0,7
1772,2020,1,4
1773,2020,0,2
1774,2020,0,3
1777,2020,0,3
1779,2020,0,1
1780,2020,15,104
1781,2020,0,1
1782,2020,1,9
1783,2020,6,95
1784,2020,1,25
1785,2020,1,6
1786,2020,25,65
1787,2020,74,217
1788,2020,0,1
1789,2020,2,22
1790,2020,2,14
1791,2020,0,6
1792,2020,0,3
1793,2020,3,8
1794,2020,0,2
1795,2020,4,57
1796,2020,7,38
1797,2020,7,82
1798,2020,7,45
1799,2020,31,185
1800,2020,20,179
1801,2020,3,35
1802,2020,0,5
1803,2020,0,123
1848,2020,0,36
1850,2020,12,98
1851,2020,44,142
1852,2020,6,19
1853,2020,0,15
1855,2020,69,360
1856,2020,0,12
1857,2020,0,6
1858,2020,12,54
1859,2020,8,53
1860,2020,1,5
1862,2020,0,2
1863,2020,0,1
1865,2020,3,13
1867,2020,2,12
1868,2020,0,2
1869,2020,0,2
1870,2020,0,1
1871,2020,1,1
1872,2020,2,18
1873,2020,2,13
1874,2020,2,15
1875,2020,0,9
1876,2020,0,14
1877,2020,0,9
1878,2020,6,38
1879,2020,12,110
1880,2020,5,25
1881,2020,77,256
1882,2020,2,13
1883,2020,4,29
1884,2020,2,21
1929,2020,0,7
1931,2020,0,9
1932,2020,2,11
1933,2020,3,5
1934,2020,1,10
1936,2020,3,22
1937,2020,7,24
1938,2020,0,1
1939,2020,26,129
1940,2020,74,266
1941,2020,1,4
1942,2020,1,3
1943,2020,1,1
1944,2020,0,1
1946,2020,0,7
1948,2020,49,130
1949,2020,1,7
1950,2020,113,185
1951,2020,0,1
1953,2020,0,2
1954,2020,1,2
1956,2020,0,28
1957,2020,3,32
1958,2020,2,15
1959,2020,17,91
1960,2020,1,12
1961,2020,52,269
1962,2020,48,123
1963,2020,4,38
1964,2020,48,130
1965,2020,29,83
2010,2020,1,1
2013,2020,0,2
2015,2020,0,8
2016,2020,1,3
2017,2020,2,15
2018,2020,0,3
2019,2020,0,4
2020,2020,2,8
2021,2020,5,51
2022,2020,1,14
2023,2020,3,15
2024,2020,0,2
2025,2020,0,6
2026,2020,2,29
2027,2020,0,4
2028,2020,0,2
2029,2020,1,8
2030,2020,0,1
2031,2020,11,62
2032,2020,2,19
2033,2020,0,3
2034,2020,2,4
2035,2020,3,14
2037,2020,0,5
2038,2020,27,188
2039,2020,8,40
2040,2020,1,9
2041,2020,3,9
2042,2020,0,8
2043,2020,1,7
2044,2020,0,6
2045,2020,0,29
2046,2020,12,74
2089,2020,0,59
2095,2020,0,3
2096,2020,1,5
2097,2020,0,1
2098,2020,1,14
2099,2020,0,2
2100,2020,0,3
2101,2020,0,3
2102,2020,1,12
2103,2020,4,47
2104,2020,0,6
2106,2020,2,9
2107,2020,1,4
2108,2020,3,15
2109,2020,0,4
2110,2020,0,4
2111,2020,1,6
2112,2020,0,4
2113,2020,1,1
2114,2020,2,7
2115,2020,3,21
2116,2020,8,59
2117,2020,5,42
2118,2020,2,18
2119,2020,3,26
2120,2020,1,8
2121,2020,0,3
2122,2020,1,22
2123,2020,0,1
2124,2020,0,2
2126,2020,3,10
2127,2020,7,95
2174,2020,0,9
2175,2020,0,8
2176,2020,0,5
2177,2020,11,41
2179,2020,1,6
2180,2020,1,6
2181,2020,0,6
2182,2020,1,4
2183,2020,1,5
2184,2020,0,7
2185,2020,4,11
2186,2020,4,35
2188,2020,2,3
2189,2020,6,20
2190,2020,2,5
2191,2020,0,2
2192,2020,0,6
2193,2020,0,3
2194,2020,0,9
2195,2020,1,19
2196,2020,32,147
2197,2020,8,57
2198,2020,0,34
2199,2020,3,14
2200,2020,18,45
2201,2020,36,95
2202,2020,175,495
2203,2020,67,237
2204,2020,4,15
2205,2020,0,13
2206,2020,1,2
2207,2020,0,24
2208,2020,0,19
2253,2020,0,22
2254,2020,2,20
2255,2020,0,4
2256,2020,1,1
2257,2020,2,11
2258,2020,0,4
2259,2020,1,13
2260,2020,0,4
2261,2020,0,2
2262,2020,1,7
2264,2020,0,1
2266,2020,0,9
2267,2020,0,3
2268,2020,6,27
2269,2020,9,53
2270,2020,0,18
2271,2020,5,39
2272,2020,1,12
2273,2020,4,31
2274,2020,57,171
2275,2020,4,17
2276,2020,4,14
2277,2020,1,7
2278,2020,6,40
2279,2020,3,108
2280,2020,10,72
2281,2020,1,11
2282,2020,14,68
2283,2020,10,22
2284,2020,40,234
2285,2020,167,458
2286,2020,3,21
2287,2020,2,12
2288,2020,2,7
2289,2020,0,4
2290,2020,1,6
2336,2020,9,96
2337,2020,7,67
2338,2020,4,13
2339,2020,9,81
2340,2020,2,33
2341,2020,1,9
2342,2020,1,19
2344,2020,2,7
2345,2020,0,1
2346,2020,1,15
2348,2020,3,19
2349,2020,0,6
2350,2020,2,3
2351,2020,0,3
2352,2020,29,172
2353,2020,18,82
2354,2020,0,16
2355,2020,6,22
2356,2020,1,6
2357,2020,31,116
2358,2020,27,164
2359,2020,8,58
2360,2020,46,226
2361,2020,3,32
2362,2020,4,12
2363,2020,48,121
2364,2020,8,24
2365,2020,1,17
2366,2020,6,33
2367,2020,3,9
2368,2020,0,3
2369,2020,0,7
2370,2020,4,16
2371,2020,1,24
2412,2020,4,61
2413,2020,0,4
2414,2020,4,167
2415,2020,2,23
2416,2020,2,10
2417,2020,55,158
2418,2020,0,7
2419,2020,3,23
2420,2020,0,6
2421,2020,0,166
2422,2020,0,8
2423,2020,8,22
2424,2020,68,84
2425,2020,1,9
2427,2020,16,81
2428,2020,0,1
2429,2020,0,2
2430,2020,22,171
2431,2020,2,7
2432,2020,2,5
2433,2020,6,32
2434,2020,1,25
2435,2020,2,12
2436,2020,3,9
2437,2020,5,39
2438,2020,33,75
2439,2020,10,25
2440,2020,50,76
2441,2020,34,98
2442,2020,10,28
2443,2020,1,24
2444,2020,5,8
2445,2020,0,4
2446,2020,0,3
2447,2020,3,11
2448,2020,1,16
2489,2020,0,31
2490,2020,0,3
2491,2020,0,3
2492,2020,2,13
2493,2020,1,20
2494,2020,2,23
2495,2020,0,5
2496,2020,3,21
2497,2020,0,4
2498,2020,0,9
2499,2020,0,5
2501,2020,2,19
2502,2020,24,85
2503,2020,1,2
2504,2020,2,4
2505,2020,1,2
2506,2020,1,4
2508,2020,9,105
2509,2020,1,15
2510,2020,37,183
2511,2020,53,260
2512,2020,2,17
2513,2020,5,31
2514,2020,0,22
2515,2020,21,57
2516,2020,4,28
2517,2020,0,3
2518,2020,1,5
2519,2020,0,6
2520,2020,1,5
2522,2020,4,6
2523,2020,0,2
2524,2020,33,91
2563,2020,0,97
2564,2020,1,45
2565,2020,0,8
2569,2020,0,6
2570,2020,0,2
2571,2020,0,7
2572,2020,4,45
2573,2020,3,21
2574,2020,0,1
2575,2020,0,14
2577,2020,17,56
2578,2020,1,6
2579,2020,0,2
2580,2020,0,1
2581,2020,0,15
2582,2020,4,31
2583,2020,21,100
2584,2020,2,9
2585,2020,3,16
2586,2020,1,12
2587,2020,1,21
2588,2020,21,45
2589,2020,1,10
2590,2020,4,8
2591,2020,6,13
2592,2020,3,25
2593,2020,11,69
2594,2020,372,391
2595,2020,3,10
2596,2020,0,6
2597,2020,39,103
2598,2020,4,15
2636,2020,1,23
2640,2020,0,4
2642,2020,0,2
2643,2020,0,14
2644,2020,3,27
2645,2020,11,40
2649,2020,0,1
2650,2020,11,35
2651,2020,2,5
2652,2020,1,4
2653,2020,2,7
2654,2020,0,5
2655,2020,2,13
2656,2020,4,28
2657,2020,1,13
2658,2020,3,24
2659,2020,57,247
2660,2020,70,234
2661,2020,43,184
2662,2020,1,7
2663,2020,2,7
2664,2020,2,8
2665,2020,0,3
2666,2020,1,70
2667,2020,1,3
2669,2020,6,33
2706,2020,0,1
2708,2020,1,4
2709,2020,8,25
2710,2020,0,4
2711,2020,0,3
2712,2020,0,3
2713,2020,1,5
2714,2020,0,7
2715,2020,0,2
2716,2020,0,3
2717,2020,1,1
2718,2020,6,43
2720,2020,0,1
2721,2020,2,2
2722,2020,0,1
2723,2020,2,7
2724,2020,4,22
2725,2020,0,4
2726,2020,0,5
2727,2020,16,36
2728,2020,55,153
2729,2020,21,56
2730,2020,1,10
2731,2020,2,6
2732,2020,2,8
2733,2020,3,20
2734,2020,0,1
2736,2020,4,16
2737,2020,7,22
2772,2020,0,74
2773,2020,0,6
2774,2020,2,2
2775,2020,0,4
2776,2020,0,6
2777,2020,0,5
2778,2020,0,3
2780,2020,0,1
2782,2020,0,4
2784,2020,4,18
2785,2020,1,9
2786,2020,21,57
2787,2020,2,14
2788,2020,0,2
2789,2020,5,23
2790,2020,23,123
2791,2020,1,4
2792,2020,1,2
2793,2020,0,1
2794,2020,1,11
2795,2020,1,6
2796,2020,5,19
2797,2020,0,1
2799,2020,1,1
2800,2020,0,1
2801,2020,0,2
2802,2020,5,49
2803,2020,45,84
2836,2020,0,336
2838,2020,0,6
2839,2020,3,14
2840,2020,0,3
2841,2020,0,2
2842,2020,3,11
2844,2020,1,20
2847,2020,0,1
2849,2020,3,11
2850,2020,0,12
2851,2020,0,1
2852,2020,1,5
2853,2020,2,21
2854,2020,0,2
2855,2020,0,1
2856,2020,2,9
2857,2020,31,59
2858,2020,2,8
2859,2020,0,5
2860,2020,0,3
2863,2020,0,4
2864,2020,0,3
2865,2020,5,39
2866,2020,4,25
2896,2020,0,1477
2897,2020,1,518
2898,2020,1,15
2899,2020,2,33
2900,2020,2,15
2901,2020,5,10
2902,2020,0,1
2904,2020,0,1
2905,2020,0,10
2906,2020,0,2
2909,2020,0,1
2910,2020,0,1
2912,2020,0,1
2913,2020,10,19
2914,2020,6,20
2915,2020,0,2
2916,2020,6,25
2917,2020,0,33
2918,2020,3,7
2919,2020,3,6
2920,2020,1,2
2922,2020,0,1
2923,2020,0,1
2924,2020,0,5
2925,2020,3,7
2926,2020,11,48
2953,2020,0,63
2956,2020,1,44
2957,2020,22,89
2958,2020,7,23
2959,2020,4,8
2960,2020,4,17
2962,2020,1,10
2963,2020,0,4
2965,2020,0,2
2966,2020,0,5
2967,2020,12,41
2969,2020,1,10
2970,2020,0,6
2972,2020,0,2
2975,2020,8,46
2976,2020,0,13
2977,2020,0,5
2978,2020,0,3
2979,2020,0,3
2980,2020,0,5
2981,2020,1,3
2982,2020,2,2
2983,2020,3,9
2984,2020,0,16
3007,2020,3,42
3008,2020,1,10
3009,2020,0,29
3010,2020,1,7
3013,2020,0,1
3015,2020,0,1
3016,2020,1,13
3017,2020,0,7
3019,2020,0,6
3020,2020,7,22
3021,2020,0,2
3022,2020,0,3
3023,2020,2,6
3024,2020,0,6
3025,2020,0,6
3026,2020,4,9
3027,2020,1,8
3028,2020,0,1
3030,2020,1,4
3031,2020,0,3
3034,2020,1,16
3035,2020,3,29
3054,2020,3,19
3055,2020,1,7
3056,2020,3,11
3057,2020,115,283
3058,2020,14,120
3059,2020,1,6
3061,2020,0,5
3062,2020,3,14
3063,2020,0,3
3064,2020,4,26
3065,2020,2,6
3067,2020,0,3
3068,2020,80,180
3069,2020,1,5
3071,2020,1,2
3072,2020,0,1
3074,2020,2,2
3075,2020,1,4
3076,2020,0,4
3077,2020,1,11
3078,2020,1,17
3079,2020,9,16
3081,2020,1,16
3082,2020,0,13
3083,2020,3,30
3099,2020,0,148
3102,2020,0,11
3103,2020,2,39
3104,2020,2,18
3105,2020,4,32
3106,2020,2,8
3107,2020,2,11
3108,2020,1,3
3109,2020,1,11
3110,2020,0,3
3111,2020,0,24
3112,2020,1,5
3113,2020,1,12
3114,2020,0,4
3115,2020,0,3
3116,2020,0,2
3117,2020,7,29
3118,2020,3,10
3119,2020,10,20
3120,2020,5,25
3121,2020,3,10
3123,2020,0,2
3124,2020,17,63
3125,2020,5,39
3126,2020,0,2
3127,2020,1,12
3128,2020,3,16
3129,2020,9,42
3130,2020,24,108
3145,2020,0,965
3147,2020,1,242
3148,2020,1,27
3149,2020,7,95
3150,2020,0,20
3151,2020,2,33
3152,2020,1,1
3153,2020,0,7
3154,2020,0,3
3155,2020,1,9
3156,2020,0,13
3157,2020,73,219
3158,2020,12,44
3159,2020,13,44
3160,2020,6,33
3161,2020,3,12
3162,2020,69,149
3163,2020,5,17
3164,2020,14,98
3165,2020,4,30
3166,2020,3,16
3167,2020,8,23
3168,2020,1,25
3170,2020,7,18
3171,2020,2,47
3172,2020,0,1
3173,2020,0,7
3174,2020,117,499
3175,2020,4,45
3176,2020,5,26
3177,2020,3,24
3191,2020,0,481
3192,2020,0,633
3194,2020,3,92
3195,2020,6,94
3196,2020,97,601
3197,2020,20,83
3198,2020,9,25
3199,2020,2,9
3200,2020,8,31
3201,2020,1,10
3202,2020,0,4
3203,2020,2,18
3205,2020,1,11
3206,2020,42,74
3207,2020,5,32
3210,2020,0,6
3211,2020,0,1
3213,2020,1,24
3214,2020,3,10
3215,2020,3,25
3216,2020,1,24
3217,2020,14,48
3228,2020,1,1406
3230,2020,0,79
3232,2020,0,47
3233,2020,52,242
3234,2020,233,678
3235,2020,94,321
3236,2020,0,15
3237,2020,0,6
3242,2020,4,12
3243,2020,4,14
3244,2020,1,9
3247,2020,4,16
3248,2020,4,33
3249,2020,22,102
3250,2020,112,300
3251,2020,5,52
3264,2020,0,12
3265,2020,0,7
3266,2020,20,116
3267,2020,3,41
3272,2020,0,1
3275,2020,7,67
3276,2020,17,58
3277,2020,35,109
3278,2020,11,57
3279,2020,18,50
3289,2020,0,34
3291,2020,2,68
3292,2020,89,258
3293,2020,279,386
3294,2020,41,120
3295,2020,3,37
3296,2020,2,38
3297,2020,20,72
3308,2020,18,76
3309,2020,32,169
3310,2020,1,5
3311,2020,1,34
3312,2020,2,8
3313,2020,9,60
3314,2020,6,20
3323,2020,7,57
3324,2020,1,21
3325,2020,0,7
3326,2020,4,21
3327,2020,39,119
3334,2020,27,188
3335,2020,18,106
3336,2020,0,3
3337,2020,19,40
3338,2020,110,238
3344,2020,5,41
3345,2020,1,14
3346,2020,26,72
3347,2020,192,485
3354,2020,4,25
3355,2020,3,14
3361,2020,1,2
3362,2020,1,3
144,2021,0,7
147,2021,0,2
190,2021,1,20
197,2021,0,4
202,2021,1,27
207,2021,0,3
255,2021,2,48
256,2021,0,1
257,2021,1,4
263,2021,0,65
266,2021,0,66
271,2021,0,17
272,2021,2,7
274,2021,0,10
275,2021,11,136
319,2021,0,5
320,2021,0,7
322,2021,5,32
323,2021,0,1
325,2021,0,6
326,2021,0,20
327,2021,0,92
329,2021,2,12
336,2021,5,56
337,2021,26,91
338,2021,0,11
374,2021,0,3
380,2021,0,3
381,2021,0,2
383,2021,0,2
385,2021,2,40
386,2021,3,13
387,2021,0,4
388,2021,0,6
389,2021,0,102
390,2021,0,25
391,2021,0,38
395,2021,2,15
396,2021,0,8
398,2021,0,5
400,2021,0,25
401,2021,43,324
402,2021,4,51
403,2021,0,40
406,2021,3,19
407,2021,1,32
408,2021,9,99
409,2021,2,164
410,2021,10,208
452,2021,1,2
455,2021,11,46
456,2021,2,28
457,2021,0,6
458,2021,0,10
459,2021,5,30
460,2021,0,8
461,2021,0,10
462,2021,19,145
463,2021,1,9
464,2021,0,26
465,2021,0,11
469,2021,4,52
470,2021,0,27
472,2021,0,10
474,2021,0,25
475,2021,6,145
476,2021,24,93
477,2021,2,17
478,2021,10,65
479,2021,7,182
480,2021,5,74
481,2021,0,49
482,2021,1,52
483,2021,0,16
484,2021,6,71
485,2021,3,119
532,2021,1,12
533,2021,0,1
534,2021,0,4
535,2021,5,81
536,2021,1,1
537,2021,0,21
538,2021,0,10
539,2021,1,25
540,2021,0,19
541,2021,0,5
542,2021,2,35
543,2021,0,12
546,2021,2,6
547,2021,0,6
548,2021,0,4
549,2021,3,24
550,2021,0,13
552,2021,11,88
553,2021,4,25
554,2021,1,59
555,2021,15,127
556,2021,56,513
557,2021,6,454
558,2021,0,57
559,2021,2,60
560,2021,4,37
561,2021,61,284
562,2021,1,29
609,2021,6,9
610,2021,2,8
611,2021,1,12
612,2021,2,10
613,2021,1,2
614,2021,1,35
615,2021,1,14
616,2021,0,9
618,2021,0,4
619,2021,2,23
620,2021,0,11
621,2021,0,5
622,2021,0,2
623,2021,0,5
625,2021,1,3
626,2021,29,114
627,2021,0,17
628,2021,0,5
629,2021,1,5
630,2021,73,452
631,2021,1,45
632,2021,3,101
633,2021,0,50
634,2021,0,28
635,2021,31,230
636,2021,13,265
637,2021,29,297
638,2021,10,62
639,2021,2,56
640,2021,9,74
688,2021,0,4
689,2021,0,4
690,2021,5,49
691,2021,28,246
692,2021,10,188
693,2021,2,23
694,2021,0,5
695,2021,0,1
696,2021,0,1
697,2021,1,7
698,2021,0,4
699,2021,2,17
700,2021,0,3
701,2021,3,36
703,2021,6,69
704,2021,2,11
705,2021,3,19
706,2021,1,5
707,2021,0,5
708,2021,1,12
709,2021,2,20
710,2021,0,10
711,2021,0,7
712,2021,1,16
713,2021,7,85
714,2021,66,250
715,2021,18,157
716,2021,9,126
717,2021,52,588
718,2021,0,62
766,2021,0,2
767,2021,0,1
768,2021,1,9
769,2021,325,1377
770,2021,71,463
771,2021,4,26
772,2021,7,34
773,2021,0,1
774,2021,0,3
775,2021,19,103
776,2021,0,4
777,2021,0,3
778,2021,14,46
779,2021,0,2
780,2021,0,13
781,2021,6,33
782,2021,0,3
783,2021,7,25
784,2021,0,8
785,2021,3,23
787,2021,7,22
788,2021,1,10
789,2021,3,28
790,2021,0,10
791,2021,0,10
792,2021,9,63
793,2021,2,90
794,2021,16,249
795,2021,31,330
796,2021,688,2580
797,2021,20,198
846,2021,0,2
847,2021,0,17
848,2021,9,68
849,2021,11,79
850,2021,2,30
851,2021,1,1
852,2021,0,13
854,2021,4,25
855,2021,0,13
856,2021,5,78
857,2021,4,24
859,2021,0,26
860,2021,0,4
861,2021,0,2
862,2021,1,8
863,2021,0,3
865,2021,1,6
867,2021,28,189
868,2021,1,27
869,2021,6,32
870,2021,47,236
871,2021,10,42
872,2021,100,515
873,2021,6,41
874,2021,1,8
875,2021,1,32
876,2021,36,190
877,2021,1,86
878,2021,36,300
879,2021,47,274
880,2021,282,1071
881,2021,42,346
882,2021,12,278
883,2021,0,26
931,2021,0,2
932,2021,0,2
933,2021,0,4
934,2021,14,26
935,2021,4,14
936,2021,1,7
937,2021,2,40
938,2021,1,12
939,2021,17,58
940,2021,2,21
941,2021,0,14
942,2021,1,16
943,2021,2,22
944,2021,2,28
945,2021,2,8
946,2021,0,5
947,2021,3,18
948,2021,6,79
949,2021,2,79
952,2021,0,5
953,2021,33,229
954,2021,29,311
955,2021,17,37
956,2021,4,36
957,2021,6,29
958,2021,32,320
959,2021,0,7
960,2021,2,12
961,2021,1,25
962,2021,15,144
963,2021,6,110
964,2021,32,211
965,2021,13,125
966,2021,37,213
967,2021,14,136
968,2021,17,146
969,2021,0,22
1021,2021,1,10
1022,2021,0,1
1023,2021,0,6
1024,2021,6,23
1025,2021,0,5
1026,2021,0,5
1027,2021,3,64
1028,2021,1,36
1029,2021,26,122
1030,2021,132,216
1032,2021,18,42
1033,2021,10,135
1034,2021,0,52
1035,2021,6,37
1036,2021,1,52
1037,2021,11,108
1038,2021,5,43
1039,2021,2,34
1040,2021,2,31
1041,2021,0,10
1042,2021,0,3
1043,2021,4,53
1044,2021,0,74
1045,2021,9,79
1046,2021,0,104
1047,2021,0,54
1048,2021,27,183
1049,2021,4,94
1050,2021,41,279
1051,2021,8,117
1052,2021,2,66
1104,2021,1,3
1105,2021,5,19
1106,2021,0,3
1107,2021,0,1
1108,2021,1,17
1109,2021,0,6
1110,2021,4,46
1111,2021,50,382
1112,2021,9,72
1113,2021,133,342
1114,2021,6,70
1115,2021,5,131
1116,2021,2,79
1117,2021,14,198
1118,2021,25,245
1119,2021,63,449
1120,2021,2,18
1122,2021,2,84
1123,2021,2,60
1124,2021,0,54
1125,2021,1,12
1126,2021,0,9
1127,2021,2,17
1128,2021,0,3
1129,2021,3,56
1130,2021,1,38
1131,2021,3,54
1132,2021,23,213
1133,2021,44,434
1134,2021,25,193
1135,2021,2,66
1136,2021,0,7
1183,2021,0,24
1189,2021,0,1
1190,2021,0,39
1191,2021,0,2
1193,2021,4,21
1194,2021,0,6
1195,2021,14,96
1196,2021,4,42
1197,2021,15,173
1198,2021,1,18
1199,2021,45,395
1200,2021,4,20
1201,2021,0,16
1202,2021,21,403
1203,2021,4,75
1204,2021,7,75
1205,2021,0,30
1206,2021,0,66
1207,2021,0,20
1208,2021,0,27
1209,2021,1,46
1210,2021,0,12
1211,2021,1,15
1212,2021,4,48
1213,2021,6,50
1214,2021,11,125
1215,2021,12,195
1216,2021,661,1440
1217,2021,944,2049
1218,2021,9,104
1270,2021,1,128
1273,2021,3,71
1275,2021,1,18
1276,2021,3,31
1277,2021,5,95
1278,2021,15,115
1279,2021,73,638
1280,2021,465,1499
1281,2021,1,12
1282,2021,0,69
1283,2021,1,8
1284,2021,1,8
1285,2021,1,5
1286,2021,1,98
1287,2021,0,134
1288,2021,3,67
1289,2021,17,177
1290,2021,54,780
1291,2021,1,40
1292,2021,9,73
1293,2021,4,49
1294,2021,6,17
1295,2021,7,30
1296,2021,255,566
1297,2021,1,14
1298,2021,2,24
1299,2021,2,30
1300,2021,48,134
1301,2021,24,195
1302,2021,240,901
1303,2021,18,100
1355,2021,0,157
1358,2021,19,75
1359,2021,0,5
1360,2021,3,62
1361,2021,0,7
1362,2021,0,8
1363,2021,2,20
1364,2021,24,231
1365,2021,5,139
1366,2021,1,61
1367,2021,0,9
1368,2021,4,29
1369,2021,2,58
1370,2021,1,2
1371,2021,7,34
1372,2021,0,17
1373,2021,2,11
1374,2021,19,111
1375,2021,73,552
1376,2021,12,83
1377,2021,5,63
1378,2021,28,238
1379,2021,10,50
1380,2021,1,16
1381,2021,8,42
1382,2021,2,8
1383,2021,18,87
1384,2021,8,78
1385,2021,31,178
1386,2021,398,1534
1387,2021,23,98
1388,2021,19,87
1391,2021,18,617
1392,2021,13,748
1435,2021,9,188
1436,2021,0,1
1439,2021,0,7
1443,2021,0,3
1444,2021,1,8
1445,2021,0,13
1446,2021,1,10
1447,2021,0,14
1448,2021,3,21
1449,2021,11,38
1450,2021,0,2
1452,2021,0,14
1453,2021,2,43
1454,2021,0,7
1455,2021,0,12
1456,2021,0,18
1457,2021,1,13
1458,2021,2,120
1459,2021,0,18
1460,2021,1,5
1461,2021,4,123
1462,2021,86,530
1463,2021,16,103
1464,2021,8,36
1465,2021,1,9
1466,2021,2,31
1467,2021,11,69
1468,2021,13,91
1469,2021,40,280
1470,2021,24,176
1471,2021,47,156
1472,2021,1,14
1473,2021,22,1573
1476,2021,0,48
1519,2021,2,13
1524,2021,0,2
1526,2021,0,2
1527,2021,3,7
1528,2021,0,4
1529,2021,3,15
1530,2021,3,41
1531,2021,1,32
1532,2021,0,3
1534,2021,102,267
1535,2021,0,12
1536,2021,1,5
1537,2021,7,15
1538,2021,4,43
1539,2021,4,30
1540,2021,0,3
1541,2021,86,402
1542,2021,1,25
1543,2021,1,7
1544,2021,1,4
1545,2021,1,46
1546,2021,5,65
1547,2021,4,52
1548,2021,4,45
1549,2021,1,31
1550,2021,26,149
1551,2021,36,240
1552,2021,221,946
1553,2021,2,48
1554,2021,7,91
1555,2021,20,144
1556,2021,164,1307
1557,2021,142,1844
1559,2021,1,15
1608,2021,0,1
1610,2021,0,4
1611,2021,0,3
1612,2021,0,19
1614,2021,1,12
1615,2021,60,274
1616,2021,1,44
1617,2021,2,25
1618,2021,0,121
1619,2021,4,182
1620,2021,3,18
1621,2021,2,64
1622,2021,23,105
1623,2021,1,46
1624,2021,10,67
1625,2021,3,21
1626,2021,1,17
1627,2021,3,7
1629,2021,5,69
1630,2021,3,60
1631,2021,0,2
1632,2021,7,38
1633,2021,29,200
1634,2021,866,3318
1635,2021,77,474
1636,2021,8,78
1637,2021,30,143
1638,2021,11,126
1640,2021,217,2072
1687,2021,0,6
1692,2021,0,1
1693,2021,0,5
1695,2021,0,5
1696,2021,7,47
1697,2021,0,16
1698,2021,0,3
1700,2021,4,16
1701,2021,0,36
1702,2021,3,128
1703,2021,0,7
1704,2021,29,189
1705,2021,39,221
1706,2021,1,8
1707,2021,4,15
1708,2021,1,12
1709,2021,11,68
1710,2021,1,8
1711,2021,3,45
1712,2021,15,51
1713,2021,0,55
1714,2021,0,8
1715,2021,4,89
1716,2021,23,112
1717,2021,59,414
1718,2021,5,86
1719,2021,3,141
1720,2021,6,44
1721,2021,0,135
1722,2021,53,1686
1768,2021,0,2
1769,2021,4,37
1770,2021,0,6
1772,2021,0,6
1773,2021,0,1
1774,2021,0,1
1777,2021,0,3
1779,2021,1,2
1780,2021,11,121
1781,2021,0,5
1782,2021,2,9
1783,2021,4,106
1784,2021,3,33
1785,2021,0,1
1786,2021,15,59
1787,2021,49,211
1788,2021,0,2
1789,2021,0,25
1790,2021,0,4
1791,2021,0,6
1792,2021,1,9
1793,2021,2,30
1794,2021,0,1
1795,2021,3,52
1796,2021,5,42
1797,2021,9,76
1798,2021,15,87
1799,2021,44,132
1800,2021,12,130
1801,2021,2,40
1802,2021,2,12
1803,2021,3,147
1848,2021,0,47
1850,2021,36,116
1851,2021,21,118
1852,2021,5,27
1853,2021,0,23
1855,2021,27,264
1856,2021,0,8
1857,2021,2,11
1858,2021,15,52
1859,2021,7,42
1860,2021,1,5
1861,2021,1,2
1862,2021,1,4
1863,2021,2,3
1865,2021,3,22
1867,2021,1,18
1868,2021,0,6
1869,2021,0,4
1871,2021,0,2
1872,2021,3,23
1873,2021,1,8
1874,2021,8,24
1875,2021,0,16
1876,2021,0,12
1877,2021,1,7
1878,2021,1,28
1879,2021,20,84
1880,2021,2,47
1881,2021,112,335
1882,2021,0,14
1883,2021,4,30
1884,2021,1,11
1929,2021,0,8
1931,2021,5,14
1932,2021,3,21
1933,2021,3,9
1934,2021,1,14
1935,2021,0,2
1936,2021,4,40
1937,2021,4,30
1938,2021,0,1
1939,2021,13,133
1940,2021,52,269
1941,2021,1,6
1942,2021,0,1
1943,2021,0,4
1944,2021,1,2
1946,2021,1,6
1947,2021,2,8
1948,2021,168,288
1949,2021,2,19
1950,2021,16,142
1951,2021,0,2
1952,2021,3,11
1953,2021,0,1
1954,2021,0,4
1955,2021,0,1
1956,2021,1,32
1957,2021,1,43
1958,2021,1,14
1959,2021,8,62
1960,2021,0,10
1961,2021,12,63
1962,2021,21,122
1963,2021,6,38
1964,2021,41,179
1965,2021,34,83
2010,2021,1,2
2013,2021,0,1
2015,2021,0,4
2016,2021,0,7
2017,2021,2,11
2018,2021,1,8
2019,2021,0,7
2020,2021,0,7
2021,2021,5,49
2022,2021,0,6
2023,2021,1,10
2024,2021,0,2
2025,2021,1,5
2026,2021,15,50
2027,2021,3,10
2028,2021,1,3
2029,2021,8,14
2030,2021,2,5
2031,2021,9,44
2032,2021,3,9
2033,2021,0,4
2034,2021,0,5
2035,2021,1,9
2037,2021,0,10
2038,2021,67,222
2039,2021,11,65
2040,2021,2,14
2041,2021,0,1
2042,2021,1,11
2043,2021,0,3
2044,2021,0,8
2045,2021,2,26
2046,2021,9,78
2089,2021,0,53
2095,2021,0,1
2096,2021,1,4
2097,2021,0,4
2099,2021,1,12
2100,2021,0,3
2101,2021,1,2
2102,2021,1,15
2103,2021,32,112
2104,2021,0,2
2105,2021,0,1
2106,2021,1,8
2107,2021,0,3
2108,2021,1,10
2110,2021,0,3
2111,2021,0,6
2112,2021,3,8
2113,2021,1,4
2114,2021,1,6
2115,2021,0,4
2116,2021,74,187
2117,2021,0,27
2118,2021,1,16
2119,2021,4,15
2120,2021,2,13
2121,2021,0,5
2122,2021,1,8
2123,2021,1,6
2124,2021,0,1
2126,2021,1,8
2127,2021,10,79
2174,2021,0,12
2175,2021,0,9
2176,2021,0,8
2177,2021,5,25
2179,2021,0,9
2180,2021,1,11
2181,2021,1,8
2182,2021,1,8
2183,2021,2,6
2184,2021,0,8
2185,2021,0,9
2186,2021,20,66
2187,2021,1,8
2188,2021,0,2
2189,2021,46,62
2190,2021,0,9
2191,2021,0,7
2192,2021,1,6
2193,2021,2,3
2194,2021,1,6
2195,2021,0,8
2196,2021,32,230
2197,2021,4,82
2198,2021,1,47
2199,2021,4,13
2200,2021,16,50
2201,2021,41,84
2202,2021,114,493
2203,2021,55,253
2204,2021,2,7
2205,2021,1,9
2206,2021,0,15
2207,2021,0,39
2208,2021,1,34
2253,2021,1,39
2254,2021,1,21
2256,2021,11,15
2257,2021,1,21
2258,2021,2,3
2259,2021,2,17
2260,2021,0,1
2262,2021,0,2
2264,2021,0,3
2266,2021,1,18
2267,2021,0,1
2268,2021,8,27
2269,2021,16,46
2270,2021,0,9
2271,2021,6,33
2272,2021,0,6
2273,2021,0,6
2274,2021,30,407
2275,2021,5,16
2276,2021,8,28
2277,2021,0,9
2278,2021,8,64
2279,2021,4,81
2280,2021,21,107
2281,2021,5,14
2282,2021,23,46
2283,2021,27,61
2284,2021,27,274
2285,2021,248,586
2286,2021,5,22
2287,2021,9,26
2288,2021,4,16
2289,2021,0,1
2290,2021,1,17
2336,2021,8,77
2337,2021,2,12
2338,2021,0,8
2339,2021,16,72
2340,2021,4,25
2341,2021,2,15
2342,2021,1,13
2344,2021,0,13
2345,2021,0,3
2346,2021,21,136
2348,2021,3,23
2349,2021,2,16
2350,2021,2,9
2351,2021,0,9
2352,2021,52,176
2353,2021,23,109
2354,2021,1,9
2355,2021,0,16
2356,2021,2,17
2357,2021,26,116
2358,2021,69,287
2359,2021,22,111
2360,2021,74,237
2361,2021,3,29
2362,2021,5,8
2363,2021,83,211
2364,2021,27,77
2365,2021,2,12
2366,2021,3,33
2367,2021,10,20
2368,2021,0,4
2369,2021,0,4
2370,2021,3,13
2371,2021,5,36
2412,2021,0,71
2413,2021,0,13
2414,2021,5,146
2415,2021,1,14
2416,2021,2,14
2417,2021,52,130
2418,2021,3,10
2419,2021,0,24
2420,2021,0,13
2421,2021,0,6
2422,2021,1,3
2423,2021,0,14
2424,2021,43,69
2425,2021,0,3
2427,2021,2,26
2428,2021,1,2
2429,2021,0,5
2430,2021,4,51
2431,2021,2,16
2432,2021,0,10
2433,2021,1,14
2434,2021,5,28
2435,2021,2,4
2436,2021,1,11
2437,2021,10,70
2438,2021,25,85
2439,2021,8,25
2440,2021,97,115
2441,2021,29,140
2442,2021,11,37
2443,2021,4,32
2444,2021,17,31
2445,2021,0,14
2446,2021,0,4
2447,2021,1,10
2448,2021,1,13
2489,2021,0,21
2490,2021,0,1
2491,2021,0,9
2492,2021,1,8
2493,2021,7,31
2494,2021,0,216
2495,2021,0,18
2496,2021,1,21
2497,2021,1,8
2498,2021,1,20
2499,2021,0,8
2501,2021,0,5
2502,2021,18,90
2503,2021,1,3
2504,2021,1,1
2505,2021,1,4
2506,2021,0,2
2508,2021,6,46
2509,2021,2,21
2510,2021,19,187
2511,2021,105,219
2512,2021,1,11
2513,2021,4,33
2514,2021,3,31
2515,2021,25,91
2516,2021,15,49
2517,2021,1,6
2518,2021,0,5
2519,2021,0,1
2520,2021,2,4
2521,2021,1,1
2522,2021,0,5
2523,2021,0,6
2524,2021,17,78
2563,2021,0,95
2564,2021,4,48
2565,2021,0,3
2569,2021,0,8
2570,2021,0,3
2571,2021,0,9
2572,2021,9,60
2573,2021,4,37
2574,2021,0,15
2575,2021,0,17
2577,2021,7,59
2578,2021,0,1
2579,2021,3,11
2580,2021,2,6
2581,2021,8,21
2582,2021,7,39
2583,2021,45,162
2584,2021,0,12
2585,2021,1,14
2586,2021,4,12
2587,2021,25,59
2588,2021,18,47
2589,2021,3,8
2590,2021,13,44
2591,2021,2,14
2592,2021,4,25
2593,2021,22,78
2594,2021,109,132
2595,2021,3,10
2596,2021,1,6
2597,2021,17,40
2598,2021,2,26
2636,2021,0,13
2640,2021,0,7
2641,2021,1,7
2642,2021,1,5
2643,2021,5,20
2644,2021,2,23
2645,2021,6,27
2647,2021,0,5
2649,2021,0,1
2650,2021,3,20
2651,2021,2,6
2652,2021,1,2
2653,2021,0,3
2654,2021,0,3
2655,2021,8,27
2656,2021,5,27
2658,2021,6,22
2659,2021,86,286
2660,2021,36,150
2661,2021,38,139
2662,2021,1,5
2663,2021,1,9
2664,2021,2,8
2665,2021,1,21
2666,2021,26,157
2667,2021,3,12
2669,2021,4,47
2706,2021,3,8
2708,2021,0,4
2709,2021,5,13
2711,2021,0,27
2712,2021,1,10
2713,2021,0,6
2714,2021,1,12
2715,2021,0,3
2716,2021,0,3
2717,2021,0,2
2718,2021,3,45
2722,2021,0,2
2723,2021,0,5
2724,2021,3,34
2725,2021,1,12
2726,2021,1,5
2727,2021,5,34
2728,2021,68,206
2729,2021,23,77
2730,2021,2,12
2731,2021,1,5
2732,2021,3,12
2733,2021,8,31
2736,2021,16,40
2737,2021,51,79
2772,2021,0,81
2773,2021,0,32
2774,2021,1,1
2775,2021,0,9
2776,2021,1,5
2777,2021,1,12
2778,2021,0,6
2780,2021,0,4
2782,2021,1,6
2784,2021,1,4
2785,2021,0,4
2786,2021,20,34
2787,2021,0,5
2788,2021,0,2
2789,2021,4,18
2790,2021,41,152
2791,2021,0,6
2792,2021,1,3
2793,2021,1,2
2794,2021,2,10
2795,2021,2,7
2796,2021,0,15
2797,2021,0,3
2799,2021,1,1
2800,2021,0,2
2801,2021,0,1
2802,2021,14,77
2803,2021,74,153
2836,2021,0,295
2838,2021,0,10
2839,2021,1,4
2840,2021,2,6
2841,2021,1,10
2842,2021,3,13
2844,2021,0,29
2846,2021,0,4
2847,2021,0,2
2849,2021,0,3
2850,2021,0,6
2851,2021,0,5
2852,2021,0,10
2853,2021,0,11
2854,2021,1,4
2855,2021,1,1
2856,2021,5,11
2857,2021,66,99
2858,2021,3,21
2859,2021,1,4
2860,2021,4,6
2862,2021,0,1
2863,2021,1,9
2864,2021,2,8
2865,2021,11,75
2866,2021,6,30
2896,2021,0,1665
2897,2021,0,619
2898,2021,0,25
2899,2021,1,35
2900,2021,1,8
2901,2021,2,8
2902,2021,0,5
2903,2021,0,3
2904,2021,1,3
2905,2021,2,27
2906,2021,2,5
2909,2021,0,6
2910,2021,0,2
2912,2021,1,5
2913,2021,1,5
2914,2021,0,16
2915,2021,2,2
2916,2021,14,40
2917,2021,98,167
2918,2021,2,12
2919,2021,6,15
2920,2021,0,1
2923,2021,2,3
2924,2021,4,13
2925,2021,0,4
2926,2021,64,153
2953,2021,1,92
2956,2021,1,33
2957,2021,16,109
2958,2021,2,21
2959,2021,1,13
2960,2021,9,22
2961,2021,0,1
2962,2021,1,6
2963,2021,1,22
2965,2021,1,19
2966,2021,0,2
2967,2021,7,29
2969,2021,1,9
2970,2021,0,4
2971,2021,0,3
2972,2021,0,4
2975,2021,10,37
2976,2021,1,9
2977,2021,1,7
2978,2021,0,9
2979,2021,0,1
2980,2021,0,2
2981,2021,1,1
2982,2021,0,1
2983,2021,1,6
2984,2021,0,21
3007,2021,0,49
3008,2021,2,23
3009,2021,0,16
3010,2021,0,7
3012,2021,1,2
3013,2021,0,3
3015,2021,1,2
3016,2021,0,4
3017,2021,1,2
3019,2021,0,9
3020,2021,1,5
3021,2021,1,3
3022,2021,1,2
3024,2021,1,6
3026,2021,3,12
3027,2021,0,1
3028,2021,0,3
3029,2021,0,8
3030,2021,1,2
3031,2021,0,2
3033,2021,2,6
3034,2021,5,19
3035,2021,2,37
3054,2021,6,28
3055,2021,0,29
3056,2021,0,12
3057,2021,26,100
3058,2021,7,94
3059,2021,1,4
3061,2021,0,6
3062,2021,0,4
3063,2021,0,1
3064,2021,1,20
3065,2021,0,3
3067,2021,0,10
3068,2021,39,160
3069,2021,0,1
3071,2021,0,3
3072,2021,0,1
3073,2021,1,10
3074,2021,0,2
3075,2021,0,3
3076,2021,0,7
3077,2021,2,14
3078,2021,0,12
3079,2021,3,5
3081,2021,4,27
3082,2021,2,19
3083,2021,8,64
3099,2021,1,110
3102,2021,0,9
3103,2021,3,32
3104,2021,1,8
3105,2021,1,48
3106,2021,3,18
3107,2021,0,5
3108,2021,0,6
3109,2021,2,29
3111,2021,0,12
3112,2021,0,3
3113,2021,0,2
3114,2021,2,4
3115,2021,3,6
3116,2021,1,4
3117,2021,2,12
3118,2021,2,5
3119,2021,16,30
3120,2021,8,32
3121,2021,1,11
3123,2021,0,5
3124,2021,103,189
3125,2021,10,47
3126,2021,1,4
3127,2021,2,9
3128,2021,0,5
3129,2021,9,46
3130,2021,31,106
3145,2021,0,1116
3147,2021,1,667
3148,2021,1,38
3149,2021,6,69
3150,2021,5,26
3151,2021,3,33
3152,2021,3,4
3153,2021,1,2
3154,2021,0,4
3155,2021,0,8
3156,2021,0,7
3157,2021,191,458
3158,2021,28,149
3159,2021,14,45
3160,2021,19,103
3161,2021,1,44
3162,2021,16,90
3163,2021,3,27
3164,2021,24,125
3165,2021,9,31
3166,2021,6,25
3167,2021,5,31
3168,2021,5,28
3169,2021,1,3
3170,2021,7,17
3171,2021,1,55
3172,2021,0,1
3173,2021,0,15
3174,2021,215,784
3175,2021,7,145
3176,2021,7,45
3177,2021,8,26
3191,2021,0,361
3192,2021,0,844
3194,2021,2,57
3195,2021,6,55
3196,2021,101,442
3197,2021,12,48
3198,2021,2,14
3199,2021,4,12
3200,2021,2,17
3201,2021,0,12
3202,2021,0,4
3203,2021,2,35
3205,2021,0,4
3206,2021,35,91
3207,2021,3,42
3210,2021,2,10
3211,2021,0,3
3213,2021,1,17
3214,2021,2,24
3215,2021,5,44
3216,2021,5,35
3217,2021,16,62
3228,2021,2,1308
3230,2021,0,78
3232,2021,0,66
3233,2021,54,198
3234,2021,251,941
3235,2021,45,267
3236,2021,7,77
3237,2021,0,9
3242,2021,1,8
3243,2021,0,8
3244,2021,2,13
3247,2021,14,61
3248,2021,7,44
3249,2021,50,145
3250,2021,365,639
3251,2021,18,93
3264,2021,0,16
3265,2021,0,2
3266,2021,38,226
3267,2021,1,47
3272,2021,0,37
3275,2021,13,89
3276,2021,27,65
3277,2021,57,175
3278,2021,19,76
3279,2021,16,71
3289,2021,2,42
3291,2021,1,36
3292,2021,161,396
3293,2021,347,487
3294,2021,19,102
3295,2021,1,45
3296,2021,0,23
3297,2021,12,56
3308,2021,8,66
3309,2021,72,244
3310,2021,4,15
3311,2021,7,33
3312,2021,1,3
3313,2021,5,54
3314,2021,4,12
3323,2021,31,98
3324,2021,1,5
3325,2021,0,4
3326,2021,11,51
3327,2021,45,171
3334,2021,33,219
3335,2021,13,87
3336,2021,0,15
3337,2021,27,65
3338,2021,162,297
3344,2021,9,75
3345,2021,0,9
3346,2021,45,106
3347,2021,350,786
3354,2021,4,38
3355,2021,5,18
3361,2021,2,6
3362,2021,6,8
144,2022,0,3
190,2022,1,9
197,2022,1,7
202,2022,1,17
207,2022,0,2
255,2022,1,8
256,2022,1,1
257,2022,1,6
263,2022,0,57
266,2022,0,49
271,2022,1,64
272,2022,7,17
274,2022,1,9
275,2022,17,209
319,2022,0,7
320,2022,0,13
322,2022,8,47
323,2022,0,2
325,2022,0,8
326,2022,0,11
327,2022,0,154
329,2022,0,13
336,2022,2,81
337,2022,2,39
338,2022,0,34
374,2022,0,21
380,2022,0,4
383,2022,1,6
385,2022,1,33
386,2022,1,21
387,2022,0,5
388,2022,0,6
389,2022,0,109
390,2022,0,39
391,2022,0,45
395,2022,3,15
396,2022,0,4
398,2022,0,4
400,2022,0,30
401,2022,42,415
402,2022,9,96
403,2022,4,30
406,2022,2,24
407,2022,1,34
408,2022,5,82
409,2022,4,232
410,2022,4,192
452,2022,0,3
455,2022,13,66
456,2022,6,25
457,2022,0,4
458,2022,0,5
459,2022,0,24
460,2022,2,18
461,2022,0,10
462,2022,13,89
463,2022,0,11
464,2022,1,38
465,2022,1,30
469,2022,11,107
470,2022,0,30
472,2022,0,5
474,2022,5,48
475,2022,17,284
476,2022,10,77
477,2022,1,12
478,2022,13,61
479,2022,4,143
480,2022,1,78
481,2022,0,33
482,2022,2,45
483,2022,1,17
484,2022,5,67
485,2022,1,102
532,2022,1,7
533,2022,1,26
534,2022,0,2
535,2022,3,46
536,2022,1,9
537,2022,0,13
538,2022,2,22
539,2022,2,28
540,2022,0,32
541,2022,0,3
542,2022,1,77
543,2022,0,17
546,2022,1,10
547,2022,0,5
548,2022,0,3
549,2022,2,22
550,2022,17,154
552,2022,6,88
553,2022,12,35
554,2022,3,44
555,2022,11,65
556,2022,87,524
557,2022,10,259
558,2022,1,82
559,2022,3,71
560,2022,7,99
561,2022,26,201
562,2022,0,46
609,2022,1,1
610,2022,0,3
611,2022,1,9
612,2022,3,26
613,2022,0,3
614,2022,2,37
615,2022,1,7
616,2022,2,8
618,2022,0,6
619,2022,2,40
620,2022,2,9
621,2022,1,7
622,2022,1,5
625,2022,0,4
626,2022,20,79
627,2022,2,27
628,2022,1,9
629,2022,1,9
630,2022,107,445
631,2022,3,51
632,2022,2,57
633,2022,1,30
634,2022,1,40
635,2022,311,549
636,2022,17,244
637,2022,22,327
638,2022,5,59
639,2022,5,81
640,2022,1,45
688,2022,2,11
689,2022,0,7
690,2022,27,101
691,2022,150,393
692,2022,11,111
693,2022,0,5
694,2022,1,10
695,2022,0,4
696,2022,0,2
697,2022,5,27
698,2022,1,6
699,2022,1,11
700,2022,0,5
701,2022,1,32
703,2022,14,49
704,2022,2,26
705,2022,2,14
706,2022,0,1
707,2022,1,4
708,2022,0,11
709,2022,17,58
710,2022,0,7
711,2022,0,19
712,2022,0,23
713,2022,8,73
714,2022,39,167
715,2022,47,342
716,2022,17,105
717,2022,28,315
718,2022,2,118
766,2022,0,7
767,2022,0,2
768,2022,1,8
769,2022,316,1233
770,2022,75,391
771,2022,4,18
772,2022,5,29
773,2022,1,6
774,2022,2,8
775,2022,33,209
776,2022,0,5
777,2022,2,17
778,2022,10,56
779,2022,2,8
780,2022,1,9
781,2022,5,29
782,2022,1,16
783,2022,3,21
784,2022,4,19
785,2022,3,13
787,2022,2,9
788,2022,4,21
789,2022,1,30
790,2022,0,4
791,2022,3,16
792,2022,18,66
793,2022,12,141
794,2022,16,211
795,2022,45,342
796,2022,808,2615
797,2022,25,226
844,2022,0,4
846,2022,1,9
847,2022,0,8
848,2022,14,87
849,2022,7,111
850,2022,1,26
851,2022,0,5
852,2022,0,10
854,2022,5,29
855,2022,0,13
856,2022,20,96
857,2022,2,22
859,2022,5,31
860,2022,2,6
861,2022,1,5
862,2022,0,10
863,2022,0,4
865,2022,0,2
867,2022,43,178
868,2022,1,13
869,2022,11,44
870,2022,54,303
871,2022,9,69
872,2022,145,596
873,2022,3,44
874,2022,3,17
875,2022,4,29
876,2022,41,263
877,2022,4,95
878,2022,158,539
879,2022,62,290
880,2022,220,1140
881,2022,32,389
882,2022,16,314
883,2022,0,50
931,2022,0,2
932,2022,0,4
933,2022,0,3
934,2022,18,38
935,2022,1,18
936,2022,0,14
937,2022,4,60
938,2022,4,24
939,2022,22,85
940,2022,2,27
941,2022,5,37
942,2022,6,51
943,2022,2,22
944,2022,2,28
945,2022,0,7
946,2022,2,10
947,2022,3,14
948,2022,6,83
949,2022,8,90
952,2022,0,4
953,2022,73,337
954,2022,58,356
955,2022,8,41
956,2022,3,40
957,2022,5,51
958,2022,104,544
959,2022,3,13
960,2022,0,20
961,2022,1,43
962,2022,16,143
963,2022,7,105
964,2022,57,258
965,2022,69,284
966,2022,44,228
967,2022,21,159
968,2022,17,177
969,2022,0,25
1019,2022,0,1
1021,2022,1,11
1023,2022,1,5
1024,2022,4,55
1025,2022,1,17
1026,2022,3,18
1027,2022,8,74
1028,2022,4,53
1029,2022,3,59
1030,2022,36,231
1032,2022,19,86
1033,2022,5,126
1034,2022,2,33
1035,2022,2,40
1036,2022,2,57
1037,2022,7,80
1038,2022,16,48
1039,2022,8,44
1040,2022,1,14
1041,2022,1,21
1042,2022,1,8
1043,2022,7,50
1044,2022,0,20
1045,2022,5,99
1046,2022,0,7
1047,2022,0,46
1048,2022,30,230
1049,2022,30,240
1050,2022,112,550
1051,2022,18,174
1052,2022,6,130
1104,2022,0,1
1105,2022,1,6
1106,2022,0,3
1107,2022,0,1
1108,2022,1,17
1109,2022,0,7
1110,2022,3,63
1111,2022,89,573
1112,2022,11,95
1113,2022,65,241
1114,2022,11,75
1115,2022,4,66
1116,2022,2,44
1117,2022,28,316
1118,2022,43,303
1119,2022,87,543
1120,2022,6,25
1122,2022,2,106
1123,2022,4,30
1124,2022,2,102
1125,2022,0,5
1126,2022,0,5
1127,2022,0,8
1128,2022,0,7
1129,2022,4,49
1130,2022,14,80
1131,2022,3,47
1132,2022,28,280
1133,2022,73,639
1134,2022,36,234
1135,2022,7,64
1136,2022,0,4
1183,2022,0,10
1184,2022,0,1
1189,2022,0,2
1190,2022,2,61
1191,2022,0,2
1193,2022,1,21
1194,2022,1,9
1195,2022,42,190
1196,2022,5,50
1197,2022,35,182
1198,2022,7,46
1199,2022,13,157
1200,2022,6,20
1201,2022,2,32
1202,2022,46,642
1203,2022,9,92
1204,2022,8,38
1205,2022,5,37
1206,2022,2,62
1207,2022,8,47
1208,2022,0,28
1209,2022,1,49
1210,2022,0,20
1211,2022,5,23
1212,2022,3,40
1213,2022,20,88
1214,2022,12,148
1215,2022,5,152
1216,2022,736,1672
1217,2022,1341,2893
1218,2022,20,163
1270,2022,0,174
1273,2022,10,91
1274,2022,0,4
1275,2022,0,6
1276,2022,3,24
1277,2022,40,201
1278,2022,6,78
1279,2022,112,698
1280,2022,508,1293
1281,2022,0,12
1282,2022,3,65
1283,2022,5,25
1284,2022,0,18
1285,2022,0,11
1286,2022,2,124
1287,2022,0,150
1288,2022,6,114
1289,2022,21,231
1290,2022,67,807
1291,2022,5,42
1292,2022,14,127
1293,2022,21,169
1294,2022,5,36
1295,2022,3,17
1296,2022,37,204
1297,2022,0,16
1298,2022,37,58
1299,2022,4,44
1300,2022,90,213
1301,2022,35,285
1302,2022,221,771
1303,2022,6,114
1355,2022,0,131
1358,2022,12,110
1359,2022,0,9
1360,2022,9,26
1361,2022,2,5
1362,2022,1,2
1363,2022,4,14
1364,2022,25,187
1365,2022,17,133
1366,2022,7,116
1367,2022,3,31
1368,2022,4,20
1369,2022,8,82
1370,2022,6,15
1371,2022,9,37
1372,2022,3,26
1373,2022,1,6
1374,2022,29,124
1375,2022,110,696
1376,2022,8,48
1377,2022,3,107
1378,2022,23,269
1379,2022,78,201
1380,2022,6,30
1381,2022,9,60
1382,2022,4,17
1383,2022,33,152
1384,2022,18,58
1385,2022,45,248
1386,2022,462,2116
1387,2022,12,87
1388,2022,14,83
1391,2022,9,458
1392,2022,13,988
1435,2022,10,285
1436,2022,0,3
1439,2022,0,15
1442,2022,0,2
1443,2022,0,4
1444,2022,1,11
1445,2022,0,4
1446,2022,1,11
1447,2022,2,17
1448,2022,7,17
1449,2022,22,54
1450,2022,0,6
1452,2022,0,3
1453,2022,3,47
1454,2022,1,7
1455,2022,5,15
1456,2022,0,13
1457,2022,4,41
1458,2022,5,118
1459,2022,7,36
1460,2022,1,23
1461,2022,1,50
1462,2022,103,562
1463,2022,18,163
1464,2022,6,40
1465,2022,0,7
1466,2022,1,34
1467,2022,23,103
1468,2022,12,93
1469,2022,55,291
1470,2022,19,131
1471,2022,10,82
1472,2022,1,11
1473,2022,22,1563
1476,2022,0,46
1519,2022,2,18
1524,2022,1,1
1526,2022,0,4
1527,2022,6,18
1528,2022,0,4
1529,2022,0,29
1530,2022,8,39
1531,2022,3,35
1532,2022,1,4
1534,2022,114,350
1535,2022,0,5
1536,2022,1,25
1537,2022,22,38
1538,2022,5,30
1539,2022,7,111
1540,2022,3,15
1541,2022,114,454
1542,2022,5,22
1543,2022,0,7
1544,2022,1,7
1545,2022,0,21
1546,2022,23,172
1547,2022,4,67
1548,2022,42,179
1549,2022,4,38
1550,2022,25,153
1551,2022,38,288
1552,2022,187,874
1553,2022,23,169
1554,2022,8,123
1555,2022,12,146
1556,2022,172,1490
1557,2022,126,1855
1559,2022,0,21
1608,2022,0,1
1610,2022,0,1
1611,2022,0,4
1612,2022,0,4
1614,2022,1,14
1615,2022,162,378
1616,2022,1,50
1617,2022,3,15
1618,2022,0,151
1619,2022,5,255
1620,2022,11,42
1621,2022,1,74
1622,2022,35,163
1623,2022,4,41
1624,2022,20,87
1625,2022,4,22
1626,2022,1,16
1627,2022,4,15
1629,2022,10,166
1630,2022,2,89
1631,2022,0,12
1632,2022,30,214
1633,2022,41,282
1634,2022,1064,3675
1635,2022,126,606
1636,2022,14,98
1637,2022,12,101
1638,2022,9,150
1640,2022,243,2310
1687,2022,0,6
1692,2022,0,1
1693,2022,2,17
1694,2022,0,7
1695,2022,2,8
1696,2022,1,56
1697,2022,1,14
1698,2022,1,7
1700,2022,3,40
1701,2022,2,56
1702,2022,1,109
1703,2022,0,11
1704,2022,48,251
1705,2022,38,196
1706,2022,0,9
1707,2022,0,13
1708,2022,2,27
1709,2022,8,104
1710,2022,8,26
1711,2022,1,36
1712,2022,3,28
1713,2022,2,56
1714,2022,2,8
1715,2022,10,112
1716,2022,15,86
1717,2022,51,391
1718,2022,11,94
1719,2022,15,159
1720,2022,36,128
1721,2022,15,214
1722,2022,45,2548
1768,2022,0,4
1769,2022,3,15
1770,2022,0,5
1772,2022,0,2
1773,2022,0,4
1777,2022,1,2
1779,2022,0,2
1780,2022,33,205
1781,2022,2,15
1782,2022,1,9
1783,2022,5,122
1784,2022,2,42
1785,2022,0,5
1786,2022,7,47
1787,2022,48,236
1788,2022,0,3
1789,2022,2,10
1790,2022,2,14
1791,2022,1,7
1792,2022,1,5
1793,2022,5,24
1794,2022,0,12
1795,2022,3,50
1796,2022,9,61
1797,2022,12,143
1798,2022,5,54
1799,2022,50,175
1800,2022,28,170
1801,2022,11,63
1802,2022,2,11
1803,2022,1,126
1848,2022,0,53
1850,2022,25,101
1851,2022,50,191
1852,2022,5,37
1853,2022,1,7
1855,2022,25,299
1856,2022,5,27
1857,2022,1,11
1858,2022,20,61
1859,2022,5,50
1860,2022,3,9
1861,2022,0,5
1862,2022,1,3
1863,2022,2,2
1865,2022,2,16
1867,2022,7,19
1868,2022,1,6
1869,2022,0,4
1870,2022,1,4
1871,2022,0,1
1872,2022,8,34
1873,2022,2,22
1874,2022,8,29
1875,2022,1,18
1876,2022,3,20
1877,2022,0,9
1878,2022,10,74
1879,2022,23,110
1880,2022,2,34
1881,2022,127,429
1882,2022,7,27
1883,2022,1,24
1884,2022,3,13
1929,2022,1,7
1931,2022,1,8
1932,2022,41,65
1933,2022,4,18
1934,2022,0,18
1935,2022,1,13
1936,2022,13,20
1937,2022,5,37
1938,2022,5,19
1939,2022,20,162
1940,2022,55,221
1941,2022,0,7
1942,2022,0,2
1943,2022,0,1
1944,2022,0,1
1946,2022,0,5
1947,2022,2,10
1948,2022,153,319
1949,2022,0,17
1950,2022,36,228
1951,2022,0,4
1952,2022,1,5
1953,2022,0,1
1954,2022,0,6
1955,2022,1,5
1956,2022,5,62
1957,2022,7,43
1958,2022,0,12
1959,2022,20,76
1960,2022,3,11
1961,2022,41,82
1962,2022,57,155
1963,2022,10,70
1964,2022,173,352
1965,2022,30,92
2010,2022,0,6
2015,2022,0,12
2016,2022,0,2
2017,2022,2,8
2018,2022,2,6
2019,2022,0,4
2020,2022,0,11
2021,2022,0,30
2022,2022,0,2
2023,2022,0,2
2024,2022,0,6
2025,2022,1,4
2026,2022,13,52
2027,2022,1,8
2028,2022,1,6
2029,2022,3,14
2030,2022,0,3
2031,2022,8,78
2032,2022,4,19
2033,2022,0,3
2034,2022,1,2
2035,2022,3,19
2037,2022,0,11
2038,2022,47,258
2039,2022,5,46
2040,2022,2,10
2041,2022,0,4
2042,2022,0,2
2043,2022,0,1
2044,2022,1,5
2045,2022,1,22
2046,2022,21,107
2089,2022,1,31
2095,2022,0,7
2096,2022,3,18
2097,2022,1,2
2098,2022,1,10
2099,2022,1,13
2100,2022,1,7
2101,2022,1,7
2102,2022,1,31
2103,2022,34,116
2104,2022,1,10
2106,2022,2,7
2107,2022,2,9
2108,2022,6,37
2109,2022,1,4
2110,2022,0,4
2111,2022,1,9
2112,2022,0,4
2113,2022,1,1
2114,2022,0,9
2115,2022,2,18
2116,2022,48,102
2117,2022,4,23
2118,2022,0,9
2119,2022,2,14
2120,2022,6,27
2121,2022,0,6
2122,2022,2,14
2123,2022,0,3
2124,2022,0,2
2126,2022,6,9
2127,2022,10,149
2173,2022,1,7
2174,2022,1,8
2175,2022,0,10
2176,2022,1,2
2177,2022,9,55
2179,2022,3,19
2180,2022,0,3
2181,2022,0,8
2182,2022,1,4
2183,2022,5,28
2184,2022,0,9
2185,2022,0,23
2186,2022,17,85
2187,2022,0,7
2188,2022,1,4
2189,2022,69,97
2190,2022,0,6
2191,2022,0,5
2192,2022,0,5
2193,2022,0,6
2194,2022,1,9
2195,2022,3,7
2196,2022,28,192
2197,2022,1,52
2198,2022,7,71
2199,2022,8,20
2200,2022,14,82
2201,2022,54,122
2202,2022,161,535
2203,2022,49,223
2204,2022,3,20
2205,2022,1,6
2206,2022,0,5
2207,2022,0,42
2208,2022,0,28
2253,2022,1,23
2254,2022,0,14
2255,2022,0,1
2256,2022,1,3
2257,2022,2,14
2258,2022,1,3
2259,2022,1,18
2261,2022,1,6
2262,2022,0,4
2266,2022,1,36
2267,2022,0,1
2268,2022,6,65
2269,2022,13,57
2270,2022,0,17
2271,2022,6,44
2272,2022,2,8
2273,2022,0,4
2274,2022,2,102
2275,2022,1,12
2276,2022,2,23
2277,2022,13,33
2278,2022,10,49
2279,2022,38,258
2280,2022,19,83
2281,2022,5,17
2282,2022,33,84
2283,2022,9,30
2284,2022,17,172
2285,2022,474,886
2286,2022,11,43
2287,2022,1,19
2288,2022,0,10
2290,2022,0,14
2336,2022,11,64
2337,2022,0,28
2338,2022,3,14
2339,2022,17,83
2340,2022,5,19
2341,2022,1,19
2342,2022,2,29
2344,2022,1,23
2345,2022,1,11
2346,2022,15,144
2348,2022,0,25
2349,2022,7,19
2350,2022,0,10
2351,2022,0,12
2352,2022,112,358
2353,2022,38,157
2354,2022,0,17
2355,2022,3,11
2356,2022,5,15
2357,2022,79,166
2358,2022,233,687
2359,2022,17,106
2360,2022,52,239
2361,2022,1,24
2362,2022,1,5
2363,2022,101,242
2364,2022,16,61
2365,2022,3,13
2366,2022,5,32
2367,2022,10,20
2368,2022,0,2
2369,2022,0,2
2370,2022,2,17
2371,2022,6,52
2412,2022,2,58
2413,2022,1,27
2414,2022,2,136
2415,2022,2,26
2416,2022,1,9
2417,2022,51,146
2418,2022,0,7
2419,2022,1,40
2420,2022,0,53
2421,2022,1,10
2422,2022,1,3
2423,2022,13,37
2424,2022,129,183
2425,2022,0,4
2427,2022,2,11
2428,2022,0,5
2429,2022,0,7
2430,2022,13,90
2431,2022,1,18
2432,2022,1,7
2433,2022,0,20
2434,2022,5,21
2435,2022,5,9
2436,2022,2,21
2437,2022,11,77
2438,2022,24,94
2439,2022,3,32
2440,2022,141,196
2441,2022,33,116
2442,2022,9,34
2443,2022,3,36
2444,2022,11,14
2445,2022,4,9
2446,2022,0,1
2447,2022,1,16
2448,2022,2,19
2489,2022,1,25
2490,2022,0,26
2491,2022,1,9
2492,2022,0,5
2493,2022,0,18
2494,2022,0,376
2495,2022,1,19
2496,2022,4,70
2497,2022,0,4
2498,2022,0,10
2499,2022,0,6
2501,2022,0,7
2502,2022,24,116
2503,2022,3,6
2504,2022,0,5
2505,2022,0,4
2506,2022,0,13
2508,2022,9,58
2509,2022,5,26
2510,2022,30,161
2511,2022,76,143
2512,2022,4,18
2513,2022,9,39
2514,2022,3,25
2515,2022,41,89
2516,2022,26,60
2517,2022,0,10
2518,2022,0,3
2519,2022,2,4
2520,2022,4,14
2521,2022,0,1
2522,2022,1,4
2523,2022,1,6
2524,2022,40,103
2563,2022,0,86
2564,2022,11,64
2565,2022,0,1
2569,2022,0,12
2570,2022,0,3
2571,2022,0,2
2572,2022,3,31
2573,2022,0,21
2574,2022,0,1
2575,2022,0,2
2577,2022,13,51
2578,2022,0,6
2579,2022,3,12
2580,2022,2,5
2581,2022,4,41
2582,2022,4,31
2583,2022,45,148
2584,2022,0,15
2585,2022,2,21
2586,2022,4,17
2587,2022,37,85
2588,2022,45,82
2589,2022,0,10
2590,2022,14,23
2591,2022,5,22
2592,2022,45,68
2593,2022,12,78
2594,2022,5,16
2595,2022,3,9
2596,2022,1,4
2597,2022,12,43
2598,2022,4,32
2636,2022,0,10
2640,2022,0,2
2641,2022,0,6
2642,2022,0,1
2643,2022,4,26
2644,2022,3,19
2645,2022,5,26
2649,2022,2,7
2650,2022,1,18
2651,2022,0,7
2652,2022,0,2
2653,2022,0,5
2654,2022,3,18
2655,2022,9,25
2656,2022,2,15
2657,2022,1,8
2658,2022,10,55
2659,2022,43,294
2660,2022,23,145
2661,2022,28,138
2662,2022,0,9
2663,2022,0,11
2664,2022,1,12
2665,2022,0,8
2666,2022,22,135
2667,2022,1,11
2669,2022,7,46
2706,2022,0,5
2708,2022,0,1
2709,2022,3,23
2710,2022,1,6
2711,2022,0,23
2712,2022,0,7
2713,2022,0,4
2714,2022,1,6
2716,2022,1,14
2718,2022,1,20
2719,2022,0,1
2720,2022,0,1
2722,2022,0,2
2723,2022,2,14
2724,2022,8,66
2725,2022,2,13
2726,2022,3,22
2727,2022,16,106
2728,2022,269,553
2729,2022,14,68
2730,2022,1,31
2731,2022,0,1
2732,2022,2,12
2733,2022,2,28
2734,2022,0,5
2736,2022,19,46
2737,2022,11,35
2772,2022,0,79
2773,2022,0,46
2774,2022,0,4
2775,2022,2,15
2776,2022,1,24
2777,2022,0,21
2780,2022,1,6
2782,2022,0,9
2784,2022,0,2
2785,2022,0,8
2786,2022,4,16
2787,2022,0,7
2788,2022,1,6
2789,2022,26,59
2790,2022,49,331
2791,2022,0,6
2792,2022,0,1
2793,2022,1,1
2794,2022,4,26
2795,2022,2,7
2796,2022,1,19
2797,2022,4,6
2800,2022,8,24
2801,2022,0,6
2802,2022,1,64
2803,2022,19,76
2836,2022,0,223
2838,2022,1,21
2839,2022,1,4
2840,2022,0,8
2841,2022,0,10
2842,2022,0,8
2844,2022,0,44
2847,2022,0,1
2849,2022,0,2
2850,2022,0,10
2851,2022,0,4
2852,2022,0,5
2853,2022,1,21
2855,2022,0,1
2856,2022,4,16
2857,2022,121,185
2858,2022,3,18
2859,2022,1,3
2860,2022,1,6
2861,2022,0,2
2863,2022,3,6
2864,2022,8,22
2865,2022,9,79
2866,2022,11,75
2896,2022,0,1371
2897,2022,0,629
2898,2022,0,21
2899,2022,10,161
2900,2022,1,14
2901,2022,10,18
2902,2022,2,17
2903,2022,0,2
2904,2022,0,2
2905,2022,1,13
2909,2022,2,6
2912,2022,0,2
2913,2022,9,24
2914,2022,1,27
2915,2022,0,3
2916,2022,4,25
2917,2022,2,29
2918,2022,8,25
2919,2022,20,31
2920,2022,0,2
2922,2022,2,4
2923,2022,0,4
2924,2022,0,3
2925,2022,1,8
2926,2022,197,495
2953,2022,0,193
2956,2022,0,22
2957,2022,7,63
2958,2022,3,23
2959,2022,4,9
2960,2022,16,47
2961,2022,1,4
2962,2022,2,7
2963,2022,1,12
2965,2022,0,5
2966,2022,0,2
2967,2022,2,17
2969,2022,0,3
2970,2022,2,5
2971,2022,1,4
2972,2022,1,5
2974,2022,1,5
2975,2022,16,74
2976,2022,0,17
2977,2022,0,13
2978,2022,1,10
2979,2022,1,5
2980,2022,0,3
2981,2022,1,3
2982,2022,0,2
2983,2022,4,16
2984,2022,2,58
3007,2022,3,68
3008,2022,0,6
3009,2022,2,6
3010,2022,0,7
3015,2022,1,1
3017,2022,0,3
3019,2022,1,16
3020,2022,2,8
3021,2022,0,1
3022,2022,0,5
3023,2022,2,13
3024,2022,1,7
3025,2022,0,3
3026,2022,4,8
3027,2022,2,7
3029,2022,0,14
3031,2022,0,4
3033,2022,1,3
3034,2022,6,29
3035,2022,4,46
3054,2022,0,37
3055,2022,12,89
3056,2022,0,12
3057,2022,36,110
3058,2022,14,146
3059,2022,0,2
3061,2022,1,3
3062,2022,2,13
3063,2022,0,10
3064,2022,1,81
3065,2022,0,1
3067,2022,0,3
3068,2022,25,45
3069,2022,0,2
3072,2022,1,2
3073,2022,1,17
3074,2022,0,1
3075,2022,0,6
3076,2022,0,1
3077,2022,1,12
3078,2022,1,2
3079,2022,8,18
3081,2022,8,29
3082,2022,9,36
3083,2022,14,95
3099,2022,0,86
3102,2022,0,13
3103,2022,4,39
3104,2022,0,4
3105,2022,1,40
3106,2022,4,30
3107,2022,0,6
3108,2022,0,1
3109,2022,0,12
3110,2022,0,1
3111,2022,1,26
3112,2022,0,1
3113,2022,0,4
3114,2022,42,66
3115,2022,0,6
3116,2022,1,1
3117,2022,12,31
3118,2022,0,7
3119,2022,17,47
3120,2022,9,29
3121,2022,3,11
3123,2022,1,12
3124,2022,99,210
3125,2022,14,69
3126,2022,0,3
3127,2022,1,11
3128,2022,2,6
3129,2022,13,47
3130,2022,17,102
3145,2022,1,1509
3147,2022,2,278
3148,2022,0,33
3149,2022,9,91
3150,2022,3,16
3151,2022,5,28
3152,2022,3,11
3153,2022,0,5
3154,2022,0,8
3155,2022,0,3
3156,2022,0,11
3157,2022,150,297
3158,2022,36,196
3159,2022,11,44
3160,2022,23,156
3161,2022,1,13
3162,2022,20,101
3163,2022,3,46
3164,2022,11,100
3165,2022,6,48
3166,2022,11,26
3167,2022,6,33
3168,2022,5,25
3169,2022,0,8
3170,2022,14,34
3171,2022,7,85
3172,2022,0,1
3173,2022,2,10
3174,2022,149,647
3175,2022,17,262
3176,2022,7,28
3177,2022,6,31
3191,2022,0,293
3192,2022,0,881
3194,2022,0,53
3195,2022,4,66
3196,2022,155,511
3197,2022,2,37
3198,2022,6,24
3199,2022,4,18
3200,2022,0,21
3201,2022,3,22
3202,2022,4,18
3203,2022,1,30
3205,2022,0,6
3206,2022,64,135
3207,2022,0,23
3210,2022,2,15
3211,2022,0,2
3213,2022,7,28
3214,2022,6,29
3215,2022,10,67
3216,2022,8,51
3217,2022,35,100
3228,2022,0,1465
3230,2022,2,97
3232,2022,1,29
3233,2022,74,257
3234,2022,243,1034
3235,2022,31,240
3236,2022,9,96
3237,2022,0,29
3242,2022,0,4
3243,2022,1,7
3244,2022,0,3
3247,2022,15,52
3248,2022,10,34
3249,2022,40,165
3250,2022,103,383
3251,2022,14,92
3264,2022,1,11
3265,2022,0,8
3266,2022,32,183
3267,2022,5,48
3272,2022,0,3
3275,2022,14,62
3276,2022,21,68
3277,2022,164,372
3278,2022,13,81
3279,2022,18,95
3280,2022,0,1
3289,2022,6,48
3291,2022,0,24
3292,2022,185,441
3293,2022,378,521
3294,2022,31,124
3295,2022,0,47
3296,2022,1,29
3297,2022,13,89
3308,2022,31,122
3309,2022,82,334
3310,2022,0,9
3311,2022,6,46
3312,2022,0,9
3313,2022,8,79
3314,2022,9,31
3323,2022,15,58
3324,2022,1,8
3325,2022,2,10
3326,2022,6,49
3327,2022,72,246
3334,2022,32,216
3335,2022,17,154
3336,2022,0,16
3337,2022,12,39
3338,2022,155,308
3344,2022,4,84
3345,2022,0,16
3346,2022,18,55
3347,2022,392,737
3354,2022,6,57
3355,2022,55,240
3361,2022,5,17
3362,2022,2,5
144,2023,1,3
147,2023,0,2
190,2023,1,9
202,2023,0,19
207,2023,0,2
255,2023,0,11
256,2023,0,2
257,2023,0,5
263,2023,0,64
266,2023,0,31
271,2023,0,23
272,2023,0,13
274,2023,0,1
275,2023,1,118
319,2023,0,5
320,2023,0,10
322,2023,1,22
323,2023,0,5
325,2023,0,7
326,2023,1,21
327,2023,0,271
329,2023,0,8
336,2023,7,56
337,2023,7,63
338,2023,0,25
374,2023,0,15
380,2023,0,1
381,2023,0,1
383,2023,0,6
385,2023,1,22
386,2023,0,5
387,2023,4,276
388,2023,1,25
389,2023,0,154
390,2023,0,45
391,2023,0,52
395,2023,14,58
396,2023,0,1
398,2023,0,5
400,2023,0,35
401,2023,72,536
402,2023,12,55
403,2023,2,42
406,2023,1,21
407,2023,14,45
408,2023,2,58
409,2023,1,150
410,2023,4,229
452,2023,0,12
455,2023,6,49
456,2023,6,21
457,2023,0,1
458,2023,0,7
459,2023,5,26
460,2023,7,66
461,2023,4,29
462,2023,20,135
463,2023,3,23
464,2023,0,35
465,2023,0,22
469,2023,14,182
470,2023,0,55
472,2023,1,10
474,2023,5,89
475,2023,8,228
476,2023,6,76
477,2023,2,11
478,2023,6,48
479,2023,18,191
480,2023,2,125
481,2023,0,56
482,2023,0,39
483,2023,2,40
484,2023,10,79
485,2023,3,129
532,2023,1,15
533,2023,1,9
534,2023,0,1
535,2023,3,56
536,2023,0,9
537,2023,0,8
538,2023,0,11
539,2023,1,13
540,2023,0,19
541,2023,2,11
542,2023,2,69
543,2023,1,13
546,2023,0,2
547,2023,0,11
548,2023,0,4
549,2023,2,21
550,2023,7,113
552,2023,10,126
553,2023,7,41
554,2023,0,43
555,2023,8,74
556,2023,96,567
557,2023,6,257
558,2023,1,92
559,2023,0,62
560,2023,4,91
561,2023,33,225
562,2023,0,58
609,2023,2,5
610,2023,0,2
611,2023,1,5
612,2023,3,13
613,2023,0,10
614,2023,4,109
615,2023,1,6
616,2023,0,15
618,2023,0,6
619,2023,4,48
621,2023,2,10
622,2023,0,8
625,2023,0,2
626,2023,5,59
627,2023,5,35
628,2023,0,5
629,2023,2,7
630,2023,50,344
631,2023,4,53
632,2023,0,9
633,2023,0,35
634,2023,0,20
635,2023,31,164
636,2023,2,157
637,2023,11,175
638,2023,7,76
639,2023,6,74
640,2023,2,64
688,2023,0,8
689,2023,0,5
690,2023,10,91
691,2023,40,223
692,2023,14,103
693,2023,0,5
694,2023,6,29
695,2023,0,3
696,2023,0,2
697,2023,6,43
698,2023,0,6
699,2023,0,5
700,2023,0,4
701,2023,0,37
703,2023,11,79
704,2023,0,25
705,2023,3,28
706,2023,0,4
707,2023,0,4
708,2023,0,8
709,2023,1,6
710,2023,0,7
711,2023,0,18
712,2023,0,28
713,2023,8,93
714,2023,8,120
715,2023,6,169
716,2023,15,117
717,2023,174,858
718,2023,0,81
766,2023,1,6
767,2023,0,2
768,2023,3,9
769,2023,234,1081
770,2023,57,383
771,2023,1,36
772,2023,12,38
773,2023,0,6
774,2023,4,21
775,2023,52,242
776,2023,1,4
777,2023,3,9
778,2023,8,70
779,2023,0,8
780,2023,0,8
781,2023,4,33
782,2023,0,26
783,2023,2,22
784,2023,1,22
785,2023,3,16
787,2023,12,42
788,2023,2,43
789,2023,6,36
790,2023,0,13
791,2023,0,11
792,2023,9,68
793,2023,5,91
794,2023,18,305
795,2023,29,208
796,2023,664,2477
797,2023,22,176
844,2023,1,3
846,2023,0,10
847,2023,1,13
848,2023,9,63
849,2023,4,77
850,2023,6,57
851,2023,0,1
852,2023,0,13
854,2023,4,24
855,2023,5,31
856,2023,12,98
857,2023,2,11
859,2023,0,24
860,2023,0,1
861,2023,0,11
862,2023,1,6
863,2023,0,4
865,2023,0,2
867,2023,22,137
868,2023,2,13
869,2023,4,39
870,2023,79,426
871,2023,5,49
872,2023,61,267
873,2023,1,55
874,2023,2,21
875,2023,0,23
876,2023,36,243
877,2023,1,97
878,2023,153,570
879,2023,40,240
880,2023,128,1018
881,2023,110,521
882,2023,14,337
883,2023,0,48
931,2023,1,4
932,2023,0,5
933,2023,0,3
934,2023,23,72
935,2023,3,14
936,2023,3,22
937,2023,3,58
938,2023,6,31
939,2023,11,64
940,2023,0,21
941,2023,5,31
942,2023,28,90
943,2023,0,18
944,2023,1,19
945,2023,0,11
946,2023,1,5
947,2023,3,30
948,2023,2,43
949,2023,7,128
953,2023,82,333
954,2023,75,670
955,2023,17,45
956,2023,5,36
957,2023,6,48
958,2023,84,646
959,2023,4,14
960,2023,2,21
961,2023,0,28
962,2023,10,133
963,2023,6,141
964,2023,47,222
965,2023,36,217
966,2023,51,370
967,2023,18,167
968,2023,18,172
969,2023,0,54
1021,2023,1,6
1022,2023,2,8
1023,2023,1,6
1024,2023,5,62
1025,2023,3,27
1026,2023,0,9
1027,2023,22,122
1028,2023,9,59
1029,2023,6,27
1030,2023,9,158
1032,2023,11,67
1033,2023,5,139
1034,2023,1,19
1035,2023,2,33
1036,2023,2,61
1037,2023,8,48
1038,2023,7,49
1039,2023,2,28
1040,2023,0,23
1041,2023,2,16
1042,2023,0,7
1043,2023,1,39
1044,2023,1,67
1045,2023,6,94
1046,2023,1,23
1047,2023,0,39
1048,2023,12,133
1049,2023,24,289
1050,2023,55,401
1051,2023,22,187
1052,2023,1,106
1104,2023,0,4
1105,2023,3,18
1106,2023,1,11
1107,2023,0,3
1108,2023,4,22
1109,2023,0,6
1110,2023,7,48
1111,2023,124,664
1112,2023,7,72
1113,2023,41,282
1114,2023,9,38
1115,2023,0,48
1116,2023,1,88
1117,2023,39,433
1118,2023,19,314
1119,2023,102,642
1120,2023,5,25
1122,2023,6,149
1123,2023,1,32
1124,2023,1,47
1125,2023,1,14
1126,2023,1,7
1127,2023,1,13
1128,2023,0,7
1129,2023,5,65
1130,2023,12,96
1131,2023,6,60
1132,2023,23,634
1133,2023,53,532
1134,2023,31,217
1135,2023,1,95
1136,2023,1,13
1183,2023,0,17
1184,2023,0,2
1189,2023,0,1
1190,2023,1,28
1191,2023,0,1
1193,2023,1,30
1194,2023,0,4
1195,2023,30,165
1196,2023,4,44
1197,2023,69,276
1198,2023,9,58
1199,2023,11,170
1200,2023,3,25
1201,2023,0,38
1202,2023,15,560
1203,2023,17,113
1204,2023,7,90
1205,2023,0,28
1206,2023,5,64
1207,2023,8,58
1208,2023,0,10
1209,2023,0,82
1210,2023,0,19
1211,2023,2,10
1212,2023,2,54
1213,2023,14,112
1214,2023,19,159
1215,2023,5,186
1216,2023,552,1498
1217,2023,1320,2741
1218,2023,9,230
1270,2023,0,185
1273,2023,4,93
1274,2023,1,15
1275,2023,1,20
1276,2023,11,33
1277,2023,47,228
1278,2023,4,75
1279,2023,98,872
1280,2023,367,1313
1281,2023,2,24
1282,2023,2,105
1283,2023,2,22
1284,2023,0,32
1285,2023,2,10
1286,2023,0,228
1287,2023,1,286
1288,2023,18,295
1289,2023,33,334
1290,2023,108,1097
1291,2023,5,87
1292,2023,13,103
1293,2023,32,184
1294,2023,3,21
1295,2023,2,27
1296,2023,27,156
1297,2023,0,8
1298,2023,2,23
1299,2023,5,37
1300,2023,92,346
1301,2023,158,435
1302,2023,187,747
1303,2023,25,177
1355,2023,1,166
1358,2023,22,123
1359,2023,1,9
1360,2023,5,44
1361,2023,0,3
1362,2023,0,3
1363,2023,0,12
1364,2023,33,243
1365,2023,17,170
1366,2023,23,258
1367,2023,0,7
1368,2023,5,19
1369,2023,7,74
1370,2023,0,2
1371,2023,2,26
1372,2023,3,28
1373,2023,3,9
1374,2023,14,85
1375,2023,95,744
1376,2023,6,91
1377,2023,3,168
1378,2023,19,178
1379,2023,28,175
1380,2023,0,25
1381,2023,5,47
1382,2023,2,27
1383,2023,27,125
1384,2023,24,89
1385,2023,43,438
1386,2023,452,2095
1387,2023,11,129
1388,2023,10,68
1391,2023,9,376
1392,2023,28,1228
1435,2023,8,143
1436,2023,0,3
1439,2023,0,16
1443,2023,0,2
1444,2023,1,17
1445,2023,0,1
1446,2023,2,18
1447,2023,5,17
1448,2023,9,24
1449,2023,14,61
1450,2023,0,4
1452,2023,0,3
1453,2023,0,64
1454,2023,1,4
1455,2023,15,35
1456,2023,4,9
1457,2023,6,55
1458,2023,3,101
1459,2023,12,55
1460,2023,12,94
1461,2023,5,99
1462,2023,36,532
1463,2023,7,95
1464,2023,4,38
1465,2023,0,6
1466,2023,1,19
1467,2023,18,117
1468,2023,14,154
1469,2023,60,297
1470,2023,23,137
1471,2023,35,126
1472,2023,4,19
1473,2023,16,1603
1476,2023,0,54
1519,2023,4,21
1524,2023,0,6
1526,2023,0,1
1527,2023,4,15
1528,2023,2,8
1529,2023,0,26
1530,2023,10,60
1531,2023,0,76
1534,2023,107,339
1535,2023,0,3
1536,2023,0,12
1537,2023,9,24
1538,2023,1,4
1539,2023,2,58
1540,2023,2,20
1541,2023,104,492
1542,2023,4,49
1543,2023,3,32
1544,2023,0,4
1545,2023,0,33
1546,2023,15,186
1547,2023,0,72
1548,2023,6,93
1549,2023,1,26
1550,2023,25,185
1551,2023,40,435
1552,2023,208,769
1553,2023,37,350
1554,2023,3,124
1555,2023,9,138
1556,2023,202,1330
1557,2023,129,1947
1559,2023,1,38
1603,2023,0,1
1608,2023,1,8
1610,2023,0,4
1611,2023,1,5
1612,2023,1,10
1614,2023,3,28
1615,2023,180,525
1616,2023,5,53
1617,2023,1,16
1618,2023,0,210
1619,2023,1,172
1620,2023,18,69
1621,2023,1,46
1622,2023,25,151
1623,2023,7,65
1624,2023,20,127
1625,2023,5,27
1626,2023,1,20
1627,2023,3,14
1629,2023,10,354
1630,2023,4,88
1631,2023,2,15
1632,2023,52,267
1633,2023,84,402
1634,2023,1235,4186
1635,2023,91,627
1636,2023,18,97
1637,2023,8,77
1638,2023,17,184
1640,2023,443,2561
1687,2023,1,36
1691,2023,0,2
1693,2023,5,15
1694,2023,0,7
1695,2023,3,9
1696,2023,4,43
1697,2023,0,13
1698,2023,0,2
1700,2023,8,38
1701,2023,1,65
1702,2023,0,138
1703,2023,0,10
1704,2023,41,206
1705,2023,53,274
1706,2023,1,10
1707,2023,0,9
1708,2023,4,28
1709,2023,18,130
1710,2023,0,4
1711,2023,3,52
1712,2023,2,30
1713,2023,5,82
1714,2023,1,17
1715,2023,14,141
1716,2023,10,81
1717,2023,54,408
1718,2023,12,81
1719,2023,22,163
1720,2023,27,76
1721,2023,7,197
1722,2023,40,2607
1769,2023,4,21
1770,2023,1,12
1772,2023,0,4
1773,2023,1,6
1774,2023,0,1
1777,2023,0,6
1779,2023,0,4
1780,2023,19,159
1781,2023,1,8
1782,2023,2,10
1783,2023,5,114
1784,2023,9,59
1785,2023,0,8
1786,2023,5,36
1787,2023,98,287
1788,2023,1,5
1789,2023,2,15
1790,2023,0,9
1791,2023,1,13
1792,2023,1,11
1793,2023,0,4
1794,2023,0,20
1795,2023,1,58
1796,2023,17,75
1797,2023,15,156
1798,2023,7,38
1799,2023,11,56
1800,2023,30,213
1801,2023,9,73
1802,2023,1,20
1803,2023,8,178
1848,2023,0,63
1850,2023,6,74
1851,2023,61,258
1852,2023,9,44
1853,2023,0,2
1855,2023,13,258
1856,2023,0,4
1857,2023,2,16
1858,2023,5,39
1859,2023,24,145
1860,2023,1,2
1861,2023,0,2
1862,2023,1,1
1863,2023,5,8
1865,2023,0,11
1867,2023,3,24
1868,2023,0,9
1869,2023,0,4
1870,2023,2,6
1871,2023,0,3
1872,2023,9,31
1873,2023,2,14
1874,2023,5,25
1875,2023,7,49
1876,2023,0,18
1877,2023,0,18
1878,2023,5,50
1879,2023,18,143
1880,2023,4,37
1881,2023,114,404
1882,2023,8,42
1883,2023,9,44
1884,2023,2,23
1929,2023,0,12
1931,2023,11,38
1932,2023,9,34
1933,2023,3,21
1934,2023,0,17
1935,2023,0,3
1936,2023,1,6
1937,2023,7,31
1938,2023,7,45
1939,2023,22,185
1940,2023,60,284
1941,2023,0,5
1942,2023,0,7
1943,2023,0,1
1944,2023,0,1
1946,2023,0,14
1947,2023,2,11
1948,2023,93,292
1949,2023,3,34
1950,2023,30,194
1951,2023,0,6
1952,2023,0,7
1953,2023,0,9
1954,2023,0,4
1955,2023,1,21
1956,2023,22,157
1957,2023,3,20
1958,2023,2,8
1959,2023,15,82
1960,2023,7,24
1961,2023,59,97
1962,2023,27,88
1963,2023,5,31
1964,2023,369,676
1965,2023,39,139
2010,2023,0,1
2013,2023,0,3
2015,2023,1,18
2016,2023,0,4
2017,2023,0,19
2018,2023,0,7
2019,2023,0,6
2020,2023,1,12
2021,2023,1,15
2022,2023,2,8
2023,2023,1,12
2024,2023,0,3
2025,2023,0,5
2026,2023,17,45
2027,2023,1,6
2028,2023,0,7
2029,2023,5,16
2030,2023,0,2
2031,2023,6,61
2032,2023,2,17
2033,2023,0,1
2034,2023,1,16
2035,2023,3,33
2037,2023,2,11
2038,2023,40,220
2039,2023,9,69
2040,2023,1,17
2041,2023,2,15
2042,2023,0,1
2043,2023,1,3
2044,2023,0,6
2045,2023,3,22
2046,2023,10,88
2089,2023,0,59
2095,2023,0,1
2096,2023,2,14
2097,2023,0,3
2098,2023,1,17
2099,2023,1,8
2100,2023,0,13
2101,2023,0,2
2102,2023,0,8
2103,2023,17,70
2104,2023,0,16
2105,2023,0,3
2106,2023,0,5
2107,2023,0,2
2108,2023,7,32
2109,2023,0,7
2110,2023,0,1
2111,2023,1,23
2112,2023,0,8
2113,2023,0,2
2114,2023,0,9
2115,2023,1,20
2116,2023,11,60
2117,2023,1,19
2118,2023,2,9
2119,2023,2,30
2120,2023,16,36
2121,2023,0,4
2122,2023,3,14
2123,2023,0,5
2124,2023,0,4
2126,2023,3,6
2127,2023,20,218
2173,2023,0,8
2174,2023,0,13
2175,2023,1,17
2176,2023,0,3
2177,2023,21,52
2179,2023,2,31
2180,2023,0,15
2181,2023,0,8
2182,2023,0,9
2183,2023,1,13
2184,2023,1,8
2185,2023,6,21
2186,2023,9,80
2187,2023,0,4
2188,2023,0,2
2189,2023,11,22
2190,2023,0,5
2191,2023,1,9
2192,2023,1,10
2193,2023,1,6
2194,2023,1,13
2195,2023,1,4
2196,2023,17,133
2197,2023,3,40
2198,2023,6,74
2199,2023,4,15
2200,2023,15,89
2201,2023,125,215
2202,2023,602,1298
2203,2023,65,303
2204,2023,7,27
2205,2023,1,10
2206,2023,0,3
2207,2023,3,45
2208,2023,1,64
2253,2023,0,8
2254,2023,1,10
2256,2023,0,6
2257,2023,3,16
2258,2023,0,1
2259,2023,5,37
2260,2023,1,7
2261,2023,1,8
2262,2023,0,9
2266,2023,1,9
2267,2023,0,10
2268,2023,14,39
2269,2023,24,85
2270,2023,3,9
2271,2023,14,94
2272,2023,0,5
2273,2023,0,1
2274,2023,0,2
2275,2023,2,14
2276,2023,11,21
2277,2023,5,18
2278,2023,1,58
2279,2023,15,312
2280,2023,8,62
2281,2023,10,20
2282,2023,37,89
2283,2023,15,43
2284,2023,50,313
2285,2023,485,877
2286,2023,7,62
2287,2023,21,40
2288,2023,2,14
2289,2023,0,4
2290,2023,0,12
2336,2023,16,105
2337,2023,0,9
2338,2023,1,7
2339,2023,15,97
2340,2023,11,38
2341,2023,7,21
2342,2023,3,60
2344,2023,1,37
2345,2023,0,5
2346,2023,3,17
2348,2023,3,19
2349,2023,1,5
2350,2023,0,9
2351,2023,0,4
2352,2023,60,193
2353,2023,49,185
2354,2023,1,20
2355,2023,5,23
2356,2023,4,22
2357,2023,114,192
2358,2023,193,639
2359,2023,19,101
2360,2023,55,233
2361,2023,5,28
2362,2023,4,25
2363,2023,71,210
2364,2023,8,33
2365,2023,2,27
2366,2023,8,68
2367,2023,10,22
2368,2023,1,5
2369,2023,0,2
2370,2023,3,35
2371,2023,4,64
2412,2023,1,68
2413,2023,0,24
2414,2023,1,195
2415,2023,1,15
2416,2023,1,3
2417,2023,63,159
2418,2023,0,11
2419,2023,4,26
2420,2023,0,9
2421,2023,0,5
2422,2023,3,5
2423,2023,5,37
2424,2023,138,170
2427,2023,1,8
2428,2023,0,3
2429,2023,0,4
2430,2023,0,22
2431,2023,1,22
2432,2023,0,6
2433,2023,1,13
2434,2023,1,9
2435,2023,9,15
2436,2023,1,20
2437,2023,13,93
2438,2023,16,101
2439,2023,13,48
2440,2023,106,176
2441,2023,49,127
2442,2023,7,26
2443,2023,2,16
2444,2023,35,44
2445,2023,7,14
2446,2023,0,3
2447,2023,2,16
2448,2023,0,23
2489,2023,1,22
2490,2023,1,4
2491,2023,0,4
2492,2023,0,4
2493,2023,3,18
2494,2023,2,427
2495,2023,0,8
2496,2023,11,49
2497,2023,0,3
2498,2023,2,18
2499,2023,0,1
2501,2023,1,12
2502,2023,22,113
2503,2023,0,10
2504,2023,0,10
2505,2023,1,5
2506,2023,1,7
2508,2023,8,48
2509,2023,5,27
2510,2023,50,243
2511,2023,40,105
2512,2023,2,24
2513,2023,5,32
2514,2023,0,26
2515,2023,45,121
2516,2023,22,73
2517,2023,6,14
2518,2023,0,1
2519,2023,0,3
2520,2023,2,7
2521,2023,5,9
2522,2023,1,4
2523,2023,0,5
2524,2023,90,191
2563,2023,0,79
2564,2023,3,19
2565,2023,0,5
2569,2023,0,5
2570,2023,0,10
2571,2023,2,6
2572,2023,4,35
2573,2023,6,31
2574,2023,0,5
2577,2023,17,79
2578,2023,0,5
2579,2023,0,3
2580,2023,3,7
2581,2023,18,86
2582,2023,5,23
2583,2023,31,105
2584,2023,1,21
2585,2023,1,18
2586,2023,3,16
2587,2023,38,88
2588,2023,8,40
2589,2023,0,9
2590,2023,10,27
2591,2023,4,18
2592,2023,4,16
2593,2023,21,70
2594,2023,3,10
2595,2023,4,13
2596,2023,0,3
2597,2023,19,65
2598,2023,1,24
2636,2023,1,17
2640,2023,0,2
2641,2023,1,4
2642,2023,0,4
2643,2023,2,29
2644,2023,3,35
2645,2023,11,26
2649,2023,0,5
2650,2023,3,17
2651,2023,0,6
2652,2023,0,2
2653,2023,0,3
2654,2023,3,14
2655,2023,2,19
2656,2023,4,32
2657,2023,0,8
2658,2023,8,43
2659,2023,82,443
2660,2023,50,176
2661,2023,33,151
2662,2023,1,7
2663,2023,1,6
2664,2023,1,7
2665,2023,3,10
2666,2023,31,95
2667,2023,0,2
2669,2023,9,75
2706,2023,0,2
2708,2023,0,3
2709,2023,6,17
2711,2023,0,7
2712,2023,0,5
2713,2023,0,28
2714,2023,1,3
2715,2023,1,4
2716,2023,1,3
2718,2023,1,5
2719,2023,0,6
2720,2023,1,1
2721,2023,0,1
2722,2023,0,1
2723,2023,0,8
2724,2023,4,51
2725,2023,1,7
2726,2023,4,15
2727,2023,13,66
2728,2023,365,678
2729,2023,40,81
2730,2023,4,18
2731,2023,3,9
2732,2023,3,9
2733,2023,7,34
2734,2023,0,1
2736,2023,8,34
2737,2023,14,46
2772,2023,0,109
2773,2023,0,9
2774,2023,0,3
2775,2023,0,7
2776,2023,0,5
2777,2023,0,2
2778,2023,3,6
2780,2023,0,1
2782,2023,0,4
2784,2023,3,22
2785,2023,0,4
2786,2023,4,27
2787,2023,0,2
2788,2023,1,4
2789,2023,52,109
2790,2023,21,153
2791,2023,1,4
2792,2023,1,4
2793,2023,3,6
2794,2023,1,17
2795,2023,0,7
2796,2023,5,33
2797,2023,1,3
2799,2023,1,9
2800,2023,0,10
2801,2023,0,9
2802,2023,8,106
2803,2023,30,104
2836,2023,0,322
2838,2023,0,15
2839,2023,0,10
2840,2023,0,4
2841,2023,0,1
2842,2023,2,4
2844,2023,0,10
2849,2023,1,8
2850,2023,1,18
2851,2023,0,3
2852,2023,1,9
2853,2023,1,26
2854,2023,4,6
2855,2023,1,4
2856,2023,0,10
2857,2023,132,217
2858,2023,5,17
2859,2023,0,5
2860,2023,2,22
2861,2023,0,1
2862,2023,1,2
2863,2023,9,28
2864,2023,5,17
2865,2023,29,119
2866,2023,22,75
2896,2023,1,1452
2897,2023,0,722
2898,2023,1,39
2899,2023,3,57
2900,2023,3,20
2901,2023,7,16
2902,2023,0,20
2903,2023,0,1
2904,2023,5,9
2905,2023,0,10
2906,2023,0,3
2909,2023,1,7
2910,2023,0,1
2912,2023,0,2
2913,2023,0,4
2914,2023,2,33
2915,2023,0,3
2916,2023,13,37
2917,2023,1,55
2918,2023,6,23
2919,2023,20,30
2920,2023,0,3
2922,2023,0,3
2923,2023,0,1
2924,2023,0,1
2925,2023,0,11
2926,2023,140,339
2953,2023,0,85
2956,2023,1,23
2957,2023,13,97
2958,2023,4,16
2959,2023,2,15
2960,2023,9,62
2961,2023,2,15
2962,2023,2,8
2963,2023,2,7
2965,2023,0,9
2966,2023,0,4
2967,2023,13,33
2969,2023,1,6
2970,2023,0,1
2971,2023,0,1
2972,2023,0,11
2974,2023,0,8
2975,2023,10,51
2976,2023,2,22
2977,2023,0,10
2978,2023,0,4
2979,2023,0,4
2980,2023,6,11
2983,2023,1,10
2984,2023,3,42
3007,2023,5,39
3008,2023,0,14
3009,2023,0,9
3010,2023,0,9
3012,2023,0,10
3013,2023,0,2
3015,2023,0,5
3016,2023,2,5
3017,2023,0,2
3019,2023,0,19
3020,2023,0,2
3021,2023,0,1
3022,2023,0,2
3023,2023,0,5
3024,2023,6,28
3025,2023,5,21
3026,2023,3,9
3027,2023,3,18
3028,2023,0,3
3029,2023,1,6
3030,2023,0,2
3031,2023,1,11
3033,2023,0,4
3034,2023,5,29
3035,2023,8,56
3054,2023,3,56
3055,2023,1,24
3056,2023,2,12
3057,2023,68,184
3058,2023,12,105
3059,2023,0,6
3061,2023,0,7
3062,2023,2,43
3063,2023,0,7
3064,2023,0,17
3065,2023,1,22
3067,2023,1,3
3068,2023,15,25
3069,2023,0,1
3071,2023,0,1
3072,2023,0,7
3073,2023,8,31
3074,2023,0,2
3075,2023,1,16
3076,2023,0,10
3077,2023,2,18
3078,2023,1,6
3079,2023,13,43
3081,2023,3,19
3082,2023,11,29
3083,2023,16,107
3099,2023,0,264
3102,2023,2,23
3103,2023,4,21
3104,2023,0,9
3105,2023,5,30
3106,2023,8,40
3107,2023,1,10
3108,2023,0,9
3109,2023,1,22
3110,2023,0,5
3111,2023,0,51
3112,2023,0,1
3114,2023,11,26
3115,2023,0,2
3116,2023,0,5
3117,2023,24,69
3118,2023,0,13
3119,2023,4,29
3120,2023,6,29
3121,2023,3,28
3123,2023,2,13
3124,2023,54,162
3125,2023,11,56
3126,2023,0,3
3127,2023,2,14
3128,2023,1,12
3129,2023,24,74
3130,2023,42,162
3145,2023,0,1308
3147,2023,1,291
3148,2023,6,49
3149,2023,7,86
3150,2023,2,17
3151,2023,6,34
3152,2023,0,9
3153,2023,0,4
3154,2023,1,5
3155,2023,0,3
3156,2023,0,14
3157,2023,93,238
3158,2023,43,226
3159,2023,17,51
3160,2023,6,120
3161,2023,2,27
3162,2023,29,112
3163,2023,3,41
3164,2023,7,90
3165,2023,6,33
3166,2023,8,35
3167,2023,11,50
3168,2023,1,46
3169,2023,1,5
3170,2023,11,36
3171,2023,5,87
3172,2023,1,5
3173,2023,5,22
3174,2023,180,719
3175,2023,6,221
3176,2023,12,39
3177,2023,1,15
3191,2023,0,367
3192,2023,0,918
3194,2023,0,36
3195,2023,3,99
3196,2023,120,437
3197,2023,7,31
3198,2023,6,14
3199,2023,7,23
3200,2023,3,15
3201,2023,0,8
3202,2023,2,10
3203,2023,5,72
3205,2023,0,7
3206,2023,52,116
3207,2023,2,31
3210,2023,1,12
3211,2023,0,5
3213,2023,4,16
3214,2023,6,36
3215,2023,23,112
3216,2023,8,62
3217,2023,27,114
3228,2023,1,2300
3230,2023,0,76
3232,2023,0,29
3233,2023,36,237
3234,2023,138,1033
3235,2023,28,206
3236,2023,7,78
3237,2023,0,12
3242,2023,0,2
3243,2023,0,7
3244,2023,2,5
3247,2023,32,103
3248,2023,12,57
3249,2023,34,189
3250,2023,436,854
3251,2023,30,120
3264,2023,0,10
3265,2023,0,9
3266,2023,27,166
3267,2023,1,57
3272,2023,0,3
3275,2023,20,97
3276,2023,55,103
3277,2023,118,278
3278,2023,27,80
3279,2023,23,118
3280,2023,0,2
3289,2023,15,76
3291,2023,1,40
3292,2023,220,575
3293,2023,546,758
3294,2023,40,168
3295,2023,3,39
3296,2023,2,30
3297,2023,6,55
3308,2023,79,256
3309,2023,90,368
3310,2023,0,8
3311,2023,4,52
3312,2023,1,5
3313,2023,18,137
3314,2023,10,51
3323,2023,13,79
3324,2023,4,18
3325,2023,0,1
3326,2023,6,73
3327,2023,94,290
3334,2023,31,148
3335,2023,20,191
3336,2023,1,36
3337,2023,21,71
3338,2023,107,304
3344,2023,15,126
3345,2023,0,13
3346,2023,25,53
3347,2023,363,651
3354,2023,9,60
3355,2023,60,188
3361,2023,4,19
3362,2023,3,12
144,2024,1,2
147,2024,0,1
190,2024,1,10
197,2024,0,2
202,2024,0,14
207,2024,0,3
255,2024,3,18
256,2024,0,2
257,2024,1,10
263,2024,0,36
266,2024,0,61
271,2024,0,15
272,2024,0,4
274,2024,0,6
275,2024,12,154
319,2024,2,7
320,2024,1,6
322,2024,5,24
323,2024,1,8
325,2024,6,17
326,2024,0,15
327,2024,0,258
329,2024,0,7
336,2024,32,124
337,2024,8,73
338,2024,0,29
374,2024,0,11
380,2024,0,7
381,2024,0,1
383,2024,0,5
385,2024,3,39
386,2024,1,14
387,2024,16,603
388,2024,1,10
389,2024,0,183
390,2024,1,33
391,2024,0,57
395,2024,31,142
396,2024,0,6
398,2024,1,7
400,2024,0,65
401,2024,159,642
402,2024,7,153
403,2024,3,84
406,2024,2,27
407,2024,6,39
408,2024,6,85
409,2024,7,203
410,2024,6,323
452,2024,0,4
455,2024,21,114
456,2024,1,19
457,2024,0,9
458,2024,0,3
459,2024,5,22
460,2024,15,232
461,2024,1,19
462,2024,28,154
463,2024,1,18
464,2024,1,37
465,2024,0,16
469,2024,24,171
470,2024,0,51
472,2024,0,3
474,2024,9,117
475,2024,16,201
476,2024,14,109
477,2024,3,19
478,2024,11,58
479,2024,7,173
480,2024,1,89
481,2024,1,50
482,2024,0,82
483,2024,4,48
484,2024,10,66
485,2024,19,165
532,2024,0,8
533,2024,0,4
534,2024,0,3
535,2024,10,62
536,2024,0,7
537,2024,0,11
538,2024,1,14
539,2024,1,12
540,2024,4,13
541,2024,1,7
542,2024,4,41
543,2024,0,12
546,2024,4,11
547,2024,0,12
548,2024,0,1
549,2024,0,22
550,2024,37,204
552,2024,15,93
553,2024,2,55
554,2024,0,66
555,2024,2,60
556,2024,97,540
557,2024,15,276
558,2024,0,113
559,2024,0,71
560,2024,4,56
561,2024,49,315
562,2024,0,40
609,2024,4,8
610,2024,0,2
611,2024,0,4
612,2024,0,9
613,2024,3,10
614,2024,6,90
615,2024,3,14
616,2024,1,20
618,2024,0,1
619,2024,1,23
620,2024,1,6
621,2024,0,4
622,2024,0,12
623,2024,1,9
625,2024,0,8
626,2024,13,118
627,2024,3,29
628,2024,2,9
629,2024,0,15
630,2024,58,401
631,2024,6,64
632,2024,0,10
633,2024,4,54
634,2024,1,32
635,2024,18,278
636,2024,9,213
637,2024,17,226
638,2024,22,126
639,2024,5,110
640,2024,8,96
688,2024,0,16
689,2024,0,9
690,2024,17,71
691,2024,25,255
692,2024,7,160
693,2024,1,11
694,2024,5,15
695,2024,0,2
696,2024,1,3
697,2024,2,21
698,2024,0,11
699,2024,0,11
700,2024,0,3
701,2024,4,52
703,2024,6,77
704,2024,3,30
705,2024,7,61
706,2024,0,6
707,2024,1,4
708,2024,1,27
709,2024,2,19
710,2024,0,10
711,2024,1,8
712,2024,0,29
713,2024,19,113
714,2024,10,166
715,2024,4,143
716,2024,39,243
717,2024,29,316
718,2024,3,146
766,2024,0,8
767,2024,1,2
768,2024,0,7
769,2024,334,1376
770,2024,64,433
771,2024,4,37
772,2024,5,32
773,2024,0,4
774,2024,1,11
775,2024,92,378
776,2024,1,13
777,2024,3,16
778,2024,71,193
779,2024,2,10
780,2024,1,14
781,2024,3,48
782,2024,0,17
783,2024,4,32
784,2024,3,39
785,2024,2,19
787,2024,6,26
788,2024,2,40
789,2024,2,22
790,2024,1,8
791,2024,1,20
792,2024,9,73
793,2024,14,124
794,2024,23,259
795,2024,19,231
796,2024,1046,3009
797,2024,22,199
844,2024,0,3
846,2024,0,9
847,2024,1,11
848,2024,3,56
849,2024,3,38
850,2024,3,41
851,2024,2,6
852,2024,0,4
854,2024,29,118
855,2024,6,22
856,2024,7,110
857,2024,28,81
859,2024,2,35
860,2024,0,3
861,2024,3,39
862,2024,1,9
863,2024,3,28
865,2024,0,1
867,2024,41,223
868,2024,6,39
869,2024,11,82
870,2024,232,706
871,2024,15,57
872,2024,131,508
873,2024,2,41
874,2024,2,19
875,2024,6,44
876,2024,99,415
877,2024,4,92
878,2024,137,588
879,2024,43,266
880,2024,287,1426
881,2024,190,866
882,2024,18,516
883,2024,1,69
931,2024,1,4
932,2024,0,3
933,2024,0,3
934,2024,26,73
935,2024,0,8
936,2024,0,17
937,2024,7,81
938,2024,1,30
939,2024,13,69
940,2024,2,45
941,2024,5,30
942,2024,36,72
943,2024,0,27
944,2024,1,34
945,2024,2,19
946,2024,2,12
947,2024,0,10
948,2024,9,66
949,2024,16,159
952,2024,2,11
953,2024,120,374
954,2024,51,373
955,2024,62,138
956,2024,0,36
957,2024,6,65
958,2024,108,679
959,2024,3,31
960,2024,3,19
961,2024,2,50
962,2024,24,186
963,2024,6,154
964,2024,88,345
965,2024,43,307
966,2024,133,489
967,2024,19,202
968,2024,18,184
969,2024,0,52
1019,2024,0,3
1021,2024,2,26
1022,2024,0,3
1023,2024,0,13
1024,2024,2,35
1025,2024,2,13
1026,2024,1,23
1027,2024,11,110
1028,2024,7,70
1029,2024,5,50
1030,2024,21,285
1032,2024,10,74
1033,2024,11,295
1034,2024,1,16
1035,2024,3,28
1036,2024,1,57
1037,2024,9,116
1038,2024,21,102
1039,2024,10,29
1040,2024,1,25
1041,2024,0,12
1042,2024,1,8
1043,2024,4,53
1044,2024,3,99
1045,2024,20,225
1046,2024,0,22
1047,2024,2,62
1048,2024,19,266
1049,2024,75,409
1050,2024,119,640
1051,2024,36,192
1052,2024,3,125
1104,2024,0,4
1105,2024,2,7
1106,2024,0,7
1107,2024,2,8
1108,2024,6,23
1109,2024,2,10
1110,2024,2,50
1111,2024,129,782
1112,2024,14,80
1113,2024,47,306
1114,2024,23,80
1115,2024,7,113
1116,2024,0,90
1117,2024,45,552
1118,2024,47,538
1119,2024,136,767
1120,2024,6,30
1122,2024,6,228
1123,2024,3,32
1124,2024,0,32
1125,2024,0,8
1126,2024,0,4
1127,2024,1,11
1128,2024,0,10
1129,2024,11,83
1130,2024,19,81
1131,2024,20,132
1132,2024,33,884
1133,2024,110,627
1134,2024,62,470
1135,2024,9,142
1136,2024,5,25
1183,2024,0,22
1184,2024,0,1
1189,2024,0,6
1190,2024,0,44
1191,2024,0,2
1193,2024,59,119
1194,2024,1,5
1195,2024,30,194
1196,2024,6,76
1197,2024,471,934
1198,2024,8,51
1199,2024,21,181
1200,2024,4,32
1201,2024,3,31
1202,2024,26,653
1203,2024,25,159
1204,2024,5,76
1205,2024,2,39
1206,2024,5,62
1207,2024,38,137
1208,2024,2,48
1209,2024,1,36
1210,2024,2,36
1211,2024,1,13
1212,2024,13,144
1213,2024,49,185
1214,2024,14,162
1215,2024,70,411
1216,2024,420,1486
1217,2024,1509,3237
1218,2024,35,256
1270,2024,0,145
1273,2024,4,93
1274,2024,0,7
1275,2024,0,5
1276,2024,5,24
1277,2024,30,204
1278,2024,4,60
1279,2024,187,1209
1280,2024,543,1515
1281,2024,4,42
1282,2024,9,135
1283,2024,4,47
1284,2024,0,30
1285,2024,0,15
1286,2024,2,187
1287,2024,0,248
1288,2024,13,169
1289,2024,22,340
1290,2024,101,1101
1291,2024,4,111
1292,2024,10,110
1293,2024,32,162
1294,2024,2,20
1295,2024,2,20
1296,2024,41,266
1297,2024,0,11
1298,2024,13,87
1299,2024,12,75
1300,2024,86,272
1301,2024,607,1058
1302,2024,228,927
1303,2024,20,183
1355,2024,1,104
1358,2024,54,204
1359,2024,4,12
1360,2024,7,53
1361,2024,0,8
1362,2024,1,11
1363,2024,1,10
1364,2024,54,382
1365,2024,20,174
1366,2024,17,157
1367,2024,1,11
1368,2024,3,30
1369,2024,14,109
1370,2024,1,13
1371,2024,4,30
1372,2024,1,13
1373,2024,0,5
1374,2024,12,100
1375,2024,84,833
1376,2024,4,79
1377,2024,9,192
1378,2024,15,174
1379,2024,34,123
1380,2024,1,24
1381,2024,3,52
1382,2024,4,23
1383,2024,54,232
1384,2024,23,95
1385,2024,118,579
1386,2024,565,2775
1387,2024,16,110
1388,2024,8,67
1391,2024,16,492
1392,2024,37,1328
1435,2024,13,261
1436,2024,1,4
1439,2024,0,32
1442,2024,0,1
1443,2024,0,3
1444,2024,3,14
1445,2024,2,2
1446,2024,2,24
1447,2024,12,59
1448,2024,1,15
1449,2024,5,36
1450,2024,0,17
1452,2024,2,8
1453,2024,3,43
1454,2024,1,5
1455,2024,8,53
1456,2024,0,10
1457,2024,7,113
1458,2024,18,245
1459,2024,20,162
1460,2024,10,43
1461,2024,4,151
1462,2024,103,790
1463,2024,7,125
1464,2024,2,49
1465,2024,0,16
1466,2024,14,63
1467,2024,45,216
1468,2024,28,244
1469,2024,87,444
1470,2024,37,195
1471,2024,19,120
1472,2024,9,31
1473,2024,16,2315
1476,2024,0,82
1519,2024,4,20
1524,2024,0,2
1526,2024,0,5
1527,2024,10,32
1528,2024,0,7
1529,2024,1,28
1530,2024,5,53
1531,2024,9,190
1532,2024,0,4
1534,2024,144,400
1535,2024,0,13
1536,2024,0,8
1537,2024,14,38
1538,2024,0,2
1539,2024,1,11
1540,2024,1,15
1541,2024,154,718
1542,2024,0,46
1543,2024,0,61
1544,2024,0,17
1545,2024,0,29
1546,2024,19,201
1547,2024,3,80
1548,2024,11,112
1549,2024,2,27
1550,2024,41,231
1551,2024,105,680
1552,2024,287,1043
1553,2024,20,260
1554,2024,13,145
1555,2024,12,204
1556,2024,186,1569
1557,2024,150,2328
1559,2024,1,37
1603,2024,1,9
1608,2024,0,11
1610,2024,2,4
1611,2024,0,2
1612,2024,0,17
1614,2024,1,25
1615,2024,121,467
1616,2024,3,41
1617,2024,1,6
1618,2024,1,135
1619,2024,2,220
1620,2024,6,42
1621,2024,2,45
1622,2024,40,163
1623,2024,35,120
1624,2024,41,191
1625,2024,3,38
1626,2024,0,9
1627,2024,2,9
1629,2024,13,309
1630,2024,9,126
1631,2024,0,8
1632,2024,16,95
1633,2024,60,317
1634,2024,1679,5436
1635,2024,143,872
1636,2024,35,147
1637,2024,10,72
1638,2024,35,287
1640,2024,533,2872
1687,2024,0,6
1691,2024,0,1
1692,2024,0,3
1693,2024,0,6
1694,2024,1,5
1695,2024,2,7
1696,2024,0,52
1697,2024,0,6
1698,2024,0,3
1700,2024,3,53
1701,2024,2,50
1702,2024,2,206
1703,2024,0,12
1704,2024,42,165
1705,2024,53,275
1706,2024,3,8
1707,2024,1,15
1708,2024,5,45
1709,2024,29,185
1710,2024,1,18
1711,2024,1,35
1712,2024,3,70
1713,2024,7,134
1714,2024,1,25
1715,2024,11,185
1716,2024,16,102
1717,2024,94,449
1718,2024,14,123
1719,2024,72,234
1720,2024,56,142
1721,2024,10,249
1722,2024,24,3171
1768,2024,1,4
1769,2024,3,24
1770,2024,2,7
1772,2024,0,1
1774,2024,3,9
1777,2024,1,3
1779,2024,1,6
1780,2024,34,153
1781,2024,1,8
1782,2024,0,37
1783,2024,8,125
1784,2024,7,58
1785,2024,2,12
1786,2024,12,78
1787,2024,93,339
1788,2024,1,4
1789,2024,0,10
1790,2024,3,16
1791,2024,0,15
1792,2024,0,7
1793,2024,1,21
1794,2024,1,11
1795,2024,3,100
1796,2024,13,57
1797,2024,34,177
1798,2024,3,59
1799,2024,19,52
1800,2024,32,158
1801,2024,15,67
1802,2024,3,23
1803,2024,5,193
1848,2024,1,70
1850,2024,25,118
1851,2024,53,273
1852,2024,10,48
1853,2024,0,1
1855,2024,10,220
1856,2024,1,13
1857,2024,5,22
1858,2024,14,56
1859,2024,23,107
1860,2024,2,4
1861,2024,0,2
1863,2024,11,14
1865,2024,0,12
1867,2024,4,29
1868,2024,2,9
1869,2024,1,7
1870,2024,0,1
1871,2024,1,5
1872,2024,3,25
1873,2024,12,35
1874,2024,18,46
1875,2024,9,87
1876,2024,5,25
1877,2024,2,10
1878,2024,5,45
1879,2024,41,213
1880,2024,4,36
1881,2024,169,436
1882,2024,13,65
1883,2024,19,84
1884,2024,2,33
1929,2024,0,4
1931,2024,9,23
1932,2024,7,32
1933,2024,2,16
1934,2024,3,37
1935,2024,1,8
1936,2024,2,4
1937,2024,4,30
1938,2024,5,26
1939,2024,15,232
1940,2024,114,414
1941,2024,0,9
1942,2024,1,10
1944,2024,0,1
1946,2024,1,9
1947,2024,0,12
1948,2024,85,304
1949,2024,2,20
1950,2024,37,310
1951,2024,2,10
1952,2024,15,37
1953,2024,0,5
1954,2024,1,7
1955,2024,0,3
1956,2024,3,48
1957,2024,0,17
1958,2024,1,13
1959,2024,21,95
1960,2024,1,13
1961,2024,47,107
1962,2024,19,101
1963,2024,7,40
1964,2024,530,889
1965,2024,84,192
2010,2024,0,2
2013,2024,1,13
2015,2024,0,17
2016,2024,0,1
2017,2024,3,19
2018,2024,0,9
2019,2024,0,5
2020,2024,0,7
2021,2024,0,12
2022,2024,2,31
2023,2024,0,4
2024,2024,0,1
2025,2024,0,3
2026,2024,10,39
2027,2024,3,7
2028,2024,3,14
2029,2024,4,26
2030,2024,1,5
2031,2024,13,72
2032,2024,2,14
2033,2024,1,11
2034,2024,1,9
2035,2024,2,25
2037,2024,0,9
2038,2024,85,268
2039,2024,4,58
2040,2024,3,17
2041,2024,0,4
2042,2024,2,5
2044,2024,1,5
2045,2024,3,32
2046,2024,12,107
2089,2024,0,156
2095,2024,0,2
2096,2024,3,17
2097,2024,0,1
2098,2024,0,10
2099,2024,0,9
2100,2024,3,11
2101,2024,0,7
2102,2024,1,19
2103,2024,26,85
2104,2024,8,23
2105,2024,0,5
2106,2024,3,14
2107,2024,0,5
2108,2024,18,55
2109,2024,1,3
2110,2024,1,10
2111,2024,1,16
2112,2024,3,6
2113,2024,0,1
2114,2024,3,10
2115,2024,1,18
2116,2024,9,31
2117,2024,2,15
2118,2024,1,21
2119,2024,5,43
2120,2024,10,28
2121,2024,2,3
2122,2024,7,19
2123,2024,1,12
2124,2024,1,4
2126,2024,2,14
2127,2024,16,209
2173,2024,0,6
2174,2024,0,21
2175,2024,1,22
2176,2024,0,1
2177,2024,17,62
2179,2024,0,9
2180,2024,2,12
2181,2024,1,9
2182,2024,0,6
2183,2024,1,11
2184,2024,1,18
2185,2024,2,25
2186,2024,5,69
2187,2024,1,4
2188,2024,0,3
2189,2024,19,42
2190,2024,1,4
2191,2024,1,15
2192,2024,0,2
2193,2024,2,8
2194,2024,10,31
2195,2024,0,6
2196,2024,40,164
2197,2024,4,45
2198,2024,1,37
2199,2024,6,27
2200,2024,20,90
2201,2024,447,611
2202,2024,955,2120
2203,2024,73,369
2204,2024,3,24
2205,2024,3,9
2206,2024,1,10
2207,2024,0,44
2208,2024,7,66
2253,2024,0,17
2254,2024,7,25
2255,2024,5,12
2256,2024,0,2
2257,2024,9,35
2258,2024,1,5
2259,2024,6,34
2260,2024,0,3
2261,2024,0,7
2262,2024,0,6
2264,2024,0,3
2266,2024,0,6
2267,2024,2,7
2268,2024,12,44
2269,2024,12,66
2270,2024,3,13
2271,2024,10,89
2272,2024,2,16
2273,2024,0,7
2274,2024,2,13
2275,2024,4,22
2276,2024,9,31
2277,2024,3,11
2278,2024,12,74
2279,2024,37,529
2280,2024,20,66
2281,2024,14,21
2282,2024,47,108
2283,2024,16,58
2284,2024,47,346
2285,2024,251,754
2286,2024,3,43
2287,2024,3,14
2288,2024,3,18
2289,2024,0,3
2290,2024,0,21
2336,2024,3,66
2337,2024,1,15
2338,2024,4,15
2339,2024,28,130
2340,2024,4,52
2341,2024,2,20
2342,2024,4,39
2344,2024,0,19
2345,2024,1,9
2346,2024,5,25
2348,2024,6,28
2349,2024,1,6
2350,2024,0,5
2351,2024,1,7
2352,2024,203,457
2353,2024,90,287
2354,2024,3,27
2355,2024,12,36
2356,2024,3,25
2357,2024,106,247
2358,2024,282,824
2359,2024,14,81
2360,2024,61,278
2361,2024,4,41
2362,2024,4,16
2363,2024,131,292
2364,2024,9,44
2365,2024,0,12
2366,2024,5,51
2367,2024,6,14
2368,2024,2,15
2369,2024,2,5
2370,2024,12,45
2371,2024,4,80
2412,2024,0,76
2413,2024,0,17
2414,2024,3,209
2415,2024,2,14
2416,2024,0,19
2417,2024,69,216
2418,2024,4,44
2419,2024,1,49
2420,2024,0,8
2421,2024,0,9
2422,2024,1,4
2423,2024,5,26
2424,2024,13,42
2425,2024,1,7
2427,2024,3,37
2428,2024,0,1
2429,2024,0,1
2430,2024,1,22
2431,2024,7,43
2432,2024,2,18
2433,2024,2,22
2434,2024,26,63
2435,2024,33,58
2436,2024,3,32
2437,2024,20,125
2438,2024,41,146
2439,2024,14,60
2440,2024,170,277
2441,2024,101,285
2442,2024,18,42
2443,2024,1,32
2444,2024,1,12
2445,2024,1,14
2446,2024,0,6
2447,2024,1,20
2448,2024,4,46
2489,2024,0,62
2490,2024,0,2
2491,2024,0,3
2492,2024,0,10
2493,2024,1,16
2494,2024,3,549
2495,2024,0,8
2496,2024,19,68
2497,2024,0,2
2498,2024,3,23
2499,2024,0,9
2501,2024,0,7
2502,2024,33,110
2503,2024,0,15
2504,2024,2,5
2505,2024,3,10
2506,2024,1,8
2508,2024,1,19
2509,2024,3,31
2510,2024,53,227
2511,2024,108,268
2512,2024,6,36
2513,2024,8,38
2514,2024,6,23
2515,2024,61,241
2516,2024,27,99
2517,2024,1,4
2518,2024,1,3
2519,2024,0,6
2520,2024,3,12
2521,2024,2,2
2522,2024,0,4
2523,2024,0,5
2524,2024,33,110
2563,2024,0,101
2564,2024,1,15
2565,2024,1,3
2569,2024,2,27
2570,2024,0,14
2571,2024,0,12
2572,2024,6,35
2573,2024,6,46
2574,2024,0,1
2575,2024,1,1
2577,2024,25,101
2578,2024,1,5
2579,2024,2,2
2580,2024,6,11
2581,2024,30,91
2582,2024,5,54
2583,2024,55,177
2584,2024,2,30
2585,2024,0,14
2586,2024,4,12
2587,2024,44,105
2588,2024,4,36
2589,2024,1,10
2590,2024,14,39
2591,2024,7,23
2592,2024,3,11
2593,2024,27,78
2594,2024,12,26
2595,2024,5,24
2596,2024,0,3
2597,2024,26,76
2598,2024,0,34
2636,2024,1,62
2640,2024,1,7
2641,2024,0,5
2642,2024,0,9
2643,2024,8,42
2644,2024,11,41
2645,2024,14,57
2647,2024,0,1
2649,2024,2,18
2650,2024,11,36
2651,2024,1,10
2652,2024,0,2
2653,2024,1,3
2654,2024,1,15
2655,2024,2,10
2656,2024,14,38
2657,2024,0,9
2658,2024,12,51
2659,2024,101,475
2660,2024,72,254
2661,2024,53,304
2662,2024,2,5
2663,2024,0,9
2664,2024,5,11
2665,2024,0,4
2666,2024,25,74
2667,2024,1,7
2669,2024,13,104
2706,2024,0,7
2708,2024,0,1
2709,2024,7,35
2710,2024,0,5
2711,2024,2,19
2712,2024,0,7
2713,2024,0,3
2714,2024,1,4
2715,2024,2,6
2716,2024,0,5
2718,2024,1,12
2719,2024,1,2
2721,2024,0,3
2722,2024,3,7
2723,2024,2,15
2724,2024,8,83
2725,2024,2,13
2726,2024,15,34
2727,2024,24,96
2728,2024,97,433
2729,2024,39,102
2730,2024,4,16
2731,2024,3,13
2732,2024,2,8
2733,2024,25,53
2734,2024,0,1
2736,2024,11,48
2737,2024,6,29
2772,2024,0,195
2773,2024,0,9
2774,2024,0,36
2775,2024,0,4
2776,2024,0,1
2777,2024,0,4
2782,2024,1,9
2784,2024,0,12
2785,2024,0,8
2786,2024,11,37
2787,2024,0,11
2788,2024,2,11
2789,2024,99,181
2790,2024,54,201
2791,2024,1,11
2792,2024,4,11
2793,2024,0,17
2794,2024,2,22
2795,2024,0,7
2796,2024,8,38
2797,2024,13,31
2799,2024,0,2
2800,2024,1,10
2801,2024,1,16
2802,2024,8,109
2803,2024,42,126
2836,2024,0,414
2838,2024,0,26
2839,2024,0,5
2840,2024,0,6
2841,2024,0,7
2842,2024,0,8
2844,2024,0,10
2846,2024,1,3
2847,2024,0,1
2850,2024,0,20
2851,2024,1,10
2852,2024,3,5
2853,2024,2,14
2854,2024,1,8
2855,2024,0,1
2856,2024,0,6
2857,2024,139,234
2858,2024,3,16
2859,2024,1,2
2860,2024,3,13
2861,2024,1,3
2863,2024,4,23
2864,2024,3,12
2865,2024,13,101
2866,2024,17,82
2896,2024,0,1778
2897,2024,0,834
2898,2024,2,54
2899,2024,5,49
2900,2024,2,16
2901,2024,8,31
2902,2024,8,42
2903,2024,2,6
2904,2024,1,6
2905,2024,2,9
2906,2024,0,1
2909,2024,1,12
2910,2024,0,2
2912,2024,1,3
2913,2024,1,4
2914,2024,1,26
2915,2024,4,20
2916,2024,18,47
2917,2024,1,29
2918,2024,9,28
2919,2024,19,39
2920,2024,2,8
2923,2024,0,3
2924,2024,0,1
2925,2024,3,9
2926,2024,57,214
2953,2024,0,132
2956,2024,0,27
2957,2024,11,65
2958,2024,2,18
2959,2024,1,7
2960,2024,10,54
2961,2024,2,3
2962,2024,0,4
2963,2024,0,3
2965,2024,1,8
2966,2024,0,4
2967,2024,120,143
2969,2024,0,4
2970,2024,1,1
2971,2024,0,1
2972,2024,0,5
2974,2024,0,4
2975,2024,7,46
2976,2024,1,19
2977,2024,0,6
2978,2024,2,36
2979,2024,0,4
2980,2024,3,19
2981,2024,0,1
2982,2024,0,4
2983,2024,0,12
2984,2024,2,35
3007,2024,1,39
3008,2024,1,6
3009,2024,0,6
3010,2024,1,16
3012,2024,0,10
3013,2024,1,3
3015,2024,0,1
3016,2024,0,1
3017,2024,0,3
3019,2024,2,9
3020,2024,0,1
3022,2024,0,7
3023,2024,0,2
3024,2024,2,21
3025,2024,8,28
3026,2024,3,10
3027,2024,5,14
3028,2024,1,6
3029,2024,0,4
3030,2024,0,3
3031,2024,0,15
3033,2024,0,11
3034,2024,5,19
3035,2024,15,61
3054,2024,4,35
3055,2024,3,38
3056,2024,0,6
3057,2024,25,112
3058,2024,3,33
3059,2024,0,1
3061,2024,0,3
3062,2024,0,20
3063,2024,0,6
3064,2024,0,9
3065,2024,0,15
3067,2024,1,5
3068,2024,5,16
3069,2024,0,1
3071,2024,0,2
3072,2024,1,7
3073,2024,4,19
3074,2024,0,1
3075,2024,0,5
3076,2024,0,19
3077,2024,0,11
3078,2024,2,8
3079,2024,6,34
3080,2024,0,1
3081,2024,5,15
3082,2024,9,15
3083,2024,12,106
3099,2024,0,144
3102,2024,0,20
3103,2024,4,21
3104,2024,0,4
3105,2024,6,29
3106,2024,0,7
3107,2024,5,13
3108,2024,0,4
3109,2024,1,12
3110,2024,1,5
3111,2024,2,13
3113,2024,2,5
3114,2024,3,21
3115,2024,0,5
3116,2024,2,4
3117,2024,17,45
3118,2024,4,9
3119,2024,9,27
3120,2024,9,24
3121,2024,5,16
3123,2024,1,13
3124,2024,42,124
3125,2024,12,40
3127,2024,1,10
3128,2024,2,6
3129,2024,21,90
3130,2024,37,144
3145,2024,2,1465
3147,2024,3,366
3148,2024,7,71
3149,2024,6,84
3150,2024,8,26
3151,2024,3,19
3152,2024,1,2
3153,2024,1,5
3154,2024,0,3
3155,2024,0,3
3156,2024,0,10
3157,2024,70,312
3158,2024,29,115
3159,2024,8,41
3160,2024,8,62
3161,2024,2,28
3162,2024,18,78
3163,2024,12,60
3164,2024,19,140
3165,2024,10,41
3166,2024,3,25
3167,2024,7,33
3168,2024,6,36
3169,2024,0,2
3170,2024,13,35
3171,2024,3,94
3172,2024,0,2
3173,2024,3,12
3174,2024,173,812
3175,2024,7,236
3176,2024,41,82
3177,2024,1,29
3191,2024,1,472
3192,2024,0,1177
3194,2024,1,29
3195,2024,21,92
3196,2024,84,366
3197,2024,13,68
3198,2024,6,8
3199,2024,2,18
3200,2024,7,43
3201,2024,0,16
3202,2024,0,1
3203,2024,0,53
3205,2024,1,8
3206,2024,137,243
3207,2024,3,27
3210,2024,2,13
3211,2024,0,6
3213,2024,1,15
3214,2024,2,19
3215,2024,17,78
3216,2024,6,61
3217,2024,23,100
3228,2024,0,5439
3230,2024,1,132
3232,2024,1,62
3233,2024,18,234
3234,2024,189,913
3235,2024,46,249
3236,2024,5,89
3237,2024,0,14
3242,2024,0,3
3243,2024,0,3
3244,2024,0,7
3247,2024,14,80
3248,2024,3,43
3249,2024,24,165
3250,2024,801,1261
3251,2024,21,136
3264,2024,0,22
3265,2024,0,11
3266,2024,30,186
3267,2024,6,85
3272,2024,0,9
3275,2024,19,128
3276,2024,13,58
3277,2024,159,316
3278,2024,32,96
3279,2024,56,177
3289,2024,0,24
3291,2024,0,51
3292,2024,162,505
3293,2024,384,573
3294,2024,24,89
3295,2024,5,45
3296,2024,3,61
3297,2024,14,64
3308,2024,45,153
3309,2024,67,305
3310,2024,0,12
3311,2024,7,107
3312,2024,1,6
3313,2024,24,151
3314,2024,14,54
3323,2024,13,77
3324,2024,1,13
3325,2024,0,7
3326,2024,10,102
3327,2024,121,422
3334,2024,49,261
3335,2024,29,189
3336,2024,0,19
3337,2024,26,92
3338,2024,167,432
3344,2024,9,150
3345,2024,3,37
3346,2024,30,55
3347,2024,516,892
3354,2024,3,48
3355,2024,18,69
3361,2024,6,16
3362,2024,7,18
144,2025,0,4
147,2025,0,2
190,2025,2,6
197,2025,0,3
202,2025,1,18
207,2025,1,3
255,2025,0,18
256,2025,0,4
257,2025,0,6
263,2025,0,75
266,2025,1,54
271,2025,0,28
272,2025,0,4
274,2025,2,6
275,2025,24,132
319,2025,2,5
320,2025,0,4
322,2025,3,41
323,2025,0,22
325,2025,2,10
326,2025,0,10
327,2025,1,318
329,2025,0,17
336,2025,62,160
337,2025,17,95
338,2025,0,46
374,2025,1,5
380,2025,0,1
381,2025,0,1
383,2025,0,4
385,2025,5,61
386,2025,1,13
387,2025,0,14
388,2025,4,36
389,2025,0,257
390,2025,0,22
391,2025,2,90
395,2025,9,69
396,2025,0,11
398,2025,0,7
400,2025,2,51
401,2025,90,825
402,2025,7,171
403,2025,6,120
406,2025,5,38
407,2025,26,126
408,2025,9,69
409,2025,14,280
410,2025,8,387
452,2025,0,3
455,2025,28,118
456,2025,1,26
457,2025,1,9
458,2025,0,18
459,2025,4,30
460,2025,2,18
461,2025,13,73
462,2025,41,266
463,2025,0,8
464,2025,0,21
465,2025,0,13
469,2025,81,315
470,2025,0,58
472,2025,0,9
474,2025,2,83
475,2025,3,199
476,2025,33,240
477,2025,0,24
478,2025,27,91
479,2025,3,127
480,2025,0,96
481,2025,4,98
482,2025,0,80
483,2025,1,47
484,2025,13,102
485,2025,9,143
532,2025,0,13
533,2025,1,3
534,2025,0,4
535,2025,12,78
536,2025,0,7
537,2025,0,32
538,2025,1,15
539,2025,0,9
540,2025,0,13
541,2025,0,10
542,2025,0,50
543,2025,2,19
546,2025,0,9
547,2025,1,4
548,2025,1,10
549,2025,1,27
550,2025,16,141
552,2025,10,90
553,2025,2,48
554,2025,1,78
555,2025,1,67
556,2025,126,810
557,2025,6,271
558,2025,2,150
559,2025,3,114
560,2025,3,75
561,2025,43,340
562,2025,2,40
609,2025,0,6
610,2025,1,6
611,2025,0,3
612,2025,2,39
613,2025,3,13
614,2025,17,87
615,2025,1,12
616,2025,1,21
618,2025,2,12
619,2025,5,58
620,2025,1,16
621,2025,0,2
622,2025,0,5
623,2025,0,8
625,2025,0,5
626,2025,12,65
627,2025,1,28
628,2025,0,11
629,2025,1,12
630,2025,72,466
631,2025,5,62
632,2025,0,5
633,2025,0,58
634,2025,0,48
635,2025,4,150
636,2025,5,146
637,2025,45,406
638,2025,10,119
639,2025,16,119
640,2025,12,105
688,2025,1,15
689,2025,1,9
690,2025,40,135
691,2025,45,354
692,2025,18,252
693,2025,0,10
694,2025,0,9
695,2025,1,4
696,2025,0,2
697,2025,2,12
698,2025,1,14
699,2025,0,6
700,2025,0,5
701,2025,2,54
703,2025,26,107
704,2025,5,65
705,2025,7,52
706,2025,0,6
707,2025,0,10
708,2025,0,14
709,2025,2,6
710,2025,0,6
711,2025,0,24
712,2025,0,27
713,2025,18,123
714,2025,6,139
715,2025,8,113
716,2025,190,455
717,2025,34,414
718,2025,1,143
766,2025,0,8
767,2025,0,3
768,2025,4,16
769,2025,353,1602
770,2025,90,535
771,2025,2,11
772,2025,10,49
774,2025,5,34
775,2025,60,308
776,2025,0,10
777,2025,2,20
778,2025,58,234
779,2025,4,11
780,2025,2,24
781,2025,9,55
782,2025,5,29
783,2025,5,34
784,2025,0,14
785,2025,3,19
787,2025,4,22
788,2025,3,35
789,2025,5,42
790,2025,0,9
791,2025,1,26
792,2025,17,142
793,2025,3,116
794,2025,29,243
795,2025,21,233
796,2025,1424,4094
797,2025,9,190
844,2025,0,1
846,2025,0,12
847,2025,0,34
848,2025,12,60
849,2025,7,59
850,2025,4,37
851,2025,0,1
852,2025,1,9
854,2025,25,118
855,2025,4,30
856,2025,33,135
857,2025,42,80
859,2025,7,44
860,2025,2,17
861,2025,8,81
862,2025,1,19
863,2025,0,11
865,2025,0,7
867,2025,113,315
868,2025,4,52
869,2025,10,79
870,2025,255,958
871,2025,13,89
872,2025,76,489
873,2025,4,41
874,2025,4,23
875,2025,4,45
876,2025,94,403
877,2025,6,111
878,2025,238,832
879,2025,129,421
880,2025,338,1820
881,2025,120,776
882,2025,19,488
883,2025,0,72
931,2025,0,3
932,2025,1,5
933,2025,0,3
934,2025,21,72
935,2025,0,9
936,2025,3,24
937,2025,11,103
938,2025,8,81
939,2025,24,115
940,2025,1,88
941,2025,3,38
942,2025,4,28
943,2025,0,24
944,2025,3,37
945,2025,0,14
946,2025,1,19
947,2025,0,19
948,2025,6,54
949,2025,15,164
952,2025,1,3
953,2025,163,461
954,2025,94,468
955,2025,91,182
956,2025,4,45
957,2025,5,56
958,2025,132,892
959,2025,1,18
960,2025,1,11
961,2025,0,38
962,2025,7,140
963,2025,4,96
964,2025,304,830
965,2025,17,248
966,2025,190,810
967,2025,62,389
968,2025,26,230
969,2025,3,64
1019,2025,0,2
1021,2025,1,11
1022,2025,1,4
1023,2025,0,3
1024,2025,1,25
1025,2025,1,5
1026,2025,3,26
1027,2025,14,95
1028,2025,10,80
1029,2025,9,84
1030,2025,20,330
1032,2025,20,107
1033,2025,14,297
1034,2025,1,24
1035,2025,4,68
1036,2025,3,104
1037,2025,17,183
1038,2025,52,220
1039,2025,4,24
1040,2025,2,20
1041,2025,7,61
1042,2025,1,16
1043,2025,5,37
1044,2025,2,116
1045,2025,40,319
1046,2025,1,23
1047,2025,1,66
1048,2025,22,276
1049,2025,28,265
1050,2025,100,860
1051,2025,31,188
1052,2025,9,175
1104,2025,1,4
1105,2025,0,8
1106,2025,0,6
1107,2025,0,4
1108,2025,7,25
1109,2025,0,13
1110,2025,6,79
1111,2025,177,985
1112,2025,30,144
1113,2025,68,530
1114,2025,49,201
1115,2025,3,132
1116,2025,3,68
1117,2025,47,492
1118,2025,44,429
1119,2025,151,865
1120,2025,6,47
1122,2025,4,237
1123,2025,5,34
1124,2025,1,24
1125,2025,1,5
1126,2025,0,19
1127,2025,1,15
1128,2025,0,21
1129,2025,13,73
1130,2025,6,93
1131,2025,11,121
1132,2025,54,924
1133,2025,159,882
1134,2025,125,725
1135,2025,11,162
1136,2025,1,23
1183,2025,0,27
1184,2025,1,1
1189,2025,0,1
1190,2025,3,37
1191,2025,0,6
1193,2025,91,221
1194,2025,3,17
1195,2025,41,205
1196,2025,8,92
1197,2025,458,882
1198,2025,9,56
1199,2025,28,280
1200,2025,8,45
1201,2025,3,50
1202,2025,62,635
1203,2025,18,180
1204,2025,5,108
1205,2025,0,33
1206,2025,6,62
1207,2025,34,143
1208,2025,0,33
1209,2025,2,49
1210,2025,1,37
1211,2025,3,19
1212,2025,16,114
1213,2025,65,460
1214,2025,18,192
1215,2025,51,348
1216,2025,552,1804
1217,2025,1765,3694
1218,2025,28,326
1270,2025,0,163
1273,2025,19,161
1274,2025,1,10
1275,2025,1,5
1276,2025,4,14
1277,2025,23,130
1278,2025,15,111
1279,2025,187,1405
1280,2025,581,1833
1281,2025,10,76
1282,2025,15,204
1283,2025,1,30
1284,2025,0,34
1285,2025,3,34
1286,2025,5,203
1287,2025,0,295
1288,2025,4,134
1289,2025,39,363
1290,2025,85,1008
1291,2025,13,122
1292,2025,10,81
1293,2025,23,144
1294,2025,1,25
1295,2025,4,43
1296,2025,40,241
1297,2025,1,14
1298,2025,12,73
1299,2025,6,59
1300,2025,38,277
1301,2025,310,693
1302,2025,219,937
1303,2025,11,229
1355,2025,1,153
1358,2025,54,231
1359,2025,2,10
1360,2025,18,81
1361,2025,0,4
1362,2025,0,5
1363,2025,1,9
1364,2025,61,348
1365,2025,18,221
1366,2025,8,96
1367,2025,0,16
1368,2025,3,24
1369,2025,7,96
1370,2025,1,8
1371,2025,5,64
1372,2025,3,37
1373,2025,1,8
1374,2025,9,106
1375,2025,109,752
1376,2025,13,92
1377,2025,12,419
1378,2025,22,250
1379,2025,34,160
1380,2025,11,41
1381,2025,12,65
1382,2025,11,43
1383,2025,60,242
1384,2025,33,157
1385,2025,145,787
1386,2025,563,2843
1387,2025,15,118
1388,2025,20,96
1391,2025,22,785
1392,2025,80,1599
1435,2025,8,282
1439,2025,0,22
1442,2025,2,2
1443,2025,0,1
1444,2025,0,3
1445,2025,0,7
1446,2025,0,11
1447,2025,7,37
1448,2025,2,9
1449,2025,23,55
1450,2025,0,15
1452,2025,2,33
1453,2025,7,41
1454,2025,1,19
1455,2025,31,78
1456,2025,1,73
1457,2025,4,70
1458,2025,9,202
1459,2025,6,107
1460,2025,2,29
1461,2025,12,157
1462,2025,193,1078
1463,2025,19,144
1464,2025,8,71
1465,2025,0,7
1466,2025,5,55
1467,2025,28,154
1468,2025,48,162
1469,2025,93,651
1470,2025,69,236
1471,2025,33,146
1472,2025,14,58
1473,2025,23,3000
1476,2025,0,161
1519,2025,5,41
1524,2025,0,4
1526,2025,2,6
1527,2025,9,28
1528,2025,2,8
1529,2025,2,36
1530,2025,10,128
1531,2025,19,150
1532,2025,0,7
1534,2025,169,490
1535,2025,0,12
1536,2025,0,20
1537,2025,52,102
1538,2025,0,6
1539,2025,5,715
1540,2025,4,26
1541,2025,115,674
1542,2025,3,45
1543,2025,2,22
1544,2025,1,13
1545,2025,1,32
1546,2025,27,204
1547,2025,4,68
1548,2025,8,72
1549,2025,4,31
1550,2025,47,354
1551,2025,72,707
1552,2025,215,1048
1553,2025,24,349
1554,2025,3,154
1555,2025,20,206
1556,2025,236,1642
1557,2025,254,3370
1559,2025,1,46
1603,2025,1,10
1608,2025,1,9
1610,2025,1,6
1611,2025,0,5
1612,2025,0,5
1614,2025,1,27
1615,2025,165,475
1616,2025,0,21
1617,2025,0,17
1618,2025,0,174
1619,2025,4,273
1620,2025,4,24
1621,2025,1,71
1622,2025,36,206
1623,2025,20,123
1624,2025,48,220
1625,2025,5,53
1626,2025,1,10
1627,2025,1,12
1629,2025,8,148
1630,2025,5,73
1631,2025,0,20
1632,2025,8,68
1633,2025,68,395
1634,2025,1270,5128
1635,2025,144,899
1636,2025,31,116
1637,2025,17,91
1638,2025,32,218
1640,2025,652,4132
1687,2025,3,13
1691,2025,2,12
1692,2025,0,3
1693,2025,1,13
1694,2025,0,3
1695,2025,0,5
1696,2025,0,39
1697,2025,3,26
1698,2025,0,1
1700,2025,9,65
1701,2025,3,41
1702,2025,1,263
1703,2025,1,12
1704,2025,73,203
1705,2025,44,286
1706,2025,1,16
1707,2025,3,23
1708,2025,2,45
1709,2025,143,535
1710,2025,4,11
1711,2025,1,18
1712,2025,8,46
1713,2025,4,117
1714,2025,1,24
1715,2025,16,237
1716,2025,11,130
1717,2025,37,453
1718,2025,8,146
1719,2025,107,413
1720,2025,38,98
1721,2025,8,231
1722,2025,34,3873
1768,2025,1,2
1769,2025,3,29
1770,2025,1,12
1772,2025,0,6
1773,2025,0,1
1774,2025,0,1
1779,2025,7,27
1780,2025,14,114
1781,2025,0,11
1782,2025,1,36
1783,2025,17,271
1784,2025,14,82
1785,2025,0,3
1786,2025,12,75
1787,2025,88,410
1788,2025,1,12
1789,2025,2,21
1790,2025,1,15
1791,2025,1,11
1792,2025,1,7
1793,2025,1,10
1794,2025,2,6
1795,2025,2,192
1796,2025,13,71
1797,2025,31,210
1798,2025,8,54
1799,2025,21,72
1800,2025,88,397
1801,2025,6,74
1802,2025,2,54
1803,2025,7,209
1848,2025,0,70
1850,2025,54,192
1851,2025,81,381
1852,2025,22,97
1853,2025,3,8
1855,2025,20,222
1856,2025,2,16
1857,2025,6,37
1858,2025,14,57
1859,2025,6,62
1860,2025,1,1
1861,2025,2,6
1862,2025,0,3
1863,2025,3,5
1865,2025,3,18
1867,2025,6,49
1868,2025,0,16
1869,2025,0,4
1870,2025,1,3
1871,2025,1,10
1872,2025,6,28
1873,2025,9,25
1874,2025,29,65
1875,2025,14,104
1876,2025,1,18
1877,2025,0,7
1878,2025,22,91
1879,2025,32,193
1880,2025,2,45
1881,2025,117,464
1882,2025,8,72
1883,2025,4,67
1884,2025,0,19
1929,2025,0,5
1931,2025,9,35
1932,2025,5,45
1933,2025,14,43
1934,2025,10,66
1935,2025,0,3
1936,2025,2,13
1937,2025,5,26
1938,2025,2,16
1939,2025,16,233
1940,2025,134,526
1941,2025,3,21
1942,2025,0,9
1944,2025,0,1
1946,2025,2,15
1947,2025,2,11
1948,2025,86,365
1949,2025,1,35
1950,2025,35,210
1951,2025,0,7
1952,2025,12,27
1953,2025,2,6
1954,2025,1,4
1955,2025,2,6
1956,2025,20,100
1957,2025,1,28
1958,2025,0,17
1959,2025,15,109
1960,2025,2,12
1961,2025,29,67
1962,2025,14,94
1963,2025,5,36
1964,2025,765,1102
1965,2025,55,176
2010,2025,0,3
2013,2025,1,9
2015,2025,2,25
2016,2025,1,13
2017,2025,2,29
2018,2025,0,17
2019,2025,3,10
2020,2025,3,19
2021,2025,1,16
2022,2025,6,14
2023,2025,0,5
2024,2025,0,6
2025,2025,0,4
2026,2025,13,51
2027,2025,4,9
2028,2025,1,20
2029,2025,4,28
2030,2025,0,5
2031,2025,10,63
2032,2025,4,36
2033,2025,1,22
2034,2025,2,8
2035,2025,5,58
2037,2025,0,13
2038,2025,37,217
2039,2025,12,86
2040,2025,4,18
2041,2025,0,8
2042,2025,2,8
2043,2025,0,6
2044,2025,0,9
2045,2025,4,38
2046,2025,12,106
2089,2025,0,63
2095,2025,1,13
2096,2025,1,3
2097,2025,1,2
2098,2025,2,24
2099,2025,0,9
2100,2025,1,6
2101,2025,1,8
2102,2025,5,34
2103,2025,21,100
2104,2025,1,11
2105,2025,1,3
2106,2025,8,32
2107,2025,0,8
2108,2025,14,53
2109,2025,0,7
2110,2025,0,10
2111,2025,1,17
2112,2025,2,14
2113,2025,0,3
2114,2025,3,10
2115,2025,2,17
2116,2025,2,15
2117,2025,2,9
2118,2025,6,46
2119,2025,4,47
2120,2025,7,28
2121,2025,0,6
2122,2025,5,18
2123,2025,0,7
2124,2025,0,3
2126,2025,4,18
2127,2025,13,212
2173,2025,0,6
2174,2025,0,37
2175,2025,4,18
2176,2025,0,1
2177,2025,27,93
2179,2025,2,10
2180,2025,1,10
2181,2025,0,3
2182,2025,1,16
2183,2025,2,7
2184,2025,0,9
2185,2025,10,26
2186,2025,14,58
2187,2025,2,4
2189,2025,9,35
2190,2025,0,10
2191,2025,0,20
2192,2025,0,4
2193,2025,0,4
2194,2025,4,21
2195,2025,1,8
2196,2025,72,274
2197,2025,2,51
2198,2025,3,87
2199,2025,4,28
2200,2025,32,227
2201,2025,340,548
2202,2025,1098,2252
2203,2025,99,401
2204,2025,6,37
2205,2025,5,21
2206,2025,0,14
2207,2025,5,72
2208,2025,3,64
2253,2025,0,16
2254,2025,9,44
2255,2025,8,19
2256,2025,0,6
2257,2025,6,38
2258,2025,0,5
2259,2025,7,37
2260,2025,0,14
2261,2025,1,10
2262,2025,0,5
2264,2025,1,8
2266,2025,0,10
2267,2025,2,11
2268,2025,20,62
2269,2025,10,59
2270,2025,2,14
2271,2025,10,81
2272,2025,1,5
2273,2025,4,51
2274,2025,2,5
2275,2025,7,30
2276,2025,5,31
2277,2025,2,22
2278,2025,12,89
2279,2025,57,740
2280,2025,12,71
2281,2025,14,34
2282,2025,33,83
2283,2025,17,65
2284,2025,55,344
2285,2025,503,1361
2286,2025,14,94
2287,2025,20,36
2288,2025,1,12
2289,2025,0,1
2290,2025,0,28
2336,2025,9,88
2337,2025,0,15
2338,2025,1,8
2339,2025,63,255
2340,2025,5,39
2341,2025,6,44
2342,2025,4,27
2344,2025,2,32
2345,2025,2,4
2346,2025,3,10
2348,2025,3,27
2349,2025,0,6
2350,2025,0,16
2351,2025,3,14
2352,2025,185,401
2353,2025,66,312
2354,2025,1,17
2355,2025,1,30
2356,2025,4,25
2357,2025,65,216
2358,2025,105,620
2359,2025,17,89
2360,2025,86,372
2361,2025,1,34
2362,2025,4,22
2363,2025,154,349
2364,2025,6,43
2365,2025,3,29
2366,2025,5,45
2367,2025,9,28
2368,2025,4,4
2369,2025,1,2
2370,2025,7,36
2371,2025,8,104
2412,2025,3,144
2413,2025,0,5
2414,2025,5,338
2415,2025,2,33
2416,2025,4,11
2417,2025,87,244
2418,2025,3,41
2419,2025,2,30
2420,2025,2,13
2421,2025,1,14
2422,2025,46,76
2423,2025,2,6
2424,2025,6,22
2425,2025,0,3
2427,2025,4,36
2428,2025,0,8
2429,2025,2,13
2430,2025,2,12
2431,2025,5,33
2432,2025,2,22
2433,2025,11,30
2434,2025,5,41
2435,2025,6,24
2436,2025,3,25
2437,2025,11,121
2438,2025,44,172
2439,2025,23,98
2440,2025,130,197
2441,2025,68,239
2442,2025,26,72
2443,2025,0,17
2444,2025,3,22
2445,2025,3,11
2446,2025,1,7
2447,2025,1,20
2448,2025,1,37
2489,2025,0,44
2490,2025,0,1
2491,2025,1,6
2492,2025,0,8
2493,2025,2,27
2494,2025,4,535
2495,2025,1,16
2496,2025,60,296
2497,2025,0,1
2498,2025,2,36
2499,2025,4,43
2501,2025,0,2
2502,2025,26,95
2503,2025,8,44
2504,2025,1,15
2505,2025,0,7
2506,2025,0,11
2508,2025,0,18
2509,2025,4,47
2510,2025,25,165
2511,2025,17,102
2512,2025,14,44
2513,2025,10,35
2514,2025,4,40
2515,2025,53,230
2516,2025,48,116
2517,2025,1,7
2518,2025,0,2
2519,2025,2,5
2520,2025,1,9
2521,2025,4,13
2522,2025,2,4
2523,2025,1,11
2524,2025,60,167
2563,2025,0,130
2564,2025,1,38
2565,2025,0,2
2569,2025,3,12
2570,2025,9,44
2571,2025,0,11
2572,2025,5,35
2573,2025,9,62
2575,2025,1,3
2577,2025,17,86
2578,2025,0,4
2579,2025,0,3
2580,2025,1,4
2581,2025,30,96
2582,2025,7,36
2583,2025,42,133
2584,2025,3,18
2585,2025,0,12
2586,2025,1,8
2587,2025,24,86
2588,2025,18,56
2589,2025,5,16
2590,2025,6,22
2591,2025,1,14
2592,2025,3,12
2593,2025,52,142
2594,2025,9,35
2595,2025,2,7
2596,2025,1,5
2597,2025,48,107
2598,2025,4,54
2636,2025,2,21
2640,2025,2,3
2641,2025,1,8
2642,2025,0,1
2643,2025,8,41
2644,2025,15,51
2645,2025,8,37
2649,2025,1,12
2650,2025,16,37
2651,2025,1,1
2652,2025,0,1
2654,2025,2,34
2655,2025,3,27
2656,2025,5,38
2657,2025,3,11
2658,2025,33,81
2659,2025,126,513
2660,2025,121,372
2661,2025,125,363
2662,2025,0,5
2663,2025,0,7
2664,2025,4,10
2665,2025,1,16
2666,2025,33,117
2667,2025,3,13
2669,2025,13,86
2706,2025,0,22
2708,2025,0,3
2709,2025,2,36
2710,2025,1,5
2711,2025,2,17
2712,2025,0,6
2716,2025,3,9
2718,2025,0,9
2719,2025,0,2
2720,2025,0,3
2722,2025,0,5
2723,2025,1,15
2724,2025,7,60
2725,2025,0,25
2726,2025,25,76
2727,2025,24,104
2728,2025,140,555
2729,2025,69,169
2730,2025,0,13
2731,2025,0,4
2732,2025,1,16
2733,2025,18,57
2734,2025,1,4
2736,2025,10,63
2737,2025,6,53
2772,2025,1,116
2773,2025,0,13
2774,2025,0,11
2775,2025,0,10
2776,2025,0,3
2777,2025,0,6
2778,2025,0,2
2780,2025,0,2
2782,2025,1,4
2784,2025,0,9
2785,2025,0,3
2786,2025,1,19
2787,2025,1,8
2788,2025,0,7
2789,2025,27,81
2790,2025,88,325
2791,2025,1,6
2792,2025,5,16
2793,2025,5,27
2794,2025,10,37
2795,2025,3,11
2796,2025,11,44
2797,2025,9,38
2799,2025,2,4
2800,2025,0,2
2801,2025,1,9
2802,2025,17,155
2803,2025,27,116
2836,2025,1,544
2838,2025,1,35
2839,2025,0,13
2840,2025,2,13
2841,2025,0,2
2842,2025,0,1
2844,2025,0,4
2846,2025,0,9
2847,2025,2,5
2849,2025,1,1
2850,2025,0,4
2851,2025,0,3
2852,2025,3,7
2853,2025,7,43
2854,2025,9,12
2855,2025,1,6
2856,2025,1,12
2857,2025,159,269
2858,2025,10,32
2859,2025,0,8
2860,2025,13,28
2861,2025,0,1
2863,2025,24,61
2864,2025,6,16
2865,2025,39,141
2866,2025,15,91
2896,2025,0,1961
2897,2025,0,873
2898,2025,1,52
2899,2025,12,70
2900,2025,3,19
2901,2025,10,24
2902,2025,1,30
2903,2025,0,3
2904,2025,3,10
2905,2025,1,10
2909,2025,0,10
2910,2025,1,1
2912,2025,0,9
2913,2025,19,44
2914,2025,4,27
2915,2025,0,8
2916,2025,20,57
2917,2025,3,30
2918,2025,5,21
2919,2025,21,44
2920,2025,1,6
2922,2025,0,1
2923,2025,1,15
2924,2025,2,2
2925,2025,0,3
2926,2025,57,282
2953,2025,0,206
2956,2025,0,40
2957,2025,25,230
2958,2025,14,51
2959,2025,2,14
2960,2025,16,47
2961,2025,0,13
2962,2025,2,3
2963,2025,2,49
2965,2025,1,10
2966,2025,0,6
2967,2025,11,34
2969,2025,0,3
2970,2025,1,5
2971,2025,0,2
2972,2025,1,11
2974,2025,1,6
2975,2025,44,229
2976,2025,6,19
2977,2025,1,11
2978,2025,0,13
2979,2025,0,4
2980,2025,3,8
2983,2025,2,14
2984,2025,0,29
3007,2025,3,52
3008,2025,1,21
3009,2025,0,16
3010,2025,0,2
3012,2025,2,11
3013,2025,1,2
3017,2025,1,5
3019,2025,0,11
3020,2025,1,3
3021,2025,0,1
3022,2025,0,5
3023,2025,1,17
3024,2025,4,32
3025,2025,5,29
3026,2025,1,7
3027,2025,7,33
3028,2025,1,6
3029,2025,1,14
3030,2025,0,4
3031,2025,0,7
3033,2025,4,13
3034,2025,6,25
3035,2025,9,69
3054,2025,2,30
3055,2025,3,59
3056,2025,0,32
3057,2025,20,73
3058,2025,6,30
3059,2025,0,2
3061,2025,0,5
3062,2025,1,31
3063,2025,1,4
3064,2025,6,21
3065,2025,0,13
3067,2025,0,6
3068,2025,9,18
3069,2025,0,2
3071,2025,0,1
3072,2025,0,1
3073,2025,5,17
3074,2025,2,20
3075,2025,3,21
3076,2025,9,35
3077,2025,3,18
3078,2025,0,10
3079,2025,30,47
3080,2025,1,4
3081,2025,4,22
3082,2025,7,44
3083,2025,26,154
3099,2025,0,333
3102,2025,0,19
3103,2025,1,9
3104,2025,3,7
3105,2025,2,22
3106,2025,0,6
3107,2025,0,5
3108,2025,0,5
3109,2025,1,12
3111,2025,0,11
3112,2025,0,3
3113,2025,4,7
3114,2025,8,17
3115,2025,0,5
3116,2025,0,5
3117,2025,37,95
3118,2025,0,17
3119,2025,22,56
3120,2025,11,36
3121,2025,4,22
3123,2025,1,16
3124,2025,71,170
3125,2025,13,49
3126,2025,3,9
3127,2025,4,18
3128,2025,2,9
3129,2025,22,99
3130,2025,52,189
3145,2025,0,2362
3147,2025,5,422
3148,2025,20,156
3149,2025,9,102
3150,2025,13,36
3151,2025,5,26
3152,2025,1,5
3153,2025,0,1
3154,2025,0,4
3155,2025,1,126
3156,2025,1,10
3157,2025,137,337
3158,2025,19,110
3159,2025,14,44
3160,2025,4,87
3161,2025,24,56
3162,2025,10,81
3163,2025,7,84
3164,2025,24,153
3165,2025,16,53
3166,2025,6,29
3167,2025,6,42
3168,2025,5,36
3169,2025,0,5
3170,2025,6,25
3171,2025,1,58
3172,2025,1,6
3173,2025,0,18
3174,2025,348,1222
3175,2025,6,266
3176,2025,84,114
3177,2025,8,42
3191,2025,1,567
3192,2025,1,1474
3194,2025,1,39
3195,2025,4,68
3196,2025,81,319
3197,2025,21,97
3198,2025,5,11
3199,2025,4,23
3200,2025,8,41
3201,2025,1,11
3202,2025,1,16
3203,2025,0,78
3205,2025,3,13
3206,2025,135,230
3207,2025,3,25
3210,2025,1,20
3211,2025,0,14
3213,2025,7,46
3214,2025,6,40
3215,2025,55,180
3216,2025,15,118
3217,2025,34,159
3228,2025,3,6025
3230,2025,1,179
3232,2025,0,87
3233,2025,16,149
3234,2025,161,959
3235,2025,66,372
3236,2025,10,96
3237,2025,0,25
3242,2025,0,6
3243,2025,1,3
3244,2025,0,5
3247,2025,17,76
3248,2025,45,112
3249,2025,130,359
3250,2025,2396,3286
3251,2025,62,259
3264,2025,1,51
3265,2025,1,9
3266,2025,44,257
3267,2025,4,96
3272,2025,1,9
3275,2025,31,159
3276,2025,25,95
3277,2025,256,519
3278,2025,110,266
3279,2025,79,259
3280,2025,1,4
3289,2025,4,67
3291,2025,1,36
3292,2025,239,604
3293,2025,569,925
3294,2025,49,134
3295,2025,2,66
3296,2025,4,86
3297,2025,15,91
3308,2025,57,206
3309,2025,88,369
3310,2025,2,9
3311,2025,18,216
3312,2025,2,9
3313,2025,29,143
3314,2025,25,57
3323,2025,22,92
3324,2025,7,36
3325,2025,1,8
3326,2025,19,156
3327,2025,193,604
3334,2025,53,296
3335,2025,38,263
3336,2025,2,29
3337,2025,17,75
3338,2025,167,520
3344,2025,22,199
3345,2025,4,30
3346,2025,28,82
3347,2025,517,1086
3354,2025,9,86
3355,2025,22,110
3361,2025,10,23
3362,2025,5,13
