"rep","camera_level","n_site_keep","site_replace","inat_level","global_mult","sigma_region_mean","ecoregion","est","err","covered","n_site_region","cam_detections_region","n_cell50_region","inat_count_region"
1,"0.5x",350,FALSE,"0.25x",0.25,0.533531562224212,"EASTERN TEMPERATE FORESTS",-0.148473117495871,0.137300685828833,1,44,5,27,5
1,"0.5x",350,FALSE,"0.25x",0.25,0.533531562224212,"GREAT PLAINS",0.451419672507064,0.655543817738996,1,44,10,27,23
1,"0.5x",350,FALSE,"0.25x",0.25,0.533531562224212,"MARINE WEST COAST FOREST",0.148088360497533,0.270562847636692,1,44,7,27,93
1,"0.5x",350,FALSE,"0.25x",0.25,0.533531562224212,"MEDITERRANEAN CALIFORNIA",0.146533795221166,0.187358624267552,1,44,28,27,54
1,"0.5x",350,FALSE,"0.25x",0.25,0.533531562224212,"NORTH AMERICAN DESERTS",-0.100155782598933,-0.14098061164532,1,44,23,27,3
1,"0.5x",350,FALSE,"0.25x",0.25,0.533531562224212,"NORTHERN FORESTS",-0.14761277839585,-0.270087265535009,1,44,8,27,10
1,"0.5x",350,FALSE,"0.25x",0.25,0.533531562224212,"NORTHWESTERN FORESTED MOUNTAINS",-0.47969948656114,-0.683823631793071,1,44,4,27,8
1,"0.5x",350,FALSE,"0.25x",0.25,0.533531562224212,"WATER",0.146520489087497,-0.139253314237207,1,44,14,27,10
2,"0.5x",350,FALSE,"0.25x",0.25,0.631647403666203,"EASTERN TEMPERATE FORESTS",-0.356015456852293,-0.0702416535275884,1,44,3,27,4
2,"0.5x",350,FALSE,"0.25x",0.25,0.631647403666203,"GREAT PLAINS",-0.0981032380601435,0.106020907171788,1,44,19,27,23
2,"0.5x",350,FALSE,"0.25x",0.25,0.631647403666203,"MARINE WEST COAST FOREST",-0.392536395814544,-0.270061908675385,1,44,18,27,92
2,"0.5x",350,FALSE,"0.25x",0.25,0.631647403666203,"MEDITERRANEAN CALIFORNIA",0.21632490804467,0.257149737091056,1,44,35,27,60
2,"0.5x",350,FALSE,"0.25x",0.25,0.631647403666203,"NORTH AMERICAN DESERTS",0.122388713836298,0.0815638847899113,1,44,19,27,10
2,"0.5x",350,FALSE,"0.25x",0.25,0.631647403666203,"NORTHERN FORESTS",-0.0915876777334908,-0.21406216487265,1,44,7,27,10
2,"0.5x",350,FALSE,"0.25x",0.25,0.631647403666203,"NORTHWESTERN FORESTED MOUNTAINS",-0.254297583354178,-0.458421728586109,1,44,2,27,3
2,"0.5x",350,FALSE,"0.25x",0.25,0.631647403666203,"WATER",0.311458941419692,0.0256851380949878,1,44,7,27,9
3,"0.5x",350,FALSE,"0.25x",0.25,0.314058222400434,"EASTERN TEMPERATE FORESTS",-0.158816610030012,0.126957193294692,1,44,14,27,4
3,"0.5x",350,FALSE,"0.25x",0.25,0.314058222400434,"GREAT PLAINS",0.00772988903058672,0.211854034262518,1,44,10,27,15
3,"0.5x",350,FALSE,"0.25x",0.25,0.314058222400434,"MARINE WEST COAST FOREST",0.0774437196571898,0.199918206796349,1,44,11,27,153
3,"0.5x",350,FALSE,"0.25x",0.25,0.314058222400434,"MEDITERRANEAN CALIFORNIA",0.0617679356788088,0.102592764725195,1,44,31,27,46
3,"0.5x",350,FALSE,"0.25x",0.25,0.314058222400434,"NORTH AMERICAN DESERTS",-0.0901382911145023,-0.130963120160889,1,44,12,27,3
3,"0.5x",350,FALSE,"0.25x",0.25,0.314058222400434,"NORTHERN FORESTS",0.0972403498152723,-0.0252341373238866,1,44,7,27,12
3,"0.5x",350,FALSE,"0.25x",0.25,0.314058222400434,"NORTHWESTERN FORESTED MOUNTAINS",-0.134138500572792,-0.338262645804723,1,44,8,27,11
3,"0.5x",350,FALSE,"0.25x",0.25,0.314058222400434,"WATER",-0.00115077486476919,-0.286924578189473,1,44,6,27,8
4,"0.5x",350,FALSE,"0.25x",0.25,0.930364728854501,"EASTERN TEMPERATE FORESTS",-0.165708288669472,0.120065514655232,1,44,7,27,5
4,"0.5x",350,FALSE,"0.25x",0.25,0.930364728854501,"GREAT PLAINS",-0.0945152737367754,0.109608871495156,1,44,17,27,26
4,"0.5x",350,FALSE,"0.25x",0.25,0.930364728854501,"MARINE WEST COAST FOREST",0.997007992516777,1.11948247965594,1,44,6,27,82
4,"0.5x",350,FALSE,"0.25x",0.25,0.930364728854501,"MEDITERRANEAN CALIFORNIA",-0.085087817919137,-0.0442629888727507,1,44,20,27,71
4,"0.5x",350,FALSE,"0.25x",0.25,0.930364728854501,"NORTH AMERICAN DESERTS",0.312567174688323,0.271742345641937,1,44,32,27,11
4,"0.5x",350,FALSE,"0.25x",0.25,0.930364728854501,"NORTHERN FORESTS",-0.407168144154967,-0.529642631294126,1,44,9,27,9
4,"0.5x",350,FALSE,"0.25x",0.25,0.930364728854501,"NORTHWESTERN FORESTED MOUNTAINS",-0.526286580988546,-0.730410726220477,1,44,6,27,15
4,"0.5x",350,FALSE,"0.25x",0.25,0.930364728854501,"WATER",-0.712259207321431,-0.998033010646135,1,44,6,27,6
5,"0.5x",350,FALSE,"0.25x",0.25,1.04395957212869,"EASTERN TEMPERATE FORESTS",-0.204441873092824,0.0813319302318799,1,44,5,27,6
5,"0.5x",350,FALSE,"0.25x",0.25,1.04395957212869,"GREAT PLAINS",0.242797917677948,0.44692206290988,1,44,20,27,24
5,"0.5x",350,FALSE,"0.25x",0.25,1.04395957212869,"MARINE WEST COAST FOREST",-0.300467700051056,-0.177993212911897,1,44,8,27,154
5,"0.5x",350,FALSE,"0.25x",0.25,1.04395957212869,"MEDITERRANEAN CALIFORNIA",0.438100495886102,0.478925324932488,1,44,27,27,76
5,"0.5x",350,FALSE,"0.25x",0.25,1.04395957212869,"NORTH AMERICAN DESERTS",-0.290043638879416,-0.330868467925802,1,44,17,27,0
5,"0.5x",350,FALSE,"0.25x",0.25,1.04395957212869,"NORTHERN FORESTS",-0.0535367633193463,-0.176011250458505,1,44,7,27,10
5,"0.5x",350,FALSE,"0.25x",0.25,1.04395957212869,"NORTHWESTERN FORESTED MOUNTAINS",-0.91081487003509,-1.11493901526702,1,44,7,27,2
5,"0.5x",350,FALSE,"0.25x",0.25,1.04395957212869,"WATER",-0.00197146643202699,-0.287745269756731,1,44,9,27,7
6,"0.5x",350,FALSE,"0.25x",0.25,0.530155217979479,"EASTERN TEMPERATE FORESTS",-0.119972452591469,0.165801350733235,1,44,11,27,6
6,"0.5x",350,FALSE,"0.25x",0.25,0.530155217979479,"GREAT PLAINS",-0.373716633661856,-0.169592488429925,1,44,14,27,4
6,"0.5x",350,FALSE,"0.25x",0.25,0.530155217979479,"MARINE WEST COAST FOREST",-0.203220420029163,-0.0807459328900046,1,44,10,27,107
6,"0.5x",350,FALSE,"0.25x",0.25,0.530155217979479,"MEDITERRANEAN CALIFORNIA",0.112021969717852,0.152846798764238,1,44,23,27,48
6,"0.5x",350,FALSE,"0.25x",0.25,0.530155217979479,"NORTH AMERICAN DESERTS",0.0536952001785246,0.0128703711321383,1,44,22,27,5
6,"0.5x",350,FALSE,"0.25x",0.25,0.530155217979479,"NORTHERN FORESTS",0.182917277468809,0.0604427903296498,1,44,10,27,13
6,"0.5x",350,FALSE,"0.25x",0.25,0.530155217979479,"NORTHWESTERN FORESTED MOUNTAINS",0.258882269286588,0.054758124054657,1,44,6,27,19
6,"0.5x",350,FALSE,"0.25x",0.25,0.530155217979479,"WATER",-0.357134292575172,-0.642908095899877,1,44,20,27,3
7,"0.5x",350,FALSE,"0.25x",0.25,1.34386327321235,"EASTERN TEMPERATE FORESTS",-0.897588479789411,-0.611814676464707,1,44,5,27,2
7,"0.5x",350,FALSE,"0.25x",0.25,1.34386327321235,"GREAT PLAINS",0.669403176811039,0.873527322042971,1,44,7,27,15
7,"0.5x",350,FALSE,"0.25x",0.25,1.34386327321235,"MARINE WEST COAST FOREST",-1.0377948197071,-0.915320332567937,1,44,4,27,64
7,"0.5x",350,FALSE,"0.25x",0.25,1.34386327321235,"MEDITERRANEAN CALIFORNIA",0.517048705942295,0.557873534988681,1,44,33,27,55
7,"0.5x",350,FALSE,"0.25x",0.25,1.34386327321235,"NORTH AMERICAN DESERTS",-0.643462209359297,-0.684287038405683,1,44,23,27,1
7,"0.5x",350,FALSE,"0.25x",0.25,1.34386327321235,"NORTHERN FORESTS",-0.205808611578065,-0.328283098717224,1,44,5,27,14
7,"0.5x",350,FALSE,"0.25x",0.25,1.34386327321235,"NORTHWESTERN FORESTED MOUNTAINS",-0.427283259009864,-0.631407404241796,1,44,3,27,7
7,"0.5x",350,FALSE,"0.25x",0.25,1.34386327321235,"WATER",0.00539971092405624,-0.280374092400648,1,44,14,27,4
8,"0.5x",350,FALSE,"0.25x",0.25,0.319410545606168,"EASTERN TEMPERATE FORESTS",-0.0604089933999825,0.225364809924722,1,44,0,27,5
8,"0.5x",350,FALSE,"0.25x",0.25,0.319410545606168,"GREAT PLAINS",-0.0136262994530425,0.190497845778889,1,44,17,27,24
8,"0.5x",350,FALSE,"0.25x",0.25,0.319410545606168,"MARINE WEST COAST FOREST",-0.199699937806314,-0.0772254506671548,1,44,12,27,92
8,"0.5x",350,FALSE,"0.25x",0.25,0.319410545606168,"MEDITERRANEAN CALIFORNIA",0.122330383109143,0.16315521215553,1,44,24,27,46
8,"0.5x",350,FALSE,"0.25x",0.25,0.319410545606168,"NORTH AMERICAN DESERTS",0.049389204893776,0.00856437584738969,1,44,18,27,5
8,"0.5x",350,FALSE,"0.25x",0.25,0.319410545606168,"NORTHERN FORESTS",0.051114955124453,-0.0713595320147059,1,44,7,27,7
8,"0.5x",350,FALSE,"0.25x",0.25,0.319410545606168,"NORTHWESTERN FORESTED MOUNTAINS",-0.146680800876066,-0.350804946107997,1,44,2,27,8
8,"0.5x",350,FALSE,"0.25x",0.25,0.319410545606168,"WATER",0.0556208021884612,-0.230153001136243,1,44,6,27,6
9,"0.5x",350,FALSE,"0.25x",0.25,0.282903008763341,"EASTERN TEMPERATE FORESTS",0.0492930203969665,0.335066823721671,1,44,8,27,10
9,"0.5x",350,FALSE,"0.25x",0.25,0.282903008763341,"GREAT PLAINS",0.0268513537590898,0.230975498991021,1,44,17,27,38
9,"0.5x",350,FALSE,"0.25x",0.25,0.282903008763341,"MARINE WEST COAST FOREST",-0.0569953565656433,0.0654791305735156,1,44,22,27,114
9,"0.5x",350,FALSE,"0.25x",0.25,0.282903008763341,"MEDITERRANEAN CALIFORNIA",-0.00430770029290381,0.0365171287534825,1,44,23,27,67
9,"0.5x",350,FALSE,"0.25x",0.25,0.282903008763341,"NORTH AMERICAN DESERTS",-0.179669974648091,-0.220494803694477,1,44,23,27,3
9,"0.5x",350,FALSE,"0.25x",0.25,0.282903008763341,"NORTHERN FORESTS",0.123539414945657,0.00106492780649768,1,44,8,27,5
9,"0.5x",350,FALSE,"0.25x",0.25,0.282903008763341,"NORTHWESTERN FORESTED MOUNTAINS",-0.0062831508235,-0.210407296055432,1,44,3,27,15
9,"0.5x",350,FALSE,"0.25x",0.25,0.282903008763341,"WATER",0.0380392090783476,-0.247734594246357,1,44,23,27,5
10,"0.5x",350,FALSE,"0.25x",0.25,0.477870446784594,"EASTERN TEMPERATE FORESTS",-0.131293231363016,0.154480571961689,1,44,10,27,1
10,"0.5x",350,FALSE,"0.25x",0.25,0.477870446784594,"GREAT PLAINS",0.0527588533068152,0.256882998538747,1,44,7,27,16
10,"0.5x",350,FALSE,"0.25x",0.25,0.477870446784594,"MARINE WEST COAST FOREST",-0.298799823163494,-0.176325336024335,1,44,7,27,97
10,"0.5x",350,FALSE,"0.25x",0.25,0.477870446784594,"MEDITERRANEAN CALIFORNIA",0.0362180663270242,0.0770428953734105,1,44,29,27,60
10,"0.5x",350,FALSE,"0.25x",0.25,0.477870446784594,"NORTH AMERICAN DESERTS",-0.104366896319568,-0.145191725365954,1,44,16,27,7
10,"0.5x",350,FALSE,"0.25x",0.25,0.477870446784594,"NORTHERN FORESTS",-0.0824949155666993,-0.204969402705858,1,44,12,27,5
10,"0.5x",350,FALSE,"0.25x",0.25,0.477870446784594,"NORTHWESTERN FORESTED MOUNTAINS",-0.0133358292699287,-0.21745997450186,1,44,5,27,12
10,"0.5x",350,FALSE,"0.25x",0.25,0.477870446784594,"WATER",0.216629309436751,-0.0691444938879533,1,44,6,27,4
11,"0.5x",350,FALSE,"0.25x",0.25,0.382164503891472,"EASTERN TEMPERATE FORESTS",-0.0395050349502283,0.246268768374476,1,44,4,27,5
11,"0.5x",350,FALSE,"0.25x",0.25,0.382164503891472,"GREAT PLAINS",-0.00765155536945125,0.19647258986248,1,44,15,27,19
11,"0.5x",350,FALSE,"0.25x",0.25,0.382164503891472,"MARINE WEST COAST FOREST",-0.0227175499567031,0.0997569371824558,1,44,17,27,108
11,"0.5x",350,FALSE,"0.25x",0.25,0.382164503891472,"MEDITERRANEAN CALIFORNIA",0.219503039828463,0.26032786887485,1,44,28,27,47
11,"0.5x",350,FALSE,"0.25x",0.25,0.382164503891472,"NORTH AMERICAN DESERTS",-0.1761682410415,-0.216993070087887,1,44,17,27,2
11,"0.5x",350,FALSE,"0.25x",0.25,0.382164503891472,"NORTHERN FORESTS",0.0542439155245017,-0.0682305716146571,1,44,17,27,18
11,"0.5x",350,FALSE,"0.25x",0.25,0.382164503891472,"NORTHWESTERN FORESTED MOUNTAINS",-0.138974587013272,-0.343098732245203,1,44,3,27,7
11,"0.5x",350,FALSE,"0.25x",0.25,0.382164503891472,"WATER",-0.0621911154126575,-0.347964918737362,1,44,16,27,4
12,"0.5x",350,FALSE,"0.25x",0.25,0.207146769469005,"EASTERN TEMPERATE FORESTS",-0.0073234506279061,0.278450352696798,1,44,7,27,3
12,"0.5x",350,FALSE,"0.25x",0.25,0.207146769469005,"GREAT PLAINS",0.0542639652491547,0.258388110481086,1,44,20,27,44
12,"0.5x",350,FALSE,"0.25x",0.25,0.207146769469005,"MARINE WEST COAST FOREST",-0.0888311491658328,0.0336433379733261,1,44,16,27,101
12,"0.5x",350,FALSE,"0.25x",0.25,0.207146769469005,"MEDITERRANEAN CALIFORNIA",0.0546885869641591,0.0955134160105454,1,44,32,27,69
12,"0.5x",350,FALSE,"0.25x",0.25,0.207146769469005,"NORTH AMERICAN DESERTS",0.0333750705241281,-0.00744975852225818,1,44,16,27,10
12,"0.5x",350,FALSE,"0.25x",0.25,0.207146769469005,"NORTHERN FORESTS",-0.0279703716803999,-0.150444858819559,1,44,12,27,3
12,"0.5x",350,FALSE,"0.25x",0.25,0.207146769469005,"NORTHWESTERN FORESTED MOUNTAINS",0.0245290421578033,-0.179595103074128,1,44,7,27,18
12,"0.5x",350,FALSE,"0.25x",0.25,0.207146769469005,"WATER",0.137275473163171,-0.148498330161533,1,44,5,27,10
13,"0.5x",350,FALSE,"0.25x",0.25,0.225303019624679,"EASTERN TEMPERATE FORESTS",-0.0261461092053507,0.259627694119353,1,44,13,27,8
13,"0.5x",350,FALSE,"0.25x",0.25,0.225303019624679,"GREAT PLAINS",0.0418676304840826,0.245991775716014,1,44,12,27,24
13,"0.5x",350,FALSE,"0.25x",0.25,0.225303019624679,"MARINE WEST COAST FOREST",-0.0229645428527987,0.0995099442863602,1,44,7,27,121
13,"0.5x",350,FALSE,"0.25x",0.25,0.225303019624679,"MEDITERRANEAN CALIFORNIA",0.0566360101656404,0.0974608392120267,1,44,27,27,59
13,"0.5x",350,FALSE,"0.25x",0.25,0.225303019624679,"NORTH AMERICAN DESERTS",-0.0139689295714619,-0.0547937586178482,1,44,19,27,3
13,"0.5x",350,FALSE,"0.25x",0.25,0.225303019624679,"NORTHERN FORESTS",0.00454030882280385,-0.117934178316355,1,44,4,27,7
13,"0.5x",350,FALSE,"0.25x",0.25,0.225303019624679,"NORTHWESTERN FORESTED MOUNTAINS",-0.0443137018315882,-0.24843784706352,1,44,2,27,9
13,"0.5x",350,FALSE,"0.25x",0.25,0.225303019624679,"WATER",-0.0250425960533404,-0.310816399378045,1,44,13,27,5
14,"0.5x",350,FALSE,"0.25x",0.25,0.299192739725064,"EASTERN TEMPERATE FORESTS",-0.0363226570130046,0.2494511463117,1,44,6,27,4
14,"0.5x",350,FALSE,"0.25x",0.25,0.299192739725064,"GREAT PLAINS",-0.0444574253140995,0.159666719917832,1,44,6,27,14
14,"0.5x",350,FALSE,"0.25x",0.25,0.299192739725064,"MARINE WEST COAST FOREST",-0.0392158532358976,0.0832586339032613,1,44,7,27,117
14,"0.5x",350,FALSE,"0.25x",0.25,0.299192739725064,"MEDITERRANEAN CALIFORNIA",0.163451675923039,0.204276504969425,1,44,31,27,61
14,"0.5x",350,FALSE,"0.25x",0.25,0.299192739725064,"NORTH AMERICAN DESERTS",-0.0789924803736349,-0.119817309420021,1,44,19,27,2
14,"0.5x",350,FALSE,"0.25x",0.25,0.299192739725064,"NORTHERN FORESTS",0.00488221269085219,-0.117592274448307,1,44,9,27,8
14,"0.5x",350,FALSE,"0.25x",0.25,0.299192739725064,"NORTHWESTERN FORESTED MOUNTAINS",0.121108607240806,-0.0830155379911259,1,44,2,27,9
14,"0.5x",350,FALSE,"0.25x",0.25,0.299192739725064,"WATER",-0.0616015538880805,-0.347375357212785,1,44,9,27,7
15,"0.5x",350,FALSE,"0.25x",0.25,0.612759310836908,"EASTERN TEMPERATE FORESTS",-0.305047492721852,-0.0192736893971474,1,44,4,27,4
15,"0.5x",350,FALSE,"0.25x",0.25,0.612759310836908,"GREAT PLAINS",0.0657061905584168,0.269830335790348,1,44,14,27,16
15,"0.5x",350,FALSE,"0.25x",0.25,0.612759310836908,"MARINE WEST COAST FOREST",-0.263283751200038,-0.140809264060879,1,44,7,27,89
15,"0.5x",350,FALSE,"0.25x",0.25,0.612759310836908,"MEDITERRANEAN CALIFORNIA",-0.0902075568739198,-0.0493827278275335,1,44,26,27,48
15,"0.5x",350,FALSE,"0.25x",0.25,0.612759310836908,"NORTH AMERICAN DESERTS",0.0614742856829599,0.0206494566365736,1,44,13,27,6
15,"0.5x",350,FALSE,"0.25x",0.25,0.612759310836908,"NORTHERN FORESTS",0.59791015341245,0.475435666273291,1,44,7,27,14
15,"0.5x",350,FALSE,"0.25x",0.25,0.612759310836908,"NORTHWESTERN FORESTED MOUNTAINS",-0.382317749264681,-0.586441894496612,1,44,8,27,10
15,"0.5x",350,FALSE,"0.25x",0.25,0.612759310836908,"WATER",0.0557846758742713,-0.229989127450433,1,44,20,27,8
16,"0.5x",350,FALSE,"0.25x",0.25,0.300094683031609,"EASTERN TEMPERATE FORESTS",-0.0795290092248193,0.206244794099885,1,44,6,27,4
16,"0.5x",350,FALSE,"0.25x",0.25,0.300094683031609,"GREAT PLAINS",-0.0376010095387188,0.166523135693213,1,44,21,27,9
16,"0.5x",350,FALSE,"0.25x",0.25,0.300094683031609,"MARINE WEST COAST FOREST",-0.0109261155797344,0.111548371559424,1,44,9,27,107
16,"0.5x",350,FALSE,"0.25x",0.25,0.300094683031609,"MEDITERRANEAN CALIFORNIA",0.0751661003640238,0.11599092941041,1,44,15,27,39
16,"0.5x",350,FALSE,"0.25x",0.25,0.300094683031609,"NORTH AMERICAN DESERTS",-0.0153463616023292,-0.0561711906487155,1,44,21,27,4
16,"0.5x",350,FALSE,"0.25x",0.25,0.300094683031609,"NORTHERN FORESTS",0.01296440917937,-0.109510077959789,1,44,9,27,10
16,"0.5x",350,FALSE,"0.25x",0.25,0.300094683031609,"NORTHWESTERN FORESTED MOUNTAINS",-0.0845270878825447,-0.288651233114476,1,44,4,27,8
16,"0.5x",350,FALSE,"0.25x",0.25,0.300094683031609,"WATER",0.0162844783196453,-0.269489325005059,1,44,15,27,10
17,"0.5x",350,FALSE,"0.25x",0.25,0.2813151804924,"EASTERN TEMPERATE FORESTS",-0.0315087587812203,0.254265044543484,1,44,15,27,6
17,"0.5x",350,FALSE,"0.25x",0.25,0.2813151804924,"GREAT PLAINS",-0.0168287365600398,0.187295408671892,1,44,10,27,18
17,"0.5x",350,FALSE,"0.25x",0.25,0.2813151804924,"MARINE WEST COAST FOREST",-0.0893026097027064,0.0331718774364525,1,44,9,27,85
17,"0.5x",350,FALSE,"0.25x",0.25,0.2813151804924,"MEDITERRANEAN CALIFORNIA",0.0826994552789808,0.123524284325367,1,44,22,27,88
17,"0.5x",350,FALSE,"0.25x",0.25,0.2813151804924,"NORTH AMERICAN DESERTS",-0.0214079853610849,-0.0622328144074712,1,44,26,27,7
17,"0.5x",350,FALSE,"0.25x",0.25,0.2813151804924,"NORTHERN FORESTS",0.170214114136765,0.0477396269976064,1,44,5,27,16
17,"0.5x",350,FALSE,"0.25x",0.25,0.2813151804924,"NORTHWESTERN FORESTED MOUNTAINS",-0.121974016334443,-0.326098161566374,1,44,4,27,11
17,"0.5x",350,FALSE,"0.25x",0.25,0.2813151804924,"WATER",0.0283993345892306,-0.257374468735474,1,44,11,27,4
18,"0.5x",350,FALSE,"0.25x",0.25,0.590805702350243,"EASTERN TEMPERATE FORESTS",0.0138127079198997,0.299586511244604,1,44,5,27,7
18,"0.5x",350,FALSE,"0.25x",0.25,0.590805702350243,"GREAT PLAINS",0.595215523356003,0.799339668587934,1,44,11,27,18
18,"0.5x",350,FALSE,"0.25x",0.25,0.590805702350243,"MARINE WEST COAST FOREST",-0.193661032759923,-0.0711865456207642,1,44,17,27,117
18,"0.5x",350,FALSE,"0.25x",0.25,0.590805702350243,"MEDITERRANEAN CALIFORNIA",0.320862894471661,0.361687723518047,1,44,27,27,68
18,"0.5x",350,FALSE,"0.25x",0.25,0.590805702350243,"NORTH AMERICAN DESERTS",-0.528625306769909,-0.569450135816296,1,44,25,27,5
18,"0.5x",350,FALSE,"0.25x",0.25,0.590805702350243,"NORTHERN FORESTS",0.266073343810437,0.143598856671278,1,44,6,27,13
18,"0.5x",350,FALSE,"0.25x",0.25,0.590805702350243,"NORTHWESTERN FORESTED MOUNTAINS",-0.308517471754363,-0.512641616986294,1,44,14,27,7
18,"0.5x",350,FALSE,"0.25x",0.25,0.590805702350243,"WATER",0.0362569025042816,-0.249516900820423,1,44,9,27,10
19,"0.5x",350,FALSE,"0.25x",0.25,0.607081801329221,"EASTERN TEMPERATE FORESTS",-0.258852147211254,0.0269216561134499,1,44,4,27,3
19,"0.5x",350,FALSE,"0.25x",0.25,0.607081801329221,"GREAT PLAINS",0.0658310712228538,0.269955216454785,1,44,12,27,23
19,"0.5x",350,FALSE,"0.25x",0.25,0.607081801329221,"MARINE WEST COAST FOREST",-0.115396756662838,0.0070777304763206,1,44,5,27,80
19,"0.5x",350,FALSE,"0.25x",0.25,0.607081801329221,"MEDITERRANEAN CALIFORNIA",0.190763932152952,0.231588761199338,1,44,29,27,63
19,"0.5x",350,FALSE,"0.25x",0.25,0.607081801329221,"NORTH AMERICAN DESERTS",-0.206666345556564,-0.24749117460295,1,44,26,27,4
19,"0.5x",350,FALSE,"0.25x",0.25,0.607081801329221,"NORTHERN FORESTS",0.0525734165274382,-0.0699010706117207,1,44,3,27,10
19,"0.5x",350,FALSE,"0.25x",0.25,0.607081801329221,"NORTHWESTERN FORESTED MOUNTAINS",-0.161252753333585,-0.365376898565517,1,44,9,27,11
19,"0.5x",350,FALSE,"0.25x",0.25,0.607081801329221,"WATER",-0.158474304763628,-0.444248108088332,1,44,12,27,6
20,"0.5x",350,FALSE,"0.25x",0.25,0.18665302662086,"EASTERN TEMPERATE FORESTS",-0.00909989114793601,0.276673912176768,1,44,3,27,9
20,"0.5x",350,FALSE,"0.25x",0.25,0.18665302662086,"GREAT PLAINS",-0.0232326862733628,0.180891458958569,1,44,15,27,24
20,"0.5x",350,FALSE,"0.25x",0.25,0.18665302662086,"MARINE WEST COAST FOREST",-0.0420075574871947,0.0804669296519642,1,44,3,27,59
20,"0.5x",350,FALSE,"0.25x",0.25,0.18665302662086,"MEDITERRANEAN CALIFORNIA",0.0868977631469932,0.12772259219338,1,44,25,27,52
20,"0.5x",350,FALSE,"0.25x",0.25,0.18665302662086,"NORTH AMERICAN DESERTS",-0.0226503634402759,-0.0634751924866622,1,44,20,27,8
20,"0.5x",350,FALSE,"0.25x",0.25,0.18665302662086,"NORTHERN FORESTS",-0.0565048917322341,-0.178979378871393,1,44,7,27,7
20,"0.5x",350,FALSE,"0.25x",0.25,0.18665302662086,"NORTHWESTERN FORESTED MOUNTAINS",-0.0359396654649507,-0.240063810696882,1,44,6,27,9
20,"0.5x",350,FALSE,"0.25x",0.25,0.18665302662086,"WATER",0.0495441603354489,-0.236229642989255,1,44,18,27,12
21,"0.5x",350,FALSE,"0.25x",0.25,0.547820457765648,"EASTERN TEMPERATE FORESTS",-0.564639806002467,-0.278866002677763,1,44,3,27,0
21,"0.5x",350,FALSE,"0.25x",0.25,0.547820457765648,"GREAT PLAINS",0.380970486452037,0.585094631683969,1,44,9,27,34
21,"0.5x",350,FALSE,"0.25x",0.25,0.547820457765648,"MARINE WEST COAST FOREST",0.274448053530383,0.396922540669542,1,44,13,27,136
21,"0.5x",350,FALSE,"0.25x",0.25,0.547820457765648,"MEDITERRANEAN CALIFORNIA",-0.325229116533102,-0.284404287486716,1,44,35,27,57
21,"0.5x",350,FALSE,"0.25x",0.25,0.547820457765648,"NORTH AMERICAN DESERTS",-0.118530228080508,-0.159355057126894,1,44,27,27,6
21,"0.5x",350,FALSE,"0.25x",0.25,0.547820457765648,"NORTHERN FORESTS",0.0108484733307533,-0.111626013808406,1,44,4,27,10
21,"0.5x",350,FALSE,"0.25x",0.25,0.547820457765648,"NORTHWESTERN FORESTED MOUNTAINS",-0.284266337786673,-0.488390483018604,1,44,5,27,11
21,"0.5x",350,FALSE,"0.25x",0.25,0.547820457765648,"WATER",0.0585178345869096,-0.227255968737794,1,44,15,27,6
22,"0.5x",350,FALSE,"0.25x",0.25,0.278833188048166,"EASTERN TEMPERATE FORESTS",-0.0422178630402584,0.243555940284446,1,44,6,27,4
22,"0.5x",350,FALSE,"0.25x",0.25,0.278833188048166,"GREAT PLAINS",0.0849679611714386,0.28909210640337,1,44,10,27,19
22,"0.5x",350,FALSE,"0.25x",0.25,0.278833188048166,"MARINE WEST COAST FOREST",-0.0272840533414845,0.0951904337976744,1,44,7,27,89
22,"0.5x",350,FALSE,"0.25x",0.25,0.278833188048166,"MEDITERRANEAN CALIFORNIA",0.0120545650539906,0.0528793941003769,1,44,24,27,68
22,"0.5x",350,FALSE,"0.25x",0.25,0.278833188048166,"NORTH AMERICAN DESERTS",-0.0204482707640782,-0.0612730998104645,1,44,19,27,4
22,"0.5x",350,FALSE,"0.25x",0.25,0.278833188048166,"NORTHERN FORESTS",0.0338892525573004,-0.0885852345818585,1,44,10,27,8
22,"0.5x",350,FALSE,"0.25x",0.25,0.278833188048166,"NORTHWESTERN FORESTED MOUNTAINS",-0.130347545736724,-0.334471690968655,1,44,4,27,6
22,"0.5x",350,FALSE,"0.25x",0.25,0.278833188048166,"WATER",0.0798775184769486,-0.205896284847756,1,44,15,27,6
23,"0.5x",350,FALSE,"0.25x",0.25,1.10098176406597,"EASTERN TEMPERATE FORESTS",-0.346208533652649,-0.0604347303279446,1,44,2,27,4
23,"0.5x",350,FALSE,"0.25x",0.25,1.10098176406597,"GREAT PLAINS",0.313403409958704,0.517527555190635,1,44,17,27,21
23,"0.5x",350,FALSE,"0.25x",0.25,1.10098176406597,"MARINE WEST COAST FOREST",-0.75143326708817,-0.628958779949011,1,44,7,27,94
23,"0.5x",350,FALSE,"0.25x",0.25,1.10098176406597,"MEDITERRANEAN CALIFORNIA",0.214931845897405,0.255756674943791,1,44,30,27,51
23,"0.5x",350,FALSE,"0.25x",0.25,1.10098176406597,"NORTH AMERICAN DESERTS",-0.10143994535298,-0.142264774399367,1,44,18,27,5
23,"0.5x",350,FALSE,"0.25x",0.25,1.10098176406597,"NORTHERN FORESTS",0.228019155867098,0.105544668727939,1,44,8,27,17
23,"0.5x",350,FALSE,"0.25x",0.25,1.10098176406597,"NORTHWESTERN FORESTED MOUNTAINS",-0.249657456119049,-0.453781601350981,1,44,2,27,7
23,"0.5x",350,FALSE,"0.25x",0.25,1.10098176406597,"WATER",-0.159417952000403,-0.445191755325108,1,44,9,27,8
24,"0.5x",350,FALSE,"0.25x",0.25,0.444969059045893,"EASTERN TEMPERATE FORESTS",-0.177195843353894,0.10857795997081,1,44,7,27,5
24,"0.5x",350,FALSE,"0.25x",0.25,0.444969059045893,"GREAT PLAINS",0.149095464502818,0.35321960973475,1,44,5,27,21
24,"0.5x",350,FALSE,"0.25x",0.25,0.444969059045893,"MARINE WEST COAST FOREST",-0.281311052314489,-0.15883656517533,1,44,4,27,79
24,"0.5x",350,FALSE,"0.25x",0.25,0.444969059045893,"MEDITERRANEAN CALIFORNIA",0.111476807141974,0.15230163618836,1,44,30,27,59
24,"0.5x",350,FALSE,"0.25x",0.25,0.444969059045893,"NORTH AMERICAN DESERTS",-0.0776367607144384,-0.118461589760825,1,44,24,27,7
24,"0.5x",350,FALSE,"0.25x",0.25,0.444969059045893,"NORTHERN FORESTS",-0.0997172359428677,-0.222191723082027,1,44,2,27,10
24,"0.5x",350,FALSE,"0.25x",0.25,0.444969059045893,"NORTHWESTERN FORESTED MOUNTAINS",-0.204190697610905,-0.408314842842836,1,44,12,27,11
24,"0.5x",350,FALSE,"0.25x",0.25,0.444969059045893,"WATER",0.187795842853552,-0.0979779604711522,1,44,9,27,9
25,"0.5x",350,FALSE,"0.25x",0.25,0.500450779456664,"EASTERN TEMPERATE FORESTS",0.0165059694094446,0.302279772734149,1,44,8,27,10
25,"0.5x",350,FALSE,"0.25x",0.25,0.500450779456664,"GREAT PLAINS",0.0769470657932982,0.28107121102523,1,44,10,27,25
25,"0.5x",350,FALSE,"0.25x",0.25,0.500450779456664,"MARINE WEST COAST FOREST",-0.439440554463051,-0.316966067323892,1,44,11,27,138
25,"0.5x",350,FALSE,"0.25x",0.25,0.500450779456664,"MEDITERRANEAN CALIFORNIA",0.313249447155116,0.354074276201502,1,44,24,27,62
25,"0.5x",350,FALSE,"0.25x",0.25,0.500450779456664,"NORTH AMERICAN DESERTS",0.107073887066302,0.0662490580199162,1,44,19,27,4
25,"0.5x",350,FALSE,"0.25x",0.25,0.500450779456664,"NORTHERN FORESTS",0.0316415022911357,-0.0908329848480232,1,44,9,27,16
25,"0.5x",350,FALSE,"0.25x",0.25,0.500450779456664,"NORTHWESTERN FORESTED MOUNTAINS",-0.232957904154319,-0.43708204938625,1,44,10,27,15
25,"0.5x",350,FALSE,"0.25x",0.25,0.500450779456664,"WATER",0.0569031028668586,-0.228870700457846,1,44,6,27,11
26,"0.5x",350,FALSE,"0.25x",0.25,0.329039602282892,"EASTERN TEMPERATE FORESTS",-0.0197596578207126,0.266014145503992,1,44,6,27,8
26,"0.5x",350,FALSE,"0.25x",0.25,0.329039602282892,"GREAT PLAINS",-0.0493519294349208,0.154772215797011,1,44,8,27,28
26,"0.5x",350,FALSE,"0.25x",0.25,0.329039602282892,"MARINE WEST COAST FOREST",-0.0312086049863856,0.0912658821527733,1,44,9,27,75
26,"0.5x",350,FALSE,"0.25x",0.25,0.329039602282892,"MEDITERRANEAN CALIFORNIA",0.0113906765657609,0.0522155056121473,1,44,30,27,38
26,"0.5x",350,FALSE,"0.25x",0.25,0.329039602282892,"NORTH AMERICAN DESERTS",0.0702708111630742,0.0294459821166878,1,44,26,27,8
26,"0.5x",350,FALSE,"0.25x",0.25,0.329039602282892,"NORTHERN FORESTS",0.0354712847972449,-0.087003202341914,1,44,9,27,11
26,"0.5x",350,FALSE,"0.25x",0.25,0.329039602282892,"NORTHWESTERN FORESTED MOUNTAINS",-0.0999437198239438,-0.304067865055875,1,44,6,27,7
26,"0.5x",350,FALSE,"0.25x",0.25,0.329039602282892,"WATER",0.115089741239216,-0.170684062085488,1,44,18,27,11
27,"0.5x",350,FALSE,"0.25x",0.25,1.10896434966709,"EASTERN TEMPERATE FORESTS",0.92565555214859,1.21142935547329,1,44,10,27,6
27,"0.5x",350,FALSE,"0.25x",0.25,1.10896434966709,"GREAT PLAINS",0.548378194855299,0.75250234008723,1,44,9,27,28
27,"0.5x",350,FALSE,"0.25x",0.25,1.10896434966709,"MARINE WEST COAST FOREST",-0.0442681159555363,0.0782063711836226,1,44,12,27,140
27,"0.5x",350,FALSE,"0.25x",0.25,1.10896434966709,"MEDITERRANEAN CALIFORNIA",-0.275998829100253,-0.235174000053867,1,44,45,27,57
27,"0.5x",350,FALSE,"0.25x",0.25,1.10896434966709,"NORTH AMERICAN DESERTS",-1.12828576223287,-1.16911059127926,1,44,22,27,1
27,"0.5x",350,FALSE,"0.25x",0.25,1.10896434966709,"NORTHERN FORESTS",0.797111809113894,0.674637321974736,1,44,3,27,7
27,"0.5x",350,FALSE,"0.25x",0.25,1.10896434966709,"NORTHWESTERN FORESTED MOUNTAINS",-0.0260333517664419,-0.230157496998373,1,44,2,27,5
27,"0.5x",350,FALSE,"0.25x",0.25,1.10896434966709,"WATER",0.92484588286665,0.639072079541946,1,44,10,27,6
28,"0.5x",350,FALSE,"0.25x",0.25,0.999531297041062,"EASTERN TEMPERATE FORESTS",-0.521886023768347,-0.236112220443643,1,44,5,27,6
28,"0.5x",350,FALSE,"0.25x",0.25,0.999531297041062,"GREAT PLAINS",0.118571899652482,0.322696044884414,1,44,11,27,23
28,"0.5x",350,FALSE,"0.25x",0.25,0.999531297041062,"MARINE WEST COAST FOREST",-0.550864604106472,-0.428390116967313,1,44,11,27,114
28,"0.5x",350,FALSE,"0.25x",0.25,0.999531297041062,"MEDITERRANEAN CALIFORNIA",-0.426692179234733,-0.385867350188346,1,44,31,27,63
28,"0.5x",350,FALSE,"0.25x",0.25,0.999531297041062,"NORTH AMERICAN DESERTS",0.180968983323557,0.140144154277171,1,44,17,27,5
28,"0.5x",350,FALSE,"0.25x",0.25,0.999531297041062,"NORTHERN FORESTS",0.0705116943192455,-0.0519627928199134,1,44,13,27,8
28,"0.5x",350,FALSE,"0.25x",0.25,0.999531297041062,"NORTHWESTERN FORESTED MOUNTAINS",-0.0173339237602619,-0.221458068992193,1,44,2,27,13
28,"0.5x",350,FALSE,"0.25x",0.25,0.999531297041062,"WATER",0.051595492505039,-0.234178310819665,1,44,11,27,5
29,"0.5x",350,FALSE,"0.25x",0.25,0.191010797483423,"EASTERN TEMPERATE FORESTS",-0.0685022765223637,0.21727152680234,1,44,6,27,4
29,"0.5x",350,FALSE,"0.25x",0.25,0.191010797483423,"GREAT PLAINS",0.017150047246774,0.221274192478706,1,44,13,27,14
29,"0.5x",350,FALSE,"0.25x",0.25,0.191010797483423,"MARINE WEST COAST FOREST",0.103401554279159,0.225876041418318,1,44,17,27,145
29,"0.5x",350,FALSE,"0.25x",0.25,0.191010797483423,"MEDITERRANEAN CALIFORNIA",0.0225732772579837,0.06339810630437,1,44,31,27,59
29,"0.5x",350,FALSE,"0.25x",0.25,0.191010797483423,"NORTH AMERICAN DESERTS",-0.0062176094394395,-0.0470424384858258,1,44,25,27,3
29,"0.5x",350,FALSE,"0.25x",0.25,0.191010797483423,"NORTHERN FORESTS",0.0323552459192423,-0.0901192412199165,1,44,18,27,16
29,"0.5x",350,FALSE,"0.25x",0.25,0.191010797483423,"NORTHWESTERN FORESTED MOUNTAINS",-0.100400749811053,-0.304524895042984,1,44,5,27,7
29,"0.5x",350,FALSE,"0.25x",0.25,0.191010797483423,"WATER",-0.0409332715743512,-0.326707074899055,1,44,11,27,3
30,"0.5x",350,FALSE,"0.25x",0.25,0.376524406026859,"EASTERN TEMPERATE FORESTS",-0.254419810773807,0.031353992550897,1,44,6,27,3
30,"0.5x",350,FALSE,"0.25x",0.25,0.376524406026859,"GREAT PLAINS",0.164882835472121,0.369006980704052,1,44,8,27,22
30,"0.5x",350,FALSE,"0.25x",0.25,0.376524406026859,"MARINE WEST COAST FOREST",-0.036967622204441,0.0855068649347179,1,44,7,27,137
30,"0.5x",350,FALSE,"0.25x",0.25,0.376524406026859,"MEDITERRANEAN CALIFORNIA",0.0662795447367708,0.107104373783157,1,44,29,27,54
30,"0.5x",350,FALSE,"0.25x",0.25,0.376524406026859,"NORTH AMERICAN DESERTS",0.0547040299708592,0.0138792009244729,1,44,23,27,5
30,"0.5x",350,FALSE,"0.25x",0.25,0.376524406026859,"NORTHERN FORESTS",-0.0297125426543944,-0.152187029793553,1,44,5,27,8
30,"0.5x",350,FALSE,"0.25x",0.25,0.376524406026859,"NORTHWESTERN FORESTED MOUNTAINS",-0.0519438150737587,-0.25606796030569,1,44,8,27,8
30,"0.5x",350,FALSE,"0.25x",0.25,0.376524406026859,"WATER",0.00899381988224948,-0.276779983442455,1,44,8,27,3
1,"0.5x",350,FALSE,"16x",16,0.21271331473215,"EASTERN TEMPERATE FORESTS",-0.081394209823942,0.204379593500762,1,44,7,27,345
1,"0.5x",350,FALSE,"16x",16,0.21271331473215,"GREAT PLAINS",-0.0258956506641221,0.178228494567809,1,44,11,27,1662
1,"0.5x",350,FALSE,"16x",16,0.21271331473215,"MARINE WEST COAST FOREST",-0.191487547361812,-0.0690130602226533,1,44,5,27,5059
1,"0.5x",350,FALSE,"16x",16,0.21271331473215,"MEDITERRANEAN CALIFORNIA",-0.0473778181134202,-0.00655298906703385,1,44,33,27,4245
1,"0.5x",350,FALSE,"16x",16,0.21271331473215,"NORTH AMERICAN DESERTS",0.0573112426380988,0.0164864135917125,1,44,23,27,296
1,"0.5x",350,FALSE,"16x",16,0.21271331473215,"NORTHERN FORESTS",0.0685255452357545,-0.0539489419034044,1,44,3,27,734
1,"0.5x",350,FALSE,"16x",16,0.21271331473215,"NORTHWESTERN FORESTED MOUNTAINS",0.133237345882721,-0.0708867993492106,1,44,2,27,585
1,"0.5x",350,FALSE,"16x",16,0.21271331473215,"WATER",0.159382560937513,-0.126391242387191,1,44,7,27,501
2,"0.5x",350,FALSE,"16x",16,0.153580986767879,"EASTERN TEMPERATE FORESTS",-0.0591078293687272,0.226665973955977,1,44,4,27,354
2,"0.5x",350,FALSE,"16x",16,0.153580986767879,"GREAT PLAINS",-0.0321438144356452,0.171980330796286,1,44,7,27,1366
2,"0.5x",350,FALSE,"16x",16,0.153580986767879,"MARINE WEST COAST FOREST",-0.0792012448730506,0.0432732422661083,1,44,5,27,5443
2,"0.5x",350,FALSE,"16x",16,0.153580986767879,"MEDITERRANEAN CALIFORNIA",-0.0192244565536346,0.0216003724927517,1,44,30,27,3693
2,"0.5x",350,FALSE,"16x",16,0.153580986767879,"NORTH AMERICAN DESERTS",-0.0461425423654542,-0.0869673714118405,1,44,13,27,245
2,"0.5x",350,FALSE,"16x",16,0.153580986767879,"NORTHERN FORESTS",0.0981564646174749,-0.024318022521684,1,44,9,27,740
2,"0.5x",350,FALSE,"16x",16,0.153580986767879,"NORTHWESTERN FORESTED MOUNTAINS",0.0343611462484912,-0.16976299898344,1,44,9,27,814
2,"0.5x",350,FALSE,"16x",16,0.153580986767879,"WATER",0.0769487343368686,-0.208825068987836,1,44,12,27,484
3,"0.5x",350,FALSE,"16x",16,0.177146556449062,"EASTERN TEMPERATE FORESTS",-0.0784260705434994,0.207347732781205,1,44,9,27,261
3,"0.5x",350,FALSE,"16x",16,0.177146556449062,"GREAT PLAINS",-0.0437610764472959,0.160363068784636,1,44,6,27,1292
3,"0.5x",350,FALSE,"16x",16,0.177146556449062,"MARINE WEST COAST FOREST",-0.131929783762028,-0.00945529662286888,1,44,5,27,6144
3,"0.5x",350,FALSE,"16x",16,0.177146556449062,"MEDITERRANEAN CALIFORNIA",0.0213231468122798,0.0621479758586661,1,44,23,27,3550
3,"0.5x",350,FALSE,"16x",16,0.177146556449062,"NORTH AMERICAN DESERTS",-0.0612026508951685,-0.102027479941555,1,44,18,27,309
3,"0.5x",350,FALSE,"16x",16,0.177146556449062,"NORTHERN FORESTS",0.0152025986699037,-0.107271888469255,1,44,9,27,559
3,"0.5x",350,FALSE,"16x",16,0.177146556449062,"NORTHWESTERN FORESTED MOUNTAINS",0.107854367975023,-0.0962697772569088,1,44,6,27,596
3,"0.5x",350,FALSE,"16x",16,0.177146556449062,"WATER",0.0370029500402749,-0.248770853284429,1,44,16,27,489
4,"0.5x",350,FALSE,"16x",16,0.377087550836915,"EASTERN TEMPERATE FORESTS",-0.171272053938866,0.114501749385838,1,44,8,27,188
4,"0.5x",350,FALSE,"16x",16,0.377087550836915,"GREAT PLAINS",-0.26701486668916,-0.0628907214572282,1,44,15,27,1466
4,"0.5x",350,FALSE,"16x",16,0.377087550836915,"MARINE WEST COAST FOREST",-0.222117358794819,-0.0996428716556596,1,44,10,27,6374
4,"0.5x",350,FALSE,"16x",16,0.377087550836915,"MEDITERRANEAN CALIFORNIA",-0.221148323087772,-0.180323494041385,1,44,25,27,3399
4,"0.5x",350,FALSE,"16x",16,0.377087550836915,"NORTH AMERICAN DESERTS",0.294315325725182,0.253490496678796,1,44,21,27,377
4,"0.5x",350,FALSE,"16x",16,0.377087550836915,"NORTHERN FORESTS",0.0694149183603741,-0.0530595687787848,1,44,6,27,508
4,"0.5x",350,FALSE,"16x",16,0.377087550836915,"NORTHWESTERN FORESTED MOUNTAINS",0.29641628490641,0.0922921396744787,1,44,6,27,767
4,"0.5x",350,FALSE,"16x",16,0.377087550836915,"WATER",0.322955679282545,0.0371818759578404,1,44,15,27,380
5,"0.5x",350,FALSE,"16x",16,0.0805322328020712,"EASTERN TEMPERATE FORESTS",-0.0462830491182661,0.239490754206438,0,44,8,27,341
5,"0.5x",350,FALSE,"16x",16,0.0805322328020712,"GREAT PLAINS",0.0300300769101532,0.234154222142085,0,44,15,27,1864
5,"0.5x",350,FALSE,"16x",16,0.0805322328020712,"MARINE WEST COAST FOREST",-0.0183014603540453,0.104173026785114,1,44,7,27,5896
5,"0.5x",350,FALSE,"16x",16,0.0805322328020712,"MEDITERRANEAN CALIFORNIA",-0.0446796983192866,-0.00385486927290028,1,44,20,27,4125
5,"0.5x",350,FALSE,"16x",16,0.0805322328020712,"NORTH AMERICAN DESERTS",-0.0260226132990857,-0.066847442345472,1,44,18,27,310
5,"0.5x",350,FALSE,"16x",16,0.0805322328020712,"NORTHERN FORESTS",0.027135154315838,-0.0953393328233209,1,44,5,27,581
5,"0.5x",350,FALSE,"16x",16,0.0805322328020712,"NORTHWESTERN FORESTED MOUNTAINS",-0.00620316152268132,-0.210327306754613,0,44,10,27,640
5,"0.5x",350,FALSE,"16x",16,0.0805322328020712,"WATER",0.0539104917901445,-0.23186331153456,0,44,13,27,414
6,"0.5x",350,FALSE,"16x",16,0.25352102113096,"EASTERN TEMPERATE FORESTS",0.0576521449004,0.343425948225104,1,44,7,27,294
6,"0.5x",350,FALSE,"16x",16,0.25352102113096,"GREAT PLAINS",-0.303047954718989,-0.0989238094870576,1,44,13,27,988
6,"0.5x",350,FALSE,"16x",16,0.25352102113096,"MARINE WEST COAST FOREST",-0.12035796145099,0.00211652568816911,1,44,17,27,5418
6,"0.5x",350,FALSE,"16x",16,0.25352102113096,"MEDITERRANEAN CALIFORNIA",-0.0217219412545118,0.0191028877918745,1,44,34,27,3751
6,"0.5x",350,FALSE,"16x",16,0.25352102113096,"NORTH AMERICAN DESERTS",-0.0706833820916934,-0.11150821113808,1,44,23,27,264
6,"0.5x",350,FALSE,"16x",16,0.25352102113096,"NORTHERN FORESTS",0.00466066674941919,-0.11781382038974,1,44,5,27,582
6,"0.5x",350,FALSE,"16x",16,0.25352102113096,"NORTHWESTERN FORESTED MOUNTAINS",0.175415540537715,-0.0287086046942163,1,44,9,27,669
6,"0.5x",350,FALSE,"16x",16,0.25352102113096,"WATER",0.211748190717526,-0.0740256126071786,1,44,11,27,521
7,"0.5x",350,FALSE,"16x",16,0.159283114248694,"EASTERN TEMPERATE FORESTS",-0.0946072950990544,0.19116650822565,1,44,5,27,268
7,"0.5x",350,FALSE,"16x",16,0.159283114248694,"GREAT PLAINS",-0.0236898530649477,0.180434292166984,1,44,8,27,1152
7,"0.5x",350,FALSE,"16x",16,0.159283114248694,"MARINE WEST COAST FOREST",-0.0603205530659338,0.0621539340732251,1,44,13,27,5491
7,"0.5x",350,FALSE,"16x",16,0.159283114248694,"MEDITERRANEAN CALIFORNIA",0.00454926418441055,0.0453740932307969,1,44,18,27,3959
7,"0.5x",350,FALSE,"16x",16,0.159283114248694,"NORTH AMERICAN DESERTS",0.0263402038532786,-0.0144846251931077,1,44,20,27,304
7,"0.5x",350,FALSE,"16x",16,0.159283114248694,"NORTHERN FORESTS",0.026405663536808,-0.0960688236023509,1,44,8,27,513
7,"0.5x",350,FALSE,"16x",16,0.159283114248694,"NORTHWESTERN FORESTED MOUNTAINS",0.0601847288006244,-0.143939416431307,1,44,10,27,622
7,"0.5x",350,FALSE,"16x",16,0.159283114248694,"WATER",0.0820877556933587,-0.203686047631345,1,44,5,27,425
8,"0.5x",350,FALSE,"16x",16,0.0346058871088843,"EASTERN TEMPERATE FORESTS",0.00931632952852686,0.295090132853231,0,44,6,27,265
8,"0.5x",350,FALSE,"16x",16,0.0346058871088843,"GREAT PLAINS",-0.000413101305236811,0.203711043926695,0,44,12,27,1005
8,"0.5x",350,FALSE,"16x",16,0.0346058871088843,"MARINE WEST COAST FOREST",0.0127669140727822,0.135241401211941,0,44,13,27,5762
8,"0.5x",350,FALSE,"16x",16,0.0346058871088843,"MEDITERRANEAN CALIFORNIA",-0.00923603793876249,0.0315887911076238,1,44,28,27,3925
8,"0.5x",350,FALSE,"16x",16,0.0346058871088843,"NORTH AMERICAN DESERTS",-0.00173799991578352,-0.0425628289621698,1,44,21,27,334
8,"0.5x",350,FALSE,"16x",16,0.0346058871088843,"NORTHERN FORESTS",0.0192869603632945,-0.103187526775864,1,44,8,27,508
8,"0.5x",350,FALSE,"16x",16,0.0346058871088843,"NORTHWESTERN FORESTED MOUNTAINS",0.0101824998601022,-0.193941645371829,0,44,4,27,614
8,"0.5x",350,FALSE,"16x",16,0.0346058871088843,"WATER",-0.0115570799668852,-0.297330883291589,0,44,15,27,430
9,"0.5x",350,FALSE,"16x",16,0.367200595391444,"EASTERN TEMPERATE FORESTS",-0.194982867568809,0.090790935755895,1,44,7,27,299
9,"0.5x",350,FALSE,"16x",16,0.367200595391444,"GREAT PLAINS",-0.0933932293538164,0.110730915878115,1,44,13,27,1575
9,"0.5x",350,FALSE,"16x",16,0.367200595391444,"MARINE WEST COAST FOREST",0.0209336396279896,0.143408126767149,1,44,9,27,6822
9,"0.5x",350,FALSE,"16x",16,0.367200595391444,"MEDITERRANEAN CALIFORNIA",0.0893033202062547,0.130128149252641,1,44,21,27,3863
9,"0.5x",350,FALSE,"16x",16,0.367200595391444,"NORTH AMERICAN DESERTS",-0.187451546339195,-0.228276375385582,1,44,25,27,252
9,"0.5x",350,FALSE,"16x",16,0.367200595391444,"NORTHERN FORESTS",-0.0373393988126425,-0.159813885951801,1,44,5,27,526
9,"0.5x",350,FALSE,"16x",16,0.367200595391444,"NORTHWESTERN FORESTED MOUNTAINS",0.126012686120136,-0.078111459111796,1,44,9,27,721
9,"0.5x",350,FALSE,"16x",16,0.367200595391444,"WATER",0.506194776579882,0.220420973255178,1,44,11,27,451
10,"0.5x",350,FALSE,"16x",16,0.137655681386561,"EASTERN TEMPERATE FORESTS",-0.133745257925357,0.152028545399347,1,44,9,27,270
10,"0.5x",350,FALSE,"16x",16,0.137655681386561,"GREAT PLAINS",-0.0101039895121171,0.194020155719814,1,44,9,27,1257
10,"0.5x",350,FALSE,"16x",16,0.137655681386561,"MARINE WEST COAST FOREST",0.0370769237909098,0.159551410930069,1,44,1,27,4736
10,"0.5x",350,FALSE,"16x",16,0.137655681386561,"MEDITERRANEAN CALIFORNIA",0.0305856759312102,0.0714105049775965,1,44,28,27,3719
10,"0.5x",350,FALSE,"16x",16,0.137655681386561,"NORTH AMERICAN DESERTS",0.0333092970225554,-0.00751553202383087,1,44,16,27,521
10,"0.5x",350,FALSE,"16x",16,0.137655681386561,"NORTHERN FORESTS",0.0395602875963715,-0.0829141995427874,1,44,6,27,542
10,"0.5x",350,FALSE,"16x",16,0.137655681386561,"NORTHWESTERN FORESTED MOUNTAINS",-0.00589526131851309,-0.210019406550445,1,44,1,27,602
10,"0.5x",350,FALSE,"16x",16,0.137655681386561,"WATER",0.036233800384709,-0.249540002939995,1,44,3,27,336
11,"0.5x",350,FALSE,"16x",16,0.112892729084219,"EASTERN TEMPERATE FORESTS",0.0314814759329528,0.317255279257657,0,44,5,27,294
11,"0.5x",350,FALSE,"16x",16,0.112892729084219,"GREAT PLAINS",0.02581323458085,0.229937379812781,0,44,15,27,1381
11,"0.5x",350,FALSE,"16x",16,0.112892729084219,"MARINE WEST COAST FOREST",-0.00199589884151375,0.120478588297645,1,44,12,27,8806
11,"0.5x",350,FALSE,"16x",16,0.112892729084219,"MEDITERRANEAN CALIFORNIA",0.0343693635261675,0.0751941925725538,1,44,19,27,3900
11,"0.5x",350,FALSE,"16x",16,0.112892729084219,"NORTH AMERICAN DESERTS",-0.0377089865796325,-0.0785338156260188,1,44,23,27,453
11,"0.5x",350,FALSE,"16x",16,0.112892729084219,"NORTHERN FORESTS",-0.0358881988576649,-0.158362685996824,1,44,8,27,759
11,"0.5x",350,FALSE,"16x",16,0.112892729084219,"NORTHWESTERN FORESTED MOUNTAINS",0.0316134397060768,-0.172510705525855,1,44,6,27,695
11,"0.5x",350,FALSE,"16x",16,0.112892729084219,"WATER",-0.0551144609190763,-0.34088826424378,0,44,10,27,431
12,"0.5x",350,FALSE,"16x",16,0.126261274011315,"EASTERN TEMPERATE FORESTS",-0.0552617214042758,0.230512081920428,1,44,8,27,259
12,"0.5x",350,FALSE,"16x",16,0.126261274011315,"GREAT PLAINS",-0.0399576423281718,0.16416650290376,1,44,14,27,1467
12,"0.5x",350,FALSE,"16x",16,0.126261274011315,"MARINE WEST COAST FOREST",-0.0848697576734508,0.0376047294657081,1,44,9,27,5963
12,"0.5x",350,FALSE,"16x",16,0.126261274011315,"MEDITERRANEAN CALIFORNIA",-0.00473182530397781,0.0360930037424085,1,44,29,27,4282
12,"0.5x",350,FALSE,"16x",16,0.126261274011315,"NORTH AMERICAN DESERTS",-0.0506278347814322,-0.0914526638278185,1,44,24,27,176
12,"0.5x",350,FALSE,"16x",16,0.126261274011315,"NORTHERN FORESTS",0.0175806157831877,-0.104893871355971,1,44,6,27,642
12,"0.5x",350,FALSE,"16x",16,0.126261274011315,"NORTHWESTERN FORESTED MOUNTAINS",0.00339375362481579,-0.200730391607116,1,44,9,27,565
12,"0.5x",350,FALSE,"16x",16,0.126261274011315,"WATER",0.162081961093641,-0.123691842231063,1,44,14,27,624
13,"0.5x",350,FALSE,"16x",16,0.661860398588924,"EASTERN TEMPERATE FORESTS",0.462024227291038,0.747798030615742,1,44,5,27,322
13,"0.5x",350,FALSE,"16x",16,0.661860398588924,"GREAT PLAINS",-0.0394287234266137,0.164695421805318,1,44,16,27,1679
13,"0.5x",350,FALSE,"16x",16,0.661860398588924,"MARINE WEST COAST FOREST",0.0192648908768509,0.14173937801601,1,44,10,27,8689
13,"0.5x",350,FALSE,"16x",16,0.661860398588924,"MEDITERRANEAN CALIFORNIA",-0.187318468978504,-0.146493639932118,1,44,25,27,3960
13,"0.5x",350,FALSE,"16x",16,0.661860398588924,"NORTH AMERICAN DESERTS",0.431303193240547,0.390478364194161,1,44,21,27,427
13,"0.5x",350,FALSE,"16x",16,0.661860398588924,"NORTHERN FORESTS",0.259105139810991,0.136630652671833,1,44,7,27,531
13,"0.5x",350,FALSE,"16x",16,0.661860398588924,"NORTHWESTERN FORESTED MOUNTAINS",-0.0303468320667611,-0.234470977298693,1,44,19,27,523
13,"0.5x",350,FALSE,"16x",16,0.661860398588924,"WATER",-1.15986468705488,-1.44563849037959,0,44,10,27,563
14,"0.5x",350,FALSE,"16x",16,0.271675210204871,"EASTERN TEMPERATE FORESTS",-0.00519264513024328,0.280581158194461,1,44,4,27,275
14,"0.5x",350,FALSE,"16x",16,0.271675210204871,"GREAT PLAINS",-0.208594862146176,-0.00447071691424467,1,44,7,27,1591
14,"0.5x",350,FALSE,"16x",16,0.271675210204871,"MARINE WEST COAST FOREST",0.0130284342307902,0.135502921369949,1,44,8,27,5175
14,"0.5x",350,FALSE,"16x",16,0.271675210204871,"MEDITERRANEAN CALIFORNIA",-0.0884874636551709,-0.0476626346087846,1,44,26,27,3948
14,"0.5x",350,FALSE,"16x",16,0.271675210204871,"NORTH AMERICAN DESERTS",-0.202369077535247,-0.243193906581634,1,44,15,27,293
14,"0.5x",350,FALSE,"16x",16,0.271675210204871,"NORTHERN FORESTS",0.0838855806179279,-0.0385889065212309,1,44,14,27,637
14,"0.5x",350,FALSE,"16x",16,0.271675210204871,"NORTHWESTERN FORESTED MOUNTAINS",0.129136858431583,-0.0749872868003482,1,44,1,27,649
14,"0.5x",350,FALSE,"16x",16,0.271675210204871,"WATER",0.38113969991557,0.0953658965908662,1,44,10,27,514
15,"0.5x",350,FALSE,"16x",16,0.163738874538214,"EASTERN TEMPERATE FORESTS",-0.0670905334715487,0.218683269853155,1,44,10,27,292
15,"0.5x",350,FALSE,"16x",16,0.163738874538214,"GREAT PLAINS",-0.0395152148132535,0.164608930418678,1,44,10,27,1572
15,"0.5x",350,FALSE,"16x",16,0.163738874538214,"MARINE WEST COAST FOREST",-0.0289162085436818,0.0935582785954771,1,44,7,27,6245
15,"0.5x",350,FALSE,"16x",16,0.163738874538214,"MEDITERRANEAN CALIFORNIA",-0.0265058386035399,0.0143189904428464,1,44,30,27,4296
15,"0.5x",350,FALSE,"16x",16,0.163738874538214,"NORTH AMERICAN DESERTS",0.0206616540600878,-0.0201631749862985,1,44,14,27,334
15,"0.5x",350,FALSE,"16x",16,0.163738874538214,"NORTHERN FORESTS",-0.0309439761317371,-0.153418463270896,1,44,6,27,474
15,"0.5x",350,FALSE,"16x",16,0.163738874538214,"NORTHWESTERN FORESTED MOUNTAINS",0.095990877441745,-0.108133267790186,1,44,6,27,658
15,"0.5x",350,FALSE,"16x",16,0.163738874538214,"WATER",0.147533136152597,-0.138240667172107,1,44,3,27,557
16,"0.5x",350,FALSE,"16x",16,0.167864126478379,"EASTERN TEMPERATE FORESTS",-0.0359788914496077,0.249794911875096,1,44,7,27,311
16,"0.5x",350,FALSE,"16x",16,0.167864126478379,"GREAT PLAINS",-0.12850548590446,0.0756186593274714,1,44,10,27,1548
16,"0.5x",350,FALSE,"16x",16,0.167864126478379,"MARINE WEST COAST FOREST",-0.0721204182783493,0.0503540688608096,1,44,7,27,5747
16,"0.5x",350,FALSE,"16x",16,0.167864126478379,"MEDITERRANEAN CALIFORNIA",-0.0111444907906392,0.0296803382557471,1,44,20,27,4037
16,"0.5x",350,FALSE,"16x",16,0.167864126478379,"NORTH AMERICAN DESERTS",-0.055060831070614,-0.0958856601170003,1,44,18,27,279
16,"0.5x",350,FALSE,"16x",16,0.167864126478379,"NORTHERN FORESTS",0.0574690483632034,-0.0650054387759555,1,44,7,27,459
16,"0.5x",350,FALSE,"16x",16,0.167864126478379,"NORTHWESTERN FORESTED MOUNTAINS",0.092378661210008,-0.111745484021924,1,44,6,27,696
16,"0.5x",350,FALSE,"16x",16,0.167864126478379,"WATER",0.110694688181752,-0.175079115142952,1,44,13,27,566
17,"0.5x",350,FALSE,"16x",16,0.111477036188748,"EASTERN TEMPERATE FORESTS",0.000716921089204639,0.286490724413909,0,44,1,27,264
17,"0.5x",350,FALSE,"16x",16,0.111477036188748,"GREAT PLAINS",-0.0435694703095479,0.160554674922384,1,44,14,27,1066
17,"0.5x",350,FALSE,"16x",16,0.111477036188748,"MARINE WEST COAST FOREST",-0.046147900692771,0.076326586446388,1,44,15,27,4874
17,"0.5x",350,FALSE,"16x",16,0.111477036188748,"MEDITERRANEAN CALIFORNIA",-0.00177136906214431,0.039053459984242,1,44,20,27,3162
17,"0.5x",350,FALSE,"16x",16,0.111477036188748,"NORTH AMERICAN DESERTS",-0.0190894889835781,-0.0599143180299644,1,44,26,27,220
17,"0.5x",350,FALSE,"16x",16,0.111477036188748,"NORTHERN FORESTS",0.112643364624534,-0.00983112251462508,1,44,4,27,558
17,"0.5x",350,FALSE,"16x",16,0.111477036188748,"NORTHWESTERN FORESTED MOUNTAINS",0.0123158361112131,-0.191808309120718,1,44,8,27,577
17,"0.5x",350,FALSE,"16x",16,0.111477036188748,"WATER",0.0381392916679817,-0.247634511656722,1,44,8,27,499
18,"0.5x",350,FALSE,"16x",16,0.171296956423749,"EASTERN TEMPERATE FORESTS",-0.0833451332319609,0.202428670092743,1,44,11,27,319
18,"0.5x",350,FALSE,"16x",16,0.171296956423749,"GREAT PLAINS",-0.0146223928360316,0.1895017523959,1,44,16,27,1924
18,"0.5x",350,FALSE,"16x",16,0.171296956423749,"MARINE WEST COAST FOREST",-0.0467168857371633,0.0757576014019957,1,44,5,27,7981
18,"0.5x",350,FALSE,"16x",16,0.171296956423749,"MEDITERRANEAN CALIFORNIA",-0.140576061450807,-0.0997512324044205,1,44,17,27,3124
18,"0.5x",350,FALSE,"16x",16,0.171296956423749,"NORTH AMERICAN DESERTS",-0.0724036619092991,-0.113228490955685,1,44,17,27,422
18,"0.5x",350,FALSE,"16x",16,0.171296956423749,"NORTHERN FORESTS",0.0244855870366913,-0.0979889001024676,1,44,6,27,494
18,"0.5x",350,FALSE,"16x",16,0.171296956423749,"NORTHWESTERN FORESTED MOUNTAINS",0.0987226309096725,-0.105401514322259,1,44,6,27,622
18,"0.5x",350,FALSE,"16x",16,0.171296956423749,"WATER",0.193047139279657,-0.0927266640450467,1,44,17,27,383
19,"0.5x",350,FALSE,"16x",16,0.621609598854814,"EASTERN TEMPERATE FORESTS",-0.640514462601473,-0.354740659276769,1,44,4,27,298
19,"0.5x",350,FALSE,"16x",16,0.621609598854814,"GREAT PLAINS",-0.455964671333633,-0.251840526101701,1,44,23,27,1124
19,"0.5x",350,FALSE,"16x",16,0.621609598854814,"MARINE WEST COAST FOREST",-0.0811635576306861,0.0413109295084728,1,44,10,27,7474
19,"0.5x",350,FALSE,"16x",16,0.621609598854814,"MEDITERRANEAN CALIFORNIA",-0.220932759197926,-0.18010793015154,1,44,24,27,3333
19,"0.5x",350,FALSE,"16x",16,0.621609598854814,"NORTH AMERICAN DESERTS",0.169076427708651,0.128251598662265,1,44,21,27,286
19,"0.5x",350,FALSE,"16x",16,0.621609598854814,"NORTHERN FORESTS",0.311305314951243,0.188830827812085,1,44,6,27,689
19,"0.5x",350,FALSE,"16x",16,0.621609598854814,"NORTHWESTERN FORESTED MOUNTAINS",0.146043136349031,-0.0580810088829003,1,44,7,27,937
19,"0.5x",350,FALSE,"16x",16,0.621609598854814,"WATER",0.888005671645099,0.602231868320395,1,44,5,27,503
20,"0.5x",350,FALSE,"16x",16,0.182762175965853,"EASTERN TEMPERATE FORESTS",-0.0774469365363675,0.208326866788337,1,44,7,27,308
20,"0.5x",350,FALSE,"16x",16,0.182762175965853,"GREAT PLAINS",-0.00743569936862248,0.196688445863309,1,44,16,27,2523
20,"0.5x",350,FALSE,"16x",16,0.182762175965853,"MARINE WEST COAST FOREST",-0.0989697661846537,0.0235047209545053,1,44,7,27,7887
20,"0.5x",350,FALSE,"16x",16,0.182762175965853,"MEDITERRANEAN CALIFORNIA",-0.0470300279171545,-0.00620519887076819,1,44,23,27,3448
20,"0.5x",350,FALSE,"16x",16,0.182762175965853,"NORTH AMERICAN DESERTS",0.0652363624605272,0.0244115334141408,1,44,15,27,360
20,"0.5x",350,FALSE,"16x",16,0.182762175965853,"NORTHERN FORESTS",0.0606842143488855,-0.0617902727902734,1,44,12,27,480
20,"0.5x",350,FALSE,"16x",16,0.182762175965853,"NORTHWESTERN FORESTED MOUNTAINS",0.0421743343124718,-0.16194981091946,1,44,8,27,779
20,"0.5x",350,FALSE,"16x",16,0.182762175965853,"WATER",0.155386226559244,-0.13038757676546,1,44,12,27,490
21,"0.5x",350,FALSE,"16x",16,0.374788067249107,"EASTERN TEMPERATE FORESTS",-0.356105097149666,-0.0703312938249617,1,44,7,27,252
21,"0.5x",350,FALSE,"16x",16,0.374788067249107,"GREAT PLAINS",-0.18843705061261,0.0156870946193219,1,44,7,27,1135
21,"0.5x",350,FALSE,"16x",16,0.374788067249107,"MARINE WEST COAST FOREST",0.00399517103169106,0.12646965817085,1,44,12,27,6959
21,"0.5x",350,FALSE,"16x",16,0.374788067249107,"MEDITERRANEAN CALIFORNIA",-0.0562472067813706,-0.0154223777349842,1,44,40,27,3497
21,"0.5x",350,FALSE,"16x",16,0.374788067249107,"NORTH AMERICAN DESERTS",0.109717698211698,0.068892869165312,1,44,21,27,383
21,"0.5x",350,FALSE,"16x",16,0.374788067249107,"NORTHERN FORESTS",0.0911584830583979,-0.031316004080761,1,44,6,27,475
21,"0.5x",350,FALSE,"16x",16,0.374788067249107,"NORTHWESTERN FORESTED MOUNTAINS",0.481265261531368,0.277141116299437,1,44,5,27,658
21,"0.5x",350,FALSE,"16x",16,0.374788067249107,"WATER",0.07838164023739,-0.207392163087314,1,44,11,27,327
22,"0.5x",350,FALSE,"16x",16,0.410539960387191,"EASTERN TEMPERATE FORESTS",-0.0467848972299528,0.238988906094751,1,44,9,27,299
22,"0.5x",350,FALSE,"16x",16,0.410539960387191,"GREAT PLAINS",-0.273928783594082,-0.0698046383621503,1,44,12,27,1358
22,"0.5x",350,FALSE,"16x",16,0.410539960387191,"MARINE WEST COAST FOREST",-0.221181650652324,-0.0987071635131655,1,44,10,27,6566
22,"0.5x",350,FALSE,"16x",16,0.410539960387191,"MEDITERRANEAN CALIFORNIA",0.0134450279295611,0.0542698569759474,1,44,33,27,3193
22,"0.5x",350,FALSE,"16x",16,0.410539960387191,"NORTH AMERICAN DESERTS",-0.130399194984961,-0.171224024031347,1,44,24,27,239
22,"0.5x",350,FALSE,"16x",16,0.410539960387191,"NORTHERN FORESTS",0.563538634947944,0.441064147808785,1,44,5,27,652
22,"0.5x",350,FALSE,"16x",16,0.410539960387191,"NORTHWESTERN FORESTED MOUNTAINS",-0.0956475926612368,-0.299771737893168,1,44,4,27,489
22,"0.5x",350,FALSE,"16x",16,0.410539960387191,"WATER",0.223460794584521,-0.062313008740183,1,44,6,27,410
23,"0.5x",350,FALSE,"16x",16,0.14158738786763,"EASTERN TEMPERATE FORESTS",-0.127344072412901,0.158429730911803,1,44,4,27,291
23,"0.5x",350,FALSE,"16x",16,0.14158738786763,"GREAT PLAINS",-0.0923482831840451,0.111775862047886,1,44,12,27,1302
23,"0.5x",350,FALSE,"16x",16,0.14158738786763,"MARINE WEST COAST FOREST",0.0539161026228111,0.17639058976197,0,44,10,27,8831
23,"0.5x",350,FALSE,"16x",16,0.14158738786763,"MEDITERRANEAN CALIFORNIA",-0.0182293578703958,0.0225954711759905,1,44,41,27,3272
23,"0.5x",350,FALSE,"16x",16,0.14158738786763,"NORTH AMERICAN DESERTS",0.07673877149668,0.0359139424502937,1,44,23,27,323
23,"0.5x",350,FALSE,"16x",16,0.14158738786763,"NORTHERN FORESTS",-0.0286544261506276,-0.151128913289787,1,44,9,27,712
23,"0.5x",350,FALSE,"16x",16,0.14158738786763,"NORTHWESTERN FORESTED MOUNTAINS",0.000966154194008529,-0.203157991037923,1,44,9,27,617
23,"0.5x",350,FALSE,"16x",16,0.14158738786763,"WATER",0.122088289052531,-0.163685514272173,1,44,12,27,693
24,"0.5x",350,FALSE,"16x",16,0.175336673991215,"EASTERN TEMPERATE FORESTS",0.153092147163663,0.438865950488367,0,44,7,27,338
24,"0.5x",350,FALSE,"16x",16,0.175336673991215,"GREAT PLAINS",0.0763656908752557,0.280489836107187,0,44,13,27,1911
24,"0.5x",350,FALSE,"16x",16,0.175336673991215,"MARINE WEST COAST FOREST",-0.139093055817688,-0.0166185686785292,1,44,15,27,8609
24,"0.5x",350,FALSE,"16x",16,0.175336673991215,"MEDITERRANEAN CALIFORNIA",-0.0330971846422426,0.00772764440414369,1,44,30,27,4297
24,"0.5x",350,FALSE,"16x",16,0.175336673991215,"NORTH AMERICAN DESERTS",-0.161771556055197,-0.202596385101583,1,44,27,27,249
24,"0.5x",350,FALSE,"16x",16,0.175336673991215,"NORTHERN FORESTS",0.0640867552603775,-0.0583877318787814,1,44,14,27,667
24,"0.5x",350,FALSE,"16x",16,0.175336673991215,"NORTHWESTERN FORESTED MOUNTAINS",0.0372695885857755,-0.166854556646156,1,44,11,27,460
24,"0.5x",350,FALSE,"16x",16,0.175336673991215,"WATER",0.120532777479521,-0.165241025845183,1,44,9,27,438
25,"0.5x",350,FALSE,"16x",16,0.527330312738587,"EASTERN TEMPERATE FORESTS",0.288788206063001,0.574562009387705,1,44,2,27,294
25,"0.5x",350,FALSE,"16x",16,0.527330312738587,"GREAT PLAINS",0.299392875852394,0.503517021084326,1,44,13,27,1995
25,"0.5x",350,FALSE,"16x",16,0.527330312738587,"MARINE WEST COAST FOREST",0.395002583928849,0.517477071068008,1,44,10,27,4627
25,"0.5x",350,FALSE,"16x",16,0.527330312738587,"MEDITERRANEAN CALIFORNIA",0.178030275649779,0.218855104696166,1,44,26,27,3340
25,"0.5x",350,FALSE,"16x",16,0.527330312738587,"NORTH AMERICAN DESERTS",-0.0744274713093139,-0.1152523003557,1,44,16,27,349
25,"0.5x",350,FALSE,"16x",16,0.527330312738587,"NORTHERN FORESTS",0.0617354641182811,-0.0607390230208778,1,44,4,27,474
25,"0.5x",350,FALSE,"16x",16,0.527330312738587,"NORTHWESTERN FORESTED MOUNTAINS",-0.245096162879548,-0.44922030811148,1,44,4,27,529
25,"0.5x",350,FALSE,"16x",16,0.527330312738587,"WATER",-0.669869948185343,-0.955643751510047,0,44,22,27,625
26,"0.5x",350,FALSE,"16x",16,0.0743067451120904,"EASTERN TEMPERATE FORESTS",-0.0300688073692224,0.255704995955482,0,44,7,27,297
26,"0.5x",350,FALSE,"16x",16,0.0743067451120904,"GREAT PLAINS",-0.0469407678941227,0.157183377337809,1,44,9,27,1221
26,"0.5x",350,FALSE,"16x",16,0.0743067451120904,"MARINE WEST COAST FOREST",-0.017562971686953,0.104911515452206,1,44,8,27,5954
26,"0.5x",350,FALSE,"16x",16,0.0743067451120904,"MEDITERRANEAN CALIFORNIA",-0.00546465787987774,0.0353601711665086,1,44,27,27,3708
26,"0.5x",350,FALSE,"16x",16,0.0743067451120904,"NORTH AMERICAN DESERTS",0.0163619543775768,-0.0244628746688095,1,44,21,27,307
26,"0.5x",350,FALSE,"16x",16,0.0743067451120904,"NORTHERN FORESTS",0.0347992658426944,-0.0876752212964645,1,44,5,27,600
26,"0.5x",350,FALSE,"16x",16,0.0743067451120904,"NORTHWESTERN FORESTED MOUNTAINS",0.0227048247973177,-0.181419320434614,0,44,2,27,832
26,"0.5x",350,FALSE,"16x",16,0.0743067451120904,"WATER",0.0479426971678993,-0.237831106156805,0,44,1,27,525
27,"0.5x",350,FALSE,"16x",16,0.155267092188154,"EASTERN TEMPERATE FORESTS",-0.112147263274894,0.17362654004981,1,44,8,27,305
27,"0.5x",350,FALSE,"16x",16,0.155267092188154,"GREAT PLAINS",-0.043008871585631,0.161115273646301,1,44,12,27,1483
27,"0.5x",350,FALSE,"16x",16,0.155267092188154,"MARINE WEST COAST FOREST",-0.122176973790486,0.000297513348672937,1,44,7,27,8970
27,"0.5x",350,FALSE,"16x",16,0.155267092188154,"MEDITERRANEAN CALIFORNIA",0.0615859642345216,0.102410793280908,1,44,25,27,4071
27,"0.5x",350,FALSE,"16x",16,0.155267092188154,"NORTH AMERICAN DESERTS",0.0305034650595123,-0.010321363986874,1,44,20,27,333
27,"0.5x",350,FALSE,"16x",16,0.155267092188154,"NORTHERN FORESTS",0.0416685065168711,-0.0808059806222878,1,44,4,27,747
27,"0.5x",350,FALSE,"16x",16,0.155267092188154,"NORTHWESTERN FORESTED MOUNTAINS",-0.000847957708973642,-0.204972102940905,1,44,10,27,452
27,"0.5x",350,FALSE,"16x",16,0.155267092188154,"WATER",0.141344963817448,-0.144428839507256,1,44,7,27,538
28,"0.5x",350,FALSE,"16x",16,0.161269559005175,"EASTERN TEMPERATE FORESTS",-0.047952603255223,0.237821200069481,1,44,4,27,320
28,"0.5x",350,FALSE,"16x",16,0.161269559005175,"GREAT PLAINS",0.0198556277130258,0.223979772944957,1,44,14,27,1484
28,"0.5x",350,FALSE,"16x",16,0.161269559005175,"MARINE WEST COAST FOREST",-0.104327769974911,0.0181467171642476,1,44,17,27,7548
28,"0.5x",350,FALSE,"16x",16,0.161269559005175,"MEDITERRANEAN CALIFORNIA",-0.0113962612068885,0.0294285678394978,1,44,39,27,4197
28,"0.5x",350,FALSE,"16x",16,0.161269559005175,"NORTH AMERICAN DESERTS",-0.0235681292422632,-0.0643929582886495,1,44,43,27,284
28,"0.5x",350,FALSE,"16x",16,0.161269559005175,"NORTHERN FORESTS",0.0263735396447177,-0.0961009474944412,1,44,9,27,494
28,"0.5x",350,FALSE,"16x",16,0.161269559005175,"NORTHWESTERN FORESTED MOUNTAINS",0.0656112340684868,-0.138512911163445,1,44,5,27,596
28,"0.5x",350,FALSE,"16x",16,0.161269559005175,"WATER",0.0825991604475518,-0.203174642877152,1,44,14,27,425
29,"0.5x",350,FALSE,"16x",16,0.221322791975052,"EASTERN TEMPERATE FORESTS",-0.0373658764076771,0.248407926917027,1,44,6,27,314
29,"0.5x",350,FALSE,"16x",16,0.221322791975052,"GREAT PLAINS",-0.00944771839345902,0.194676426838472,1,44,15,27,1214
29,"0.5x",350,FALSE,"16x",16,0.221322791975052,"MARINE WEST COAST FOREST",-0.0907353867768184,0.0317391003623405,1,44,7,27,5815
29,"0.5x",350,FALSE,"16x",16,0.221322791975052,"MEDITERRANEAN CALIFORNIA",-0.146413597575349,-0.105588768528963,1,44,34,27,3679
29,"0.5x",350,FALSE,"16x",16,0.221322791975052,"NORTH AMERICAN DESERTS",0.0127898924011945,-0.0280349366451918,1,44,24,27,366
29,"0.5x",350,FALSE,"16x",16,0.221322791975052,"NORTHERN FORESTS",0.0491618199350019,-0.0733126672041569,1,44,10,27,470
29,"0.5x",350,FALSE,"16x",16,0.221322791975052,"NORTHWESTERN FORESTED MOUNTAINS",0.0882197602049302,-0.115904385027001,1,44,5,27,485
29,"0.5x",350,FALSE,"16x",16,0.221322791975052,"WATER",0.178501593872066,-0.107272209452638,1,44,7,27,475
30,"0.5x",350,FALSE,"16x",16,0.151361048424684,"EASTERN TEMPERATE FORESTS",-0.05052503600483,0.235248767319874,1,44,11,27,347
30,"0.5x",350,FALSE,"16x",16,0.151361048424684,"GREAT PLAINS",-0.013434814170496,0.190689331061435,1,44,11,27,1280
30,"0.5x",350,FALSE,"16x",16,0.151361048424684,"MARINE WEST COAST FOREST",-0.0600490888185653,0.0624253983205936,1,44,15,27,8615
30,"0.5x",350,FALSE,"16x",16,0.151361048424684,"MEDITERRANEAN CALIFORNIA",0.0291822310227499,0.0700070600691362,1,44,38,27,4113
30,"0.5x",350,FALSE,"16x",16,0.151361048424684,"NORTH AMERICAN DESERTS",-0.0662884082738261,-0.107113237320212,1,44,17,27,215
30,"0.5x",350,FALSE,"16x",16,0.151361048424684,"NORTHERN FORESTS",0.0468879025256351,-0.0755865846135237,1,44,1,27,547
30,"0.5x",350,FALSE,"16x",16,0.151361048424684,"NORTHWESTERN FORESTED MOUNTAINS",0.108575887246506,-0.0955482579854254,1,44,11,27,628
30,"0.5x",350,FALSE,"16x",16,0.151361048424684,"WATER",0.037313469205213,-0.248460334119491,1,44,7,27,386
1,"0.5x",350,FALSE,"1x",1,0.228221786498346,"EASTERN TEMPERATE FORESTS",-0.0463497608686098,0.239424042456094,1,44,1,27,15
1,"0.5x",350,FALSE,"1x",1,0.228221786498346,"GREAT PLAINS",-0.0712269204810692,0.132897224750862,1,44,6,27,80
1,"0.5x",350,FALSE,"1x",1,0.228221786498346,"MARINE WEST COAST FOREST",0.0490791030033508,0.17155359014251,1,44,15,27,462
1,"0.5x",350,FALSE,"1x",1,0.228221786498346,"MEDITERRANEAN CALIFORNIA",-0.162685418193505,-0.121860589147119,1,44,41,27,226
1,"0.5x",350,FALSE,"1x",1,0.228221786498346,"NORTH AMERICAN DESERTS",-0.00993676201086122,-0.0507615910572475,1,44,26,27,22
1,"0.5x",350,FALSE,"1x",1,0.228221786498346,"NORTHERN FORESTS",0.079355283841942,-0.0431192032972168,1,44,7,27,35
1,"0.5x",350,FALSE,"1x",1,0.228221786498346,"NORTHWESTERN FORESTED MOUNTAINS",-0.0277777229182249,-0.231901868150156,1,44,7,27,42
1,"0.5x",350,FALSE,"1x",1,0.228221786498346,"WATER",0.119811450561707,-0.165962352762997,1,44,11,27,37
2,"0.5x",350,FALSE,"1x",1,0.337241045230571,"EASTERN TEMPERATE FORESTS",0.0486677710598478,0.334441574384552,1,44,5,27,18
2,"0.5x",350,FALSE,"1x",1,0.337241045230571,"GREAT PLAINS",-0.259027720504576,-0.0549035752726446,1,44,16,27,76
2,"0.5x",350,FALSE,"1x",1,0.337241045230571,"MARINE WEST COAST FOREST",0.147552685756097,0.270027172895256,1,44,10,27,360
2,"0.5x",350,FALSE,"1x",1,0.337241045230571,"MEDITERRANEAN CALIFORNIA",-0.0509119514388116,-0.0100871223924253,1,44,34,27,184
2,"0.5x",350,FALSE,"1x",1,0.337241045230571,"NORTH AMERICAN DESERTS",0.0560429639583997,0.0152181349120134,1,44,12,27,15
2,"0.5x",350,FALSE,"1x",1,0.337241045230571,"NORTHERN FORESTS",-0.0141271240401193,-0.136601611179278,1,44,13,27,41
2,"0.5x",350,FALSE,"1x",1,0.337241045230571,"NORTHWESTERN FORESTED MOUNTAINS",-0.127056516517629,-0.33118066174956,1,44,3,27,29
2,"0.5x",350,FALSE,"1x",1,0.337241045230571,"WATER",0.134679579456181,-0.151094223868523,1,44,8,27,37
3,"0.5x",350,FALSE,"1x",1,0.249856791147753,"EASTERN TEMPERATE FORESTS",0.0272275037943345,0.313001307119039,1,44,5,27,23
3,"0.5x",350,FALSE,"1x",1,0.249856791147753,"GREAT PLAINS",-0.0323924304776742,0.171731714754257,1,44,17,27,66
3,"0.5x",350,FALSE,"1x",1,0.249856791147753,"MARINE WEST COAST FOREST",0.00732655995757493,0.129801047096734,1,44,9,27,381
3,"0.5x",350,FALSE,"1x",1,0.249856791147753,"MEDITERRANEAN CALIFORNIA",-0.117451735053338,-0.0766269060069518,1,44,42,27,172
3,"0.5x",350,FALSE,"1x",1,0.249856791147753,"NORTH AMERICAN DESERTS",0.0488830893145454,0.00805826026815906,1,44,26,27,23
3,"0.5x",350,FALSE,"1x",1,0.249856791147753,"NORTHERN FORESTS",0.0819095042057732,-0.0405649829333857,1,44,4,27,29
3,"0.5x",350,FALSE,"1x",1,0.249856791147753,"NORTHWESTERN FORESTED MOUNTAINS",-0.0469020908022093,-0.251026236034141,1,44,4,27,44
3,"0.5x",350,FALSE,"1x",1,0.249856791147753,"WATER",0.11110851204983,-0.174665291274875,1,44,10,27,33
4,"0.5x",350,FALSE,"1x",1,0.218773199331084,"EASTERN TEMPERATE FORESTS",-0.106819310023155,0.178954493301549,1,44,5,27,16
4,"0.5x",350,FALSE,"1x",1,0.218773199331084,"GREAT PLAINS",-0.0128053553654028,0.191318789866529,1,44,4,27,94
4,"0.5x",350,FALSE,"1x",1,0.218773199331084,"MARINE WEST COAST FOREST",0.0227966686236101,0.145271155762769,1,44,12,27,457
4,"0.5x",350,FALSE,"1x",1,0.218773199331084,"MEDITERRANEAN CALIFORNIA",0.0547530948078132,0.0955779238541995,1,44,23,27,196
4,"0.5x",350,FALSE,"1x",1,0.218773199331084,"NORTH AMERICAN DESERTS",-0.0467233806185114,-0.0875482096648977,1,44,19,27,18
4,"0.5x",350,FALSE,"1x",1,0.218773199331084,"NORTHERN FORESTS",0.1013371030827,-0.0211373840564589,1,44,11,27,37
4,"0.5x",350,FALSE,"1x",1,0.218773199331084,"NORTHWESTERN FORESTED MOUNTAINS",0.00733904051395202,-0.196785104717979,1,44,4,27,55
4,"0.5x",350,FALSE,"1x",1,0.218773199331084,"WATER",0.0398575358344333,-0.245916267490271,1,44,3,27,23
5,"0.5x",350,FALSE,"1x",1,0.124126374502952,"EASTERN TEMPERATE FORESTS",-0.0311778596015032,0.254595943723201,1,44,1,27,10
5,"0.5x",350,FALSE,"1x",1,0.124126374502952,"GREAT PLAINS",0.00683016534747038,0.210954310579402,1,44,10,27,80
5,"0.5x",350,FALSE,"1x",1,0.124126374502952,"MARINE WEST COAST FOREST",-0.00598450449818452,0.116489982640974,1,44,10,27,436
5,"0.5x",350,FALSE,"1x",1,0.124126374502952,"MEDITERRANEAN CALIFORNIA",-0.0370181512038182,0.00380667784256809,1,44,16,27,227
5,"0.5x",350,FALSE,"1x",1,0.124126374502952,"NORTH AMERICAN DESERTS",-0.0224509037122114,-0.0632757327585977,1,44,12,27,13
5,"0.5x",350,FALSE,"1x",1,0.124126374502952,"NORTHERN FORESTS",-0.044511565911553,-0.166986053050712,1,44,8,27,39
5,"0.5x",350,FALSE,"1x",1,0.124126374502952,"NORTHWESTERN FORESTED MOUNTAINS",0.0141443083009868,-0.189979836930945,1,44,2,27,46
5,"0.5x",350,FALSE,"1x",1,0.124126374502952,"WATER",0.0479845881754165,-0.237789215149288,1,44,18,27,32
6,"0.5x",350,FALSE,"1x",1,0.677103087385443,"EASTERN TEMPERATE FORESTS",-0.293380653944239,-0.00760685061953453,1,44,3,27,17
6,"0.5x",350,FALSE,"1x",1,0.677103087385443,"GREAT PLAINS",-0.252799095263358,-0.0486749500314262,1,44,11,27,65
6,"0.5x",350,FALSE,"1x",1,0.677103087385443,"MARINE WEST COAST FOREST",-0.256500357661232,-0.134025870522073,1,44,5,27,409
6,"0.5x",350,FALSE,"1x",1,0.677103087385443,"MEDITERRANEAN CALIFORNIA",0.150735078127206,0.191559907173592,1,44,26,27,236
6,"0.5x",350,FALSE,"1x",1,0.677103087385443,"NORTH AMERICAN DESERTS",0.228986238485212,0.188161409438826,1,44,23,27,18
6,"0.5x",350,FALSE,"1x",1,0.677103087385443,"NORTHERN FORESTS",-0.0212060781579443,-0.143680565297103,1,44,5,27,29
6,"0.5x",350,FALSE,"1x",1,0.677103087385443,"NORTHWESTERN FORESTED MOUNTAINS",0.059572371869713,-0.144551773362219,1,44,2,27,33
6,"0.5x",350,FALSE,"1x",1,0.677103087385443,"WATER",0.0850987014851258,-0.200675101839578,1,44,8,27,17
7,"0.5x",350,FALSE,"1x",1,0.290451807071173,"EASTERN TEMPERATE FORESTS",-0.229931070734186,0.0558427325905183,1,44,14,27,17
7,"0.5x",350,FALSE,"1x",1,0.290451807071173,"GREAT PLAINS",0.0867821572347956,0.290906302466727,1,44,15,27,85
7,"0.5x",350,FALSE,"1x",1,0.290451807071173,"MARINE WEST COAST FOREST",-0.0535956027247978,0.0688788844143611,1,44,7,27,425
7,"0.5x",350,FALSE,"1x",1,0.290451807071173,"MEDITERRANEAN CALIFORNIA",0.0217427296579347,0.062567558704321,1,44,24,27,219
7,"0.5x",350,FALSE,"1x",1,0.290451807071173,"NORTH AMERICAN DESERTS",-0.0104048635851648,-0.0512296926315511,1,44,19,27,19
7,"0.5x",350,FALSE,"1x",1,0.290451807071173,"NORTHERN FORESTS",-0.188599862152653,-0.311074349291811,1,44,5,27,35
7,"0.5x",350,FALSE,"1x",1,0.290451807071173,"NORTHWESTERN FORESTED MOUNTAINS",-0.0231302931829744,-0.227254438414906,1,44,13,27,43
7,"0.5x",350,FALSE,"1x",1,0.290451807071173,"WATER",0.0100963859601144,-0.27567741736459,1,44,24,27,20
8,"0.5x",350,FALSE,"1x",1,0.167274633793348,"EASTERN TEMPERATE FORESTS",-0.0705243237671009,0.215249479557603,1,44,6,27,22
8,"0.5x",350,FALSE,"1x",1,0.167274633793348,"GREAT PLAINS",0.00556826436952091,0.209692409601452,1,44,18,27,84
8,"0.5x",350,FALSE,"1x",1,0.167274633793348,"MARINE WEST COAST FOREST",0.0390447303986847,0.161519217537844,1,44,13,27,345
8,"0.5x",350,FALSE,"1x",1,0.167274633793348,"MEDITERRANEAN CALIFORNIA",0.0334239268758392,0.0742487559222255,1,44,36,27,204
8,"0.5x",350,FALSE,"1x",1,0.167274633793348,"NORTH AMERICAN DESERTS",0.00909383284276385,-0.0317309962036225,1,44,15,27,25
8,"0.5x",350,FALSE,"1x",1,0.167274633793348,"NORTHERN FORESTS",0.0716626539500748,-0.0508118331890841,1,44,10,27,37
8,"0.5x",350,FALSE,"1x",1,0.167274633793348,"NORTHWESTERN FORESTED MOUNTAINS",-0.103658407852409,-0.30778255308434,0,44,6,27,28
8,"0.5x",350,FALSE,"1x",1,0.167274633793348,"WATER",0.0227962426171341,-0.26297756070757,1,44,8,27,27
9,"0.5x",350,FALSE,"1x",1,0.596517220856607,"EASTERN TEMPERATE FORESTS",-0.339496461768352,-0.053722658443648,1,44,6,27,18
9,"0.5x",350,FALSE,"1x",1,0.596517220856607,"GREAT PLAINS",0.0239209213707782,0.22804506660271,1,44,8,27,105
9,"0.5x",350,FALSE,"1x",1,0.596517220856607,"MARINE WEST COAST FOREST",-0.0579929139623399,0.064481573176819,1,44,10,27,379
9,"0.5x",350,FALSE,"1x",1,0.596517220856607,"MEDITERRANEAN CALIFORNIA",0.527989549154417,0.568814378200803,1,44,19,27,178
9,"0.5x",350,FALSE,"1x",1,0.596517220856607,"NORTH AMERICAN DESERTS",-0.131268349537786,-0.172093178584173,1,44,12,27,15
9,"0.5x",350,FALSE,"1x",1,0.596517220856607,"NORTHERN FORESTS",0.276921928153831,0.154447441014672,1,44,4,27,19
9,"0.5x",350,FALSE,"1x",1,0.596517220856607,"NORTHWESTERN FORESTED MOUNTAINS",-0.297226316892649,-0.50135046212458,1,44,2,27,38
9,"0.5x",350,FALSE,"1x",1,0.596517220856607,"WATER",0.0330027496166884,-0.252771053708016,1,44,10,27,34
10,"0.5x",350,FALSE,"1x",1,0.573016893589387,"EASTERN TEMPERATE FORESTS",-0.277184834137968,0.00858896918673596,1,44,8,27,14
10,"0.5x",350,FALSE,"1x",1,0.573016893589387,"GREAT PLAINS",0.466752392922609,0.670876538154541,1,44,11,27,161
10,"0.5x",350,FALSE,"1x",1,0.573016893589387,"MARINE WEST COAST FOREST",-0.221533625195781,-0.0990591380566217,1,44,6,27,494
10,"0.5x",350,FALSE,"1x",1,0.573016893589387,"MEDITERRANEAN CALIFORNIA",-0.369390958628237,-0.328566129581851,1,44,30,27,237
10,"0.5x",350,FALSE,"1x",1,0.573016893589387,"NORTH AMERICAN DESERTS",0.0456514069027905,0.00482657785640424,1,44,16,27,12
10,"0.5x",350,FALSE,"1x",1,0.573016893589387,"NORTHERN FORESTS",0.0126752819969664,-0.109799205142193,1,44,7,27,22
10,"0.5x",350,FALSE,"1x",1,0.573016893589387,"NORTHWESTERN FORESTED MOUNTAINS",0.0413494129519048,-0.162774732280027,1,44,7,27,48
10,"0.5x",350,FALSE,"1x",1,0.573016893589387,"WATER",0.0381678739900473,-0.247605929334657,1,44,8,27,24
11,"0.5x",350,FALSE,"1x",1,0.354140156848647,"EASTERN TEMPERATE FORESTS",-0.0579672522959543,0.22780655102875,1,44,3,27,19
11,"0.5x",350,FALSE,"1x",1,0.354140156848647,"GREAT PLAINS",-0.178721545452011,0.0254025997799201,1,44,10,27,71
11,"0.5x",350,FALSE,"1x",1,0.354140156848647,"MARINE WEST COAST FOREST",0.0669274162763403,0.189401903415499,1,44,9,27,478
11,"0.5x",350,FALSE,"1x",1,0.354140156848647,"MEDITERRANEAN CALIFORNIA",0.177534202693339,0.218359031739725,1,44,29,27,229
11,"0.5x",350,FALSE,"1x",1,0.354140156848647,"NORTH AMERICAN DESERTS",-0.0440661990825658,-0.0848910281289521,1,44,20,27,19
11,"0.5x",350,FALSE,"1x",1,0.354140156848647,"NORTHERN FORESTS",0.00136595888355776,-0.121108528255601,1,44,3,27,34
11,"0.5x",350,FALSE,"1x",1,0.354140156848647,"NORTHWESTERN FORESTED MOUNTAINS",-0.118805253082069,-0.322929398314001,1,44,4,27,55
11,"0.5x",350,FALSE,"1x",1,0.354140156848647,"WATER",0.0726084474090366,-0.213165355915668,1,44,7,27,33
12,"0.5x",350,FALSE,"1x",1,0.605820306116625,"EASTERN TEMPERATE FORESTS",0.0288970018046539,0.314670805129358,1,44,3,27,27
12,"0.5x",350,FALSE,"1x",1,0.605820306116625,"GREAT PLAINS",-0.0437884418261254,0.160335703405806,1,44,11,27,101
12,"0.5x",350,FALSE,"1x",1,0.605820306116625,"MARINE WEST COAST FOREST",-0.466630105715306,-0.344155618576148,1,44,13,27,352
12,"0.5x",350,FALSE,"1x",1,0.605820306116625,"MEDITERRANEAN CALIFORNIA",0.263950419962078,0.304775249008465,1,44,26,27,248
12,"0.5x",350,FALSE,"1x",1,0.605820306116625,"NORTH AMERICAN DESERTS",0.0192943559430514,-0.0215304731033349,1,44,12,27,24
12,"0.5x",350,FALSE,"1x",1,0.605820306116625,"NORTHERN FORESTS",0.462315040343607,0.339840553204448,1,44,7,27,42
12,"0.5x",350,FALSE,"1x",1,0.605820306116625,"NORTHWESTERN FORESTED MOUNTAINS",-0.237599820739478,-0.441723965971409,1,44,4,27,34
12,"0.5x",350,FALSE,"1x",1,0.605820306116625,"WATER",-0.116499662581419,-0.402273465906124,1,44,17,27,30
13,"0.5x",350,FALSE,"1x",1,0.779532119926588,"EASTERN TEMPERATE FORESTS",-0.185172164042902,0.100601639281802,1,44,11,27,25
13,"0.5x",350,FALSE,"1x",1,0.779532119926588,"GREAT PLAINS",0.246981226154517,0.451105371386448,1,44,5,27,114
13,"0.5x",350,FALSE,"1x",1,0.779532119926588,"MARINE WEST COAST FOREST",-0.591473901743606,-0.468999414604447,1,44,7,27,239
13,"0.5x",350,FALSE,"1x",1,0.779532119926588,"MEDITERRANEAN CALIFORNIA",-0.633532352292481,-0.592707523246095,1,44,25,27,215
13,"0.5x",350,FALSE,"1x",1,0.779532119926588,"NORTH AMERICAN DESERTS",0.0855438926433473,0.044719063596961,1,44,14,27,25
13,"0.5x",350,FALSE,"1x",1,0.779532119926588,"NORTHERN FORESTS",-0.340700578668632,-0.463175065807791,1,44,15,27,40
13,"0.5x",350,FALSE,"1x",1,0.779532119926588,"NORTHWESTERN FORESTED MOUNTAINS",0.279205048343926,0.0750809031119948,1,44,6,27,33
13,"0.5x",350,FALSE,"1x",1,0.779532119926588,"WATER",0.753007266903483,0.467233463578779,1,44,15,27,38
14,"0.5x",350,FALSE,"1x",1,0.326015362152919,"EASTERN TEMPERATE FORESTS",-0.178540357953905,0.107233445370799,1,44,1,27,18
14,"0.5x",350,FALSE,"1x",1,0.326015362152919,"GREAT PLAINS",-0.0569718696443025,0.147152275587629,1,44,14,27,70
14,"0.5x",350,FALSE,"1x",1,0.326015362152919,"MARINE WEST COAST FOREST",0.171963289187704,0.294437776326863,1,44,10,27,507
14,"0.5x",350,FALSE,"1x",1,0.326015362152919,"MEDITERRANEAN CALIFORNIA",-0.0357434710086008,0.00508135803778546,1,44,36,27,207
14,"0.5x",350,FALSE,"1x",1,0.326015362152919,"NORTH AMERICAN DESERTS",0.0124125386120741,-0.0284122904343122,1,44,26,27,21
14,"0.5x",350,FALSE,"1x",1,0.326015362152919,"NORTHERN FORESTS",0.0490370185447396,-0.0734374685944193,1,44,12,27,36
14,"0.5x",350,FALSE,"1x",1,0.326015362152919,"NORTHWESTERN FORESTED MOUNTAINS",-0.0710091560094204,-0.275133301241352,1,44,7,27,43
14,"0.5x",350,FALSE,"1x",1,0.326015362152919,"WATER",0.0920400380974492,-0.193733765227255,1,44,2,27,37
15,"0.5x",350,FALSE,"1x",1,0.596690269050843,"EASTERN TEMPERATE FORESTS",-0.0317966325219669,0.253977170802737,1,44,4,27,15
15,"0.5x",350,FALSE,"1x",1,0.596690269050843,"GREAT PLAINS",0.244822521466453,0.448946666698384,1,44,6,27,102
15,"0.5x",350,FALSE,"1x",1,0.596690269050843,"MARINE WEST COAST FOREST",-0.302164613071751,-0.179690125932592,1,44,10,27,423
15,"0.5x",350,FALSE,"1x",1,0.596690269050843,"MEDITERRANEAN CALIFORNIA",0.0414191368493972,0.0822439658957835,1,44,27,27,220
15,"0.5x",350,FALSE,"1x",1,0.596690269050843,"NORTH AMERICAN DESERTS",-0.209413069531866,-0.250237898578252,1,44,29,27,18
15,"0.5x",350,FALSE,"1x",1,0.596690269050843,"NORTHERN FORESTS",-0.18235106791392,-0.304825555053078,1,44,8,27,36
15,"0.5x",350,FALSE,"1x",1,0.596690269050843,"NORTHWESTERN FORESTED MOUNTAINS",0.26899256108396,0.0648684158520282,1,44,10,27,45
15,"0.5x",350,FALSE,"1x",1,0.596690269050843,"WATER",-0.241801968541486,-0.52757577186619,1,44,8,27,27
16,"0.5x",350,FALSE,"1x",1,0.535313238908366,"EASTERN TEMPERATE FORESTS",-0.33616843232769,-0.0503946290029859,1,44,6,27,19
16,"0.5x",350,FALSE,"1x",1,0.535313238908366,"GREAT PLAINS",0.219341615214997,0.423465760446928,1,44,5,27,109
16,"0.5x",350,FALSE,"1x",1,0.535313238908366,"MARINE WEST COAST FOREST",-0.0270555211874838,0.0954189659516751,1,44,5,27,531
16,"0.5x",350,FALSE,"1x",1,0.535313238908366,"MEDITERRANEAN CALIFORNIA",-0.07826891191371,-0.0374440828673236,1,44,33,27,222
16,"0.5x",350,FALSE,"1x",1,0.535313238908366,"NORTH AMERICAN DESERTS",0.0455528720035696,0.00472804295718327,1,44,23,27,14
16,"0.5x",350,FALSE,"1x",1,0.535313238908366,"NORTHERN FORESTS",-0.0774141233571602,-0.199888610496319,1,44,3,27,32
16,"0.5x",350,FALSE,"1x",1,0.535313238908366,"NORTHWESTERN FORESTED MOUNTAINS",-0.335995405962775,-0.540119551194706,1,44,5,27,31
16,"0.5x",350,FALSE,"1x",1,0.535313238908366,"WATER",0.265929152192893,-0.0198446511318114,1,44,6,27,37
17,"0.5x",350,FALSE,"1x",1,0.354154278145273,"EASTERN TEMPERATE FORESTS",0.338090486788142,0.623864290112847,0,44,2,27,18
17,"0.5x",350,FALSE,"1x",1,0.354154278145273,"GREAT PLAINS",-0.0560122007990602,0.148111944432871,1,44,10,27,80
17,"0.5x",350,FALSE,"1x",1,0.354154278145273,"MARINE WEST COAST FOREST",0.0902773469489286,0.212751834088088,1,44,12,27,632
17,"0.5x",350,FALSE,"1x",1,0.354154278145273,"MEDITERRANEAN CALIFORNIA",-0.229403649592038,-0.188578820545652,1,44,35,27,209
17,"0.5x",350,FALSE,"1x",1,0.354154278145273,"NORTH AMERICAN DESERTS",-0.175340969357829,-0.216165798404216,1,44,28,27,22
17,"0.5x",350,FALSE,"1x",1,0.354154278145273,"NORTHERN FORESTS",0.0685156066543234,-0.0539588804848355,1,44,5,27,50
17,"0.5x",350,FALSE,"1x",1,0.354154278145273,"NORTHWESTERN FORESTED MOUNTAINS",0.092379319234766,-0.111744825997166,1,44,12,27,38
17,"0.5x",350,FALSE,"1x",1,0.354154278145273,"WATER",0.152307010756936,-0.133466792567768,1,44,10,27,28
18,"0.5x",350,FALSE,"1x",1,0.149977025528519,"EASTERN TEMPERATE FORESTS",-0.109040342461774,0.17673346086293,1,44,6,27,14
18,"0.5x",350,FALSE,"1x",1,0.149977025528519,"GREAT PLAINS",0.0449956153198625,0.249119760551794,1,44,10,27,135
18,"0.5x",350,FALSE,"1x",1,0.149977025528519,"MARINE WEST COAST FOREST",0.0531772666679519,0.175651753807111,1,44,9,27,385
18,"0.5x",350,FALSE,"1x",1,0.149977025528519,"MEDITERRANEAN CALIFORNIA",-0.0219211202707971,0.0189037087755892,1,44,24,27,191
18,"0.5x",350,FALSE,"1x",1,0.149977025528519,"NORTH AMERICAN DESERTS",0.0048425859216149,-0.0359822431247714,1,44,21,27,20
18,"0.5x",350,FALSE,"1x",1,0.149977025528519,"NORTHERN FORESTS",-0.0116519923198533,-0.134126479459012,1,44,6,27,49
18,"0.5x",350,FALSE,"1x",1,0.149977025528519,"NORTHWESTERN FORESTED MOUNTAINS",0.0436078362154754,-0.160516309016456,1,44,9,27,48
18,"0.5x",350,FALSE,"1x",1,0.149977025528519,"WATER",-0.0125325362750585,-0.298306339599763,1,44,13,27,24
19,"0.5x",350,FALSE,"1x",1,0.0948240440486522,"EASTERN TEMPERATE FORESTS",-0.00650123988546187,0.279272563439242,0,44,6,27,22
19,"0.5x",350,FALSE,"1x",1,0.0948240440486522,"GREAT PLAINS",-0.0250992709274866,0.179024874304445,1,44,16,27,69
19,"0.5x",350,FALSE,"1x",1,0.0948240440486522,"MARINE WEST COAST FOREST",-0.0477525246196773,0.0747219625194816,1,44,16,27,499
19,"0.5x",350,FALSE,"1x",1,0.0948240440486522,"MEDITERRANEAN CALIFORNIA",0.0354160369601381,0.0762408660065245,1,44,30,27,256
19,"0.5x",350,FALSE,"1x",1,0.0948240440486522,"NORTH AMERICAN DESERTS",-0.0132122874868287,-0.054037116533215,1,44,16,27,17
19,"0.5x",350,FALSE,"1x",1,0.0948240440486522,"NORTHERN FORESTS",0.0413800375907313,-0.0810944495484276,1,44,6,27,39
19,"0.5x",350,FALSE,"1x",1,0.0948240440486522,"NORTHWESTERN FORESTED MOUNTAINS",0.00293812391745431,-0.201186021314477,1,44,9,27,46
19,"0.5x",350,FALSE,"1x",1,0.0948240440486522,"WATER",0.0351712057894321,-0.250602597535272,0,44,17,27,33
20,"0.5x",350,FALSE,"1x",1,0.123292045240175,"EASTERN TEMPERATE FORESTS",-0.000730224347982877,0.285043578976721,1,44,6,27,17
20,"0.5x",350,FALSE,"1x",1,0.123292045240175,"GREAT PLAINS",-0.0352654321989384,0.168858713032993,1,44,6,27,62
20,"0.5x",350,FALSE,"1x",1,0.123292045240175,"MARINE WEST COAST FOREST",0.00957474841037476,0.132049235549534,1,44,15,27,501
20,"0.5x",350,FALSE,"1x",1,0.123292045240175,"MEDITERRANEAN CALIFORNIA",0.0128863872982941,0.0537112163446804,1,44,24,27,236
20,"0.5x",350,FALSE,"1x",1,0.123292045240175,"NORTH AMERICAN DESERTS",0.0287099167413373,-0.012114912305049,1,44,17,27,29
20,"0.5x",350,FALSE,"1x",1,0.123292045240175,"NORTHERN FORESTS",0.0495513407601308,-0.0729231463790281,1,44,7,27,35
20,"0.5x",350,FALSE,"1x",1,0.123292045240175,"NORTHWESTERN FORESTED MOUNTAINS",-0.0710023114559071,-0.275126456687839,0,44,3,27,30
20,"0.5x",350,FALSE,"1x",1,0.123292045240175,"WATER",-0.0165945417336412,-0.302368345058345,0,44,11,27,25
21,"0.5x",350,FALSE,"1x",1,0.182247736397053,"EASTERN TEMPERATE FORESTS",0.0687819435079489,0.354555746832653,0,44,3,27,27
21,"0.5x",350,FALSE,"1x",1,0.182247736397053,"GREAT PLAINS",0.0169850229400236,0.221109168171955,1,44,15,27,108
21,"0.5x",350,FALSE,"1x",1,0.182247736397053,"MARINE WEST COAST FOREST",-0.0395860501074361,0.0828884370317229,1,44,4,27,350
21,"0.5x",350,FALSE,"1x",1,0.182247736397053,"MEDITERRANEAN CALIFORNIA",0.0194205090077482,0.0602453380541345,1,44,34,27,223
21,"0.5x",350,FALSE,"1x",1,0.182247736397053,"NORTH AMERICAN DESERTS",-0.0604271481528853,-0.101251977199272,1,44,22,27,20
21,"0.5x",350,FALSE,"1x",1,0.182247736397053,"NORTHERN FORESTS",0.0119031431019239,-0.110571344037235,1,44,11,27,39
21,"0.5x",350,FALSE,"1x",1,0.182247736397053,"NORTHWESTERN FORESTED MOUNTAINS",-0.108136344731956,-0.312260489963887,1,44,7,27,35
21,"0.5x",350,FALSE,"1x",1,0.182247736397053,"WATER",0.142498554106046,-0.143275249218658,1,44,16,27,27
22,"0.5x",350,FALSE,"1x",1,1.55256483672306,"EASTERN TEMPERATE FORESTS",0.235627205977626,0.521401009302331,1,44,6,27,30
22,"0.5x",350,FALSE,"1x",1,1.55256483672306,"GREAT PLAINS",0.939936383077256,1.14406052830919,1,44,16,27,57
22,"0.5x",350,FALSE,"1x",1,1.55256483672306,"MARINE WEST COAST FOREST",-0.159156727493253,-0.0366822403540938,1,44,9,27,458
22,"0.5x",350,FALSE,"1x",1,1.55256483672306,"MEDITERRANEAN CALIFORNIA",-2.07830889894697,-2.03748406990059,1,44,26,27,237
22,"0.5x",350,FALSE,"1x",1,1.55256483672306,"NORTH AMERICAN DESERTS",-0.0715192252155141,-0.1123440542619,1,44,16,27,20
22,"0.5x",350,FALSE,"1x",1,1.55256483672306,"NORTHERN FORESTS",0.273073585976416,0.150599098837257,1,44,8,27,35
22,"0.5x",350,FALSE,"1x",1,1.55256483672306,"NORTHWESTERN FORESTED MOUNTAINS",0.990162171867509,0.786038026635578,1,44,6,27,35
22,"0.5x",350,FALSE,"1x",1,1.55256483672306,"WATER",-0.60367870338847,-0.889452506713175,1,44,7,27,39
23,"0.5x",350,FALSE,"1x",1,0.439726021197466,"EASTERN TEMPERATE FORESTS",-0.0792613040641636,0.20651249926054,1,44,7,27,18
23,"0.5x",350,FALSE,"1x",1,0.439726021197466,"GREAT PLAINS",0.341546257867675,0.545670403099606,1,44,11,27,99
23,"0.5x",350,FALSE,"1x",1,0.439726021197466,"MARINE WEST COAST FOREST",-0.196521827076481,-0.0740473399373226,1,44,4,27,499
23,"0.5x",350,FALSE,"1x",1,0.439726021197466,"MEDITERRANEAN CALIFORNIA",0.183179800309893,0.22400462935628,1,44,28,27,267
23,"0.5x",350,FALSE,"1x",1,0.439726021197466,"NORTH AMERICAN DESERTS",-0.294332967783064,-0.33515779682945,1,44,24,27,8
23,"0.5x",350,FALSE,"1x",1,0.439726021197466,"NORTHERN FORESTS",0.256449816510452,0.133975329371293,1,44,1,27,48
23,"0.5x",350,FALSE,"1x",1,0.439726021197466,"NORTHWESTERN FORESTED MOUNTAINS",-0.186952494264068,-0.391076639496,1,44,7,27,30
23,"0.5x",350,FALSE,"1x",1,0.439726021197466,"WATER",0.0447460591697662,-0.241027744154938,1,44,5,27,20
24,"0.5x",350,FALSE,"1x",1,0.297602756430601,"EASTERN TEMPERATE FORESTS",-0.231116358709862,0.0546574446148424,1,44,9,27,14
24,"0.5x",350,FALSE,"1x",1,0.297602756430601,"GREAT PLAINS",0.148490260691629,0.35261440592356,1,44,10,27,95
24,"0.5x",350,FALSE,"1x",1,0.297602756430601,"MARINE WEST COAST FOREST",-0.0336251449894527,0.0888493421497062,1,44,12,27,460
24,"0.5x",350,FALSE,"1x",1,0.297602756430601,"MEDITERRANEAN CALIFORNIA",0.0737593008839862,0.114584129930373,1,44,32,27,224
24,"0.5x",350,FALSE,"1x",1,0.297602756430601,"NORTH AMERICAN DESERTS",-0.0737616046088248,-0.114586433655211,1,44,12,27,14
24,"0.5x",350,FALSE,"1x",1,0.297602756430601,"NORTHERN FORESTS",0.090372327715401,-0.0321021594237579,1,44,10,27,34
24,"0.5x",350,FALSE,"1x",1,0.297602756430601,"NORTHWESTERN FORESTED MOUNTAINS",0.197453759639814,-0.0066703855921178,1,44,6,27,41
24,"0.5x",350,FALSE,"1x",1,0.297602756430601,"WATER",0.0243186495169609,-0.261455153807743,1,44,7,27,14
25,"0.5x",350,FALSE,"1x",1,0.263240073412344,"EASTERN TEMPERATE FORESTS",-0.0377094251324357,0.248064378192269,1,44,11,27,18
25,"0.5x",350,FALSE,"1x",1,0.263240073412344,"GREAT PLAINS",-0.0673187206067897,0.136805424625142,1,44,11,27,108
25,"0.5x",350,FALSE,"1x",1,0.263240073412344,"MARINE WEST COAST FOREST",-0.0875983099416954,0.0348761771974635,1,44,9,27,541
25,"0.5x",350,FALSE,"1x",1,0.263240073412344,"MEDITERRANEAN CALIFORNIA",-0.147279382948387,-0.106454553902,1,44,29,27,224
25,"0.5x",350,FALSE,"1x",1,0.263240073412344,"NORTH AMERICAN DESERTS",0.1055089869971,0.0646841579507139,1,44,23,27,41
25,"0.5x",350,FALSE,"1x",1,0.263240073412344,"NORTHERN FORESTS",-0.00504745227737037,-0.127521939416529,1,44,7,27,18
25,"0.5x",350,FALSE,"1x",1,0.263240073412344,"NORTHWESTERN FORESTED MOUNTAINS",-0.0337189734116367,-0.237843118643568,1,44,4,27,42
25,"0.5x",350,FALSE,"1x",1,0.263240073412344,"WATER",0.174533889240052,-0.111239914084652,1,44,13,27,37
26,"0.5x",350,FALSE,"1x",1,0.394933100916497,"EASTERN TEMPERATE FORESTS",-0.318924381982057,-0.0331505786573533,1,44,10,27,12
26,"0.5x",350,FALSE,"1x",1,0.394933100916497,"GREAT PLAINS",0.00126922821019921,0.205393373442131,1,44,16,27,138
26,"0.5x",350,FALSE,"1x",1,0.394933100916497,"MARINE WEST COAST FOREST",-0.179541703333236,-0.0570672161940776,1,44,11,27,307
26,"0.5x",350,FALSE,"1x",1,0.394933100916497,"MEDITERRANEAN CALIFORNIA",0.2200896128905,0.260914441936887,1,44,21,27,301
26,"0.5x",350,FALSE,"1x",1,0.394933100916497,"NORTH AMERICAN DESERTS",-0.00791055162329913,-0.0487353806696854,1,44,19,27,23
26,"0.5x",350,FALSE,"1x",1,0.394933100916497,"NORTHERN FORESTS",0.112653786020343,-0.00982070111881612,1,44,14,27,24
26,"0.5x",350,FALSE,"1x",1,0.394933100916497,"NORTHWESTERN FORESTED MOUNTAINS",0.0658633853925848,-0.138260759839347,1,44,6,27,38
26,"0.5x",350,FALSE,"1x",1,0.394933100916497,"WATER",0.371513366143264,0.0857395628185603,1,44,17,27,42
27,"0.5x",350,FALSE,"1x",1,0.38101862647534,"EASTERN TEMPERATE FORESTS",-0.457156394116442,-0.171382590791738,1,44,6,27,11
27,"0.5x",350,FALSE,"1x",1,0.38101862647534,"GREAT PLAINS",0.255222243045258,0.459346388277189,1,44,15,27,98
27,"0.5x",350,FALSE,"1x",1,0.38101862647534,"MARINE WEST COAST FOREST",0.218013644622428,0.340488131761587,1,44,8,27,423
27,"0.5x",350,FALSE,"1x",1,0.38101862647534,"MEDITERRANEAN CALIFORNIA",-0.0345386565856639,0.00628617246072239,1,44,22,27,291
27,"0.5x",350,FALSE,"1x",1,0.38101862647534,"NORTH AMERICAN DESERTS",-0.132024541569858,-0.172849370616244,1,44,19,27,18
27,"0.5x",350,FALSE,"1x",1,0.38101862647534,"NORTHERN FORESTS",-0.232793694915906,-0.355268182055065,1,44,7,27,29
27,"0.5x",350,FALSE,"1x",1,0.38101862647534,"NORTHWESTERN FORESTED MOUNTAINS",0.189984341001051,-0.0141398042308806,1,44,7,27,46
27,"0.5x",350,FALSE,"1x",1,0.38101862647534,"WATER",0.00942457773916106,-0.276349225585543,1,44,6,27,27
28,"0.5x",350,FALSE,"1x",1,0.217659740290692,"EASTERN TEMPERATE FORESTS",0.0329814116501145,0.318755214974819,1,44,7,27,19
28,"0.5x",350,FALSE,"1x",1,0.217659740290692,"GREAT PLAINS",-0.0665855393487307,0.137538605883201,1,44,15,27,88
28,"0.5x",350,FALSE,"1x",1,0.217659740290692,"MARINE WEST COAST FOREST",-0.046563316072772,0.0759111710663869,1,44,8,27,351
28,"0.5x",350,FALSE,"1x",1,0.217659740290692,"MEDITERRANEAN CALIFORNIA",-0.0979444541393038,-0.0571196250929175,1,44,30,27,228
28,"0.5x",350,FALSE,"1x",1,0.217659740290692,"NORTH AMERICAN DESERTS",0.037942695124437,-0.0028821339219493,1,44,20,27,28
28,"0.5x",350,FALSE,"1x",1,0.217659740290692,"NORTHERN FORESTS",0.146231865509605,0.023757378370446,1,44,2,27,33
28,"0.5x",350,FALSE,"1x",1,0.217659740290692,"NORTHWESTERN FORESTED MOUNTAINS",-0.156395589429998,-0.360519734661929,0,44,6,27,51
28,"0.5x",350,FALSE,"1x",1,0.217659740290692,"WATER",0.0931182595409725,-0.192655543783732,1,44,5,27,26
29,"0.5x",350,FALSE,"1x",1,0.130737074293239,"EASTERN TEMPERATE FORESTS",-0.0476599617837827,0.238113841540921,1,44,5,27,8
29,"0.5x",350,FALSE,"1x",1,0.130737074293239,"GREAT PLAINS",-0.0306453889388769,0.173478756293055,1,44,8,27,65
29,"0.5x",350,FALSE,"1x",1,0.130737074293239,"MARINE WEST COAST FOREST",-0.0443162156417497,0.0781582714974092,1,44,2,27,310
29,"0.5x",350,FALSE,"1x",1,0.130737074293239,"MEDITERRANEAN CALIFORNIA",-0.0433287088324073,-0.00250387978602104,1,44,27,27,203
29,"0.5x",350,FALSE,"1x",1,0.130737074293239,"NORTH AMERICAN DESERTS",0.0397632032338961,-0.0010616258124902,1,44,30,27,25
29,"0.5x",350,FALSE,"1x",1,0.130737074293239,"NORTHERN FORESTS",0.0544074343614196,-0.0680670527777392,1,44,6,27,42
29,"0.5x",350,FALSE,"1x",1,0.130737074293239,"NORTHWESTERN FORESTED MOUNTAINS",0.0460413856899411,-0.15808275954199,1,44,6,27,54
29,"0.5x",350,FALSE,"1x",1,0.130737074293239,"WATER",0.0887135908834575,-0.197060212441247,1,44,6,27,31
30,"0.5x",350,FALSE,"1x",1,0.310572134700347,"EASTERN TEMPERATE FORESTS",0.16338052598092,0.449154329305625,1,44,6,27,17
30,"0.5x",350,FALSE,"1x",1,0.310572134700347,"GREAT PLAINS",-0.0317883540390934,0.172335791192838,1,44,16,27,106
30,"0.5x",350,FALSE,"1x",1,0.310572134700347,"MARINE WEST COAST FOREST",-0.0697192331195796,0.0527552540195794,1,44,7,27,428
30,"0.5x",350,FALSE,"1x",1,0.310572134700347,"MEDITERRANEAN CALIFORNIA",-0.228695547391309,-0.187870718344923,1,44,24,27,235
30,"0.5x",350,FALSE,"1x",1,0.310572134700347,"NORTH AMERICAN DESERTS",0.00606027939479402,-0.0347645496515923,1,44,27,27,17
30,"0.5x",350,FALSE,"1x",1,0.310572134700347,"NORTHERN FORESTS",0.0924189555132681,-0.0300555316258908,1,44,5,27,39
30,"0.5x",350,FALSE,"1x",1,0.310572134700347,"NORTHWESTERN FORESTED MOUNTAINS",0.0682494559093002,-0.135874689322631,1,44,4,27,23
30,"0.5x",350,FALSE,"1x",1,0.310572134700347,"WATER",-0.117374291265395,-0.403148094590099,1,44,12,27,23
1,"0.5x",350,FALSE,"4x",4,0.101901630868931,"EASTERN TEMPERATE FORESTS",-0.0266407224062007,0.259133080918503,1,44,11,27,60
1,"0.5x",350,FALSE,"4x",4,0.101901630868931,"GREAT PLAINS",-0.0206483310953408,0.183475814136591,1,44,15,27,423
1,"0.5x",350,FALSE,"4x",4,0.101901630868931,"MARINE WEST COAST FOREST",0.0160754094627853,0.138549896601944,1,44,15,27,1941
1,"0.5x",350,FALSE,"4x",4,0.101901630868931,"MEDITERRANEAN CALIFORNIA",0.0355692651461171,0.0763940941925034,1,44,29,27,1104
1,"0.5x",350,FALSE,"4x",4,0.101901630868931,"NORTH AMERICAN DESERTS",-0.0341669037901651,-0.0749917328365514,1,44,28,27,47
1,"0.5x",350,FALSE,"4x",4,0.101901630868931,"NORTHERN FORESTS",-0.017274049190774,-0.139748536329933,1,44,10,27,186
1,"0.5x",350,FALSE,"4x",4,0.101901630868931,"NORTHWESTERN FORESTED MOUNTAINS",0.017859334619833,-0.186264810612098,1,44,10,27,181
1,"0.5x",350,FALSE,"4x",4,0.101901630868931,"WATER",0.0338929194499402,-0.251880883874764,1,44,12,27,89
2,"0.5x",350,FALSE,"4x",4,0.227225715109464,"EASTERN TEMPERATE FORESTS",0.10523019632745,0.391003999652154,1,44,5,27,74
2,"0.5x",350,FALSE,"4x",4,0.227225715109464,"GREAT PLAINS",0.0176306462465716,0.221754791478503,1,44,13,27,309
2,"0.5x",350,FALSE,"4x",4,0.227225715109464,"MARINE WEST COAST FOREST",0.0236332565219676,0.146107743661126,1,44,4,27,1833
2,"0.5x",350,FALSE,"4x",4,0.227225715109464,"MEDITERRANEAN CALIFORNIA",-0.00664336181968587,0.0341814672267004,1,44,38,27,1129
2,"0.5x",350,FALSE,"4x",4,0.227225715109464,"NORTH AMERICAN DESERTS",-0.0298769426249837,-0.07070177167137,1,44,20,27,112
2,"0.5x",350,FALSE,"4x",4,0.227225715109464,"NORTHERN FORESTS",-0.111544423328845,-0.234018910468004,1,44,3,27,226
2,"0.5x",350,FALSE,"4x",4,0.227225715109464,"NORTHWESTERN FORESTED MOUNTAINS",0.106984085994128,-0.0971400592378031,1,44,7,27,133
2,"0.5x",350,FALSE,"4x",4,0.227225715109464,"WATER",-0.111018488552403,-0.396792291877107,1,44,8,27,131
3,"0.5x",350,FALSE,"4x",4,0.25084530949749,"EASTERN TEMPERATE FORESTS",0.0487962012782309,0.334570004602935,1,44,8,27,67
3,"0.5x",350,FALSE,"4x",4,0.25084530949749,"GREAT PLAINS",0.0465902417545182,0.25071438698645,1,44,8,27,499
3,"0.5x",350,FALSE,"4x",4,0.25084530949749,"MARINE WEST COAST FOREST",0.0218626723985516,0.144337159537711,1,44,11,27,1029
3,"0.5x",350,FALSE,"4x",4,0.25084530949749,"MEDITERRANEAN CALIFORNIA",-0.0997133365081012,-0.0588885074617149,1,44,27,27,816
3,"0.5x",350,FALSE,"4x",4,0.25084530949749,"NORTH AMERICAN DESERTS",0.0541591332153611,0.0133343041689748,1,44,32,27,74
3,"0.5x",350,FALSE,"4x",4,0.25084530949749,"NORTHERN FORESTS",0.069066167988121,-0.0534083191510379,1,44,16,27,149
3,"0.5x",350,FALSE,"4x",4,0.25084530949749,"NORTHWESTERN FORESTED MOUNTAINS",-0.0975237277311102,-0.301647872963042,1,44,3,27,185
3,"0.5x",350,FALSE,"4x",4,0.25084530949749,"WATER",-0.0477435117489606,-0.333517315073665,1,44,14,27,170
4,"0.5x",350,FALSE,"4x",4,0.255317265969157,"EASTERN TEMPERATE FORESTS",-0.131861393892345,0.153912409432359,1,44,5,27,70
4,"0.5x",350,FALSE,"4x",4,0.255317265969157,"GREAT PLAINS",-0.0272922308067201,0.176831914425211,1,44,19,27,311
4,"0.5x",350,FALSE,"4x",4,0.255317265969157,"MARINE WEST COAST FOREST",-0.239067941307306,-0.116593454168147,1,44,11,27,1194
4,"0.5x",350,FALSE,"4x",4,0.255317265969157,"MEDITERRANEAN CALIFORNIA",-0.0546913598616553,-0.013866530815269,1,44,24,27,1004
4,"0.5x",350,FALSE,"4x",4,0.255317265969157,"NORTH AMERICAN DESERTS",-0.0152396426932835,-0.0560644717396698,1,44,28,27,85
4,"0.5x",350,FALSE,"4x",4,0.255317265969157,"NORTHERN FORESTS",0.254013323677428,0.13153883653827,1,44,9,27,160
4,"0.5x",350,FALSE,"4x",4,0.255317265969157,"NORTHWESTERN FORESTED MOUNTAINS",0.0412188633204653,-0.162905281911466,1,44,5,27,178
4,"0.5x",350,FALSE,"4x",4,0.255317265969157,"WATER",-0.0533737619756919,-0.339147565300396,1,44,13,27,121
5,"0.5x",350,FALSE,"4x",4,0.135458742412364,"EASTERN TEMPERATE FORESTS",0.0193181107208844,0.305091914045589,0,44,6,27,81
5,"0.5x",350,FALSE,"4x",4,0.135458742412364,"GREAT PLAINS",-0.055710527614366,0.148413617617565,1,44,8,27,410
5,"0.5x",350,FALSE,"4x",4,0.135458742412364,"MARINE WEST COAST FOREST",-0.0825059103325444,0.0399685768066145,1,44,12,27,1694
5,"0.5x",350,FALSE,"4x",4,0.135458742412364,"MEDITERRANEAN CALIFORNIA",-0.0633604174664922,-0.0225355884201059,1,44,31,27,752
5,"0.5x",350,FALSE,"4x",4,0.135458742412364,"NORTH AMERICAN DESERTS",0.00828041127517558,-0.0325444177712107,1,44,18,27,75
5,"0.5x",350,FALSE,"4x",4,0.135458742412364,"NORTHERN FORESTS",0.0258577748351406,-0.0966167123040183,1,44,8,27,111
5,"0.5x",350,FALSE,"4x",4,0.135458742412364,"NORTHWESTERN FORESTED MOUNTAINS",-0.000307587874958562,-0.20443173310689,1,44,7,27,177
5,"0.5x",350,FALSE,"4x",4,0.135458742412364,"WATER",0.0767905514635423,-0.208983251861162,1,44,11,27,113
6,"0.5x",350,FALSE,"4x",4,0.523453811959054,"EASTERN TEMPERATE FORESTS",-0.176288583794943,0.109485219529761,1,44,16,27,86
6,"0.5x",350,FALSE,"4x",4,0.523453811959054,"GREAT PLAINS",-0.435695883835718,-0.231571738603786,1,44,5,27,274
6,"0.5x",350,FALSE,"4x",4,0.523453811959054,"MARINE WEST COAST FOREST",0.193122225598087,0.315596712737246,1,44,19,27,2008
6,"0.5x",350,FALSE,"4x",4,0.523453811959054,"MEDITERRANEAN CALIFORNIA",-0.406370802986169,-0.365545973939782,1,44,30,27,869
6,"0.5x",350,FALSE,"4x",4,0.523453811959054,"NORTH AMERICAN DESERTS",-0.33735393482928,-0.378178763875667,1,44,11,27,67
6,"0.5x",350,FALSE,"4x",4,0.523453811959054,"NORTHERN FORESTS",0.286362172078817,0.163887684939658,1,44,4,27,131
6,"0.5x",350,FALSE,"4x",4,0.523453811959054,"NORTHWESTERN FORESTED MOUNTAINS",0.232910208443609,0.0287860632116779,1,44,11,27,217
6,"0.5x",350,FALSE,"4x",4,0.523453811959054,"WATER",0.395860945494955,0.110087142170251,1,44,14,27,112
7,"0.5x",350,FALSE,"4x",4,0.290627570963374,"EASTERN TEMPERATE FORESTS",-0.212391384345232,0.0733824189794724,1,44,6,27,69
7,"0.5x",350,FALSE,"4x",4,0.290627570963374,"GREAT PLAINS",-0.129056418276918,0.0750677269550132,1,44,6,27,251
7,"0.5x",350,FALSE,"4x",4,0.290627570963374,"MARINE WEST COAST FOREST",0.0829945627246513,0.20546904986381,1,44,8,27,1799
7,"0.5x",350,FALSE,"4x",4,0.290627570963374,"MEDITERRANEAN CALIFORNIA",0.00504790054202365,0.04587272958841,1,44,31,27,905
7,"0.5x",350,FALSE,"4x",4,0.290627570963374,"NORTH AMERICAN DESERTS",0.0799448990674956,0.0391200700211093,1,44,17,27,117
7,"0.5x",350,FALSE,"4x",4,0.290627570963374,"NORTHERN FORESTS",-0.00851478083205926,-0.130989267971218,1,44,5,27,149
7,"0.5x",350,FALSE,"4x",4,0.290627570963374,"NORTHWESTERN FORESTED MOUNTAINS",-0.0349977517233873,-0.239121896955319,1,44,7,27,178
7,"0.5x",350,FALSE,"4x",4,0.290627570963374,"WATER",0.139336356826629,-0.146437446498075,1,44,9,27,104
8,"0.5x",350,FALSE,"4x",4,0.12022101594834,"EASTERN TEMPERATE FORESTS",-0.0711439213183836,0.214629882006321,1,44,13,27,64
8,"0.5x",350,FALSE,"4x",4,0.12022101594834,"GREAT PLAINS",-0.047346144619999,0.156778000611932,1,44,13,27,293
8,"0.5x",350,FALSE,"4x",4,0.12022101594834,"MARINE WEST COAST FOREST",0.0477642510319954,0.170238738171154,1,44,8,27,1572
8,"0.5x",350,FALSE,"4x",4,0.12022101594834,"MEDITERRANEAN CALIFORNIA",0.0200649401035362,0.0608897691499225,1,44,34,27,996
8,"0.5x",350,FALSE,"4x",4,0.12022101594834,"NORTH AMERICAN DESERTS",0.00505499895408906,-0.0357698300922972,1,44,12,27,72
8,"0.5x",350,FALSE,"4x",4,0.12022101594834,"NORTHERN FORESTS",0.0086456588166683,-0.113828828322491,1,44,10,27,175
8,"0.5x",350,FALSE,"4x",4,0.12022101594834,"NORTHWESTERN FORESTED MOUNTAINS",-0.00105102274353803,-0.20517516797547,1,44,22,27,159
8,"0.5x",350,FALSE,"4x",4,0.12022101594834,"WATER",0.000911326278903317,-0.284862477045801,0,44,18,27,93
9,"0.5x",350,FALSE,"4x",4,0.101569518854549,"EASTERN TEMPERATE FORESTS",-0.0171134656965888,0.268660337628115,0,44,7,27,91
9,"0.5x",350,FALSE,"4x",4,0.101569518854549,"GREAT PLAINS",-0.0339051761787429,0.170218969053189,1,44,13,27,380
9,"0.5x",350,FALSE,"4x",4,0.101569518854549,"MARINE WEST COAST FOREST",0.0466481200317873,0.169122607170946,0,44,5,27,2066
9,"0.5x",350,FALSE,"4x",4,0.101569518854549,"MEDITERRANEAN CALIFORNIA",-0.0350031586866557,0.00582167035973058,1,44,18,27,779
9,"0.5x",350,FALSE,"4x",4,0.101569518854549,"NORTH AMERICAN DESERTS",0.0075951147301417,-0.0332297143162446,1,44,28,27,78
9,"0.5x",350,FALSE,"4x",4,0.101569518854549,"NORTHERN FORESTS",0.0479657246071033,-0.0745087625320556,1,44,8,27,139
9,"0.5x",350,FALSE,"4x",4,0.101569518854549,"NORTHWESTERN FORESTED MOUNTAINS",-0.0014788430127608,-0.205602988244692,1,44,2,27,126
9,"0.5x",350,FALSE,"4x",4,0.101569518854549,"WATER",-0.0588843501043048,-0.344658153429009,0,44,12,27,111
10,"0.5x",350,FALSE,"4x",4,0.23957189173395,"EASTERN TEMPERATE FORESTS",-0.0253053598292925,0.260468443495412,1,44,4,27,69
10,"0.5x",350,FALSE,"4x",4,0.23957189173395,"GREAT PLAINS",-0.0956296582984582,0.108494486933473,1,44,15,27,265
10,"0.5x",350,FALSE,"4x",4,0.23957189173395,"MARINE WEST COAST FOREST",-0.0836721713149324,0.0388023158242265,1,44,11,27,1327
10,"0.5x",350,FALSE,"4x",4,0.23957189173395,"MEDITERRANEAN CALIFORNIA",0.0119187785683026,0.0527436076146889,1,44,28,27,961
10,"0.5x",350,FALSE,"4x",4,0.23957189173395,"NORTH AMERICAN DESERTS",-0.0687449897316525,-0.109569818778039,1,44,32,27,82
10,"0.5x",350,FALSE,"4x",4,0.23957189173395,"NORTHERN FORESTS",-0.110971717058597,-0.233446204197756,1,44,6,27,130
10,"0.5x",350,FALSE,"4x",4,0.23957189173395,"NORTHWESTERN FORESTED MOUNTAINS",0.243248522700181,0.0391243774682492,1,44,6,27,180
10,"0.5x",350,FALSE,"4x",4,0.23957189173395,"WATER",0.102358719548435,-0.183415083776269,1,44,17,27,103
11,"0.5x",350,FALSE,"4x",4,0.200006743919024,"EASTERN TEMPERATE FORESTS",0.0512821778304185,0.337055981155123,1,44,6,27,84
11,"0.5x",350,FALSE,"4x",4,0.200006743919024,"GREAT PLAINS",0.0085025941633532,0.212626739395285,1,44,23,27,465
11,"0.5x",350,FALSE,"4x",4,0.200006743919024,"MARINE WEST COAST FOREST",-0.052726140341418,0.0697483467977409,1,44,1,27,1368
11,"0.5x",350,FALSE,"4x",4,0.200006743919024,"MEDITERRANEAN CALIFORNIA",-0.0265378553989016,0.0142869736474847,1,44,27,27,1068
11,"0.5x",350,FALSE,"4x",4,0.200006743919024,"NORTH AMERICAN DESERTS",0.00187732085814114,-0.0389475081882452,1,44,16,27,86
11,"0.5x",350,FALSE,"4x",4,0.200006743919024,"NORTHERN FORESTS",0.100357520076991,-0.0221169670621674,1,44,8,27,166
11,"0.5x",350,FALSE,"4x",4,0.200006743919024,"NORTHWESTERN FORESTED MOUNTAINS",0.0220132276015464,-0.182110917630385,1,44,5,27,121
11,"0.5x",350,FALSE,"4x",4,0.200006743919024,"WATER",-0.00411461583629037,-0.289888419160995,1,44,10,27,107
12,"0.5x",350,FALSE,"4x",4,0.121360660976864,"EASTERN TEMPERATE FORESTS",0.0461846589607026,0.331958462285407,0,44,12,27,62
12,"0.5x",350,FALSE,"4x",4,0.121360660976864,"GREAT PLAINS",0.0105613263553352,0.214685471587267,1,44,9,27,298
12,"0.5x",350,FALSE,"4x",4,0.121360660976864,"MARINE WEST COAST FOREST",-0.0156943271016765,0.106780160037482,1,44,11,27,1654
12,"0.5x",350,FALSE,"4x",4,0.121360660976864,"MEDITERRANEAN CALIFORNIA",-0.0126410275197103,0.028183801526676,1,44,30,27,844
12,"0.5x",350,FALSE,"4x",4,0.121360660976864,"NORTH AMERICAN DESERTS",0.0136645070791862,-0.0271603219672002,1,44,20,27,75
12,"0.5x",350,FALSE,"4x",4,0.121360660976864,"NORTHERN FORESTS",-0.0113046086521593,-0.133779095791318,1,44,8,27,134
12,"0.5x",350,FALSE,"4x",4,0.121360660976864,"NORTHWESTERN FORESTED MOUNTAINS",-0.0241392760131487,-0.22826342124508,1,44,10,27,139
12,"0.5x",350,FALSE,"4x",4,0.121360660976864,"WATER",-0.0275180404921728,-0.313291843816877,0,44,15,27,108
13,"0.5x",350,FALSE,"4x",4,0.215711243085226,"EASTERN TEMPERATE FORESTS",-0.128025050966324,0.15774875235838,1,44,3,27,78
13,"0.5x",350,FALSE,"4x",4,0.215711243085226,"GREAT PLAINS",-0.0203837178543617,0.18374042737757,1,44,15,27,246
13,"0.5x",350,FALSE,"4x",4,0.215711243085226,"MARINE WEST COAST FOREST",-0.0147865195149013,0.107687967624258,1,44,3,27,1597
13,"0.5x",350,FALSE,"4x",4,0.215711243085226,"MEDITERRANEAN CALIFORNIA",0.0487559757744814,0.0895808048208677,1,44,29,27,936
13,"0.5x",350,FALSE,"4x",4,0.215711243085226,"NORTH AMERICAN DESERTS",-0.0155397609024571,-0.0563645899488434,1,44,11,27,76
13,"0.5x",350,FALSE,"4x",4,0.215711243085226,"NORTHERN FORESTS",0.184143357682443,0.0616688705432843,1,44,10,27,149
13,"0.5x",350,FALSE,"4x",4,0.215711243085226,"NORTHWESTERN FORESTED MOUNTAINS",-0.0448405142880798,-0.248964659520011,1,44,5,27,186
13,"0.5x",350,FALSE,"4x",4,0.215711243085226,"WATER",0.0665998089233749,-0.219173994401329,1,44,8,27,116
14,"0.5x",350,FALSE,"4x",4,0.358957416149771,"EASTERN TEMPERATE FORESTS",-0.439256485351473,-0.153482682026769,1,44,7,27,86
14,"0.5x",350,FALSE,"4x",4,0.358957416149771,"GREAT PLAINS",0.0142242191268099,0.218348364358741,1,44,10,27,485
14,"0.5x",350,FALSE,"4x",4,0.358957416149771,"MARINE WEST COAST FOREST",-0.190622741667,-0.0681482545278415,1,44,14,27,2201
14,"0.5x",350,FALSE,"4x",4,0.358957416149771,"MEDITERRANEAN CALIFORNIA",0.149152703301494,0.18997753234788,1,44,35,27,952
14,"0.5x",350,FALSE,"4x",4,0.358957416149771,"NORTH AMERICAN DESERTS",-0.10489255619493,-0.145717385241316,1,44,17,27,92
14,"0.5x",350,FALSE,"4x",4,0.358957416149771,"NORTHERN FORESTS",0.253402291323252,0.130927804184093,1,44,2,27,155
14,"0.5x",350,FALSE,"4x",4,0.358957416149771,"NORTHWESTERN FORESTED MOUNTAINS",0.147122568342449,-0.0570015768894822,1,44,9,27,204
14,"0.5x",350,FALSE,"4x",4,0.358957416149771,"WATER",0.271474562135768,-0.0142992411889359,1,44,14,27,142
15,"0.5x",350,FALSE,"4x",4,0.280063066728501,"EASTERN TEMPERATE FORESTS",-0.0436763605116821,0.242097442813022,1,44,4,27,73
15,"0.5x",350,FALSE,"4x",4,0.280063066728501,"GREAT PLAINS",-0.0579386266616445,0.146185518570287,1,44,14,27,298
15,"0.5x",350,FALSE,"4x",4,0.280063066728501,"MARINE WEST COAST FOREST",0.131178833046379,0.253653320185538,1,44,13,27,1332
15,"0.5x",350,FALSE,"4x",4,0.280063066728501,"MEDITERRANEAN CALIFORNIA",-0.00799592630187643,0.0328289027445099,1,44,21,27,730
15,"0.5x",350,FALSE,"4x",4,0.280063066728501,"NORTH AMERICAN DESERTS",0.027245346401082,-0.0135794826453043,1,44,14,27,69
15,"0.5x",350,FALSE,"4x",4,0.280063066728501,"NORTHERN FORESTS",0.102960719043023,-0.0195137680961359,1,44,13,27,159
15,"0.5x",350,FALSE,"4x",4,0.280063066728501,"NORTHWESTERN FORESTED MOUNTAINS",-0.179308335953532,-0.383432481185464,1,44,2,27,199
15,"0.5x",350,FALSE,"4x",4,0.280063066728501,"WATER",-0.186173195904454,-0.471946999229159,1,44,26,27,100
16,"0.5x",350,FALSE,"4x",4,0.242344420603101,"EASTERN TEMPERATE FORESTS",-0.0765216608973424,0.209252142427362,1,44,6,27,62
16,"0.5x",350,FALSE,"4x",4,0.242344420603101,"GREAT PLAINS",-0.137197088919344,0.066927056312587,1,44,23,27,286
16,"0.5x",350,FALSE,"4x",4,0.242344420603101,"MARINE WEST COAST FOREST",-0.0677701147951537,0.0547043723440053,1,44,6,27,1911
16,"0.5x",350,FALSE,"4x",4,0.242344420603101,"MEDITERRANEAN CALIFORNIA",-0.0194486679228388,0.0213761611235475,1,44,25,27,1064
16,"0.5x",350,FALSE,"4x",4,0.242344420603101,"NORTH AMERICAN DESERTS",-0.0788957711617446,-0.119720600208131,1,44,22,27,78
16,"0.5x",350,FALSE,"4x",4,0.242344420603101,"NORTHERN FORESTS",0.0924154043539459,-0.0300590827852129,1,44,7,27,128
16,"0.5x",350,FALSE,"4x",4,0.242344420603101,"NORTHWESTERN FORESTED MOUNTAINS",-0.0101407152699308,-0.214264860501862,1,44,3,27,163
16,"0.5x",350,FALSE,"4x",4,0.242344420603101,"WATER",-0.0153934953999605,-0.301167298724665,1,44,15,27,98
17,"0.5x",350,FALSE,"4x",4,0.217526557207772,"EASTERN TEMPERATE FORESTS",-0.147866521220577,0.137907282104127,1,44,1,27,69
17,"0.5x",350,FALSE,"4x",4,0.217526557207772,"GREAT PLAINS",-0.193642598046742,0.010481547185189,1,44,16,27,310
17,"0.5x",350,FALSE,"4x",4,0.217526557207772,"MARINE WEST COAST FOREST",-0.0563348676536804,0.0661396194854785,1,44,12,27,1550
17,"0.5x",350,FALSE,"4x",4,0.217526557207772,"MEDITERRANEAN CALIFORNIA",0.0110957003667482,0.0519205294131345,1,44,28,27,999
17,"0.5x",350,FALSE,"4x",4,0.217526557207772,"NORTH AMERICAN DESERTS",-0.0704970453030618,-0.111321874349448,1,44,19,27,72
17,"0.5x",350,FALSE,"4x",4,0.217526557207772,"NORTHERN FORESTS",0.0944426012700747,-0.0280318858690842,1,44,6,27,142
17,"0.5x",350,FALSE,"4x",4,0.217526557207772,"NORTHWESTERN FORESTED MOUNTAINS",-0.00410761596094788,-0.208231761192879,1,44,17,27,194
17,"0.5x",350,FALSE,"4x",4,0.217526557207772,"WATER",0.158478283897924,-0.12729551942678,1,44,10,27,110
18,"0.5x",350,FALSE,"4x",4,0.176966851995889,"EASTERN TEMPERATE FORESTS",-0.0452929787807301,0.240480824543974,1,44,4,27,72
18,"0.5x",350,FALSE,"4x",4,0.176966851995889,"GREAT PLAINS",0.0429546504208266,0.247078795652758,1,44,17,27,375
18,"0.5x",350,FALSE,"4x",4,0.176966851995889,"MARINE WEST COAST FOREST",-0.0748057494085977,0.0476687377305612,1,44,7,27,2336
18,"0.5x",350,FALSE,"4x",4,0.176966851995889,"MEDITERRANEAN CALIFORNIA",-0.024419562219112,0.0164052668272743,1,44,24,27,642
18,"0.5x",350,FALSE,"4x",4,0.176966851995889,"NORTH AMERICAN DESERTS",0.0831772321541064,0.0423524031077201,1,44,16,27,99
18,"0.5x",350,FALSE,"4x",4,0.176966851995889,"NORTHERN FORESTS",0.0107878670394636,-0.111686620099695,1,44,2,27,168
18,"0.5x",350,FALSE,"4x",4,0.176966851995889,"NORTHWESTERN FORESTED MOUNTAINS",-0.0354485595706439,-0.239572704802575,1,44,4,27,118
18,"0.5x",350,FALSE,"4x",4,0.176966851995889,"WATER",0.0076579685458028,-0.278115834778901,1,44,8,27,94
19,"0.5x",350,FALSE,"4x",4,0.149015936193107,"EASTERN TEMPERATE FORESTS",-0.0665773485154945,0.21919645480921,1,44,4,27,61
19,"0.5x",350,FALSE,"4x",4,0.149015936193107,"GREAT PLAINS",0.0180966491128654,0.222220794344797,1,44,9,27,487
19,"0.5x",350,FALSE,"4x",4,0.149015936193107,"MARINE WEST COAST FOREST",0.0701413941201267,0.192615881259286,1,44,6,27,2650
19,"0.5x",350,FALSE,"4x",4,0.149015936193107,"MEDITERRANEAN CALIFORNIA",-0.0731155740372663,-0.03229074499088,1,44,30,27,936
19,"0.5x",350,FALSE,"4x",4,0.149015936193107,"NORTH AMERICAN DESERTS",-0.0518877859287346,-0.092712614975121,1,44,31,27,87
19,"0.5x",350,FALSE,"4x",4,0.149015936193107,"NORTHERN FORESTS",0.0204240519446774,-0.102050435194482,1,44,4,27,160
19,"0.5x",350,FALSE,"4x",4,0.149015936193107,"NORTHWESTERN FORESTED MOUNTAINS",-0.0409871074324142,-0.245111252664346,1,44,3,27,145
19,"0.5x",350,FALSE,"4x",4,0.149015936193107,"WATER",0.0405816120643921,-0.245192191260312,1,44,7,27,125
20,"0.5x",350,FALSE,"4x",4,0.178903359377858,"EASTERN TEMPERATE FORESTS",-0.00363061077818145,0.282143192546523,1,44,10,27,83
20,"0.5x",350,FALSE,"4x",4,0.178903359377858,"GREAT PLAINS",-0.197871687366549,0.00625245786538262,1,44,7,27,252
20,"0.5x",350,FALSE,"4x",4,0.178903359377858,"MARINE WEST COAST FOREST",0.00156508418484436,0.124039571324003,1,44,7,27,1960
20,"0.5x",350,FALSE,"4x",4,0.178903359377858,"MEDITERRANEAN CALIFORNIA",0.00786766769828233,0.0486924967446686,1,44,27,27,1008
20,"0.5x",350,FALSE,"4x",4,0.178903359377858,"NORTH AMERICAN DESERTS",-0.0578073440660036,-0.0986321731123899,1,44,21,27,58
20,"0.5x",350,FALSE,"4x",4,0.178903359377858,"NORTHERN FORESTS",0.0725729404742795,-0.0499015466648794,1,44,4,27,162
20,"0.5x",350,FALSE,"4x",4,0.178903359377858,"NORTHWESTERN FORESTED MOUNTAINS",-0.011358535862,-0.215482681093931,1,44,7,27,146
20,"0.5x",350,FALSE,"4x",4,0.178903359377858,"WATER",0.173659464540822,-0.112114338783882,1,44,12,27,119
21,"0.5x",350,FALSE,"4x",4,0.31277668644845,"EASTERN TEMPERATE FORESTS",0.278541185539087,0.564314988863792,0,44,11,27,71
21,"0.5x",350,FALSE,"4x",4,0.31277668644845,"GREAT PLAINS",0.225242899032498,0.42936704426443,1,44,13,27,287
21,"0.5x",350,FALSE,"4x",4,0.31277668644845,"MARINE WEST COAST FOREST",0.135532851181736,0.258007338320894,1,44,6,27,1969
21,"0.5x",350,FALSE,"4x",4,0.31277668644845,"MEDITERRANEAN CALIFORNIA",-0.0731215239139975,-0.0322966948676112,1,44,27,27,905
21,"0.5x",350,FALSE,"4x",4,0.31277668644845,"NORTH AMERICAN DESERTS",-0.00552299828880857,-0.0463478273351949,1,44,29,27,76
21,"0.5x",350,FALSE,"4x",4,0.31277668644845,"NORTHERN FORESTS",0.145990467146556,0.0235159800073973,1,44,9,27,142
21,"0.5x",350,FALSE,"4x",4,0.31277668644845,"NORTHWESTERN FORESTED MOUNTAINS",-0.15864744795976,-0.362771593191691,1,44,7,27,150
21,"0.5x",350,FALSE,"4x",4,0.31277668644845,"WATER",-0.0488113537572115,-0.334585157081916,1,44,8,27,115
22,"0.5x",350,FALSE,"4x",4,0.236342776805475,"EASTERN TEMPERATE FORESTS",-0.0205258230821328,0.265247980242571,1,44,6,27,75
22,"0.5x",350,FALSE,"4x",4,0.236342776805475,"GREAT PLAINS",-0.00790780744004017,0.196216337791891,1,44,9,27,312
22,"0.5x",350,FALSE,"4x",4,0.236342776805475,"MARINE WEST COAST FOREST",-0.209114744827504,-0.086640257688345,1,44,17,27,1902
22,"0.5x",350,FALSE,"4x",4,0.236342776805475,"MEDITERRANEAN CALIFORNIA",0.018222492275595,0.0590473213219813,1,44,33,27,940
22,"0.5x",350,FALSE,"4x",4,0.236342776805475,"NORTH AMERICAN DESERTS",-0.0454676980552648,-0.0862925271016511,1,44,11,27,78
22,"0.5x",350,FALSE,"4x",4,0.236342776805475,"NORTHERN FORESTS",0.0311141445718132,-0.0913603425673457,1,44,4,27,222
22,"0.5x",350,FALSE,"4x",4,0.236342776805475,"NORTHWESTERN FORESTED MOUNTAINS",0.0030218525216608,-0.201102292710271,1,44,12,27,159
22,"0.5x",350,FALSE,"4x",4,0.236342776805475,"WATER",0.223042610904707,-0.062731192419997,1,44,10,27,131
23,"0.5x",350,FALSE,"4x",4,0.276188243401501,"EASTERN TEMPERATE FORESTS",-0.0986957247219732,0.187078078602731,1,44,7,27,53
23,"0.5x",350,FALSE,"4x",4,0.276188243401501,"GREAT PLAINS",-0.217001836382001,-0.0128776911500699,1,44,11,27,363
23,"0.5x",350,FALSE,"4x",4,0.276188243401501,"MARINE WEST COAST FOREST",-0.0983685886255389,0.02410589851362,1,44,19,27,2307
23,"0.5x",350,FALSE,"4x",4,0.276188243401501,"MEDITERRANEAN CALIFORNIA",0.0391938536460472,0.0800186826924335,1,44,32,27,1243
23,"0.5x",350,FALSE,"4x",4,0.276188243401501,"NORTH AMERICAN DESERTS",-0.125906653441205,-0.166731482487591,1,44,17,27,84
23,"0.5x",350,FALSE,"4x",4,0.276188243401501,"NORTHERN FORESTS",0.00855807305085725,-0.113916414088302,1,44,12,27,124
23,"0.5x",350,FALSE,"4x",4,0.276188243401501,"NORTHWESTERN FORESTED MOUNTAINS",0.0832601874644141,-0.120863957767517,1,44,1,27,184
23,"0.5x",350,FALSE,"4x",4,0.276188243401501,"WATER",0.280496496250827,-0.00527730707387736,1,44,16,27,114
24,"0.5x",350,FALSE,"4x",4,0.335419498235186,"EASTERN TEMPERATE FORESTS",0.0735948941281885,0.359368697452893,1,44,3,27,111
24,"0.5x",350,FALSE,"4x",4,0.335419498235186,"GREAT PLAINS",-0.0711463987043906,0.132977746527541,1,44,16,27,339
24,"0.5x",350,FALSE,"4x",4,0.335419498235186,"MARINE WEST COAST FOREST",-0.345085933775768,-0.222611446636609,1,44,7,27,2144
24,"0.5x",350,FALSE,"4x",4,0.335419498235186,"MEDITERRANEAN CALIFORNIA",0.231310918855077,0.272135747901463,1,44,26,27,909
24,"0.5x",350,FALSE,"4x",4,0.335419498235186,"NORTH AMERICAN DESERTS",-0.10582053030771,-0.146645359354096,1,44,16,27,126
24,"0.5x",350,FALSE,"4x",4,0.335419498235186,"NORTHERN FORESTS",0.0616222125219566,-0.0608522746172023,1,44,6,27,135
24,"0.5x",350,FALSE,"4x",4,0.335419498235186,"NORTHWESTERN FORESTED MOUNTAINS",-0.0242009175491485,-0.22832506278108,1,44,8,27,161
24,"0.5x",350,FALSE,"4x",4,0.335419498235186,"WATER",0.149911112587183,-0.135862690737521,1,44,9,27,134
25,"0.5x",350,FALSE,"4x",4,0.156752094076314,"EASTERN TEMPERATE FORESTS",0.010342906325973,0.296116709650677,1,44,2,27,61
25,"0.5x",350,FALSE,"4x",4,0.156752094076314,"GREAT PLAINS",-0.0647094317233425,0.139414713508589,1,44,15,27,441
25,"0.5x",350,FALSE,"4x",4,0.156752094076314,"MARINE WEST COAST FOREST",-0.009828422814031,0.112646064325128,1,44,7,27,1748
25,"0.5x",350,FALSE,"4x",4,0.156752094076314,"MEDITERRANEAN CALIFORNIA",0.00805479977733043,0.0488796288237167,1,44,36,27,974
25,"0.5x",350,FALSE,"4x",4,0.156752094076314,"NORTH AMERICAN DESERTS",-0.0839589649400891,-0.124783793986475,1,44,10,27,60
25,"0.5x",350,FALSE,"4x",4,0.156752094076314,"NORTHERN FORESTS",0.0431403646930028,-0.0793341224461561,1,44,2,27,145
25,"0.5x",350,FALSE,"4x",4,0.156752094076314,"NORTHWESTERN FORESTED MOUNTAINS",0.0339696139576013,-0.17015453127433,1,44,6,27,124
25,"0.5x",350,FALSE,"4x",4,0.156752094076314,"WATER",0.0348915869231033,-0.250882216401601,1,44,15,27,130
26,"0.5x",350,FALSE,"4x",4,0.207321335453778,"EASTERN TEMPERATE FORESTS",-0.0248814013159572,0.260892402008747,1,44,5,27,70
26,"0.5x",350,FALSE,"4x",4,0.207321335453778,"GREAT PLAINS",-0.110151956570873,0.0939721886610585,1,44,19,27,355
26,"0.5x",350,FALSE,"4x",4,0.207321335453778,"MARINE WEST COAST FOREST",0.0323805626356673,0.154855049774826,1,44,10,27,2074
26,"0.5x",350,FALSE,"4x",4,0.207321335453778,"MEDITERRANEAN CALIFORNIA",0.0560603702873474,0.0968851993337337,1,44,25,27,824
26,"0.5x",350,FALSE,"4x",4,0.207321335453778,"NORTH AMERICAN DESERTS",-0.0950871796435719,-0.135912008689958,1,44,23,27,72
26,"0.5x",350,FALSE,"4x",4,0.207321335453778,"NORTHERN FORESTS",-0.0475000640381493,-0.169974551177308,1,44,11,27,141
26,"0.5x",350,FALSE,"4x",4,0.207321335453778,"NORTHWESTERN FORESTED MOUNTAINS",0.0302602669383066,-0.173863878293625,1,44,7,27,147
26,"0.5x",350,FALSE,"4x",4,0.207321335453778,"WATER",0.110689077214298,-0.175084726110406,1,44,14,27,129
27,"0.5x",350,FALSE,"4x",4,0.17853260812147,"EASTERN TEMPERATE FORESTS",-0.129444819244315,0.156328984080389,1,44,3,27,84
27,"0.5x",350,FALSE,"4x",4,0.17853260812147,"GREAT PLAINS",0.0495426632023722,0.253666808434304,1,44,5,27,406
27,"0.5x",350,FALSE,"4x",4,0.17853260812147,"MARINE WEST COAST FOREST",-0.0236058012270257,0.0988686859121332,1,44,7,27,1834
27,"0.5x",350,FALSE,"4x",4,0.17853260812147,"MEDITERRANEAN CALIFORNIA",0.0546844094155374,0.0955092384619237,1,44,34,27,799
27,"0.5x",350,FALSE,"4x",4,0.17853260812147,"NORTH AMERICAN DESERTS",0.0152766788912996,-0.0255481501550867,1,44,20,27,93
27,"0.5x",350,FALSE,"4x",4,0.17853260812147,"NORTHERN FORESTS",0.0193587639136587,-0.1031157232255,1,44,7,27,143
27,"0.5x",350,FALSE,"4x",4,0.17853260812147,"NORTHWESTERN FORESTED MOUNTAINS",-0.000235792418752638,-0.204359937650684,1,44,4,27,220
27,"0.5x",350,FALSE,"4x",4,0.17853260812147,"WATER",0.036489311266783,-0.249284492057921,1,44,14,27,86
28,"0.5x",350,FALSE,"4x",4,0.365002106650809,"EASTERN TEMPERATE FORESTS",0.334254666019501,0.620028469344205,0,44,10,27,69
28,"0.5x",350,FALSE,"4x",4,0.365002106650809,"GREAT PLAINS",0.264500400189819,0.46862454542175,1,44,8,27,178
28,"0.5x",350,FALSE,"4x",4,0.365002106650809,"MARINE WEST COAST FOREST",0.0623890893606938,0.184863576499853,1,44,8,27,1451
28,"0.5x",350,FALSE,"4x",4,0.365002106650809,"MEDITERRANEAN CALIFORNIA",0.117329597357887,0.158154426404273,1,44,29,27,847
28,"0.5x",350,FALSE,"4x",4,0.365002106650809,"NORTH AMERICAN DESERTS",0.00387739212999981,-0.0369474369163865,1,44,19,27,117
28,"0.5x",350,FALSE,"4x",4,0.365002106650809,"NORTHERN FORESTS",0.107708936829538,-0.0147655503096206,1,44,8,27,146
28,"0.5x",350,FALSE,"4x",4,0.365002106650809,"NORTHWESTERN FORESTED MOUNTAINS",-0.151365689315893,-0.355489834547825,1,44,5,27,175
28,"0.5x",350,FALSE,"4x",4,0.365002106650809,"WATER",-0.341947189432186,-0.627720992756891,0,44,14,27,89
29,"0.5x",350,FALSE,"4x",4,0.297782478471052,"EASTERN TEMPERATE FORESTS",-0.121514315504596,0.164259487820108,1,44,4,27,73
29,"0.5x",350,FALSE,"4x",4,0.297782478471052,"GREAT PLAINS",0.102187150927441,0.306311296159372,1,44,14,27,288
29,"0.5x",350,FALSE,"4x",4,0.297782478471052,"MARINE WEST COAST FOREST",-0.275902774885597,-0.153428287746438,1,44,12,27,1520
29,"0.5x",350,FALSE,"4x",4,0.297782478471052,"MEDITERRANEAN CALIFORNIA",0.0194358416109058,0.0602606706572921,1,44,28,27,996
29,"0.5x",350,FALSE,"4x",4,0.297782478471052,"NORTH AMERICAN DESERTS",0.0898060194552762,0.0489811904088899,1,44,14,27,79
29,"0.5x",350,FALSE,"4x",4,0.297782478471052,"NORTHERN FORESTS",0.112571957785836,-0.00990252935332277,1,44,0,27,131
29,"0.5x",350,FALSE,"4x",4,0.297782478471052,"NORTHWESTERN FORESTED MOUNTAINS",-0.174438894268701,-0.378563039500632,1,44,6,27,152
29,"0.5x",350,FALSE,"4x",4,0.297782478471052,"WATER",0.192934272278903,-0.0928395310458011,1,44,15,27,138
30,"0.5x",350,FALSE,"4x",4,0.274909316776598,"EASTERN TEMPERATE FORESTS",-0.0374501290617933,0.248323674262911,1,44,8,27,70
30,"0.5x",350,FALSE,"4x",4,0.274909316776598,"GREAT PLAINS",-0.283000388593047,-0.0788762433611156,1,44,19,27,274
30,"0.5x",350,FALSE,"4x",4,0.274909316776598,"MARINE WEST COAST FOREST",0.0878753457123362,0.210349832851495,1,44,13,27,1711
30,"0.5x",350,FALSE,"4x",4,0.274909316776598,"MEDITERRANEAN CALIFORNIA",-0.141839039771062,-0.101014210724675,1,44,35,27,992
30,"0.5x",350,FALSE,"4x",4,0.274909316776598,"NORTH AMERICAN DESERTS",0.121141430839485,0.080316601793099,1,44,17,27,88
30,"0.5x",350,FALSE,"4x",4,0.274909316776598,"NORTHERN FORESTS",-0.0153482384847321,-0.137822725623891,1,44,9,27,118
30,"0.5x",350,FALSE,"4x",4,0.274909316776598,"NORTHWESTERN FORESTED MOUNTAINS",0.023578602857318,-0.180545542374614,1,44,9,27,200
30,"0.5x",350,FALSE,"4x",4,0.274909316776598,"WATER",0.276592400461538,-0.00918140286316582,1,44,4,27,122
1,"1x",700,FALSE,"0.25x",0.25,0.279999246157402,"EASTERN TEMPERATE FORESTS",-0.125309180290159,0.160464623034546,1,88,15,27,1
1,"1x",700,FALSE,"0.25x",0.25,0.279999246157402,"GREAT PLAINS",0.0295594209861035,0.233683566218035,1,88,18,27,19
1,"1x",700,FALSE,"0.25x",0.25,0.279999246157402,"MARINE WEST COAST FOREST",0.122960641693876,0.245435128833035,1,88,14,27,133
1,"1x",700,FALSE,"0.25x",0.25,0.279999246157402,"MEDITERRANEAN CALIFORNIA",0.0788986863580058,0.119723515404392,1,88,67,27,46
1,"1x",700,FALSE,"0.25x",0.25,0.279999246157402,"NORTH AMERICAN DESERTS",-0.0519386029698999,-0.0927634320162862,1,88,57,27,4
1,"1x",700,FALSE,"0.25x",0.25,0.279999246157402,"NORTHERN FORESTS",0.0279359784767154,-0.0945385086624435,1,88,18,27,12
1,"1x",700,FALSE,"0.25x",0.25,0.279999246157402,"NORTHWESTERN FORESTED MOUNTAINS",-0.0323883988311859,-0.236512544063117,1,88,12,27,16
1,"1x",700,FALSE,"0.25x",0.25,0.279999246157402,"WATER",0.0860912993502539,-0.19968250397445,1,82,25,27,7
2,"1x",700,FALSE,"0.25x",0.25,0.321945304840508,"EASTERN TEMPERATE FORESTS",0.0352218402088869,0.320995643533591,1,88,7,27,7
2,"1x",700,FALSE,"0.25x",0.25,0.321945304840508,"GREAT PLAINS",0.194382658280146,0.398506803512078,1,88,9,27,20
2,"1x",700,FALSE,"0.25x",0.25,0.321945304840508,"MARINE WEST COAST FOREST",-0.171728236297829,-0.0492537491586698,1,88,29,27,123
2,"1x",700,FALSE,"0.25x",0.25,0.321945304840508,"MEDITERRANEAN CALIFORNIA",0.0337567195943397,0.074581548640726,1,88,78,27,66
2,"1x",700,FALSE,"0.25x",0.25,0.321945304840508,"NORTH AMERICAN DESERTS",-0.0629241559876439,-0.10374898503403,1,88,47,27,4
2,"1x",700,FALSE,"0.25x",0.25,0.321945304840508,"NORTHERN FORESTS",0.159823111149953,0.037348624010794,1,88,9,27,11
2,"1x",700,FALSE,"0.25x",0.25,0.321945304840508,"NORTHWESTERN FORESTED MOUNTAINS",-0.0870481583502267,-0.291172303582158,1,88,17,27,12
2,"1x",700,FALSE,"0.25x",0.25,0.321945304840508,"WATER",-0.106557485099214,-0.392331288423918,1,82,8,27,3
3,"1x",700,FALSE,"0.25x",0.25,0.282393215337277,"EASTERN TEMPERATE FORESTS",-0.191387529554597,0.0943862737701069,1,88,13,27,3
3,"1x",700,FALSE,"0.25x",0.25,0.282393215337277,"GREAT PLAINS",-0.0686358636025534,0.135488281629378,1,88,16,27,10
3,"1x",700,FALSE,"0.25x",0.25,0.282393215337277,"MARINE WEST COAST FOREST",0.0388805754694743,0.161355062608633,1,88,12,27,90
3,"1x",700,FALSE,"0.25x",0.25,0.282393215337277,"MEDITERRANEAN CALIFORNIA",-0.0773814459742075,-0.0365566169278212,1,88,68,27,64
3,"1x",700,FALSE,"0.25x",0.25,0.282393215337277,"NORTH AMERICAN DESERTS",0.114990597390885,0.0741657683444983,1,88,48,27,10
3,"1x",700,FALSE,"0.25x",0.25,0.282393215337277,"NORTHERN FORESTS",0.111071581367145,-0.0114029057720138,1,88,18,27,12
3,"1x",700,FALSE,"0.25x",0.25,0.282393215337277,"NORTHWESTERN FORESTED MOUNTAINS",6.45703949345555e-05,-0.204059574836997,1,88,16,27,15
3,"1x",700,FALSE,"0.25x",0.25,0.282393215337277,"WATER",-0.0989331310022763,-0.38470693432698,1,82,30,27,8
4,"1x",700,FALSE,"0.25x",0.25,0.254784520233529,"EASTERN TEMPERATE FORESTS",0.037301349338238,0.323075152662942,1,88,11,27,5
4,"1x",700,FALSE,"0.25x",0.25,0.254784520233529,"GREAT PLAINS",0.0160420484315429,0.220166193663474,1,88,20,27,21
4,"1x",700,FALSE,"0.25x",0.25,0.254784520233529,"MARINE WEST COAST FOREST",0.0130686270636087,0.135543114202768,1,88,11,27,124
4,"1x",700,FALSE,"0.25x",0.25,0.254784520233529,"MEDITERRANEAN CALIFORNIA",0.0242384954958399,0.0650633245422262,1,88,67,27,50
4,"1x",700,FALSE,"0.25x",0.25,0.254784520233529,"NORTH AMERICAN DESERTS",0.0215589826473508,-0.0192658463990355,1,88,50,27,6
4,"1x",700,FALSE,"0.25x",0.25,0.254784520233529,"NORTHERN FORESTS",0.101139302113381,-0.0213351850257781,1,88,13,27,9
4,"1x",700,FALSE,"0.25x",0.25,0.254784520233529,"NORTHWESTERN FORESTED MOUNTAINS",0.0197868906814612,-0.18433725455047,1,88,18,27,8
4,"1x",700,FALSE,"0.25x",0.25,0.254784520233529,"WATER",-0.0304596224146296,-0.316233425739334,1,82,22,27,6
5,"1x",700,FALSE,"0.25x",0.25,0.32003434401901,"EASTERN TEMPERATE FORESTS",0.107085544846942,0.392859348171646,1,88,16,27,14
5,"1x",700,FALSE,"0.25x",0.25,0.32003434401901,"GREAT PLAINS",0.0106811563614838,0.214805301593415,1,88,22,27,24
5,"1x",700,FALSE,"0.25x",0.25,0.32003434401901,"MARINE WEST COAST FOREST",-0.006398554702139,0.11607593243702,1,88,21,27,113
5,"1x",700,FALSE,"0.25x",0.25,0.32003434401901,"MEDITERRANEAN CALIFORNIA",0.0609972284239545,0.101822057470341,1,88,85,27,69
5,"1x",700,FALSE,"0.25x",0.25,0.32003434401901,"NORTH AMERICAN DESERTS",-0.0308216855706405,-0.0716465146170268,1,88,35,27,5
5,"1x",700,FALSE,"0.25x",0.25,0.32003434401901,"NORTHERN FORESTS",-0.00971746396075237,-0.132191951099911,1,88,7,27,9
5,"1x",700,FALSE,"0.25x",0.25,0.32003434401901,"NORTHWESTERN FORESTED MOUNTAINS",-0.241059739466461,-0.445183884698393,1,88,16,27,6
5,"1x",700,FALSE,"0.25x",0.25,0.32003434401901,"WATER",0.11711715746981,-0.168656645854894,1,82,22,27,7
6,"1x",700,FALSE,"0.25x",0.25,0.445084875903826,"EASTERN TEMPERATE FORESTS",-0.216446604948704,0.0693271983760006,1,88,13,27,1
6,"1x",700,FALSE,"0.25x",0.25,0.445084875903826,"GREAT PLAINS",0.0350219141684637,0.239146059400395,1,88,24,27,19
6,"1x",700,FALSE,"0.25x",0.25,0.445084875903826,"MARINE WEST COAST FOREST",-0.155193233272915,-0.0327187461337556,1,88,21,27,91
6,"1x",700,FALSE,"0.25x",0.25,0.445084875903826,"MEDITERRANEAN CALIFORNIA",0.267772451820119,0.308597280866505,1,88,73,27,57
6,"1x",700,FALSE,"0.25x",0.25,0.445084875903826,"NORTH AMERICAN DESERTS",0.0605662935716128,0.0197414645252265,1,88,40,27,4
6,"1x",700,FALSE,"0.25x",0.25,0.445084875903826,"NORTHERN FORESTS",-0.0269106819296729,-0.149385169068832,1,88,14,27,12
6,"1x",700,FALSE,"0.25x",0.25,0.445084875903826,"NORTHWESTERN FORESTED MOUNTAINS",-0.278075479879056,-0.482199625110988,1,88,5,27,5
6,"1x",700,FALSE,"0.25x",0.25,0.445084875903826,"WATER",0.161108128106142,-0.124665675218562,1,82,24,27,6
7,"1x",700,FALSE,"0.25x",0.25,0.24050139882821,"EASTERN TEMPERATE FORESTS",-0.137815767743767,0.147958035580937,1,88,15,27,2
7,"1x",700,FALSE,"0.25x",0.25,0.24050139882821,"GREAT PLAINS",0.0721627635346106,0.276286908766542,1,88,15,27,28
7,"1x",700,FALSE,"0.25x",0.25,0.24050139882821,"MARINE WEST COAST FOREST",-0.0216947654379657,0.100779721701193,1,88,12,27,113
7,"1x",700,FALSE,"0.25x",0.25,0.24050139882821,"MEDITERRANEAN CALIFORNIA",0.105862892039048,0.146687721085435,1,88,58,27,76
7,"1x",700,FALSE,"0.25x",0.25,0.24050139882821,"NORTH AMERICAN DESERTS",0.0448781816892866,0.00405335264290028,1,88,49,27,7
7,"1x",700,FALSE,"0.25x",0.25,0.24050139882821,"NORTHERN FORESTS",0.058003843616332,-0.0644706435228269,1,88,15,27,8
7,"1x",700,FALSE,"0.25x",0.25,0.24050139882821,"NORTHWESTERN FORESTED MOUNTAINS",-0.123277386781304,-0.327401532013235,1,88,24,27,12
7,"1x",700,FALSE,"0.25x",0.25,0.24050139882821,"WATER",-0.0270722354284559,-0.31284603875316,1,82,17,27,4
8,"1x",700,FALSE,"0.25x",0.25,0.196003512646774,"EASTERN TEMPERATE FORESTS",-0.119915949117537,0.165857854207167,1,88,13,27,4
8,"1x",700,FALSE,"0.25x",0.25,0.196003512646774,"GREAT PLAINS",0.0427713483787368,0.246895493610668,1,88,14,27,19
8,"1x",700,FALSE,"0.25x",0.25,0.196003512646774,"MARINE WEST COAST FOREST",-0.0438502536520908,0.0786242334870681,1,88,20,27,83
8,"1x",700,FALSE,"0.25x",0.25,0.196003512646774,"MEDITERRANEAN CALIFORNIA",0.0364442337858168,0.0772690628322031,1,88,69,27,72
8,"1x",700,FALSE,"0.25x",0.25,0.196003512646774,"NORTH AMERICAN DESERTS",-0.0072743790950421,-0.0480992081414284,1,88,27,27,7
8,"1x",700,FALSE,"0.25x",0.25,0.196003512646774,"NORTHERN FORESTS",-0.0263006364925526,-0.148775123631711,1,88,8,27,11
8,"1x",700,FALSE,"0.25x",0.25,0.196003512646774,"NORTHWESTERN FORESTED MOUNTAINS",0.0732971295486286,-0.130827015683303,1,88,23,27,17
8,"1x",700,FALSE,"0.25x",0.25,0.196003512646774,"WATER",-0.0396074506952189,-0.325381254019923,1,82,17,27,5
9,"1x",700,FALSE,"0.25x",0.25,0.496159332973741,"EASTERN TEMPERATE FORESTS",-0.188804657104362,0.0969691462203422,1,88,12,27,3
9,"1x",700,FALSE,"0.25x",0.25,0.496159332973741,"GREAT PLAINS",-0.155912125825294,0.0482120194066371,1,88,22,27,10
9,"1x",700,FALSE,"0.25x",0.25,0.496159332973741,"MARINE WEST COAST FOREST",0.209699623236488,0.332174110375647,1,88,22,27,118
9,"1x",700,FALSE,"0.25x",0.25,0.496159332973741,"MEDITERRANEAN CALIFORNIA",0.178748926614396,0.219573755660782,1,88,76,27,61
9,"1x",700,FALSE,"0.25x",0.25,0.496159332973741,"NORTH AMERICAN DESERTS",0.190758183562559,0.149933354516173,1,88,54,27,8
9,"1x",700,FALSE,"0.25x",0.25,0.496159332973741,"NORTHERN FORESTS",-0.124620440466102,-0.24709492760526,1,88,18,27,15
9,"1x",700,FALSE,"0.25x",0.25,0.496159332973741,"NORTHWESTERN FORESTED MOUNTAINS",-0.402647012687492,-0.606771157919423,1,88,5,27,5
9,"1x",700,FALSE,"0.25x",0.25,0.496159332973741,"WATER",0.104767106935332,-0.181006696389372,1,82,5,27,6
10,"1x",700,FALSE,"0.25x",0.25,0.147373596637028,"EASTERN TEMPERATE FORESTS",-0.0355406220841416,0.250233181240563,1,88,7,27,5
10,"1x",700,FALSE,"0.25x",0.25,0.147373596637028,"GREAT PLAINS",-0.0276011492318833,0.176522996000048,1,88,15,27,22
10,"1x",700,FALSE,"0.25x",0.25,0.147373596637028,"MARINE WEST COAST FOREST",-0.00442769275465469,0.118046794384504,1,88,21,27,108
10,"1x",700,FALSE,"0.25x",0.25,0.147373596637028,"MEDITERRANEAN CALIFORNIA",0.0334898185891875,0.0743146476355738,1,88,67,27,60
10,"1x",700,FALSE,"0.25x",0.25,0.147373596637028,"NORTH AMERICAN DESERTS",0.0106870625549277,-0.0301377664914586,1,88,46,27,5
10,"1x",700,FALSE,"0.25x",0.25,0.147373596637028,"NORTHERN FORESTS",-0.0053991047832646,-0.127873591922423,1,88,21,27,7
10,"1x",700,FALSE,"0.25x",0.25,0.147373596637028,"NORTHWESTERN FORESTED MOUNTAINS",-0.112864921969284,-0.316989067201215,0,88,15,27,12
10,"1x",700,FALSE,"0.25x",0.25,0.147373596637028,"WATER",0.0713948266740631,-0.214378976650641,1,82,21,27,7
11,"1x",700,FALSE,"0.25x",0.25,0.4164667033573,"EASTERN TEMPERATE FORESTS",-0.126721244912223,0.159052558412482,1,88,10,27,4
11,"1x",700,FALSE,"0.25x",0.25,0.4164667033573,"GREAT PLAINS",0.0205675137400933,0.224691658972025,1,88,15,27,23
11,"1x",700,FALSE,"0.25x",0.25,0.4164667033573,"MARINE WEST COAST FOREST",-0.0579712733182127,0.0645032138209462,1,88,27,27,81
11,"1x",700,FALSE,"0.25x",0.25,0.4164667033573,"MEDITERRANEAN CALIFORNIA",-0.407524280112596,-0.36669945106621,1,88,70,27,51
11,"1x",700,FALSE,"0.25x",0.25,0.4164667033573,"NORTH AMERICAN DESERTS",0.202355960328346,0.16153113128196,1,88,45,27,8
11,"1x",700,FALSE,"0.25x",0.25,0.4164667033573,"NORTHERN FORESTS",0.431454374651073,0.308979887511914,1,88,17,27,14
11,"1x",700,FALSE,"0.25x",0.25,0.4164667033573,"NORTHWESTERN FORESTED MOUNTAINS",0.142272615133171,-0.0618515300987605,1,88,20,27,19
11,"1x",700,FALSE,"0.25x",0.25,0.4164667033573,"WATER",-0.0748774869046177,-0.360651290229322,1,82,19,27,1
12,"1x",700,FALSE,"0.25x",0.25,0.361223305503246,"EASTERN TEMPERATE FORESTS",0.0139252282538074,0.299699031578512,1,88,8,27,9
12,"1x",700,FALSE,"0.25x",0.25,0.361223305503246,"GREAT PLAINS",0.097831400052804,0.301955545284735,1,88,18,27,34
12,"1x",700,FALSE,"0.25x",0.25,0.361223305503246,"MARINE WEST COAST FOREST",0.0199299850082306,0.142404472147389,1,88,25,27,64
12,"1x",700,FALSE,"0.25x",0.25,0.361223305503246,"MEDITERRANEAN CALIFORNIA",-0.0736664306387216,-0.0328416015923353,1,88,96,27,48
12,"1x",700,FALSE,"0.25x",0.25,0.361223305503246,"NORTH AMERICAN DESERTS",0.0445375408552755,0.00371271180888922,1,88,54,27,6
12,"1x",700,FALSE,"0.25x",0.25,0.361223305503246,"NORTHERN FORESTS",0.0548761166419109,-0.067598370497248,1,88,23,27,9
12,"1x",700,FALSE,"0.25x",0.25,0.361223305503246,"NORTHWESTERN FORESTED MOUNTAINS",-0.267999235786468,-0.4721233810184,1,88,14,27,6
12,"1x",700,FALSE,"0.25x",0.25,0.361223305503246,"WATER",-0.108963477808326,-0.39473728113303,1,82,18,27,2
13,"1x",700,FALSE,"0.25x",0.25,0.097134990695953,"EASTERN TEMPERATE FORESTS",-0.0612865189358729,0.224487284388831,1,88,13,27,5
13,"1x",700,FALSE,"0.25x",0.25,0.097134990695953,"GREAT PLAINS",0.0182298537069433,0.222353998938875,1,88,23,27,31
13,"1x",700,FALSE,"0.25x",0.25,0.097134990695953,"MARINE WEST COAST FOREST",0.0124212539395009,0.13489574107866,1,88,23,27,111
13,"1x",700,FALSE,"0.25x",0.25,0.097134990695953,"MEDITERRANEAN CALIFORNIA",-0.0193113565012168,0.0215134725451695,1,88,69,27,54
13,"1x",700,FALSE,"0.25x",0.25,0.097134990695953,"NORTH AMERICAN DESERTS",0.029902104495681,-0.0109227245507053,1,88,52,27,15
13,"1x",700,FALSE,"0.25x",0.25,0.097134990695953,"NORTHERN FORESTS",-0.00384566925149161,-0.126320156390651,1,88,21,27,6
13,"1x",700,FALSE,"0.25x",0.25,0.097134990695953,"NORTHWESTERN FORESTED MOUNTAINS",-0.0438510023721493,-0.247975147604081,0,88,9,27,10
13,"1x",700,FALSE,"0.25x",0.25,0.097134990695953,"WATER",0.0158383910421093,-0.269935412282595,1,82,18,27,10
14,"1x",700,FALSE,"0.25x",0.25,0.248061986398694,"EASTERN TEMPERATE FORESTS",0.00470685273499571,0.2904806560597,1,88,10,27,5
14,"1x",700,FALSE,"0.25x",0.25,0.248061986398694,"GREAT PLAINS",0.0507665169284076,0.254890662160339,1,88,24,27,23
14,"1x",700,FALSE,"0.25x",0.25,0.248061986398694,"MARINE WEST COAST FOREST",0.0254489238232813,0.14792341096244,1,88,24,27,153
14,"1x",700,FALSE,"0.25x",0.25,0.248061986398694,"MEDITERRANEAN CALIFORNIA",-0.0256967838804238,0.0151280451659625,1,88,47,27,46
14,"1x",700,FALSE,"0.25x",0.25,0.248061986398694,"NORTH AMERICAN DESERTS",-0.0524386301787212,-0.0932634592251075,1,88,46,27,3
14,"1x",700,FALSE,"0.25x",0.25,0.248061986398694,"NORTHERN FORESTS",-0.00222746800081286,-0.124701955139972,1,88,19,27,9
14,"1x",700,FALSE,"0.25x",0.25,0.248061986398694,"NORTHWESTERN FORESTED MOUNTAINS",-0.0555319501120161,-0.259656095343948,1,88,20,27,5
14,"1x",700,FALSE,"0.25x",0.25,0.248061986398694,"WATER",0.0288898438999828,-0.256883959424721,1,82,22,27,8
15,"1x",700,FALSE,"0.25x",0.25,0.281998548475604,"EASTERN TEMPERATE FORESTS",-0.0903790271501322,0.195394776174572,1,88,8,27,6
15,"1x",700,FALSE,"0.25x",0.25,0.281998548475604,"GREAT PLAINS",-0.0323262972926215,0.17179784793931,1,88,21,27,11
15,"1x",700,FALSE,"0.25x",0.25,0.281998548475604,"MARINE WEST COAST FOREST",0.0462009686561808,0.16867545579534,1,88,20,27,73
15,"1x",700,FALSE,"0.25x",0.25,0.281998548475604,"MEDITERRANEAN CALIFORNIA",0.111617644870076,0.152442473916462,1,88,72,27,56
15,"1x",700,FALSE,"0.25x",0.25,0.281998548475604,"NORTH AMERICAN DESERTS",0.0905944193044448,0.0497695902580585,1,88,54,27,6
15,"1x",700,FALSE,"0.25x",0.25,0.281998548475604,"NORTHERN FORESTS",-0.113752298704847,-0.236226785844006,1,88,17,27,11
15,"1x",700,FALSE,"0.25x",0.25,0.281998548475604,"NORTHWESTERN FORESTED MOUNTAINS",-0.0717091453070246,-0.275833290538956,1,88,16,27,8
15,"1x",700,FALSE,"0.25x",0.25,0.281998548475604,"WATER",-0.0151188235439027,-0.300892626868607,1,82,21,27,4
16,"1x",700,FALSE,"0.25x",0.25,0.37627544453517,"EASTERN TEMPERATE FORESTS",-0.223513294633766,0.0622605086909382,1,88,9,27,1
16,"1x",700,FALSE,"0.25x",0.25,0.37627544453517,"GREAT PLAINS",-0.0614693032427733,0.142654841989158,1,88,23,27,14
16,"1x",700,FALSE,"0.25x",0.25,0.37627544453517,"MARINE WEST COAST FOREST",0.0556282194981108,0.17810270663727,1,88,16,27,147
16,"1x",700,FALSE,"0.25x",0.25,0.37627544453517,"MEDITERRANEAN CALIFORNIA",0.166839543643146,0.207664372689532,1,88,73,27,61
16,"1x",700,FALSE,"0.25x",0.25,0.37627544453517,"NORTH AMERICAN DESERTS",0.0275511033896635,-0.0132737256567228,1,88,45,27,8
16,"1x",700,FALSE,"0.25x",0.25,0.37627544453517,"NORTHERN FORESTS",-0.0321686051451344,-0.154643092284293,1,88,4,27,10
16,"1x",700,FALSE,"0.25x",0.25,0.37627544453517,"NORTHWESTERN FORESTED MOUNTAINS",-0.195025099416688,-0.399149244648619,1,88,11,27,9
16,"1x",700,FALSE,"0.25x",0.25,0.37627544453517,"WATER",0.154434903298846,-0.131338900025858,1,82,20,27,6
17,"1x",700,FALSE,"0.25x",0.25,0.297305758576106,"EASTERN TEMPERATE FORESTS",-0.188339804332306,0.0974339989923982,1,88,13,27,7
17,"1x",700,FALSE,"0.25x",0.25,0.297305758576106,"GREAT PLAINS",-0.0840606730185818,0.12006347221335,1,88,13,27,16
17,"1x",700,FALSE,"0.25x",0.25,0.297305758576106,"MARINE WEST COAST FOREST",0.00782227237541145,0.13029675951457,1,88,15,27,99
17,"1x",700,FALSE,"0.25x",0.25,0.297305758576106,"MEDITERRANEAN CALIFORNIA",0.0444109453746639,0.0852357744210502,1,88,65,27,64
17,"1x",700,FALSE,"0.25x",0.25,0.297305758576106,"NORTH AMERICAN DESERTS",-0.0159116222059364,-0.0567364512523227,1,88,55,27,4
17,"1x",700,FALSE,"0.25x",0.25,0.297305758576106,"NORTHERN FORESTS",-0.12055406243013,-0.243028549569289,1,88,24,27,2
17,"1x",700,FALSE,"0.25x",0.25,0.297305758576106,"NORTHWESTERN FORESTED MOUNTAINS",-0.12167856017415,-0.325802705406081,1,88,20,27,7
17,"1x",700,FALSE,"0.25x",0.25,0.297305758576106,"WATER",0.162392398414036,-0.123381404910668,1,82,13,27,11
18,"1x",700,FALSE,"0.25x",0.25,0.263321890193747,"EASTERN TEMPERATE FORESTS",0.00228556797368234,0.288059371298386,1,88,14,27,5
18,"1x",700,FALSE,"0.25x",0.25,0.263321890193747,"GREAT PLAINS",0.0957278315212816,0.299851976753213,1,88,18,27,17
18,"1x",700,FALSE,"0.25x",0.25,0.263321890193747,"MARINE WEST COAST FOREST",0.012696888880546,0.135171376019705,1,88,14,27,105
18,"1x",700,FALSE,"0.25x",0.25,0.263321890193747,"MEDITERRANEAN CALIFORNIA",0.0601589399156521,0.100983768962038,1,88,64,27,50
18,"1x",700,FALSE,"0.25x",0.25,0.263321890193747,"NORTH AMERICAN DESERTS",-0.0671150987363962,-0.107939927782782,1,88,55,27,2
18,"1x",700,FALSE,"0.25x",0.25,0.263321890193747,"NORTHERN FORESTS",0.0220747800321747,-0.100399707106984,1,88,18,27,11
18,"1x",700,FALSE,"0.25x",0.25,0.263321890193747,"NORTHWESTERN FORESTED MOUNTAINS",-0.0706429038142693,-0.274767049046201,1,88,10,27,9
18,"1x",700,FALSE,"0.25x",0.25,0.263321890193747,"WATER",0.0716846821463423,-0.214089121178362,1,82,23,27,7
19,"1x",700,FALSE,"0.25x",0.25,0.374425954493492,"EASTERN TEMPERATE FORESTS",-0.133030211838552,0.152743591486152,1,88,7,27,10
19,"1x",700,FALSE,"0.25x",0.25,0.374425954493492,"GREAT PLAINS",-0.00930763092501102,0.19481651430692,1,88,21,27,20
19,"1x",700,FALSE,"0.25x",0.25,0.374425954493492,"MARINE WEST COAST FOREST",0.020438519894168,0.142913007033327,1,88,27,27,89
19,"1x",700,FALSE,"0.25x",0.25,0.374425954493492,"MEDITERRANEAN CALIFORNIA",0.371428482228196,0.412253311274583,1,88,87,27,67
19,"1x",700,FALSE,"0.25x",0.25,0.374425954493492,"NORTH AMERICAN DESERTS",-0.0942510682308663,-0.135075897277253,1,88,48,27,2
19,"1x",700,FALSE,"0.25x",0.25,0.374425954493492,"NORTHERN FORESTS",-0.0512083937394603,-0.173682880878619,1,88,28,27,10
19,"1x",700,FALSE,"0.25x",0.25,0.374425954493492,"NORTHWESTERN FORESTED MOUNTAINS",-0.0901339864510073,-0.294258131682939,1,88,8,27,12
19,"1x",700,FALSE,"0.25x",0.25,0.374425954493492,"WATER",-0.0607482013400221,-0.346522004664726,1,82,27,27,10
20,"1x",700,FALSE,"0.25x",0.25,0.585905514937804,"EASTERN TEMPERATE FORESTS",-0.839380146197769,-0.553606342873065,1,88,20,27,2
20,"1x",700,FALSE,"0.25x",0.25,0.585905514937804,"GREAT PLAINS",0.114748970531995,0.318873115763927,1,88,20,27,25
20,"1x",700,FALSE,"0.25x",0.25,0.585905514937804,"MARINE WEST COAST FOREST",-0.0101555042528349,0.112318982886324,1,88,21,27,112
20,"1x",700,FALSE,"0.25x",0.25,0.585905514937804,"MEDITERRANEAN CALIFORNIA",0.0686125479127995,0.109437376959186,1,88,66,27,65
20,"1x",700,FALSE,"0.25x",0.25,0.585905514937804,"NORTH AMERICAN DESERTS",0.358271777491048,0.317446948444661,1,88,41,27,11
20,"1x",700,FALSE,"0.25x",0.25,0.585905514937804,"NORTHERN FORESTS",0.0829181169421305,-0.0395563701970284,1,88,16,27,9
20,"1x",700,FALSE,"0.25x",0.25,0.585905514937804,"NORTHWESTERN FORESTED MOUNTAINS",0.0467206762544369,-0.157403468977495,1,88,10,27,14
20,"1x",700,FALSE,"0.25x",0.25,0.585905514937804,"WATER",0.553306264041719,0.267532460717015,1,82,17,27,14
21,"1x",700,FALSE,"0.25x",0.25,0.239531750377803,"EASTERN TEMPERATE FORESTS",0.012872143148314,0.298645946473018,1,88,11,27,5
21,"1x",700,FALSE,"0.25x",0.25,0.239531750377803,"GREAT PLAINS",0.0639378731735027,0.268062018405434,1,88,18,27,37
21,"1x",700,FALSE,"0.25x",0.25,0.239531750377803,"MARINE WEST COAST FOREST",-0.0920131179818397,0.0304613691573192,1,88,21,27,120
21,"1x",700,FALSE,"0.25x",0.25,0.239531750377803,"MEDITERRANEAN CALIFORNIA",0.0539740820667911,0.0947989111131774,1,88,49,27,54
21,"1x",700,FALSE,"0.25x",0.25,0.239531750377803,"NORTH AMERICAN DESERTS",-0.0794552772480704,-0.120280106294457,1,88,66,27,5
21,"1x",700,FALSE,"0.25x",0.25,0.239531750377803,"NORTHERN FORESTS",0.0510093561420203,-0.0714651309971386,1,88,15,27,8
21,"1x",700,FALSE,"0.25x",0.25,0.239531750377803,"NORTHWESTERN FORESTED MOUNTAINS",-0.0319407056789023,-0.236064850910834,1,88,9,27,8
21,"1x",700,FALSE,"0.25x",0.25,0.239531750377803,"WATER",0.074841263727503,-0.210932539597201,1,82,19,27,8
22,"1x",700,FALSE,"0.25x",0.25,0.658902818942945,"EASTERN TEMPERATE FORESTS",-0.344781756626802,-0.0590079533020977,1,88,14,27,3
22,"1x",700,FALSE,"0.25x",0.25,0.658902818942945,"GREAT PLAINS",-0.129855533306024,0.0742686119259077,1,88,18,27,16
22,"1x",700,FALSE,"0.25x",0.25,0.658902818942945,"MARINE WEST COAST FOREST",0.593770103514874,0.716244590654033,0,88,17,27,126
22,"1x",700,FALSE,"0.25x",0.25,0.658902818942945,"MEDITERRANEAN CALIFORNIA",0.309084492778129,0.349909321824515,1,88,72,27,60
22,"1x",700,FALSE,"0.25x",0.25,0.658902818942945,"NORTH AMERICAN DESERTS",-0.112605387590547,-0.153430216636933,1,88,42,27,8
22,"1x",700,FALSE,"0.25x",0.25,0.658902818942945,"NORTHERN FORESTS",-0.282215711524817,-0.404690198663976,1,88,18,27,8
22,"1x",700,FALSE,"0.25x",0.25,0.658902818942945,"NORTHWESTERN FORESTED MOUNTAINS",-0.696405169336568,-0.900529314568499,1,88,10,27,4
22,"1x",700,FALSE,"0.25x",0.25,0.658902818942945,"WATER",0.232584400591566,-0.0531894027331385,1,82,17,27,9
23,"1x",700,FALSE,"0.25x",0.25,0.259552491170078,"EASTERN TEMPERATE FORESTS",-0.141762627128228,0.144011176196476,1,88,12,27,4
23,"1x",700,FALSE,"0.25x",0.25,0.259552491170078,"GREAT PLAINS",0.180986671688579,0.385110816920511,1,88,18,27,33
23,"1x",700,FALSE,"0.25x",0.25,0.259552491170078,"MARINE WEST COAST FOREST",-0.0347697128704316,0.0877047742687273,1,88,25,27,130
23,"1x",700,FALSE,"0.25x",0.25,0.259552491170078,"MEDITERRANEAN CALIFORNIA",0.0165079594998042,0.0573327885461905,1,88,58,27,47
23,"1x",700,FALSE,"0.25x",0.25,0.259552491170078,"NORTH AMERICAN DESERTS",-0.157060965340301,-0.197885794386687,1,88,45,27,3
23,"1x",700,FALSE,"0.25x",0.25,0.259552491170078,"NORTHERN FORESTS",0.071541581093054,-0.0509329060461049,1,88,20,27,8
23,"1x",700,FALSE,"0.25x",0.25,0.259552491170078,"NORTHWESTERN FORESTED MOUNTAINS",-0.0544849838846398,-0.258609129116571,1,88,13,27,13
23,"1x",700,FALSE,"0.25x",0.25,0.259552491170078,"WATER",0.0591576117533796,-0.226616191571325,1,82,18,27,6
24,"1x",700,FALSE,"0.25x",0.25,0.5966496144755,"EASTERN TEMPERATE FORESTS",-0.026364693246738,0.259409110077966,1,88,13,27,7
24,"1x",700,FALSE,"0.25x",0.25,0.5966496144755,"GREAT PLAINS",-0.145168133862982,0.0589560113689497,1,88,16,27,16
24,"1x",700,FALSE,"0.25x",0.25,0.5966496144755,"MARINE WEST COAST FOREST",0.0411561861778048,0.163630673316964,1,88,22,27,101
24,"1x",700,FALSE,"0.25x",0.25,0.5966496144755,"MEDITERRANEAN CALIFORNIA",-0.316538800438265,-0.275713971391879,1,88,64,27,49
24,"1x",700,FALSE,"0.25x",0.25,0.5966496144755,"NORTH AMERICAN DESERTS",0.415852745521226,0.37502791647484,1,88,48,27,8
24,"1x",700,FALSE,"0.25x",0.25,0.5966496144755,"NORTHERN FORESTS",0.232107052016629,0.10963256487747,1,88,17,27,9
24,"1x",700,FALSE,"0.25x",0.25,0.5966496144755,"NORTHWESTERN FORESTED MOUNTAINS",-0.255937175983545,-0.460061321215477,1,88,16,27,8
24,"1x",700,FALSE,"0.25x",0.25,0.5966496144755,"WATER",0.442227121856299,0.156453318531595,1,82,27,27,9
25,"1x",700,FALSE,"0.25x",0.25,0.288186877848744,"EASTERN TEMPERATE FORESTS",-0.0642606133210713,0.221513190003633,1,88,12,27,6
25,"1x",700,FALSE,"0.25x",0.25,0.288186877848744,"GREAT PLAINS",0.160422853283751,0.364546998515683,1,88,17,27,25
25,"1x",700,FALSE,"0.25x",0.25,0.288186877848744,"MARINE WEST COAST FOREST",-0.127969994309474,-0.00549550717031481,1,88,21,27,83
25,"1x",700,FALSE,"0.25x",0.25,0.288186877848744,"MEDITERRANEAN CALIFORNIA",0.156620776950171,0.197445605996558,1,88,66,27,53
25,"1x",700,FALSE,"0.25x",0.25,0.288186877848744,"NORTH AMERICAN DESERTS",-0.0700898860094333,-0.11091471505582,1,88,36,27,4
25,"1x",700,FALSE,"0.25x",0.25,0.288186877848744,"NORTHERN FORESTS",0.0316558739759234,-0.0908186131632355,1,88,17,27,12
25,"1x",700,FALSE,"0.25x",0.25,0.288186877848744,"NORTHWESTERN FORESTED MOUNTAINS",-0.103257251073159,-0.30738139630509,1,88,11,27,7
25,"1x",700,FALSE,"0.25x",0.25,0.288186877848744,"WATER",-0.0460459323797963,-0.3318197357045,1,82,27,27,6
26,"1x",700,FALSE,"0.25x",0.25,0.205168352575718,"EASTERN TEMPERATE FORESTS",-0.0824731304233484,0.203300672901356,1,88,25,27,4
26,"1x",700,FALSE,"0.25x",0.25,0.205168352575718,"GREAT PLAINS",0.0654366266588922,0.269560771890824,1,88,24,27,21
26,"1x",700,FALSE,"0.25x",0.25,0.205168352575718,"MARINE WEST COAST FOREST",-0.0523415332469646,0.0701329538921943,1,88,21,27,133
26,"1x",700,FALSE,"0.25x",0.25,0.205168352575718,"MEDITERRANEAN CALIFORNIA",-0.0883996159935433,-0.047574786947157,1,88,64,27,52
26,"1x",700,FALSE,"0.25x",0.25,0.205168352575718,"NORTH AMERICAN DESERTS",0.0134737268504654,-0.0273511021959209,1,88,50,27,7
26,"1x",700,FALSE,"0.25x",0.25,0.205168352575718,"NORTHERN FORESTS",0.0591498896806872,-0.0633245974584717,1,88,11,27,8
26,"1x",700,FALSE,"0.25x",0.25,0.205168352575718,"NORTHWESTERN FORESTED MOUNTAINS",0.0303110087179369,-0.173813136513995,1,88,27,27,9
26,"1x",700,FALSE,"0.25x",0.25,0.205168352575718,"WATER",0.120415093189108,-0.165358710135596,1,82,26,27,12
27,"1x",700,FALSE,"0.25x",0.25,0.354784527891225,"EASTERN TEMPERATE FORESTS",0.0256963669995443,0.311470170324248,1,88,12,27,7
27,"1x",700,FALSE,"0.25x",0.25,0.354784527891225,"GREAT PLAINS",-0.0573938536244147,0.146730291607517,1,88,29,27,19
27,"1x",700,FALSE,"0.25x",0.25,0.354784527891225,"MARINE WEST COAST FOREST",-0.204140020419873,-0.0816655332807137,1,88,16,27,121
27,"1x",700,FALSE,"0.25x",0.25,0.354784527891225,"MEDITERRANEAN CALIFORNIA",0.237887422062312,0.278712251108698,1,88,63,27,66
27,"1x",700,FALSE,"0.25x",0.25,0.354784527891225,"NORTH AMERICAN DESERTS",-0.154598676672763,-0.19542350571915,1,88,50,27,4
27,"1x",700,FALSE,"0.25x",0.25,0.354784527891225,"NORTHERN FORESTS",0.103795640661026,-0.0186788464781329,1,88,9,27,8
27,"1x",700,FALSE,"0.25x",0.25,0.354784527891225,"NORTHWESTERN FORESTED MOUNTAINS",-0.00929453870176939,-0.213418683933701,1,88,25,27,16
27,"1x",700,FALSE,"0.25x",0.25,0.354784527891225,"WATER",0.0268512823491995,-0.258922520975505,1,82,36,27,4
28,"1x",700,FALSE,"0.25x",0.25,0.324375370972518,"EASTERN TEMPERATE FORESTS",-0.104650202987782,0.181123600336922,1,88,22,27,4
28,"1x",700,FALSE,"0.25x",0.25,0.324375370972518,"GREAT PLAINS",0.100622413918253,0.304746559150184,1,88,20,27,19
28,"1x",700,FALSE,"0.25x",0.25,0.324375370972518,"MARINE WEST COAST FOREST",-0.00512612988889357,0.117348357250265,1,88,10,27,83
28,"1x",700,FALSE,"0.25x",0.25,0.324375370972518,"MEDITERRANEAN CALIFORNIA",0.0931874568849549,0.134012285931341,1,88,61,27,72
28,"1x",700,FALSE,"0.25x",0.25,0.324375370972518,"NORTH AMERICAN DESERTS",-0.0625101293894953,-0.103334958435882,1,88,38,27,2
28,"1x",700,FALSE,"0.25x",0.25,0.324375370972518,"NORTHERN FORESTS",0.182167622651807,0.0596931355126484,1,88,13,27,9
28,"1x",700,FALSE,"0.25x",0.25,0.324375370972518,"NORTHWESTERN FORESTED MOUNTAINS",-0.194146756886189,-0.398270902118121,1,88,30,27,4
28,"1x",700,FALSE,"0.25x",0.25,0.324375370972518,"WATER",-0.197106853777136,-0.48288065710184,1,82,19,27,6
29,"1x",700,FALSE,"0.25x",0.25,0.144322642926665,"EASTERN TEMPERATE FORESTS",-0.021823486414318,0.263950316910386,1,88,10,27,9
29,"1x",700,FALSE,"0.25x",0.25,0.144322642926665,"GREAT PLAINS",0.0154794410737979,0.219603586305729,1,88,22,27,24
29,"1x",700,FALSE,"0.25x",0.25,0.144322642926665,"MARINE WEST COAST FOREST",-0.0651628827240814,0.0573116044150775,1,88,18,27,93
29,"1x",700,FALSE,"0.25x",0.25,0.144322642926665,"MEDITERRANEAN CALIFORNIA",0.0181509836647747,0.058975812711161,1,88,79,27,54
29,"1x",700,FALSE,"0.25x",0.25,0.144322642926665,"NORTH AMERICAN DESERTS",-0.00381245612259292,-0.0446372851689792,1,88,35,27,4
29,"1x",700,FALSE,"0.25x",0.25,0.144322642926665,"NORTHERN FORESTS",0.0633129484617968,-0.0591615386773621,1,88,16,27,8
29,"1x",700,FALSE,"0.25x",0.25,0.144322642926665,"NORTHWESTERN FORESTED MOUNTAINS",-0.00630404507112349,-0.210428190303055,1,88,18,27,13
29,"1x",700,FALSE,"0.25x",0.25,0.144322642926665,"WATER",-0.0255312898269979,-0.311305093151702,0,82,15,27,3
30,"1x",700,FALSE,"0.25x",0.25,0.464311031604309,"EASTERN TEMPERATE FORESTS",-0.0368921647454887,0.248881638579215,1,88,9,27,6
30,"1x",700,FALSE,"0.25x",0.25,0.464311031604309,"GREAT PLAINS",0.104070225001286,0.308194370233218,1,88,14,27,32
30,"1x",700,FALSE,"0.25x",0.25,0.464311031604309,"MARINE WEST COAST FOREST",-0.27091836790953,-0.148443880770371,1,88,31,27,118
30,"1x",700,FALSE,"0.25x",0.25,0.464311031604309,"MEDITERRANEAN CALIFORNIA",-0.0902188491692751,-0.0493940201228888,1,88,69,27,60
30,"1x",700,FALSE,"0.25x",0.25,0.464311031604309,"NORTH AMERICAN DESERTS",-0.372151998558513,-0.412976827604899,1,88,54,27,3
30,"1x",700,FALSE,"0.25x",0.25,0.464311031604309,"NORTHERN FORESTS",0.407610628880462,0.285136141741303,1,88,9,27,12
30,"1x",700,FALSE,"0.25x",0.25,0.464311031604309,"NORTHWESTERN FORESTED MOUNTAINS",0.202873254503053,-0.00125089072887885,1,88,20,27,16
30,"1x",700,FALSE,"0.25x",0.25,0.464311031604309,"WATER",-0.151820838226623,-0.437594641551327,1,82,18,27,8
1,"1x",700,FALSE,"16x",16,0.15087684743592,"EASTERN TEMPERATE FORESTS",-0.0793888027171556,0.206385000607548,1,88,8,27,294
1,"1x",700,FALSE,"16x",16,0.15087684743592,"GREAT PLAINS",-0.00863019666216836,0.195493948569763,1,88,23,27,1431
1,"1x",700,FALSE,"16x",16,0.15087684743592,"MARINE WEST COAST FOREST",0.0157557569623826,0.138230244101542,1,88,20,27,7467
1,"1x",700,FALSE,"16x",16,0.15087684743592,"MEDITERRANEAN CALIFORNIA",-0.110135226912016,-0.0693103978656293,1,88,62,27,3758
1,"1x",700,FALSE,"16x",16,0.15087684743592,"NORTH AMERICAN DESERTS",-0.0987597954346133,-0.139584624481,1,88,50,27,340
1,"1x",700,FALSE,"16x",16,0.15087684743592,"NORTHERN FORESTS",0.0567521973369157,-0.0657222898022432,1,88,20,27,532
1,"1x",700,FALSE,"16x",16,0.15087684743592,"NORTHWESTERN FORESTED MOUNTAINS",0.0975031138742879,-0.106621031357644,1,88,11,27,622
1,"1x",700,FALSE,"16x",16,0.15087684743592,"WATER",0.0944135738565269,-0.191360229468177,1,82,21,27,448
2,"1x",700,FALSE,"16x",16,0.190642121773497,"EASTERN TEMPERATE FORESTS",-0.129038782634833,0.156735020689871,1,88,11,27,272
2,"1x",700,FALSE,"16x",16,0.190642121773497,"GREAT PLAINS",-0.0624400515466784,0.141684093685253,1,88,24,27,1333
2,"1x",700,FALSE,"16x",16,0.190642121773497,"MARINE WEST COAST FOREST",0.104128905985821,0.226603393124979,0,88,12,27,8458
2,"1x",700,FALSE,"16x",16,0.190642121773497,"MEDITERRANEAN CALIFORNIA",-0.03731787336168,0.0035069556847063,1,88,60,27,3022
2,"1x",700,FALSE,"16x",16,0.190642121773497,"NORTH AMERICAN DESERTS",-0.0741396305541507,-0.114964459600537,1,88,42,27,255
2,"1x",700,FALSE,"16x",16,0.190642121773497,"NORTHERN FORESTS",-0.00223827901443709,-0.124712766153596,1,88,27,27,782
2,"1x",700,FALSE,"16x",16,0.190642121773497,"NORTHWESTERN FORESTED MOUNTAINS",0.0445656533909728,-0.159558491840959,1,88,20,27,744
2,"1x",700,FALSE,"16x",16,0.190642121773497,"WATER",0.214412446990212,-0.0713613563344922,1,82,25,27,607
3,"1x",700,FALSE,"16x",16,0.0793282541297107,"EASTERN TEMPERATE FORESTS",-0.0211655666132071,0.264608236711497,0,88,4,27,239
3,"1x",700,FALSE,"16x",16,0.0793282541297107,"GREAT PLAINS",-0.00162358119315661,0.202500564038775,0,88,15,27,1283
3,"1x",700,FALSE,"16x",16,0.0793282541297107,"MARINE WEST COAST FOREST",-0.0312003761109336,0.0912741110282253,1,88,13,27,8363
3,"1x",700,FALSE,"16x",16,0.0793282541297107,"MEDITERRANEAN CALIFORNIA",0.00233224711591378,0.0431570761623001,1,88,61,27,4025
3,"1x",700,FALSE,"16x",16,0.0793282541297107,"NORTH AMERICAN DESERTS",-0.00586697683026703,-0.0466918058766533,1,88,50,27,345
3,"1x",700,FALSE,"16x",16,0.0793282541297107,"NORTHERN FORESTS",0.0275851494914708,-0.0948893376476881,1,88,12,27,709
3,"1x",700,FALSE,"16x",16,0.0793282541297107,"NORTHWESTERN FORESTED MOUNTAINS",-0.0122487054172256,-0.216372850649157,0,88,9,27,473
3,"1x",700,FALSE,"16x",16,0.0793282541297107,"WATER",0.0595804048663335,-0.226193398458371,1,82,17,27,413
4,"1x",700,FALSE,"16x",16,0.297986640119072,"EASTERN TEMPERATE FORESTS",-0.432630887277293,-0.146857083952589,1,88,8,27,292
4,"1x",700,FALSE,"16x",16,0.297986640119072,"GREAT PLAINS",-0.108852978320898,0.0952711669110336,1,88,12,27,1045
4,"1x",700,FALSE,"16x",16,0.297986640119072,"MARINE WEST COAST FOREST",-0.0224803689684119,0.099994118170747,1,88,11,27,8066
4,"1x",700,FALSE,"16x",16,0.297986640119072,"MEDITERRANEAN CALIFORNIA",-0.00933714739558893,0.0314876816507974,1,88,66,27,3689
4,"1x",700,FALSE,"16x",16,0.297986640119072,"NORTH AMERICAN DESERTS",-0.0252081790416054,-0.0660330080879917,1,88,43,27,272
4,"1x",700,FALSE,"16x",16,0.297986640119072,"NORTHERN FORESTS",0.0143164891746071,-0.108157997964552,1,88,8,27,728
4,"1x",700,FALSE,"16x",16,0.297986640119072,"NORTHWESTERN FORESTED MOUNTAINS",0.0458638582510411,-0.15826028698089,1,88,13,27,795
4,"1x",700,FALSE,"16x",16,0.297986640119072,"WATER",0.31331076508309,0.0275369617583858,1,82,17,27,553
5,"1x",700,FALSE,"16x",16,0.170256199260902,"EASTERN TEMPERATE FORESTS",0.03406179706348,0.319835600388184,0,88,12,27,320
5,"1x",700,FALSE,"16x",16,0.170256199260902,"GREAT PLAINS",0.0410178981438341,0.245142043375766,1,88,7,27,1003
5,"1x",700,FALSE,"16x",16,0.170256199260902,"MARINE WEST COAST FOREST",-0.208972054594961,-0.0864975674558022,1,88,21,27,6087
5,"1x",700,FALSE,"16x",16,0.170256199260902,"MEDITERRANEAN CALIFORNIA",-0.10560999426612,-0.0647851652197341,1,88,70,27,3599
5,"1x",700,FALSE,"16x",16,0.170256199260902,"NORTH AMERICAN DESERTS",0.0989241860166533,0.058099356970267,1,88,52,27,252
5,"1x",700,FALSE,"16x",16,0.170256199260902,"NORTHERN FORESTS",-0.00132772565194044,-0.123802212791099,1,88,28,27,814
5,"1x",700,FALSE,"16x",16,0.170256199260902,"NORTHWESTERN FORESTED MOUNTAINS",0.0282478249172648,-0.175876320314667,1,88,16,27,752
5,"1x",700,FALSE,"16x",16,0.170256199260902,"WATER",0.0483915273719084,-0.237382275952796,1,82,20,27,425
6,"1x",700,FALSE,"16x",16,0.222624520916954,"EASTERN TEMPERATE FORESTS",-0.154650963948533,0.131122839376171,1,88,16,27,301
6,"1x",700,FALSE,"16x",16,0.222624520916954,"GREAT PLAINS",-0.257741799941412,-0.0536176547094802,1,88,12,27,1637
6,"1x",700,FALSE,"16x",16,0.222624520916954,"MARINE WEST COAST FOREST",-0.0464472707120069,0.076027216427152,1,88,15,27,6292
6,"1x",700,FALSE,"16x",16,0.222624520916954,"MEDITERRANEAN CALIFORNIA",-0.0666839905552384,-0.0258591615088521,1,88,60,27,3176
6,"1x",700,FALSE,"16x",16,0.222624520916954,"NORTH AMERICAN DESERTS",0.0456657902759818,0.00484096122959545,1,88,48,27,383
6,"1x",700,FALSE,"16x",16,0.222624520916954,"NORTHERN FORESTS",0.141012866818225,0.0185383796790659,1,88,9,27,564
6,"1x",700,FALSE,"16x",16,0.222624520916954,"NORTHWESTERN FORESTED MOUNTAINS",0.120077673252309,-0.084046471979623,1,88,12,27,723
6,"1x",700,FALSE,"16x",16,0.222624520916954,"WATER",0.113477860189529,-0.172295943135175,1,82,27,27,465
7,"1x",700,FALSE,"16x",16,0.190739709521062,"EASTERN TEMPERATE FORESTS",-0.129512479106651,0.156261324218053,1,88,13,27,271
7,"1x",700,FALSE,"16x",16,0.190739709521062,"GREAT PLAINS",0.0502254994713907,0.254349644703322,1,88,12,27,1131
7,"1x",700,FALSE,"16x",16,0.190739709521062,"MARINE WEST COAST FOREST",-0.083941413311714,0.0385330738274449,1,88,22,27,7821
7,"1x",700,FALSE,"16x",16,0.190739709521062,"MEDITERRANEAN CALIFORNIA",-0.139525897703802,-0.0987010686574158,1,88,68,27,3024
7,"1x",700,FALSE,"16x",16,0.190739709521062,"NORTH AMERICAN DESERTS",-0.00213388434261605,-0.0429587133890024,1,88,43,27,310
7,"1x",700,FALSE,"16x",16,0.190739709521062,"NORTHERN FORESTS",0.0763009779759218,-0.0461735091632371,1,88,15,27,807
7,"1x",700,FALSE,"16x",16,0.190739709521062,"NORTHWESTERN FORESTED MOUNTAINS",0.129927091242,-0.0741970539899312,1,88,16,27,559
7,"1x",700,FALSE,"16x",16,0.190739709521062,"WATER",0.06425633100836,-0.221517472316344,1,82,14,27,496
8,"1x",700,FALSE,"16x",16,0.0613674735354076,"EASTERN TEMPERATE FORESTS",-0.0136156094750831,0.272158193849621,0,88,10,27,277
8,"1x",700,FALSE,"16x",16,0.0613674735354076,"GREAT PLAINS",-0.0155986016987485,0.188525543533183,0,88,9,27,1551
8,"1x",700,FALSE,"16x",16,0.0613674735354076,"MARINE WEST COAST FOREST",-0.0132134093118769,0.109261077827282,1,88,24,27,4841
8,"1x",700,FALSE,"16x",16,0.0613674735354076,"MEDITERRANEAN CALIFORNIA",-0.00491460401271073,0.0359102250336756,1,88,68,27,3953
8,"1x",700,FALSE,"16x",16,0.0613674735354076,"NORTH AMERICAN DESERTS",0.00129177321969231,-0.039533055826694,1,88,41,27,304
8,"1x",700,FALSE,"16x",16,0.0613674735354076,"NORTHERN FORESTS",0.0155811412944005,-0.106893345844758,1,88,9,27,615
8,"1x",700,FALSE,"16x",16,0.0613674735354076,"NORTHWESTERN FORESTED MOUNTAINS",-0.00738123328465131,-0.211505378516583,0,88,19,27,420
8,"1x",700,FALSE,"16x",16,0.0613674735354076,"WATER",0.0213976402007574,-0.264376163123947,0,82,27,27,452
9,"1x",700,FALSE,"16x",16,0.701882703819555,"EASTERN TEMPERATE FORESTS",0.588870335031448,0.874644138356152,1,88,11,27,232
9,"1x",700,FALSE,"16x",16,0.701882703819555,"GREAT PLAINS",1.16497675088615,1.36910089611808,0,88,17,27,1137
9,"1x",700,FALSE,"16x",16,0.701882703819555,"MARINE WEST COAST FOREST",-0.223981868762286,-0.101507381623128,1,88,16,27,8276
9,"1x",700,FALSE,"16x",16,0.701882703819555,"MEDITERRANEAN CALIFORNIA",0.089677561227164,0.13050239027355,1,88,56,27,3669
9,"1x",700,FALSE,"16x",16,0.701882703819555,"NORTH AMERICAN DESERTS",0.0491892940282644,0.00836446498187809,1,88,34,27,345
9,"1x",700,FALSE,"16x",16,0.701882703819555,"NORTHERN FORESTS",-0.207942169445508,-0.330416656584667,1,88,21,27,608
9,"1x",700,FALSE,"16x",16,0.701882703819555,"NORTHWESTERN FORESTED MOUNTAINS",-0.17418997849788,-0.378314123729812,1,88,19,27,578
9,"1x",700,FALSE,"16x",16,0.701882703819555,"WATER",-0.546315082290551,-0.832088885615255,0,82,27,27,391
10,"1x",700,FALSE,"16x",16,0.434776630071661,"EASTERN TEMPERATE FORESTS",0.285840286426938,0.571614089751642,1,88,15,27,259
10,"1x",700,FALSE,"16x",16,0.434776630071661,"GREAT PLAINS",0.294940504632732,0.499064649864663,1,88,22,27,1080
10,"1x",700,FALSE,"16x",16,0.434776630071661,"MARINE WEST COAST FOREST",-0.0202458049354031,0.102228682203756,1,88,27,27,6721
10,"1x",700,FALSE,"16x",16,0.434776630071661,"MEDITERRANEAN CALIFORNIA",0.0407598674059544,0.0815846964523408,1,88,62,27,4301
10,"1x",700,FALSE,"16x",16,0.434776630071661,"NORTH AMERICAN DESERTS",0.147261478155492,0.106436649109106,1,88,53,27,276
10,"1x",700,FALSE,"16x",16,0.434776630071661,"NORTHERN FORESTS",-0.28679007614802,-0.409264563287179,1,88,17,27,559
10,"1x",700,FALSE,"16x",16,0.434776630071661,"NORTHWESTERN FORESTED MOUNTAINS",-0.210138389676297,-0.414262534908229,1,88,8,27,493
10,"1x",700,FALSE,"16x",16,0.434776630071661,"WATER",-0.456765588633854,-0.742539391958558,0,82,23,27,445
11,"1x",700,FALSE,"16x",16,0.141945621870293,"EASTERN TEMPERATE FORESTS",-0.0606614650917046,0.225112338233,1,88,10,27,239
11,"1x",700,FALSE,"16x",16,0.141945621870293,"GREAT PLAINS",-0.0470852825988553,0.157038862633076,1,88,21,27,1033
11,"1x",700,FALSE,"16x",16,0.141945621870293,"MARINE WEST COAST FOREST",-0.0928671187303259,0.029607368408833,1,88,24,27,5740
11,"1x",700,FALSE,"16x",16,0.141945621870293,"MEDITERRANEAN CALIFORNIA",-0.077009626646078,-0.0361847975996917,1,88,56,27,3329
11,"1x",700,FALSE,"16x",16,0.141945621870293,"NORTH AMERICAN DESERTS",0.0287439395902905,-0.0120808894560958,1,88,51,27,324
11,"1x",700,FALSE,"16x",16,0.141945621870293,"NORTHERN FORESTS",0.102173368030092,-0.0203011191090668,1,88,13,27,695
11,"1x",700,FALSE,"16x",16,0.141945621870293,"NORTHWESTERN FORESTED MOUNTAINS",0.0322768795567335,-0.171847265675198,1,88,7,27,642
11,"1x",700,FALSE,"16x",16,0.141945621870293,"WATER",0.101676681305635,-0.184097122019069,1,82,23,27,495
12,"1x",700,FALSE,"16x",16,0.187386584758903,"EASTERN TEMPERATE FORESTS",-0.0751012664751047,0.210672536849599,1,88,17,27,229
12,"1x",700,FALSE,"16x",16,0.187386584758903,"GREAT PLAINS",-0.059893559663583,0.144230585568349,1,88,16,27,1228
12,"1x",700,FALSE,"16x",16,0.187386584758903,"MARINE WEST COAST FOREST",-0.0984214224781097,0.0240530646610492,1,88,17,27,8770
12,"1x",700,FALSE,"16x",16,0.187386584758903,"MEDITERRANEAN CALIFORNIA",-0.0406820010091746,0.000142828037211697,1,88,53,27,3166
12,"1x",700,FALSE,"16x",16,0.187386584758903,"NORTH AMERICAN DESERTS",0.0570193156247001,0.0161944865783138,1,88,61,27,343
12,"1x",700,FALSE,"16x",16,0.187386584758903,"NORTHERN FORESTS",0.159586382166343,0.0371118950271836,1,88,10,27,596
12,"1x",700,FALSE,"16x",16,0.187386584758903,"NORTHWESTERN FORESTED MOUNTAINS",-0.00561959854667838,-0.20974374377861,1,88,15,27,713
12,"1x",700,FALSE,"16x",16,0.187386584758903,"WATER",0.127195430984691,-0.158578372340013,1,82,40,27,520
13,"1x",700,FALSE,"16x",16,0.250840841341966,"EASTERN TEMPERATE FORESTS",0.00746600217951057,0.293239805504215,1,88,20,27,230
13,"1x",700,FALSE,"16x",16,0.250840841341966,"GREAT PLAINS",-0.0455466142736105,0.158577530958321,1,88,20,27,1620
13,"1x",700,FALSE,"16x",16,0.250840841341966,"MARINE WEST COAST FOREST",0.089280694244142,0.211755181383301,1,88,17,27,8191
13,"1x",700,FALSE,"16x",16,0.250840841341966,"MEDITERRANEAN CALIFORNIA",0.0128410837680399,0.0536659128144262,1,88,59,27,3404
13,"1x",700,FALSE,"16x",16,0.250840841341966,"NORTH AMERICAN DESERTS",0.297681736378326,0.25685690733194,1,88,50,27,259
13,"1x",700,FALSE,"16x",16,0.250840841341966,"NORTHERN FORESTS",-0.048124268922777,-0.170598756061936,1,88,11,27,474
13,"1x",700,FALSE,"16x",16,0.250840841341966,"NORTHWESTERN FORESTED MOUNTAINS",-0.0607238991530627,-0.264848044384994,1,88,13,27,587
13,"1x",700,FALSE,"16x",16,0.250840841341966,"WATER",-0.242749489320239,-0.528523292644943,0,82,17,27,529
14,"1x",700,FALSE,"16x",16,0.116317712234282,"EASTERN TEMPERATE FORESTS",-0.0513674480636539,0.23440635526105,1,88,17,27,311
14,"1x",700,FALSE,"16x",16,0.116317712234282,"GREAT PLAINS",0.0138969416112767,0.218021086843208,1,88,17,27,1543
14,"1x",700,FALSE,"16x",16,0.116317712234282,"MARINE WEST COAST FOREST",-0.0573618624802414,0.0651126246589175,1,88,24,27,5493
14,"1x",700,FALSE,"16x",16,0.116317712234282,"MEDITERRANEAN CALIFORNIA",0.00202878484467546,0.0428536138910618,1,88,70,27,4051
14,"1x",700,FALSE,"16x",16,0.116317712234282,"NORTH AMERICAN DESERTS",-0.00103829168279943,-0.0418631207291857,1,88,47,27,323
14,"1x",700,FALSE,"16x",16,0.116317712234282,"NORTHERN FORESTS",0.0421944223594976,-0.0802800647796612,1,88,14,27,796
14,"1x",700,FALSE,"16x",16,0.116317712234282,"NORTHWESTERN FORESTED MOUNTAINS",0.0699128520882965,-0.134211293143635,1,88,16,27,637
14,"1x",700,FALSE,"16x",16,0.116317712234282,"WATER",0.0198538458863367,-0.265919957438367,1,82,20,27,432
15,"1x",700,FALSE,"16x",16,0.133256459474292,"EASTERN TEMPERATE FORESTS",-0.0407273732862023,0.245046430038502,1,88,15,27,314
15,"1x",700,FALSE,"16x",16,0.133256459474292,"GREAT PLAINS",-0.0054170301251071,0.198707115106824,1,88,19,27,1413
15,"1x",700,FALSE,"16x",16,0.133256459474292,"MARINE WEST COAST FOREST",-0.058233296770898,0.0642411903682609,1,88,23,27,5841
15,"1x",700,FALSE,"16x",16,0.133256459474292,"MEDITERRANEAN CALIFORNIA",-0.0980859699943815,-0.0572611409479952,1,88,67,27,3727
15,"1x",700,FALSE,"16x",16,0.133256459474292,"NORTH AMERICAN DESERTS",-0.0614137498305539,-0.10223857887694,1,88,55,27,267
15,"1x",700,FALSE,"16x",16,0.133256459474292,"NORTHERN FORESTS",0.0709865328773136,-0.0514879542618453,1,88,15,27,503
15,"1x",700,FALSE,"16x",16,0.133256459474292,"NORTHWESTERN FORESTED MOUNTAINS",0.0441674501193043,-0.159956695112627,1,88,4,27,665
15,"1x",700,FALSE,"16x",16,0.133256459474292,"WATER",0.0735291540740499,-0.212244649250654,1,82,18,27,449
16,"1x",700,FALSE,"16x",16,0.0601291859763814,"EASTERN TEMPERATE FORESTS",0.0332675088832134,0.319041312207918,0,88,17,27,274
16,"1x",700,FALSE,"16x",16,0.0601291859763814,"GREAT PLAINS",0.03237336638265,0.236497511614582,0,88,20,27,1472
16,"1x",700,FALSE,"16x",16,0.0601291859763814,"MARINE WEST COAST FOREST",-0.00446507232176673,0.118009414817392,1,88,18,27,8479
16,"1x",700,FALSE,"16x",16,0.0601291859763814,"MEDITERRANEAN CALIFORNIA",-0.0121757233560245,0.0286491056903618,1,88,71,27,3314
16,"1x",700,FALSE,"16x",16,0.0601291859763814,"NORTH AMERICAN DESERTS",0.0108416018721877,-0.0299832271741986,1,88,55,27,310
16,"1x",700,FALSE,"16x",16,0.0601291859763814,"NORTHERN FORESTS",-9.72768546953352e-05,-0.122571763993854,1,88,18,27,665
16,"1x",700,FALSE,"16x",16,0.0601291859763814,"NORTHWESTERN FORESTED MOUNTAINS",0.00904676523068592,-0.195077380001246,0,88,15,27,629
16,"1x",700,FALSE,"16x",16,0.0601291859763814,"WATER",-0.0270829427189662,-0.31285674604367,0,82,15,27,467
17,"1x",700,FALSE,"16x",16,0.241951675804886,"EASTERN TEMPERATE FORESTS",-0.0815110044751278,0.204262798849576,1,88,12,27,309
17,"1x",700,FALSE,"16x",16,0.241951675804886,"GREAT PLAINS",-0.0368697418223219,0.16725440340961,1,88,19,27,1389
17,"1x",700,FALSE,"16x",16,0.241951675804886,"MARINE WEST COAST FOREST",-0.163660198730645,-0.0411857115914859,1,88,23,27,8207
17,"1x",700,FALSE,"16x",16,0.241951675804886,"MEDITERRANEAN CALIFORNIA",-0.191114821221058,-0.150289992174671,1,88,76,27,4072
17,"1x",700,FALSE,"16x",16,0.241951675804886,"NORTH AMERICAN DESERTS",0.0849206502926899,0.0440958212463036,1,88,41,27,529
17,"1x",700,FALSE,"16x",16,0.241951675804886,"NORTHERN FORESTS",-0.00948474433860596,-0.131959231477765,1,88,15,27,483
17,"1x",700,FALSE,"16x",16,0.241951675804886,"NORTHWESTERN FORESTED MOUNTAINS",0.145654978432723,-0.0584691667992089,1,88,10,27,653
17,"1x",700,FALSE,"16x",16,0.241951675804886,"WATER",0.173707065620959,-0.112066737703745,1,82,18,27,385
18,"1x",700,FALSE,"16x",16,0.26167630382233,"EASTERN TEMPERATE FORESTS",-0.0670732540548342,0.21870054926987,1,88,6,27,309
18,"1x",700,FALSE,"16x",16,0.26167630382233,"GREAT PLAINS",-0.160421235112492,0.0437029101194397,1,88,10,27,1520
18,"1x",700,FALSE,"16x",16,0.26167630382233,"MARINE WEST COAST FOREST",-0.117956508304333,0.00451797883482617,1,88,18,27,7330
18,"1x",700,FALSE,"16x",16,0.26167630382233,"MEDITERRANEAN CALIFORNIA",0.0257127533542294,0.0665375824006157,1,88,71,27,3986
18,"1x",700,FALSE,"16x",16,0.26167630382233,"NORTH AMERICAN DESERTS",-0.126045113378962,-0.166869942425348,1,88,44,27,292
18,"1x",700,FALSE,"16x",16,0.26167630382233,"NORTHERN FORESTS",0.229203056570397,0.106728569431238,1,88,16,27,472
18,"1x",700,FALSE,"16x",16,0.26167630382233,"NORTHWESTERN FORESTED MOUNTAINS",0.162529982618481,-0.0415941626134501,1,88,12,27,626
18,"1x",700,FALSE,"16x",16,0.26167630382233,"WATER",0.263919857000687,-0.0218539463240173,1,82,23,27,414
19,"1x",700,FALSE,"16x",16,0.232345498448943,"EASTERN TEMPERATE FORESTS",-0.00379837082575692,0.281975432498947,1,88,4,27,332
19,"1x",700,FALSE,"16x",16,0.232345498448943,"GREAT PLAINS",-0.154197056279609,0.0499270889523226,1,88,16,27,1254
19,"1x",700,FALSE,"16x",16,0.232345498448943,"MARINE WEST COAST FOREST",-0.12264947035477,-0.000174983215610727,1,88,28,27,8712
19,"1x",700,FALSE,"16x",16,0.232345498448943,"MEDITERRANEAN CALIFORNIA",-0.115073056899206,-0.0742482278528198,1,88,55,27,5020
19,"1x",700,FALSE,"16x",16,0.232345498448943,"NORTH AMERICAN DESERTS",-0.110911371546798,-0.151736200593184,1,88,46,27,210
19,"1x",700,FALSE,"16x",16,0.232345498448943,"NORTHERN FORESTS",0.0708538447407294,-0.0516206423984295,1,88,12,27,545
19,"1x",700,FALSE,"16x",16,0.232345498448943,"NORTHWESTERN FORESTED MOUNTAINS",0.150001962071112,-0.0541221831608197,1,88,11,27,725
19,"1x",700,FALSE,"16x",16,0.232345498448943,"WATER",0.261613202054718,-0.024160601269986,1,82,23,27,507
20,"1x",700,FALSE,"16x",16,0.239617114007492,"EASTERN TEMPERATE FORESTS",-0.255144300457398,0.0306295028673058,1,88,21,27,292
20,"1x",700,FALSE,"16x",16,0.239617114007492,"GREAT PLAINS",-0.157762603386421,0.0463615418455109,1,88,19,27,1101
20,"1x",700,FALSE,"16x",16,0.239617114007492,"MARINE WEST COAST FOREST",0.110938658603622,0.233413145742781,1,88,14,27,6802
20,"1x",700,FALSE,"16x",16,0.239617114007492,"MEDITERRANEAN CALIFORNIA",-0.0482684392978797,-0.00744361025149339,1,88,63,27,3211
20,"1x",700,FALSE,"16x",16,0.239617114007492,"NORTH AMERICAN DESERTS",0.0410197156674288,0.000194886621042473,1,88,36,27,348
20,"1x",700,FALSE,"16x",16,0.239617114007492,"NORTHERN FORESTS",-0.0182063414305343,-0.140680828569693,1,88,17,27,579
20,"1x",700,FALSE,"16x",16,0.239617114007492,"NORTHWESTERN FORESTED MOUNTAINS",0.0649265176349389,-0.139197627596993,1,88,12,27,600
20,"1x",700,FALSE,"16x",16,0.239617114007492,"WATER",0.193126308854669,-0.092647494470035,1,82,20,27,430
21,"1x",700,FALSE,"16x",16,0.140886531633289,"EASTERN TEMPERATE FORESTS",-0.0520577644250887,0.233716038899615,1,88,9,27,260
21,"1x",700,FALSE,"16x",16,0.140886531633289,"GREAT PLAINS",-0.0199657569440114,0.18415838828792,1,88,20,27,1812
21,"1x",700,FALSE,"16x",16,0.140886531633289,"MARINE WEST COAST FOREST",-0.0583659920780548,0.0641084950611041,1,88,15,27,5888
21,"1x",700,FALSE,"16x",16,0.140886531633289,"MEDITERRANEAN CALIFORNIA",-0.0745893958670974,-0.0337645668207111,1,88,64,27,3439
21,"1x",700,FALSE,"16x",16,0.140886531633289,"NORTH AMERICAN DESERTS",-0.0414477168221659,-0.0822725458685522,1,88,52,27,320
21,"1x",700,FALSE,"16x",16,0.140886531633289,"NORTHERN FORESTS",0.0798224384922703,-0.0426520486468886,1,88,12,27,501
21,"1x",700,FALSE,"16x",16,0.140886531633289,"NORTHWESTERN FORESTED MOUNTAINS",-0.0301863234347998,-0.234310468666731,0,88,11,27,702
21,"1x",700,FALSE,"16x",16,0.140886531633289,"WATER",0.0948273488625347,-0.190946454462169,1,82,21,27,507
22,"1x",700,FALSE,"16x",16,0.147502106037258,"EASTERN TEMPERATE FORESTS",-0.0705665066173064,0.215207296707398,1,88,15,27,237
22,"1x",700,FALSE,"16x",16,0.147502106037258,"GREAT PLAINS",-0.0898599483641237,0.114264196867808,1,88,25,27,1149
22,"1x",700,FALSE,"16x",16,0.147502106037258,"MARINE WEST COAST FOREST",-0.076302739322256,0.0461717478169029,1,88,13,27,5523
22,"1x",700,FALSE,"16x",16,0.147502106037258,"MEDITERRANEAN CALIFORNIA",0.0134850748156877,0.054309903862074,1,88,63,27,3622
22,"1x",700,FALSE,"16x",16,0.147502106037258,"NORTH AMERICAN DESERTS",0.0322504699421287,-0.00857435910425756,1,88,41,27,322
22,"1x",700,FALSE,"16x",16,0.147502106037258,"NORTHERN FORESTS",0.0122219465398654,-0.110252540599294,1,88,11,27,398
22,"1x",700,FALSE,"16x",16,0.147502106037258,"NORTHWESTERN FORESTED MOUNTAINS",0.0230128561985331,-0.181111289033398,1,88,4,27,580
22,"1x",700,FALSE,"16x",16,0.147502106037258,"WATER",0.128399782360054,-0.157374020964651,1,82,26,27,381
23,"1x",700,FALSE,"16x",16,0.236431948773043,"EASTERN TEMPERATE FORESTS",0.0224311858444188,0.308204989169123,1,88,13,27,269
23,"1x",700,FALSE,"16x",16,0.236431948773043,"GREAT PLAINS",-0.163809639522583,0.0403145057093487,1,88,23,27,1071
23,"1x",700,FALSE,"16x",16,0.236431948773043,"MARINE WEST COAST FOREST",-0.209823667602329,-0.08734918046317,1,88,22,27,8193
23,"1x",700,FALSE,"16x",16,0.236431948773043,"MEDITERRANEAN CALIFORNIA",-0.166300556411394,-0.125475727365008,1,88,74,27,4024
23,"1x",700,FALSE,"16x",16,0.236431948773043,"NORTH AMERICAN DESERTS",-0.0116105374675241,-0.0524353665139104,1,88,47,27,346
23,"1x",700,FALSE,"16x",16,0.236431948773043,"NORTHERN FORESTS",0.0435140669733013,-0.0789604201658575,1,88,13,27,573
23,"1x",700,FALSE,"16x",16,0.236431948773043,"NORTHWESTERN FORESTED MOUNTAINS",0.160464804373896,-0.0436593408580354,1,88,21,27,835
23,"1x",700,FALSE,"16x",16,0.236431948773043,"WATER",0.259438905228993,-0.0263348980957114,1,82,26,27,601
24,"1x",700,FALSE,"16x",16,0.261802822644418,"EASTERN TEMPERATE FORESTS",-0.0161261114417437,0.26964769188296,1,88,6,27,323
24,"1x",700,FALSE,"16x",16,0.261802822644418,"GREAT PLAINS",0.0020921740279533,0.206216319259885,1,88,17,27,1557
24,"1x",700,FALSE,"16x",16,0.261802822644418,"MARINE WEST COAST FOREST",-0.0388086705463728,0.0836658165927861,1,88,12,27,7952
24,"1x",700,FALSE,"16x",16,0.261802822644418,"MEDITERRANEAN CALIFORNIA",-0.171048427035176,-0.13022359798879,1,88,65,27,3375
24,"1x",700,FALSE,"16x",16,0.261802822644418,"NORTH AMERICAN DESERTS",0.000972789946404008,-0.0398520390999823,1,88,45,27,324
24,"1x",700,FALSE,"16x",16,0.261802822644418,"NORTHERN FORESTS",0.0144938966138874,-0.107980590525271,1,88,5,27,727
24,"1x",700,FALSE,"16x",16,0.261802822644418,"NORTHWESTERN FORESTED MOUNTAINS",-0.0225979164353495,-0.226722061667281,1,88,14,27,683
24,"1x",700,FALSE,"16x",16,0.261802822644418,"WATER",0.41238774228756,0.126613938962856,1,82,18,27,472
25,"1x",700,FALSE,"16x",16,0.252191139013319,"EASTERN TEMPERATE FORESTS",-0.157134295619852,0.128639507704852,1,88,10,27,348
25,"1x",700,FALSE,"16x",16,0.252191139013319,"GREAT PLAINS",-0.163086154367524,0.0410379908644077,1,88,12,27,1301
25,"1x",700,FALSE,"16x",16,0.252191139013319,"MARINE WEST COAST FOREST",-0.17363935483712,-0.051164867697961,1,88,18,27,6424
25,"1x",700,FALSE,"16x",16,0.252191139013319,"MEDITERRANEAN CALIFORNIA",0.14539562300905,0.186220452055436,1,88,85,27,3763
25,"1x",700,FALSE,"16x",16,0.252191139013319,"NORTH AMERICAN DESERTS",-0.0492995448938603,-0.0901243739402466,1,88,57,27,326
25,"1x",700,FALSE,"16x",16,0.252191139013319,"NORTHERN FORESTS",0.153375138115793,0.030900650976634,1,88,10,27,608
25,"1x",700,FALSE,"16x",16,0.252191139013319,"NORTHWESTERN FORESTED MOUNTAINS",0.0217217469229595,-0.182402398308972,1,88,8,27,609
25,"1x",700,FALSE,"16x",16,0.252191139013319,"WATER",0.286275333551051,0.000501530226346469,1,82,18,27,593
26,"1x",700,FALSE,"16x",16,0.0141881004477607,"EASTERN TEMPERATE FORESTS",-0.00153244384140168,0.284241359483302,0,88,16,27,246
26,"1x",700,FALSE,"16x",16,0.0141881004477607,"GREAT PLAINS",0.000223047117715087,0.204347192349647,0,88,16,27,1287
26,"1x",700,FALSE,"16x",16,0.0141881004477607,"MARINE WEST COAST FOREST",0.000996629492088277,0.123471116631247,0,88,19,27,4929
26,"1x",700,FALSE,"16x",16,0.0141881004477607,"MEDITERRANEAN CALIFORNIA",-0.000740843655611985,0.0400839853907743,0,88,79,27,3359
26,"1x",700,FALSE,"16x",16,0.0141881004477607,"NORTH AMERICAN DESERTS",0.000203556295397129,-0.0406212727509892,1,88,56,27,313
26,"1x",700,FALSE,"16x",16,0.0141881004477607,"NORTHERN FORESTS",0.0012128288230141,-0.121261658316145,0,88,21,27,483
26,"1x",700,FALSE,"16x",16,0.0141881004477607,"NORTHWESTERN FORESTED MOUNTAINS",-0.000696491977725877,-0.204820637209657,0,88,16,27,641
26,"1x",700,FALSE,"16x",16,0.0141881004477607,"WATER",0.00361141919837361,-0.282162384126331,0,82,15,27,297
27,"1x",700,FALSE,"16x",16,0.248320239200464,"EASTERN TEMPERATE FORESTS",-0.195232581419448,0.0905412219052563,1,88,16,27,385
27,"1x",700,FALSE,"16x",16,0.248320239200464,"GREAT PLAINS",-0.0179574038212907,0.186166741410641,1,88,15,27,1326
27,"1x",700,FALSE,"16x",16,0.248320239200464,"MARINE WEST COAST FOREST",-0.0184393193543894,0.10403516778477,1,88,12,27,5191
27,"1x",700,FALSE,"16x",16,0.248320239200464,"MEDITERRANEAN CALIFORNIA",-0.0719698641227259,-0.0311450350763396,1,88,72,27,3298
27,"1x",700,FALSE,"16x",16,0.248320239200464,"NORTH AMERICAN DESERTS",0.0177254953169069,-0.0230993337294794,1,88,60,27,285
27,"1x",700,FALSE,"16x",16,0.248320239200464,"NORTHERN FORESTS",0.102675234023376,-0.0197992531157826,1,88,14,27,574
27,"1x",700,FALSE,"16x",16,0.248320239200464,"NORTHWESTERN FORESTED MOUNTAINS",0.0542439753936396,-0.149880169838292,1,88,12,27,576
27,"1x",700,FALSE,"16x",16,0.248320239200464,"WATER",0.233640679445598,-0.0521331238791065,1,82,21,27,431
28,"1x",700,FALSE,"16x",16,0.465449944327311,"EASTERN TEMPERATE FORESTS",-0.389262057115342,-0.103488253790638,1,88,16,27,338
28,"1x",700,FALSE,"16x",16,0.465449944327311,"GREAT PLAINS",-0.31347990445453,-0.109355759222599,1,88,26,27,1046
28,"1x",700,FALSE,"16x",16,0.465449944327311,"MARINE WEST COAST FOREST",-0.227783470638213,-0.105308983499055,1,88,26,27,6403
28,"1x",700,FALSE,"16x",16,0.465449944327311,"MEDITERRANEAN CALIFORNIA",-0.042478270224013,-0.00165344117762671,1,88,73,27,3748
28,"1x",700,FALSE,"16x",16,0.465449944327311,"NORTH AMERICAN DESERTS",0.417047654845621,0.376222825799235,1,88,44,27,227
28,"1x",700,FALSE,"16x",16,0.465449944327311,"NORTHERN FORESTS",-0.0518986784181425,-0.174373165557301,1,88,13,27,483
28,"1x",700,FALSE,"16x",16,0.465449944327311,"NORTHWESTERN FORESTED MOUNTAINS",0.343103697892694,0.138979552660762,1,88,15,27,675
28,"1x",700,FALSE,"16x",16,0.465449944327311,"WATER",0.489863345070818,0.204089541746114,1,82,20,27,484
29,"1x",700,FALSE,"16x",16,0.132824986885708,"EASTERN TEMPERATE FORESTS",-0.00779764402340915,0.277976159301295,0,88,13,27,321
29,"1x",700,FALSE,"16x",16,0.132824986885708,"GREAT PLAINS",-0.00565768420467572,0.198466461027256,1,88,15,27,1482
29,"1x",700,FALSE,"16x",16,0.132824986885708,"MARINE WEST COAST FOREST",-0.0667564617692354,0.0557180253699235,1,88,24,27,6400
29,"1x",700,FALSE,"16x",16,0.132824986885708,"MEDITERRANEAN CALIFORNIA",0.0671209119577556,0.107945741004142,1,88,85,27,3507
29,"1x",700,FALSE,"16x",16,0.132824986885708,"NORTH AMERICAN DESERTS",-0.0194604502345868,-0.0602852792809731,1,88,57,27,557
29,"1x",700,FALSE,"16x",16,0.132824986885708,"NORTHERN FORESTS",-0.0427178726774519,-0.165192359816611,1,88,12,27,639
29,"1x",700,FALSE,"16x",16,0.132824986885708,"NORTHWESTERN FORESTED MOUNTAINS",0.00289301657161467,-0.201231128660317,1,88,12,27,702
29,"1x",700,FALSE,"16x",16,0.132824986885708,"WATER",0.103819290640412,-0.181954512684292,1,82,21,27,382
30,"1x",700,FALSE,"16x",16,0.28505645810725,"EASTERN TEMPERATE FORESTS",-0.0149492522179786,0.270824551106725,1,88,11,27,315
30,"1x",700,FALSE,"16x",16,0.28505645810725,"GREAT PLAINS",-0.382959425542184,-0.178835280310252,1,88,29,27,893
30,"1x",700,FALSE,"16x",16,0.28505645810725,"MARINE WEST COAST FOREST",-0.178749923805706,-0.0562754366665473,1,88,25,27,4148
30,"1x",700,FALSE,"16x",16,0.28505645810725,"MEDITERRANEAN CALIFORNIA",0.0334962903485785,0.0743211193949648,1,88,67,27,4707
30,"1x",700,FALSE,"16x",16,0.28505645810725,"NORTH AMERICAN DESERTS",0.118954733857721,0.0781299048113345,1,88,47,27,483
30,"1x",700,FALSE,"16x",16,0.28505645810725,"NORTHERN FORESTS",0.00891090679385362,-0.113563580345305,1,88,18,27,578
30,"1x",700,FALSE,"16x",16,0.28505645810725,"NORTHWESTERN FORESTED MOUNTAINS",0.125878416899606,-0.078245728332325,1,88,9,27,517
30,"1x",700,FALSE,"16x",16,0.28505645810725,"WATER",0.335722224852559,0.0499484215278549,1,82,23,27,461
1,"1x",700,FALSE,"1x",1,0.222731476264432,"EASTERN TEMPERATE FORESTS",-0.033768938441876,0.252004864882828,1,88,15,27,27
1,"1x",700,FALSE,"1x",1,0.222731476264432,"GREAT PLAINS",-0.0888129735012761,0.115311171730655,1,88,20,27,108
1,"1x",700,FALSE,"1x",1,0.222731476264432,"MARINE WEST COAST FOREST",-0.08715171670177,0.0353227704373889,1,88,16,27,428
1,"1x",700,FALSE,"1x",1,0.222731476264432,"MEDITERRANEAN CALIFORNIA",0.0765292661935327,0.117354095239919,1,88,68,27,231
1,"1x",700,FALSE,"1x",1,0.222731476264432,"NORTH AMERICAN DESERTS",0.0625671777443996,0.0217423486980133,1,88,48,27,40
1,"1x",700,FALSE,"1x",1,0.222731476264432,"NORTHERN FORESTS",0.0717246438072422,-0.0507498433319167,1,88,22,27,41
1,"1x",700,FALSE,"1x",1,0.222731476264432,"NORTHWESTERN FORESTED MOUNTAINS",-0.0544949016733634,-0.258619046905295,1,88,12,27,36
1,"1x",700,FALSE,"1x",1,0.222731476264432,"WATER",-0.0655262144403896,-0.351300017765094,1,82,18,27,26
2,"1x",700,FALSE,"1x",1,0.163406844057943,"EASTERN TEMPERATE FORESTS",0.0153131452856892,0.301086948610393,1,88,19,27,27
2,"1x",700,FALSE,"1x",1,0.163406844057943,"GREAT PLAINS",-0.0826734898100216,0.12145065542191,1,88,24,27,55
2,"1x",700,FALSE,"1x",1,0.163406844057943,"MARINE WEST COAST FOREST",-0.016918595040134,0.105555892099025,1,88,13,27,403
2,"1x",700,FALSE,"1x",1,0.163406844057943,"MEDITERRANEAN CALIFORNIA",-0.0243443537823284,0.0164804752640579,1,88,86,27,237
2,"1x",700,FALSE,"1x",1,0.163406844057943,"NORTH AMERICAN DESERTS",0.0142071805336165,-0.0266176485127698,1,88,55,27,17
2,"1x",700,FALSE,"1x",1,0.163406844057943,"NORTHERN FORESTS",-0.0286917492914299,-0.151166236430589,1,88,9,27,35
2,"1x",700,FALSE,"1x",1,0.163406844057943,"NORTHWESTERN FORESTED MOUNTAINS",-0.00583694392771301,-0.209961089159645,1,88,29,27,36
2,"1x",700,FALSE,"1x",1,0.163406844057943,"WATER",0.0946978152531804,-0.191075988071524,1,82,23,27,39
3,"1x",700,FALSE,"1x",1,0.116271209991671,"EASTERN TEMPERATE FORESTS",-0.0160671606620378,0.269706642662666,1,88,15,27,26
3,"1x",700,FALSE,"1x",1,0.116271209991671,"GREAT PLAINS",-0.0295855550226484,0.174538590209283,1,88,21,27,68
3,"1x",700,FALSE,"1x",1,0.116271209991671,"MARINE WEST COAST FOREST",-0.0200571983034176,0.102417288835741,1,88,16,27,396
3,"1x",700,FALSE,"1x",1,0.116271209991671,"MEDITERRANEAN CALIFORNIA",0.0390389116618128,0.0798637407081991,1,88,72,27,235
3,"1x",700,FALSE,"1x",1,0.116271209991671,"NORTH AMERICAN DESERTS",0.00701437973403376,-0.0338104493123525,1,88,45,27,23
3,"1x",700,FALSE,"1x",1,0.116271209991671,"NORTHERN FORESTS",-0.0670952741291974,-0.189569761268356,1,88,15,27,35
3,"1x",700,FALSE,"1x",1,0.116271209991671,"NORTHWESTERN FORESTED MOUNTAINS",0.0120363052934131,-0.192087839938518,1,88,23,27,28
3,"1x",700,FALSE,"1x",1,0.116271209991671,"WATER",0.00287529485079767,-0.282898508473906,1,82,32,27,21
4,"1x",700,FALSE,"1x",1,0.178237343388468,"EASTERN TEMPERATE FORESTS",-0.0106592161824885,0.275114587142216,1,88,17,27,17
4,"1x",700,FALSE,"1x",1,0.178237343388468,"GREAT PLAINS",-0.13636898549997,0.0677551597319616,1,88,20,27,70
4,"1x",700,FALSE,"1x",1,0.178237343388468,"MARINE WEST COAST FOREST",-0.0354104355923916,0.0870640515467673,1,88,18,27,328
4,"1x",700,FALSE,"1x",1,0.178237343388468,"MEDITERRANEAN CALIFORNIA",0.0240377162824211,0.0648625453288074,1,88,67,27,241
4,"1x",700,FALSE,"1x",1,0.178237343388468,"NORTH AMERICAN DESERTS",-0.0779093972435931,-0.118734226289979,1,88,46,27,33
4,"1x",700,FALSE,"1x",1,0.178237343388468,"NORTHERN FORESTS",-0.0446750817316618,-0.167149568870821,1,88,10,27,26
4,"1x",700,FALSE,"1x",1,0.178237343388468,"NORTHWESTERN FORESTED MOUNTAINS",-0.00400415244078213,-0.208128297672714,1,88,13,27,34
4,"1x",700,FALSE,"1x",1,0.178237343388468,"WATER",0.0324377741366249,-0.253336029188079,1,82,31,27,29
5,"1x",700,FALSE,"1x",1,0.171457177951391,"EASTERN TEMPERATE FORESTS",-0.0549395881471549,0.230834215177549,1,88,20,27,17
5,"1x",700,FALSE,"1x",1,0.171457177951391,"GREAT PLAINS",-0.0862996814018989,0.117824463830033,1,88,15,27,67
5,"1x",700,FALSE,"1x",1,0.171457177951391,"MARINE WEST COAST FOREST",-0.0125687616874825,0.109905725451676,1,88,21,27,573
5,"1x",700,FALSE,"1x",1,0.171457177951391,"MEDITERRANEAN CALIFORNIA",0.07477656140314,0.115601390449526,1,88,76,27,234
5,"1x",700,FALSE,"1x",1,0.171457177951391,"NORTH AMERICAN DESERTS",-0.0308819711494281,-0.0717068001958144,1,88,46,27,29
5,"1x",700,FALSE,"1x",1,0.171457177951391,"NORTHERN FORESTS",0.0373253826449326,-0.0851491044942263,1,88,13,27,42
5,"1x",700,FALSE,"1x",1,0.171457177951391,"NORTHWESTERN FORESTED MOUNTAINS",0.020246580900669,-0.183877564331262,1,88,12,27,50
5,"1x",700,FALSE,"1x",1,0.171457177951391,"WATER",0.00517579728469862,-0.280598006040006,1,82,32,27,24
6,"1x",700,FALSE,"1x",1,0.39317983715248,"EASTERN TEMPERATE FORESTS",-0.31423361284354,-0.028459809518836,1,88,11,27,18
6,"1x",700,FALSE,"1x",1,0.39317983715248,"GREAT PLAINS",0.116374183538128,0.32049832877006,1,88,15,27,120
6,"1x",700,FALSE,"1x",1,0.39317983715248,"MARINE WEST COAST FOREST",-0.0774762248329602,0.0449982623061987,1,88,20,27,515
6,"1x",700,FALSE,"1x",1,0.39317983715248,"MEDITERRANEAN CALIFORNIA",-0.114236027124231,-0.0734111980778445,1,88,61,27,208
6,"1x",700,FALSE,"1x",1,0.39317983715248,"NORTH AMERICAN DESERTS",-0.457088413121959,-0.497913242168345,1,88,68,27,9
6,"1x",700,FALSE,"1x",1,0.39317983715248,"NORTHERN FORESTS",0.22627808705179,0.103803599912631,1,88,20,27,39
6,"1x",700,FALSE,"1x",1,0.39317983715248,"NORTHWESTERN FORESTED MOUNTAINS",0.151476911277881,-0.0526472339540505,1,88,13,27,48
6,"1x",700,FALSE,"1x",1,0.39317983715248,"WATER",0.17864589524574,-0.107127908078965,1,82,31,27,32
7,"1x",700,FALSE,"1x",1,0.286993134334469,"EASTERN TEMPERATE FORESTS",-0.292791064818181,-0.00701726149347637,1,88,9,27,9
7,"1x",700,FALSE,"1x",1,0.286993134334469,"GREAT PLAINS",-0.0246576072267947,0.179466538005137,1,88,11,27,81
7,"1x",700,FALSE,"1x",1,0.286993134334469,"MARINE WEST COAST FOREST",0.0451483256785359,0.167622812817695,1,88,19,27,372
7,"1x",700,FALSE,"1x",1,0.286993134334469,"MEDITERRANEAN CALIFORNIA",0.225223630615214,0.2660484596616,1,88,74,27,256
7,"1x",700,FALSE,"1x",1,0.286993134334469,"NORTH AMERICAN DESERTS",0.101224586872005,0.0603997578256186,1,88,37,27,15
7,"1x",700,FALSE,"1x",1,0.286993134334469,"NORTHERN FORESTS",-0.111324881827908,-0.233799368967067,1,88,11,27,28
7,"1x",700,FALSE,"1x",1,0.286993134334469,"NORTHWESTERN FORESTED MOUNTAINS",-0.0910143364487616,-0.295138481680693,1,88,12,27,41
7,"1x",700,FALSE,"1x",1,0.286993134334469,"WATER",0.270017292752285,-0.0157565105724192,1,82,13,27,44
8,"1x",700,FALSE,"1x",1,0.149808073184382,"EASTERN TEMPERATE FORESTS",-0.0203207947946612,0.265453008530043,1,88,19,27,23
8,"1x",700,FALSE,"1x",1,0.149808073184382,"GREAT PLAINS",0.00347496579035664,0.207599111022288,1,88,11,27,85
8,"1x",700,FALSE,"1x",1,0.149808073184382,"MARINE WEST COAST FOREST",-0.0587904332215632,0.0636840539175957,1,88,27,27,340
8,"1x",700,FALSE,"1x",1,0.149808073184382,"MEDITERRANEAN CALIFORNIA",-0.012129554559861,0.0286952744865253,1,88,68,27,188
8,"1x",700,FALSE,"1x",1,0.149808073184382,"NORTH AMERICAN DESERTS",0.0373102054348851,-0.00351462361150123,1,88,38,27,17
8,"1x",700,FALSE,"1x",1,0.149808073184382,"NORTHERN FORESTS",0.0606906145783237,-0.0617838725608352,1,88,18,27,41
8,"1x",700,FALSE,"1x",1,0.149808073184382,"NORTHWESTERN FORESTED MOUNTAINS",-0.0584930665762208,-0.262617211808152,0,88,9,27,40
8,"1x",700,FALSE,"1x",1,0.149808073184382,"WATER",-0.00312119523755085,-0.288894998562255,1,82,25,27,35
9,"1x",700,FALSE,"1x",1,0.242643854752773,"EASTERN TEMPERATE FORESTS",-0.148428813557251,0.137344989767453,1,88,10,27,17
9,"1x",700,FALSE,"1x",1,0.242643854752773,"GREAT PLAINS",0.031043465776859,0.23516761100879,1,88,8,27,87
9,"1x",700,FALSE,"1x",1,0.242643854752773,"MARINE WEST COAST FOREST",-0.127080902433429,-0.00460641529427015,1,88,19,27,439
9,"1x",700,FALSE,"1x",1,0.242643854752773,"MEDITERRANEAN CALIFORNIA",0.0575009561840432,0.0983257852304295,1,88,56,27,202
9,"1x",700,FALSE,"1x",1,0.242643854752773,"NORTH AMERICAN DESERTS",-0.0698563830046717,-0.110681212051058,1,88,44,27,27
9,"1x",700,FALSE,"1x",1,0.242643854752773,"NORTHERN FORESTS",0.106853800508477,-0.0156206866306817,1,88,13,27,29
9,"1x",700,FALSE,"1x",1,0.242643854752773,"NORTHWESTERN FORESTED MOUNTAINS",0.0316111931282489,-0.172512952103683,1,88,24,27,41
9,"1x",700,FALSE,"1x",1,0.242643854752773,"WATER",-0.00698373948117488,-0.292757542805879,1,82,18,27,19
10,"1x",700,FALSE,"1x",1,0.259837678665933,"EASTERN TEMPERATE FORESTS",-0.0852652343065216,0.200508569018183,1,88,15,27,18
10,"1x",700,FALSE,"1x",1,0.259837678665933,"GREAT PLAINS",-0.0358640766511522,0.168260068580779,1,88,25,27,97
10,"1x",700,FALSE,"1x",1,0.259837678665933,"MARINE WEST COAST FOREST",-0.0835731417823834,0.0389013453567755,1,88,11,27,252
10,"1x",700,FALSE,"1x",1,0.259837678665933,"MEDITERRANEAN CALIFORNIA",-0.0922288362079652,-0.0514040071615788,1,88,67,27,252
10,"1x",700,FALSE,"1x",1,0.259837678665933,"NORTH AMERICAN DESERTS",0.017876931984915,-0.0229478970614713,1,88,34,27,19
10,"1x",700,FALSE,"1x",1,0.259837678665933,"NORTHERN FORESTS",0.130077866591728,0.00760337945256918,1,88,14,27,29
10,"1x",700,FALSE,"1x",1,0.259837678665933,"NORTHWESTERN FORESTED MOUNTAINS",0.152372701307295,-0.0517514439246362,1,88,8,27,44
10,"1x",700,FALSE,"1x",1,0.259837678665933,"WATER",-0.11783958656896,-0.403613389893664,1,82,20,27,33
11,"1x",700,FALSE,"1x",1,0.216996803845627,"EASTERN TEMPERATE FORESTS",0.00582589982292436,0.291599703147629,1,88,5,27,18
11,"1x",700,FALSE,"1x",1,0.216996803845627,"GREAT PLAINS",-0.0430068079994377,0.161117337232494,1,88,21,27,97
11,"1x",700,FALSE,"1x",1,0.216996803845627,"MARINE WEST COAST FOREST",-0.0471355188739215,0.0753389682652374,1,88,21,27,466
11,"1x",700,FALSE,"1x",1,0.216996803845627,"MEDITERRANEAN CALIFORNIA",0.0888708937604694,0.129695722806856,1,88,76,27,269
11,"1x",700,FALSE,"1x",1,0.216996803845627,"NORTH AMERICAN DESERTS",-0.0924116396545841,-0.13323646870097,1,88,46,27,27
11,"1x",700,FALSE,"1x",1,0.216996803845627,"NORTHERN FORESTS",0.110370032858449,-0.0121044542807097,1,88,17,27,42
11,"1x",700,FALSE,"1x",1,0.216996803845627,"NORTHWESTERN FORESTED MOUNTAINS",-0.12284144342553,-0.326965588657461,1,88,15,27,39
11,"1x",700,FALSE,"1x",1,0.216996803845627,"WATER",0.0805338221101574,-0.205239981214547,1,82,25,27,43
12,"1x",700,FALSE,"1x",1,0.496551765922785,"EASTERN TEMPERATE FORESTS",-0.213253337343991,0.0725204659807133,1,88,10,27,18
12,"1x",700,FALSE,"1x",1,0.496551765922785,"GREAT PLAINS",0.311718308491361,0.515842453723292,1,88,18,27,109
12,"1x",700,FALSE,"1x",1,0.496551765922785,"MARINE WEST COAST FOREST",-0.0964255666643438,0.0260489204748151,1,88,14,27,377
12,"1x",700,FALSE,"1x",1,0.496551765922785,"MEDITERRANEAN CALIFORNIA",-0.187356685848644,-0.146531856802258,1,88,79,27,221
12,"1x",700,FALSE,"1x",1,0.496551765922785,"NORTH AMERICAN DESERTS",0.0844139187139929,0.0435890896676066,1,88,39,27,18
12,"1x",700,FALSE,"1x",1,0.496551765922785,"NORTHERN FORESTS",0.347944633760798,0.22547014662164,1,88,19,27,49
12,"1x",700,FALSE,"1x",1,0.496551765922785,"NORTHWESTERN FORESTED MOUNTAINS",-0.44115688951155,-0.645281034743481,1,88,14,27,36
12,"1x",700,FALSE,"1x",1,0.496551765922785,"WATER",0.32251423513142,0.0367404318067162,1,82,18,27,47
13,"1x",700,FALSE,"1x",1,0.224558857605603,"EASTERN TEMPERATE FORESTS",-0.180561840400461,0.105211962924244,1,88,13,27,16
13,"1x",700,FALSE,"1x",1,0.224558857605603,"GREAT PLAINS",-0.0240913995879132,0.180032745644018,1,88,16,27,96
13,"1x",700,FALSE,"1x",1,0.224558857605603,"MARINE WEST COAST FOREST",0.125614955381495,0.248089442520654,1,88,26,27,468
13,"1x",700,FALSE,"1x",1,0.224558857605603,"MEDITERRANEAN CALIFORNIA",0.0343152553829936,0.0751400844293799,1,88,84,27,241
13,"1x",700,FALSE,"1x",1,0.224558857605603,"NORTH AMERICAN DESERTS",-0.0575110076791389,-0.0983358367255252,1,88,49,27,23
13,"1x",700,FALSE,"1x",1,0.224558857605603,"NORTHERN FORESTS",0.0459082808744582,-0.0765662062647007,1,88,21,27,47
13,"1x",700,FALSE,"1x",1,0.224558857605603,"NORTHWESTERN FORESTED MOUNTAINS",-0.00466389561648935,-0.208788040848421,1,88,20,27,50
13,"1x",700,FALSE,"1x",1,0.224558857605603,"WATER",0.069343850398384,-0.21642995292632,1,82,31,27,34
14,"1x",700,FALSE,"1x",1,0.201824664755377,"EASTERN TEMPERATE FORESTS",-0.00267752147742736,0.283096281847277,1,88,7,27,16
14,"1x",700,FALSE,"1x",1,0.201824664755377,"GREAT PLAINS",-0.144657644002873,0.0594665012290585,1,88,13,27,89
14,"1x",700,FALSE,"1x",1,0.201824664755377,"MARINE WEST COAST FOREST",-0.0918570595509288,0.0306174275882301,1,88,27,27,474
14,"1x",700,FALSE,"1x",1,0.201824664755377,"MEDITERRANEAN CALIFORNIA",0.0772286522754735,0.11805348132186,1,88,64,27,275
14,"1x",700,FALSE,"1x",1,0.201824664755377,"NORTH AMERICAN DESERTS",0.0662790301968964,0.0254542011505101,1,88,42,27,23
14,"1x",700,FALSE,"1x",1,0.201824664755377,"NORTHERN FORESTS",0.0666756824586051,-0.0557988046805538,1,88,15,27,34
14,"1x",700,FALSE,"1x",1,0.201824664755377,"NORTHWESTERN FORESTED MOUNTAINS",0.0460814085834717,-0.15804273664846,1,88,23,27,35
14,"1x",700,FALSE,"1x",1,0.201824664755377,"WATER",0.0350551190014034,-0.250718684323301,1,82,29,27,33
15,"1x",700,FALSE,"1x",1,0.363647441399416,"EASTERN TEMPERATE FORESTS",-0.221244248293964,0.0645295550307406,1,88,8,27,10
15,"1x",700,FALSE,"1x",1,0.363647441399416,"GREAT PLAINS",-0.190335303100594,0.0137888421313376,1,88,18,27,74
15,"1x",700,FALSE,"1x",1,0.363647441399416,"MARINE WEST COAST FOREST",-0.142662451953504,-0.020187964814345,1,88,17,27,325
15,"1x",700,FALSE,"1x",1,0.363647441399416,"MEDITERRANEAN CALIFORNIA",-0.100783084113256,-0.0599582550668697,1,88,64,27,196
15,"1x",700,FALSE,"1x",1,0.363647441399416,"NORTH AMERICAN DESERTS",-0.293953970375265,-0.334778799421652,1,88,55,27,17
15,"1x",700,FALSE,"1x",1,0.363647441399416,"NORTHERN FORESTS",0.235466704601608,0.112992217462449,1,88,16,27,33
15,"1x",700,FALSE,"1x",1,0.363647441399416,"NORTHWESTERN FORESTED MOUNTAINS",0.084895417254365,-0.119228727977566,1,88,20,27,50
15,"1x",700,FALSE,"1x",1,0.363647441399416,"WATER",0.325956403080436,0.0401825997557324,1,82,34,27,42
16,"1x",700,FALSE,"1x",1,0.383469141726881,"EASTERN TEMPERATE FORESTS",-0.189120103273321,0.0966537000513831,1,88,14,27,14
16,"1x",700,FALSE,"1x",1,0.383469141726881,"GREAT PLAINS",-0.0420295804754709,0.162094564756461,1,88,12,27,88
16,"1x",700,FALSE,"1x",1,0.383469141726881,"MARINE WEST COAST FOREST",-0.265993668066844,-0.143519180927685,1,88,32,27,382
16,"1x",700,FALSE,"1x",1,0.383469141726881,"MEDITERRANEAN CALIFORNIA",0.0315644240787575,0.0723892531251438,1,88,67,27,305
16,"1x",700,FALSE,"1x",1,0.383469141726881,"NORTH AMERICAN DESERTS",0.100915300657594,0.0600904716112073,1,88,53,27,41
16,"1x",700,FALSE,"1x",1,0.383469141726881,"NORTHERN FORESTS",0.162450550509562,0.0399760633704026,1,88,2,27,31
16,"1x",700,FALSE,"1x",1,0.383469141726881,"NORTHWESTERN FORESTED MOUNTAINS",-0.234862714176447,-0.438986859408378,1,88,24,27,39
16,"1x",700,FALSE,"1x",1,0.383469141726881,"WATER",0.471895188246353,0.186121384921649,1,82,18,27,35
17,"1x",700,FALSE,"1x",1,0.256630034433362,"EASTERN TEMPERATE FORESTS",-0.0902350601146582,0.195538743210046,1,88,10,27,18
17,"1x",700,FALSE,"1x",1,0.256630034433362,"GREAT PLAINS",-0.0928678720561084,0.111256273175823,1,88,22,27,72
17,"1x",700,FALSE,"1x",1,0.256630034433362,"MARINE WEST COAST FOREST",-0.0374707633686143,0.0850037237705446,1,88,27,27,505
17,"1x",700,FALSE,"1x",1,0.256630034433362,"MEDITERRANEAN CALIFORNIA",0.0116008052239725,0.0524256342703588,1,88,70,27,289
17,"1x",700,FALSE,"1x",1,0.256630034433362,"NORTH AMERICAN DESERTS",-0.121031559681282,-0.161856388727668,1,88,52,27,34
17,"1x",700,FALSE,"1x",1,0.256630034433362,"NORTHERN FORESTS",0.254643875569111,0.132169388429952,1,88,17,27,49
17,"1x",700,FALSE,"1x",1,0.256630034433362,"NORTHWESTERN FORESTED MOUNTAINS",-0.0710813087939854,-0.275205454025917,1,88,20,27,52
17,"1x",700,FALSE,"1x",1,0.256630034433362,"WATER",0.0989464577114142,-0.18682734561329,1,82,24,27,32
18,"1x",700,FALSE,"1x",1,0.276725827770572,"EASTERN TEMPERATE FORESTS",-0.11586741742023,0.169906385904475,1,88,9,27,18
18,"1x",700,FALSE,"1x",1,0.276725827770572,"GREAT PLAINS",0.0802582221899521,0.284382367421884,1,88,12,27,87
18,"1x",700,FALSE,"1x",1,0.276725827770572,"MARINE WEST COAST FOREST",-0.0442860805382738,0.0781884066008851,1,88,17,27,358
18,"1x",700,FALSE,"1x",1,0.276725827770572,"MEDITERRANEAN CALIFORNIA",0.082095175022097,0.122920004068483,1,88,67,27,288
18,"1x",700,FALSE,"1x",1,0.276725827770572,"NORTH AMERICAN DESERTS",-0.257284708260865,-0.298109537307252,1,88,43,27,18
18,"1x",700,FALSE,"1x",1,0.276725827770572,"NORTHERN FORESTS",0.192979159773435,0.0705046726342765,1,88,10,27,34
18,"1x",700,FALSE,"1x",1,0.276725827770572,"NORTHWESTERN FORESTED MOUNTAINS",-0.0690389057472536,-0.273163050979185,1,88,14,27,28
18,"1x",700,FALSE,"1x",1,0.276725827770572,"WATER",0.0524118774029625,-0.233361925921742,1,82,35,27,31
19,"1x",700,FALSE,"1x",1,0.529468164416862,"EASTERN TEMPERATE FORESTS",-0.537434249955999,-0.251660446631294,1,88,12,27,18
19,"1x",700,FALSE,"1x",1,0.529468164416862,"GREAT PLAINS",-0.0180711139263172,0.186053031305614,1,88,19,27,76
19,"1x",700,FALSE,"1x",1,0.529468164416862,"MARINE WEST COAST FOREST",-0.28214505899147,-0.159670571852311,1,88,25,27,531
19,"1x",700,FALSE,"1x",1,0.529468164416862,"MEDITERRANEAN CALIFORNIA",-0.0833496615362866,-0.0425248324899003,1,88,70,27,258
19,"1x",700,FALSE,"1x",1,0.529468164416862,"NORTH AMERICAN DESERTS",-0.134009023848254,-0.17483385289464,1,88,66,27,23
19,"1x",700,FALSE,"1x",1,0.529468164416862,"NORTHERN FORESTS",0.497152441989091,0.374677954849932,1,88,7,27,37
19,"1x",700,FALSE,"1x",1,0.529468164416862,"NORTHWESTERN FORESTED MOUNTAINS",-0.0117882805622869,-0.215912425794218,1,88,17,27,62
19,"1x",700,FALSE,"1x",1,0.529468164416862,"WATER",0.320108127820803,0.0343343244960984,1,82,17,27,33
20,"1x",700,FALSE,"1x",1,0.220138136950741,"EASTERN TEMPERATE FORESTS",-0.103251460317414,0.18252234300729,1,88,12,27,18
20,"1x",700,FALSE,"1x",1,0.220138136950741,"GREAT PLAINS",-0.0258698628421191,0.178254282389812,1,88,19,27,77
20,"1x",700,FALSE,"1x",1,0.220138136950741,"MARINE WEST COAST FOREST",-0.0957243479099341,0.0267501392292248,1,88,26,27,482
20,"1x",700,FALSE,"1x",1,0.220138136950741,"MEDITERRANEAN CALIFORNIA",0.070754950759677,0.111579779806063,1,88,53,27,225
20,"1x",700,FALSE,"1x",1,0.220138136950741,"NORTH AMERICAN DESERTS",-0.0123071342509145,-0.0531319632973008,1,88,56,27,27
20,"1x",700,FALSE,"1x",1,0.220138136950741,"NORTHERN FORESTS",0.0772415485225811,-0.0452329386165778,1,88,10,27,62
20,"1x",700,FALSE,"1x",1,0.220138136950741,"NORTHWESTERN FORESTED MOUNTAINS",-0.0464565878023582,-0.25058073303429,1,88,19,27,39
20,"1x",700,FALSE,"1x",1,0.220138136950741,"WATER",0.0644308429704238,-0.22134296035428,1,82,20,27,25
21,"1x",700,FALSE,"1x",1,0.129950566787955,"EASTERN TEMPERATE FORESTS",-0.0762229031466983,0.209550900178006,1,88,9,27,13
21,"1x",700,FALSE,"1x",1,0.129950566787955,"GREAT PLAINS",0.0231008702613717,0.227225015493303,1,88,23,27,127
21,"1x",700,FALSE,"1x",1,0.129950566787955,"MARINE WEST COAST FOREST",-0.0384178973251569,0.084056589814002,1,88,21,27,334
21,"1x",700,FALSE,"1x",1,0.129950566787955,"MEDITERRANEAN CALIFORNIA",0.0285241144489089,0.0693489434952952,1,88,64,27,233
21,"1x",700,FALSE,"1x",1,0.129950566787955,"NORTH AMERICAN DESERTS",0.0103652866120122,-0.0304595424343741,1,88,37,27,18
21,"1x",700,FALSE,"1x",1,0.129950566787955,"NORTHERN FORESTS",0.0338316143477126,-0.0886428727914463,1,88,11,27,36
21,"1x",700,FALSE,"1x",1,0.129950566787955,"NORTHWESTERN FORESTED MOUNTAINS",0.0279080817128954,-0.176216063519036,1,88,11,27,34
21,"1x",700,FALSE,"1x",1,0.129950566787955,"WATER",0.0321454361291176,-0.253628367195587,1,82,25,27,29
22,"1x",700,FALSE,"1x",1,0.57693219587284,"EASTERN TEMPERATE FORESTS",-0.529350663340359,-0.243576860015654,1,88,6,27,23
22,"1x",700,FALSE,"1x",1,0.57693219587284,"GREAT PLAINS",0.328462930789958,0.532587076021889,1,88,18,27,112
22,"1x",700,FALSE,"1x",1,0.57693219587284,"MARINE WEST COAST FOREST",-0.134427213665276,-0.0119527265261169,1,88,21,27,460
22,"1x",700,FALSE,"1x",1,0.57693219587284,"MEDITERRANEAN CALIFORNIA",-0.0897243657611823,-0.048899536714796,1,88,78,27,193
22,"1x",700,FALSE,"1x",1,0.57693219587284,"NORTH AMERICAN DESERTS",0.230335459568156,0.18951063052177,1,88,50,27,28
22,"1x",700,FALSE,"1x",1,0.57693219587284,"NORTHERN FORESTS",0.1351909731034,0.0127164859642413,1,88,14,27,30
22,"1x",700,FALSE,"1x",1,0.57693219587284,"NORTHWESTERN FORESTED MOUNTAINS",-0.247149667256476,-0.451273812488408,1,88,10,27,38
22,"1x",700,FALSE,"1x",1,0.57693219587284,"WATER",0.507092674237802,0.221318870913098,1,82,20,27,23
23,"1x",700,FALSE,"1x",1,0.265349222304864,"EASTERN TEMPERATE FORESTS",-0.159966949505033,0.125806853819671,1,88,10,27,10
23,"1x",700,FALSE,"1x",1,0.265349222304864,"GREAT PLAINS",0.12496435595829,0.329088501190221,1,88,22,27,105
23,"1x",700,FALSE,"1x",1,0.265349222304864,"MARINE WEST COAST FOREST",0.108686538017635,0.231161025156794,1,88,13,27,481
23,"1x",700,FALSE,"1x",1,0.265349222304864,"MEDITERRANEAN CALIFORNIA",0.0847963283426558,0.125621157389042,1,88,71,27,244
23,"1x",700,FALSE,"1x",1,0.265349222304864,"NORTH AMERICAN DESERTS",-0.0757236114600032,-0.116548440506389,1,88,63,27,15
23,"1x",700,FALSE,"1x",1,0.265349222304864,"NORTHERN FORESTS",0.0146485278427144,-0.107825959296444,1,88,26,27,41
23,"1x",700,FALSE,"1x",1,0.265349222304864,"NORTHWESTERN FORESTED MOUNTAINS",-0.201461201823192,-0.405585347055124,1,88,19,27,22
23,"1x",700,FALSE,"1x",1,0.265349222304864,"WATER",0.0165724333286474,-0.269201369996057,1,82,26,27,35
24,"1x",700,FALSE,"1x",1,0.146030586314102,"EASTERN TEMPERATE FORESTS",-0.0342991500046165,0.251474653320088,1,88,13,27,16
24,"1x",700,FALSE,"1x",1,0.146030586314102,"GREAT PLAINS",0.0427682719825518,0.246892417214483,1,88,16,27,118
24,"1x",700,FALSE,"1x",1,0.146030586314102,"MARINE WEST COAST FOREST",0.000867309831257426,0.123341796970416,1,88,17,27,403
24,"1x",700,FALSE,"1x",1,0.146030586314102,"MEDITERRANEAN CALIFORNIA",-0.0428637326908319,-0.0020389036444456,1,88,60,27,205
24,"1x",700,FALSE,"1x",1,0.146030586314102,"NORTH AMERICAN DESERTS",-0.0200347178505754,-0.0608595468969617,1,88,41,27,14
24,"1x",700,FALSE,"1x",1,0.146030586314102,"NORTHERN FORESTS",0.0885476413363969,-0.033926845802762,1,88,12,27,28
24,"1x",700,FALSE,"1x",1,0.146030586314102,"NORTHWESTERN FORESTED MOUNTAINS",0.0740601727346262,-0.130063972497305,1,88,17,27,39
24,"1x",700,FALSE,"1x",1,0.146030586314102,"WATER",-0.0126128317219748,-0.298386635046679,1,82,26,27,33
25,"1x",700,FALSE,"1x",1,0.151233241469713,"EASTERN TEMPERATE FORESTS",-0.12694664270639,0.158827160618314,1,88,12,27,15
25,"1x",700,FALSE,"1x",1,0.151233241469713,"GREAT PLAINS",-0.0104668705286216,0.19365727470331,1,88,15,27,80
25,"1x",700,FALSE,"1x",1,0.151233241469713,"MARINE WEST COAST FOREST",0.0685074336650023,0.190981920804161,0,88,20,27,607
25,"1x",700,FALSE,"1x",1,0.151233241469713,"MEDITERRANEAN CALIFORNIA",0.0267950129100341,0.0676198419564204,1,88,62,27,260
25,"1x",700,FALSE,"1x",1,0.151233241469713,"NORTH AMERICAN DESERTS",-0.038189702556453,-0.0790145316028393,1,88,48,27,10
25,"1x",700,FALSE,"1x",1,0.151233241469713,"NORTHERN FORESTS",0.0945371633716176,-0.0279373237675413,1,88,18,27,39
25,"1x",700,FALSE,"1x",1,0.151233241469713,"NORTHWESTERN FORESTED MOUNTAINS",0.0136747193798374,-0.190449425852094,1,88,13,27,40
25,"1x",700,FALSE,"1x",1,0.151233241469713,"WATER",-0.0279301427531787,-0.313703946077883,0,82,26,27,21
26,"1x",700,FALSE,"1x",1,0.125071086010029,"EASTERN TEMPERATE FORESTS",-0.0620525015524298,0.223721301772274,1,88,10,27,15
26,"1x",700,FALSE,"1x",1,0.125071086010029,"GREAT PLAINS",-0.0257388839201277,0.178385261311804,1,88,18,27,95
26,"1x",700,FALSE,"1x",1,0.125071086010029,"MARINE WEST COAST FOREST",-0.00560570443015976,0.116868782708999,1,88,12,27,402
26,"1x",700,FALSE,"1x",1,0.125071086010029,"MEDITERRANEAN CALIFORNIA",0.00246595854946033,0.0432907875958466,1,88,80,27,196
26,"1x",700,FALSE,"1x",1,0.125071086010029,"NORTH AMERICAN DESERTS",-0.0120780203228097,-0.052902849369196,1,88,44,27,17
26,"1x",700,FALSE,"1x",1,0.125071086010029,"NORTHERN FORESTS",0.0272514215328037,-0.0952230656063552,1,88,18,27,44
26,"1x",700,FALSE,"1x",1,0.125071086010029,"NORTHWESTERN FORESTED MOUNTAINS",-0.0318356462386916,-0.235959791470623,1,88,12,27,49
26,"1x",700,FALSE,"1x",1,0.125071086010029,"WATER",0.0559605044447265,-0.229813298879978,1,82,23,27,32
27,"1x",700,FALSE,"1x",1,0.258880392761891,"EASTERN TEMPERATE FORESTS",-0.0588665003792464,0.226907302945458,1,88,18,27,18
27,"1x",700,FALSE,"1x",1,0.258880392761891,"GREAT PLAINS",-0.0263253464380529,0.177798798793879,1,88,9,27,96
27,"1x",700,FALSE,"1x",1,0.258880392761891,"MARINE WEST COAST FOREST",0.031720302161648,0.154194789300807,1,88,26,27,491
27,"1x",700,FALSE,"1x",1,0.258880392761891,"MEDITERRANEAN CALIFORNIA",-0.0364514365027992,0.00437339254358714,1,88,75,27,233
27,"1x",700,FALSE,"1x",1,0.258880392761891,"NORTH AMERICAN DESERTS",-0.0617278011880366,-0.102552630234423,1,88,59,27,15
27,"1x",700,FALSE,"1x",1,0.258880392761891,"NORTHERN FORESTS",0.215056255290162,0.0925817681510026,1,88,21,27,34
27,"1x",700,FALSE,"1x",1,0.258880392761891,"NORTHWESTERN FORESTED MOUNTAINS",-0.0104322549064284,-0.21455640013836,1,88,5,27,42
27,"1x",700,FALSE,"1x",1,0.258880392761891,"WATER",0.012265984187933,-0.273507819136771,1,82,23,27,27
28,"1x",700,FALSE,"1x",1,0.0723343847252196,"EASTERN TEMPERATE FORESTS",-0.0236100503306697,0.262163752994034,0,88,10,27,16
28,"1x",700,FALSE,"1x",1,0.0723343847252196,"GREAT PLAINS",-0.0172695982360101,0.186854546995921,1,88,16,27,65
28,"1x",700,FALSE,"1x",1,0.0723343847252196,"MARINE WEST COAST FOREST",0.00707955623615815,0.129554043375317,1,88,26,27,514
28,"1x",700,FALSE,"1x",1,0.0723343847252196,"MEDITERRANEAN CALIFORNIA",0.018603939838257,0.0594287688846433,1,88,74,27,249
28,"1x",700,FALSE,"1x",1,0.0723343847252196,"NORTH AMERICAN DESERTS",-0.0116576813296587,-0.052482510376045,1,88,52,27,20
28,"1x",700,FALSE,"1x",1,0.0723343847252196,"NORTHERN FORESTS",-0.00600069004174985,-0.128475177180909,1,88,25,27,37
28,"1x",700,FALSE,"1x",1,0.0723343847252196,"NORTHWESTERN FORESTED MOUNTAINS",-0.0231737870269191,-0.227297932258851,0,88,18,27,38
28,"1x",700,FALSE,"1x",1,0.0723343847252196,"WATER",0.0250452949758986,-0.260728508348806,0,82,25,27,34
29,"1x",700,FALSE,"1x",1,0.365601052608073,"EASTERN TEMPERATE FORESTS",-0.229700538465457,0.0560732648592467,1,88,9,27,11
29,"1x",700,FALSE,"1x",1,0.365601052608073,"GREAT PLAINS",0.0117956395801397,0.215919784812071,1,88,17,27,58
29,"1x",700,FALSE,"1x",1,0.365601052608073,"MARINE WEST COAST FOREST",-0.094994019769947,0.0274804673692119,1,88,20,27,371
29,"1x",700,FALSE,"1x",1,0.365601052608073,"MEDITERRANEAN CALIFORNIA",0.184715334304956,0.225540163351342,1,88,51,27,232
29,"1x",700,FALSE,"1x",1,0.365601052608073,"NORTH AMERICAN DESERTS",-0.0177235778087156,-0.0585484068551019,1,88,39,27,29
29,"1x",700,FALSE,"1x",1,0.365601052608073,"NORTHERN FORESTS",0.460682568551349,0.33820808141219,1,88,11,27,33
29,"1x",700,FALSE,"1x",1,0.365601052608073,"NORTHWESTERN FORESTED MOUNTAINS",0.0141786993660899,-0.189945445865842,1,88,22,27,44
29,"1x",700,FALSE,"1x",1,0.365601052608073,"WATER",-0.168829696943024,-0.454603500267728,1,82,17,27,15
30,"1x",700,FALSE,"1x",1,0.275089797772536,"EASTERN TEMPERATE FORESTS",-0.0749327533196817,0.210841050005022,1,88,10,27,33
30,"1x",700,FALSE,"1x",1,0.275089797772536,"GREAT PLAINS",-0.021599462332143,0.182524682899789,1,88,23,27,95
30,"1x",700,FALSE,"1x",1,0.275089797772536,"MARINE WEST COAST FOREST",-0.120377441222806,0.00209704591635333,1,88,30,27,638
30,"1x",700,FALSE,"1x",1,0.275089797772536,"MEDITERRANEAN CALIFORNIA",-0.0378470718509924,0.00297775719539395,1,88,49,27,254
30,"1x",700,FALSE,"1x",1,0.275089797772536,"NORTH AMERICAN DESERTS",-0.079110655562168,-0.119935484608554,1,88,51,27,17
30,"1x",700,FALSE,"1x",1,0.275089797772536,"NORTHERN FORESTS",0.155047627926265,0.0325731407871061,1,88,12,27,36
30,"1x",700,FALSE,"1x",1,0.275089797772536,"NORTHWESTERN FORESTED MOUNTAINS",-0.1806844694658,-0.384808614697731,0,88,14,27,35
30,"1x",700,FALSE,"1x",1,0.275089797772536,"WATER",0.200912120777692,-0.084861682547012,1,82,12,27,42
1,"1x",700,FALSE,"4x",4,0.227501845675293,"EASTERN TEMPERATE FORESTS",-0.0499152297119244,0.23585857361278,1,88,12,27,76
1,"1x",700,FALSE,"4x",4,0.227501845675293,"GREAT PLAINS",-0.063818666859947,0.140305478371985,1,88,16,27,355
1,"1x",700,FALSE,"4x",4,0.227501845675293,"MARINE WEST COAST FOREST",-0.195383546440444,-0.0729090593012854,1,88,16,27,1325
1,"1x",700,FALSE,"4x",4,0.227501845675293,"MEDITERRANEAN CALIFORNIA",-0.0788384467074147,-0.0380136176610284,1,88,56,27,1059
1,"1x",700,FALSE,"4x",4,0.227501845675293,"NORTH AMERICAN DESERTS",-0.111051247606974,-0.15187607665336,1,88,39,27,71
1,"1x",700,FALSE,"4x",4,0.227501845675293,"NORTHERN FORESTS",0.209652889713956,0.0871784025747971,1,88,17,27,176
1,"1x",700,FALSE,"4x",4,0.227501845675293,"NORTHWESTERN FORESTED MOUNTAINS",0.0422031175527565,-0.161921027679175,1,88,18,27,151
1,"1x",700,FALSE,"4x",4,0.227501845675293,"WATER",0.0587978434700997,-0.226975959854604,1,82,20,27,98
2,"1x",700,FALSE,"4x",4,0.210395908817643,"EASTERN TEMPERATE FORESTS",-0.036323901448044,0.24944990187666,1,88,13,27,81
2,"1x",700,FALSE,"4x",4,0.210395908817643,"GREAT PLAINS",-0.0524479699598108,0.151676175272121,1,88,15,27,291
2,"1x",700,FALSE,"4x",4,0.210395908817643,"MARINE WEST COAST FOREST",-0.224103149908958,-0.101628662769799,1,88,18,27,1335
2,"1x",700,FALSE,"4x",4,0.210395908817643,"MEDITERRANEAN CALIFORNIA",0.0553626951608861,0.0961875242072724,1,88,70,27,777
2,"1x",700,FALSE,"4x",4,0.210395908817643,"NORTH AMERICAN DESERTS",0.0215649022323234,-0.0192599268140629,1,88,45,27,94
2,"1x",700,FALSE,"4x",4,0.210395908817643,"NORTHERN FORESTS",-0.00387160627299718,-0.126346093412156,1,88,14,27,107
2,"1x",700,FALSE,"4x",4,0.210395908817643,"NORTHWESTERN FORESTED MOUNTAINS",0.0393775761295867,-0.164746569102345,1,88,10,27,119
2,"1x",700,FALSE,"4x",4,0.210395908817643,"WATER",0.100301971279637,-0.185471832045067,1,82,25,27,117
3,"1x",700,FALSE,"4x",4,0.271974093921656,"EASTERN TEMPERATE FORESTS",-0.0899391078469951,0.195834695477709,1,88,13,27,76
3,"1x",700,FALSE,"4x",4,0.271974093921656,"GREAT PLAINS",-0.0611930080499905,0.142931137181941,1,88,9,27,530
3,"1x",700,FALSE,"4x",4,0.271974093921656,"MARINE WEST COAST FOREST",-0.121804964654303,0.000669522484856216,1,88,23,27,1286
3,"1x",700,FALSE,"4x",4,0.271974093921656,"MEDITERRANEAN CALIFORNIA",-0.0471697732678605,-0.00634494422147415,1,88,73,27,915
3,"1x",700,FALSE,"4x",4,0.271974093921656,"NORTH AMERICAN DESERTS",-0.207024733804827,-0.247849562851213,1,88,40,27,76
3,"1x",700,FALSE,"4x",4,0.271974093921656,"NORTHERN FORESTS",-0.0369967122144907,-0.15947119935365,1,88,15,27,83
3,"1x",700,FALSE,"4x",4,0.271974093921656,"NORTHWESTERN FORESTED MOUNTAINS",0.160937247651668,-0.043186897580263,1,88,11,27,188
3,"1x",700,FALSE,"4x",4,0.271974093921656,"WATER",0.282981273741605,-0.00279252958309895,1,82,16,27,166
4,"1x",700,FALSE,"4x",4,0.229245605020151,"EASTERN TEMPERATE FORESTS",-0.150619007801875,0.135154795522829,1,88,13,27,64
4,"1x",700,FALSE,"4x",4,0.229245605020151,"GREAT PLAINS",-0.0402663686305205,0.163857776601411,1,88,15,27,409
4,"1x",700,FALSE,"4x",4,0.229245605020151,"MARINE WEST COAST FOREST",-0.105004969544288,0.0174695175948706,1,88,14,27,2093
4,"1x",700,FALSE,"4x",4,0.229245605020151,"MEDITERRANEAN CALIFORNIA",0.084659446448119,0.125484275494505,1,88,76,27,911
4,"1x",700,FALSE,"4x",4,0.229245605020151,"NORTH AMERICAN DESERTS",0.013910170848025,-0.0269146581983613,1,88,59,27,87
4,"1x",700,FALSE,"4x",4,0.229245605020151,"NORTHERN FORESTS",-0.0540697593136963,-0.176544246452855,1,88,15,27,131
4,"1x",700,FALSE,"4x",4,0.229245605020151,"NORTHWESTERN FORESTED MOUNTAINS",0.203806489238539,-0.000317655993392563,1,88,13,27,163
4,"1x",700,FALSE,"4x",4,0.229245605020151,"WATER",0.0661429824823042,-0.2196308208424,1,82,30,27,110
5,"1x",700,FALSE,"4x",4,0.209578677188189,"EASTERN TEMPERATE FORESTS",0.0579247890647773,0.343698592389481,1,88,13,27,69
5,"1x",700,FALSE,"4x",4,0.209578677188189,"GREAT PLAINS",-0.0209292308667826,0.183194914365149,1,88,14,27,417
5,"1x",700,FALSE,"4x",4,0.209578677188189,"MARINE WEST COAST FOREST",0.0402587025112998,0.162733189650459,1,88,15,27,2143
5,"1x",700,FALSE,"4x",4,0.209578677188189,"MEDITERRANEAN CALIFORNIA",-0.0453034398787412,-0.00447861083235489,1,88,44,27,898
5,"1x",700,FALSE,"4x",4,0.209578677188189,"NORTH AMERICAN DESERTS",0.190081626306348,0.149256797259961,1,88,46,27,64
5,"1x",700,FALSE,"4x",4,0.209578677188189,"NORTHERN FORESTS",0.105163755528525,-0.0173107316106341,1,88,6,27,109
5,"1x",700,FALSE,"4x",4,0.209578677188189,"NORTHWESTERN FORESTED MOUNTAINS",-0.0196686893670066,-0.223792834598938,1,88,22,27,173
5,"1x",700,FALSE,"4x",4,0.209578677188189,"WATER",-0.154839992355873,-0.440613795680577,0,82,23,27,145
6,"1x",700,FALSE,"4x",4,0.132567161888705,"EASTERN TEMPERATE FORESTS",-0.07534457282094,0.210429230503764,1,88,8,27,67
6,"1x",700,FALSE,"4x",4,0.132567161888705,"GREAT PLAINS",-0.0875460941444421,0.116578051087489,1,88,25,27,363
6,"1x",700,FALSE,"4x",4,0.132567161888705,"MARINE WEST COAST FOREST",0.041218519754552,0.163693006893711,1,88,23,27,2536
6,"1x",700,FALSE,"4x",4,0.132567161888705,"MEDITERRANEAN CALIFORNIA",0.0145514797429717,0.055376308789358,1,88,76,27,947
6,"1x",700,FALSE,"4x",4,0.132567161888705,"NORTH AMERICAN DESERTS",-0.0287898807033089,-0.0696147097496952,1,88,51,27,58
6,"1x",700,FALSE,"4x",4,0.132567161888705,"NORTHERN FORESTS",0.00610518964702382,-0.116369297492135,1,88,26,27,171
6,"1x",700,FALSE,"4x",4,0.132567161888705,"NORTHWESTERN FORESTED MOUNTAINS",0.0554973440864387,-0.148626801145493,1,88,26,27,154
6,"1x",700,FALSE,"4x",4,0.132567161888705,"WATER",0.0376949418509402,-0.248078861473764,1,82,26,27,145
7,"1x",700,FALSE,"4x",4,0.224109680631024,"EASTERN TEMPERATE FORESTS",-0.207384656866746,0.0783891464579577,1,88,9,27,86
7,"1x",700,FALSE,"4x",4,0.224109680631024,"GREAT PLAINS",-0.129472156240546,0.0746519889913857,1,88,23,27,390
7,"1x",700,FALSE,"4x",4,0.224109680631024,"MARINE WEST COAST FOREST",-0.0286592921002486,0.0938151950389103,1,88,17,27,1822
7,"1x",700,FALSE,"4x",4,0.224109680631024,"MEDITERRANEAN CALIFORNIA",0.074372910300125,0.115197739346511,1,88,71,27,1052
7,"1x",700,FALSE,"4x",4,0.224109680631024,"NORTH AMERICAN DESERTS",-0.00759577003175837,-0.0484205990781447,1,88,55,27,65
7,"1x",700,FALSE,"4x",4,0.224109680631024,"NORTHERN FORESTS",0.0836386363489605,-0.0388358507901984,1,88,27,27,162
7,"1x",700,FALSE,"4x",4,0.224109680631024,"NORTHWESTERN FORESTED MOUNTAINS",0.0698796586636827,-0.134244486568249,1,88,12,27,173
7,"1x",700,FALSE,"4x",4,0.224109680631024,"WATER",0.0490547001652772,-0.236719103159427,1,82,15,27,99
8,"1x",700,FALSE,"4x",4,0.293734909838385,"EASTERN TEMPERATE FORESTS",-0.128453572090914,0.15732023123379,1,88,12,27,93
8,"1x",700,FALSE,"4x",4,0.293734909838385,"GREAT PLAINS",-0.150451266720985,0.0536728785109468,1,88,18,27,319
8,"1x",700,FALSE,"4x",4,0.293734909838385,"MARINE WEST COAST FOREST",-0.129080427619415,-0.00660594048025585,1,88,21,27,1999
8,"1x",700,FALSE,"4x",4,0.293734909838385,"MEDITERRANEAN CALIFORNIA",0.0445376595364246,0.0853624885828109,1,88,67,27,806
8,"1x",700,FALSE,"4x",4,0.293734909838385,"NORTH AMERICAN DESERTS",-0.223021080707764,-0.26384590975415,1,88,70,27,65
8,"1x",700,FALSE,"4x",4,0.293734909838385,"NORTHERN FORESTS",0.0689394765910143,-0.0535350105481446,1,88,21,27,185
8,"1x",700,FALSE,"4x",4,0.293734909838385,"NORTHWESTERN FORESTED MOUNTAINS",0.232489488488397,0.0283653432564653,1,88,20,27,162
8,"1x",700,FALSE,"4x",4,0.293734909838385,"WATER",0.368864572848066,0.0830907695233618,1,82,15,27,100
9,"1x",700,FALSE,"4x",4,0.120781570463351,"EASTERN TEMPERATE FORESTS",-0.0195275332819589,0.266246270042745,1,88,12,27,64
9,"1x",700,FALSE,"4x",4,0.120781570463351,"GREAT PLAINS",-0.0205659986015567,0.183558146630375,1,88,23,27,450
9,"1x",700,FALSE,"4x",4,0.120781570463351,"MARINE WEST COAST FOREST",-0.0467369954625758,0.0757374916765831,1,88,10,27,1392
9,"1x",700,FALSE,"4x",4,0.120781570463351,"MEDITERRANEAN CALIFORNIA",-0.0449658062425374,-0.00414097719615106,1,88,72,27,940
9,"1x",700,FALSE,"4x",4,0.120781570463351,"NORTH AMERICAN DESERTS",-0.0340331573592103,-0.0748579864055966,1,88,48,27,91
9,"1x",700,FALSE,"4x",4,0.120781570463351,"NORTHERN FORESTS",-0.0107554214298567,-0.133229908569016,1,88,13,27,167
9,"1x",700,FALSE,"4x",4,0.120781570463351,"NORTHWESTERN FORESTED MOUNTAINS",-0.00510561190483725,-0.209229757136769,1,88,24,27,139
9,"1x",700,FALSE,"4x",4,0.120781570463351,"WATER",-0.0430514252886337,-0.328825228613338,0,82,32,27,100
10,"1x",700,FALSE,"4x",4,0.206623583900035,"EASTERN TEMPERATE FORESTS",-0.23604690714253,0.0497268961821743,1,88,16,27,59
10,"1x",700,FALSE,"4x",4,0.206623583900035,"GREAT PLAINS",0.047398872671389,0.251523017903321,1,88,19,27,339
10,"1x",700,FALSE,"4x",4,0.206623583900035,"MARINE WEST COAST FOREST",0.0802718487668794,0.202746335906038,1,88,19,27,1791
10,"1x",700,FALSE,"4x",4,0.206623583900035,"MEDITERRANEAN CALIFORNIA",-0.108655627016625,-0.0678307979702382,1,88,74,27,677
10,"1x",700,FALSE,"4x",4,0.206623583900035,"NORTH AMERICAN DESERTS",-0.117926091824111,-0.158750920870498,1,88,54,27,65
10,"1x",700,FALSE,"4x",4,0.206623583900035,"NORTHERN FORESTS",0.104152376476767,-0.0183221106623922,1,88,14,27,143
10,"1x",700,FALSE,"4x",4,0.206623583900035,"NORTHWESTERN FORESTED MOUNTAINS",0.0664814777742132,-0.137642667457718,1,88,8,27,154
10,"1x",700,FALSE,"4x",4,0.206623583900035,"WATER",-0.0148565240951397,-0.300630327419844,1,82,12,27,120
11,"1x",700,FALSE,"4x",4,0.162592482226915,"EASTERN TEMPERATE FORESTS",-0.00787083892674565,0.277902964397958,1,88,12,27,53
11,"1x",700,FALSE,"4x",4,0.162592482226915,"GREAT PLAINS",0.00929846433294151,0.213422609564873,1,88,25,27,292
11,"1x",700,FALSE,"4x",4,0.162592482226915,"MARINE WEST COAST FOREST",-0.0216856529590893,0.10078883418007,1,88,27,27,1461
11,"1x",700,FALSE,"4x",4,0.162592482226915,"MEDITERRANEAN CALIFORNIA",-0.00589178395953948,0.0349330450868468,1,88,74,27,929
11,"1x",700,FALSE,"4x",4,0.162592482226915,"NORTH AMERICAN DESERTS",-0.0874796062066078,-0.128304435252994,1,88,54,27,88
11,"1x",700,FALSE,"4x",4,0.162592482226915,"NORTHERN FORESTS",-0.0338308994708951,-0.156305386610054,1,88,16,27,171
11,"1x",700,FALSE,"4x",4,0.162592482226915,"NORTHWESTERN FORESTED MOUNTAINS",-0.0270604285681056,-0.231184573800037,1,88,12,27,150
11,"1x",700,FALSE,"4x",4,0.162592482226915,"WATER",0.212320958650019,-0.0734528446746854,1,82,20,27,121
12,"1x",700,FALSE,"4x",4,0.434328750575415,"EASTERN TEMPERATE FORESTS",-0.524516933583727,-0.238743130259022,1,88,14,27,71
12,"1x",700,FALSE,"4x",4,0.434328750575415,"GREAT PLAINS",-0.279322178339101,-0.0751980331071691,1,88,35,27,513
12,"1x",700,FALSE,"4x",4,0.434328750575415,"MARINE WEST COAST FOREST",-0.0812485496613537,0.0412259374778052,1,88,21,27,1629
12,"1x",700,FALSE,"4x",4,0.434328750575415,"MEDITERRANEAN CALIFORNIA",-0.150579627399254,-0.109754798352868,1,88,77,27,948
12,"1x",700,FALSE,"4x",4,0.434328750575415,"NORTH AMERICAN DESERTS",-0.181617264210781,-0.222442093257168,1,88,64,27,82
12,"1x",700,FALSE,"4x",4,0.434328750575415,"NORTHERN FORESTS",0.255262664030088,0.132788176890929,1,88,12,27,156
12,"1x",700,FALSE,"4x",4,0.434328750575415,"NORTHWESTERN FORESTED MOUNTAINS",0.00501451604043977,-0.199109629191492,1,88,9,27,131
12,"1x",700,FALSE,"4x",4,0.434328750575415,"WATER",0.459817264098247,0.174043460773543,1,82,18,27,129
13,"1x",700,FALSE,"4x",4,0.194533102654792,"EASTERN TEMPERATE FORESTS",0.0280240101631482,0.313797813487852,1,88,20,27,72
13,"1x",700,FALSE,"4x",4,0.194533102654792,"GREAT PLAINS",-0.191461296010902,0.0126628492210292,1,88,17,27,255
13,"1x",700,FALSE,"4x",4,0.194533102654792,"MARINE WEST COAST FOREST",-0.0503574109434744,0.0721170761956845,1,88,15,27,2177
13,"1x",700,FALSE,"4x",4,0.194533102654792,"MEDITERRANEAN CALIFORNIA",0.0138139018479541,0.0546387308943404,1,88,71,27,930
13,"1x",700,FALSE,"4x",4,0.194533102654792,"NORTH AMERICAN DESERTS",0.011887405349083,-0.0289374236973033,1,88,58,27,108
13,"1x",700,FALSE,"4x",4,0.194533102654792,"NORTHERN FORESTS",0.0427266491121901,-0.0797478380269687,1,88,7,27,144
13,"1x",700,FALSE,"4x",4,0.194533102654792,"NORTHWESTERN FORESTED MOUNTAINS",0.145684010380004,-0.0584401348519275,1,88,20,27,179
13,"1x",700,FALSE,"4x",4,0.194533102654792,"WATER",0.109517040453807,-0.176256762870897,1,82,20,27,108
14,"1x",700,FALSE,"4x",4,0.152200899107835,"EASTERN TEMPERATE FORESTS",-0.0316312047340793,0.254142598590625,1,88,15,27,71
14,"1x",700,FALSE,"4x",4,0.152200899107835,"GREAT PLAINS",-0.102144462774369,0.101979682457563,1,88,16,27,368
14,"1x",700,FALSE,"4x",4,0.152200899107835,"MARINE WEST COAST FOREST",-0.00132075378416722,0.121153733354992,1,88,18,27,1972
14,"1x",700,FALSE,"4x",4,0.152200899107835,"MEDITERRANEAN CALIFORNIA",0.114461713390996,0.155286542437383,1,88,78,27,763
14,"1x",700,FALSE,"4x",4,0.152200899107835,"NORTH AMERICAN DESERTS",0.0237694707007673,-0.0170553583456191,1,88,47,27,67
14,"1x",700,FALSE,"4x",4,0.152200899107835,"NORTHERN FORESTS",-0.0384489889602979,-0.160923476099457,1,88,7,27,88
14,"1x",700,FALSE,"4x",4,0.152200899107835,"NORTHWESTERN FORESTED MOUNTAINS",-0.0315014443690582,-0.23562558960099,1,88,11,27,153
14,"1x",700,FALSE,"4x",4,0.152200899107835,"WATER",0.0456559374363636,-0.240117865888341,1,82,21,27,116
15,"1x",700,FALSE,"4x",4,0.183963742366341,"EASTERN TEMPERATE FORESTS",-0.157997571909946,0.127776231414758,1,88,21,27,58
15,"1x",700,FALSE,"4x",4,0.183963742366341,"GREAT PLAINS",-0.0531413024655127,0.150982842766419,1,88,17,27,344
15,"1x",700,FALSE,"4x",4,0.183963742366341,"MARINE WEST COAST FOREST",0.00702296309765947,0.129497450236818,1,88,31,27,1343
15,"1x",700,FALSE,"4x",4,0.183963742366341,"MEDITERRANEAN CALIFORNIA",-0.0195339527352315,0.0212908763111548,1,88,77,27,783
15,"1x",700,FALSE,"4x",4,0.183963742366341,"NORTH AMERICAN DESERTS",-0.0353773742930907,-0.076202203339477,1,88,58,27,92
15,"1x",700,FALSE,"4x",4,0.183963742366341,"NORTHERN FORESTS",0.102332909385465,-0.0201415777536938,1,88,17,27,167
15,"1x",700,FALSE,"4x",4,0.183963742366341,"NORTHWESTERN FORESTED MOUNTAINS",0.0256488054063552,-0.178475339825576,1,88,13,27,203
15,"1x",700,FALSE,"4x",4,0.183963742366341,"WATER",0.0818022782031949,-0.203971525121509,1,82,16,27,107
16,"1x",700,FALSE,"4x",4,0.103666390425535,"EASTERN TEMPERATE FORESTS",0.00605942526158316,0.291833228586287,0,88,11,27,80
16,"1x",700,FALSE,"4x",4,0.103666390425535,"GREAT PLAINS",-0.0113859432506832,0.192738201981248,1,88,18,27,333
16,"1x",700,FALSE,"4x",4,0.103666390425535,"MARINE WEST COAST FOREST",-0.0143719219534932,0.108102565185666,1,88,32,27,1459
16,"1x",700,FALSE,"4x",4,0.103666390425535,"MEDITERRANEAN CALIFORNIA",-0.00815165349121615,0.0326731755551702,1,88,56,27,821
16,"1x",700,FALSE,"4x",4,0.103666390425535,"NORTH AMERICAN DESERTS",-0.00599400928428627,-0.0468188383306726,1,88,50,27,73
16,"1x",700,FALSE,"4x",4,0.103666390425535,"NORTHERN FORESTS",0.0182425963247344,-0.104231890814424,1,88,12,27,120
16,"1x",700,FALSE,"4x",4,0.103666390425535,"NORTHWESTERN FORESTED MOUNTAINS",-0.015780889430175,-0.219905034662106,1,88,11,27,141
16,"1x",700,FALSE,"4x",4,0.103666390425535,"WATER",0.00451444863178861,-0.281259354692916,0,82,14,27,97
17,"1x",700,FALSE,"4x",4,0.210355575944876,"EASTERN TEMPERATE FORESTS",0.0199821247658072,0.305755928090511,1,88,7,27,71
17,"1x",700,FALSE,"4x",4,0.210355575944876,"GREAT PLAINS",0.105996556118919,0.31012070135085,1,88,17,27,332
17,"1x",700,FALSE,"4x",4,0.210355575944876,"MARINE WEST COAST FOREST",-0.126043018317853,-0.00356853117869442,1,88,28,27,1241
17,"1x",700,FALSE,"4x",4,0.210355575944876,"MEDITERRANEAN CALIFORNIA",-0.0448411127698397,-0.00401628372345338,1,88,80,27,799
17,"1x",700,FALSE,"4x",4,0.210355575944876,"NORTH AMERICAN DESERTS",-0.0642786978019927,-0.105103526848379,1,88,40,27,104
17,"1x",700,FALSE,"4x",4,0.210355575944876,"NORTHERN FORESTS",-0.0786682037211918,-0.201142690860351,1,88,18,27,125
17,"1x",700,FALSE,"4x",4,0.210355575944876,"NORTHWESTERN FORESTED MOUNTAINS",0.0994905884372817,-0.10463355679465,1,88,14,27,169
17,"1x",700,FALSE,"4x",4,0.210355575944876,"WATER",0.0933128076744075,-0.192460995650297,1,82,23,27,150
18,"1x",700,FALSE,"4x",4,0.135927126525497,"EASTERN TEMPERATE FORESTS",-0.0364203437482138,0.24935345957649,1,88,13,27,62
18,"1x",700,FALSE,"4x",4,0.135927126525497,"GREAT PLAINS",0.00177491286240551,0.205899058094337,1,88,27,27,427
18,"1x",700,FALSE,"4x",4,0.135927126525497,"MARINE WEST COAST FOREST",-0.031002875412263,0.0914716117268959,1,88,21,27,1770
18,"1x",700,FALSE,"4x",4,0.135927126525497,"MEDITERRANEAN CALIFORNIA",-0.000536146069864991,0.0402886829765213,1,88,77,27,943
18,"1x",700,FALSE,"4x",4,0.135927126525497,"NORTH AMERICAN DESERTS",-0.0548538191413963,-0.0956786481877826,1,88,57,27,86
18,"1x",700,FALSE,"4x",4,0.135927126525497,"NORTHERN FORESTS",0.0866146486957767,-0.0358598384433822,1,88,18,27,154
18,"1x",700,FALSE,"4x",4,0.135927126525497,"NORTHWESTERN FORESTED MOUNTAINS",0.0606068097355833,-0.143517335496348,1,88,14,27,145
18,"1x",700,FALSE,"4x",4,0.135927126525497,"WATER",-0.0567041694770671,-0.342477972801771,0,82,26,27,117
19,"1x",700,FALSE,"4x",4,0.285022634216136,"EASTERN TEMPERATE FORESTS",-0.329547330876072,-0.0437735275513675,1,88,15,27,60
19,"1x",700,FALSE,"4x",4,0.285022634216136,"GREAT PLAINS",-0.0267478809713492,0.177376264260582,1,88,18,27,411
19,"1x",700,FALSE,"4x",4,0.285022634216136,"MARINE WEST COAST FOREST",0.176137395535338,0.298611882674497,1,88,17,27,1954
19,"1x",700,FALSE,"4x",4,0.285022634216136,"MEDITERRANEAN CALIFORNIA",-0.0849816888395732,-0.0441568597931869,1,88,66,27,1000
19,"1x",700,FALSE,"4x",4,0.285022634216136,"NORTH AMERICAN DESERTS",0.109296343398738,0.0684715143523522,1,88,45,27,84
19,"1x",700,FALSE,"4x",4,0.285022634216136,"NORTHERN FORESTS",-0.129251868166031,-0.25172635530519,1,88,20,27,108
19,"1x",700,FALSE,"4x",4,0.285022634216136,"NORTHWESTERN FORESTED MOUNTAINS",-0.00269887446718677,-0.206823019699118,1,88,17,27,157
19,"1x",700,FALSE,"4x",4,0.285022634216136,"WATER",0.166095515254689,-0.119678288070015,1,82,25,27,110
20,"1x",700,FALSE,"4x",4,0.153320280658169,"EASTERN TEMPERATE FORESTS",0.0250144418542097,0.310788245178914,0,88,11,27,91
20,"1x",700,FALSE,"4x",4,0.153320280658169,"GREAT PLAINS",-0.0694283303771284,0.134695814854803,1,88,13,27,415
20,"1x",700,FALSE,"4x",4,0.153320280658169,"MARINE WEST COAST FOREST",0.0472778930562464,0.169752380195405,1,88,25,27,1645
20,"1x",700,FALSE,"4x",4,0.153320280658169,"MEDITERRANEAN CALIFORNIA",0.042903589639221,0.0837284186856073,1,88,66,27,1052
20,"1x",700,FALSE,"4x",4,0.153320280658169,"NORTH AMERICAN DESERTS",-0.0780136414171806,-0.118838470463567,1,88,45,27,58
20,"1x",700,FALSE,"4x",4,0.153320280658169,"NORTHERN FORESTS",-0.0564484079865789,-0.178922895125738,1,88,17,27,140
20,"1x",700,FALSE,"4x",4,0.153320280658169,"NORTHWESTERN FORESTED MOUNTAINS",-0.0553894185048864,-0.259513563736818,0,88,23,27,127
20,"1x",700,FALSE,"4x",4,0.153320280658169,"WATER",0.0607107719154732,-0.225063031409231,1,82,14,27,124
21,"1x",700,FALSE,"4x",4,0.250433137207498,"EASTERN TEMPERATE FORESTS",0.0306253543135186,0.316399157638223,1,88,19,27,59
21,"1x",700,FALSE,"4x",4,0.250433137207498,"GREAT PLAINS",0.0603445007428692,0.264468645974801,1,88,15,27,424
21,"1x",700,FALSE,"4x",4,0.250433137207498,"MARINE WEST COAST FOREST",-0.148543082993056,-0.0260685958538966,1,88,15,27,1916
21,"1x",700,FALSE,"4x",4,0.250433137207498,"MEDITERRANEAN CALIFORNIA",-0.150459438285204,-0.109634609238818,1,88,66,27,796
21,"1x",700,FALSE,"4x",4,0.250433137207498,"NORTH AMERICAN DESERTS",-0.00202655090950909,-0.0428513799558954,1,88,45,27,64
21,"1x",700,FALSE,"4x",4,0.250433137207498,"NORTHERN FORESTS",0.210537984009567,0.0880634968704082,1,88,12,27,149
21,"1x",700,FALSE,"4x",4,0.250433137207498,"NORTHWESTERN FORESTED MOUNTAINS",-0.0753375619350245,-0.279461707166956,1,88,12,27,153
21,"1x",700,FALSE,"4x",4,0.250433137207498,"WATER",0.260826357664011,-0.024947445660693,1,82,25,27,90
22,"1x",700,FALSE,"4x",4,3.07089200664802,"EASTERN TEMPERATE FORESTS",3.88142848379542,4.16720228712012,1,88,5,27,73
22,"1x",700,FALSE,"4x",4,3.07089200664802,"GREAT PLAINS",-0.396113088020574,-0.191988942788642,1,88,21,27,365
22,"1x",700,FALSE,"4x",4,3.07089200664802,"MARINE WEST COAST FOREST",3.36034511658865,3.48281960372781,1,88,11,27,1695
22,"1x",700,FALSE,"4x",4,3.07089200664802,"MEDITERRANEAN CALIFORNIA",-3.10502364868923,-3.06419881964284,1,88,57,27,975
22,"1x",700,FALSE,"4x",4,3.07089200664802,"NORTH AMERICAN DESERTS",2.31647776311213,2.27565293406574,1,88,48,27,76
22,"1x",700,FALSE,"4x",4,3.07089200664802,"NORTHERN FORESTS",2.43615097629411,2.31367648915496,1,88,18,27,166
22,"1x",700,FALSE,"4x",4,3.07089200664802,"NORTHWESTERN FORESTED MOUNTAINS",3.91084661171457,3.70672246648264,1,88,8,27,122
22,"1x",700,FALSE,"4x",4,3.07089200664802,"WATER",0.361257355280296,0.0754835519555923,1,82,33,27,109
23,"1x",700,FALSE,"4x",4,0.256359288594822,"EASTERN TEMPERATE FORESTS",-0.106053963857905,0.179719839466799,1,88,3,27,70
23,"1x",700,FALSE,"4x",4,0.256359288594822,"GREAT PLAINS",0.118171310652016,0.322295455883948,1,88,13,27,332
23,"1x",700,FALSE,"4x",4,0.256359288594822,"MARINE WEST COAST FOREST",-0.100929570187754,0.0215449169514047,1,88,18,27,1524
23,"1x",700,FALSE,"4x",4,0.256359288594822,"MEDITERRANEAN CALIFORNIA",-0.256468341904716,-0.215643512858329,1,88,65,27,958
23,"1x",700,FALSE,"4x",4,0.256359288594822,"NORTH AMERICAN DESERTS",-0.0769405282341556,-0.117765357280542,1,88,39,27,131
23,"1x",700,FALSE,"4x",4,0.256359288594822,"NORTHERN FORESTS",-0.0103463923187917,-0.132820879457951,1,88,15,27,127
23,"1x",700,FALSE,"4x",4,0.256359288594822,"NORTHWESTERN FORESTED MOUNTAINS",0.178051867535995,-0.0260722776959363,1,88,18,27,158
23,"1x",700,FALSE,"4x",4,0.256359288594822,"WATER",0.163249537844118,-0.122524265480586,1,82,19,27,109
24,"1x",700,FALSE,"4x",4,0.2148864203383,"EASTERN TEMPERATE FORESTS",-0.111813242865855,0.17396056045885,1,88,17,27,65
24,"1x",700,FALSE,"4x",4,0.2148864203383,"GREAT PLAINS",-0.0627774350406608,0.141346710191271,1,88,17,27,296
24,"1x",700,FALSE,"4x",4,0.2148864203383,"MARINE WEST COAST FOREST",-0.0153846474742811,0.107089839664878,1,88,18,27,1532
24,"1x",700,FALSE,"4x",4,0.2148864203383,"MEDITERRANEAN CALIFORNIA",0.0276299766241881,0.0684548056705744,1,88,72,27,895
24,"1x",700,FALSE,"4x",4,0.2148864203383,"NORTH AMERICAN DESERTS",-0.0362404611664401,-0.0770652902128264,1,88,48,27,86
24,"1x",700,FALSE,"4x",4,0.2148864203383,"NORTHERN FORESTS",-0.0131527866358511,-0.13562727377501,1,88,15,27,114
24,"1x",700,FALSE,"4x",4,0.2148864203383,"NORTHWESTERN FORESTED MOUNTAINS",0.0786969534283487,-0.125427191803583,1,88,19,27,166
24,"1x",700,FALSE,"4x",4,0.2148864203383,"WATER",0.165761690058414,-0.12001211326629,1,82,22,27,158
25,"1x",700,FALSE,"4x",4,0.790541069121628,"EASTERN TEMPERATE FORESTS",0.693332870648963,0.979106673973667,1,88,17,27,71
25,"1x",700,FALSE,"4x",4,0.790541069121628,"GREAT PLAINS",0.18302948668486,0.387153631916791,1,88,26,27,375
25,"1x",700,FALSE,"4x",4,0.790541069121628,"MARINE WEST COAST FOREST",0.440770336135873,0.563244823275032,1,88,19,27,2591
25,"1x",700,FALSE,"4x",4,0.790541069121628,"MEDITERRANEAN CALIFORNIA",0.0156825538147969,0.0565073828611832,1,88,69,27,1078
25,"1x",700,FALSE,"4x",4,0.790541069121628,"NORTH AMERICAN DESERTS",0.411228056162231,0.370403227115845,1,88,43,27,107
25,"1x",700,FALSE,"4x",4,0.790541069121628,"NORTHERN FORESTS",0.77650433740729,0.654029850268131,1,88,16,27,152
25,"1x",700,FALSE,"4x",4,0.790541069121628,"NORTHWESTERN FORESTED MOUNTAINS",0.850114904069593,0.645990758837661,1,88,16,27,177
25,"1x",700,FALSE,"4x",4,0.790541069121628,"WATER",0.43288555210746,0.147111748782755,1,82,16,27,137
26,"1x",700,FALSE,"4x",4,0.110912955308917,"EASTERN TEMPERATE FORESTS",-0.0325796911033875,0.253194112221317,1,88,17,27,65
26,"1x",700,FALSE,"4x",4,0.110912955308917,"GREAT PLAINS",0.00961378405360199,0.213737929285534,0,88,29,27,450
26,"1x",700,FALSE,"4x",4,0.110912955308917,"MARINE WEST COAST FOREST",0.033448237106148,0.155922724245307,1,88,21,27,1845
26,"1x",700,FALSE,"4x",4,0.110912955308917,"MEDITERRANEAN CALIFORNIA",-0.0540481710949837,-0.0132233420485974,1,88,65,27,891
26,"1x",700,FALSE,"4x",4,0.110912955308917,"NORTH AMERICAN DESERTS",-0.0255124024971792,-0.0663372315435655,1,88,52,27,49
26,"1x",700,FALSE,"4x",4,0.110912955308917,"NORTHERN FORESTS",0.026211946450407,-0.0962625406887519,1,88,11,27,168
26,"1x",700,FALSE,"4x",4,0.110912955308917,"NORTHWESTERN FORESTED MOUNTAINS",0.0135113051601924,-0.190612840071739,1,88,22,27,125
26,"1x",700,FALSE,"4x",4,0.110912955308917,"WATER",-0.0228812191511937,-0.308655022475898,0,82,12,27,73
27,"1x",700,FALSE,"4x",4,0.176266220587981,"EASTERN TEMPERATE FORESTS",-0.025077501282419,0.260696302042285,1,88,12,27,69
27,"1x",700,FALSE,"4x",4,0.176266220587981,"GREAT PLAINS",-0.0859597759160133,0.118164369315918,1,88,19,27,282
27,"1x",700,FALSE,"4x",4,0.176266220587981,"MARINE WEST COAST FOREST",0.0224556085322675,0.144930095671426,1,88,12,27,1406
27,"1x",700,FALSE,"4x",4,0.176266220587981,"MEDITERRANEAN CALIFORNIA",-0.037626206455426,0.00319862259096031,1,88,62,27,956
27,"1x",700,FALSE,"4x",4,0.176266220587981,"NORTH AMERICAN DESERTS",-0.022285956228364,-0.0631107852747503,1,88,25,27,107
27,"1x",700,FALSE,"4x",4,0.176266220587981,"NORTHERN FORESTS",0.0277737337973555,-0.0947007533418034,1,88,15,27,123
27,"1x",700,FALSE,"4x",4,0.176266220587981,"NORTHWESTERN FORESTED MOUNTAINS",-0.0384759167555241,-0.242600061987456,0,88,13,27,148
27,"1x",700,FALSE,"4x",4,0.176266220587981,"WATER",0.0982757499320917,-0.187498053392612,1,82,20,27,103
28,"1x",700,FALSE,"4x",4,0.193238873458529,"EASTERN TEMPERATE FORESTS",0.010790712656129,0.296564515980833,1,88,17,27,72
28,"1x",700,FALSE,"4x",4,0.193238873458529,"GREAT PLAINS",-0.114091010955347,0.0900331342765842,1,88,26,27,293
28,"1x",700,FALSE,"4x",4,0.193238873458529,"MARINE WEST COAST FOREST",-0.0298123303223234,0.0926621568168356,1,88,23,27,1402
28,"1x",700,FALSE,"4x",4,0.193238873458529,"MEDITERRANEAN CALIFORNIA",-0.0328718945021889,0.00795293454419745,1,88,81,27,1063
28,"1x",700,FALSE,"4x",4,0.193238873458529,"NORTH AMERICAN DESERTS",-0.12412548726056,-0.164950316306947,1,88,43,27,67
28,"1x",700,FALSE,"4x",4,0.193238873458529,"NORTHERN FORESTS",0.202065508531071,0.0795910213919121,1,88,13,27,204
28,"1x",700,FALSE,"4x",4,0.193238873458529,"NORTHWESTERN FORESTED MOUNTAINS",0.062546991487141,-0.14157715374479,1,88,6,27,135
28,"1x",700,FALSE,"4x",4,0.193238873458529,"WATER",0.0279704857767892,-0.257803317547915,1,82,16,27,90
29,"1x",700,FALSE,"4x",4,0.107456121849952,"EASTERN TEMPERATE FORESTS",0.0161670431441419,0.301940846468846,0,88,11,27,79
29,"1x",700,FALSE,"4x",4,0.107456121849952,"GREAT PLAINS",-0.0546822621284276,0.149441883103504,1,88,16,27,399
29,"1x",700,FALSE,"4x",4,0.107456121849952,"MARINE WEST COAST FOREST",-0.013406290728393,0.109068196410766,1,88,22,27,1683
29,"1x",700,FALSE,"4x",4,0.107456121849952,"MEDITERRANEAN CALIFORNIA",-0.0289272932896399,0.0118975357567464,1,88,72,27,992
29,"1x",700,FALSE,"4x",4,0.107456121849952,"NORTH AMERICAN DESERTS",0.00874975764939915,-0.0320750713969872,1,88,55,27,72
29,"1x",700,FALSE,"4x",4,0.107456121849952,"NORTHERN FORESTS",-0.0113091088920938,-0.133783596031253,1,88,22,27,158
29,"1x",700,FALSE,"4x",4,0.107456121849952,"NORTHWESTERN FORESTED MOUNTAINS",0.0155429769651935,-0.188581168266738,1,88,13,27,154
29,"1x",700,FALSE,"4x",4,0.107456121849952,"WATER",0.0175127622503298,-0.268261041074374,0,82,17,27,105
30,"1x",700,FALSE,"4x",4,0.0829676667536555,"EASTERN TEMPERATE FORESTS",0.0129076903619206,0.298681493686625,0,88,16,27,75
30,"1x",700,FALSE,"4x",4,0.0829676667536555,"GREAT PLAINS",-0.00768707564063568,0.196437069591296,1,88,15,27,369
30,"1x",700,FALSE,"4x",4,0.0829676667536555,"MARINE WEST COAST FOREST",-0.0214098470425969,0.101064640096562,1,88,21,27,1695
30,"1x",700,FALSE,"4x",4,0.0829676667536555,"MEDITERRANEAN CALIFORNIA",0.0102038087408064,0.0510286377871927,1,88,70,27,882
30,"1x",700,FALSE,"4x",4,0.0829676667536555,"NORTH AMERICAN DESERTS",-0.0217172126414493,-0.0625420416878356,1,88,41,27,71
30,"1x",700,FALSE,"4x",4,0.0829676667536555,"NORTHERN FORESTS",0.0142657674206678,-0.108208719718491,1,88,9,27,119
30,"1x",700,FALSE,"4x",4,0.0829676667536555,"NORTHWESTERN FORESTED MOUNTAINS",0.0531270884920996,-0.150997056739832,1,88,15,27,162
30,"1x",700,FALSE,"4x",4,0.0829676667536555,"WATER",0.0572163564812615,-0.228557446843443,1,82,25,27,115
1,"2x",1400,TRUE,"0.25x",0.25,0.218248041619872,"EASTERN TEMPERATE FORESTS",-0.0087359085464462,0.277037894778258,1,175,30,27,5
1,"2x",1400,TRUE,"0.25x",0.25,0.218248041619872,"GREAT PLAINS",0.158528012980048,0.36265215821198,1,175,39,27,26
1,"2x",1400,TRUE,"0.25x",0.25,0.218248041619872,"MARINE WEST COAST FOREST",-0.105338695883709,0.0171357912554501,1,175,48,27,113
1,"2x",1400,TRUE,"0.25x",0.25,0.218248041619872,"MEDITERRANEAN CALIFORNIA",0.00419806210420228,0.0450228911505886,1,175,156,27,59
1,"2x",1400,TRUE,"0.25x",0.25,0.218248041619872,"NORTH AMERICAN DESERTS",-0.11262134071158,-0.153446169757966,1,175,100,27,4
1,"2x",1400,TRUE,"0.25x",0.25,0.218248041619872,"NORTHERN FORESTS",-0.130225948571254,-0.252700435710413,1,175,20,27,10
1,"2x",1400,TRUE,"0.25x",0.25,0.218248041619872,"NORTHWESTERN FORESTED MOUNTAINS",-0.0278742026021776,-0.231998347834109,1,175,43,27,9
1,"2x",1400,TRUE,"0.25x",0.25,0.218248041619872,"WATER",0.0464289615415646,-0.23934484178314,1,175,55,27,7
2,"2x",1400,TRUE,"0.25x",0.25,0.320597110789827,"EASTERN TEMPERATE FORESTS",-0.159599562028344,0.12617424129636,1,175,18,27,3
2,"2x",1400,TRUE,"0.25x",0.25,0.320597110789827,"GREAT PLAINS",-0.108488578461308,0.0956355667706234,1,175,41,27,13
2,"2x",1400,TRUE,"0.25x",0.25,0.320597110789827,"MARINE WEST COAST FOREST",0.154247919445444,0.276722406584603,1,175,25,27,86
2,"2x",1400,TRUE,"0.25x",0.25,0.320597110789827,"MEDITERRANEAN CALIFORNIA",0.0949738526691715,0.135798681715558,1,175,158,27,73
2,"2x",1400,TRUE,"0.25x",0.25,0.320597110789827,"NORTH AMERICAN DESERTS",0.0297532242363692,-0.0110716048100171,1,175,86,27,5
2,"2x",1400,TRUE,"0.25x",0.25,0.320597110789827,"NORTHERN FORESTS",-0.117733806846198,-0.240208293985357,1,175,26,27,3
2,"2x",1400,TRUE,"0.25x",0.25,0.320597110789827,"NORTHWESTERN FORESTED MOUNTAINS",0.0248663707898262,-0.179257774442105,1,175,43,27,11
2,"2x",1400,TRUE,"0.25x",0.25,0.320597110789827,"WATER",-0.0783119824342657,-0.36408578575897,1,175,55,27,3
3,"2x",1400,TRUE,"0.25x",0.25,0.322668892428446,"EASTERN TEMPERATE FORESTS",-0.123487135937839,0.162286667386866,1,175,43,27,5
3,"2x",1400,TRUE,"0.25x",0.25,0.322668892428446,"GREAT PLAINS",0.0601621802496603,0.264286325481592,1,175,45,27,20
3,"2x",1400,TRUE,"0.25x",0.25,0.322668892428446,"MARINE WEST COAST FOREST",0.157819561695234,0.280294048834393,1,175,50,27,142
3,"2x",1400,TRUE,"0.25x",0.25,0.322668892428446,"MEDITERRANEAN CALIFORNIA",-0.00253590004954479,0.0382889289968415,1,175,139,27,51
3,"2x",1400,TRUE,"0.25x",0.25,0.322668892428446,"NORTH AMERICAN DESERTS",-0.0833960774912707,-0.124220906537657,1,175,72,27,3
3,"2x",1400,TRUE,"0.25x",0.25,0.322668892428446,"NORTHERN FORESTS",-0.137470993413444,-0.259945480552603,1,175,39,27,6
3,"2x",1400,TRUE,"0.25x",0.25,0.322668892428446,"NORTHWESTERN FORESTED MOUNTAINS",-0.177931944245712,-0.382056089477643,1,175,45,27,9
3,"2x",1400,TRUE,"0.25x",0.25,0.322668892428446,"WATER",0.197319751482802,-0.0884540518419021,1,175,46,27,10
4,"2x",1400,TRUE,"0.25x",0.25,0.184721185461744,"EASTERN TEMPERATE FORESTS",-0.0714316221411273,0.214342181183577,1,175,31,27,1
4,"2x",1400,TRUE,"0.25x",0.25,0.184721185461744,"GREAT PLAINS",0.0118364538957661,0.215960599127698,1,175,51,27,14
4,"2x",1400,TRUE,"0.25x",0.25,0.184721185461744,"MARINE WEST COAST FOREST",0.00667472023144034,0.129149207370599,1,175,49,27,105
4,"2x",1400,TRUE,"0.25x",0.25,0.184721185461744,"MEDITERRANEAN CALIFORNIA",0.0243168644680078,0.0651416935143941,1,175,157,27,54
4,"2x",1400,TRUE,"0.25x",0.25,0.184721185461744,"NORTH AMERICAN DESERTS",-0.0047294137071661,-0.0455542427535524,1,175,82,27,2
4,"2x",1400,TRUE,"0.25x",0.25,0.184721185461744,"NORTHERN FORESTS",-0.0295447294151855,-0.152019216554344,1,175,36,27,4
4,"2x",1400,TRUE,"0.25x",0.25,0.184721185461744,"NORTHWESTERN FORESTED MOUNTAINS",-0.0317553314862247,-0.235879476718156,1,175,31,27,8
4,"2x",1400,TRUE,"0.25x",0.25,0.184721185461744,"WATER",0.0968581161272035,-0.188915687197501,1,175,49,27,7
5,"2x",1400,TRUE,"0.25x",0.25,0.324213194422457,"EASTERN TEMPERATE FORESTS",-0.149173895400724,0.13659990792398,1,175,32,27,5
5,"2x",1400,TRUE,"0.25x",0.25,0.324213194422457,"GREAT PLAINS",0.118955639063467,0.323079784295399,1,175,45,27,37
5,"2x",1400,TRUE,"0.25x",0.25,0.324213194422457,"MARINE WEST COAST FOREST",0.00916135681680186,0.131635843955961,1,175,28,27,83
5,"2x",1400,TRUE,"0.25x",0.25,0.324213194422457,"MEDITERRANEAN CALIFORNIA",0.0445148264480289,0.0853396554944152,1,175,158,27,50
5,"2x",1400,TRUE,"0.25x",0.25,0.324213194422457,"NORTH AMERICAN DESERTS",-0.130365762469689,-0.171190591516075,1,175,80,27,3
5,"2x",1400,TRUE,"0.25x",0.25,0.324213194422457,"NORTHERN FORESTS",-0.12570800704054,-0.248182494179699,1,175,38,27,8
5,"2x",1400,TRUE,"0.25x",0.25,0.324213194422457,"NORTHWESTERN FORESTED MOUNTAINS",0.000889417567844808,-0.203234727664087,1,175,38,27,13
5,"2x",1400,TRUE,"0.25x",0.25,0.324213194422457,"WATER",0.00526565065340851,-0.280508152671296,1,175,37,27,5
6,"2x",1400,TRUE,"0.25x",0.25,0.133934138711504,"EASTERN TEMPERATE FORESTS",-0.0614482709653306,0.224325532359374,1,175,37,27,9
6,"2x",1400,TRUE,"0.25x",0.25,0.133934138711504,"GREAT PLAINS",-0.00218698360572937,0.201937161626202,1,175,33,27,27
6,"2x",1400,TRUE,"0.25x",0.25,0.133934138711504,"MARINE WEST COAST FOREST",0.0192756068029604,0.141750093942119,1,175,47,27,124
6,"2x",1400,TRUE,"0.25x",0.25,0.133934138711504,"MEDITERRANEAN CALIFORNIA",-0.0812062310131847,-0.0403814019667984,1,175,139,27,45
6,"2x",1400,TRUE,"0.25x",0.25,0.133934138711504,"NORTH AMERICAN DESERTS",0.0252131921464288,-0.0156116368999575,1,175,88,27,5
6,"2x",1400,TRUE,"0.25x",0.25,0.133934138711504,"NORTHERN FORESTS",0.0361571441470975,-0.0863173429920614,1,175,29,27,9
6,"2x",1400,TRUE,"0.25x",0.25,0.133934138711504,"NORTHWESTERN FORESTED MOUNTAINS",0.0328655792856754,-0.171258565946256,1,175,35,27,17
6,"2x",1400,TRUE,"0.25x",0.25,0.133934138711504,"WATER",0.00643469234977832,-0.279339110974926,1,175,57,27,8
7,"2x",1400,TRUE,"0.25x",0.25,0.190261954676659,"EASTERN TEMPERATE FORESTS",-0.0328004650604463,0.252973338264258,1,175,36,27,5
7,"2x",1400,TRUE,"0.25x",0.25,0.190261954676659,"GREAT PLAINS",0.0809632917550303,0.285087436986962,1,175,52,27,19
7,"2x",1400,TRUE,"0.25x",0.25,0.190261954676659,"MARINE WEST COAST FOREST",-0.10325757177356,0.0192169153655988,1,175,24,27,128
7,"2x",1400,TRUE,"0.25x",0.25,0.190261954676659,"MEDITERRANEAN CALIFORNIA",-0.0391661452721509,0.00165868377423539,1,175,151,27,57
7,"2x",1400,TRUE,"0.25x",0.25,0.190261954676659,"NORTH AMERICAN DESERTS",0.0449068856851798,0.00408205663879348,1,175,95,27,8
7,"2x",1400,TRUE,"0.25x",0.25,0.190261954676659,"NORTHERN FORESTS",-0.0220526205856598,-0.144527107724819,1,175,35,27,10
7,"2x",1400,TRUE,"0.25x",0.25,0.190261954676659,"NORTHWESTERN FORESTED MOUNTAINS",-0.0741903393460705,-0.278314484578002,1,175,41,27,8
7,"2x",1400,TRUE,"0.25x",0.25,0.190261954676659,"WATER",0.134806523448084,-0.15096727987662,1,175,60,27,13
8,"2x",1400,TRUE,"0.25x",0.25,0.124518363507541,"EASTERN TEMPERATE FORESTS",-0.0264632464569172,0.259310556867787,1,175,29,27,2
8,"2x",1400,TRUE,"0.25x",0.25,0.124518363507541,"GREAT PLAINS",0.0018854414774326,0.206009586709364,1,175,52,27,12
8,"2x",1400,TRUE,"0.25x",0.25,0.124518363507541,"MARINE WEST COAST FOREST",0.00420192028785985,0.126676407427019,1,175,36,27,107
8,"2x",1400,TRUE,"0.25x",0.25,0.124518363507541,"MEDITERRANEAN CALIFORNIA",0.0225324381294683,0.0633572671758546,1,175,155,27,72
8,"2x",1400,TRUE,"0.25x",0.25,0.124518363507541,"NORTH AMERICAN DESERTS",-0.00312505752164635,-0.0439498865680327,1,175,79,27,3
8,"2x",1400,TRUE,"0.25x",0.25,0.124518363507541,"NORTHERN FORESTS",0.0227669610211006,-0.0997075261180582,1,175,34,27,7
8,"2x",1400,TRUE,"0.25x",0.25,0.124518363507541,"NORTHWESTERN FORESTED MOUNTAINS",-0.0315019726967062,-0.235626117928638,0,175,27,27,15
8,"2x",1400,TRUE,"0.25x",0.25,0.124518363507541,"WATER",-0.0080367071659941,-0.293810510490698,0,175,53,27,5
9,"2x",1400,TRUE,"0.25x",0.25,0.302111844108801,"EASTERN TEMPERATE FORESTS",-0.0243122294655467,0.261461573859157,1,175,24,27,5
9,"2x",1400,TRUE,"0.25x",0.25,0.302111844108801,"GREAT PLAINS",0.111550207527556,0.315674352759487,1,175,33,27,16
9,"2x",1400,TRUE,"0.25x",0.25,0.302111844108801,"MARINE WEST COAST FOREST",-0.13461378936069,-0.0121393022215313,1,175,32,27,97
9,"2x",1400,TRUE,"0.25x",0.25,0.302111844108801,"MEDITERRANEAN CALIFORNIA",0.185028710236551,0.225853539282937,1,175,122,27,70
9,"2x",1400,TRUE,"0.25x",0.25,0.302111844108801,"NORTH AMERICAN DESERTS",-0.0763943790420602,-0.117219208088446,1,175,69,27,4
9,"2x",1400,TRUE,"0.25x",0.25,0.302111844108801,"NORTHERN FORESTS",0.23553303860885,0.113058551469691,1,175,32,27,13
9,"2x",1400,TRUE,"0.25x",0.25,0.302111844108801,"NORTHWESTERN FORESTED MOUNTAINS",0.00495871894430589,-0.199165426287626,1,175,28,27,13
9,"2x",1400,TRUE,"0.25x",0.25,0.302111844108801,"WATER",0.032807623647937,-0.252966179676767,1,175,46,27,7
10,"2x",1400,TRUE,"0.25x",0.25,0.206779876877779,"EASTERN TEMPERATE FORESTS",-0.00476168585316559,0.281012117471539,1,175,36,27,4
10,"2x",1400,TRUE,"0.25x",0.25,0.206779876877779,"GREAT PLAINS",-0.0175673658650599,0.186556779366872,1,175,38,27,19
10,"2x",1400,TRUE,"0.25x",0.25,0.206779876877779,"MARINE WEST COAST FOREST",0.0510203514694078,0.173494838608567,1,175,39,27,83
10,"2x",1400,TRUE,"0.25x",0.25,0.206779876877779,"MEDITERRANEAN CALIFORNIA",-0.138915571426748,-0.0980907423803618,1,175,151,27,49
10,"2x",1400,TRUE,"0.25x",0.25,0.206779876877779,"NORTH AMERICAN DESERTS",-0.0433016043433763,-0.0841264333897626,1,175,81,27,6
10,"2x",1400,TRUE,"0.25x",0.25,0.206779876877779,"NORTHERN FORESTS",-0.00435143106689953,-0.126825918206058,1,175,32,27,8
10,"2x",1400,TRUE,"0.25x",0.25,0.206779876877779,"NORTHWESTERN FORESTED MOUNTAINS",-0.0133877001367707,-0.217511845368702,1,175,33,27,7
10,"2x",1400,TRUE,"0.25x",0.25,0.206779876877779,"WATER",0.10607880738676,-0.179694995937944,1,175,44,27,9
11,"2x",1400,TRUE,"0.25x",0.25,0.348583124873439,"EASTERN TEMPERATE FORESTS",-0.0731375250212254,0.212636278303479,1,175,20,27,3
11,"2x",1400,TRUE,"0.25x",0.25,0.348583124873439,"GREAT PLAINS",0.031273899097174,0.235398044329105,1,175,51,27,32
11,"2x",1400,TRUE,"0.25x",0.25,0.348583124873439,"MARINE WEST COAST FOREST",0.101993536196213,0.224468023335372,1,175,33,27,100
11,"2x",1400,TRUE,"0.25x",0.25,0.348583124873439,"MEDITERRANEAN CALIFORNIA",0.173036926965526,0.213861756011912,1,175,156,27,73
11,"2x",1400,TRUE,"0.25x",0.25,0.348583124873439,"NORTH AMERICAN DESERTS",-0.0075011332071417,-0.048325962253528,1,175,97,27,4
11,"2x",1400,TRUE,"0.25x",0.25,0.348583124873439,"NORTHERN FORESTS",-0.114157644819374,-0.236632131958533,1,175,25,27,10
11,"2x",1400,TRUE,"0.25x",0.25,0.348583124873439,"NORTHWESTERN FORESTED MOUNTAINS",-0.0914547909402687,-0.2955789361722,1,175,47,27,9
11,"2x",1400,TRUE,"0.25x",0.25,0.348583124873439,"WATER",-0.058976978539298,-0.344750781864002,1,175,54,27,5
12,"2x",1400,TRUE,"0.25x",0.25,0.162882931001463,"EASTERN TEMPERATE FORESTS",-0.00778140555807704,0.277992397766627,1,175,18,27,5
12,"2x",1400,TRUE,"0.25x",0.25,0.162882931001463,"GREAT PLAINS",-0.0229887218908756,0.181135423341056,1,175,30,27,21
12,"2x",1400,TRUE,"0.25x",0.25,0.162882931001463,"MARINE WEST COAST FOREST",0.00477800092246591,0.127252488061625,1,175,39,27,80
12,"2x",1400,TRUE,"0.25x",0.25,0.162882931001463,"MEDITERRANEAN CALIFORNIA",0.00212714324245087,0.0429519722888372,1,175,144,27,51
12,"2x",1400,TRUE,"0.25x",0.25,0.162882931001463,"NORTH AMERICAN DESERTS",-0.0128743480994904,-0.0536991771458768,1,175,67,27,6
12,"2x",1400,TRUE,"0.25x",0.25,0.162882931001463,"NORTHERN FORESTS",0.0548107373084852,-0.0676637498306737,1,175,41,27,13
12,"2x",1400,TRUE,"0.25x",0.25,0.162882931001463,"NORTHWESTERN FORESTED MOUNTAINS",0.0142247034323301,-0.189899441799601,1,175,46,27,7
12,"2x",1400,TRUE,"0.25x",0.25,0.162882931001463,"WATER",-0.0279646905237095,-0.313738493848414,1,175,47,27,2
13,"2x",1400,TRUE,"0.25x",0.25,0.344127023220599,"EASTERN TEMPERATE FORESTS",-0.0802494243608193,0.205524378963885,1,175,32,27,4
13,"2x",1400,TRUE,"0.25x",0.25,0.344127023220599,"GREAT PLAINS",0.0795064525302175,0.283630597762149,1,175,58,27,26
13,"2x",1400,TRUE,"0.25x",0.25,0.344127023220599,"MARINE WEST COAST FOREST",0.0234886290136974,0.145963116152856,1,175,41,27,105
13,"2x",1400,TRUE,"0.25x",0.25,0.344127023220599,"MEDITERRANEAN CALIFORNIA",-0.303292039008995,-0.262467209962609,1,175,158,27,37
13,"2x",1400,TRUE,"0.25x",0.25,0.344127023220599,"NORTH AMERICAN DESERTS",-0.0403868187898852,-0.0812116478362715,1,175,82,27,9
13,"2x",1400,TRUE,"0.25x",0.25,0.344127023220599,"NORTHERN FORESTS",0.21353909569598,0.091064608556821,1,175,25,27,10
13,"2x",1400,TRUE,"0.25x",0.25,0.344127023220599,"NORTHWESTERN FORESTED MOUNTAINS",0.0874006814059857,-0.116723463825946,1,175,28,27,14
13,"2x",1400,TRUE,"0.25x",0.25,0.344127023220599,"WATER",-0.119331983094721,-0.405105786419425,1,175,53,27,6
14,"2x",1400,TRUE,"0.25x",0.25,0.152396696343081,"EASTERN TEMPERATE FORESTS",-0.0107373288268383,0.275036474497866,1,175,29,27,4
14,"2x",1400,TRUE,"0.25x",0.25,0.152396696343081,"GREAT PLAINS",-0.027471968043731,0.1766521771882,1,175,50,27,14
14,"2x",1400,TRUE,"0.25x",0.25,0.152396696343081,"MARINE WEST COAST FOREST",-0.00658174339574834,0.115892743743411,1,175,40,27,107
14,"2x",1400,TRUE,"0.25x",0.25,0.152396696343081,"MEDITERRANEAN CALIFORNIA",-0.0338361366641757,0.00698869238221056,1,175,140,27,69
14,"2x",1400,TRUE,"0.25x",0.25,0.152396696343081,"NORTH AMERICAN DESERTS",0.00780867799717933,-0.033016151049207,1,175,86,27,5
14,"2x",1400,TRUE,"0.25x",0.25,0.152396696343081,"NORTHERN FORESTS",0.0358786137429501,-0.0865958733962088,1,175,34,27,5
14,"2x",1400,TRUE,"0.25x",0.25,0.152396696343081,"NORTHWESTERN FORESTED MOUNTAINS",-0.00969500525398764,-0.213819150485919,1,175,40,27,7
14,"2x",1400,TRUE,"0.25x",0.25,0.152396696343081,"WATER",0.0346516956675071,-0.251122107657197,1,175,49,27,8
15,"2x",1400,TRUE,"0.25x",0.25,0.401026408301755,"EASTERN TEMPERATE FORESTS",-0.179606123294357,0.106167680030347,1,175,35,27,4
15,"2x",1400,TRUE,"0.25x",0.25,0.401026408301755,"GREAT PLAINS",0.170807290940329,0.374931436172261,1,175,50,27,25
15,"2x",1400,TRUE,"0.25x",0.25,0.401026408301755,"MARINE WEST COAST FOREST",0.081248279824016,0.203722766963175,1,175,30,27,99
15,"2x",1400,TRUE,"0.25x",0.25,0.401026408301755,"MEDITERRANEAN CALIFORNIA",-0.0576517857908884,-0.0168269567445021,1,175,144,27,54
15,"2x",1400,TRUE,"0.25x",0.25,0.401026408301755,"NORTH AMERICAN DESERTS",-0.00518262099451892,-0.0460074500409052,1,175,88,27,8
15,"2x",1400,TRUE,"0.25x",0.25,0.401026408301755,"NORTHERN FORESTS",0.119177499551894,-0.00329698758726504,1,175,32,27,13
15,"2x",1400,TRUE,"0.25x",0.25,0.401026408301755,"NORTHWESTERN FORESTED MOUNTAINS",-0.363822873513508,-0.56794701874544,1,175,40,27,3
15,"2x",1400,TRUE,"0.25x",0.25,0.401026408301755,"WATER",0.0945517769592803,-0.191222026365424,1,175,24,27,8
16,"2x",1400,TRUE,"0.25x",0.25,0.599357036749258,"EASTERN TEMPERATE FORESTS",-0.664991564532161,-0.379217761207457,1,175,30,27,0
16,"2x",1400,TRUE,"0.25x",0.25,0.599357036749258,"GREAT PLAINS",0.438886091391053,0.643010236622985,0,175,36,27,23
16,"2x",1400,TRUE,"0.25x",0.25,0.599357036749258,"MARINE WEST COAST FOREST",-0.45922422895653,-0.336749741817371,1,175,39,27,74
16,"2x",1400,TRUE,"0.25x",0.25,0.599357036749258,"MEDITERRANEAN CALIFORNIA",-0.0334741845475104,0.00735064449887589,1,175,144,27,59
16,"2x",1400,TRUE,"0.25x",0.25,0.599357036749258,"NORTH AMERICAN DESERTS",-0.425330268864747,-0.466155097911133,1,175,76,27,1
16,"2x",1400,TRUE,"0.25x",0.25,0.599357036749258,"NORTHERN FORESTS",-0.191855917804326,-0.314330404943485,1,175,27,27,4
16,"2x",1400,TRUE,"0.25x",0.25,0.599357036749258,"NORTHWESTERN FORESTED MOUNTAINS",-0.0609321831801396,-0.265056328412071,1,175,27,27,13
16,"2x",1400,TRUE,"0.25x",0.25,0.599357036749258,"WATER",0.453314706745294,0.16754090342059,1,175,32,27,10
17,"2x",1400,TRUE,"0.25x",0.25,0.178373348182477,"EASTERN TEMPERATE FORESTS",-0.0148628248756593,0.270910978449045,1,175,36,27,4
17,"2x",1400,TRUE,"0.25x",0.25,0.178373348182477,"GREAT PLAINS",0.0732222991053457,0.277346444337277,1,175,32,27,21
17,"2x",1400,TRUE,"0.25x",0.25,0.178373348182477,"MARINE WEST COAST FOREST",0.0469862018323929,0.169460688971552,1,175,35,27,108
17,"2x",1400,TRUE,"0.25x",0.25,0.178373348182477,"MEDITERRANEAN CALIFORNIA",-0.025841798311846,0.0149830307345403,1,175,143,27,69
17,"2x",1400,TRUE,"0.25x",0.25,0.178373348182477,"NORTH AMERICAN DESERTS",-0.0745123119914367,-0.115337141037823,1,175,98,27,8
17,"2x",1400,TRUE,"0.25x",0.25,0.178373348182477,"NORTHERN FORESTS",0.0345963536878025,-0.0878781334513564,1,175,26,27,9
17,"2x",1400,TRUE,"0.25x",0.25,0.178373348182477,"NORTHWESTERN FORESTED MOUNTAINS",-0.0589191838509893,-0.263043329082921,1,175,40,27,7
17,"2x",1400,TRUE,"0.25x",0.25,0.178373348182477,"WATER",0.00990112553113221,-0.275872677793572,1,175,61,27,7
18,"2x",1400,TRUE,"0.25x",0.25,0.257988706178098,"EASTERN TEMPERATE FORESTS",-0.0122634030383746,0.27351040028633,1,175,30,27,4
18,"2x",1400,TRUE,"0.25x",0.25,0.257988706178098,"GREAT PLAINS",0.117540222764257,0.321664367996189,1,175,37,27,33
18,"2x",1400,TRUE,"0.25x",0.25,0.257988706178098,"MARINE WEST COAST FOREST",-0.0824976859581453,0.0399768011810136,1,175,39,27,90
18,"2x",1400,TRUE,"0.25x",0.25,0.257988706178098,"MEDITERRANEAN CALIFORNIA",-0.0535063050938122,-0.0126814760474259,1,175,169,27,42
18,"2x",1400,TRUE,"0.25x",0.25,0.257988706178098,"NORTH AMERICAN DESERTS",0.0149294032742005,-0.0258954257721858,1,175,82,27,5
18,"2x",1400,TRUE,"0.25x",0.25,0.257988706178098,"NORTHERN FORESTS",0.0662675929808012,-0.0562068941583576,1,175,18,27,10
18,"2x",1400,TRUE,"0.25x",0.25,0.257988706178098,"NORTHWESTERN FORESTED MOUNTAINS",-0.203534078530553,-0.407658223762485,1,175,35,27,5
18,"2x",1400,TRUE,"0.25x",0.25,0.257988706178098,"WATER",0.0985805445774509,-0.187193258747253,1,175,35,27,9
19,"2x",1400,TRUE,"0.25x",0.25,0.333982416020658,"EASTERN TEMPERATE FORESTS",-0.0595109515062165,0.226262851818488,1,175,30,27,4
19,"2x",1400,TRUE,"0.25x",0.25,0.333982416020658,"GREAT PLAINS",0.0884388979816404,0.292563043213572,1,175,58,27,28
19,"2x",1400,TRUE,"0.25x",0.25,0.333982416020658,"MARINE WEST COAST FOREST",0.158719759628195,0.281194246767354,1,175,39,27,102
19,"2x",1400,TRUE,"0.25x",0.25,0.333982416020658,"MEDITERRANEAN CALIFORNIA",-0.0713140523462904,-0.0304892232999041,1,175,134,27,46
19,"2x",1400,TRUE,"0.25x",0.25,0.333982416020658,"NORTH AMERICAN DESERTS",-0.184245949010479,-0.225070778056865,1,175,88,27,4
19,"2x",1400,TRUE,"0.25x",0.25,0.333982416020658,"NORTHERN FORESTS",0.180347928703748,0.0578734415645894,1,175,57,27,10
19,"2x",1400,TRUE,"0.25x",0.25,0.333982416020658,"NORTHWESTERN FORESTED MOUNTAINS",-0.170773059376647,-0.374897204608578,1,175,31,27,8
19,"2x",1400,TRUE,"0.25x",0.25,0.333982416020658,"WATER",0.134534668773308,-0.151239134551396,1,175,41,27,9
20,"2x",1400,TRUE,"0.25x",0.25,0.193450145205565,"EASTERN TEMPERATE FORESTS",0.033962800309119,0.319736603633823,1,175,35,27,7
20,"2x",1400,TRUE,"0.25x",0.25,0.193450145205565,"GREAT PLAINS",-0.0788698841593709,0.125254261072561,1,175,44,27,12
20,"2x",1400,TRUE,"0.25x",0.25,0.193450145205565,"MARINE WEST COAST FOREST",-0.0672166805948587,0.0552578065443002,1,175,50,27,133
20,"2x",1400,TRUE,"0.25x",0.25,0.193450145205565,"MEDITERRANEAN CALIFORNIA",0.0537836234049687,0.094608452451355,1,175,124,27,56
20,"2x",1400,TRUE,"0.25x",0.25,0.193450145205565,"NORTH AMERICAN DESERTS",-0.0586144161243833,-0.0994392451707696,1,175,48,27,3
20,"2x",1400,TRUE,"0.25x",0.25,0.193450145205565,"NORTHERN FORESTS",0.0820867969367331,-0.0403876902024258,1,175,28,27,16
20,"2x",1400,TRUE,"0.25x",0.25,0.193450145205565,"NORTHWESTERN FORESTED MOUNTAINS",-0.0592732959198933,-0.263397441151825,1,175,38,27,8
20,"2x",1400,TRUE,"0.25x",0.25,0.193450145205565,"WATER",-0.0029966280326088,-0.288770431357313,1,175,40,27,10
21,"2x",1400,TRUE,"0.25x",0.25,0.353267457609495,"EASTERN TEMPERATE FORESTS",-0.0490623112290048,0.236711492095699,1,175,31,27,6
21,"2x",1400,TRUE,"0.25x",0.25,0.353267457609495,"GREAT PLAINS",0.0314748531906529,0.235598998422584,1,175,35,27,22
21,"2x",1400,TRUE,"0.25x",0.25,0.353267457609495,"MARINE WEST COAST FOREST",-0.328183072412315,-0.205708585273156,1,175,28,27,106
21,"2x",1400,TRUE,"0.25x",0.25,0.353267457609495,"MEDITERRANEAN CALIFORNIA",0.187660399863645,0.228485228910031,1,175,136,27,69
21,"2x",1400,TRUE,"0.25x",0.25,0.353267457609495,"NORTH AMERICAN DESERTS",-0.153766752990099,-0.194591582036485,1,175,89,27,5
21,"2x",1400,TRUE,"0.25x",0.25,0.353267457609495,"NORTHERN FORESTS",0.178269928571088,0.0557954414319295,1,175,30,27,12
21,"2x",1400,TRUE,"0.25x",0.25,0.353267457609495,"NORTHWESTERN FORESTED MOUNTAINS",0.0240677281952667,-0.180056417036665,1,175,40,27,13
21,"2x",1400,TRUE,"0.25x",0.25,0.353267457609495,"WATER",-0.0906412483174302,-0.376415051642134,1,175,46,27,4
22,"2x",1400,TRUE,"0.25x",0.25,0.373321602764372,"EASTERN TEMPERATE FORESTS",0.228043549273654,0.513817352598358,0,175,22,27,5
22,"2x",1400,TRUE,"0.25x",0.25,0.373321602764372,"GREAT PLAINS",0.259725208283225,0.463849353515156,0,175,36,27,18
22,"2x",1400,TRUE,"0.25x",0.25,0.373321602764372,"MARINE WEST COAST FOREST",-0.0435547605874294,0.0789197265517295,1,175,44,27,77
22,"2x",1400,TRUE,"0.25x",0.25,0.373321602764372,"MEDITERRANEAN CALIFORNIA",-0.323241548674003,-0.282416719627617,1,175,132,27,40
22,"2x",1400,TRUE,"0.25x",0.25,0.373321602764372,"NORTH AMERICAN DESERTS",0.203831730660122,0.163006901613736,1,175,94,27,9
22,"2x",1400,TRUE,"0.25x",0.25,0.373321602764372,"NORTHERN FORESTS",0.00171766078281411,-0.120756826356345,1,175,32,27,6
22,"2x",1400,TRUE,"0.25x",0.25,0.373321602764372,"NORTHWESTERN FORESTED MOUNTAINS",-0.1129310134556,-0.317055158687531,1,175,41,27,10
22,"2x",1400,TRUE,"0.25x",0.25,0.373321602764372,"WATER",0.134714191988388,-0.151059611336316,1,175,38,27,4
23,"2x",1400,TRUE,"0.25x",0.25,0.341476083748176,"EASTERN TEMPERATE FORESTS",-0.127692781539719,0.158081021784985,1,175,18,27,6
23,"2x",1400,TRUE,"0.25x",0.25,0.341476083748176,"GREAT PLAINS",0.301498018830671,0.505622164062602,0,175,38,27,34
23,"2x",1400,TRUE,"0.25x",0.25,0.341476083748176,"MARINE WEST COAST FOREST",-0.0573888814221666,0.0650856057169923,1,175,38,27,84
23,"2x",1400,TRUE,"0.25x",0.25,0.341476083748176,"MEDITERRANEAN CALIFORNIA",0.0266529046747798,0.0674777337211661,1,175,141,27,68
23,"2x",1400,TRUE,"0.25x",0.25,0.341476083748176,"NORTH AMERICAN DESERTS",-0.27671539130131,-0.317540220347696,1,175,98,27,2
23,"2x",1400,TRUE,"0.25x",0.25,0.341476083748176,"NORTHERN FORESTS",-0.0194053496694267,-0.141879836808586,1,175,31,27,5
23,"2x",1400,TRUE,"0.25x",0.25,0.341476083748176,"NORTHWESTERN FORESTED MOUNTAINS",-0.0247857183495478,-0.228909863581479,1,175,19,27,16
23,"2x",1400,TRUE,"0.25x",0.25,0.341476083748176,"WATER",-0.101464349345988,-0.387238152670692,1,175,43,27,2
24,"2x",1400,TRUE,"0.25x",0.25,0.272327992282896,"EASTERN TEMPERATE FORESTS",-0.187449024827582,0.0983247784971223,1,175,28,27,1
24,"2x",1400,TRUE,"0.25x",0.25,0.272327992282896,"GREAT PLAINS",-0.120246868621863,0.0838772766100683,1,175,45,27,34
24,"2x",1400,TRUE,"0.25x",0.25,0.272327992282896,"MARINE WEST COAST FOREST",-0.0942040505729237,0.0282704365662352,1,175,53,27,106
24,"2x",1400,TRUE,"0.25x",0.25,0.272327992282896,"MEDITERRANEAN CALIFORNIA",-0.0747459735124444,-0.0339211444660581,1,175,138,27,52
24,"2x",1400,TRUE,"0.25x",0.25,0.272327992282896,"NORTH AMERICAN DESERTS",0.040885690737075,6.08616906887099e-05,1,175,91,27,5
24,"2x",1400,TRUE,"0.25x",0.25,0.272327992282896,"NORTHERN FORESTS",0.131193392597131,0.00871890545797245,1,175,24,27,11
24,"2x",1400,TRUE,"0.25x",0.25,0.272327992282896,"NORTHWESTERN FORESTED MOUNTAINS",0.0564573566646637,-0.147666788567268,1,175,32,27,13
24,"2x",1400,TRUE,"0.25x",0.25,0.272327992282896,"WATER",-0.0697495783402421,-0.355523381664946,1,175,49,27,8
25,"2x",1400,TRUE,"0.25x",0.25,0.1699949584637,"EASTERN TEMPERATE FORESTS",0.0281706953148694,0.313944498639574,1,175,35,27,7
25,"2x",1400,TRUE,"0.25x",0.25,0.1699949584637,"GREAT PLAINS",0.0477726385111138,0.251896783743045,1,175,44,27,19
25,"2x",1400,TRUE,"0.25x",0.25,0.1699949584637,"MARINE WEST COAST FOREST",-0.00886853186747638,0.113605955271683,1,175,48,27,100
25,"2x",1400,TRUE,"0.25x",0.25,0.1699949584637,"MEDITERRANEAN CALIFORNIA",0.0302780095072967,0.071102838553683,1,175,155,27,42
25,"2x",1400,TRUE,"0.25x",0.25,0.1699949584637,"NORTH AMERICAN DESERTS",-0.0596578469683938,-0.10048267601478,1,175,84,27,5
25,"2x",1400,TRUE,"0.25x",0.25,0.1699949584637,"NORTHERN FORESTS",0.065791866059726,-0.0566826210794329,1,175,29,27,8
25,"2x",1400,TRUE,"0.25x",0.25,0.1699949584637,"NORTHWESTERN FORESTED MOUNTAINS",-0.00814602627664774,-0.212270171508579,1,175,34,27,11
25,"2x",1400,TRUE,"0.25x",0.25,0.1699949584637,"WATER",-0.0179359574688052,-0.303709760793509,1,175,62,27,10
26,"2x",1400,TRUE,"0.25x",0.25,0.39436118869884,"EASTERN TEMPERATE FORESTS",-0.332461764138144,-0.0466879608134398,1,175,24,27,2
26,"2x",1400,TRUE,"0.25x",0.25,0.39436118869884,"GREAT PLAINS",-0.165705218573639,0.0384189266582923,1,175,40,27,20
26,"2x",1400,TRUE,"0.25x",0.25,0.39436118869884,"MARINE WEST COAST FOREST",-0.0774661246122038,0.0450083625269552,1,175,40,27,110
26,"2x",1400,TRUE,"0.25x",0.25,0.39436118869884,"MEDITERRANEAN CALIFORNIA",0.0642608115387989,0.105085640585185,1,175,151,27,54
26,"2x",1400,TRUE,"0.25x",0.25,0.39436118869884,"NORTH AMERICAN DESERTS",0.0284976377126328,-0.0123271913337535,1,175,70,27,5
26,"2x",1400,TRUE,"0.25x",0.25,0.39436118869884,"NORTHERN FORESTS",0.0852357026614911,-0.0372387844776678,1,175,20,27,8
26,"2x",1400,TRUE,"0.25x",0.25,0.39436118869884,"NORTHWESTERN FORESTED MOUNTAINS",0.00985542305364954,-0.194268722178282,1,175,44,27,12
26,"2x",1400,TRUE,"0.25x",0.25,0.39436118869884,"WATER",0.284883158389248,-0.000890644935456264,1,175,59,27,9
27,"2x",1400,TRUE,"0.25x",0.25,0.23160958603741,"EASTERN TEMPERATE FORESTS",0.0201576380328239,0.305931441357528,1,175,32,27,5
27,"2x",1400,TRUE,"0.25x",0.25,0.23160958603741,"GREAT PLAINS",0.129807290149511,0.333931435381443,1,175,45,27,13
27,"2x",1400,TRUE,"0.25x",0.25,0.23160958603741,"MARINE WEST COAST FOREST",-0.0296833978699823,0.0927910892691766,1,175,36,27,93
27,"2x",1400,TRUE,"0.25x",0.25,0.23160958603741,"MEDITERRANEAN CALIFORNIA",-0.104311656924326,-0.06348682787794,1,175,159,27,45
27,"2x",1400,TRUE,"0.25x",0.25,0.23160958603741,"NORTH AMERICAN DESERTS",0.0220110146508358,-0.0188138143955505,1,175,74,27,6
27,"2x",1400,TRUE,"0.25x",0.25,0.23160958603741,"NORTHERN FORESTS",-0.00709355431691335,-0.129568041456072,1,175,29,27,7
27,"2x",1400,TRUE,"0.25x",0.25,0.23160958603741,"NORTHWESTERN FORESTED MOUNTAINS",0.0264183211768191,-0.177705824055112,1,175,32,27,15
27,"2x",1400,TRUE,"0.25x",0.25,0.23160958603741,"WATER",0.00967234879965895,-0.276101454525045,1,175,49,27,6
28,"2x",1400,TRUE,"0.25x",0.25,0.162091445874388,"EASTERN TEMPERATE FORESTS",-0.0322630355171526,0.253510767807551,1,175,32,27,5
28,"2x",1400,TRUE,"0.25x",0.25,0.162091445874388,"GREAT PLAINS",0.0253943337314756,0.229518478963407,1,175,47,27,22
28,"2x",1400,TRUE,"0.25x",0.25,0.162091445874388,"MARINE WEST COAST FOREST",-0.0431601394169465,0.0793143477222124,1,175,22,27,108
28,"2x",1400,TRUE,"0.25x",0.25,0.162091445874388,"MEDITERRANEAN CALIFORNIA",-0.0131004696139506,0.0277243594324358,1,175,154,27,45
28,"2x",1400,TRUE,"0.25x",0.25,0.162091445874388,"NORTH AMERICAN DESERTS",-0.0697597698351525,-0.110584598881539,1,175,82,27,4
28,"2x",1400,TRUE,"0.25x",0.25,0.162091445874388,"NORTHERN FORESTS",0.054203783461282,-0.0682707036778769,1,175,30,27,7
28,"2x",1400,TRUE,"0.25x",0.25,0.162091445874388,"NORTHWESTERN FORESTED MOUNTAINS",-0.0377424553724285,-0.24186660060436,1,175,37,27,7
28,"2x",1400,TRUE,"0.25x",0.25,0.162091445874388,"WATER",0.0352728524670112,-0.250500950857693,1,175,44,27,5
29,"2x",1400,TRUE,"0.25x",0.25,0.337594685869729,"EASTERN TEMPERATE FORESTS",-0.0497436557325936,0.236030147592111,1,175,38,27,7
29,"2x",1400,TRUE,"0.25x",0.25,0.337594685869729,"GREAT PLAINS",-0.0597496046561866,0.144374540575745,1,175,42,27,21
29,"2x",1400,TRUE,"0.25x",0.25,0.337594685869729,"MARINE WEST COAST FOREST",-0.0852354459480835,0.0372390411910754,1,175,43,27,100
29,"2x",1400,TRUE,"0.25x",0.25,0.337594685869729,"MEDITERRANEAN CALIFORNIA",-0.0924653916135177,-0.0516405625671314,1,175,159,27,52
29,"2x",1400,TRUE,"0.25x",0.25,0.337594685869729,"NORTH AMERICAN DESERTS",0.173594745099553,0.132769916053167,1,175,72,27,9
29,"2x",1400,TRUE,"0.25x",0.25,0.337594685869729,"NORTHERN FORESTS",0.0970710127115773,-0.0254034744275816,1,175,27,27,8
29,"2x",1400,TRUE,"0.25x",0.25,0.337594685869729,"NORTHWESTERN FORESTED MOUNTAINS",-0.303301699047878,-0.50742584427981,1,175,28,27,7
29,"2x",1400,TRUE,"0.25x",0.25,0.337594685869729,"WATER",0.129369893684707,-0.156403909639997,1,175,33,27,5
30,"2x",1400,TRUE,"0.25x",0.25,0.138544297823171,"EASTERN TEMPERATE FORESTS",-0.0231380899576212,0.262635713367083,1,175,29,27,4
30,"2x",1400,TRUE,"0.25x",0.25,0.138544297823171,"GREAT PLAINS",0.0309673310691781,0.23509147630111,1,175,48,27,27
30,"2x",1400,TRUE,"0.25x",0.25,0.138544297823171,"MARINE WEST COAST FOREST",0.0255553125583521,0.148029799697511,1,175,49,27,122
30,"2x",1400,TRUE,"0.25x",0.25,0.138544297823171,"MEDITERRANEAN CALIFORNIA",0.0190892097777687,0.059914038824155,1,175,160,27,66
30,"2x",1400,TRUE,"0.25x",0.25,0.138544297823171,"NORTH AMERICAN DESERTS",0.0323956906359542,-0.00842913841043214,1,175,69,27,5
30,"2x",1400,TRUE,"0.25x",0.25,0.138544297823171,"NORTHERN FORESTS",-0.0400749381707975,-0.162549425309956,1,175,31,27,11
30,"2x",1400,TRUE,"0.25x",0.25,0.138544297823171,"NORTHWESTERN FORESTED MOUNTAINS",-0.0866414725882713,-0.290765617820203,0,175,43,27,7
30,"2x",1400,TRUE,"0.25x",0.25,0.138544297823171,"WATER",-0.0353181321913315,-0.321091935516036,0,175,65,27,9
1,"2x",1400,TRUE,"16x",16,0.0967000567086383,"EASTERN TEMPERATE FORESTS",-0.029388636866312,0.256385166458392,0,175,17,27,284
1,"2x",1400,TRUE,"16x",16,0.0967000567086383,"GREAT PLAINS",-0.0244540370970705,0.179670108134861,1,175,44,27,1093
1,"2x",1400,TRUE,"16x",16,0.0967000567086383,"MARINE WEST COAST FOREST",-0.00983438581290367,0.112640101326255,1,175,43,27,7322
1,"2x",1400,TRUE,"16x",16,0.0967000567086383,"MEDITERRANEAN CALIFORNIA",0.0386877020177358,0.0795125310641221,1,175,150,27,3636
1,"2x",1400,TRUE,"16x",16,0.0967000567086383,"NORTH AMERICAN DESERTS",-0.0647224639466934,-0.10554729299308,1,175,83,27,263
1,"2x",1400,TRUE,"16x",16,0.0967000567086383,"NORTHERN FORESTS",-0.0204156121776196,-0.142890099316778,1,175,44,27,602
1,"2x",1400,TRUE,"16x",16,0.0967000567086383,"NORTHWESTERN FORESTED MOUNTAINS",0.0244993931157837,-0.179624752116148,1,175,37,27,561
1,"2x",1400,TRUE,"16x",16,0.0967000567086383,"WATER",0.088802839574351,-0.196970963750353,1,175,42,27,447
2,"2x",1400,TRUE,"16x",16,3.02476078886964,"EASTERN TEMPERATE FORESTS",4.56773873948504,4.85351254280974,1,175,29,27,256
2,"2x",1400,TRUE,"16x",16,3.02476078886964,"GREAT PLAINS",1.32835337728815,1.53247752252008,1,175,42,27,1106
2,"2x",1400,TRUE,"16x",16,3.02476078886964,"MARINE WEST COAST FOREST",1.7071581979577,1.82963268509686,1,175,35,27,5103
2,"2x",1400,TRUE,"16x",16,3.02476078886964,"MEDITERRANEAN CALIFORNIA",-3.04626281356756,-3.00543798452117,1,175,142,27,4620
2,"2x",1400,TRUE,"16x",16,3.02476078886964,"NORTH AMERICAN DESERTS",3.07740068966227,3.03657586061588,1,175,78,27,365
2,"2x",1400,TRUE,"16x",16,3.02476078886964,"NORTHERN FORESTS",1.69164967781816,1.569175190679,1,175,27,27,635
2,"2x",1400,TRUE,"16x",16,3.02476078886964,"NORTHWESTERN FORESTED MOUNTAINS",2.55267786530267,2.34855372007074,1,175,42,27,614
2,"2x",1400,TRUE,"16x",16,3.02476078886964,"WATER",-0.830880867935273,-1.11665467125998,1,175,51,27,464
3,"2x",1400,TRUE,"16x",16,0.222453590384448,"EASTERN TEMPERATE FORESTS",-0.13924240662416,0.146531396700544,1,175,26,27,265
3,"2x",1400,TRUE,"16x",16,0.222453590384448,"GREAT PLAINS",-0.152886490515678,0.0512376547162532,1,175,44,27,1344
3,"2x",1400,TRUE,"16x",16,0.222453590384448,"MARINE WEST COAST FOREST",-0.111260877168485,0.0112136099706736,1,175,40,27,6967
3,"2x",1400,TRUE,"16x",16,0.222453590384448,"MEDITERRANEAN CALIFORNIA",-0.018631659395881,0.0221931696505053,1,175,138,27,3643
3,"2x",1400,TRUE,"16x",16,0.222453590384448,"NORTH AMERICAN DESERTS",-0.093316276051887,-0.134141105098273,1,175,88,27,243
3,"2x",1400,TRUE,"16x",16,0.222453590384448,"NORTHERN FORESTS",0.110957370423762,-0.0115171167153969,1,175,19,27,573
3,"2x",1400,TRUE,"16x",16,0.222453590384448,"NORTHWESTERN FORESTED MOUNTAINS",0.162914654271724,-0.0412094909602073,1,175,31,27,766
3,"2x",1400,TRUE,"16x",16,0.222453590384448,"WATER",0.248454567754235,-0.0373192355704694,1,175,47,27,445
4,"2x",1400,TRUE,"16x",16,0.226908794561632,"EASTERN TEMPERATE FORESTS",6.50840492024837e-05,0.285838887373907,1,175,34,27,303
4,"2x",1400,TRUE,"16x",16,0.226908794561632,"GREAT PLAINS",-0.0459340648350995,0.158190080396832,1,175,53,27,1842
4,"2x",1400,TRUE,"16x",16,0.226908794561632,"MARINE WEST COAST FOREST",-0.0921850109886585,0.0302894761505004,1,175,43,27,4986
4,"2x",1400,TRUE,"16x",16,0.226908794561632,"MEDITERRANEAN CALIFORNIA",-0.211682035765351,-0.170857206718964,1,175,161,27,3520
4,"2x",1400,TRUE,"16x",16,0.226908794561632,"NORTH AMERICAN DESERTS",-0.0912877784193619,-0.132112607465748,1,175,83,27,328
4,"2x",1400,TRUE,"16x",16,0.226908794561632,"NORTHERN FORESTS",0.167803277733418,0.0453287905942592,1,175,33,27,518
4,"2x",1400,TRUE,"16x",16,0.226908794561632,"NORTHWESTERN FORESTED MOUNTAINS",0.0882535596005788,-0.115870585631353,1,175,55,27,587
4,"2x",1400,TRUE,"16x",16,0.226908794561632,"WATER",0.202195446044456,-0.083578357280248,1,175,46,27,510
5,"2x",1400,TRUE,"16x",16,0.1128965982637,"EASTERN TEMPERATE FORESTS",-0.103065412485876,0.182708390838828,1,175,27,27,318
5,"2x",1400,TRUE,"16x",16,0.1128965982637,"GREAT PLAINS",-0.0200249283355392,0.184099216896392,1,175,38,27,1504
5,"2x",1400,TRUE,"16x",16,0.1128965982637,"MARINE WEST COAST FOREST",-0.0725447369243802,0.0499297502147788,1,175,60,27,6445
5,"2x",1400,TRUE,"16x",16,0.1128965982637,"MEDITERRANEAN CALIFORNIA",-0.0369875372197499,0.0038372918266364,1,175,150,27,3816
5,"2x",1400,TRUE,"16x",16,0.1128965982637,"NORTH AMERICAN DESERTS",0.0598114927668602,0.0189866637204739,1,175,76,27,322
5,"2x",1400,TRUE,"16x",16,0.1128965982637,"NORTHERN FORESTS",0.035350648063408,-0.0871238390757508,1,175,25,27,502
5,"2x",1400,TRUE,"16x",16,0.1128965982637,"NORTHWESTERN FORESTED MOUNTAINS",0.00849907821465935,-0.195625067017272,0,175,40,27,571
5,"2x",1400,TRUE,"16x",16,0.1128965982637,"WATER",0.0373796923881522,-0.248394110936552,0,175,70,27,413
6,"2x",1400,TRUE,"16x",16,0.103164986201151,"EASTERN TEMPERATE FORESTS",-0.037040248426082,0.248733554898622,1,175,33,27,329
6,"2x",1400,TRUE,"16x",16,0.103164986201151,"GREAT PLAINS",0.00314814734915028,0.207272292581082,0,175,36,27,1221
6,"2x",1400,TRUE,"16x",16,0.103164986201151,"MARINE WEST COAST FOREST",-0.0512268096074754,0.0712476775316835,1,175,42,27,5682
6,"2x",1400,TRUE,"16x",16,0.103164986201151,"MEDITERRANEAN CALIFORNIA",-0.0267750038147785,0.0140498252316078,1,175,141,27,3219
6,"2x",1400,TRUE,"16x",16,0.103164986201151,"NORTH AMERICAN DESERTS",0.0776929819403329,0.0368681528939466,1,175,83,27,225
6,"2x",1400,TRUE,"16x",16,0.103164986201151,"NORTHERN FORESTS",-0.0746150901548084,-0.197089577293967,0,175,33,27,433
6,"2x",1400,TRUE,"16x",16,0.103164986201151,"NORTHWESTERN FORESTED MOUNTAINS",0.0255002614005844,-0.178623883831347,1,175,31,27,699
6,"2x",1400,TRUE,"16x",16,0.103164986201151,"WATER",0.0426377550475564,-0.243136048277148,0,175,48,27,449
7,"2x",1400,TRUE,"16x",16,0.14470848284998,"EASTERN TEMPERATE FORESTS",-0.0369997233719698,0.248774079952734,1,175,36,27,301
7,"2x",1400,TRUE,"16x",16,0.14470848284998,"GREAT PLAINS",-0.0761209364099673,0.128003208821964,1,175,46,27,1136
7,"2x",1400,TRUE,"16x",16,0.14470848284998,"MARINE WEST COAST FOREST",-0.134921435982402,-0.0124469488432432,1,175,61,27,9063
7,"2x",1400,TRUE,"16x",16,0.14470848284998,"MEDITERRANEAN CALIFORNIA",0.00438511180479728,0.0452099408511836,1,175,144,27,3930
7,"2x",1400,TRUE,"16x",16,0.14470848284998,"NORTH AMERICAN DESERTS",-0.0654613340851122,-0.106286163131499,1,175,66,27,323
7,"2x",1400,TRUE,"16x",16,0.14470848284998,"NORTHERN FORESTS",0.0605225247951248,-0.0619519623440341,1,175,27,27,681
7,"2x",1400,TRUE,"16x",16,0.14470848284998,"NORTHWESTERN FORESTED MOUNTAINS",0.0770307529521517,-0.12709339227978,1,175,38,27,567
7,"2x",1400,TRUE,"16x",16,0.14470848284998,"WATER",0.100213042065088,-0.185560761259616,1,175,62,27,373
8,"2x",1400,TRUE,"16x",16,0.097644393112147,"EASTERN TEMPERATE FORESTS",-0.0600124087412994,0.225761394583405,1,175,42,27,289
8,"2x",1400,TRUE,"16x",16,0.097644393112147,"GREAT PLAINS",-0.023158554482816,0.180965590749116,1,175,45,27,1619
8,"2x",1400,TRUE,"16x",16,0.097644393112147,"MARINE WEST COAST FOREST",-0.0809536016914935,0.0415208854476654,1,175,52,27,6175
8,"2x",1400,TRUE,"16x",16,0.097644393112147,"MEDITERRANEAN CALIFORNIA",-0.0154094691514981,0.0254153598948882,1,175,136,27,3489
8,"2x",1400,TRUE,"16x",16,0.097644393112147,"NORTH AMERICAN DESERTS",0.0230708999238975,-0.0177539291224888,1,175,92,27,398
8,"2x",1400,TRUE,"16x",16,0.097644393112147,"NORTHERN FORESTS",0.0152393033120682,-0.107235183827091,1,175,34,27,584
8,"2x",1400,TRUE,"16x",16,0.097644393112147,"NORTHWESTERN FORESTED MOUNTAINS",0.0262178519728184,-0.177906293259113,1,175,30,27,549
8,"2x",1400,TRUE,"16x",16,0.097644393112147,"WATER",0.0661042796500145,-0.21966952367469,0,175,48,27,497
9,"2x",1400,TRUE,"16x",16,0.163961174243029,"EASTERN TEMPERATE FORESTS",-0.0707484649075782,0.215025338417126,1,175,21,27,342
9,"2x",1400,TRUE,"16x",16,0.163961174243029,"GREAT PLAINS",-0.0932719941318886,0.110852151100043,1,175,44,27,754
9,"2x",1400,TRUE,"16x",16,0.163961174243029,"MARINE WEST COAST FOREST",-0.0933980695922921,0.0290764175468668,1,175,35,27,7904
9,"2x",1400,TRUE,"16x",16,0.163961174243029,"MEDITERRANEAN CALIFORNIA",0.0460616446830061,0.0868864737293924,1,175,134,27,4039
9,"2x",1400,TRUE,"16x",16,0.163961174243029,"NORTH AMERICAN DESERTS",0.0216824488713229,-0.0191423801750634,1,175,85,27,342
9,"2x",1400,TRUE,"16x",16,0.163961174243029,"NORTHERN FORESTS",0.0686575638987507,-0.0538169232404082,1,175,36,27,476
9,"2x",1400,TRUE,"16x",16,0.163961174243029,"NORTHWESTERN FORESTED MOUNTAINS",-0.00563789950042004,-0.209762044732352,1,175,39,27,532
9,"2x",1400,TRUE,"16x",16,0.163961174243029,"WATER",0.163514534753724,-0.12225926857098,1,175,50,27,549
10,"2x",1400,TRUE,"16x",16,0.136134043670636,"EASTERN TEMPERATE FORESTS",-0.00619073688724593,0.279583066437458,0,175,32,27,312
10,"2x",1400,TRUE,"16x",16,0.136134043670636,"GREAT PLAINS",-0.131768462774776,0.0723556824571551,1,175,41,27,1349
10,"2x",1400,TRUE,"16x",16,0.136134043670636,"MARINE WEST COAST FOREST",-0.0545234811667282,0.0679510059724307,1,175,44,27,6136
10,"2x",1400,TRUE,"16x",16,0.136134043670636,"MEDITERRANEAN CALIFORNIA",-0.0118641411033094,0.0289606879430769,1,175,152,27,3403
10,"2x",1400,TRUE,"16x",16,0.136134043670636,"NORTH AMERICAN DESERTS",-0.0383131989395376,-0.079138027985924,1,175,82,27,386
10,"2x",1400,TRUE,"16x",16,0.136134043670636,"NORTHERN FORESTS",0.0873009702383227,-0.0351735169008362,1,175,19,27,499
10,"2x",1400,TRUE,"16x",16,0.136134043670636,"NORTHWESTERN FORESTED MOUNTAINS",0.00959886967026955,-0.194525275561662,1,175,51,27,587
10,"2x",1400,TRUE,"16x",16,0.136134043670636,"WATER",0.100043766239868,-0.185730037084836,1,175,53,27,537
11,"2x",1400,TRUE,"16x",16,0.231890294301721,"EASTERN TEMPERATE FORESTS",-0.177020096108794,0.10875370721591,1,175,38,27,230
11,"2x",1400,TRUE,"16x",16,0.231890294301721,"GREAT PLAINS",-0.0690183573975644,0.135105787834367,1,175,43,27,1313
11,"2x",1400,TRUE,"16x",16,0.231890294301721,"MARINE WEST COAST FOREST",-0.0843812439884413,0.0380932431507176,1,175,29,27,9626
11,"2x",1400,TRUE,"16x",16,0.231890294301721,"MEDITERRANEAN CALIFORNIA",-0.153525465131893,-0.112700636085506,1,175,134,27,3411
11,"2x",1400,TRUE,"16x",16,0.231890294301721,"NORTH AMERICAN DESERTS",0.0304942320557888,-0.0103305969905975,1,175,77,27,338
11,"2x",1400,TRUE,"16x",16,0.231890294301721,"NORTHERN FORESTS",0.259004935778244,0.136530448639085,1,175,23,27,705
11,"2x",1400,TRUE,"16x",16,0.231890294301721,"NORTHWESTERN FORESTED MOUNTAINS",0.10807275735787,-0.0960513878740613,1,175,43,27,588
11,"2x",1400,TRUE,"16x",16,0.231890294301721,"WATER",0.177616172174674,-0.10815763115003,1,175,51,27,506
12,"2x",1400,TRUE,"16x",16,0.313160058831256,"EASTERN TEMPERATE FORESTS",-0.434473359286831,-0.148699555962127,1,175,26,27,304
12,"2x",1400,TRUE,"16x",16,0.313160058831256,"GREAT PLAINS",0.00296154138972142,0.207085686621653,1,175,52,27,1734
12,"2x",1400,TRUE,"16x",16,0.313160058831256,"MARINE WEST COAST FOREST",-0.240796411932696,-0.118321924793537,1,175,31,27,6382
12,"2x",1400,TRUE,"16x",16,0.313160058831256,"MEDITERRANEAN CALIFORNIA",-0.0774345104126918,-0.0366096813663055,1,175,136,27,3641
12,"2x",1400,TRUE,"16x",16,0.313160058831256,"NORTH AMERICAN DESERTS",0.0756754846845785,0.0348506556381922,1,175,77,27,305
12,"2x",1400,TRUE,"16x",16,0.313160058831256,"NORTHERN FORESTS",0.0437838778419639,-0.078690609297195,1,175,28,27,461
12,"2x",1400,TRUE,"16x",16,0.313160058831256,"NORTHWESTERN FORESTED MOUNTAINS",0.239617788002152,0.0354936427702204,1,175,36,27,548
12,"2x",1400,TRUE,"16x",16,0.313160058831256,"WATER",0.204213807987601,-0.0815599953371032,1,175,53,27,360
13,"2x",1400,TRUE,"16x",16,0.0737936708509808,"EASTERN TEMPERATE FORESTS",-0.0317251605865735,0.254048642738131,0,175,32,27,304
13,"2x",1400,TRUE,"16x",16,0.0737936708509808,"GREAT PLAINS",-0.00936518498479646,0.194758960247135,1,175,39,27,1357
13,"2x",1400,TRUE,"16x",16,0.0737936708509808,"MARINE WEST COAST FOREST",-0.0354744575532911,0.0870000295858678,1,175,38,27,5734
13,"2x",1400,TRUE,"16x",16,0.0737936708509808,"MEDITERRANEAN CALIFORNIA",-0.021808834642854,0.0190159944035323,1,175,142,27,3386
13,"2x",1400,TRUE,"16x",16,0.0737936708509808,"NORTH AMERICAN DESERTS",0.00498389823837742,-0.0358409308080089,1,175,89,27,408
13,"2x",1400,TRUE,"16x",16,0.0737936708509808,"NORTHERN FORESTS",0.0473485431771216,-0.0751259439620373,1,175,23,27,687
13,"2x",1400,TRUE,"16x",16,0.0737936708509808,"NORTHWESTERN FORESTED MOUNTAINS",0.000721475879504759,-0.203402669352427,0,175,53,27,713
13,"2x",1400,TRUE,"16x",16,0.0737936708509808,"WATER",0.0131744885340416,-0.272599314790663,0,175,44,27,347
14,"2x",1400,TRUE,"16x",16,0.115928980855592,"EASTERN TEMPERATE FORESTS",0.0178630264608967,0.303636829785601,0,175,35,27,377
14,"2x",1400,TRUE,"16x",16,0.115928980855592,"GREAT PLAINS",0.00496769162438489,0.209091836856316,0,175,31,27,1739
14,"2x",1400,TRUE,"16x",16,0.115928980855592,"MARINE WEST COAST FOREST",-0.0427778771965686,0.0796966099425903,1,175,42,27,5726
14,"2x",1400,TRUE,"16x",16,0.115928980855592,"MEDITERRANEAN CALIFORNIA",-0.105247725114398,-0.0644228960680113,1,175,164,27,3602
14,"2x",1400,TRUE,"16x",16,0.115928980855592,"NORTH AMERICAN DESERTS",-0.0137050618636625,-0.0545298909100488,1,175,91,27,232
14,"2x",1400,TRUE,"16x",16,0.115928980855592,"NORTHERN FORESTS",-0.0139511400474001,-0.136425627186559,1,175,24,27,397
14,"2x",1400,TRUE,"16x",16,0.115928980855592,"NORTHWESTERN FORESTED MOUNTAINS",0.0453191496220646,-0.158804995609867,1,175,45,27,597
14,"2x",1400,TRUE,"16x",16,0.115928980855592,"WATER",0.0261311439839138,-0.25964265934079,0,175,39,27,390
15,"2x",1400,TRUE,"16x",16,0.150198083385556,"EASTERN TEMPERATE FORESTS",-0.120365290479009,0.165408512845696,1,175,25,27,288
15,"2x",1400,TRUE,"16x",16,0.150198083385556,"GREAT PLAINS",-0.051152608549892,0.15297153668204,1,175,38,27,1609
15,"2x",1400,TRUE,"16x",16,0.150198083385556,"MARINE WEST COAST FOREST",-0.019756426000407,0.102718061138752,1,175,51,27,7590
15,"2x",1400,TRUE,"16x",16,0.150198083385556,"MEDITERRANEAN CALIFORNIA",0.0824494623976797,0.123274291444066,1,175,142,27,3501
15,"2x",1400,TRUE,"16x",16,0.150198083385556,"NORTH AMERICAN DESERTS",0.0310283793974126,-0.00979644964897368,1,175,86,27,365
15,"2x",1400,TRUE,"16x",16,0.150198083385556,"NORTHERN FORESTS",-0.0895087116761425,-0.211983198815301,0,175,36,27,445
15,"2x",1400,TRUE,"16x",16,0.150198083385556,"NORTHWESTERN FORESTED MOUNTAINS",0.12510012156476,-0.079024023667171,1,175,33,27,708
15,"2x",1400,TRUE,"16x",16,0.150198083385556,"WATER",0.0747567429299861,-0.211017060394718,1,175,38,27,525
16,"2x",1400,TRUE,"16x",16,0.175596138843034,"EASTERN TEMPERATE FORESTS",-0.072708088491577,0.213065714833127,1,175,19,27,269
16,"2x",1400,TRUE,"16x",16,0.175596138843034,"GREAT PLAINS",-0.127119202282842,0.0770049429490897,1,175,46,27,1464
16,"2x",1400,TRUE,"16x",16,0.175596138843034,"MARINE WEST COAST FOREST",-0.110450276381886,0.0120242107572733,1,175,44,27,5301
16,"2x",1400,TRUE,"16x",16,0.175596138843034,"MEDITERRANEAN CALIFORNIA",-0.0502436742422359,-0.00941884519584955,1,175,137,27,3603
16,"2x",1400,TRUE,"16x",16,0.175596138843034,"NORTH AMERICAN DESERTS",0.0758070886062364,0.0349822595598501,1,175,62,27,322
16,"2x",1400,TRUE,"16x",16,0.175596138843034,"NORTHERN FORESTS",0.118018114408387,-0.00445637273077223,1,175,18,27,609
16,"2x",1400,TRUE,"16x",16,0.175596138843034,"NORTHWESTERN FORESTED MOUNTAINS",-0.0385820117981597,-0.242706157030091,1,175,33,27,469
16,"2x",1400,TRUE,"16x",16,0.175596138843034,"WATER",0.0544431522341544,-0.23133065109055,1,175,53,27,279
17,"2x",1400,TRUE,"16x",16,0.215479134769605,"EASTERN TEMPERATE FORESTS",-0.218715113419265,0.0670586899054387,1,175,28,27,300
17,"2x",1400,TRUE,"16x",16,0.215479134769605,"GREAT PLAINS",-0.144942343328237,0.0591818019036948,1,175,31,27,1017
17,"2x",1400,TRUE,"16x",16,0.215479134769605,"MARINE WEST COAST FOREST",-0.0221905758180062,0.100283911321153,1,175,38,27,7284
17,"2x",1400,TRUE,"16x",16,0.215479134769605,"MEDITERRANEAN CALIFORNIA",0.129692359737794,0.17051718878418,1,175,143,27,3328
17,"2x",1400,TRUE,"16x",16,0.215479134769605,"NORTH AMERICAN DESERTS",-0.0213094814278702,-0.0621343104742565,1,175,74,27,399
17,"2x",1400,TRUE,"16x",16,0.215479134769605,"NORTHERN FORESTS",0.0883664842630011,-0.0341080028761578,1,175,14,27,505
17,"2x",1400,TRUE,"16x",16,0.215479134769605,"NORTHWESTERN FORESTED MOUNTAINS",0.169764711330341,-0.034359433901591,1,175,32,27,814
17,"2x",1400,TRUE,"16x",16,0.215479134769605,"WATER",0.0761147723362999,-0.209659030988404,1,175,37,27,366
18,"2x",1400,TRUE,"16x",16,0.23094330275579,"EASTERN TEMPERATE FORESTS",-0.181645013198733,0.104128790125971,1,175,37,27,288
18,"2x",1400,TRUE,"16x",16,0.23094330275579,"GREAT PLAINS",-0.0593102774660406,0.144813867765891,1,175,37,27,1287
18,"2x",1400,TRUE,"16x",16,0.23094330275579,"MARINE WEST COAST FOREST",-0.0898255236185595,0.0326489635205994,1,175,44,27,7611
18,"2x",1400,TRUE,"16x",16,0.23094330275579,"MEDITERRANEAN CALIFORNIA",-0.117419202327526,-0.0765943732811396,1,175,129,27,3419
18,"2x",1400,TRUE,"16x",16,0.23094330275579,"NORTH AMERICAN DESERTS",0.131589508584472,0.0907646795380857,1,175,71,27,277
18,"2x",1400,TRUE,"16x",16,0.23094330275579,"NORTHERN FORESTS",0.101241453463769,-0.02123303367539,1,175,38,27,587
18,"2x",1400,TRUE,"16x",16,0.23094330275579,"NORTHWESTERN FORESTED MOUNTAINS",0.0184570684210833,-0.185667076810848,1,175,34,27,529
18,"2x",1400,TRUE,"16x",16,0.23094330275579,"WATER",0.266160665872434,-0.0196131374522706,1,175,57,27,404
19,"2x",1400,TRUE,"16x",16,0.237290814857936,"EASTERN TEMPERATE FORESTS",-0.134567649901285,0.151206153423419,1,175,38,27,281
19,"2x",1400,TRUE,"16x",16,0.237290814857936,"GREAT PLAINS",-0.171672663187127,0.0324514820448048,1,175,51,27,1451
19,"2x",1400,TRUE,"16x",16,0.237290814857936,"MARINE WEST COAST FOREST",-0.0964286464600558,0.0260458406791031,1,175,27,27,9817
19,"2x",1400,TRUE,"16x",16,0.237290814857936,"MEDITERRANEAN CALIFORNIA",-0.0266831764871955,0.0141416525591908,1,175,155,27,3722
19,"2x",1400,TRUE,"16x",16,0.237290814857936,"NORTH AMERICAN DESERTS",-0.112605351601548,-0.153430180647934,1,175,104,27,296
19,"2x",1400,TRUE,"16x",16,0.237290814857936,"NORTHERN FORESTS",0.326266985662477,0.203792498523318,1,175,23,27,582
19,"2x",1400,TRUE,"16x",16,0.237290814857936,"NORTHWESTERN FORESTED MOUNTAINS",0.0137900986333733,-0.190334046598558,1,175,38,27,439
19,"2x",1400,TRUE,"16x",16,0.237290814857936,"WATER",-0.0239880168235313,-0.309761820148236,1,175,50,27,341
20,"2x",1400,TRUE,"16x",16,0.0975895677078385,"EASTERN TEMPERATE FORESTS",-0.0888572479397512,0.196916555384953,1,175,23,27,245
20,"2x",1400,TRUE,"16x",16,0.0975895677078385,"GREAT PLAINS",-0.00860838575083005,0.195515759481101,1,175,41,27,1709
20,"2x",1400,TRUE,"16x",16,0.0975895677078385,"MARINE WEST COAST FOREST",0.0220880270410526,0.144562514180212,0,175,48,27,7162
20,"2x",1400,TRUE,"16x",16,0.0975895677078385,"MEDITERRANEAN CALIFORNIA",0.0210738788269403,0.0618987078733266,1,175,149,27,3765
20,"2x",1400,TRUE,"16x",16,0.0975895677078385,"NORTH AMERICAN DESERTS",0.00045518124795258,-0.0403696477984337,1,175,78,27,305
20,"2x",1400,TRUE,"16x",16,0.0975895677078385,"NORTHERN FORESTS",-0.0178932288721021,-0.140367716011261,1,175,50,27,477
20,"2x",1400,TRUE,"16x",16,0.0975895677078385,"NORTHWESTERN FORESTED MOUNTAINS",0.0383754761635516,-0.16574866906838,1,175,63,27,552
20,"2x",1400,TRUE,"16x",16,0.0975895677078385,"WATER",0.0503836370363683,-0.235390166288336,1,175,40,27,425
21,"2x",1400,TRUE,"16x",16,0.0689061160998607,"EASTERN TEMPERATE FORESTS",-0.00875781552413472,0.277015987800569,0,175,21,27,341
21,"2x",1400,TRUE,"16x",16,0.0689061160998607,"GREAT PLAINS",-0.033841880552628,0.170282264679304,1,175,42,27,1567
21,"2x",1400,TRUE,"16x",16,0.0689061160998607,"MARINE WEST COAST FOREST",-0.0279639688097178,0.0945105183294412,1,175,41,27,4658
21,"2x",1400,TRUE,"16x",16,0.0689061160998607,"MEDITERRANEAN CALIFORNIA",-0.0356728543319412,0.0051519747144451,1,175,132,27,3674
21,"2x",1400,TRUE,"16x",16,0.0689061160998607,"NORTH AMERICAN DESERTS",0.0183134882843921,-0.0225113407619942,1,175,75,27,360
21,"2x",1400,TRUE,"16x",16,0.0689061160998607,"NORTHERN FORESTS",0.0215279289856584,-0.1009465581535,1,175,15,27,548
21,"2x",1400,TRUE,"16x",16,0.0689061160998607,"NORTHWESTERN FORESTED MOUNTAINS",0.0173162103077342,-0.186807934924197,0,175,45,27,576
21,"2x",1400,TRUE,"16x",16,0.0689061160998607,"WATER",0.0378002302771164,-0.247973573047588,0,175,27,27,453
22,"2x",1400,TRUE,"16x",16,0.118523709021564,"EASTERN TEMPERATE FORESTS",-0.0825397561707464,0.203234047153958,1,175,28,27,302
22,"2x",1400,TRUE,"16x",16,0.118523709021564,"GREAT PLAINS",-0.0603908650603397,0.143733280171592,1,175,31,27,1110
22,"2x",1400,TRUE,"16x",16,0.118523709021564,"MARINE WEST COAST FOREST",-0.0489481587219242,0.0735263284172347,1,175,25,27,6515
22,"2x",1400,TRUE,"16x",16,0.118523709021564,"MEDITERRANEAN CALIFORNIA",-0.0502300259342834,-0.00940519688789712,1,175,146,27,3717
22,"2x",1400,TRUE,"16x",16,0.118523709021564,"NORTH AMERICAN DESERTS",0.0114681103497127,-0.0293567186966736,1,175,87,27,367
22,"2x",1400,TRUE,"16x",16,0.118523709021564,"NORTHERN FORESTS",0.010785941283418,-0.111688545855741,1,175,41,27,498
22,"2x",1400,TRUE,"16x",16,0.118523709021564,"NORTHWESTERN FORESTED MOUNTAINS",0.0572549233490912,-0.14686922188284,1,175,37,27,699
22,"2x",1400,TRUE,"16x",16,0.118523709021564,"WATER",0.129022179911385,-0.156751623413319,1,175,65,27,516
23,"2x",1400,TRUE,"16x",16,0.120826481103625,"EASTERN TEMPERATE FORESTS",0.0889846735340052,0.374758476858709,0,175,27,27,305
23,"2x",1400,TRUE,"16x",16,0.120826481103625,"GREAT PLAINS",0.0669440832858427,0.271068228517774,0,175,41,27,1751
23,"2x",1400,TRUE,"16x",16,0.120826481103625,"MARINE WEST COAST FOREST",0.0468996324782931,0.169374119617452,0,175,47,27,6782
23,"2x",1400,TRUE,"16x",16,0.120826481103625,"MEDITERRANEAN CALIFORNIA",-0.0347103026344847,0.00611452641190162,1,175,134,27,3719
23,"2x",1400,TRUE,"16x",16,0.120826481103625,"NORTH AMERICAN DESERTS",0.0846089969005198,0.0437841678541335,1,175,70,27,386
23,"2x",1400,TRUE,"16x",16,0.120826481103625,"NORTHERN FORESTS",-0.0738300549494504,-0.196304542088609,0,175,26,27,704
23,"2x",1400,TRUE,"16x",16,0.120826481103625,"NORTHWESTERN FORESTED MOUNTAINS",-0.00506421065927642,-0.209188355891208,1,175,33,27,707
23,"2x",1400,TRUE,"16x",16,0.120826481103625,"WATER",-0.0742650202465045,-0.360038823571209,0,175,61,27,448
24,"2x",1400,TRUE,"16x",16,0.286041277243263,"EASTERN TEMPERATE FORESTS",-0.154547402535904,0.1312264007888,1,175,32,27,222
24,"2x",1400,TRUE,"16x",16,0.286041277243263,"GREAT PLAINS",-0.279901317193066,-0.0757771719611348,1,175,54,27,1261
24,"2x",1400,TRUE,"16x",16,0.286041277243263,"MARINE WEST COAST FOREST",-0.212651440703209,-0.0901769535640501,1,175,42,27,6253
24,"2x",1400,TRUE,"16x",16,0.286041277243263,"MEDITERRANEAN CALIFORNIA",0.0443195570378549,0.0851443860842412,1,175,135,27,4255
24,"2x",1400,TRUE,"16x",16,0.286041277243263,"NORTH AMERICAN DESERTS",0.0301485404425506,-0.0106762886038357,1,175,67,27,410
24,"2x",1400,TRUE,"16x",16,0.286041277243263,"NORTHERN FORESTS",0.0548776396609203,-0.0675968474782386,1,175,28,27,508
24,"2x",1400,TRUE,"16x",16,0.286041277243263,"NORTHWESTERN FORESTED MOUNTAINS",0.296188036668513,0.0920638914365817,1,175,31,27,717
24,"2x",1400,TRUE,"16x",16,0.286041277243263,"WATER",0.183401852866202,-0.102371950458502,1,175,47,27,482
25,"2x",1400,TRUE,"16x",16,0.0750156377281397,"EASTERN TEMPERATE FORESTS",-0.0410912173309736,0.244682585993731,1,175,48,27,261
25,"2x",1400,TRUE,"16x",16,0.0750156377281397,"GREAT PLAINS",0.00689853865141189,0.211022683883343,0,175,47,27,1520
25,"2x",1400,TRUE,"16x",16,0.0750156377281397,"MARINE WEST COAST FOREST",-0.0212778526470116,0.101196634492147,1,175,37,27,8346
25,"2x",1400,TRUE,"16x",16,0.0750156377281397,"MEDITERRANEAN CALIFORNIA",-0.0287585063211866,0.0120663227251997,1,175,144,27,3885
25,"2x",1400,TRUE,"16x",16,0.0750156377281397,"NORTH AMERICAN DESERTS",-0.0118094142395615,-0.0526342432859478,1,175,84,27,351
25,"2x",1400,TRUE,"16x",16,0.0750156377281397,"NORTHERN FORESTS",0.0146771404447553,-0.107797346694404,1,175,28,27,643
25,"2x",1400,TRUE,"16x",16,0.0750156377281397,"NORTHWESTERN FORESTED MOUNTAINS",-0.00614975048827954,-0.210273895720211,0,175,45,27,532
25,"2x",1400,TRUE,"16x",16,0.0750156377281397,"WATER",0.0675322795151193,-0.218241523809585,1,175,48,27,493
26,"2x",1400,TRUE,"16x",16,0.123030178515353,"EASTERN TEMPERATE FORESTS",0.0583795711453509,0.344153374470055,0,175,19,27,267
26,"2x",1400,TRUE,"16x",16,0.123030178515353,"GREAT PLAINS",-0.0410549904581207,0.163069154773811,1,175,36,27,1800
26,"2x",1400,TRUE,"16x",16,0.123030178515353,"MARINE WEST COAST FOREST",-0.0870495800902875,0.0354249070488714,1,175,52,27,7145
26,"2x",1400,TRUE,"16x",16,0.123030178515353,"MEDITERRANEAN CALIFORNIA",-0.0481832385242082,-0.0073584094778219,1,175,132,27,3566
26,"2x",1400,TRUE,"16x",16,0.123030178515353,"NORTH AMERICAN DESERTS",-0.045596189536834,-0.0864210185832203,1,175,77,27,272
26,"2x",1400,TRUE,"16x",16,0.123030178515353,"NORTHERN FORESTS",-0.0019221998620288,-0.124396687001188,1,175,23,27,536
26,"2x",1400,TRUE,"16x",16,0.123030178515353,"NORTHWESTERN FORESTED MOUNTAINS",0.0428795633235427,-0.161244581908389,1,175,35,27,698
26,"2x",1400,TRUE,"16x",16,0.123030178515353,"WATER",0.124403558631753,-0.161370244692951,1,175,27,27,471
27,"2x",1400,TRUE,"16x",16,1.47594252022794,"EASTERN TEMPERATE FORESTS",2.54537013964391,2.83114394296862,0,175,31,27,290
27,"2x",1400,TRUE,"16x",16,1.47594252022794,"GREAT PLAINS",0.063157081456894,0.267281226688826,1,175,38,27,1913
27,"2x",1400,TRUE,"16x",16,1.47594252022794,"MARINE WEST COAST FOREST",0.92237737769118,1.04485186483034,1,175,53,27,6043
27,"2x",1400,TRUE,"16x",16,1.47594252022794,"MEDITERRANEAN CALIFORNIA",-1.50075316555881,-1.45992833651242,1,175,123,27,4524
27,"2x",1400,TRUE,"16x",16,1.47594252022794,"NORTH AMERICAN DESERTS",1.61490900815282,1.57408417910644,1,175,79,27,322
27,"2x",1400,TRUE,"16x",16,1.47594252022794,"NORTHERN FORESTS",1.02941130217821,0.906936815039051,1,175,24,27,733
27,"2x",1400,TRUE,"16x",16,1.47594252022794,"NORTHWESTERN FORESTED MOUNTAINS",1.36684675358715,1.16272260835522,1,175,33,27,560
27,"2x",1400,TRUE,"16x",16,1.47594252022794,"WATER",-0.0423549912978828,-0.328128794622587,1,175,54,27,476
28,"2x",1400,TRUE,"16x",16,0.210776680799267,"EASTERN TEMPERATE FORESTS",0.153151931031903,0.438925734356608,0,175,33,27,369
28,"2x",1400,TRUE,"16x",16,0.210776680799267,"GREAT PLAINS",0.189377676958138,0.39350182219007,0,175,47,27,848
28,"2x",1400,TRUE,"16x",16,0.210776680799267,"MARINE WEST COAST FOREST",0.124782783840515,0.247257270979674,0,175,44,27,8015
28,"2x",1400,TRUE,"16x",16,0.210776680799267,"MEDITERRANEAN CALIFORNIA",0.0292681552123343,0.0700929842587207,1,175,147,27,3430
28,"2x",1400,TRUE,"16x",16,0.210776680799267,"NORTH AMERICAN DESERTS",0.00684291624229428,-0.033981912804092,1,175,94,27,327
28,"2x",1400,TRUE,"16x",16,0.210776680799267,"NORTHERN FORESTS",0.132034101687476,0.00955961454831748,1,175,24,27,492
28,"2x",1400,TRUE,"16x",16,0.210776680799267,"NORTHWESTERN FORESTED MOUNTAINS",0.0289201586790966,-0.175203986552835,1,175,51,27,648
28,"2x",1400,TRUE,"16x",16,0.210776680799267,"WATER",0.0509179475519522,-0.234855855772752,1,175,53,27,372
29,"2x",1400,TRUE,"16x",16,0.126360324807264,"EASTERN TEMPERATE FORESTS",-0.151220710682496,0.134553092642208,1,175,26,27,289
29,"2x",1400,TRUE,"16x",16,0.126360324807264,"GREAT PLAINS",-0.0210853354498079,0.183038809782124,1,175,46,27,1177
29,"2x",1400,TRUE,"16x",16,0.126360324807264,"MARINE WEST COAST FOREST",0.0405943582688902,0.163068845408049,0,175,34,27,8314
29,"2x",1400,TRUE,"16x",16,0.126360324807264,"MEDITERRANEAN CALIFORNIA",0.0159388920462497,0.056763721092636,1,175,139,27,3967
29,"2x",1400,TRUE,"16x",16,0.126360324807264,"NORTH AMERICAN DESERTS",0.00675225396367663,-0.0340725750827097,1,175,87,27,409
29,"2x",1400,TRUE,"16x",16,0.126360324807264,"NORTHERN FORESTS",0.0402732074144997,-0.0822012797246592,1,175,24,27,630
29,"2x",1400,TRUE,"16x",16,0.126360324807264,"NORTHWESTERN FORESTED MOUNTAINS",0.0189913656375995,-0.185132779594332,1,175,26,27,599
29,"2x",1400,TRUE,"16x",16,0.126360324807264,"WATER",0.0992136156679068,-0.186560187656797,1,175,46,27,438
30,"2x",1400,TRUE,"16x",16,0.111704522219374,"EASTERN TEMPERATE FORESTS",-0.00011684043003596,0.285656962894668,0,175,28,27,328
30,"2x",1400,TRUE,"16x",16,0.111704522219374,"GREAT PLAINS",-0.0767909851462226,0.127333160085709,1,175,31,27,1184
30,"2x",1400,TRUE,"16x",16,0.111704522219374,"MARINE WEST COAST FOREST",-0.0211270789793526,0.101347408159806,1,175,38,27,5916
30,"2x",1400,TRUE,"16x",16,0.111704522219374,"MEDITERRANEAN CALIFORNIA",0.014558422289603,0.0553832513359893,1,175,153,27,3800
30,"2x",1400,TRUE,"16x",16,0.111704522219374,"NORTH AMERICAN DESERTS",-0.0219458844381367,-0.062770713484523,1,175,74,27,326
30,"2x",1400,TRUE,"16x",16,0.111704522219374,"NORTHERN FORESTS",0.0304372184094891,-0.0920372687296698,1,175,27,27,710
30,"2x",1400,TRUE,"16x",16,0.111704522219374,"NORTHWESTERN FORESTED MOUNTAINS",-0.0721856530452523,-0.276309798277184,0,175,40,27,749
30,"2x",1400,TRUE,"16x",16,0.111704522219374,"WATER",0.0987632284670728,-0.187010574857631,1,175,61,27,579
1,"2x",1400,TRUE,"1x",1,0.145535715050658,"EASTERN TEMPERATE FORESTS",-0.0451975277230237,0.24057627560168,1,175,29,27,15
1,"2x",1400,TRUE,"1x",1,0.145535715050658,"GREAT PLAINS",0.0988131820640483,0.30293732729598,0,175,50,27,83
1,"2x",1400,TRUE,"1x",1,0.145535715050658,"MARINE WEST COAST FOREST",0.00227819138916201,0.124752678528321,1,175,30,27,438
1,"2x",1400,TRUE,"1x",1,0.145535715050658,"MEDITERRANEAN CALIFORNIA",-0.0465091329989198,-0.00568430395253352,1,175,137,27,240
1,"2x",1400,TRUE,"1x",1,0.145535715050658,"NORTH AMERICAN DESERTS",-0.0505501783601298,-0.0913750074065161,1,175,87,27,18
1,"2x",1400,TRUE,"1x",1,0.145535715050658,"NORTHERN FORESTS",0.0507409890436651,-0.0717334980954938,1,175,30,27,41
1,"2x",1400,TRUE,"1x",1,0.145535715050658,"NORTHWESTERN FORESTED MOUNTAINS",-0.0301904817459383,-0.23431462697787,1,175,38,27,31
1,"2x",1400,TRUE,"1x",1,0.145535715050658,"WATER",0.0405929610000031,-0.245180842324701,1,175,33,27,31
2,"2x",1400,TRUE,"1x",1,0.11263979060352,"EASTERN TEMPERATE FORESTS",-0.0150256313075577,0.270748172017146,1,175,21,27,21
2,"2x",1400,TRUE,"1x",1,0.11263979060352,"GREAT PLAINS",0.0527194130485629,0.256843558280494,0,175,49,27,102
2,"2x",1400,TRUE,"1x",1,0.11263979060352,"MARINE WEST COAST FOREST",0.027263796417342,0.149738283556501,1,175,33,27,497
2,"2x",1400,TRUE,"1x",1,0.11263979060352,"MEDITERRANEAN CALIFORNIA",-0.000705807569027816,0.0401190214773585,1,175,154,27,257
2,"2x",1400,TRUE,"1x",1,0.11263979060352,"NORTH AMERICAN DESERTS",-0.0411192346742183,-0.0819440637206046,1,175,90,27,11
2,"2x",1400,TRUE,"1x",1,0.11263979060352,"NORTHERN FORESTS",0.0372867029379244,-0.0851877842012344,1,175,29,27,30
2,"2x",1400,TRUE,"1x",1,0.11263979060352,"NORTHWESTERN FORESTED MOUNTAINS",-0.0462915171099052,-0.250415662341837,0,175,29,27,25
2,"2x",1400,TRUE,"1x",1,0.11263979060352,"WATER",0.00755446008030547,-0.278219343244399,1,175,48,27,21
3,"2x",1400,TRUE,"1x",1,0.17091468015724,"EASTERN TEMPERATE FORESTS",0.0335734898978131,0.319347293222517,1,175,22,27,18
3,"2x",1400,TRUE,"1x",1,0.17091468015724,"GREAT PLAINS",-0.0152256616046025,0.188898483627329,1,175,39,27,112
3,"2x",1400,TRUE,"1x",1,0.17091468015724,"MARINE WEST COAST FOREST",-0.0395658245793191,0.0829086625598398,1,175,46,27,390
3,"2x",1400,TRUE,"1x",1,0.17091468015724,"MEDITERRANEAN CALIFORNIA",-0.0137659049879939,0.0270589240583924,1,175,137,27,260
3,"2x",1400,TRUE,"1x",1,0.17091468015724,"NORTH AMERICAN DESERTS",-0.0861801592889938,-0.12700498833538,1,175,93,27,17
3,"2x",1400,TRUE,"1x",1,0.17091468015724,"NORTHERN FORESTS",-0.0956550314449524,-0.218129518584111,1,175,35,27,34
3,"2x",1400,TRUE,"1x",1,0.17091468015724,"NORTHWESTERN FORESTED MOUNTAINS",0.0212291208424189,-0.182895024389513,1,175,35,27,40
3,"2x",1400,TRUE,"1x",1,0.17091468015724,"WATER",0.0895428039970926,-0.196230999327612,1,175,55,27,22
4,"2x",1400,TRUE,"1x",1,0.219821301410881,"EASTERN TEMPERATE FORESTS",-0.0613896739612685,0.224384129363436,1,175,22,27,13
4,"2x",1400,TRUE,"1x",1,0.219821301410881,"GREAT PLAINS",-0.118928672525998,0.0851954727059335,1,175,40,27,80
4,"2x",1400,TRUE,"1x",1,0.219821301410881,"MARINE WEST COAST FOREST",0.107210947508618,0.229685434647777,1,175,37,27,582
4,"2x",1400,TRUE,"1x",1,0.219821301410881,"MEDITERRANEAN CALIFORNIA",0.0727414271153709,0.113566256161757,1,175,108,27,259
4,"2x",1400,TRUE,"1x",1,0.219821301410881,"NORTH AMERICAN DESERTS",-0.0893062945755804,-0.130131123621967,1,175,81,27,10
4,"2x",1400,TRUE,"1x",1,0.219821301410881,"NORTHERN FORESTS",0.1106831719427,-0.0117913151964588,1,175,31,27,45
4,"2x",1400,TRUE,"1x",1,0.219821301410881,"NORTHWESTERN FORESTED MOUNTAINS",-0.094769892209387,-0.298894037441319,1,175,38,27,25
4,"2x",1400,TRUE,"1x",1,0.219821301410881,"WATER",-0.058871952273626,-0.34464575559833,1,175,48,27,27
5,"2x",1400,TRUE,"1x",1,0.224014586410249,"EASTERN TEMPERATE FORESTS",-0.141742835180966,0.144030968143738,1,175,32,27,21
5,"2x",1400,TRUE,"1x",1,0.224014586410249,"GREAT PLAINS",-0.091992235127887,0.112131910104044,1,175,32,27,87
5,"2x",1400,TRUE,"1x",1,0.224014586410249,"MARINE WEST COAST FOREST",-0.10788483130143,0.0145896558377288,1,175,31,27,407
5,"2x",1400,TRUE,"1x",1,0.224014586410249,"MEDITERRANEAN CALIFORNIA",0.0311090821580259,0.0719339112044122,1,175,149,27,216
5,"2x",1400,TRUE,"1x",1,0.224014586410249,"NORTH AMERICAN DESERTS",0.0107641778992339,-0.0300606511471524,1,175,76,27,22
5,"2x",1400,TRUE,"1x",1,0.224014586410249,"NORTHERN FORESTS",-0.0183945901796322,-0.140869077318791,1,175,37,27,36
5,"2x",1400,TRUE,"1x",1,0.224014586410249,"NORTHWESTERN FORESTED MOUNTAINS",0.0507127090164257,-0.153411436215506,1,175,37,27,41
5,"2x",1400,TRUE,"1x",1,0.224014586410249,"WATER",0.193133488362631,-0.0926403149620731,1,175,34,27,32
6,"2x",1400,TRUE,"1x",1,0.0734196476519163,"EASTERN TEMPERATE FORESTS",-0.000360246068695606,0.285413557256009,0,175,33,27,23
6,"2x",1400,TRUE,"1x",1,0.0734196476519163,"GREAT PLAINS",0.00662423691357932,0.210748382145511,0,175,50,27,92
6,"2x",1400,TRUE,"1x",1,0.0734196476519163,"MARINE WEST COAST FOREST",0.00853582321970233,0.131010310358861,1,175,29,27,545
6,"2x",1400,TRUE,"1x",1,0.0734196476519163,"MEDITERRANEAN CALIFORNIA",0.0142513399862959,0.0550761690326822,1,175,134,27,259
6,"2x",1400,TRUE,"1x",1,0.0734196476519163,"NORTH AMERICAN DESERTS",-0.0107843868542815,-0.0516092159006678,1,175,75,27,19
6,"2x",1400,TRUE,"1x",1,0.0734196476519163,"NORTHERN FORESTS",-0.00469660119103166,-0.127171088330191,1,175,25,27,25
6,"2x",1400,TRUE,"1x",1,0.0734196476519163,"NORTHWESTERN FORESTED MOUNTAINS",-0.0314561853815175,-0.235580330613449,1,175,41,27,31
6,"2x",1400,TRUE,"1x",1,0.0734196476519163,"WATER",0.0134891274256639,-0.27228467589904,0,175,37,27,22
7,"2x",1400,TRUE,"1x",1,0.166941920719941,"EASTERN TEMPERATE FORESTS",-0.092925648647123,0.192848154677581,1,175,34,27,10
7,"2x",1400,TRUE,"1x",1,0.166941920719941,"GREAT PLAINS",-0.0584478147404593,0.145676330491472,1,175,53,27,77
7,"2x",1400,TRUE,"1x",1,0.166941920719941,"MARINE WEST COAST FOREST",-0.00668963230431841,0.11578485483484,1,175,36,27,411
7,"2x",1400,TRUE,"1x",1,0.166941920719941,"MEDITERRANEAN CALIFORNIA",0.0966768038483435,0.13750163289473,1,175,121,27,273
7,"2x",1400,TRUE,"1x",1,0.166941920719941,"NORTH AMERICAN DESERTS",0.0145365712086115,-0.0262882578377748,1,175,76,27,32
7,"2x",1400,TRUE,"1x",1,0.166941920719941,"NORTHERN FORESTS",0.104838519677136,-0.017635967462023,1,175,41,27,34
7,"2x",1400,TRUE,"1x",1,0.166941920719941,"NORTHWESTERN FORESTED MOUNTAINS",-0.0105936911206186,-0.21471783635255,1,175,35,27,34
7,"2x",1400,TRUE,"1x",1,0.166941920719941,"WATER",-0.075352334314996,-0.3611261376397,0,175,33,27,26
8,"2x",1400,TRUE,"1x",1,0.210125452277937,"EASTERN TEMPERATE FORESTS",0.0208894812887111,0.306663284613415,1,175,31,27,17
8,"2x",1400,TRUE,"1x",1,0.210125452277937,"GREAT PLAINS",-0.074658527263974,0.129465617967958,1,175,38,27,60
8,"2x",1400,TRUE,"1x",1,0.210125452277937,"MARINE WEST COAST FOREST",0.0129769577657417,0.135451444904901,1,175,32,27,426
8,"2x",1400,TRUE,"1x",1,0.210125452277937,"MEDITERRANEAN CALIFORNIA",0.0231631584701187,0.063987987516505,1,175,132,27,266
8,"2x",1400,TRUE,"1x",1,0.210125452277937,"NORTH AMERICAN DESERTS",-0.148698461514587,-0.189523290560973,1,175,70,27,6
8,"2x",1400,TRUE,"1x",1,0.210125452277937,"NORTHERN FORESTS",-0.0937830614242123,-0.216257548563371,1,175,34,27,26
8,"2x",1400,TRUE,"1x",1,0.210125452277937,"NORTHWESTERN FORESTED MOUNTAINS",0.109879857625632,-0.0942442876062993,1,175,30,27,35
8,"2x",1400,TRUE,"1x",1,0.210125452277937,"WATER",0.0355349753557077,-0.250238827968996,1,175,64,27,29
9,"2x",1400,TRUE,"1x",1,0.479995258054315,"EASTERN TEMPERATE FORESTS",-0.132959026572352,0.152814776752352,1,175,28,27,28
9,"2x",1400,TRUE,"1x",1,0.479995258054315,"GREAT PLAINS",0.584840924804931,0.788965070036862,0,175,36,27,155
9,"2x",1400,TRUE,"1x",1,0.479995258054315,"MARINE WEST COAST FOREST",0.0424073657249944,0.164881852864153,1,175,50,27,495
9,"2x",1400,TRUE,"1x",1,0.479995258054315,"MEDITERRANEAN CALIFORNIA",-0.292025077915361,-0.251200248868974,1,175,175,27,199
9,"2x",1400,TRUE,"1x",1,0.479995258054315,"NORTH AMERICAN DESERTS",-0.0499321520578745,-0.0907569811042609,1,175,86,27,15
9,"2x",1400,TRUE,"1x",1,0.479995258054315,"NORTHERN FORESTS",0.149722254116236,0.0272477669770774,1,175,22,27,37
9,"2x",1400,TRUE,"1x",1,0.479995258054315,"NORTHWESTERN FORESTED MOUNTAINS",-0.416551841664354,-0.620675986896286,0,175,36,27,41
9,"2x",1400,TRUE,"1x",1,0.479995258054315,"WATER",0.274851044888306,-0.0109227584363978,1,175,64,27,28
10,"2x",1400,TRUE,"1x",1,0.192432899313701,"EASTERN TEMPERATE FORESTS",0.0564776950676569,0.342251498392361,1,175,37,27,27
10,"2x",1400,TRUE,"1x",1,0.192432899313701,"GREAT PLAINS",0.0555678279343751,0.259691973166307,1,175,50,27,76
10,"2x",1400,TRUE,"1x",1,0.192432899313701,"MARINE WEST COAST FOREST",-0.0751473127362417,0.0473271744029172,1,175,38,27,571
10,"2x",1400,TRUE,"1x",1,0.192432899313701,"MEDITERRANEAN CALIFORNIA",-0.112115569430954,-0.0712907403845677,1,175,143,27,204
10,"2x",1400,TRUE,"1x",1,0.192432899313701,"NORTH AMERICAN DESERTS",-0.0904936001727784,-0.131318429219165,1,175,71,27,14
10,"2x",1400,TRUE,"1x",1,0.192432899313701,"NORTHERN FORESTS",-0.00248097171308469,-0.124955458852244,1,175,36,27,31
10,"2x",1400,TRUE,"1x",1,0.192432899313701,"NORTHWESTERN FORESTED MOUNTAINS",0.0225129018658215,-0.18161124336611,1,175,36,27,38
10,"2x",1400,TRUE,"1x",1,0.192432899313701,"WATER",0.00981866218111525,-0.275955141143589,1,175,49,27,21
11,"2x",1400,TRUE,"1x",1,0.174104721944301,"EASTERN TEMPERATE FORESTS",-0.125762138350458,0.160011664974246,1,175,43,27,21
11,"2x",1400,TRUE,"1x",1,0.174104721944301,"GREAT PLAINS",0.0549648759283961,0.259089021160328,1,175,50,27,89
11,"2x",1400,TRUE,"1x",1,0.174104721944301,"MARINE WEST COAST FOREST",-0.0127901309003551,0.109684356238804,1,175,35,27,447
11,"2x",1400,TRUE,"1x",1,0.174104721944301,"MEDITERRANEAN CALIFORNIA",0.0472306733329265,0.0880555023793128,1,175,157,27,208
11,"2x",1400,TRUE,"1x",1,0.174104721944301,"NORTH AMERICAN DESERTS",-0.0189466316391823,-0.0597714606855686,1,175,64,27,21
11,"2x",1400,TRUE,"1x",1,0.174104721944301,"NORTHERN FORESTS",-0.0560562303609701,-0.178530717500129,1,175,25,27,41
11,"2x",1400,TRUE,"1x",1,0.174104721944301,"NORTHWESTERN FORESTED MOUNTAINS",0.059715948175961,-0.144408197055971,1,175,36,27,38
11,"2x",1400,TRUE,"1x",1,0.174104721944301,"WATER",0.0755556468549969,-0.210218156469707,1,175,34,27,35
12,"2x",1400,TRUE,"1x",1,0.300953523669167,"EASTERN TEMPERATE FORESTS",-0.0687125035934631,0.217061299731241,1,175,31,27,17
12,"2x",1400,TRUE,"1x",1,0.300953523669167,"GREAT PLAINS",-0.155117369865375,0.0490067753665567,1,175,36,27,69
12,"2x",1400,TRUE,"1x",1,0.300953523669167,"MARINE WEST COAST FOREST",0.061880713979685,0.184355201118844,1,175,44,27,363
12,"2x",1400,TRUE,"1x",1,0.300953523669167,"MEDITERRANEAN CALIFORNIA",0.146383712286491,0.187208541332877,1,175,142,27,225
12,"2x",1400,TRUE,"1x",1,0.300953523669167,"NORTH AMERICAN DESERTS",-0.27925344201744,-0.320078271063826,1,175,81,27,13
12,"2x",1400,TRUE,"1x",1,0.300953523669167,"NORTHERN FORESTS",0.302156737172577,0.179682250033418,1,175,33,27,35
12,"2x",1400,TRUE,"1x",1,0.300953523669167,"NORTHWESTERN FORESTED MOUNTAINS",-0.0324910937175767,-0.236615238949508,1,175,41,27,45
12,"2x",1400,TRUE,"1x",1,0.300953523669167,"WATER",0.0354560860259889,-0.250317717298715,1,175,48,27,42
13,"2x",1400,TRUE,"1x",1,0.087823810921885,"EASTERN TEMPERATE FORESTS",-0.0206342421382678,0.265139561186436,0,175,34,27,16
13,"2x",1400,TRUE,"1x",1,0.087823810921885,"GREAT PLAINS",0.0251881146878147,0.229312259919746,0,175,42,27,72
13,"2x",1400,TRUE,"1x",1,0.087823810921885,"MARINE WEST COAST FOREST",-0.00804993293472121,0.114424554204438,1,175,37,27,240
13,"2x",1400,TRUE,"1x",1,0.087823810921885,"MEDITERRANEAN CALIFORNIA",0.0322337402265391,0.0730585692729254,1,175,141,27,196
13,"2x",1400,TRUE,"1x",1,0.087823810921885,"NORTH AMERICAN DESERTS",-0.0309006583716173,-0.0717254874180036,1,175,101,27,10
13,"2x",1400,TRUE,"1x",1,0.087823810921885,"NORTHERN FORESTS",0.0128354120973829,-0.109639075041776,1,175,40,27,48
13,"2x",1400,TRUE,"1x",1,0.087823810921885,"NORTHWESTERN FORESTED MOUNTAINS",-0.00911846263108272,-0.213242607863014,1,175,34,27,40
13,"2x",1400,TRUE,"1x",1,0.087823810921885,"WATER",0.0277368228554699,-0.258036980469234,1,175,40,27,37
14,"2x",1400,TRUE,"1x",1,0.219601862561923,"EASTERN TEMPERATE FORESTS",-0.0554519671782431,0.230321836146461,1,175,17,27,17
14,"2x",1400,TRUE,"1x",1,0.219601862561923,"GREAT PLAINS",-0.180078824441314,0.0240453207906171,1,175,43,27,46
14,"2x",1400,TRUE,"1x",1,0.219601862561923,"MARINE WEST COAST FOREST",0.0129920446591956,0.135466531798354,1,175,38,27,503
14,"2x",1400,TRUE,"1x",1,0.219601862561923,"MEDITERRANEAN CALIFORNIA",0.052620719489267,0.0934455485356533,1,175,152,27,232
14,"2x",1400,TRUE,"1x",1,0.219601862561923,"NORTH AMERICAN DESERTS",0.00599391787313023,-0.0348309111732561,1,175,75,27,30
14,"2x",1400,TRUE,"1x",1,0.219601862561923,"NORTHERN FORESTS",0.14131772728367,0.0188432401445107,1,175,20,27,40
14,"2x",1400,TRUE,"1x",1,0.219601862561923,"NORTHWESTERN FORESTED MOUNTAINS",-0.0293147679634944,-0.233438913195426,1,175,47,27,34
14,"2x",1400,TRUE,"1x",1,0.219601862561923,"WATER",0.0317491242927543,-0.25402467903195,1,175,57,27,20
15,"2x",1400,TRUE,"1x",1,0.158597820191664,"EASTERN TEMPERATE FORESTS",-0.00893434407718597,0.276839459247518,1,175,22,27,17
15,"2x",1400,TRUE,"1x",1,0.158597820191664,"GREAT PLAINS",-0.00322526496432909,0.200898880267602,1,175,30,27,80
15,"2x",1400,TRUE,"1x",1,0.158597820191664,"MARINE WEST COAST FOREST",0.064829920739096,0.187304407878255,1,175,45,27,576
15,"2x",1400,TRUE,"1x",1,0.158597820191664,"MEDITERRANEAN CALIFORNIA",-0.0127072438549415,0.0281175851914448,1,175,144,27,188
15,"2x",1400,TRUE,"1x",1,0.158597820191664,"NORTH AMERICAN DESERTS",-0.0735433171316955,-0.114368146178082,1,175,73,27,25
15,"2x",1400,TRUE,"1x",1,0.158597820191664,"NORTHERN FORESTS",-0.00878676913837682,-0.131261256277536,1,175,38,27,35
15,"2x",1400,TRUE,"1x",1,0.158597820191664,"NORTHWESTERN FORESTED MOUNTAINS",0.0650142812094384,-0.139109864022493,1,175,40,27,48
15,"2x",1400,TRUE,"1x",1,0.158597820191664,"WATER",-0.0133163723917503,-0.299090175716454,1,175,37,27,23
16,"2x",1400,TRUE,"1x",1,0.373647691921656,"EASTERN TEMPERATE FORESTS",-0.101301964770279,0.184471838554425,1,175,32,27,11
16,"2x",1400,TRUE,"1x",1,0.373647691921656,"GREAT PLAINS",0.123970416897109,0.32809456212904,1,175,41,27,104
16,"2x",1400,TRUE,"1x",1,0.373647691921656,"MARINE WEST COAST FOREST",-0.259710680485279,-0.13723619334612,1,175,40,27,314
16,"2x",1400,TRUE,"1x",1,0.373647691921656,"MEDITERRANEAN CALIFORNIA",-0.0214411349735055,0.0193836940728808,1,175,159,27,211
16,"2x",1400,TRUE,"1x",1,0.373647691921656,"NORTH AMERICAN DESERTS",-0.110236507509285,-0.151061336555671,1,175,78,27,18
16,"2x",1400,TRUE,"1x",1,0.373647691921656,"NORTHERN FORESTS",0.18321810811248,0.0607436209733215,1,175,39,27,37
16,"2x",1400,TRUE,"1x",1,0.373647691921656,"NORTHWESTERN FORESTED MOUNTAINS",0.00802734307153246,-0.196096802160399,1,175,34,27,19
16,"2x",1400,TRUE,"1x",1,0.373647691921656,"WATER",0.293588826580161,0.00781502325545652,1,175,62,27,28
17,"2x",1400,TRUE,"1x",1,0.261663520529141,"EASTERN TEMPERATE FORESTS",0.125148148301404,0.410921951626108,0,175,34,27,31
17,"2x",1400,TRUE,"1x",1,0.261663520529141,"GREAT PLAINS",-0.136855592651313,0.0672685525806186,1,175,37,27,93
17,"2x",1400,TRUE,"1x",1,0.261663520529141,"MARINE WEST COAST FOREST",-0.203437505091898,-0.0809630179527393,1,175,35,27,392
17,"2x",1400,TRUE,"1x",1,0.261663520529141,"MEDITERRANEAN CALIFORNIA",0.117512474947341,0.158337303993728,1,175,144,27,242
17,"2x",1400,TRUE,"1x",1,0.261663520529141,"NORTH AMERICAN DESERTS",0.0447823690301724,0.0039575399837861,1,175,86,27,25
17,"2x",1400,TRUE,"1x",1,0.261663520529141,"NORTHERN FORESTS",-0.148201241502518,-0.270675728641677,1,175,22,27,26
17,"2x",1400,TRUE,"1x",1,0.261663520529141,"NORTHWESTERN FORESTED MOUNTAINS",-0.109021364862323,-0.313145510094254,1,175,42,27,42
17,"2x",1400,TRUE,"1x",1,0.261663520529141,"WATER",0.206011683694576,-0.0797621196301281,1,175,55,27,35
18,"2x",1400,TRUE,"1x",1,0.102898409883628,"EASTERN TEMPERATE FORESTS",-0.00087846279351864,0.284895340531185,0,175,33,27,14
18,"2x",1400,TRUE,"1x",1,0.102898409883628,"GREAT PLAINS",0.0101283952162709,0.214252540448202,0,175,26,27,62
18,"2x",1400,TRUE,"1x",1,0.102898409883628,"MARINE WEST COAST FOREST",0.00786505464445949,0.130339541783618,1,175,36,27,436
18,"2x",1400,TRUE,"1x",1,0.102898409883628,"MEDITERRANEAN CALIFORNIA",0.0278535378636525,0.0686783669100388,1,175,136,27,211
18,"2x",1400,TRUE,"1x",1,0.102898409883628,"NORTH AMERICAN DESERTS",-0.0477033647862215,-0.0885281938326078,1,175,69,27,21
18,"2x",1400,TRUE,"1x",1,0.102898409883628,"NORTHERN FORESTS",-0.0504921884416783,-0.172966675580837,0,175,35,27,44
18,"2x",1400,TRUE,"1x",1,0.102898409883628,"NORTHWESTERN FORESTED MOUNTAINS",0.00360595905749546,-0.200518186174436,1,175,36,27,43
18,"2x",1400,TRUE,"1x",1,0.102898409883628,"WATER",0.0605182995203089,-0.225255503804395,1,175,60,27,29
19,"2x",1400,TRUE,"1x",1,0.0902784476011523,"EASTERN TEMPERATE FORESTS",-0.0214757810648781,0.264298022259826,0,175,36,27,10
19,"2x",1400,TRUE,"1x",1,0.0902784476011523,"GREAT PLAINS",0.00564944507899886,0.20977359031093,0,175,48,27,84
19,"2x",1400,TRUE,"1x",1,0.0902784476011523,"MARINE WEST COAST FOREST",-0.024532227070765,0.0979422600683939,1,175,35,27,401
19,"2x",1400,TRUE,"1x",1,0.0902784476011523,"MEDITERRANEAN CALIFORNIA",-0.016464724278471,0.0243601047679153,1,175,153,27,207
19,"2x",1400,TRUE,"1x",1,0.0902784476011523,"NORTH AMERICAN DESERTS",-0.0238726003996575,-0.0646974294460438,1,175,92,27,20
19,"2x",1400,TRUE,"1x",1,0.0902784476011523,"NORTHERN FORESTS",0.0132442602792344,-0.109230226859924,1,175,40,27,45
19,"2x",1400,TRUE,"1x",1,0.0902784476011523,"NORTHWESTERN FORESTED MOUNTAINS",-0.00600239582857823,-0.21012654106051,0,175,47,27,45
19,"2x",1400,TRUE,"1x",1,0.0902784476011523,"WATER",0.0313305490288958,-0.254443254295808,1,175,53,27,26
20,"2x",1400,TRUE,"1x",1,0.22762953127875,"EASTERN TEMPERATE FORESTS",-0.13600381260721,0.149769990717494,1,175,28,27,20
20,"2x",1400,TRUE,"1x",1,0.22762953127875,"GREAT PLAINS",-0.0249863583023513,0.17913778692958,1,175,41,27,90
20,"2x",1400,TRUE,"1x",1,0.22762953127875,"MARINE WEST COAST FOREST",-0.00125480220401067,0.121219684935148,1,175,43,27,492
20,"2x",1400,TRUE,"1x",1,0.22762953127875,"MEDITERRANEAN CALIFORNIA",0.0638337592789016,0.104658588325288,1,175,173,27,257
20,"2x",1400,TRUE,"1x",1,0.22762953127875,"NORTH AMERICAN DESERTS",0.102057418175681,0.0612325891292942,1,175,83,27,25
20,"2x",1400,TRUE,"1x",1,0.22762953127875,"NORTHERN FORESTS",0.193484270789916,0.0710097836507572,1,175,24,27,38
20,"2x",1400,TRUE,"1x",1,0.22762953127875,"NORTHWESTERN FORESTED MOUNTAINS",-0.0302886431145893,-0.234412788346521,1,175,38,27,30
20,"2x",1400,TRUE,"1x",1,0.22762953127875,"WATER",-0.0747205914960667,-0.360494394820771,1,175,47,27,18
21,"2x",1400,TRUE,"1x",1,0.134814547296888,"EASTERN TEMPERATE FORESTS",-0.0911232157221517,0.194650587602552,1,175,29,27,26
21,"2x",1400,TRUE,"1x",1,0.134814547296888,"GREAT PLAINS",-0.11820106269351,0.0859230825384214,1,175,51,27,57
21,"2x",1400,TRUE,"1x",1,0.134814547296888,"MARINE WEST COAST FOREST",0.0304126972182351,0.152887184357394,1,175,36,27,471
21,"2x",1400,TRUE,"1x",1,0.134814547296888,"MEDITERRANEAN CALIFORNIA",-0.0159493305475367,0.0248754984988496,1,175,152,27,250
21,"2x",1400,TRUE,"1x",1,0.134814547296888,"NORTH AMERICAN DESERTS",0.0463333018777856,0.00550847283139927,1,175,85,27,21
21,"2x",1400,TRUE,"1x",1,0.134814547296888,"NORTHERN FORESTS",0.041767207693977,-0.0807072794451819,1,175,25,27,36
21,"2x",1400,TRUE,"1x",1,0.134814547296888,"NORTHWESTERN FORESTED MOUNTAINS",0.00573092045004135,-0.19839322478189,1,175,37,27,35
21,"2x",1400,TRUE,"1x",1,0.134814547296888,"WATER",0.0389648762488578,-0.246808927075846,1,175,67,27,20
22,"2x",1400,TRUE,"1x",1,0.274133068450423,"EASTERN TEMPERATE FORESTS",-0.0724716658494536,0.213302137475251,1,175,32,27,17
22,"2x",1400,TRUE,"1x",1,0.274133068450423,"GREAT PLAINS",0.0202155660622218,0.224339711294153,1,175,46,27,74
22,"2x",1400,TRUE,"1x",1,0.274133068450423,"MARINE WEST COAST FOREST",-0.240479059127796,-0.118004571988637,1,175,39,27,436
22,"2x",1400,TRUE,"1x",1,0.274133068450423,"MEDITERRANEAN CALIFORNIA",-0.0525128881676044,-0.0116880591212181,1,175,130,27,220
22,"2x",1400,TRUE,"1x",1,0.274133068450423,"NORTH AMERICAN DESERTS",-0.11887078343241,-0.159695612478796,1,175,97,27,14
22,"2x",1400,TRUE,"1x",1,0.274133068450423,"NORTHERN FORESTS",0.190377237743731,0.0679027506045725,1,175,39,27,26
22,"2x",1400,TRUE,"1x",1,0.274133068450423,"NORTHWESTERN FORESTED MOUNTAINS",0.019796541663932,-0.184327603568,1,175,54,27,36
22,"2x",1400,TRUE,"1x",1,0.274133068450423,"WATER",0.136979865448033,-0.148793937876671,1,175,44,27,22
23,"2x",1400,TRUE,"1x",1,0.16708306186998,"EASTERN TEMPERATE FORESTS",-0.0385403365457529,0.247233466778951,1,175,24,27,14
23,"2x",1400,TRUE,"1x",1,0.16708306186998,"GREAT PLAINS",0.0258318400490028,0.229955985280934,1,175,40,27,91
23,"2x",1400,TRUE,"1x",1,0.16708306186998,"MARINE WEST COAST FOREST",-0.0994032747770404,0.0230712123621185,1,175,31,27,321
23,"2x",1400,TRUE,"1x",1,0.16708306186998,"MEDITERRANEAN CALIFORNIA",0.0573580005168094,0.0981828295631957,1,175,161,27,265
23,"2x",1400,TRUE,"1x",1,0.16708306186998,"NORTH AMERICAN DESERTS",-0.00254789073451375,-0.0433727197809001,1,175,64,27,34
23,"2x",1400,TRUE,"1x",1,0.16708306186998,"NORTHERN FORESTS",-0.070682976793449,-0.193157463932608,1,175,20,27,32
23,"2x",1400,TRUE,"1x",1,0.16708306186998,"NORTHWESTERN FORESTED MOUNTAINS",-0.0809169308870491,-0.285041076118981,0,175,48,27,35
23,"2x",1400,TRUE,"1x",1,0.16708306186998,"WATER",0.0617003091084186,-0.224073494216286,1,175,32,27,38
24,"2x",1400,TRUE,"1x",1,0.288407940528871,"EASTERN TEMPERATE FORESTS",-0.296980386647562,-0.0112065833228574,1,175,40,27,10
24,"2x",1400,TRUE,"1x",1,0.288407940528871,"GREAT PLAINS",-0.135405042574383,0.0687191026575484,1,175,48,27,86
24,"2x",1400,TRUE,"1x",1,0.288407940528871,"MARINE WEST COAST FOREST",-0.0360309425435416,0.0864435445956173,1,175,28,27,527
24,"2x",1400,TRUE,"1x",1,0.288407940528871,"MEDITERRANEAN CALIFORNIA",0.0231518797882163,0.0639767088346026,1,175,139,27,288
24,"2x",1400,TRUE,"1x",1,0.288407940528871,"NORTH AMERICAN DESERTS",-0.0331410904889251,-0.0739659195353114,1,175,73,27,25
24,"2x",1400,TRUE,"1x",1,0.288407940528871,"NORTHERN FORESTS",0.315051031538876,0.192576544399717,1,175,18,27,65
24,"2x",1400,TRUE,"1x",1,0.288407940528871,"NORTHWESTERN FORESTED MOUNTAINS",0.0279156023474778,-0.176208542884454,1,175,34,27,47
24,"2x",1400,TRUE,"1x",1,0.288407940528871,"WATER",0.0469237020900419,-0.238850101234662,1,175,49,27,30
25,"2x",1400,TRUE,"1x",1,0.357401637201378,"EASTERN TEMPERATE FORESTS",-0.214955495414131,0.0708183079105731,1,175,38,27,22
25,"2x",1400,TRUE,"1x",1,0.357401637201378,"GREAT PLAINS",0.124256900719622,0.328381045951553,1,175,66,27,110
25,"2x",1400,TRUE,"1x",1,0.357401637201378,"MARINE WEST COAST FOREST",-0.364012323954316,-0.241537836815157,1,175,55,27,365
25,"2x",1400,TRUE,"1x",1,0.357401637201378,"MEDITERRANEAN CALIFORNIA",-0.191759697169914,-0.150934868123528,1,175,162,27,169
25,"2x",1400,TRUE,"1x",1,0.357401637201378,"NORTH AMERICAN DESERTS",0.200268537773259,0.159443708726873,1,175,77,27,27
25,"2x",1400,TRUE,"1x",1,0.357401637201378,"NORTHERN FORESTS",-0.0191762758346069,-0.141650762973766,1,175,23,27,26
25,"2x",1400,TRUE,"1x",1,0.357401637201378,"NORTHWESTERN FORESTED MOUNTAINS",0.0642634370574811,-0.13986070817445,1,175,25,27,36
25,"2x",1400,TRUE,"1x",1,0.357401637201378,"WATER",0.336416542524619,0.0506427391999149,1,175,49,27,53
26,"2x",1400,TRUE,"1x",1,0.141100557635845,"EASTERN TEMPERATE FORESTS",-0.0248618428672117,0.260911960457492,1,175,41,27,16
26,"2x",1400,TRUE,"1x",1,0.141100557635845,"GREAT PLAINS",0.0335058235470594,0.237629968778991,1,175,52,27,73
26,"2x",1400,TRUE,"1x",1,0.141100557635845,"MARINE WEST COAST FOREST",-0.0600878266695776,0.0623866604695813,1,175,46,27,538
26,"2x",1400,TRUE,"1x",1,0.141100557635845,"MEDITERRANEAN CALIFORNIA",-0.0128195790921598,0.0280052499542265,1,175,145,27,243
26,"2x",1400,TRUE,"1x",1,0.141100557635845,"NORTH AMERICAN DESERTS",-0.0641786440786136,-0.105003473125,1,175,92,27,14
26,"2x",1400,TRUE,"1x",1,0.141100557635845,"NORTHERN FORESTS",0.0410571067089076,-0.0814173804302513,1,175,26,27,27
26,"2x",1400,TRUE,"1x",1,0.141100557635845,"NORTHWESTERN FORESTED MOUNTAINS",0.00330247403273086,-0.200821671199201,1,175,28,27,42
26,"2x",1400,TRUE,"1x",1,0.141100557635845,"WATER",0.0893986488443596,-0.196375154480345,1,175,60,27,42
27,"2x",1400,TRUE,"1x",1,0.119570387426108,"EASTERN TEMPERATE FORESTS",-0.0333185061640063,0.252455297160698,1,175,34,27,14
27,"2x",1400,TRUE,"1x",1,0.119570387426108,"GREAT PLAINS",0.0286198236080772,0.232743968840009,1,175,46,27,100
27,"2x",1400,TRUE,"1x",1,0.119570387426108,"MARINE WEST COAST FOREST",-0.0165217720898001,0.105952715049359,1,175,38,27,406
27,"2x",1400,TRUE,"1x",1,0.119570387426108,"MEDITERRANEAN CALIFORNIA",-0.0634896046836901,-0.0226647756373038,1,175,167,27,189
27,"2x",1400,TRUE,"1x",1,0.119570387426108,"NORTH AMERICAN DESERTS",0.00212727555621445,-0.0386975534901719,1,175,93,27,27
27,"2x",1400,TRUE,"1x",1,0.119570387426108,"NORTHERN FORESTS",-0.0162963656623778,-0.138770852801537,1,175,39,27,28
27,"2x",1400,TRUE,"1x",1,0.119570387426108,"NORTHWESTERN FORESTED MOUNTAINS",0.0160615712892908,-0.188062573942641,1,175,43,27,44
27,"2x",1400,TRUE,"1x",1,0.119570387426108,"WATER",0.0311988483955387,-0.254574954929165,1,175,51,27,26
28,"2x",1400,TRUE,"1x",1,0.186330656841947,"EASTERN TEMPERATE FORESTS",-0.0725866031713741,0.21318720015333,1,175,27,27,16
28,"2x",1400,TRUE,"1x",1,0.186330656841947,"GREAT PLAINS",0.0512634288035542,0.255387574035486,1,175,44,27,86
28,"2x",1400,TRUE,"1x",1,0.186330656841947,"MARINE WEST COAST FOREST",-0.137826115544861,-0.0153516284057018,1,175,42,27,387
28,"2x",1400,TRUE,"1x",1,0.186330656841947,"MEDITERRANEAN CALIFORNIA",-0.0340212730363486,0.00680355601003769,1,175,157,27,214
28,"2x",1400,TRUE,"1x",1,0.186330656841947,"NORTH AMERICAN DESERTS",-0.0826265083572852,-0.123451337403672,1,175,95,27,12
28,"2x",1400,TRUE,"1x",1,0.186330656841947,"NORTHERN FORESTS",0.172836377853131,0.0503618907139719,1,175,28,27,36
28,"2x",1400,TRUE,"1x",1,0.186330656841947,"NORTHWESTERN FORESTED MOUNTAINS",0.0275658365628284,-0.176558308669103,1,175,24,27,44
28,"2x",1400,TRUE,"1x",1,0.186330656841947,"WATER",0.00169950625779278,-0.284074297066911,1,175,40,27,25
29,"2x",1400,TRUE,"1x",1,0.179352198856831,"EASTERN TEMPERATE FORESTS",0.0636413098141553,0.349415113138859,0,175,36,27,22
29,"2x",1400,TRUE,"1x",1,0.179352198856831,"GREAT PLAINS",-0.00223394384032115,0.20189020139161,1,175,60,27,85
29,"2x",1400,TRUE,"1x",1,0.179352198856831,"MARINE WEST COAST FOREST",-0.0909430314200525,0.0315314557191064,1,175,50,27,501
29,"2x",1400,TRUE,"1x",1,0.179352198856831,"MEDITERRANEAN CALIFORNIA",0.115549765942843,0.156374594989229,1,175,137,27,253
29,"2x",1400,TRUE,"1x",1,0.179352198856831,"NORTH AMERICAN DESERTS",-0.0104108734015401,-0.0512357024479264,1,175,97,27,9
29,"2x",1400,TRUE,"1x",1,0.179352198856831,"NORTHERN FORESTS",0.0219821901365707,-0.100492297002588,1,175,22,27,28
29,"2x",1400,TRUE,"1x",1,0.179352198856831,"NORTHWESTERN FORESTED MOUNTAINS",-0.0674694698860386,-0.27159361511797,1,175,30,27,36
29,"2x",1400,TRUE,"1x",1,0.179352198856831,"WATER",0.0832398550788747,-0.202533948245829,1,175,60,27,27
30,"2x",1400,TRUE,"1x",1,0.23863078661857,"EASTERN TEMPERATE FORESTS",-0.239350625565561,0.0464231777591428,1,175,39,27,20
30,"2x",1400,TRUE,"1x",1,0.23863078661857,"GREAT PLAINS",0.0264896365031822,0.230613781735114,1,175,46,27,85
30,"2x",1400,TRUE,"1x",1,0.23863078661857,"MARINE WEST COAST FOREST",-0.0188026212637197,0.103671865875439,1,175,45,27,435
30,"2x",1400,TRUE,"1x",1,0.23863078661857,"MEDITERRANEAN CALIFORNIA",0.133468953212377,0.174293782258763,1,175,142,27,298
30,"2x",1400,TRUE,"1x",1,0.23863078661857,"NORTH AMERICAN DESERTS",-0.0296568570442088,-0.0704816860905951,1,175,69,27,19
30,"2x",1400,TRUE,"1x",1,0.23863078661857,"NORTHERN FORESTS",0.204326958381822,0.0818524712426631,1,175,19,27,53
30,"2x",1400,TRUE,"1x",1,0.23863078661857,"NORTHWESTERN FORESTED MOUNTAINS",-0.0630800060522996,-0.267204151284231,1,175,47,27,28
30,"2x",1400,TRUE,"1x",1,0.23863078661857,"WATER",-0.0105428021619593,-0.296316605486663,1,175,49,27,27
1,"2x",1400,TRUE,"4x",4,0.313221817703883,"EASTERN TEMPERATE FORESTS",-0.216961009543471,0.0688127937812334,1,175,34,27,68
1,"2x",1400,TRUE,"4x",4,0.313221817703883,"GREAT PLAINS",-0.0870740144615993,0.117050130770332,1,175,40,27,222
1,"2x",1400,TRUE,"4x",4,0.313221817703883,"MARINE WEST COAST FOREST",0.00689677449174818,0.129371261630907,1,175,26,27,1326
1,"2x",1400,TRUE,"4x",4,0.313221817703883,"MEDITERRANEAN CALIFORNIA",0.363251574003526,0.404076403049912,0,175,158,27,1096
1,"2x",1400,TRUE,"4x",4,0.313221817703883,"NORTH AMERICAN DESERTS",-0.15124995604933,-0.192074785095716,1,175,91,27,47
1,"2x",1400,TRUE,"4x",4,0.313221817703883,"NORTHERN FORESTS",-0.0192524705272418,-0.141726957666401,1,175,19,27,154
1,"2x",1400,TRUE,"4x",4,0.313221817703883,"NORTHWESTERN FORESTED MOUNTAINS",0.00934812415510654,-0.194776021076825,1,175,33,27,191
1,"2x",1400,TRUE,"4x",4,0.313221817703883,"WATER",-0.0557285833939025,-0.341502386718607,1,175,47,27,84
2,"2x",1400,TRUE,"4x",4,0.161323338805373,"EASTERN TEMPERATE FORESTS",0.00991976620679129,0.295693569531495,0,175,35,27,100
2,"2x",1400,TRUE,"4x",4,0.161323338805373,"GREAT PLAINS",-0.051708362013139,0.152415783218792,1,175,42,27,215
2,"2x",1400,TRUE,"4x",4,0.161323338805373,"MARINE WEST COAST FOREST",-0.0220867736988626,0.100387713440296,1,175,36,27,1793
2,"2x",1400,TRUE,"4x",4,0.161323338805373,"MEDITERRANEAN CALIFORNIA",-0.16023432070547,-0.119409491659083,1,175,151,27,851
2,"2x",1400,TRUE,"4x",4,0.161323338805373,"NORTH AMERICAN DESERTS",-0.0666903166348191,-0.107515145681205,1,175,90,27,76
2,"2x",1400,TRUE,"4x",4,0.161323338805373,"NORTHERN FORESTS",0.114806629522307,-0.00766785761685229,1,175,38,27,192
2,"2x",1400,TRUE,"4x",4,0.161323338805373,"NORTHWESTERN FORESTED MOUNTAINS",-0.0119995430750301,-0.216123688306962,1,175,39,27,157
2,"2x",1400,TRUE,"4x",4,0.161323338805373,"WATER",0.0736644592913833,-0.212109344033321,1,175,59,27,116
3,"2x",1400,TRUE,"4x",4,0.254332295637946,"EASTERN TEMPERATE FORESTS",-0.219527572119293,0.0662462312054107,1,175,19,27,77
3,"2x",1400,TRUE,"4x",4,0.254332295637946,"GREAT PLAINS",-0.200560726029463,0.00356341920246844,1,175,53,27,273
3,"2x",1400,TRUE,"4x",4,0.254332295637946,"MARINE WEST COAST FOREST",0.0373210181470033,0.159795505286162,1,175,39,27,2465
3,"2x",1400,TRUE,"4x",4,0.254332295637946,"MEDITERRANEAN CALIFORNIA",0.0736579557908688,0.114482784837255,1,175,142,27,746
3,"2x",1400,TRUE,"4x",4,0.254332295637946,"NORTH AMERICAN DESERTS",0.220445161296292,0.179620332249905,1,175,83,27,85
3,"2x",1400,TRUE,"4x",4,0.254332295637946,"NORTHERN FORESTS",-0.167209976924371,-0.28968446406353,1,175,31,27,118
3,"2x",1400,TRUE,"4x",4,0.254332295637946,"NORTHWESTERN FORESTED MOUNTAINS",-0.00386203503746012,-0.207986180269392,1,175,37,27,175
3,"2x",1400,TRUE,"4x",4,0.254332295637946,"WATER",0.177858933470245,-0.107914869854459,1,175,38,27,118
4,"2x",1400,TRUE,"4x",4,0.104118671290385,"EASTERN TEMPERATE FORESTS",-0.0692222272045785,0.216551576120126,1,175,34,27,48
4,"2x",1400,TRUE,"4x",4,0.104118671290385,"GREAT PLAINS",-0.0296192772702753,0.174504867961656,1,175,39,27,500
4,"2x",1400,TRUE,"4x",4,0.104118671290385,"MARINE WEST COAST FOREST",0.00326830291814872,0.125742790057308,1,175,45,27,1611
4,"2x",1400,TRUE,"4x",4,0.104118671290385,"MEDITERRANEAN CALIFORNIA",0.0190261858958234,0.0598510149422097,1,175,138,27,753
4,"2x",1400,TRUE,"4x",4,0.104118671290385,"NORTH AMERICAN DESERTS",0.075408673799861,0.0345838447534746,1,175,73,27,86
4,"2x",1400,TRUE,"4x",4,0.104118671290385,"NORTHERN FORESTS",0.0078338330852865,-0.114640654053872,1,175,35,27,101
4,"2x",1400,TRUE,"4x",4,0.104118671290385,"NORTHWESTERN FORESTED MOUNTAINS",-0.0654380514164399,-0.269562196648371,0,175,44,27,125
4,"2x",1400,TRUE,"4x",4,0.104118671290385,"WATER",0.0325123300598286,-0.253261473264875,1,175,49,27,103
5,"2x",1400,TRUE,"4x",4,0.20143267258122,"EASTERN TEMPERATE FORESTS",-0.226024414610176,0.0597493887145286,1,175,29,27,57
5,"2x",1400,TRUE,"4x",4,0.20143267258122,"GREAT PLAINS",-0.11123879081255,0.0928853544193819,1,175,46,27,340
5,"2x",1400,TRUE,"4x",4,0.20143267258122,"MARINE WEST COAST FOREST",-0.0522070331824582,0.0702674539567007,1,175,44,27,1554
5,"2x",1400,TRUE,"4x",4,0.20143267258122,"MEDITERRANEAN CALIFORNIA",-0.0274976078099454,0.0133272212364409,1,175,150,27,680
5,"2x",1400,TRUE,"4x",4,0.20143267258122,"NORTH AMERICAN DESERTS",0.0926592653229843,0.051834436276598,1,175,93,27,104
5,"2x",1400,TRUE,"4x",4,0.20143267258122,"NORTHERN FORESTS",0.180443196608044,0.0579687094688855,1,175,47,27,148
5,"2x",1400,TRUE,"4x",4,0.20143267258122,"NORTHWESTERN FORESTED MOUNTAINS",0.0759024668604046,-0.128221678371527,1,175,32,27,163
5,"2x",1400,TRUE,"4x",4,0.20143267258122,"WATER",0.080697070632204,-0.2050767326925,1,175,48,27,123
6,"2x",1400,TRUE,"4x",4,0.2277349618102,"EASTERN TEMPERATE FORESTS",-0.208381385615744,0.0773924177089604,1,175,26,27,69
6,"2x",1400,TRUE,"4x",4,0.2277349618102,"GREAT PLAINS",0.116723922123211,0.320848067355142,0,175,37,27,412
6,"2x",1400,TRUE,"4x",4,0.2277349618102,"MARINE WEST COAST FOREST",-0.052694343526402,0.0697801436127569,1,175,29,27,2658
6,"2x",1400,TRUE,"4x",4,0.2277349618102,"MEDITERRANEAN CALIFORNIA",-0.222330689942498,-0.181505860896112,1,175,137,27,882
6,"2x",1400,TRUE,"4x",4,0.2277349618102,"NORTH AMERICAN DESERTS",0.0636628850526187,0.0228380560062324,1,175,78,27,100
6,"2x",1400,TRUE,"4x",4,0.2277349618102,"NORTHERN FORESTS",-0.0177399108754043,-0.140214398014563,1,175,33,27,101
6,"2x",1400,TRUE,"4x",4,0.2277349618102,"NORTHWESTERN FORESTED MOUNTAINS",-0.0269274909182716,-0.231051636150203,1,175,29,27,166
6,"2x",1400,TRUE,"4x",4,0.2277349618102,"WATER",0.126147401846922,-0.159626401477782,1,175,51,27,131
7,"2x",1400,TRUE,"4x",4,0.123597221826686,"EASTERN TEMPERATE FORESTS",-0.0821772534083817,0.203596549916322,1,175,27,27,66
7,"2x",1400,TRUE,"4x",4,0.123597221826686,"GREAT PLAINS",-0.00402322015025743,0.200100925081674,1,175,34,27,398
7,"2x",1400,TRUE,"4x",4,0.123597221826686,"MARINE WEST COAST FOREST",-0.0657477951795527,0.0567266919596062,1,175,36,27,1649
7,"2x",1400,TRUE,"4x",4,0.123597221826686,"MEDITERRANEAN CALIFORNIA",-0.0137177543079462,0.0271070747384401,1,175,156,27,730
7,"2x",1400,TRUE,"4x",4,0.123597221826686,"NORTH AMERICAN DESERTS",-0.007438867927546,-0.0482636969739323,1,175,78,27,63
7,"2x",1400,TRUE,"4x",4,0.123597221826686,"NORTHERN FORESTS",0.0465962638369212,-0.0758782233022377,1,175,33,27,117
7,"2x",1400,TRUE,"4x",4,0.123597221826686,"NORTHWESTERN FORESTED MOUNTAINS",-0.00372088221154805,-0.20784502744348,1,175,34,27,173
7,"2x",1400,TRUE,"4x",4,0.123597221826686,"WATER",0.0219607122321232,-0.263813091092581,1,175,42,27,97
8,"2x",1400,TRUE,"4x",4,0.0911794499545538,"EASTERN TEMPERATE FORESTS",0.0197139492206193,0.305487752545323,0,175,32,27,68
8,"2x",1400,TRUE,"4x",4,0.0911794499545538,"GREAT PLAINS",-0.00676559543225304,0.197358549799678,0,175,51,27,355
8,"2x",1400,TRUE,"4x",4,0.0911794499545538,"MARINE WEST COAST FOREST",-0.010249828602681,0.112224658536478,1,175,48,27,2007
8,"2x",1400,TRUE,"4x",4,0.0911794499545538,"MEDITERRANEAN CALIFORNIA",-0.0412164827638797,-0.000391653717493445,1,175,150,27,1013
8,"2x",1400,TRUE,"4x",4,0.0911794499545538,"NORTH AMERICAN DESERTS",-0.00670196591233456,-0.0475267949587209,1,175,87,27,59
8,"2x",1400,TRUE,"4x",4,0.0911794499545538,"NORTHERN FORESTS",0.0660065714529688,-0.0564679156861901,1,175,31,27,139
8,"2x",1400,TRUE,"4x",4,0.0911794499545538,"NORTHWESTERN FORESTED MOUNTAINS",0.040533653307077,-0.163590491924854,1,175,41,27,230
8,"2x",1400,TRUE,"4x",4,0.0911794499545538,"WATER",0.0243966702402567,-0.261377133084447,0,175,52,27,124
9,"2x",1400,TRUE,"4x",4,0.139000000817453,"EASTERN TEMPERATE FORESTS",-0.0153695827821861,0.270404220542518,1,175,35,27,77
9,"2x",1400,TRUE,"4x",4,0.139000000817453,"GREAT PLAINS",-0.112732583040119,0.0913915621918124,1,175,57,27,328
9,"2x",1400,TRUE,"4x",4,0.139000000817453,"MARINE WEST COAST FOREST",-0.0583877268485504,0.0640867602906085,1,175,32,27,1652
9,"2x",1400,TRUE,"4x",4,0.139000000817453,"MEDITERRANEAN CALIFORNIA",0.0353425821366017,0.0761674111829879,1,175,140,27,1050
9,"2x",1400,TRUE,"4x",4,0.139000000817453,"NORTH AMERICAN DESERTS",0.0243274928042528,-0.0164973362421335,1,175,78,27,84
9,"2x",1400,TRUE,"4x",4,0.139000000817453,"NORTHERN FORESTS",0.0698231793875664,-0.0526513077515925,1,175,35,27,177
9,"2x",1400,TRUE,"4x",4,0.139000000817453,"NORTHWESTERN FORESTED MOUNTAINS",-0.0534382597343549,-0.257562404966286,0,175,31,27,132
9,"2x",1400,TRUE,"4x",4,0.139000000817453,"WATER",0.0952341440782909,-0.190539659246413,1,175,38,27,106
10,"2x",1400,TRUE,"4x",4,0.301622186420828,"EASTERN TEMPERATE FORESTS",-0.0136346273933063,0.272139175931398,1,175,19,27,66
10,"2x",1400,TRUE,"4x",4,0.301622186420828,"GREAT PLAINS",-0.0608156578669386,0.143308487364993,1,175,45,27,408
10,"2x",1400,TRUE,"4x",4,0.301622186420828,"MARINE WEST COAST FOREST",-0.251900484404471,-0.129425997265312,1,175,43,27,1993
10,"2x",1400,TRUE,"4x",4,0.301622186420828,"MEDITERRANEAN CALIFORNIA",-0.0569782657376319,-0.0161534366912456,1,175,159,27,1194
10,"2x",1400,TRUE,"4x",4,0.301622186420828,"NORTH AMERICAN DESERTS",-0.285203399792052,-0.326028228838439,1,175,89,27,60
10,"2x",1400,TRUE,"4x",4,0.301622186420828,"NORTHERN FORESTS",-0.0867982516547305,-0.209272738793889,1,175,24,27,136
10,"2x",1400,TRUE,"4x",4,0.301622186420828,"NORTHWESTERN FORESTED MOUNTAINS",0.191531042636616,-0.0125931025953153,1,175,36,27,182
10,"2x",1400,TRUE,"4x",4,0.301622186420828,"WATER",0.295065201653816,0.00929139832911136,1,175,48,27,127
11,"2x",1400,TRUE,"4x",4,0.188434928834004,"EASTERN TEMPERATE FORESTS",-0.0456125831735643,0.24016122015114,1,175,14,27,68
11,"2x",1400,TRUE,"4x",4,0.188434928834004,"GREAT PLAINS",-0.078706000984081,0.125418144247851,1,175,48,27,247
11,"2x",1400,TRUE,"4x",4,0.188434928834004,"MARINE WEST COAST FOREST",0.0192530785789792,0.141727565718138,1,175,28,27,1841
11,"2x",1400,TRUE,"4x",4,0.188434928834004,"MEDITERRANEAN CALIFORNIA",-0.0448893746342074,-0.0040645455878211,1,175,114,27,1108
11,"2x",1400,TRUE,"4x",4,0.188434928834004,"NORTH AMERICAN DESERTS",-0.149505582521179,-0.190330411567565,1,175,95,27,103
11,"2x",1400,TRUE,"4x",4,0.188434928834004,"NORTHERN FORESTS",0.141411028752555,0.0189365416133966,1,175,29,27,160
11,"2x",1400,TRUE,"4x",4,0.188434928834004,"NORTHWESTERN FORESTED MOUNTAINS",-0.0332606505453849,-0.237384795777316,1,175,35,27,205
11,"2x",1400,TRUE,"4x",4,0.188434928834004,"WATER",0.135907631124277,-0.149866172200427,1,175,43,27,110
12,"2x",1400,TRUE,"4x",4,0.224657185643552,"EASTERN TEMPERATE FORESTS",0.0638363233907955,0.3496101267155,1,175,24,27,74
12,"2x",1400,TRUE,"4x",4,0.224657185643552,"GREAT PLAINS",0.145395092254661,0.349519237486593,0,175,50,27,252
12,"2x",1400,TRUE,"4x",4,0.224657185643552,"MARINE WEST COAST FOREST",0.0501733991880442,0.172647886327203,1,175,43,27,2481
12,"2x",1400,TRUE,"4x",4,0.224657185643552,"MEDITERRANEAN CALIFORNIA",-0.0976900214545777,-0.0568651924081914,1,175,124,27,813
12,"2x",1400,TRUE,"4x",4,0.224657185643552,"NORTH AMERICAN DESERTS",0.153500500464909,0.112675671418523,1,175,72,27,52
12,"2x",1400,TRUE,"4x",4,0.224657185643552,"NORTHERN FORESTS",0.0866745870128076,-0.0357999001263513,1,175,24,27,127
12,"2x",1400,TRUE,"4x",4,0.224657185643552,"NORTHWESTERN FORESTED MOUNTAINS",-0.0849771966933674,-0.289101341925299,1,175,34,27,146
12,"2x",1400,TRUE,"4x",4,0.224657185643552,"WATER",-0.217258083539998,-0.503031886864703,0,175,56,27,131
13,"2x",1400,TRUE,"4x",4,0.204917748274349,"EASTERN TEMPERATE FORESTS",-0.0999554395468874,0.185818363777817,1,175,34,27,89
13,"2x",1400,TRUE,"4x",4,0.204917748274349,"GREAT PLAINS",0.0110277396483051,0.215151884880237,1,175,40,27,371
13,"2x",1400,TRUE,"4x",4,0.204917748274349,"MARINE WEST COAST FOREST",-0.0146578564041888,0.10781663073497,1,175,32,27,1642
13,"2x",1400,TRUE,"4x",4,0.204917748274349,"MEDITERRANEAN CALIFORNIA",-0.0444942360080371,-0.00366940696165083,1,175,150,27,903
13,"2x",1400,TRUE,"4x",4,0.204917748274349,"NORTH AMERICAN DESERTS",0.0953842536723062,0.0545594246259199,1,175,72,27,89
13,"2x",1400,TRUE,"4x",4,0.204917748274349,"NORTHERN FORESTS",-0.162846147818774,-0.285320634957933,0,175,31,27,130
13,"2x",1400,TRUE,"4x",4,0.204917748274349,"NORTHWESTERN FORESTED MOUNTAINS",0.0899744870630638,-0.114149658168868,1,175,29,27,128
13,"2x",1400,TRUE,"4x",4,0.204917748274349,"WATER",0.0828566693308562,-0.202917133993848,1,175,57,27,103
14,"2x",1400,TRUE,"4x",4,0.173351560526021,"EASTERN TEMPERATE FORESTS",-0.152358627345744,0.13341517597896,1,175,37,27,68
14,"2x",1400,TRUE,"4x",4,0.173351560526021,"GREAT PLAINS",-0.098571728450741,0.105552416781191,1,175,51,27,568
14,"2x",1400,TRUE,"4x",4,0.173351560526021,"MARINE WEST COAST FOREST",0.00477679331825556,0.127251280457414,1,175,34,27,2064
14,"2x",1400,TRUE,"4x",4,0.173351560526021,"MEDITERRANEAN CALIFORNIA",0.106383373631815,0.147208202678202,1,175,137,27,812
14,"2x",1400,TRUE,"4x",4,0.173351560526021,"NORTH AMERICAN DESERTS",-0.0684327791839548,-0.109257608230341,1,175,79,27,76
14,"2x",1400,TRUE,"4x",4,0.173351560526021,"NORTHERN FORESTS",0.0203779412107512,-0.102096545928408,1,175,28,27,208
14,"2x",1400,TRUE,"4x",4,0.173351560526021,"NORTHWESTERN FORESTED MOUNTAINS",0.0156656670144948,-0.188458478217437,1,175,52,27,178
14,"2x",1400,TRUE,"4x",4,0.173351560526021,"WATER",0.161037301754164,-0.12473650157054,1,175,47,27,153
15,"2x",1400,TRUE,"4x",4,0.219592149661757,"EASTERN TEMPERATE FORESTS",-0.128504084090998,0.157269719233706,1,175,30,27,78
15,"2x",1400,TRUE,"4x",4,0.219592149661757,"GREAT PLAINS",-0.118379875977336,0.0857442692545955,1,175,28,27,355
15,"2x",1400,TRUE,"4x",4,0.219592149661757,"MARINE WEST COAST FOREST",-0.0512934535453604,0.0711810335937985,1,175,26,27,1548
15,"2x",1400,TRUE,"4x",4,0.219592149661757,"MEDITERRANEAN CALIFORNIA",-0.130871149692946,-0.0900463206465601,1,175,143,27,922
15,"2x",1400,TRUE,"4x",4,0.219592149661757,"NORTH AMERICAN DESERTS",-0.0579632760811946,-0.098788105127581,1,175,87,27,97
15,"2x",1400,TRUE,"4x",4,0.219592149661757,"NORTHERN FORESTS",-0.0557551829203745,-0.178229670059533,1,175,48,27,132
15,"2x",1400,TRUE,"4x",4,0.219592149661757,"NORTHWESTERN FORESTED MOUNTAINS",0.0411457632275257,-0.162978382004406,1,175,32,27,160
15,"2x",1400,TRUE,"4x",4,0.219592149661757,"WATER",0.255859833246774,-0.0299139700779302,1,175,48,27,118
16,"2x",1400,TRUE,"4x",4,0.0959411224225578,"EASTERN TEMPERATE FORESTS",-0.0571925734248438,0.22858122989986,1,175,24,27,60
16,"2x",1400,TRUE,"4x",4,0.0959411224225578,"GREAT PLAINS",-0.0318976280234203,0.172226517208511,1,175,27,27,265
16,"2x",1400,TRUE,"4x",4,0.0959411224225578,"MARINE WEST COAST FOREST",-0.00287754101810971,0.119596946121049,1,175,40,27,1614
16,"2x",1400,TRUE,"4x",4,0.0959411224225578,"MEDITERRANEAN CALIFORNIA",-0.00403706441073283,0.0367877646356535,1,175,150,27,938
16,"2x",1400,TRUE,"4x",4,0.0959411224225578,"NORTH AMERICAN DESERTS",-0.0116245093617416,-0.0524493384081279,1,175,79,27,57
16,"2x",1400,TRUE,"4x",4,0.0959411224225578,"NORTHERN FORESTS",0.00506810436281894,-0.11740638277634,1,175,33,27,110
16,"2x",1400,TRUE,"4x",4,0.0959411224225578,"NORTHWESTERN FORESTED MOUNTAINS",0.0262674332029692,-0.177856712028962,1,175,40,27,156
16,"2x",1400,TRUE,"4x",4,0.0959411224225578,"WATER",0.0154070270134029,-0.270366776311301,0,175,60,27,118
17,"2x",1400,TRUE,"4x",4,0.220786069113957,"EASTERN TEMPERATE FORESTS",-0.0912381042812938,0.19453569904341,1,175,38,27,71
17,"2x",1400,TRUE,"4x",4,0.220786069113957,"GREAT PLAINS",-0.172828839582267,0.0312953056496648,1,175,37,27,360
17,"2x",1400,TRUE,"4x",4,0.220786069113957,"MARINE WEST COAST FOREST",0.0836885851504544,0.206163072289613,1,175,28,27,2039
17,"2x",1400,TRUE,"4x",4,0.220786069113957,"MEDITERRANEAN CALIFORNIA",0.122353453059859,0.163178282106246,1,175,164,27,1118
17,"2x",1400,TRUE,"4x",4,0.220786069113957,"NORTH AMERICAN DESERTS",-0.203679833538424,-0.244504662584811,1,175,69,27,51
17,"2x",1400,TRUE,"4x",4,0.220786069113957,"NORTHERN FORESTS",-0.0933449995616548,-0.215819486700814,1,175,35,27,145
17,"2x",1400,TRUE,"4x",4,0.220786069113957,"NORTHWESTERN FORESTED MOUNTAINS",0.12253971343224,-0.0815844317996917,1,175,34,27,193
17,"2x",1400,TRUE,"4x",4,0.220786069113957,"WATER",0.135152671062788,-0.150621132261916,1,175,53,27,117
18,"2x",1400,TRUE,"4x",4,0.213012064881864,"EASTERN TEMPERATE FORESTS",-0.0372069693365255,0.248566833988179,1,175,12,27,70
18,"2x",1400,TRUE,"4x",4,0.213012064881864,"GREAT PLAINS",0.00147349705850118,0.205597642290433,1,175,43,27,471
18,"2x",1400,TRUE,"4x",4,0.213012064881864,"MARINE WEST COAST FOREST",-0.125871993832435,-0.00339750669327636,1,175,37,27,1562
18,"2x",1400,TRUE,"4x",4,0.213012064881864,"MEDITERRANEAN CALIFORNIA",-0.215788824213609,-0.174963995167223,1,175,146,27,921
18,"2x",1400,TRUE,"4x",4,0.213012064881864,"NORTH AMERICAN DESERTS",0.0886817593110369,0.0478569302646506,1,175,94,27,83
18,"2x",1400,TRUE,"4x",4,0.213012064881864,"NORTHERN FORESTS",0.0302069871636011,-0.0922674999755578,1,175,20,27,130
18,"2x",1400,TRUE,"4x",4,0.213012064881864,"NORTHWESTERN FORESTED MOUNTAINS",0.0101560759405678,-0.193968069291364,1,175,41,27,202
18,"2x",1400,TRUE,"4x",4,0.213012064881864,"WATER",0.213359956001047,-0.0724138473236573,1,175,47,27,126
19,"2x",1400,TRUE,"4x",4,0.0885264770035343,"EASTERN TEMPERATE FORESTS",-0.0148720376017785,0.270901765722926,0,175,21,27,85
19,"2x",1400,TRUE,"4x",4,0.0885264770035343,"GREAT PLAINS",-0.0326268649762709,0.171497280255661,1,175,46,27,370
19,"2x",1400,TRUE,"4x",4,0.0885264770035343,"MARINE WEST COAST FOREST",-0.0147317960427573,0.107742691096402,1,175,44,27,2136
19,"2x",1400,TRUE,"4x",4,0.0885264770035343,"MEDITERRANEAN CALIFORNIA",-0.0157994315664992,0.0250253974798871,1,175,155,27,934
19,"2x",1400,TRUE,"4x",4,0.0885264770035343,"NORTH AMERICAN DESERTS",0.0234404105279412,-0.0173844185184451,1,175,78,27,70
19,"2x",1400,TRUE,"4x",4,0.0885264770035343,"NORTHERN FORESTS",-0.0185054038175778,-0.140979890956737,1,175,34,27,129
19,"2x",1400,TRUE,"4x",4,0.0885264770035343,"NORTHWESTERN FORESTED MOUNTAINS",0.0284402525186387,-0.175683892713293,1,175,38,27,171
19,"2x",1400,TRUE,"4x",4,0.0885264770035343,"WATER",0.034341744934804,-0.2514320583899,0,175,48,27,130
20,"2x",1400,TRUE,"4x",4,0.164004482507771,"EASTERN TEMPERATE FORESTS",-0.0343591829135311,0.251414620411173,1,175,38,27,63
20,"2x",1400,TRUE,"4x",4,0.164004482507771,"GREAT PLAINS",0.0181903854960696,0.222314530728001,1,175,26,27,428
20,"2x",1400,TRUE,"4x",4,0.164004482507771,"MARINE WEST COAST FOREST",0.124031505916687,0.246505993055846,0,175,29,27,1367
20,"2x",1400,TRUE,"4x",4,0.164004482507771,"MEDITERRANEAN CALIFORNIA",-0.100869000941195,-0.0600441718948088,1,175,155,27,874
20,"2x",1400,TRUE,"4x",4,0.164004482507771,"NORTH AMERICAN DESERTS",-0.0518691796537718,-0.0926940087001581,1,175,70,27,94
20,"2x",1400,TRUE,"4x",4,0.164004482507771,"NORTHERN FORESTS",0.075310301112058,-0.0471641860271009,1,175,23,27,131
20,"2x",1400,TRUE,"4x",4,0.164004482507771,"NORTHWESTERN FORESTED MOUNTAINS",-0.00136575983428204,-0.205489905066214,1,175,24,27,137
20,"2x",1400,TRUE,"4x",4,0.164004482507771,"WATER",0.00871872240102296,-0.277055080923681,1,175,32,27,131
21,"2x",1400,TRUE,"4x",4,0.188144941258492,"EASTERN TEMPERATE FORESTS",0.00966162696038718,0.295435430285091,1,175,32,27,76
21,"2x",1400,TRUE,"4x",4,0.188144941258492,"GREAT PLAINS",-0.19061947260064,0.0135046726312914,1,175,47,27,261
21,"2x",1400,TRUE,"4x",4,0.188144941258492,"MARINE WEST COAST FOREST",-0.0193501096477078,0.103124377491451,1,175,52,27,1854
21,"2x",1400,TRUE,"4x",4,0.188144941258492,"MEDITERRANEAN CALIFORNIA",-0.0256993777682014,0.0151254512781849,1,175,141,27,821
21,"2x",1400,TRUE,"4x",4,0.188144941258492,"NORTH AMERICAN DESERTS",-0.112371085747743,-0.153195914794129,1,175,75,27,73
21,"2x",1400,TRUE,"4x",4,0.188144941258492,"NORTHERN FORESTS",0.110563214653497,-0.0119112724856616,1,175,32,27,134
21,"2x",1400,TRUE,"4x",4,0.188144941258492,"NORTHWESTERN FORESTED MOUNTAINS",0.0441115750672009,-0.160012570164731,1,175,31,27,135
21,"2x",1400,TRUE,"4x",4,0.188144941258492,"WATER",0.173583452320594,-0.11219035100411,1,175,46,27,125
22,"2x",1400,TRUE,"4x",4,0.168798630602649,"EASTERN TEMPERATE FORESTS",-0.14867711563176,0.137096687692944,1,175,36,27,73
22,"2x",1400,TRUE,"4x",4,0.168798630602649,"GREAT PLAINS",0.0157486690708452,0.219872814302777,1,175,44,27,355
22,"2x",1400,TRUE,"4x",4,0.168798630602649,"MARINE WEST COAST FOREST",0.0338261862877396,0.156300673426898,1,175,32,27,2159
22,"2x",1400,TRUE,"4x",4,0.168798630602649,"MEDITERRANEAN CALIFORNIA",0.119591486156047,0.160416315202434,1,175,135,27,966
22,"2x",1400,TRUE,"4x",4,0.168798630602649,"NORTH AMERICAN DESERTS",-0.0366421801363362,-0.0774670091827225,1,175,72,27,110
22,"2x",1400,TRUE,"4x",4,0.168798630602649,"NORTHERN FORESTS",0.0767712461236589,-0.0457032410155,1,175,25,27,173
22,"2x",1400,TRUE,"4x",4,0.168798630602649,"NORTHWESTERN FORESTED MOUNTAINS",0.0505123545929178,-0.153611790639014,1,175,34,27,182
22,"2x",1400,TRUE,"4x",4,0.168798630602649,"WATER",0.0817559617169281,-0.204017841607776,1,175,45,27,163
23,"2x",1400,TRUE,"4x",4,0.210709493511783,"EASTERN TEMPERATE FORESTS",-0.0596156683664668,0.226158134958237,1,175,37,27,75
23,"2x",1400,TRUE,"4x",4,0.210709493511783,"GREAT PLAINS",0.00579644525007988,0.209920590482011,1,175,36,27,440
23,"2x",1400,TRUE,"4x",4,0.210709493511783,"MARINE WEST COAST FOREST",-0.159787590901927,-0.037313103762768,1,175,42,27,2238
23,"2x",1400,TRUE,"4x",4,0.210709493511783,"MEDITERRANEAN CALIFORNIA",-0.0119504396034083,0.028874389442978,1,175,151,27,902
23,"2x",1400,TRUE,"4x",4,0.210709493511783,"NORTH AMERICAN DESERTS",0.0145540778376045,-0.0262707512087819,1,175,72,27,95
23,"2x",1400,TRUE,"4x",4,0.210709493511783,"NORTHERN FORESTS",0.229293180865375,0.106818693726217,1,175,25,27,176
23,"2x",1400,TRUE,"4x",4,0.210709493511783,"NORTHWESTERN FORESTED MOUNTAINS",-0.00464466120280376,-0.208768806434735,1,175,37,27,121
23,"2x",1400,TRUE,"4x",4,0.210709493511783,"WATER",0.16504418642125,-0.120729616903454,1,175,42,27,121
24,"2x",1400,TRUE,"4x",4,0.392417934178498,"EASTERN TEMPERATE FORESTS",-0.387832424658277,-0.102058621333573,1,175,32,27,68
24,"2x",1400,TRUE,"4x",4,0.392417934178498,"GREAT PLAINS",-0.153198351405024,0.050925793826908,1,175,41,27,344
24,"2x",1400,TRUE,"4x",4,0.392417934178498,"MARINE WEST COAST FOREST",0.0193105546337791,0.141785041772938,1,175,34,27,1714
24,"2x",1400,TRUE,"4x",4,0.392417934178498,"MEDITERRANEAN CALIFORNIA",0.495343267553146,0.536168096599533,0,175,148,27,1209
24,"2x",1400,TRUE,"4x",4,0.392417934178498,"NORTH AMERICAN DESERTS",-0.363409418613322,-0.404234247659708,1,175,77,27,49
24,"2x",1400,TRUE,"4x",4,0.392417934178498,"NORTHERN FORESTS",0.0831692151347619,-0.039305272004397,1,175,29,27,147
24,"2x",1400,TRUE,"4x",4,0.392417934178498,"NORTHWESTERN FORESTED MOUNTAINS",0.0375332886610001,-0.166590856570931,1,175,31,27,151
24,"2x",1400,TRUE,"4x",4,0.392417934178498,"WATER",0.0714528784496871,-0.214320924875017,1,175,56,27,107
25,"2x",1400,TRUE,"4x",4,0.125188365701682,"EASTERN TEMPERATE FORESTS",-0.0420104465097943,0.24376335681491,1,175,23,27,75
25,"2x",1400,TRUE,"4x",4,0.125188365701682,"GREAT PLAINS",0.00149629330850975,0.205620438540441,1,175,41,27,497
25,"2x",1400,TRUE,"4x",4,0.125188365701682,"MARINE WEST COAST FOREST",0.00231791611277619,0.124792403251935,1,175,35,27,1642
25,"2x",1400,TRUE,"4x",4,0.125188365701682,"MEDITERRANEAN CALIFORNIA",-0.0481066000557916,-0.00728177100940531,1,175,155,27,999
25,"2x",1400,TRUE,"4x",4,0.125188365701682,"NORTH AMERICAN DESERTS",0.0618042738500113,0.020979444803625,1,175,72,27,120
25,"2x",1400,TRUE,"4x",4,0.125188365701682,"NORTHERN FORESTS",0.0562912428285774,-0.0661832443105815,1,175,32,27,128
25,"2x",1400,TRUE,"4x",4,0.125188365701682,"NORTHWESTERN FORESTED MOUNTAINS",0.0460693199447226,-0.158054825287209,1,175,29,27,182
25,"2x",1400,TRUE,"4x",4,0.125188365701682,"WATER",0.00758310445023574,-0.278190698874468,0,175,58,27,101
26,"2x",1400,TRUE,"4x",4,0.109225402631076,"EASTERN TEMPERATE FORESTS",-0.0109786469170781,0.274795156407626,0,175,40,27,77
26,"2x",1400,TRUE,"4x",4,0.109225402631076,"GREAT PLAINS",-0.00282871657779551,0.201295428654136,1,175,32,27,373
26,"2x",1400,TRUE,"4x",4,0.109225402631076,"MARINE WEST COAST FOREST",0.0123435908893128,0.134818078028472,1,175,40,27,1879
26,"2x",1400,TRUE,"4x",4,0.109225402631076,"MEDITERRANEAN CALIFORNIA",-0.0366475452431577,0.00417728380322861,1,175,153,27,1017
26,"2x",1400,TRUE,"4x",4,0.109225402631076,"NORTH AMERICAN DESERTS",-0.0360314505566033,-0.0768562796029896,1,175,75,27,73
26,"2x",1400,TRUE,"4x",4,0.109225402631076,"NORTHERN FORESTS",-0.0246447124841419,-0.147119199623301,1,175,32,27,131
26,"2x",1400,TRUE,"4x",4,0.109225402631076,"NORTHWESTERN FORESTED MOUNTAINS",0.0880617254248996,-0.116062419807032,1,175,16,27,237
26,"2x",1400,TRUE,"4x",4,0.109225402631076,"WATER",0.0352638958889772,-0.250509907435727,0,175,48,27,124
27,"2x",1400,TRUE,"4x",4,0.115153379051217,"EASTERN TEMPERATE FORESTS",-0.0297205880045391,0.256053215320165,1,175,25,27,75
27,"2x",1400,TRUE,"4x",4,0.115153379051217,"GREAT PLAINS",-0.0477738267573036,0.156350318474628,1,175,46,27,353
27,"2x",1400,TRUE,"4x",4,0.115153379051217,"MARINE WEST COAST FOREST",-0.0623134523104116,0.0601610348287473,1,175,36,27,1789
27,"2x",1400,TRUE,"4x",4,0.115153379051217,"MEDITERRANEAN CALIFORNIA",0.05594094364652,0.0967657726929063,1,175,142,27,886
27,"2x",1400,TRUE,"4x",4,0.115153379051217,"NORTH AMERICAN DESERTS",-0.000649854599307844,-0.0414746836456941,1,175,86,27,68
27,"2x",1400,TRUE,"4x",4,0.115153379051217,"NORTHERN FORESTS",0.0319831220165098,-0.0904913651226491,1,175,17,27,148
27,"2x",1400,TRUE,"4x",4,0.115153379051217,"NORTHWESTERN FORESTED MOUNTAINS",0.059022386329474,-0.145101758902457,1,175,37,27,159
27,"2x",1400,TRUE,"4x",4,0.115153379051217,"WATER",0.00439429001451084,-0.281379513310193,0,175,46,27,138
28,"2x",1400,TRUE,"4x",4,0.398740784944352,"EASTERN TEMPERATE FORESTS",-0.0919491528576911,0.193824650467013,1,175,31,27,87
28,"2x",1400,TRUE,"4x",4,0.398740784944352,"GREAT PLAINS",-0.424298764709151,-0.22017461947722,1,175,29,27,382
28,"2x",1400,TRUE,"4x",4,0.398740784944352,"MARINE WEST COAST FOREST",-0.153349689704768,-0.0308752025656094,1,175,55,27,1701
28,"2x",1400,TRUE,"4x",4,0.398740784944352,"MEDITERRANEAN CALIFORNIA",-0.0938610299411574,-0.0530362008947711,1,175,127,27,770
28,"2x",1400,TRUE,"4x",4,0.398740784944352,"NORTH AMERICAN DESERTS",-0.0250007425403601,-0.0658255715867464,1,175,84,27,98
28,"2x",1400,TRUE,"4x",4,0.398740784944352,"NORTHERN FORESTS",-0.253037520693899,-0.375512007833057,1,175,44,27,112
28,"2x",1400,TRUE,"4x",4,0.398740784944352,"NORTHWESTERN FORESTED MOUNTAINS",0.129902005257458,-0.074222139974473,1,175,48,27,169
28,"2x",1400,TRUE,"4x",4,0.398740784944352,"WATER",0.449845889527355,0.164072086202651,1,175,38,27,130
29,"2x",1400,TRUE,"4x",4,0.132198515417978,"EASTERN TEMPERATE FORESTS",-0.00719866084709037,0.278575142477614,0,175,25,27,73
29,"2x",1400,TRUE,"4x",4,0.132198515417978,"GREAT PLAINS",-0.0475118919752216,0.15661225325671,1,175,55,27,358
29,"2x",1400,TRUE,"4x",4,0.132198515417978,"MARINE WEST COAST FOREST",-0.0655840354579142,0.0568904516812447,1,175,51,27,1786
29,"2x",1400,TRUE,"4x",4,0.132198515417978,"MEDITERRANEAN CALIFORNIA",-0.00742288338350888,0.0334019456628774,1,175,137,27,902
29,"2x",1400,TRUE,"4x",4,0.132198515417978,"NORTH AMERICAN DESERTS",-0.0769883930381641,-0.11781322208455,1,175,81,27,71
29,"2x",1400,TRUE,"4x",4,0.132198515417978,"NORTHERN FORESTS",0.011879814790261,-0.110594672348898,1,175,17,27,145
29,"2x",1400,TRUE,"4x",4,0.132198515417978,"NORTHWESTERN FORESTED MOUNTAINS",0.12542274259913,-0.0787014026328018,1,175,34,27,134
29,"2x",1400,TRUE,"4x",4,0.132198515417978,"WATER",0.0335929774937086,-0.252180825830996,1,175,46,27,96
30,"2x",1400,TRUE,"4x",4,0.136519742004993,"EASTERN TEMPERATE FORESTS",-0.00603082110822147,0.279742982216483,1,175,29,27,89
30,"2x",1400,TRUE,"4x",4,0.136519742004993,"GREAT PLAINS",-0.0884164680181982,0.115707677213733,1,175,31,27,347
30,"2x",1400,TRUE,"4x",4,0.136519742004993,"MARINE WEST COAST FOREST",0.00984211788217152,0.13231660502133,1,175,46,27,1611
30,"2x",1400,TRUE,"4x",4,0.136519742004993,"MEDITERRANEAN CALIFORNIA",0.0764703935391801,0.117295222585566,1,175,117,27,784
30,"2x",1400,TRUE,"4x",4,0.136519742004993,"NORTH AMERICAN DESERTS",-0.0250808271369329,-0.0659056561833192,1,175,88,27,83
30,"2x",1400,TRUE,"4x",4,0.136519742004993,"NORTHERN FORESTS",0.0533872897306476,-0.0690871974085113,1,175,27,27,111
30,"2x",1400,TRUE,"4x",4,0.136519742004993,"NORTHWESTERN FORESTED MOUNTAINS",-0.0445476127779878,-0.248671758009919,0,175,29,27,128
30,"2x",1400,TRUE,"4x",4,0.136519742004993,"WATER",0.0382309660817001,-0.247542837243004,1,175,54,27,112
1,"4x",2800,TRUE,"0.25x",0.25,0.328592555722016,"EASTERN TEMPERATE FORESTS",0.020334777417686,0.30610858074239,1,350,69,27,6
1,"4x",2800,TRUE,"0.25x",0.25,0.328592555722016,"GREAT PLAINS",0.0482703160246137,0.252394461256545,1,350,73,27,31
1,"4x",2800,TRUE,"0.25x",0.25,0.328592555722016,"MARINE WEST COAST FOREST",-0.148129455168619,-0.0256549680294596,1,350,70,27,125
1,"4x",2800,TRUE,"0.25x",0.25,0.328592555722016,"MEDITERRANEAN CALIFORNIA",-0.134467343776495,-0.0936425147301086,1,350,270,27,42
1,"4x",2800,TRUE,"0.25x",0.25,0.328592555722016,"NORTH AMERICAN DESERTS",0.0331034464659235,-0.00772138258046284,1,350,160,27,7
1,"4x",2800,TRUE,"0.25x",0.25,0.328592555722016,"NORTHERN FORESTS",0.157019998074745,0.0345455109355859,1,350,30,27,11
1,"4x",2800,TRUE,"0.25x",0.25,0.328592555722016,"NORTHWESTERN FORESTED MOUNTAINS",-0.19056993309551,-0.394694078327442,1,350,65,27,2
1,"4x",2800,TRUE,"0.25x",0.25,0.328592555722016,"WATER",0.25410227755445,-0.0316715257702541,1,350,93,27,9
2,"4x",2800,TRUE,"0.25x",0.25,0.334364465755483,"EASTERN TEMPERATE FORESTS",-0.0392655457923552,0.246508257532349,1,350,68,27,6
2,"4x",2800,TRUE,"0.25x",0.25,0.334364465755483,"GREAT PLAINS",0.147429377722888,0.351553522954819,1,350,70,27,31
2,"4x",2800,TRUE,"0.25x",0.25,0.334364465755483,"MARINE WEST COAST FOREST",-0.01978666521728,0.102687821921879,1,350,92,27,139
2,"4x",2800,TRUE,"0.25x",0.25,0.334364465755483,"MEDITERRANEAN CALIFORNIA",-0.279254477507802,-0.238429648461415,1,350,290,27,45
2,"4x",2800,TRUE,"0.25x",0.25,0.334364465755483,"NORTH AMERICAN DESERTS",0.0455301651784009,0.00470533613201456,1,350,157,27,7
2,"4x",2800,TRUE,"0.25x",0.25,0.334364465755483,"NORTHERN FORESTS",0.13259746744627,0.010122980307111,1,350,49,27,11
2,"4x",2800,TRUE,"0.25x",0.25,0.334364465755483,"NORTHWESTERN FORESTED MOUNTAINS",-0.159799384001571,-0.363923529233502,1,350,59,27,8
2,"4x",2800,TRUE,"0.25x",0.25,0.334364465755483,"WATER",-0.158389037338916,-0.44416284066362,1,350,73,27,7
3,"4x",2800,TRUE,"0.25x",0.25,0.261446859876026,"EASTERN TEMPERATE FORESTS",0.0270746535428428,0.312848456867547,1,350,66,27,4
3,"4x",2800,TRUE,"0.25x",0.25,0.261446859876026,"GREAT PLAINS",0.085355546493957,0.289479691725889,1,350,63,27,23
3,"4x",2800,TRUE,"0.25x",0.25,0.261446859876026,"MARINE WEST COAST FOREST",-0.0801593494070032,0.0423151377321558,1,350,100,27,97
3,"4x",2800,TRUE,"0.25x",0.25,0.261446859876026,"MEDITERRANEAN CALIFORNIA",0.0438195927849909,0.0846444218313772,1,350,266,27,61
3,"4x",2800,TRUE,"0.25x",0.25,0.261446859876026,"NORTH AMERICAN DESERTS",-0.0276181530118884,-0.0684429820582747,1,350,151,27,5
3,"4x",2800,TRUE,"0.25x",0.25,0.261446859876026,"NORTHERN FORESTS",0.0783626925482689,-0.04411179459089,1,350,44,27,8
3,"4x",2800,TRUE,"0.25x",0.25,0.261446859876026,"NORTHWESTERN FORESTED MOUNTAINS",-0.181431697520169,-0.385555842752101,1,350,58,27,8
3,"4x",2800,TRUE,"0.25x",0.25,0.261446859876026,"WATER",0.0845932698764613,-0.201180533448243,1,350,109,27,5
4,"4x",2800,TRUE,"0.25x",0.25,0.165942075426305,"EASTERN TEMPERATE FORESTS",-0.036508962233869,0.249264841090835,1,350,72,27,5
4,"4x",2800,TRUE,"0.25x",0.25,0.165942075426305,"GREAT PLAINS",-0.0572421155171557,0.146882029714776,1,350,71,27,23
4,"4x",2800,TRUE,"0.25x",0.25,0.165942075426305,"MARINE WEST COAST FOREST",0.0211828163039023,0.143657303443061,1,350,83,27,112
4,"4x",2800,TRUE,"0.25x",0.25,0.165942075426305,"MEDITERRANEAN CALIFORNIA",-0.00719958607044461,0.0336252429759417,1,350,289,27,65
4,"4x",2800,TRUE,"0.25x",0.25,0.165942075426305,"NORTH AMERICAN DESERTS",0.0525565691573549,0.0117317401109686,1,350,160,27,11
4,"4x",2800,TRUE,"0.25x",0.25,0.165942075426305,"NORTHERN FORESTS",0.0505419728687833,-0.0719325142703756,1,350,47,27,7
4,"4x",2800,TRUE,"0.25x",0.25,0.165942075426305,"NORTHWESTERN FORESTED MOUNTAINS",0.00378696226551756,-0.200337182966414,1,350,71,27,11
4,"4x",2800,TRUE,"0.25x",0.25,0.165942075426305,"WATER",-0.0203538961206247,-0.306127699445329,1,350,82,27,6
5,"4x",2800,TRUE,"0.25x",0.25,0.274691592031471,"EASTERN TEMPERATE FORESTS",-0.0474956355312006,0.238278167793504,1,350,71,27,5
5,"4x",2800,TRUE,"0.25x",0.25,0.274691592031471,"GREAT PLAINS",0.056068964644786,0.260193109876718,1,350,70,27,14
5,"4x",2800,TRUE,"0.25x",0.25,0.274691592031471,"MARINE WEST COAST FOREST",-0.133817172620642,-0.0113426854814827,1,350,74,27,121
5,"4x",2800,TRUE,"0.25x",0.25,0.274691592031471,"MEDITERRANEAN CALIFORNIA",0.0799221358027789,0.120746964849165,1,350,264,27,59
5,"4x",2800,TRUE,"0.25x",0.25,0.274691592031471,"NORTH AMERICAN DESERTS",-0.0481074218526937,-0.08893225089908,1,350,148,27,4
5,"4x",2800,TRUE,"0.25x",0.25,0.274691592031471,"NORTHERN FORESTS",-0.237871906365364,-0.360346393504523,1,350,45,27,4
5,"4x",2800,TRUE,"0.25x",0.25,0.274691592031471,"NORTHWESTERN FORESTED MOUNTAINS",-0.059388469341801,-0.263512614573732,1,350,49,27,11
5,"4x",2800,TRUE,"0.25x",0.25,0.274691592031471,"WATER",0.130713796294166,-0.155060007030539,1,350,108,27,9
6,"4x",2800,TRUE,"0.25x",0.25,0.228832812039656,"EASTERN TEMPERATE FORESTS",-0.0818747717139175,0.203899031610787,1,350,68,27,6
6,"4x",2800,TRUE,"0.25x",0.25,0.228832812039656,"GREAT PLAINS",0.0381857281000091,0.242309873331941,1,350,85,27,26
6,"4x",2800,TRUE,"0.25x",0.25,0.228832812039656,"MARINE WEST COAST FOREST",-0.124151881318348,-0.00167739417918886,1,350,76,27,120
6,"4x",2800,TRUE,"0.25x",0.25,0.228832812039656,"MEDITERRANEAN CALIFORNIA",-0.0101311175258275,0.0306937115205588,1,350,261,27,75
6,"4x",2800,TRUE,"0.25x",0.25,0.228832812039656,"NORTH AMERICAN DESERTS",0.0213689251275863,-0.0194559039188,1,350,162,27,9
6,"4x",2800,TRUE,"0.25x",0.25,0.228832812039656,"NORTHERN FORESTS",0.111187749542798,-0.0112867375963613,1,350,58,27,10
6,"4x",2800,TRUE,"0.25x",0.25,0.228832812039656,"NORTHWESTERN FORESTED MOUNTAINS",-0.0121349072848078,-0.216259052516739,1,350,61,27,17
6,"4x",2800,TRUE,"0.25x",0.25,0.228832812039656,"WATER",-0.061634851708562,-0.347408655033266,1,350,109,27,9
7,"4x",2800,TRUE,"0.25x",0.25,0.217072069421347,"EASTERN TEMPERATE FORESTS",-0.0977645049736491,0.188009298351055,1,350,63,27,4
7,"4x",2800,TRUE,"0.25x",0.25,0.217072069421347,"GREAT PLAINS",0.0780093727512891,0.282133517983221,1,350,72,27,27
7,"4x",2800,TRUE,"0.25x",0.25,0.217072069421347,"MARINE WEST COAST FOREST",0.0444686102725948,0.166943097411754,1,350,77,27,103
7,"4x",2800,TRUE,"0.25x",0.25,0.217072069421347,"MEDITERRANEAN CALIFORNIA",0.0874120017230349,0.128236830769421,1,350,254,27,76
7,"4x",2800,TRUE,"0.25x",0.25,0.217072069421347,"NORTH AMERICAN DESERTS",-0.0622313510546846,-0.103056180101071,1,350,134,27,6
7,"4x",2800,TRUE,"0.25x",0.25,0.217072069421347,"NORTHERN FORESTS",-9.49347103602073e-05,-0.122569421849519,1,350,32,27,8
7,"4x",2800,TRUE,"0.25x",0.25,0.217072069421347,"NORTHWESTERN FORESTED MOUNTAINS",0.028376802103087,-0.175747343128845,1,350,63,27,18
7,"4x",2800,TRUE,"0.25x",0.25,0.217072069421347,"WATER",-0.0997164858490426,-0.385490289173747,1,350,104,27,4
8,"4x",2800,TRUE,"0.25x",0.25,0.259281015614035,"EASTERN TEMPERATE FORESTS",-0.175776182281622,0.109997621043082,1,350,74,27,1
8,"4x",2800,TRUE,"0.25x",0.25,0.259281015614035,"GREAT PLAINS",-0.0618791172426724,0.142245027989259,1,350,77,27,25
8,"4x",2800,TRUE,"0.25x",0.25,0.259281015614035,"MARINE WEST COAST FOREST",-0.0170896578823694,0.105384829256789,1,350,85,27,143
8,"4x",2800,TRUE,"0.25x",0.25,0.259281015614035,"MEDITERRANEAN CALIFORNIA",0.121849475936499,0.162674304982885,1,350,261,27,61
8,"4x",2800,TRUE,"0.25x",0.25,0.259281015614035,"NORTH AMERICAN DESERTS",-0.0573904509028895,-0.0982152799492758,1,350,162,27,7
8,"4x",2800,TRUE,"0.25x",0.25,0.259281015614035,"NORTHERN FORESTS",0.0855004695595172,-0.0369740175796417,1,350,59,27,9
8,"4x",2800,TRUE,"0.25x",0.25,0.259281015614035,"NORTHWESTERN FORESTED MOUNTAINS",0.0858677593517419,-0.11825638588019,1,350,61,27,10
8,"4x",2800,TRUE,"0.25x",0.25,0.259281015614035,"WATER",-0.12264455874087,-0.408418362065574,1,350,108,27,2
9,"4x",2800,TRUE,"0.25x",0.25,0.212014506562274,"EASTERN TEMPERATE FORESTS",-0.0735061087737318,0.212267694550972,1,350,77,27,2
9,"4x",2800,TRUE,"0.25x",0.25,0.212014506562274,"GREAT PLAINS",0.0671192718821628,0.271243417114094,1,350,66,27,13
9,"4x",2800,TRUE,"0.25x",0.25,0.212014506562274,"MARINE WEST COAST FOREST",-0.0485833169861403,0.0738911701530186,1,350,92,27,106
9,"4x",2800,TRUE,"0.25x",0.25,0.212014506562274,"MEDITERRANEAN CALIFORNIA",0.0282390011975321,0.0690638302439184,1,350,277,27,57
9,"4x",2800,TRUE,"0.25x",0.25,0.212014506562274,"NORTH AMERICAN DESERTS",0.0844003992814214,0.0435755702350351,1,350,166,27,7
9,"4x",2800,TRUE,"0.25x",0.25,0.212014506562274,"NORTHERN FORESTS",0.0314772768806502,-0.0909972102585087,1,350,58,27,10
9,"4x",2800,TRUE,"0.25x",0.25,0.212014506562274,"NORTHWESTERN FORESTED MOUNTAINS",-0.0717480060473457,-0.275872151279277,1,350,71,27,7
9,"4x",2800,TRUE,"0.25x",0.25,0.212014506562274,"WATER",-0.0448271055310842,-0.330600908855788,1,350,108,27,2
10,"4x",2800,TRUE,"0.25x",0.25,0.13754554521999,"EASTERN TEMPERATE FORESTS",-0.0242870483784797,0.261486754946224,1,350,41,27,3
10,"4x",2800,TRUE,"0.25x",0.25,0.13754554521999,"GREAT PLAINS",0.0342543098621709,0.238378455094102,1,350,71,27,28
10,"4x",2800,TRUE,"0.25x",0.25,0.13754554521999,"MARINE WEST COAST FOREST",-0.0312510946509839,0.0912233924881751,1,350,94,27,136
10,"4x",2800,TRUE,"0.25x",0.25,0.13754554521999,"MEDITERRANEAN CALIFORNIA",0.0783436639647729,0.119168493011159,1,350,294,27,66
10,"4x",2800,TRUE,"0.25x",0.25,0.13754554521999,"NORTH AMERICAN DESERTS",-0.0518984146111077,-0.092723243657494,1,350,157,27,2
10,"4x",2800,TRUE,"0.25x",0.25,0.13754554521999,"NORTHERN FORESTS",0.120659647502633,-0.00181483963652618,1,350,44,27,14
10,"4x",2800,TRUE,"0.25x",0.25,0.13754554521999,"NORTHWESTERN FORESTED MOUNTAINS",-0.013432685854527,-0.217556831086459,1,350,65,27,12
10,"4x",2800,TRUE,"0.25x",0.25,0.13754554521999,"WATER",0.0456516015801139,-0.24012220174459,1,350,91,27,7
11,"4x",2800,TRUE,"0.25x",0.25,0.17819409232196,"EASTERN TEMPERATE FORESTS",-0.0252280567220218,0.260545746602682,1,350,51,27,8
11,"4x",2800,TRUE,"0.25x",0.25,0.17819409232196,"GREAT PLAINS",-0.018111668217601,0.186012477014331,1,350,67,27,22
11,"4x",2800,TRUE,"0.25x",0.25,0.17819409232196,"MARINE WEST COAST FOREST",0.0222135586902598,0.144688045829419,1,350,81,27,147
11,"4x",2800,TRUE,"0.25x",0.25,0.17819409232196,"MEDITERRANEAN CALIFORNIA",-0.0220692836716247,0.0187555453747616,1,350,250,27,51
11,"4x",2800,TRUE,"0.25x",0.25,0.17819409232196,"NORTH AMERICAN DESERTS",0.00602657909549721,-0.0347982499508891,1,350,147,27,7
11,"4x",2800,TRUE,"0.25x",0.25,0.17819409232196,"NORTHERN FORESTS",0.00295827915329033,-0.119516207985869,1,350,59,27,10
11,"4x",2800,TRUE,"0.25x",0.25,0.17819409232196,"NORTHWESTERN FORESTED MOUNTAINS",-0.0408758265365883,-0.24499997176852,1,350,60,27,13
11,"4x",2800,TRUE,"0.25x",0.25,0.17819409232196,"WATER",0.0523061204496017,-0.233467682875102,1,350,99,27,6
12,"4x",2800,TRUE,"0.25x",0.25,0.256801804863259,"EASTERN TEMPERATE FORESTS",-0.0517309220274865,0.234042881297218,1,350,63,27,6
12,"4x",2800,TRUE,"0.25x",0.25,0.256801804863259,"GREAT PLAINS",0.11642015180433,0.320544297036261,1,350,84,27,20
12,"4x",2800,TRUE,"0.25x",0.25,0.256801804863259,"MARINE WEST COAST FOREST",-0.0141674307503711,0.108307056388788,1,350,87,27,94
12,"4x",2800,TRUE,"0.25x",0.25,0.256801804863259,"MEDITERRANEAN CALIFORNIA",0.0938393380742274,0.134664167120614,1,350,264,27,61
12,"4x",2800,TRUE,"0.25x",0.25,0.256801804863259,"NORTH AMERICAN DESERTS",-0.0558930879462952,-0.0967179169926815,1,350,149,27,3
12,"4x",2800,TRUE,"0.25x",0.25,0.256801804863259,"NORTHERN FORESTS",-0.00984339530953474,-0.132317882448694,1,350,36,27,5
12,"4x",2800,TRUE,"0.25x",0.25,0.256801804863259,"NORTHWESTERN FORESTED MOUNTAINS",-0.0627283843533846,-0.266852529585316,1,350,59,27,6
12,"4x",2800,TRUE,"0.25x",0.25,0.256801804863259,"WATER",0.0333437272277313,-0.252430076096973,1,350,101,27,5
13,"4x",2800,TRUE,"0.25x",0.25,0.29922809471885,"EASTERN TEMPERATE FORESTS",-0.207307868813324,0.07846593451138,1,350,49,27,1
13,"4x",2800,TRUE,"0.25x",0.25,0.29922809471885,"GREAT PLAINS",0.0989309587004965,0.303055103932428,1,350,81,27,12
13,"4x",2800,TRUE,"0.25x",0.25,0.29922809471885,"MARINE WEST COAST FOREST",-0.0772986000877606,0.0451758870513983,1,350,88,27,89
13,"4x",2800,TRUE,"0.25x",0.25,0.29922809471885,"MEDITERRANEAN CALIFORNIA",0.0837069982126337,0.12453182725902,1,350,252,27,67
13,"4x",2800,TRUE,"0.25x",0.25,0.29922809471885,"NORTH AMERICAN DESERTS",-0.0655057999020924,-0.106330628948479,1,350,140,27,5
13,"4x",2800,TRUE,"0.25x",0.25,0.29922809471885,"NORTHERN FORESTS",0.101797169972414,-0.0206773171667445,1,350,53,27,7
13,"4x",2800,TRUE,"0.25x",0.25,0.29922809471885,"NORTHWESTERN FORESTED MOUNTAINS",-0.181502869219244,-0.385627014451175,1,350,57,27,6
13,"4x",2800,TRUE,"0.25x",0.25,0.29922809471885,"WATER",0.0625874191599512,-0.223186384164753,1,350,87,27,5
14,"4x",2800,TRUE,"0.25x",0.25,0.442381337155335,"EASTERN TEMPERATE FORESTS",-0.21504504019726,0.0707287631274438,1,350,62,27,2
14,"4x",2800,TRUE,"0.25x",0.25,0.442381337155335,"GREAT PLAINS",-0.182983954973884,0.0211401902580476,1,350,82,27,13
14,"4x",2800,TRUE,"0.25x",0.25,0.442381337155335,"MARINE WEST COAST FOREST",0.0241801549162038,0.146654642055363,1,350,54,27,109
14,"4x",2800,TRUE,"0.25x",0.25,0.442381337155335,"MEDITERRANEAN CALIFORNIA",-0.0226142288806604,0.0182106001657259,1,350,292,27,47
14,"4x",2800,TRUE,"0.25x",0.25,0.442381337155335,"NORTH AMERICAN DESERTS",-0.13391767911916,-0.174742508165546,1,350,136,27,6
14,"4x",2800,TRUE,"0.25x",0.25,0.442381337155335,"NORTHERN FORESTS",0.306392976587611,0.183918489448452,1,350,68,27,13
14,"4x",2800,TRUE,"0.25x",0.25,0.442381337155335,"NORTHWESTERN FORESTED MOUNTAINS",-0.325294096985425,-0.529418242217356,1,350,68,27,10
14,"4x",2800,TRUE,"0.25x",0.25,0.442381337155335,"WATER",0.248166738847576,-0.0376070644771279,1,350,77,27,10
15,"4x",2800,TRUE,"0.25x",0.25,0.38275584148924,"EASTERN TEMPERATE FORESTS",-0.222746574578239,0.0630272287464656,1,350,58,27,3
15,"4x",2800,TRUE,"0.25x",0.25,0.38275584148924,"GREAT PLAINS",0.175337399829199,0.379461545061131,1,350,79,27,15
15,"4x",2800,TRUE,"0.25x",0.25,0.38275584148924,"MARINE WEST COAST FOREST",-0.212460692019295,-0.0899862048801358,1,350,76,27,99
15,"4x",2800,TRUE,"0.25x",0.25,0.38275584148924,"MEDITERRANEAN CALIFORNIA",-0.115682237512462,-0.0748574084660759,1,350,310,27,36
15,"4x",2800,TRUE,"0.25x",0.25,0.38275584148924,"NORTH AMERICAN DESERTS",-0.0896908220515285,-0.130515651097915,1,350,176,27,2
15,"4x",2800,TRUE,"0.25x",0.25,0.38275584148924,"NORTHERN FORESTS",0.22201780766972,0.0995433205305608,1,350,54,27,8
15,"4x",2800,TRUE,"0.25x",0.25,0.38275584148924,"NORTHWESTERN FORESTED MOUNTAINS",-0.141746887622065,-0.345871032853997,1,350,67,27,11
15,"4x",2800,TRUE,"0.25x",0.25,0.38275584148924,"WATER",0.0888016396262966,-0.196972163698408,1,350,101,27,5
16,"4x",2800,TRUE,"0.25x",0.25,0.275223332038629,"EASTERN TEMPERATE FORESTS",-0.0758637842749885,0.209910019049716,1,350,60,27,3
16,"4x",2800,TRUE,"0.25x",0.25,0.275223332038629,"GREAT PLAINS",-0.0292937425764887,0.174830402655443,1,350,85,27,16
16,"4x",2800,TRUE,"0.25x",0.25,0.275223332038629,"MARINE WEST COAST FOREST",-0.0307619602349256,0.0917125269042333,1,350,79,27,110
16,"4x",2800,TRUE,"0.25x",0.25,0.275223332038629,"MEDITERRANEAN CALIFORNIA",-0.0572787618262079,-0.0164539327798216,1,350,272,27,51
16,"4x",2800,TRUE,"0.25x",0.25,0.275223332038629,"NORTH AMERICAN DESERTS",-0.0291454332835019,-0.0699702623298882,1,350,144,27,7
16,"4x",2800,TRUE,"0.25x",0.25,0.275223332038629,"NORTHERN FORESTS",0.202414567749872,0.0799400806107128,1,350,56,27,11
16,"4x",2800,TRUE,"0.25x",0.25,0.275223332038629,"NORTHWESTERN FORESTED MOUNTAINS",-0.221031236804381,-0.425155382036312,1,350,70,27,10
16,"4x",2800,TRUE,"0.25x",0.25,0.275223332038629,"WATER",0.0357799040925054,-0.249993899232199,1,350,80,27,6
17,"4x",2800,TRUE,"0.25x",0.25,0.443892729051602,"EASTERN TEMPERATE FORESTS",-0.180274931103382,0.105498872221322,1,350,73,27,5
17,"4x",2800,TRUE,"0.25x",0.25,0.443892729051602,"GREAT PLAINS",0.38517382244647,0.589297967678402,0,350,85,27,22
17,"4x",2800,TRUE,"0.25x",0.25,0.443892729051602,"MARINE WEST COAST FOREST",-0.141704016473567,-0.0192295293344085,1,350,81,27,89
17,"4x",2800,TRUE,"0.25x",0.25,0.443892729051602,"MEDITERRANEAN CALIFORNIA",0.15788767415092,0.198712503197306,1,350,256,27,43
17,"4x",2800,TRUE,"0.25x",0.25,0.443892729051602,"NORTH AMERICAN DESERTS",0.182507931426514,0.141683102380128,1,350,153,27,8
17,"4x",2800,TRUE,"0.25x",0.25,0.443892729051602,"NORTHERN FORESTS",-0.221962654537541,-0.3444371416767,1,350,56,27,1
17,"4x",2800,TRUE,"0.25x",0.25,0.443892729051602,"NORTHWESTERN FORESTED MOUNTAINS",-0.355325167536854,-0.559449312768785,1,350,72,27,5
17,"4x",2800,TRUE,"0.25x",0.25,0.443892729051602,"WATER",0.272155645302092,-0.0136181580226123,1,350,86,27,8
18,"4x",2800,TRUE,"0.25x",0.25,0.18314805913093,"EASTERN TEMPERATE FORESTS",0.0613882260693597,0.347162029394064,1,350,60,27,8
18,"4x",2800,TRUE,"0.25x",0.25,0.18314805913093,"GREAT PLAINS",-0.000554112306605472,0.203570032925326,1,350,73,27,25
18,"4x",2800,TRUE,"0.25x",0.25,0.18314805913093,"MARINE WEST COAST FOREST",-0.0476359877596071,0.0748384993795518,1,350,70,27,112
18,"4x",2800,TRUE,"0.25x",0.25,0.18314805913093,"MEDITERRANEAN CALIFORNIA",-0.000659292638018178,0.0401655364083681,1,350,241,27,62
18,"4x",2800,TRUE,"0.25x",0.25,0.18314805913093,"NORTH AMERICAN DESERTS",-0.0256907237069628,-0.0665155527533491,1,350,178,27,3
18,"4x",2800,TRUE,"0.25x",0.25,0.18314805913093,"NORTHERN FORESTS",-0.00281082131586968,-0.125285308455029,1,350,46,27,7
18,"4x",2800,TRUE,"0.25x",0.25,0.18314805913093,"NORTHWESTERN FORESTED MOUNTAINS",-0.056406018434283,-0.260530163666215,1,350,52,27,5
18,"4x",2800,TRUE,"0.25x",0.25,0.18314805913093,"WATER",0.0483886615866317,-0.237385141738072,1,350,101,27,8
19,"4x",2800,TRUE,"0.25x",0.25,0.124233582152233,"EASTERN TEMPERATE FORESTS",-0.00855922796317352,0.277214575361531,1,350,65,27,8
19,"4x",2800,TRUE,"0.25x",0.25,0.124233582152233,"GREAT PLAINS",-0.0135368033418989,0.190587341890033,1,350,79,27,22
19,"4x",2800,TRUE,"0.25x",0.25,0.124233582152233,"MARINE WEST COAST FOREST",-0.0196782534577142,0.102796233681445,1,350,73,27,117
19,"4x",2800,TRUE,"0.25x",0.25,0.124233582152233,"MEDITERRANEAN CALIFORNIA",-0.0515182239787114,-0.0106933949323251,1,350,294,27,61
19,"4x",2800,TRUE,"0.25x",0.25,0.124233582152233,"NORTH AMERICAN DESERTS",-0.0112308604485168,-0.0520556894949031,1,350,156,27,4
19,"4x",2800,TRUE,"0.25x",0.25,0.124233582152233,"NORTHERN FORESTS",0.00789055941131764,-0.114583927727841,1,350,48,27,14
19,"4x",2800,TRUE,"0.25x",0.25,0.124233582152233,"NORTHWESTERN FORESTED MOUNTAINS",0.00714123779883958,-0.196982907433092,1,350,41,27,12
19,"4x",2800,TRUE,"0.25x",0.25,0.124233582152233,"WATER",-0.00260447583140378,-0.288378279156108,1,350,91,27,8
20,"4x",2800,TRUE,"0.25x",0.25,0.208642026299338,"EASTERN TEMPERATE FORESTS",-0.00292758519806987,0.282846218126634,1,350,63,27,5
20,"4x",2800,TRUE,"0.25x",0.25,0.208642026299338,"GREAT PLAINS",0.0332088975701378,0.237333042802069,1,350,73,27,13
20,"4x",2800,TRUE,"0.25x",0.25,0.208642026299338,"MARINE WEST COAST FOREST",-0.0811187012527647,0.0413557858863942,1,350,93,27,93
20,"4x",2800,TRUE,"0.25x",0.25,0.208642026299338,"MEDITERRANEAN CALIFORNIA",-0.0831402531179491,-0.0423154240715627,1,350,287,27,61
20,"4x",2800,TRUE,"0.25x",0.25,0.208642026299338,"NORTH AMERICAN DESERTS",0.00963473223043031,-0.031190096815956,1,350,178,27,3
20,"4x",2800,TRUE,"0.25x",0.25,0.208642026299338,"NORTHERN FORESTS",0.015556948661373,-0.106917538477786,1,350,44,27,10
20,"4x",2800,TRUE,"0.25x",0.25,0.208642026299338,"NORTHWESTERN FORESTED MOUNTAINS",-0.0388065676477832,-0.242930712879715,1,350,52,27,8
20,"4x",2800,TRUE,"0.25x",0.25,0.208642026299338,"WATER",0.0440975487218593,-0.241676254602845,1,350,70,27,8
21,"4x",2800,TRUE,"0.25x",0.25,0.208977316378791,"EASTERN TEMPERATE FORESTS",-0.00659457579359719,0.279179227531107,1,350,67,27,10
21,"4x",2800,TRUE,"0.25x",0.25,0.208977316378791,"GREAT PLAINS",0.0180614686576053,0.222185613889537,1,350,64,27,46
21,"4x",2800,TRUE,"0.25x",0.25,0.208977316378791,"MARINE WEST COAST FOREST",-0.0771372587214038,0.0453372284177551,1,350,91,27,72
21,"4x",2800,TRUE,"0.25x",0.25,0.208977316378791,"MEDITERRANEAN CALIFORNIA",0.037403521837719,0.0782283508841053,1,350,273,27,48
21,"4x",2800,TRUE,"0.25x",0.25,0.208977316378791,"NORTH AMERICAN DESERTS",-0.0129977426950038,-0.0538225717413901,1,350,161,27,4
21,"4x",2800,TRUE,"0.25x",0.25,0.208977316378791,"NORTHERN FORESTS",-0.0681333057871583,-0.190607792926317,1,350,28,27,4
21,"4x",2800,TRUE,"0.25x",0.25,0.208977316378791,"NORTHWESTERN FORESTED MOUNTAINS",-0.0970679990077463,-0.301192144239678,1,350,67,27,7
21,"4x",2800,TRUE,"0.25x",0.25,0.208977316378791,"WATER",0.107967584104494,-0.17780621922021,1,350,80,27,10
22,"4x",2800,TRUE,"0.25x",0.25,0.235326215884595,"EASTERN TEMPERATE FORESTS",0.0435939692019998,0.329367772526704,1,350,72,27,9
22,"4x",2800,TRUE,"0.25x",0.25,0.235326215884595,"GREAT PLAINS",-0.0202815609060645,0.183842584325867,1,350,65,27,21
22,"4x",2800,TRUE,"0.25x",0.25,0.235326215884595,"MARINE WEST COAST FOREST",0.113028269205627,0.235502756344785,1,350,79,27,131
22,"4x",2800,TRUE,"0.25x",0.25,0.235326215884595,"MEDITERRANEAN CALIFORNIA",-0.155477996586937,-0.114653167540551,1,350,266,27,44
22,"4x",2800,TRUE,"0.25x",0.25,0.235326215884595,"NORTH AMERICAN DESERTS",0.0346405928226099,-0.00618423622377638,1,350,168,27,6
22,"4x",2800,TRUE,"0.25x",0.25,0.235326215884595,"NORTHERN FORESTS",-0.0126184172939816,-0.13509290443314,1,350,58,27,13
22,"4x",2800,TRUE,"0.25x",0.25,0.235326215884595,"NORTHWESTERN FORESTED MOUNTAINS",-0.0428275899921371,-0.246951735224069,1,350,54,27,9
22,"4x",2800,TRUE,"0.25x",0.25,0.235326215884595,"WATER",0.0165842405688761,-0.269189562755828,1,350,73,27,11
23,"4x",2800,TRUE,"0.25x",0.25,0.269527790141809,"EASTERN TEMPERATE FORESTS",-0.123411012567918,0.162362790756786,1,350,55,27,3
23,"4x",2800,TRUE,"0.25x",0.25,0.269527790141809,"GREAT PLAINS",0.120847647473761,0.324971792705693,1,350,98,27,30
23,"4x",2800,TRUE,"0.25x",0.25,0.269527790141809,"MARINE WEST COAST FOREST",-0.055216185324594,0.0672583018145649,1,350,98,27,110
23,"4x",2800,TRUE,"0.25x",0.25,0.269527790141809,"MEDITERRANEAN CALIFORNIA",-0.116526899410079,-0.075702070363693,1,350,265,27,59
23,"4x",2800,TRUE,"0.25x",0.25,0.269527790141809,"NORTH AMERICAN DESERTS",-0.063488725801132,-0.104313554847518,1,350,173,27,6
23,"4x",2800,TRUE,"0.25x",0.25,0.269527790141809,"NORTHERN FORESTS",0.185629468036995,0.0631549808978364,1,350,54,27,13
23,"4x",2800,TRUE,"0.25x",0.25,0.269527790141809,"NORTHWESTERN FORESTED MOUNTAINS",0.0407075002590181,-0.163416644972913,1,350,62,27,12
23,"4x",2800,TRUE,"0.25x",0.25,0.269527790141809,"WATER",0.0399811469970797,-0.245792656327624,1,350,107,27,6
24,"4x",2800,TRUE,"0.25x",0.25,0.418773941167616,"EASTERN TEMPERATE FORESTS",-0.433669010281439,-0.147895206956734,1,350,54,27,2
24,"4x",2800,TRUE,"0.25x",0.25,0.418773941167616,"GREAT PLAINS",0.0135011934216709,0.217625338653602,1,350,96,27,25
24,"4x",2800,TRUE,"0.25x",0.25,0.418773941167616,"MARINE WEST COAST FOREST",0.0115045712623626,0.133979058401521,1,350,74,27,142
24,"4x",2800,TRUE,"0.25x",0.25,0.418773941167616,"MEDITERRANEAN CALIFORNIA",0.166798086016695,0.207622915063081,1,350,267,27,59
24,"4x",2800,TRUE,"0.25x",0.25,0.418773941167616,"NORTH AMERICAN DESERTS",-0.091054858953528,-0.131879687999914,1,350,132,27,3
24,"4x",2800,TRUE,"0.25x",0.25,0.418773941167616,"NORTHERN FORESTS",0.205219654572345,0.0827451674331863,1,350,54,27,9
24,"4x",2800,TRUE,"0.25x",0.25,0.418773941167616,"NORTHWESTERN FORESTED MOUNTAINS",-0.411707623183191,-0.615831768415123,1,350,63,27,8
24,"4x",2800,TRUE,"0.25x",0.25,0.418773941167616,"WATER",0.0755751444398932,-0.210198658884811,1,350,92,27,6
25,"4x",2800,TRUE,"0.25x",0.25,0.333040478765482,"EASTERN TEMPERATE FORESTS",0.07394742578651,0.359721229111214,1,350,64,27,7
25,"4x",2800,TRUE,"0.25x",0.25,0.333040478765482,"GREAT PLAINS",-0.224987039615894,-0.0208628943839625,1,350,75,27,17
25,"4x",2800,TRUE,"0.25x",0.25,0.333040478765482,"MARINE WEST COAST FOREST",0.0514342333149074,0.173908720454066,1,350,92,27,141
25,"4x",2800,TRUE,"0.25x",0.25,0.333040478765482,"MEDITERRANEAN CALIFORNIA",-0.075531462971474,-0.0347066339250877,1,350,294,27,49
25,"4x",2800,TRUE,"0.25x",0.25,0.333040478765482,"NORTH AMERICAN DESERTS",-0.217456874883539,-0.258281703929925,1,350,172,27,2
25,"4x",2800,TRUE,"0.25x",0.25,0.333040478765482,"NORTHERN FORESTS",0.215492423637808,0.0930179364986486,1,350,47,27,9
25,"4x",2800,TRUE,"0.25x",0.25,0.333040478765482,"NORTHWESTERN FORESTED MOUNTAINS",0.0826226273058271,-0.121501517926104,1,350,54,27,12
25,"4x",2800,TRUE,"0.25x",0.25,0.333040478765482,"WATER",0.12624836561681,-0.159525437707894,1,350,89,27,6
26,"4x",2800,TRUE,"0.25x",0.25,0.353809330735537,"EASTERN TEMPERATE FORESTS",0.168375060829425,0.45414886415413,1,350,59,27,7
26,"4x",2800,TRUE,"0.25x",0.25,0.353809330735537,"GREAT PLAINS",0.163917444523292,0.368041589755224,1,350,74,27,31
26,"4x",2800,TRUE,"0.25x",0.25,0.353809330735537,"MARINE WEST COAST FOREST",0.0448484203062695,0.167322907445428,1,350,79,27,120
26,"4x",2800,TRUE,"0.25x",0.25,0.353809330735537,"MEDITERRANEAN CALIFORNIA",-0.122669207982559,-0.0818443789361729,1,350,283,27,49
26,"4x",2800,TRUE,"0.25x",0.25,0.353809330735537,"NORTH AMERICAN DESERTS",-0.295356391866295,-0.336181220912681,1,350,169,27,3
26,"4x",2800,TRUE,"0.25x",0.25,0.353809330735537,"NORTHERN FORESTS",0.14680815902495,0.0243336718857907,1,350,51,27,11
26,"4x",2800,TRUE,"0.25x",0.25,0.353809330735537,"NORTHWESTERN FORESTED MOUNTAINS",-0.138426543958498,-0.34255068919043,1,350,61,27,10
26,"4x",2800,TRUE,"0.25x",0.25,0.353809330735537,"WATER",0.0151240397369801,-0.270649763587724,1,350,91,27,6
27,"4x",2800,TRUE,"0.25x",0.25,0.167946777747223,"EASTERN TEMPERATE FORESTS",0.0342270274872374,0.320000830811942,1,350,50,27,7
27,"4x",2800,TRUE,"0.25x",0.25,0.167946777747223,"GREAT PLAINS",0.0287583618977568,0.232882507129688,1,350,95,27,27
27,"4x",2800,TRUE,"0.25x",0.25,0.167946777747223,"MARINE WEST COAST FOREST",0.0847453592480257,0.207219846387185,1,350,74,27,68
27,"4x",2800,TRUE,"0.25x",0.25,0.167946777747223,"MEDITERRANEAN CALIFORNIA",-0.0673656367582023,-0.026540807711816,1,350,307,27,53
27,"4x",2800,TRUE,"0.25x",0.25,0.167946777747223,"NORTH AMERICAN DESERTS",-0.00975416099507054,-0.0505789900414568,1,350,166,27,4
27,"4x",2800,TRUE,"0.25x",0.25,0.167946777747223,"NORTHERN FORESTS",-0.00386091003084552,-0.126335397170004,1,350,65,27,5
27,"4x",2800,TRUE,"0.25x",0.25,0.167946777747223,"NORTHWESTERN FORESTED MOUNTAINS",-0.00407042127826685,-0.208194566510198,1,350,40,27,9
27,"4x",2800,TRUE,"0.25x",0.25,0.167946777747223,"WATER",-0.00570057110556798,-0.291474374430272,1,350,88,27,4
28,"4x",2800,TRUE,"0.25x",0.25,0.53201387321312,"EASTERN TEMPERATE FORESTS",-0.211070356954136,0.0747034463705681,1,350,74,27,3
28,"4x",2800,TRUE,"0.25x",0.25,0.53201387321312,"GREAT PLAINS",0.281309475588754,0.485433620820685,1,350,77,27,30
28,"4x",2800,TRUE,"0.25x",0.25,0.53201387321312,"MARINE WEST COAST FOREST",0.246705271205007,0.369179758344166,1,350,85,27,113
28,"4x",2800,TRUE,"0.25x",0.25,0.53201387321312,"MEDITERRANEAN CALIFORNIA",-0.031322804988526,0.00950202405786033,1,350,284,27,76
28,"4x",2800,TRUE,"0.25x",0.25,0.53201387321312,"NORTH AMERICAN DESERTS",-0.563831415461446,-0.604656244507833,1,350,145,27,2
28,"4x",2800,TRUE,"0.25x",0.25,0.53201387321312,"NORTHERN FORESTS",0.300887359767763,0.178412872628604,1,350,56,27,9
28,"4x",2800,TRUE,"0.25x",0.25,0.53201387321312,"NORTHWESTERN FORESTED MOUNTAINS",-0.289104223053099,-0.49322836828503,1,350,59,27,12
28,"4x",2800,TRUE,"0.25x",0.25,0.53201387321312,"WATER",0.338301317230594,0.0525275139058895,1,350,89,27,6
29,"4x",2800,TRUE,"0.25x",0.25,0.218175438212228,"EASTERN TEMPERATE FORESTS",-0.156204835578161,0.129568967746543,1,350,48,27,1
29,"4x",2800,TRUE,"0.25x",0.25,0.218175438212228,"GREAT PLAINS",0.106186604888339,0.310310750120271,1,350,68,27,29
29,"4x",2800,TRUE,"0.25x",0.25,0.218175438212228,"MARINE WEST COAST FOREST",-0.0495892902569398,0.0728851968822191,1,350,75,27,80
29,"4x",2800,TRUE,"0.25x",0.25,0.218175438212228,"MEDITERRANEAN CALIFORNIA",-0.0158262045123293,0.024998624534057,1,350,279,27,59
29,"4x",2800,TRUE,"0.25x",0.25,0.218175438212228,"NORTH AMERICAN DESERTS",-0.0630867658698605,-0.103911594916247,1,350,158,27,2
29,"4x",2800,TRUE,"0.25x",0.25,0.218175438212228,"NORTHERN FORESTS",0.0711587966692132,-0.0513156904699457,1,350,46,27,12
29,"4x",2800,TRUE,"0.25x",0.25,0.218175438212228,"NORTHWESTERN FORESTED MOUNTAINS",0.0109060248203564,-0.193218120411575,1,350,46,27,7
29,"4x",2800,TRUE,"0.25x",0.25,0.218175438212228,"WATER",0.0250240766863073,-0.260749726638397,1,350,78,27,10
30,"4x",2800,TRUE,"0.25x",0.25,0.304496867545661,"EASTERN TEMPERATE FORESTS",-0.0156242557448289,0.270149547579875,1,350,77,27,7
30,"4x",2800,TRUE,"0.25x",0.25,0.304496867545661,"GREAT PLAINS",0.0826406293863094,0.286764774618241,1,350,58,27,21
30,"4x",2800,TRUE,"0.25x",0.25,0.304496867545661,"MARINE WEST COAST FOREST",-0.072978797837618,0.0494956893015409,1,350,86,27,133
30,"4x",2800,TRUE,"0.25x",0.25,0.304496867545661,"MEDITERRANEAN CALIFORNIA",0.0742502066091492,0.115075035655535,1,350,291,27,56
30,"4x",2800,TRUE,"0.25x",0.25,0.304496867545661,"NORTH AMERICAN DESERTS",-0.000875537114173279,-0.0417003661605596,1,350,162,27,7
30,"4x",2800,TRUE,"0.25x",0.25,0.304496867545661,"NORTHERN FORESTS",0.0596612592895666,-0.0628132278495923,1,350,47,27,6
30,"4x",2800,TRUE,"0.25x",0.25,0.304496867545661,"NORTHWESTERN FORESTED MOUNTAINS",-0.371842377938188,-0.575966523170119,0,350,45,27,5
30,"4x",2800,TRUE,"0.25x",0.25,0.304496867545661,"WATER",0.0955414767079889,-0.190232326616715,1,350,107,27,13
1,"4x",2800,TRUE,"16x",16,0.150770946130303,"EASTERN TEMPERATE FORESTS",-0.0289979577764938,0.25677584554821,1,350,45,27,291
1,"4x",2800,TRUE,"16x",16,0.150770946130303,"GREAT PLAINS",-0.0920266983944101,0.112097446837521,1,350,62,27,1313
1,"4x",2800,TRUE,"16x",16,0.150770946130303,"MARINE WEST COAST FOREST",-0.116919227561088,0.00555525957807082,1,350,88,27,6917
1,"4x",2800,TRUE,"16x",16,0.150770946130303,"MEDITERRANEAN CALIFORNIA",0.0091002113781213,0.0499250404245076,1,350,272,27,3889
1,"4x",2800,TRUE,"16x",16,0.150770946130303,"NORTH AMERICAN DESERTS",0.0201665529102792,-0.0206582761361071,1,350,151,27,280
1,"4x",2800,TRUE,"16x",16,0.150770946130303,"NORTHERN FORESTS",-0.00797137556613986,-0.130445862705299,1,350,40,27,624
1,"4x",2800,TRUE,"16x",16,0.150770946130303,"NORTHWESTERN FORESTED MOUNTAINS",-0.0792194952501289,-0.28334364048206,0,350,72,27,615
1,"4x",2800,TRUE,"16x",16,0.150770946130303,"WATER",0.156540034218851,-0.129233769105853,1,350,104,27,681
2,"4x",2800,TRUE,"16x",16,0.203419092316089,"EASTERN TEMPERATE FORESTS",-0.103996284825805,0.181777518498899,1,350,58,27,359
2,"4x",2800,TRUE,"16x",16,0.203419092316089,"GREAT PLAINS",-0.0301828936829699,0.173941251548962,1,350,68,27,1821
2,"4x",2800,TRUE,"16x",16,0.203419092316089,"MARINE WEST COAST FOREST",-0.174912881555597,-0.0524383944164381,1,350,81,27,5170
2,"4x",2800,TRUE,"16x",16,0.203419092316089,"MEDITERRANEAN CALIFORNIA",0.0157604297872023,0.0565852588335886,1,350,299,27,4125
2,"4x",2800,TRUE,"16x",16,0.203419092316089,"NORTH AMERICAN DESERTS",-0.106168250666251,-0.146993079712637,1,350,156,27,306
2,"4x",2800,TRUE,"16x",16,0.203419092316089,"NORTHERN FORESTS",0.0412281611710385,-0.0812463259681204,1,350,65,27,448
2,"4x",2800,TRUE,"16x",16,0.203419092316089,"NORTHWESTERN FORESTED MOUNTAINS",0.0832561677405839,-0.120867977491348,1,350,65,27,694
2,"4x",2800,TRUE,"16x",16,0.203419092316089,"WATER",0.225003511604575,-0.0607702917201287,1,350,97,27,400
3,"4x",2800,TRUE,"16x",16,3.12679218845711,"EASTERN TEMPERATE FORESTS",6.6567401832785,6.9425139866032,0,350,76,27,288
3,"4x",2800,TRUE,"16x",16,3.12679218845711,"GREAT PLAINS",1.20425370669723,1.40837785192916,1,350,50,27,1706
3,"4x",2800,TRUE,"16x",16,3.12679218845711,"MARINE WEST COAST FOREST",2.78671197209509,2.90918645923425,1,350,72,27,6615
3,"4x",2800,TRUE,"16x",16,3.12679218845711,"MEDITERRANEAN CALIFORNIA",-2.3552042779969,-2.31437944895051,1,350,284,27,4124
3,"4x",2800,TRUE,"16x",16,3.12679218845711,"NORTH AMERICAN DESERTS",2.67499545783112,2.63417062878474,1,350,136,27,318
3,"4x",2800,TRUE,"16x",16,3.12679218845711,"NORTHERN FORESTS",3.17376555560931,3.05129106847015,1,350,41,27,699
3,"4x",2800,TRUE,"16x",16,3.12679218845711,"NORTHWESTERN FORESTED MOUNTAINS",3.36350627786116,3.15938213262923,1,350,65,27,660
3,"4x",2800,TRUE,"16x",16,3.12679218845711,"WATER",-1.94116100203286,-2.22693480535756,1,350,105,27,927
4,"4x",2800,TRUE,"16x",16,0.115939261639759,"EASTERN TEMPERATE FORESTS",-0.0418285676968648,0.243945235627839,0,350,71,27,297
4,"4x",2800,TRUE,"16x",16,0.115939261639759,"GREAT PLAINS",-0.0073171116087487,0.196807033623183,1,350,68,27,1613
4,"4x",2800,TRUE,"16x",16,0.115939261639759,"MARINE WEST COAST FOREST",-0.0208538222445367,0.101620664894622,1,350,67,27,4669
4,"4x",2800,TRUE,"16x",16,0.115939261639759,"MEDITERRANEAN CALIFORNIA",-0.0807523711004519,-0.0399275420540656,1,350,226,27,4042
4,"4x",2800,TRUE,"16x",16,0.115939261639759,"NORTH AMERICAN DESERTS",0.0395327860376676,-0.00129204300871867,1,350,162,27,344
4,"4x",2800,TRUE,"16x",16,0.115939261639759,"NORTHERN FORESTS",-0.0127119706278041,-0.135186457766963,1,350,72,27,577
4,"4x",2800,TRUE,"16x",16,0.115939261639759,"NORTHWESTERN FORESTED MOUNTAINS",-0.00358882260430015,-0.207712967836232,0,350,62,27,567
4,"4x",2800,TRUE,"16x",16,0.115939261639759,"WATER",0.0879485274710293,-0.197825275853675,1,350,93,27,510
5,"4x",2800,TRUE,"16x",16,0.0581190335042295,"EASTERN TEMPERATE FORESTS",-0.0537115561765006,0.232062247148204,1,350,62,27,227
5,"4x",2800,TRUE,"16x",16,0.0581190335042295,"GREAT PLAINS",0.00785385517527052,0.211978000407202,0,350,82,27,1299
5,"4x",2800,TRUE,"16x",16,0.0581190335042295,"MARINE WEST COAST FOREST",-0.0325825970990007,0.0898918900401583,1,350,91,27,7491
5,"4x",2800,TRUE,"16x",16,0.0581190335042295,"MEDITERRANEAN CALIFORNIA",0.00638982719391159,0.0472146562402979,1,350,303,27,3945
5,"4x",2800,TRUE,"16x",16,0.0581190335042295,"NORTH AMERICAN DESERTS",0.023318403378964,-0.0175064256674223,1,350,147,27,310
5,"4x",2800,TRUE,"16x",16,0.0581190335042295,"NORTHERN FORESTS",-0.00908763149864524,-0.131562118637804,1,350,52,27,632
5,"4x",2800,TRUE,"16x",16,0.0581190335042295,"NORTHWESTERN FORESTED MOUNTAINS",0.00221320130589876,-0.201910943926033,0,350,55,27,584
5,"4x",2800,TRUE,"16x",16,0.0581190335042295,"WATER",0.0475418283367722,-0.238231974987932,1,350,68,27,516
6,"4x",2800,TRUE,"16x",16,3.02457288779072,"EASTERN TEMPERATE FORESTS",5.1713174214426,5.4570912247673,1,350,79,27,249
6,"4x",2800,TRUE,"16x",16,3.02457288779072,"GREAT PLAINS",2.01287524710494,2.21699939233687,1,350,50,27,1410
6,"4x",2800,TRUE,"16x",16,3.02457288779072,"MARINE WEST COAST FOREST",3.90242118971749,4.02489567685665,1,350,75,27,5776
6,"4x",2800,TRUE,"16x",16,3.02457288779072,"MEDITERRANEAN CALIFORNIA",-0.659555897258531,-0.618731068212145,1,350,282,27,3783
6,"4x",2800,TRUE,"16x",16,3.02457288779072,"NORTH AMERICAN DESERTS",1.69813889322522,1.65731406417883,1,350,179,27,414
6,"4x",2800,TRUE,"16x",16,3.02457288779072,"NORTHERN FORESTS",3.62160066743371,3.49912618029455,1,350,44,27,780
6,"4x",2800,TRUE,"16x",16,3.02457288779072,"NORTHWESTERN FORESTED MOUNTAINS",4.14106060244255,3.93693645721062,1,350,58,27,612
6,"4x",2800,TRUE,"16x",16,3.02457288779072,"WATER",-0.655932275175175,-0.94170607849988,1,350,112,27,498
7,"4x",2800,TRUE,"16x",16,0.148368420065235,"EASTERN TEMPERATE FORESTS",-0.0580738779549913,0.227699925369713,1,350,55,27,293
7,"4x",2800,TRUE,"16x",16,0.148368420065235,"GREAT PLAINS",-0.0546536314237244,0.149470513808207,1,350,74,27,1684
7,"4x",2800,TRUE,"16x",16,0.148368420065235,"MARINE WEST COAST FOREST",-0.107795400370763,0.0146790867683957,1,350,56,27,8313
7,"4x",2800,TRUE,"16x",16,0.148368420065235,"MEDITERRANEAN CALIFORNIA",0.00562130651214082,0.0464461355585271,1,350,280,27,4115
7,"4x",2800,TRUE,"16x",16,0.148368420065235,"NORTH AMERICAN DESERTS",-0.0943610081529495,-0.135185837199336,1,350,174,27,296
7,"4x",2800,TRUE,"16x",16,0.148368420065235,"NORTHERN FORESTS",0.0509087153164512,-0.0715657718227077,1,350,66,27,666
7,"4x",2800,TRUE,"16x",16,0.148368420065235,"NORTHWESTERN FORESTED MOUNTAINS",0.108750194693908,-0.0953739505380233,1,350,60,27,872
7,"4x",2800,TRUE,"16x",16,0.148368420065235,"WATER",0.0128672494018311,-0.272906553922873,0,350,76,27,327
8,"4x",2800,TRUE,"16x",16,0.230643253905481,"EASTERN TEMPERATE FORESTS",0.00175861691402722,0.287532420238731,1,350,71,27,343
8,"4x",2800,TRUE,"16x",16,0.230643253905481,"GREAT PLAINS",-0.0778705564464002,0.126253588785531,1,350,87,27,1378
8,"4x",2800,TRUE,"16x",16,0.230643253905481,"MARINE WEST COAST FOREST",-0.267071931954771,-0.144597444815612,1,350,77,27,7432
8,"4x",2800,TRUE,"16x",16,0.230643253905481,"MEDITERRANEAN CALIFORNIA",-0.0174880462315811,0.0233367828148052,1,350,288,27,4383
8,"4x",2800,TRUE,"16x",16,0.230643253905481,"NORTH AMERICAN DESERTS",-0.000689056637220406,-0.0415138856836067,1,350,163,27,291
8,"4x",2800,TRUE,"16x",16,0.230643253905481,"NORTHERN FORESTS",0.17540224902615,0.052927761886991,1,350,55,27,568
8,"4x",2800,TRUE,"16x",16,0.230643253905481,"NORTHWESTERN FORESTED MOUNTAINS",0.160063938379776,-0.0440602068521559,1,350,64,27,596
8,"4x",2800,TRUE,"16x",16,0.230643253905481,"WATER",0.0729764089345764,-0.212797394390128,1,350,113,27,397
9,"4x",2800,TRUE,"16x",16,0.103140478474849,"EASTERN TEMPERATE FORESTS",-0.0263354100593206,0.259438393265384,0,350,66,27,332
9,"4x",2800,TRUE,"16x",16,0.103140478474849,"GREAT PLAINS",-0.0677441503172975,0.136379994914634,1,350,81,27,1117
9,"4x",2800,TRUE,"16x",16,0.103140478474849,"MARINE WEST COAST FOREST",-0.0289900136314039,0.093484473507755,1,350,77,27,6152
9,"4x",2800,TRUE,"16x",16,0.103140478474849,"MEDITERRANEAN CALIFORNIA",-0.0491948206994374,-0.00836999165305106,1,350,270,27,4368
9,"4x",2800,TRUE,"16x",16,0.103140478474849,"NORTH AMERICAN DESERTS",0.015197563630909,-0.0256272654154773,1,350,162,27,362
9,"4x",2800,TRUE,"16x",16,0.103140478474849,"NORTHERN FORESTS",-0.0119627084818087,-0.134437195620968,1,350,39,27,568
9,"4x",2800,TRUE,"16x",16,0.103140478474849,"NORTHWESTERN FORESTED MOUNTAINS",0.045309018568667,-0.158815126663264,1,350,65,27,727
9,"4x",2800,TRUE,"16x",16,0.103140478474849,"WATER",0.0343582943152759,-0.251415509009428,0,350,86,27,363
10,"4x",2800,TRUE,"16x",16,0.132259109596648,"EASTERN TEMPERATE FORESTS",0.00366636858772128,0.289440171912425,0,350,54,27,303
10,"4x",2800,TRUE,"16x",16,0.132259109596648,"GREAT PLAINS",-0.0288978989776661,0.175226246254265,1,350,85,27,1616
10,"4x",2800,TRUE,"16x",16,0.132259109596648,"MARINE WEST COAST FOREST",-0.13408120292202,-0.0116067157828609,1,350,99,27,7409
10,"4x",2800,TRUE,"16x",16,0.132259109596648,"MEDITERRANEAN CALIFORNIA",-0.0475664865523287,-0.00674165750594239,1,350,269,27,3871
10,"4x",2800,TRUE,"16x",16,0.132259109596648,"NORTH AMERICAN DESERTS",0.0429734617935442,0.00214863274715794,1,350,177,27,311
10,"4x",2800,TRUE,"16x",16,0.132259109596648,"NORTHERN FORESTS",0.0496283499948087,-0.0728461371443502,1,350,42,27,678
10,"4x",2800,TRUE,"16x",16,0.132259109596648,"NORTHWESTERN FORESTED MOUNTAINS",0.0483108235999013,-0.15581332163203,1,350,54,27,916
10,"4x",2800,TRUE,"16x",16,0.132259109596648,"WATER",0.0801334118056267,-0.205640391519077,1,350,88,27,609
11,"4x",2800,TRUE,"16x",16,2.92597353221022,"EASTERN TEMPERATE FORESTS",6.26357046225577,6.54934426558047,0,350,42,27,262
11,"4x",2800,TRUE,"16x",16,2.92597353221022,"GREAT PLAINS",1.8162573545165,2.02038149974843,1,350,78,27,1368
11,"4x",2800,TRUE,"16x",16,2.92597353221022,"MARINE WEST COAST FOREST",2.77996880017887,2.90244328731803,1,350,69,27,6644
11,"4x",2800,TRUE,"16x",16,2.92597353221022,"MEDITERRANEAN CALIFORNIA",-3.09320211149234,-3.05237728244596,1,350,273,27,4457
11,"4x",2800,TRUE,"16x",16,2.92597353221022,"NORTH AMERICAN DESERTS",1.98314422549646,1.94231939645007,1,350,180,27,390
11,"4x",2800,TRUE,"16x",16,2.92597353221022,"NORTHERN FORESTS",2.7212834886193,2.59880900148014,1,350,44,27,722
11,"4x",2800,TRUE,"16x",16,2.92597353221022,"NORTHWESTERN FORESTED MOUNTAINS",2.38160818209284,2.17748403686091,1,350,61,27,596
11,"4x",2800,TRUE,"16x",16,2.92597353221022,"WATER",0.235439406632947,-0.0503343966917569,1,350,81,27,491
12,"4x",2800,TRUE,"16x",16,0.246665370503918,"EASTERN TEMPERATE FORESTS",-0.0423221372042766,0.243451666120428,1,350,74,27,233
12,"4x",2800,TRUE,"16x",16,0.246665370503918,"GREAT PLAINS",0.0846344634128404,0.288758608644772,1,350,97,27,1448
12,"4x",2800,TRUE,"16x",16,0.246665370503918,"MARINE WEST COAST FOREST",-0.227566298220921,-0.105091811081762,1,350,84,27,8559
12,"4x",2800,TRUE,"16x",16,0.246665370503918,"MEDITERRANEAN CALIFORNIA",-0.0267021958173374,0.0141226332290489,1,350,298,27,3708
12,"4x",2800,TRUE,"16x",16,0.246665370503918,"NORTH AMERICAN DESERTS",-0.210691048065782,-0.251515877112169,1,350,153,27,241
12,"4x",2800,TRUE,"16x",16,0.246665370503918,"NORTHERN FORESTS",0.183252109850501,0.0607776227113417,1,350,52,27,680
12,"4x",2800,TRUE,"16x",16,0.246665370503918,"NORTHWESTERN FORESTED MOUNTAINS",-0.162285389762754,-0.366409534994686,0,350,49,27,495
12,"4x",2800,TRUE,"16x",16,0.246665370503918,"WATER",0.216527528399618,-0.0692462749250866,1,350,82,27,507
13,"4x",2800,TRUE,"16x",16,4.29167001306975,"EASTERN TEMPERATE FORESTS",11.043305768414,11.3290795717388,0,350,60,27,213
13,"4x",2800,TRUE,"16x",16,4.29167001306975,"GREAT PLAINS",3.18780395090045,3.39192809613238,1,350,73,27,1053
13,"4x",2800,TRUE,"16x",16,4.29167001306975,"MARINE WEST COAST FOREST",2.75332641886037,2.87580090599953,1,350,90,27,7061
13,"4x",2800,TRUE,"16x",16,4.29167001306975,"MEDITERRANEAN CALIFORNIA",-2.60834417381496,-2.56751934476857,1,350,277,27,3246
13,"4x",2800,TRUE,"16x",16,4.29167001306975,"NORTH AMERICAN DESERTS",5.31081449033265,5.26998966128626,1,350,140,27,367
13,"4x",2800,TRUE,"16x",16,4.29167001306975,"NORTHERN FORESTS",3.99077608407458,3.86830159693542,1,350,55,27,606
13,"4x",2800,TRUE,"16x",16,4.29167001306975,"NORTHWESTERN FORESTED MOUNTAINS",5.33795055674851,5.13382641151658,1,350,54,27,606
13,"4x",2800,TRUE,"16x",16,4.29167001306975,"WATER",-1.42758486309991,-1.71335866642461,1,350,112,27,467
14,"4x",2800,TRUE,"16x",16,0.204646084330521,"EASTERN TEMPERATE FORESTS",-0.19020690515708,0.0955668981676237,1,350,73,27,312
14,"4x",2800,TRUE,"16x",16,0.204646084330521,"GREAT PLAINS",0.037336227176956,0.241460372408888,1,350,78,27,1560
14,"4x",2800,TRUE,"16x",16,0.204646084330521,"MARINE WEST COAST FOREST",-0.139010102228,-0.016535615088841,1,350,82,27,6379
14,"4x",2800,TRUE,"16x",16,0.204646084330521,"MEDITERRANEAN CALIFORNIA",-0.0345309468575313,0.006293882188855,1,350,288,27,3537
14,"4x",2800,TRUE,"16x",16,0.204646084330521,"NORTH AMERICAN DESERTS",-0.0893913977516802,-0.130216226798066,1,350,181,27,287
14,"4x",2800,TRUE,"16x",16,0.204646084330521,"NORTHERN FORESTS",0.0889482605491783,-0.0335262265899806,1,350,36,27,543
14,"4x",2800,TRUE,"16x",16,0.204646084330521,"NORTHWESTERN FORESTED MOUNTAINS",0.0800269774824272,-0.124097167749504,1,350,54,27,717
14,"4x",2800,TRUE,"16x",16,0.204646084330521,"WATER",0.165126278702023,-0.120647524622682,1,350,79,27,467
15,"4x",2800,TRUE,"16x",16,1.60562672838649,"EASTERN TEMPERATE FORESTS",3.46809737365928,3.75387117698399,0,350,56,27,256
15,"4x",2800,TRUE,"16x",16,1.60562672838649,"GREAT PLAINS",1.25899042469874,1.46311456993067,0,350,77,27,1142
15,"4x",2800,TRUE,"16x",16,1.60562672838649,"MARINE WEST COAST FOREST",1.18978740888708,1.31226189602624,1,350,87,27,6054
15,"4x",2800,TRUE,"16x",16,1.60562672838649,"MEDITERRANEAN CALIFORNIA",-0.0868981806225754,-0.0460733515761891,1,350,263,27,3968
15,"4x",2800,TRUE,"16x",16,1.60562672838649,"NORTH AMERICAN DESERTS",0.786136085785926,0.74531125673954,1,350,179,27,439
15,"4x",2800,TRUE,"16x",16,1.60562672838649,"NORTHERN FORESTS",1.86718723991196,1.7447127527728,1,350,59,27,653
15,"4x",2800,TRUE,"16x",16,1.60562672838649,"NORTHWESTERN FORESTED MOUNTAINS",1.34582716745279,1.14170302222085,1,350,62,27,725
15,"4x",2800,TRUE,"16x",16,1.60562672838649,"WATER",-0.00234354921788189,-0.288117352542586,1,350,89,27,418
16,"4x",2800,TRUE,"16x",16,0.190865227127521,"EASTERN TEMPERATE FORESTS",0.038259403099661,0.324033206424365,0,350,55,27,290
16,"4x",2800,TRUE,"16x",16,0.190865227127521,"GREAT PLAINS",-0.244650768575046,-0.0405266233431142,1,350,64,27,1007
16,"4x",2800,TRUE,"16x",16,0.190865227127521,"MARINE WEST COAST FOREST",-0.0490691634562794,0.0734053236828795,1,350,76,27,8027
16,"4x",2800,TRUE,"16x",16,0.190865227127521,"MEDITERRANEAN CALIFORNIA",0.00541345550169327,0.0462382845480796,1,350,259,27,4043
16,"4x",2800,TRUE,"16x",16,0.190865227127521,"NORTH AMERICAN DESERTS",-0.0442871160145144,-0.0851119450609008,1,350,157,27,274
16,"4x",2800,TRUE,"16x",16,0.190865227127521,"NORTHERN FORESTS",0.0391397651527157,-0.0833347219864432,1,350,51,27,562
16,"4x",2800,TRUE,"16x",16,0.190865227127521,"NORTHWESTERN FORESTED MOUNTAINS",0.168422168964463,-0.0357019762674681,1,350,54,27,671
16,"4x",2800,TRUE,"16x",16,0.190865227127521,"WATER",0.170443449063419,-0.115330354261285,1,350,77,27,535
17,"4x",2800,TRUE,"16x",16,0.0773724324515727,"EASTERN TEMPERATE FORESTS",-0.048529712430505,0.237244090894199,1,350,41,27,244
17,"4x",2800,TRUE,"16x",16,0.0773724324515727,"GREAT PLAINS",0.0160961494156959,0.220220294647627,0,350,74,27,1766
17,"4x",2800,TRUE,"16x",16,0.0773724324515727,"MARINE WEST COAST FOREST",0.0182578963193125,0.140732383458471,0,350,83,27,6678
17,"4x",2800,TRUE,"16x",16,0.0773724324515727,"MEDITERRANEAN CALIFORNIA",0.0119412719157896,0.0527661009621759,1,350,293,27,4100
17,"4x",2800,TRUE,"16x",16,0.0773724324515727,"NORTH AMERICAN DESERTS",-0.015128291281442,-0.0559531203278283,1,350,153,27,275
17,"4x",2800,TRUE,"16x",16,0.0773724324515727,"NORTHERN FORESTS",0.0174733036163099,-0.105001183522849,1,350,48,27,392
17,"4x",2800,TRUE,"16x",16,0.0773724324515727,"NORTHWESTERN FORESTED MOUNTAINS",-0.0166447721632249,-0.220768917395156,0,350,53,27,661
17,"4x",2800,TRUE,"16x",16,0.0773724324515727,"WATER",0.00875754726621105,-0.277016256058493,0,350,109,27,426
18,"4x",2800,TRUE,"16x",16,0.181463125813011,"EASTERN TEMPERATE FORESTS",-0.15858261889436,0.127191184430344,1,350,47,27,309
18,"4x",2800,TRUE,"16x",16,0.181463125813011,"GREAT PLAINS",-0.00488371966157816,0.199240425570353,1,350,63,27,1418
18,"4x",2800,TRUE,"16x",16,0.181463125813011,"MARINE WEST COAST FOREST",-0.0846325837238467,0.0378419034153122,1,350,89,27,11012
18,"4x",2800,TRUE,"16x",16,0.181463125813011,"MEDITERRANEAN CALIFORNIA",-0.0296226986657264,0.0112021303806599,1,350,273,27,3991
18,"4x",2800,TRUE,"16x",16,0.181463125813011,"NORTH AMERICAN DESERTS",0.0185031174655318,-0.0223217115808545,1,350,167,27,339
18,"4x",2800,TRUE,"16x",16,0.181463125813011,"NORTHERN FORESTS",-0.0300843606729108,-0.15255884781207,1,350,59,27,572
18,"4x",2800,TRUE,"16x",16,0.181463125813011,"NORTHWESTERN FORESTED MOUNTAINS",0.192225886386144,-0.0118982588457875,1,350,48,27,729
18,"4x",2800,TRUE,"16x",16,0.181463125813011,"WATER",0.165963119661696,-0.119810683663009,1,350,80,27,435
19,"4x",2800,TRUE,"16x",16,0.165787113787056,"EASTERN TEMPERATE FORESTS",0.0423169693321348,0.328090772656839,0,350,48,27,380
19,"4x",2800,TRUE,"16x",16,0.165787113787056,"GREAT PLAINS",-0.155639222221167,0.0484849230107647,1,350,77,27,1098
19,"4x",2800,TRUE,"16x",16,0.165787113787056,"MARINE WEST COAST FOREST",-0.0670700781448599,0.0554044089942991,1,350,70,27,6070
19,"4x",2800,TRUE,"16x",16,0.165787113787056,"MEDITERRANEAN CALIFORNIA",-0.0461301501763147,-0.00530532112992843,1,350,255,27,3444
19,"4x",2800,TRUE,"16x",16,0.165787113787056,"NORTH AMERICAN DESERTS",-0.0240955940632835,-0.0649204231096698,1,350,162,27,323
19,"4x",2800,TRUE,"16x",16,0.165787113787056,"NORTHERN FORESTS",0.148196182805187,0.0257216956660281,1,350,30,27,611
19,"4x",2800,TRUE,"16x",16,0.165787113787056,"NORTHWESTERN FORESTED MOUNTAINS",0.0838923541659392,-0.120231791065992,1,350,53,27,630
19,"4x",2800,TRUE,"16x",16,0.165787113787056,"WATER",0.0716916189916176,-0.214082184333087,1,350,102,27,568
20,"4x",2800,TRUE,"16x",16,0.253619503864648,"EASTERN TEMPERATE FORESTS",-0.0837370668762067,0.202036736448497,1,350,53,27,314
20,"4x",2800,TRUE,"16x",16,0.253619503864648,"GREAT PLAINS",-0.0191996558409908,0.184924489390941,1,350,75,27,1380
20,"4x",2800,TRUE,"16x",16,0.253619503864648,"MARINE WEST COAST FOREST",-0.0558792122590187,0.0665952748801402,1,350,77,27,7834
20,"4x",2800,TRUE,"16x",16,0.253619503864648,"MEDITERRANEAN CALIFORNIA",-0.0688833140443799,-0.0280584849979936,1,350,292,27,4100
20,"4x",2800,TRUE,"16x",16,0.253619503864648,"NORTH AMERICAN DESERTS",-0.0475821012693818,-0.0884069303157681,1,350,145,27,242
20,"4x",2800,TRUE,"16x",16,0.253619503864648,"NORTHERN FORESTS",-0.0113191006304427,-0.133793587769602,1,350,49,27,592
20,"4x",2800,TRUE,"16x",16,0.253619503864648,"NORTHWESTERN FORESTED MOUNTAINS",-0.0123754980719062,-0.216499643303838,1,350,74,27,594
20,"4x",2800,TRUE,"16x",16,0.253619503864648,"WATER",0.438246503929759,0.152472700605055,1,350,103,27,575
21,"4x",2800,TRUE,"16x",16,0.119165177345351,"EASTERN TEMPERATE FORESTS",-0.0434384338613817,0.242335369463322,1,350,64,27,257
21,"4x",2800,TRUE,"16x",16,0.119165177345351,"GREAT PLAINS",-0.0595190668019455,0.144605078429986,1,350,83,27,1202
21,"4x",2800,TRUE,"16x",16,0.119165177345351,"MARINE WEST COAST FOREST",-0.00905632411183935,0.11341816302732,1,350,74,27,7809
21,"4x",2800,TRUE,"16x",16,0.119165177345351,"MEDITERRANEAN CALIFORNIA",-0.00766407338355236,0.0331607556628339,1,350,286,27,3513
21,"4x",2800,TRUE,"16x",16,0.119165177345351,"NORTH AMERICAN DESERTS",-0.00553433971111528,-0.0463591687575016,1,350,157,27,359
21,"4x",2800,TRUE,"16x",16,0.119165177345351,"NORTHERN FORESTS",0.0179770753729695,-0.104497411766189,1,350,46,27,695
21,"4x",2800,TRUE,"16x",16,0.119165177345351,"NORTHWESTERN FORESTED MOUNTAINS",0.0669756583603055,-0.137148486871626,1,350,51,27,672
21,"4x",2800,TRUE,"16x",16,0.119165177345351,"WATER",0.103241288368246,-0.182532514956458,1,350,123,27,478
22,"4x",2800,TRUE,"16x",16,2.89087879728206,"EASTERN TEMPERATE FORESTS",4.78250197373993,5.06827577706464,1,350,54,27,268
22,"4x",2800,TRUE,"16x",16,2.89087879728206,"GREAT PLAINS",1.35157720307339,1.55570134830532,1,350,72,27,1216
22,"4x",2800,TRUE,"16x",16,2.89087879728206,"MARINE WEST COAST FOREST",3.65263463977643,3.77510912691559,1,350,68,27,4985
22,"4x",2800,TRUE,"16x",16,2.89087879728206,"MEDITERRANEAN CALIFORNIA",-1.55285674066736,-1.51203191162097,1,350,277,27,3399
22,"4x",2800,TRUE,"16x",16,2.89087879728206,"NORTH AMERICAN DESERTS",3.26563157114387,3.22480674209748,1,350,150,27,282
22,"4x",2800,TRUE,"16x",16,2.89087879728206,"NORTHERN FORESTS",3.54188012191681,3.41940563477765,1,350,52,27,627
22,"4x",2800,TRUE,"16x",16,2.89087879728206,"NORTHWESTERN FORESTED MOUNTAINS",2.52279477873611,2.31867063350418,1,350,56,27,659
22,"4x",2800,TRUE,"16x",16,2.89087879728206,"WATER",0.908261643396471,0.622487840071766,1,350,102,27,384
23,"4x",2800,TRUE,"16x",16,0.194738600179841,"EASTERN TEMPERATE FORESTS",-0.0852845674454851,0.200489235879219,1,350,53,27,296
23,"4x",2800,TRUE,"16x",16,0.194738600179841,"GREAT PLAINS",-0.157080425218718,0.0470437200132134,1,350,66,27,1351
23,"4x",2800,TRUE,"16x",16,0.194738600179841,"MARINE WEST COAST FOREST",0.00513204246030442,0.127606529599463,1,350,65,27,8520
23,"4x",2800,TRUE,"16x",16,0.194738600179841,"MEDITERRANEAN CALIFORNIA",-0.107847942682145,-0.0670231136357582,1,350,281,27,3139
23,"4x",2800,TRUE,"16x",16,0.194738600179841,"NORTH AMERICAN DESERTS",-0.147682722732876,-0.188507551779262,1,350,130,27,317
23,"4x",2800,TRUE,"16x",16,0.194738600179841,"NORTHERN FORESTS",0.162187545294954,0.0397130581557955,1,350,39,27,570
23,"4x",2800,TRUE,"16x",16,0.194738600179841,"NORTHWESTERN FORESTED MOUNTAINS",0.0174668589487539,-0.186657286283178,1,350,61,27,575
23,"4x",2800,TRUE,"16x",16,0.194738600179841,"WATER",0.174995819816679,-0.110777983508025,1,350,82,27,501
24,"4x",2800,TRUE,"16x",16,0.23177760148719,"EASTERN TEMPERATE FORESTS",-0.196842459559218,0.0889313437654864,1,350,71,27,331
24,"4x",2800,TRUE,"16x",16,0.23177760148719,"GREAT PLAINS",-0.241066062220143,-0.0369419169882113,1,350,84,27,1466
24,"4x",2800,TRUE,"16x",16,0.23177760148719,"MARINE WEST COAST FOREST",0.0730598635308084,0.195534350669967,1,350,94,27,8324
24,"4x",2800,TRUE,"16x",16,0.23177760148719,"MEDITERRANEAN CALIFORNIA",-0.145950716445466,-0.10512588739908,1,350,259,27,3246
24,"4x",2800,TRUE,"16x",16,0.23177760148719,"NORTH AMERICAN DESERTS",-0.113497441345775,-0.154322270392161,1,350,156,27,223
24,"4x",2800,TRUE,"16x",16,0.23177760148719,"NORTHERN FORESTS",-0.0307857867875864,-0.153260273926745,1,350,46,27,560
24,"4x",2800,TRUE,"16x",16,0.23177760148719,"NORTHWESTERN FORESTED MOUNTAINS",0.164577091815293,-0.0395470534166383,1,350,47,27,661
24,"4x",2800,TRUE,"16x",16,0.23177760148719,"WATER",0.109025145411335,-0.17674865791337,1,350,83,27,485
25,"4x",2800,TRUE,"16x",16,0.197406395883771,"EASTERN TEMPERATE FORESTS",-0.134429772434492,0.151344030890213,1,350,49,27,279
25,"4x",2800,TRUE,"16x",16,0.197406395883771,"GREAT PLAINS",-0.21967571418618,-0.0155515689542482,1,350,89,27,803
25,"4x",2800,TRUE,"16x",16,0.197406395883771,"MARINE WEST COAST FOREST",-0.0389898744006984,0.0834846127384605,1,350,84,27,8295
25,"4x",2800,TRUE,"16x",16,0.197406395883771,"MEDITERRANEAN CALIFORNIA",0.0218869655261041,0.0627117945724904,1,350,296,27,3787
25,"4x",2800,TRUE,"16x",16,0.197406395883771,"NORTH AMERICAN DESERTS",0.193789150559948,0.152964321513562,1,350,171,27,380
25,"4x",2800,TRUE,"16x",16,0.197406395883771,"NORTHERN FORESTS",0.00533927261747759,-0.117135214521681,1,350,53,27,577
25,"4x",2800,TRUE,"16x",16,0.197406395883771,"NORTHWESTERN FORESTED MOUNTAINS",0.0712573040186268,-0.132866841213305,1,350,59,27,584
25,"4x",2800,TRUE,"16x",16,0.197406395883771,"WATER",0.0547478557292288,-0.231025947595475,1,350,89,27,404
26,"4x",2800,TRUE,"16x",16,0.22782322845734,"EASTERN TEMPERATE FORESTS",-0.260578676939864,0.0251951263848405,1,350,74,27,249
26,"4x",2800,TRUE,"16x",16,0.22782322845734,"GREAT PLAINS",-0.19347899160521,0.0106451536267212,1,350,76,27,1501
26,"4x",2800,TRUE,"16x",16,0.22782322845734,"MARINE WEST COAST FOREST",-0.121473198485699,0.00100128865345944,1,350,77,27,9028
26,"4x",2800,TRUE,"16x",16,0.22782322845734,"MEDITERRANEAN CALIFORNIA",-0.133599536264987,-0.0927747072186002,1,350,269,27,3726
26,"4x",2800,TRUE,"16x",16,0.22782322845734,"NORTH AMERICAN DESERTS",0.101571390611048,0.0607465615646614,1,350,152,27,429
26,"4x",2800,TRUE,"16x",16,0.22782322845734,"NORTHERN FORESTS",-0.0385067127021183,-0.160981199841277,1,350,39,27,488
26,"4x",2800,TRUE,"16x",16,0.22782322845734,"NORTHWESTERN FORESTED MOUNTAINS",0.135958950121406,-0.0681651951105252,1,350,54,27,497
26,"4x",2800,TRUE,"16x",16,0.22782322845734,"WATER",0.116007899179626,-0.169765904145078,1,350,101,27,394
27,"4x",2800,TRUE,"16x",16,0.424168114305929,"EASTERN TEMPERATE FORESTS",0.208419618867056,0.49419342219176,1,350,47,27,247
27,"4x",2800,TRUE,"16x",16,0.424168114305929,"GREAT PLAINS",-0.0123769197234326,0.191747225508499,1,350,95,27,1670
27,"4x",2800,TRUE,"16x",16,0.424168114305929,"MARINE WEST COAST FOREST",-0.0687112614326457,0.0537632257065132,1,350,88,27,8022
27,"4x",2800,TRUE,"16x",16,0.424168114305929,"MEDITERRANEAN CALIFORNIA",-0.0682637661825085,-0.0274389371361222,1,350,290,27,4573
27,"4x",2800,TRUE,"16x",16,0.424168114305929,"NORTH AMERICAN DESERTS",0.208541048099357,0.16771621905297,1,350,141,27,335
27,"4x",2800,TRUE,"16x",16,0.424168114305929,"NORTHERN FORESTS",0.35254774963062,0.230073262491462,1,350,41,27,645
27,"4x",2800,TRUE,"16x",16,0.424168114305929,"NORTHWESTERN FORESTED MOUNTAINS",0.125813053185797,-0.0783110920461347,1,350,70,27,479
27,"4x",2800,TRUE,"16x",16,0.424168114305929,"WATER",0.122165256349106,-0.163608546975598,1,350,106,27,457
28,"4x",2800,TRUE,"16x",16,0.118440904071186,"EASTERN TEMPERATE FORESTS",-0.0736267126359682,0.212147090688736,1,350,68,27,263
28,"4x",2800,TRUE,"16x",16,0.118440904071186,"GREAT PLAINS",-0.0674343619080908,0.136689783323841,1,350,48,27,1325
28,"4x",2800,TRUE,"16x",16,0.118440904071186,"MARINE WEST COAST FOREST",-0.0356126707809301,0.0868618163582288,1,350,92,27,7843
28,"4x",2800,TRUE,"16x",16,0.118440904071186,"MEDITERRANEAN CALIFORNIA",0.0316904264657172,0.0725152555121036,1,350,282,27,3474
28,"4x",2800,TRUE,"16x",16,0.118440904071186,"NORTH AMERICAN DESERTS",-0.0343427016515563,-0.0751675306979426,1,350,177,27,383
28,"4x",2800,TRUE,"16x",16,0.118440904071186,"NORTHERN FORESTS",0.040439826957342,-0.0820346601818169,1,350,66,27,467
28,"4x",2800,TRUE,"16x",16,0.118440904071186,"NORTHWESTERN FORESTED MOUNTAINS",0.0331334579529335,-0.170990687278998,1,350,59,27,726
28,"4x",2800,TRUE,"16x",16,0.118440904071186,"WATER",0.0747031969511376,-0.211070606373567,1,350,88,27,649
29,"4x",2800,TRUE,"16x",16,1.75128878931022,"EASTERN TEMPERATE FORESTS",2.09529359805815,2.38106740138286,1,350,53,27,306
29,"4x",2800,TRUE,"16x",16,1.75128878931022,"GREAT PLAINS",0.519352765055032,0.723476910286964,1,350,80,27,1698
29,"4x",2800,TRUE,"16x",16,1.75128878931022,"MARINE WEST COAST FOREST",1.70258489673967,1.82505938387883,1,350,54,27,5149
29,"4x",2800,TRUE,"16x",16,1.75128878931022,"MEDITERRANEAN CALIFORNIA",-1.52703028332508,-1.48620545427869,1,350,298,27,3237
29,"4x",2800,TRUE,"16x",16,1.75128878931022,"NORTH AMERICAN DESERTS",2.57884608458715,2.53802125554076,1,350,146,27,363
29,"4x",2800,TRUE,"16x",16,1.75128878931022,"NORTHERN FORESTS",3.02851870555889,2.90604421841973,1,350,46,27,614
29,"4x",2800,TRUE,"16x",16,1.75128878931022,"NORTHWESTERN FORESTED MOUNTAINS",2.34357658503918,2.13945243980725,1,350,50,27,590
29,"4x",2800,TRUE,"16x",16,1.75128878931022,"WATER",-0.372629602653424,-0.658403405978128,1,350,111,27,492
30,"4x",2800,TRUE,"16x",16,0.16277212056864,"EASTERN TEMPERATE FORESTS",-0.110324300244409,0.175449503080295,1,350,58,27,290
30,"4x",2800,TRUE,"16x",16,0.16277212056864,"GREAT PLAINS",-0.0152253097687887,0.188898835463143,1,350,71,27,1514
30,"4x",2800,TRUE,"16x",16,0.16277212056864,"MARINE WEST COAST FOREST",-0.0888074881047339,0.033666999034425,1,350,85,27,7349
30,"4x",2800,TRUE,"16x",16,0.16277212056864,"MEDITERRANEAN CALIFORNIA",0.035240370180269,0.0760651992266553,1,350,282,27,4319
30,"4x",2800,TRUE,"16x",16,0.16277212056864,"NORTH AMERICAN DESERTS",-0.0709178616593559,-0.111742690705742,1,350,159,27,295
30,"4x",2800,TRUE,"16x",16,0.16277212056864,"NORTHERN FORESTS",0.107189310818922,-0.0152851763202369,1,350,33,27,683
30,"4x",2800,TRUE,"16x",16,0.16277212056864,"NORTHWESTERN FORESTED MOUNTAINS",-0.00285312675753665,-0.206977271989468,1,350,80,27,597
30,"4x",2800,TRUE,"16x",16,0.16277212056864,"WATER",0.160978350386651,-0.124795452938053,1,350,121,27,650
1,"4x",2800,TRUE,"1x",1,0.148918706570828,"EASTERN TEMPERATE FORESTS",-0.0700738465840851,0.215699956740619,1,350,60,27,13
1,"4x",2800,TRUE,"1x",1,0.148918706570828,"GREAT PLAINS",0.0346710265692767,0.238795171801208,1,350,59,27,71
1,"4x",2800,TRUE,"1x",1,0.148918706570828,"MARINE WEST COAST FOREST",0.0512799776876057,0.173754464826765,1,350,68,27,473
1,"4x",2800,TRUE,"1x",1,0.148918706570828,"MEDITERRANEAN CALIFORNIA",0.024083942930182,0.0649087719765683,1,350,257,27,219
1,"4x",2800,TRUE,"1x",1,0.148918706570828,"NORTH AMERICAN DESERTS",-0.0890960835993704,-0.129920912645757,1,350,149,27,10
1,"4x",2800,TRUE,"1x",1,0.148918706570828,"NORTHERN FORESTS",-0.0155027313300945,-0.137977218469253,1,350,54,27,38
1,"4x",2800,TRUE,"1x",1,0.148918706570828,"NORTHWESTERN FORESTED MOUNTAINS",0.0128089889062706,-0.191315156325661,1,350,52,27,37
1,"4x",2800,TRUE,"1x",1,0.148918706570828,"WATER",0.00666223057159013,-0.279111572753114,1,350,86,27,24
2,"4x",2800,TRUE,"1x",1,0.121393768802268,"EASTERN TEMPERATE FORESTS",-0.00893533819214939,0.276838465132555,0,350,48,27,17
2,"4x",2800,TRUE,"1x",1,0.121393768802268,"GREAT PLAINS",-0.0286364863976832,0.175487658834248,1,350,87,27,88
2,"4x",2800,TRUE,"1x",1,0.121393768802268,"MARINE WEST COAST FOREST",-0.00957649973503841,0.11289798740412,1,350,81,27,394
2,"4x",2800,TRUE,"1x",1,0.121393768802268,"MEDITERRANEAN CALIFORNIA",0.0144663500849002,0.0552911791312865,1,350,271,27,223
2,"4x",2800,TRUE,"1x",1,0.121393768802268,"NORTH AMERICAN DESERTS",0.00641280465840848,-0.0344120243879778,1,350,158,27,19
2,"4x",2800,TRUE,"1x",1,0.121393768802268,"NORTHERN FORESTS",0.0199589540633675,-0.102515533075791,1,350,49,27,22
2,"4x",2800,TRUE,"1x",1,0.121393768802268,"NORTHWESTERN FORESTED MOUNTAINS",0.00175945429167942,-0.202364690940252,1,350,50,27,42
2,"4x",2800,TRUE,"1x",1,0.121393768802268,"WATER",0.0270928590915968,-0.258680944233107,1,350,89,27,32
3,"4x",2800,TRUE,"1x",1,0.144245546792423,"EASTERN TEMPERATE FORESTS",-0.0687093064047266,0.217064496919978,1,350,62,27,13
3,"4x",2800,TRUE,"1x",1,0.144245546792423,"GREAT PLAINS",-0.0178247932109762,0.186299352020955,1,350,64,27,87
3,"4x",2800,TRUE,"1x",1,0.144245546792423,"MARINE WEST COAST FOREST",0.0323104954425053,0.154784982581664,1,350,86,27,514
3,"4x",2800,TRUE,"1x",1,0.144245546792423,"MEDITERRANEAN CALIFORNIA",-0.0263588356793925,0.0144659933669938,1,350,264,27,183
3,"4x",2800,TRUE,"1x",1,0.144245546792423,"NORTH AMERICAN DESERTS",-0.0508560273040242,-0.0916808563504105,1,350,150,27,10
3,"4x",2800,TRUE,"1x",1,0.144245546792423,"NORTHERN FORESTS",0.0375317170037532,-0.0849427701354057,1,350,31,27,44
3,"4x",2800,TRUE,"1x",1,0.144245546792423,"NORTHWESTERN FORESTED MOUNTAINS",0.009533602353698,-0.194590542878234,1,350,62,27,35
3,"4x",2800,TRUE,"1x",1,0.144245546792423,"WATER",0.062384054128933,-0.223389749195771,1,350,121,27,33
4,"4x",2800,TRUE,"1x",1,0.319934745609716,"EASTERN TEMPERATE FORESTS",-0.13806941158707,0.147704391737634,1,350,68,27,19
4,"4x",2800,TRUE,"1x",1,0.319934745609716,"GREAT PLAINS",0.167785080066763,0.371909225298694,1,350,72,27,120
4,"4x",2800,TRUE,"1x",1,0.319934745609716,"MARINE WEST COAST FOREST",-0.179886534724002,-0.0574120475848426,1,350,76,27,333
4,"4x",2800,TRUE,"1x",1,0.319934745609716,"MEDITERRANEAN CALIFORNIA",-0.148892463593048,-0.108067634546662,1,350,317,27,193
4,"4x",2800,TRUE,"1x",1,0.319934745609716,"NORTH AMERICAN DESERTS",0.0729600076786483,0.032135178632262,1,350,164,27,18
4,"4x",2800,TRUE,"1x",1,0.319934745609716,"NORTHERN FORESTS",0.335578078339319,0.21310359120016,1,350,48,27,46
4,"4x",2800,TRUE,"1x",1,0.319934745609716,"NORTHWESTERN FORESTED MOUNTAINS",-0.123748376085672,-0.327872521317604,1,350,67,27,39
4,"4x",2800,TRUE,"1x",1,0.319934745609716,"WATER",-0.0320500525044888,-0.317823855829193,1,350,91,27,29
5,"4x",2800,TRUE,"1x",1,0.160487081516618,"EASTERN TEMPERATE FORESTS",0.0467086648221064,0.332482468146811,0,350,64,27,22
5,"4x",2800,TRUE,"1x",1,0.160487081516618,"GREAT PLAINS",0.0224950337336153,0.226619178965547,1,350,79,27,91
5,"4x",2800,TRUE,"1x",1,0.160487081516618,"MARINE WEST COAST FOREST",-0.0920751714651325,0.0303993156740264,1,350,82,27,475
5,"4x",2800,TRUE,"1x",1,0.160487081516618,"MEDITERRANEAN CALIFORNIA",0.00321804977782502,0.0440428788242113,1,350,281,27,246
5,"4x",2800,TRUE,"1x",1,0.160487081516618,"NORTH AMERICAN DESERTS",-0.0512826353110309,-0.0921074643574172,1,350,181,27,16
5,"4x",2800,TRUE,"1x",1,0.160487081516618,"NORTHERN FORESTS",0.0984718982924405,-0.0240025888467184,1,350,31,27,50
5,"4x",2800,TRUE,"1x",1,0.160487081516618,"NORTHWESTERN FORESTED MOUNTAINS",-0.0844257823252626,-0.288549927557194,0,350,46,27,38
5,"4x",2800,TRUE,"1x",1,0.160487081516618,"WATER",0.0452265145148496,-0.240547288809854,1,350,113,27,34
6,"4x",2800,TRUE,"1x",1,0.119772683076565,"EASTERN TEMPERATE FORESTS",-0.0387197471352455,0.247054056189459,1,350,69,27,14
6,"4x",2800,TRUE,"1x",1,0.119772683076565,"GREAT PLAINS",-0.0204816678901519,0.18364247734178,1,350,95,27,76
6,"4x",2800,TRUE,"1x",1,0.119772683076565,"MARINE WEST COAST FOREST",0.0447316027248396,0.167206089863999,1,350,83,27,450
6,"4x",2800,TRUE,"1x",1,0.119772683076565,"MEDITERRANEAN CALIFORNIA",-0.0347458235780298,0.00607900546835652,1,350,285,27,194
6,"4x",2800,TRUE,"1x",1,0.119772683076565,"NORTH AMERICAN DESERTS",0.00812306154143778,-0.0327017675049485,1,350,166,27,17
6,"4x",2800,TRUE,"1x",1,0.119772683076565,"NORTHERN FORESTS",0.0183021069844755,-0.104172380154683,1,350,48,27,20
6,"4x",2800,TRUE,"1x",1,0.119772683076565,"NORTHWESTERN FORESTED MOUNTAINS",0.0163206354215371,-0.187803509810394,1,350,37,27,25
6,"4x",2800,TRUE,"1x",1,0.119772683076565,"WATER",0.0248753904788046,-0.2608984128459,1,350,75,27,19
7,"4x",2800,TRUE,"1x",1,0.309140819594621,"EASTERN TEMPERATE FORESTS",-0.17619796911528,0.109575834209424,1,350,48,27,11
7,"4x",2800,TRUE,"1x",1,0.309140819594621,"GREAT PLAINS",-0.156939036318448,0.0471851089134836,1,350,72,27,38
7,"4x",2800,TRUE,"1x",1,0.309140819594621,"MARINE WEST COAST FOREST",-0.107228465049995,0.0152460220891641,1,350,71,27,320
7,"4x",2800,TRUE,"1x",1,0.309140819594621,"MEDITERRANEAN CALIFORNIA",0.279393476005003,0.32021830505139,1,350,306,27,259
7,"4x",2800,TRUE,"1x",1,0.309140819594621,"NORTH AMERICAN DESERTS",-0.0203432506149766,-0.0611680796613629,1,350,171,27,22
7,"4x",2800,TRUE,"1x",1,0.309140819594621,"NORTHERN FORESTS",0.0578491667306873,-0.0646253204084716,1,350,53,27,36
7,"4x",2800,TRUE,"1x",1,0.309140819594621,"NORTHWESTERN FORESTED MOUNTAINS",0.115260394814244,-0.0888637504176879,1,350,56,27,40
7,"4x",2800,TRUE,"1x",1,0.309140819594621,"WATER",0.0216665270455381,-0.264107276279166,1,350,80,27,22
8,"4x",2800,TRUE,"1x",1,0.277534206161585,"EASTERN TEMPERATE FORESTS",-0.229831454436211,0.0559423488884932,1,350,58,27,10
8,"4x",2800,TRUE,"1x",1,0.277534206161585,"GREAT PLAINS",0.0897190667798268,0.293843212011758,1,350,88,27,81
8,"4x",2800,TRUE,"1x",1,0.277534206161585,"MARINE WEST COAST FOREST",-0.0968769765264521,0.0255975106127068,1,350,71,27,504
8,"4x",2800,TRUE,"1x",1,0.277534206161585,"MEDITERRANEAN CALIFORNIA",-0.0625208682606546,-0.0216960392142683,1,350,260,27,219
8,"4x",2800,TRUE,"1x",1,0.277534206161585,"NORTH AMERICAN DESERTS",-0.0125987205217353,-0.0534235495681216,1,350,176,27,22
8,"4x",2800,TRUE,"1x",1,0.277534206161585,"NORTHERN FORESTS",0.158617384675337,0.036142897536178,1,350,48,27,39
8,"4x",2800,TRUE,"1x",1,0.277534206161585,"NORTHWESTERN FORESTED MOUNTAINS",0.0755266296330189,-0.128597515598913,1,350,62,27,47
8,"4x",2800,TRUE,"1x",1,0.277534206161585,"WATER",0.165311757297933,-0.120462046026771,1,350,102,27,27
9,"4x",2800,TRUE,"1x",1,0.413228860658195,"EASTERN TEMPERATE FORESTS",-0.163060376357202,0.122713426967502,1,350,63,27,14
9,"4x",2800,TRUE,"1x",1,0.413228860658195,"GREAT PLAINS",0.576158857419801,0.780283002651732,0,350,55,27,144
9,"4x",2800,TRUE,"1x",1,0.413228860658195,"MARINE WEST COAST FOREST",0.0406160476852691,0.163090534824428,1,350,64,27,496
9,"4x",2800,TRUE,"1x",1,0.413228860658195,"MEDITERRANEAN CALIFORNIA",-0.0416303327261774,-0.000805503679791104,1,350,289,27,227
9,"4x",2800,TRUE,"1x",1,0.413228860658195,"NORTH AMERICAN DESERTS",-0.447066869739451,-0.487891698785837,1,350,140,27,12
9,"4x",2800,TRUE,"1x",1,0.413228860658195,"NORTHERN FORESTS",-0.184501660860431,-0.30697614799959,1,350,60,27,32
9,"4x",2800,TRUE,"1x",1,0.413228860658195,"NORTHWESTERN FORESTED MOUNTAINS",0.07523012161031,-0.128894023621622,1,350,64,27,31
9,"4x",2800,TRUE,"1x",1,0.413228860658195,"WATER",0.19289426424891,-0.092879539075794,1,350,99,27,20
10,"4x",2800,TRUE,"1x",1,0.199689536261157,"EASTERN TEMPERATE FORESTS",-0.0804124519959593,0.205361351328745,1,350,56,27,23
10,"4x",2800,TRUE,"1x",1,0.199689536261157,"GREAT PLAINS",0.03242875161428,0.236552896846211,1,350,67,27,106
10,"4x",2800,TRUE,"1x",1,0.199689536261157,"MARINE WEST COAST FOREST",-0.110293839020015,0.0121806481191439,1,350,95,27,480
10,"4x",2800,TRUE,"1x",1,0.199689536261157,"MEDITERRANEAN CALIFORNIA",-0.151472127414708,-0.110647298368322,1,350,299,27,215
10,"4x",2800,TRUE,"1x",1,0.199689536261157,"NORTH AMERICAN DESERTS",0.0291468490731614,-0.011677979973225,1,350,149,27,24
10,"4x",2800,TRUE,"1x",1,0.199689536261157,"NORTHERN FORESTS",0.00202120758441857,-0.12045327955474,1,350,55,27,36
10,"4x",2800,TRUE,"1x",1,0.199689536261157,"NORTHWESTERN FORESTED MOUNTAINS",0.0627939521071864,-0.141330193124745,1,350,69,27,32
10,"4x",2800,TRUE,"1x",1,0.199689536261157,"WATER",0.01936243617709,-0.266411367147614,1,350,91,27,29
11,"4x",2800,TRUE,"1x",1,0.17349871873881,"EASTERN TEMPERATE FORESTS",-0.0627337322990057,0.223040071025699,1,350,58,27,17
11,"4x",2800,TRUE,"1x",1,0.17349871873881,"GREAT PLAINS",-0.0333276356789311,0.170796509553,1,350,87,27,73
11,"4x",2800,TRUE,"1x",1,0.17349871873881,"MARINE WEST COAST FOREST",0.0267558667357433,0.149230353874902,1,350,54,27,448
11,"4x",2800,TRUE,"1x",1,0.17349871873881,"MEDITERRANEAN CALIFORNIA",0.0568444704537169,0.0976692995001032,1,350,299,27,261
11,"4x",2800,TRUE,"1x",1,0.17349871873881,"NORTH AMERICAN DESERTS",0.0244094069971942,-0.0164154220491921,1,350,158,27,32
11,"4x",2800,TRUE,"1x",1,0.17349871873881,"NORTHERN FORESTS",-0.0864182714397114,-0.20889275857887,1,350,52,27,30
11,"4x",2800,TRUE,"1x",1,0.17349871873881,"NORTHWESTERN FORESTED MOUNTAINS",-0.0369362735036116,-0.241060418735543,1,350,75,27,45
11,"4x",2800,TRUE,"1x",1,0.17349871873881,"WATER",0.0474538334661859,-0.238319969858518,1,350,84,27,29
12,"4x",2800,TRUE,"1x",1,0.284169795693082,"EASTERN TEMPERATE FORESTS",-0.238773062198408,0.0470007411262959,1,350,60,27,12
12,"4x",2800,TRUE,"1x",1,0.284169795693082,"GREAT PLAINS",-0.0998590053348085,0.104265139897123,1,350,81,27,82
12,"4x",2800,TRUE,"1x",1,0.284169795693082,"MARINE WEST COAST FOREST",0.12288467325325,0.245359160392409,1,350,90,27,502
12,"4x",2800,TRUE,"1x",1,0.284169795693082,"MEDITERRANEAN CALIFORNIA",-0.0455684469161137,-0.00474361786972737,1,350,267,27,186
12,"4x",2800,TRUE,"1x",1,0.284169795693082,"NORTH AMERICAN DESERTS",-0.185069540133374,-0.22589436917976,1,350,164,27,10
12,"4x",2800,TRUE,"1x",1,0.284169795693082,"NORTHERN FORESTS",0.160273102267739,0.0377986151285797,1,350,52,27,43
12,"4x",2800,TRUE,"1x",1,0.284169795693082,"NORTHWESTERN FORESTED MOUNTAINS",0.178698294780931,-0.0254258504510003,1,350,55,27,52
12,"4x",2800,TRUE,"1x",1,0.284169795693082,"WATER",0.0394100205661983,-0.246363782758506,1,350,102,27,31
13,"4x",2800,TRUE,"1x",1,0.205749852512175,"EASTERN TEMPERATE FORESTS",0.0814731728108834,0.367246976135587,0,350,52,27,24
13,"4x",2800,TRUE,"1x",1,0.205749852512175,"GREAT PLAINS",-0.214538902395129,-0.0104147571631974,1,350,63,27,58
13,"4x",2800,TRUE,"1x",1,0.205749852512175,"MARINE WEST COAST FOREST",-0.0164679212168585,0.1060065659223,1,350,75,27,418
13,"4x",2800,TRUE,"1x",1,0.205749852512175,"MEDITERRANEAN CALIFORNIA",-0.0691943996675497,-0.0283695706211634,1,350,295,27,240
13,"4x",2800,TRUE,"1x",1,0.205749852512175,"NORTH AMERICAN DESERTS",0.0511960067755483,0.0103711777291619,1,350,149,27,30
13,"4x",2800,TRUE,"1x",1,0.205749852512175,"NORTHERN FORESTS",-0.0409422875052426,-0.163416774644401,1,350,48,27,39
13,"4x",2800,TRUE,"1x",1,0.205749852512175,"NORTHWESTERN FORESTED MOUNTAINS",0.0660939308459096,-0.138030214386022,1,350,65,27,47
13,"4x",2800,TRUE,"1x",1,0.205749852512175,"WATER",0.0628649480885287,-0.222908855236175,1,350,105,27,31
14,"4x",2800,TRUE,"1x",1,0.162337817467223,"EASTERN TEMPERATE FORESTS",-0.0760506502477509,0.209723153076953,1,350,52,27,15
14,"4x",2800,TRUE,"1x",1,0.162337817467223,"GREAT PLAINS",0.0334950568273035,0.237619202059235,1,350,77,27,69
14,"4x",2800,TRUE,"1x",1,0.162337817467223,"MARINE WEST COAST FOREST",-0.00501273797566768,0.117461749163491,1,350,80,27,495
14,"4x",2800,TRUE,"1x",1,0.162337817467223,"MEDITERRANEAN CALIFORNIA",0.0267984273992881,0.0676232564456744,1,350,284,27,198
14,"4x",2800,TRUE,"1x",1,0.162337817467223,"NORTH AMERICAN DESERTS",-0.0767545121532046,-0.117579341199591,1,350,132,27,17
14,"4x",2800,TRUE,"1x",1,0.162337817467223,"NORTHERN FORESTS",-0.00915577752334914,-0.131630264662508,1,350,45,27,30
14,"4x",2800,TRUE,"1x",1,0.162337817467223,"NORTHWESTERN FORESTED MOUNTAINS",-0.0836660841564011,-0.287790229388333,1,350,60,27,40
14,"4x",2800,TRUE,"1x",1,0.162337817467223,"WATER",0.101091969427441,-0.184681833897263,1,350,67,27,40
15,"4x",2800,TRUE,"1x",1,0.166153391190893,"EASTERN TEMPERATE FORESTS",-0.0477648979059901,0.238008905418714,1,350,69,27,17
15,"4x",2800,TRUE,"1x",1,0.166153391190893,"GREAT PLAINS",0.068011365962483,0.272135511194415,0,350,80,27,64
15,"4x",2800,TRUE,"1x",1,0.166153391190893,"MARINE WEST COAST FOREST",0.0123505182527076,0.134825005391866,1,350,78,27,593
15,"4x",2800,TRUE,"1x",1,0.166153391190893,"MEDITERRANEAN CALIFORNIA",0.0226669603077269,0.0634917893541132,1,350,258,27,199
15,"4x",2800,TRUE,"1x",1,0.166153391190893,"NORTH AMERICAN DESERTS",0.0624400409266581,0.0216152118802718,1,350,171,27,20
15,"4x",2800,TRUE,"1x",1,0.166153391190893,"NORTHERN FORESTS",-0.0498947420695933,-0.172369229208752,1,350,66,27,31
15,"4x",2800,TRUE,"1x",1,0.166153391190893,"NORTHWESTERN FORESTED MOUNTAINS",-0.0664646071308091,-0.270588752362741,1,350,57,27,16
15,"4x",2800,TRUE,"1x",1,0.166153391190893,"WATER",0.0204093621192618,-0.265364441205442,1,350,81,27,35
16,"4x",2800,TRUE,"1x",1,0.224142867017253,"EASTERN TEMPERATE FORESTS",-0.138049555804182,0.147724247520522,1,350,59,27,16
16,"4x",2800,TRUE,"1x",1,0.224142867017253,"GREAT PLAINS",-0.080235960112023,0.123888185119909,1,350,70,27,62
16,"4x",2800,TRUE,"1x",1,0.224142867017253,"MARINE WEST COAST FOREST",-0.113479836636678,0.00899465050248084,1,350,82,27,261
16,"4x",2800,TRUE,"1x",1,0.224142867017253,"MEDITERRANEAN CALIFORNIA",0.0518976922425226,0.0927225212889089,1,350,253,27,254
16,"4x",2800,TRUE,"1x",1,0.224142867017253,"NORTH AMERICAN DESERTS",-0.163093038948273,-0.203917867994659,1,350,146,27,7
16,"4x",2800,TRUE,"1x",1,0.224142867017253,"NORTHERN FORESTS",0.144224423972765,0.0217499368336061,1,350,58,27,44
16,"4x",2800,TRUE,"1x",1,0.224142867017253,"NORTHWESTERN FORESTED MOUNTAINS",-0.0046016344077218,-0.208725779639653,1,350,49,27,21
16,"4x",2800,TRUE,"1x",1,0.224142867017253,"WATER",0.162015351364769,-0.123758451959935,1,350,92,27,30
17,"4x",2800,TRUE,"1x",1,0.203260280198033,"EASTERN TEMPERATE FORESTS",0.00997876778781303,0.295752571112517,1,350,63,27,21
17,"4x",2800,TRUE,"1x",1,0.203260280198033,"GREAT PLAINS",-0.090103379693198,0.114020765538733,1,350,83,27,61
17,"4x",2800,TRUE,"1x",1,0.203260280198033,"MARINE WEST COAST FOREST",0.0360019085465528,0.158476395685712,1,350,64,27,474
17,"4x",2800,TRUE,"1x",1,0.203260280198033,"MEDITERRANEAN CALIFORNIA",-0.0143032950560692,0.0265215339903171,1,350,297,27,234
17,"4x",2800,TRUE,"1x",1,0.203260280198033,"NORTH AMERICAN DESERTS",-0.0614209019031721,-0.102245730949558,1,350,155,27,25
17,"4x",2800,TRUE,"1x",1,0.203260280198033,"NORTHERN FORESTS",-0.0611299083177522,-0.183604395456911,1,350,55,27,32
17,"4x",2800,TRUE,"1x",1,0.203260280198033,"NORTHWESTERN FORESTED MOUNTAINS",-0.0333026282164304,-0.237426773448362,1,350,51,27,37
17,"4x",2800,TRUE,"1x",1,0.203260280198033,"WATER",0.0989061179550075,-0.186867685369697,1,350,97,27,29
18,"4x",2800,TRUE,"1x",1,0.143487002593123,"EASTERN TEMPERATE FORESTS",-0.000324612536318913,0.285449190788385,1,350,43,27,29
18,"4x",2800,TRUE,"1x",1,0.143487002593123,"GREAT PLAINS",-0.0306013611972165,0.173522784034715,1,350,92,27,93
18,"4x",2800,TRUE,"1x",1,0.143487002593123,"MARINE WEST COAST FOREST",-0.0358696463697995,0.0866048407693594,1,350,71,27,377
18,"4x",2800,TRUE,"1x",1,0.143487002593123,"MEDITERRANEAN CALIFORNIA",0.059965857621567,0.100790686667953,1,350,277,27,289
18,"4x",2800,TRUE,"1x",1,0.143487002593123,"NORTH AMERICAN DESERTS",-0.0181502358273782,-0.0589750648737645,1,350,171,27,22
18,"4x",2800,TRUE,"1x",1,0.143487002593123,"NORTHERN FORESTS",0.0465511510982668,-0.0759233360408921,1,350,54,27,39
18,"4x",2800,TRUE,"1x",1,0.143487002593123,"NORTHWESTERN FORESTED MOUNTAINS",-0.0713904016625265,-0.275514546894458,0,350,56,27,34
18,"4x",2800,TRUE,"1x",1,0.143487002593123,"WATER",0.00856829819510163,-0.277205505129603,0,350,99,27,41
19,"4x",2800,TRUE,"1x",1,0.194493032829319,"EASTERN TEMPERATE FORESTS",-0.0861499806766981,0.199623822648006,1,350,53,27,21
19,"4x",2800,TRUE,"1x",1,0.194493032829319,"GREAT PLAINS",0.0153642694333263,0.219488414665258,1,350,82,27,111
19,"4x",2800,TRUE,"1x",1,0.194493032829319,"MARINE WEST COAST FOREST",-0.0627175401321726,0.0597569470069863,1,350,97,27,424
19,"4x",2800,TRUE,"1x",1,0.194493032829319,"MEDITERRANEAN CALIFORNIA",0.126278307269213,0.167103136315599,1,350,313,27,236
19,"4x",2800,TRUE,"1x",1,0.194493032829319,"NORTH AMERICAN DESERTS",-0.169556712503221,-0.210381541549607,1,350,187,27,16
19,"4x",2800,TRUE,"1x",1,0.194493032829319,"NORTHERN FORESTS",0.0188114109974695,-0.103663076141689,1,350,47,27,37
19,"4x",2800,TRUE,"1x",1,0.194493032829319,"NORTHWESTERN FORESTED MOUNTAINS",0.0757957675787508,-0.128328377653181,1,350,60,27,36
19,"4x",2800,TRUE,"1x",1,0.194493032829319,"WATER",-0.00826938678880096,-0.294043190113505,1,350,76,27,30
20,"4x",2800,TRUE,"1x",1,0.223783384936602,"EASTERN TEMPERATE FORESTS",-0.138665035772925,0.147108767551779,1,350,63,27,18
20,"4x",2800,TRUE,"1x",1,0.223783384936602,"GREAT PLAINS",0.0173459545601126,0.221470099792044,1,350,67,27,83
20,"4x",2800,TRUE,"1x",1,0.223783384936602,"MARINE WEST COAST FOREST",0.087547209667485,0.210021696806644,1,350,79,27,607
20,"4x",2800,TRUE,"1x",1,0.223783384936602,"MEDITERRANEAN CALIFORNIA",0.0538157773518962,0.0946406063982825,1,350,279,27,237
20,"4x",2800,TRUE,"1x",1,0.223783384936602,"NORTH AMERICAN DESERTS",0.0305577084537277,-0.0102671205926586,1,350,158,27,25
20,"4x",2800,TRUE,"1x",1,0.223783384936602,"NORTHERN FORESTS",-0.10791377661532,-0.230388263754479,1,350,43,27,35
20,"4x",2800,TRUE,"1x",1,0.223783384936602,"NORTHWESTERN FORESTED MOUNTAINS",0.0174548806812586,-0.186669264550673,1,350,59,27,32
20,"4x",2800,TRUE,"1x",1,0.223783384936602,"WATER",0.236895185667296,-0.0488786176574078,1,350,101,27,33
21,"4x",2800,TRUE,"1x",1,0.132606737747251,"EASTERN TEMPERATE FORESTS",-0.106952994748292,0.178820808576412,1,350,46,27,17
21,"4x",2800,TRUE,"1x",1,0.132606737747251,"GREAT PLAINS",-0.0944813196388326,0.109642825593099,1,350,79,27,70
21,"4x",2800,TRUE,"1x",1,0.132606737747251,"MARINE WEST COAST FOREST",-0.0600899888774241,0.0623844982617348,1,350,83,27,464
21,"4x",2800,TRUE,"1x",1,0.132606737747251,"MEDITERRANEAN CALIFORNIA",-0.047074265534389,-0.00624943648800272,1,350,303,27,184
21,"4x",2800,TRUE,"1x",1,0.132606737747251,"NORTH AMERICAN DESERTS",-0.0153746040279614,-0.0561994330743477,1,350,152,27,19
21,"4x",2800,TRUE,"1x",1,0.132606737747251,"NORTHERN FORESTS",-0.0458843612582506,-0.168358848397409,1,350,57,27,37
21,"4x",2800,TRUE,"1x",1,0.132606737747251,"NORTHWESTERN FORESTED MOUNTAINS",-0.0988177969780296,-0.302941942209961,0,350,58,27,42
21,"4x",2800,TRUE,"1x",1,0.132606737747251,"WATER",0.00498228133315698,-0.280791521991547,1,350,102,27,39
22,"4x",2800,TRUE,"1x",1,0.154141949641064,"EASTERN TEMPERATE FORESTS",-0.0609385738177246,0.22483522950698,1,350,70,27,25
22,"4x",2800,TRUE,"1x",1,0.154141949641064,"GREAT PLAINS",-0.042999368757797,0.161124776474134,1,350,86,27,120
22,"4x",2800,TRUE,"1x",1,0.154141949641064,"MARINE WEST COAST FOREST",-0.0276107158674031,0.0948637712717558,1,350,45,27,520
22,"4x",2800,TRUE,"1x",1,0.154141949641064,"MEDITERRANEAN CALIFORNIA",-0.0652298628483168,-0.0244050338019305,1,350,278,27,198
22,"4x",2800,TRUE,"1x",1,0.154141949641064,"NORTH AMERICAN DESERTS",-0.0103782257475353,-0.0512030547939216,1,350,160,27,20
22,"4x",2800,TRUE,"1x",1,0.154141949641064,"NORTHERN FORESTS",0.107918845970482,-0.0145556411686772,1,350,67,27,46
22,"4x",2800,TRUE,"1x",1,0.154141949641064,"NORTHWESTERN FORESTED MOUNTAINS",0.00357189356028155,-0.20055225167165,1,350,72,27,47
22,"4x",2800,TRUE,"1x",1,0.154141949641064,"WATER",0.0641689040829257,-0.221604899241778,1,350,83,27,29
23,"4x",2800,TRUE,"1x",1,0.124141389399868,"EASTERN TEMPERATE FORESTS",0.0106885512514654,0.29646235457617,0,350,50,27,15
23,"4x",2800,TRUE,"1x",1,0.124141389399868,"GREAT PLAINS",0.00976981531465113,0.213893960546583,1,350,85,27,107
23,"4x",2800,TRUE,"1x",1,0.124141389399868,"MARINE WEST COAST FOREST",-0.00874788616990429,0.113726600969255,1,350,85,27,485
23,"4x",2800,TRUE,"1x",1,0.124141389399868,"MEDITERRANEAN CALIFORNIA",-0.0155568983947068,0.0252679306516795,1,350,286,27,177
23,"4x",2800,TRUE,"1x",1,0.124141389399868,"NORTH AMERICAN DESERTS",-0.0157385250654066,-0.0565633541117929,1,350,162,27,18
23,"4x",2800,TRUE,"1x",1,0.124141389399868,"NORTHERN FORESTS",0.0157518897067593,-0.1067225974324,1,350,61,27,28
23,"4x",2800,TRUE,"1x",1,0.124141389399868,"NORTHWESTERN FORESTED MOUNTAINS",0.0297658368238178,-0.174358308408114,1,350,67,27,40
23,"4x",2800,TRUE,"1x",1,0.124141389399868,"WATER",-0.0514435145287613,-0.337217317853465,0,350,110,27,18
24,"4x",2800,TRUE,"1x",1,0.135071591478303,"EASTERN TEMPERATE FORESTS",-0.0149871638449509,0.270786639479753,1,350,52,27,20
24,"4x",2800,TRUE,"1x",1,0.135071591478303,"GREAT PLAINS",0.0170943297421838,0.221218474974115,1,350,63,27,152
24,"4x",2800,TRUE,"1x",1,0.135071591478303,"MARINE WEST COAST FOREST",-0.0607728741434266,0.0617016129957323,1,350,83,27,324
24,"4x",2800,TRUE,"1x",1,0.135071591478303,"MEDITERRANEAN CALIFORNIA",0.0121054777164696,0.0529303067628559,1,350,284,27,167
24,"4x",2800,TRUE,"1x",1,0.135071591478303,"NORTH AMERICAN DESERTS",-0.0539121479310593,-0.0947369769774456,1,350,157,27,13
24,"4x",2800,TRUE,"1x",1,0.135071591478303,"NORTHERN FORESTS",-0.0347718259984135,-0.157246313137572,1,350,46,27,29
24,"4x",2800,TRUE,"1x",1,0.135071591478303,"NORTHWESTERN FORESTED MOUNTAINS",-0.00190673623976146,-0.206030881471693,1,350,65,27,40
24,"4x",2800,TRUE,"1x",1,0.135071591478303,"WATER",0.0694961450651965,-0.216277658259508,1,350,96,27,37
25,"4x",2800,TRUE,"1x",1,0.293755097314975,"EASTERN TEMPERATE FORESTS",0.0467792020618024,0.332553005386507,1,350,56,27,21
25,"4x",2800,TRUE,"1x",1,0.293755097314975,"GREAT PLAINS",-0.161451921553375,0.0426722236785562,1,350,69,27,73
25,"4x",2800,TRUE,"1x",1,0.293755097314975,"MARINE WEST COAST FOREST",-0.168451000428299,-0.04597651328914,1,350,85,27,518
25,"4x",2800,TRUE,"1x",1,0.293755097314975,"MEDITERRANEAN CALIFORNIA",-0.0312173975792676,0.00960743146711871,1,350,274,27,174
25,"4x",2800,TRUE,"1x",1,0.293755097314975,"NORTH AMERICAN DESERTS",-0.134878392646467,-0.175703221692853,1,350,158,27,10
25,"4x",2800,TRUE,"1x",1,0.293755097314975,"NORTHERN FORESTS",0.0495948602467726,-0.0728796268923863,1,350,53,27,30
25,"4x",2800,TRUE,"1x",1,0.293755097314975,"NORTHWESTERN FORESTED MOUNTAINS",0.0645658732530027,-0.139558271978929,1,350,65,27,48
25,"4x",2800,TRUE,"1x",1,0.293755097314975,"WATER",0.247305474251476,-0.0384683290732281,1,350,88,27,27
26,"4x",2800,TRUE,"1x",1,0.237296324341476,"EASTERN TEMPERATE FORESTS",-0.00689615433923356,0.278877648985471,1,350,47,27,12
26,"4x",2800,TRUE,"1x",1,0.237296324341476,"GREAT PLAINS",0.153467990862152,0.357592136094084,0,350,66,27,118
26,"4x",2800,TRUE,"1x",1,0.237296324341476,"MARINE WEST COAST FOREST",-0.0958841354720617,0.0265903516670972,1,350,95,27,498
26,"4x",2800,TRUE,"1x",1,0.237296324341476,"MEDITERRANEAN CALIFORNIA",0.0679483911585419,0.108773220204928,1,350,278,27,264
26,"4x",2800,TRUE,"1x",1,0.237296324341476,"NORTH AMERICAN DESERTS",-0.0976883271679047,-0.138513156214291,1,350,178,27,25
26,"4x",2800,TRUE,"1x",1,0.237296324341476,"NORTHERN FORESTS",-0.231063554613706,-0.353538041752865,0,350,45,27,23
26,"4x",2800,TRUE,"1x",1,0.237296324341476,"NORTHWESTERN FORESTED MOUNTAINS",0.0886105588951937,-0.115513586336738,1,350,47,27,57
26,"4x",2800,TRUE,"1x",1,0.237296324341476,"WATER",0.0285696276942126,-0.257204175630492,1,350,90,27,27
27,"4x",2800,TRUE,"1x",1,0.164694562522474,"EASTERN TEMPERATE FORESTS",-0.0872037528740192,0.198570050450685,1,350,67,27,23
27,"4x",2800,TRUE,"1x",1,0.164694562522474,"GREAT PLAINS",-0.0243269987250839,0.179797146506848,1,350,72,27,109
27,"4x",2800,TRUE,"1x",1,0.164694562522474,"MARINE WEST COAST FOREST",0.0502891418820809,0.17276362902124,1,350,55,27,426
27,"4x",2800,TRUE,"1x",1,0.164694562522474,"MEDITERRANEAN CALIFORNIA",-0.106200875076632,-0.0653760460302459,1,350,303,27,235
27,"4x",2800,TRUE,"1x",1,0.164694562522474,"NORTH AMERICAN DESERTS",0.0255358646243344,-0.0152889644220519,1,350,145,27,27
27,"4x",2800,TRUE,"1x",1,0.164694562522474,"NORTHERN FORESTS",0.0330030414123649,-0.089471445726794,1,350,56,27,34
27,"4x",2800,TRUE,"1x",1,0.164694562522474,"NORTHWESTERN FORESTED MOUNTAINS",0.0486349414810284,-0.155489203750903,1,350,49,27,55
27,"4x",2800,TRUE,"1x",1,0.164694562522474,"WATER",0.0124068023053623,-0.273367001019342,1,350,72,27,47
28,"4x",2800,TRUE,"1x",1,0.128887592573889,"EASTERN TEMPERATE FORESTS",-0.0557547835494603,0.230019019775244,1,350,70,27,14
28,"4x",2800,TRUE,"1x",1,0.128887592573889,"GREAT PLAINS",-0.00463634723063706,0.199487798001294,1,350,69,27,73
28,"4x",2800,TRUE,"1x",1,0.128887592573889,"MARINE WEST COAST FOREST",-0.0349244900049675,0.0875499971341915,1,350,88,27,330
28,"4x",2800,TRUE,"1x",1,0.128887592573889,"MEDITERRANEAN CALIFORNIA",0.0136612163932292,0.0544860454396155,1,350,283,27,268
28,"4x",2800,TRUE,"1x",1,0.128887592573889,"NORTH AMERICAN DESERTS",-0.0400469234469045,-0.0808717524932908,1,350,155,27,16
28,"4x",2800,TRUE,"1x",1,0.128887592573889,"NORTHERN FORESTS",0.0837999012006237,-0.0386745859385352,1,350,43,27,37
28,"4x",2800,TRUE,"1x",1,0.128887592573889,"NORTHWESTERN FORESTED MOUNTAINS",0.036198523401696,-0.167925621830236,1,350,56,27,37
28,"4x",2800,TRUE,"1x",1,0.128887592573889,"WATER",0.0320467912108791,-0.253727012113825,1,350,86,27,46
29,"4x",2800,TRUE,"1x",1,0.142271932754584,"EASTERN TEMPERATE FORESTS",0.0303769924849361,0.31615079580964,0,350,65,27,24
29,"4x",2800,TRUE,"1x",1,0.142271932754584,"GREAT PLAINS",-0.115563807390745,0.0885603378411862,1,350,109,27,74
29,"4x",2800,TRUE,"1x",1,0.142271932754584,"MARINE WEST COAST FOREST",-0.0379477308635939,0.0845267562755651,1,350,72,27,524
29,"4x",2800,TRUE,"1x",1,0.142271932754584,"MEDITERRANEAN CALIFORNIA",0.0570780700632875,0.0979028991096738,1,350,270,27,215
29,"4x",2800,TRUE,"1x",1,0.142271932754584,"NORTH AMERICAN DESERTS",-0.0438375794809006,-0.0846624085272868,1,350,133,27,19
29,"4x",2800,TRUE,"1x",1,0.142271932754584,"NORTHERN FORESTS",0.0526693429057957,-0.0698051442333632,1,350,56,27,43
29,"4x",2800,TRUE,"1x",1,0.142271932754584,"NORTHWESTERN FORESTED MOUNTAINS",0.0140225956254053,-0.190101549606526,1,350,52,27,43
29,"4x",2800,TRUE,"1x",1,0.142271932754584,"WATER",-0.0108555401455449,-0.296629343470249,1,350,66,27,22
30,"4x",2800,TRUE,"1x",1,0.358911188908403,"EASTERN TEMPERATE FORESTS",-0.264207722371297,0.0215660809534067,1,350,51,27,11
30,"4x",2800,TRUE,"1x",1,0.358911188908403,"GREAT PLAINS",0.175639837401492,0.379763982633424,1,350,73,27,149
30,"4x",2800,TRUE,"1x",1,0.358911188908403,"MARINE WEST COAST FOREST",0.276152203267932,0.398626690407091,0,350,66,27,485
30,"4x",2800,TRUE,"1x",1,0.358911188908403,"MEDITERRANEAN CALIFORNIA",-0.0946001020474256,-0.0537752730010393,1,350,257,27,212
30,"4x",2800,TRUE,"1x",1,0.358911188908403,"NORTH AMERICAN DESERTS",-0.186057761739628,-0.226882590786014,1,350,194,27,22
30,"4x",2800,TRUE,"1x",1,0.358911188908403,"NORTHERN FORESTS",0.148747026535254,0.0262725393960948,1,350,46,27,33
30,"4x",2800,TRUE,"1x",1,0.358911188908403,"NORTHWESTERN FORESTED MOUNTAINS",-0.224720601302158,-0.428844746534089,1,350,63,27,30
30,"4x",2800,TRUE,"1x",1,0.358911188908403,"WATER",-0.225083591012519,-0.510857394337223,0,350,103,27,14
1,"4x",2800,TRUE,"4x",4,0.308834583590198,"EASTERN TEMPERATE FORESTS",-0.076733530720833,0.209040272603871,1,350,59,27,57
1,"4x",2800,TRUE,"4x",4,0.308834583590198,"GREAT PLAINS",0.190010751007203,0.394134896239134,0,350,71,27,337
1,"4x",2800,TRUE,"4x",4,0.308834583590198,"MARINE WEST COAST FOREST",-0.208645709370697,-0.0861712222315376,1,350,88,27,1957
1,"4x",2800,TRUE,"4x",4,0.308834583590198,"MEDITERRANEAN CALIFORNIA",-0.0941156913482258,-0.0532908623018395,1,350,278,27,897
1,"4x",2800,TRUE,"4x",4,0.308834583590198,"NORTH AMERICAN DESERTS",-0.291315641557956,-0.332140470604343,1,350,165,27,67
1,"4x",2800,TRUE,"4x",4,0.308834583590198,"NORTHERN FORESTS",0.379926086805256,0.257451599666097,1,350,54,27,173
1,"4x",2800,TRUE,"4x",4,0.308834583590198,"NORTHWESTERN FORESTED MOUNTAINS",-0.0857815593386516,-0.289905704570583,1,350,65,27,139
1,"4x",2800,TRUE,"4x",4,0.308834583590198,"WATER",-0.0580518229015082,-0.343825626226212,1,350,115,27,69
2,"4x",2800,TRUE,"4x",4,0.203858944378817,"EASTERN TEMPERATE FORESTS",-0.0654333312693381,0.220340472055366,1,350,52,27,59
2,"4x",2800,TRUE,"4x",4,0.203858944378817,"GREAT PLAINS",-0.0617758217895949,0.142348323442337,1,350,75,27,318
2,"4x",2800,TRUE,"4x",4,0.203858944378817,"MARINE WEST COAST FOREST",-0.0362117894127552,0.0862626977264037,1,350,90,27,2078
2,"4x",2800,TRUE,"4x",4,0.203858944378817,"MEDITERRANEAN CALIFORNIA",0.027379618038515,0.0682044470849013,1,350,304,27,834
2,"4x",2800,TRUE,"4x",4,0.203858944378817,"NORTH AMERICAN DESERTS",-0.0786529637807185,-0.119477792827105,1,350,147,27,77
2,"4x",2800,TRUE,"4x",4,0.203858944378817,"NORTHERN FORESTS",-0.104041467817736,-0.226515954956894,1,350,45,27,146
2,"4x",2800,TRUE,"4x",4,0.203858944378817,"NORTHWESTERN FORESTED MOUNTAINS",0.0481478365183928,-0.155976308713539,1,350,66,27,142
2,"4x",2800,TRUE,"4x",4,0.203858944378817,"WATER",0.219326697640443,-0.0664471056842613,1,350,82,27,151
3,"4x",2800,TRUE,"4x",4,0.14736925687899,"EASTERN TEMPERATE FORESTS",-0.0583936414279202,0.227380161896784,1,350,66,27,74
3,"4x",2800,TRUE,"4x",4,0.14736925687899,"GREAT PLAINS",-0.0478885750244427,0.156235570207489,1,350,76,27,428
3,"4x",2800,TRUE,"4x",4,0.14736925687899,"MARINE WEST COAST FOREST",-0.0492337336123721,0.0732407535267868,1,350,71,27,1799
3,"4x",2800,TRUE,"4x",4,0.14736925687899,"MEDITERRANEAN CALIFORNIA",-0.0175367046641095,0.0232881243822768,1,350,270,27,879
3,"4x",2800,TRUE,"4x",4,0.14736925687899,"NORTH AMERICAN DESERTS",0.005680854597869,-0.0351439744485173,1,350,147,27,103
3,"4x",2800,TRUE,"4x",4,0.14736925687899,"NORTHERN FORESTS",0.113350297466085,-0.00912418967307381,1,350,57,27,163
3,"4x",2800,TRUE,"4x",4,0.14736925687899,"NORTHWESTERN FORESTED MOUNTAINS",0.0570820351228667,-0.147042110109065,1,350,63,27,224
3,"4x",2800,TRUE,"4x",4,0.14736925687899,"WATER",0.0497332177423056,-0.236040585582399,1,350,90,27,124
4,"4x",2800,TRUE,"4x",4,0.12069215126014,"EASTERN TEMPERATE FORESTS",-0.0496884242219567,0.236085379102747,1,350,74,27,70
4,"4x",2800,TRUE,"4x",4,0.12069215126014,"GREAT PLAINS",-0.0274098679003268,0.176714277331605,1,350,86,27,343
4,"4x",2800,TRUE,"4x",4,0.12069215126014,"MARINE WEST COAST FOREST",-0.0102658869697005,0.112208600169458,1,350,91,27,1523
4,"4x",2800,TRUE,"4x",4,0.12069215126014,"MEDITERRANEAN CALIFORNIA",-0.0366996767807913,0.00412515226559503,1,350,256,27,741
4,"4x",2800,TRUE,"4x",4,0.12069215126014,"NORTH AMERICAN DESERTS",-0.0638210954797384,-0.104645924526125,1,350,140,27,50
4,"4x",2800,TRUE,"4x",4,0.12069215126014,"NORTHERN FORESTS",0.0874180995004418,-0.0350563876387171,1,350,58,27,189
4,"4x",2800,TRUE,"4x",4,0.12069215126014,"NORTHWESTERN FORESTED MOUNTAINS",0.0261685717654551,-0.177955573466476,1,350,46,27,190
4,"4x",2800,TRUE,"4x",4,0.12069215126014,"WATER",0.0352984031565952,-0.250475400168109,1,350,83,27,129
5,"4x",2800,TRUE,"4x",4,0.235363166893454,"EASTERN TEMPERATE FORESTS",-0.122190602162745,0.163583201161959,1,350,61,27,76
5,"4x",2800,TRUE,"4x",4,0.235363166893454,"GREAT PLAINS",-0.221277364779717,-0.0171532195477856,1,350,72,27,280
5,"4x",2800,TRUE,"4x",4,0.235363166893454,"MARINE WEST COAST FOREST",-0.121787968208036,0.000686518931122565,1,350,89,27,1560
5,"4x",2800,TRUE,"4x",4,0.235363166893454,"MEDITERRANEAN CALIFORNIA",-0.00641139455338768,0.0344134344929986,1,350,262,27,1034
5,"4x",2800,TRUE,"4x",4,0.235363166893454,"NORTH AMERICAN DESERTS",-0.0429798994273419,-0.0838047284737282,1,350,148,27,75
5,"4x",2800,TRUE,"4x",4,0.235363166893454,"NORTHERN FORESTS",0.148993391753596,0.0265189046144368,1,350,72,27,140
5,"4x",2800,TRUE,"4x",4,0.235363166893454,"NORTHWESTERN FORESTED MOUNTAINS",0.0667620416219969,-0.137362103609935,1,350,51,27,199
5,"4x",2800,TRUE,"4x",4,0.235363166893454,"WATER",0.145017843002883,-0.140755960321821,1,350,109,27,146
6,"4x",2800,TRUE,"4x",4,5.09014704053159,"EASTERN TEMPERATE FORESTS",6.79560228483937,7.08137608816407,0,350,47,27,62
6,"4x",2800,TRUE,"4x",4,5.09014704053159,"GREAT PLAINS",-2.74801710619854,-2.5438929609666,1,350,81,27,359
6,"4x",2800,TRUE,"4x",4,5.09014704053159,"MARINE WEST COAST FOREST",6.52061596589332,6.64309045303248,0,350,69,27,1411
6,"4x",2800,TRUE,"4x",4,5.09014704053159,"MEDITERRANEAN CALIFORNIA",-5.14633152226791,-5.10550669322152,0,350,267,27,952
6,"4x",2800,TRUE,"4x",4,5.09014704053159,"NORTH AMERICAN DESERTS",6.55316689027535,6.51234206122897,1,350,144,27,51
6,"4x",2800,TRUE,"4x",4,5.09014704053159,"NORTHERN FORESTS",4.69451053178217,4.57203604464302,1,350,49,27,177
6,"4x",2800,TRUE,"4x",4,5.09014704053159,"NORTHWESTERN FORESTED MOUNTAINS",7.09010921872405,6.88598507349212,1,350,77,27,169
6,"4x",2800,TRUE,"4x",4,5.09014704053159,"WATER",1.59316427064486,1.30739046732016,1,350,102,27,99
7,"4x",2800,TRUE,"4x",4,0.11968066771644,"EASTERN TEMPERATE FORESTS",-0.0966822487904064,0.189091554534298,1,350,59,27,66
7,"4x",2800,TRUE,"4x",4,0.11968066771644,"GREAT PLAINS",-0.0521236066625984,0.152000538569333,1,350,94,27,401
7,"4x",2800,TRUE,"4x",4,0.11968066771644,"MARINE WEST COAST FOREST",-0.00578280495720275,0.116691682181956,1,350,85,27,1779
7,"4x",2800,TRUE,"4x",4,0.11968066771644,"MEDITERRANEAN CALIFORNIA",0.0255679131207469,0.0663927421671332,1,350,271,27,1173
7,"4x",2800,TRUE,"4x",4,0.11968066771644,"NORTH AMERICAN DESERTS",0.0636801034828662,0.0228552744364799,1,350,150,27,80
7,"4x",2800,TRUE,"4x",4,0.11968066771644,"NORTHERN FORESTS",0.0344865164666404,-0.0879879706725185,1,350,42,27,117
7,"4x",2800,TRUE,"4x",4,0.11968066771644,"NORTHWESTERN FORESTED MOUNTAINS",0.023472236527176,-0.180651908704756,1,350,67,27,123
7,"4x",2800,TRUE,"4x",4,0.11968066771644,"WATER",0.0161946816069039,-0.2695791217178,0,350,83,27,83
8,"4x",2800,TRUE,"4x",4,0.149268353701034,"EASTERN TEMPERATE FORESTS",-0.0444189440865368,0.241354859238167,1,350,61,27,91
8,"4x",2800,TRUE,"4x",4,0.149268353701034,"GREAT PLAINS",-0.00659225002733168,0.1975318952046,1,350,65,27,380
8,"4x",2800,TRUE,"4x",4,0.149268353701034,"MARINE WEST COAST FOREST",-0.11312063860458,0.00935384853457877,1,350,74,27,1674
8,"4x",2800,TRUE,"4x",4,0.149268353701034,"MEDITERRANEAN CALIFORNIA",-0.0677734614351329,-0.0269486323887466,1,350,297,27,1074
8,"4x",2800,TRUE,"4x",4,0.149268353701034,"NORTH AMERICAN DESERTS",0.0654553267297927,0.0246304976834064,1,350,161,27,105
8,"4x",2800,TRUE,"4x",4,0.149268353701034,"NORTHERN FORESTS",0.0512511101034985,-0.0712233770356603,1,350,47,27,169
8,"4x",2800,TRUE,"4x",4,0.149268353701034,"NORTHWESTERN FORESTED MOUNTAINS",-0.0303429206812682,-0.2344670659132,1,350,62,27,172
8,"4x",2800,TRUE,"4x",4,0.149268353701034,"WATER",0.0597013815067047,-0.226072421817999,1,350,90,27,159
9,"4x",2800,TRUE,"4x",4,0.339470517807403,"EASTERN TEMPERATE FORESTS",0.256274260116332,0.542048063441036,0,350,50,27,83
9,"4x",2800,TRUE,"4x",4,0.339470517807403,"GREAT PLAINS",0.0201434373626663,0.224267582594598,1,350,82,27,272
9,"4x",2800,TRUE,"4x",4,0.339470517807403,"MARINE WEST COAST FOREST",0.134467460306967,0.256941947446126,1,350,86,27,1682
9,"4x",2800,TRUE,"4x",4,0.339470517807403,"MEDITERRANEAN CALIFORNIA",-0.386964060809865,-0.346139231763479,1,350,296,27,996
9,"4x",2800,TRUE,"4x",4,0.339470517807403,"NORTH AMERICAN DESERTS",-0.0388281657383664,-0.0796529947847527,1,350,135,27,83
9,"4x",2800,TRUE,"4x",4,0.339470517807403,"NORTHERN FORESTS",0.0874800164029407,-0.0349944707362182,1,350,42,27,124
9,"4x",2800,TRUE,"4x",4,0.339470517807403,"NORTHWESTERN FORESTED MOUNTAINS",0.0667257712954705,-0.137398373936461,1,350,63,27,146
9,"4x",2800,TRUE,"4x",4,0.339470517807403,"WATER",0.0614603592005889,-0.224313444124115,1,350,87,27,102
10,"4x",2800,TRUE,"4x",4,0.0954129257289018,"EASTERN TEMPERATE FORESTS",-0.0245996754461752,0.261174127878529,1,350,62,27,69
10,"4x",2800,TRUE,"4x",4,0.0954129257289018,"GREAT PLAINS",0.00362856022564004,0.207752705457572,1,350,75,27,396
10,"4x",2800,TRUE,"4x",4,0.0954129257289018,"MARINE WEST COAST FOREST",-0.0141179540817699,0.108356533057389,1,350,91,27,1523
10,"4x",2800,TRUE,"4x",4,0.0954129257289018,"MEDITERRANEAN CALIFORNIA",0.0268770260780553,0.0677018551244416,1,350,292,27,904
10,"4x",2800,TRUE,"4x",4,0.0954129257289018,"NORTH AMERICAN DESERTS",0.0123581367773396,-0.0284666922690467,1,350,166,27,51
10,"4x",2800,TRUE,"4x",4,0.0954129257289018,"NORTHERN FORESTS",0.0494109091677791,-0.0730635779713797,1,350,52,27,147
10,"4x",2800,TRUE,"4x",4,0.0954129257289018,"NORTHWESTERN FORESTED MOUNTAINS",-0.0146541412223353,-0.218778286454267,1,350,66,27,148
10,"4x",2800,TRUE,"4x",4,0.0954129257289018,"WATER",0.00393963665219399,-0.28183416667251,0,350,92,27,144
11,"4x",2800,TRUE,"4x",4,0.072023413557021,"EASTERN TEMPERATE FORESTS",-0.037901209979537,0.247872593345167,0,350,61,27,64
11,"4x",2800,TRUE,"4x",4,0.072023413557021,"GREAT PLAINS",-0.00645499218935401,0.197669153042578,1,350,62,27,513
11,"4x",2800,TRUE,"4x",4,0.072023413557021,"MARINE WEST COAST FOREST",-0.0467829909169772,0.0756914962221818,1,350,74,27,1652
11,"4x",2800,TRUE,"4x",4,0.072023413557021,"MEDITERRANEAN CALIFORNIA",0.0215993380911426,0.0624241671375289,1,350,271,27,1051
11,"4x",2800,TRUE,"4x",4,0.072023413557021,"NORTH AMERICAN DESERTS",0.00827461883442089,-0.0325502102119654,1,350,179,27,107
11,"4x",2800,TRUE,"4x",4,0.072023413557021,"NORTHERN FORESTS",-0.0186409103623523,-0.141115397501511,0,350,51,27,112
11,"4x",2800,TRUE,"4x",4,0.072023413557021,"NORTHWESTERN FORESTED MOUNTAINS",-0.00138833265795335,-0.205512477889885,1,350,55,27,167
11,"4x",2800,TRUE,"4x",4,0.072023413557021,"WATER",0.0433893498783104,-0.242384453446394,1,350,84,27,126
12,"4x",2800,TRUE,"4x",4,0.245072463685004,"EASTERN TEMPERATE FORESTS",-0.112973003832168,0.172800799492536,1,350,53,27,74
12,"4x",2800,TRUE,"4x",4,0.245072463685004,"GREAT PLAINS",0.0297698008270141,0.233893946058946,1,350,72,27,416
12,"4x",2800,TRUE,"4x",4,0.245072463685004,"MARINE WEST COAST FOREST",-0.0837205653362133,0.0387539218029456,1,350,86,27,2255
12,"4x",2800,TRUE,"4x",4,0.245072463685004,"MEDITERRANEAN CALIFORNIA",-0.109245826940792,-0.0684209978944055,1,350,266,27,768
12,"4x",2800,TRUE,"4x",4,0.245072463685004,"NORTH AMERICAN DESERTS",0.0425344546632268,0.00170962561684047,1,350,162,27,97
12,"4x",2800,TRUE,"4x",4,0.245072463685004,"NORTHERN FORESTS",0.265282468694031,0.142807981554872,1,350,55,27,185
12,"4x",2800,TRUE,"4x",4,0.245072463685004,"NORTHWESTERN FORESTED MOUNTAINS",-0.0653331162192333,-0.269457261451165,1,350,55,27,135
12,"4x",2800,TRUE,"4x",4,0.245072463685004,"WATER",0.0689380162451927,-0.216835787079511,1,350,87,27,136
13,"4x",2800,TRUE,"4x",4,0.0801867343581819,"EASTERN TEMPERATE FORESTS",-0.0173742631800682,0.268399540144636,0,350,47,27,59
13,"4x",2800,TRUE,"4x",4,0.0801867343581819,"GREAT PLAINS",-0.00996050334777415,0.194163641884157,1,350,64,27,324
13,"4x",2800,TRUE,"4x",4,0.0801867343581819,"MARINE WEST COAST FOREST",-0.0264726224315505,0.0960018647076084,1,350,74,27,1667
13,"4x",2800,TRUE,"4x",4,0.0801867343581819,"MEDITERRANEAN CALIFORNIA",-0.0431022266210573,-0.00227739757467098,1,350,279,27,909
13,"4x",2800,TRUE,"4x",4,0.0801867343581819,"NORTH AMERICAN DESERTS",-0.0206268009370649,-0.0614516299834512,1,350,169,27,65
13,"4x",2800,TRUE,"4x",4,0.0801867343581819,"NORTHERN FORESTS",0.0549773469988621,-0.0674971401402968,1,350,48,27,124
13,"4x",2800,TRUE,"4x",4,0.0801867343581819,"NORTHWESTERN FORESTED MOUNTAINS",0.0189702275591213,-0.18515391767281,1,350,57,27,146
13,"4x",2800,TRUE,"4x",4,0.0801867343581819,"WATER",-0.0103649671630912,-0.296138770487795,0,350,115,27,103
14,"4x",2800,TRUE,"4x",4,0.202823094381832,"EASTERN TEMPERATE FORESTS",-0.149250662422951,0.136523140901753,1,350,78,27,96
14,"4x",2800,TRUE,"4x",4,0.202823094381832,"GREAT PLAINS",-0.15322159526904,0.0509025499628915,1,350,104,27,379
14,"4x",2800,TRUE,"4x",4,0.202823094381832,"MARINE WEST COAST FOREST",-0.0331051661616595,0.0893693209774994,1,350,81,27,1318
14,"4x",2800,TRUE,"4x",4,0.202823094381832,"MEDITERRANEAN CALIFORNIA",0.0671219616711046,0.107946790717491,1,350,282,27,789
14,"4x",2800,TRUE,"4x",4,0.202823094381832,"NORTH AMERICAN DESERTS",0.0653106239342844,0.0244857948878981,1,350,160,27,74
14,"4x",2800,TRUE,"4x",4,0.202823094381832,"NORTHERN FORESTS",0.205883175209051,0.0834086880698926,1,350,52,27,160
14,"4x",2800,TRUE,"4x",4,0.202823094381832,"NORTHWESTERN FORESTED MOUNTAINS",-0.0885702584773118,-0.292694403709243,0,350,55,27,163
14,"4x",2800,TRUE,"4x",4,0.202823094381832,"WATER",0.109288790559246,-0.176485012765458,1,350,84,27,122
15,"4x",2800,TRUE,"4x",4,0.198789351934361,"EASTERN TEMPERATE FORESTS",-0.171752081983338,0.114021721341366,1,350,69,27,82
15,"4x",2800,TRUE,"4x",4,0.198789351934361,"GREAT PLAINS",-0.151903373347289,0.0522207718846421,1,350,72,27,190
15,"4x",2800,TRUE,"4x",4,0.198789351934361,"MARINE WEST COAST FOREST",-0.0411586317007769,0.081315855438382,1,350,84,27,1299
15,"4x",2800,TRUE,"4x",4,0.198789351934361,"MEDITERRANEAN CALIFORNIA",0.0772476974875456,0.118072526533932,1,350,276,27,864
15,"4x",2800,TRUE,"4x",4,0.198789351934361,"NORTH AMERICAN DESERTS",0.0635967548756311,0.0227719258292448,1,350,182,27,58
15,"4x",2800,TRUE,"4x",4,0.198789351934361,"NORTHERN FORESTS",0.0025117122586626,-0.119962774880496,1,350,65,27,132
15,"4x",2800,TRUE,"4x",4,0.198789351934361,"NORTHWESTERN FORESTED MOUNTAINS",-0.00304373145074405,-0.207167876682676,1,350,68,27,120
15,"4x",2800,TRUE,"4x",4,0.198789351934361,"WATER",0.116218407946467,-0.169555395378237,1,350,94,27,75
16,"4x",2800,TRUE,"4x",4,0.177440948086212,"EASTERN TEMPERATE FORESTS",0.0225254188123968,0.308299222137101,1,350,49,27,75
16,"4x",2800,TRUE,"4x",4,0.177440948086212,"GREAT PLAINS",-0.0598748631904907,0.144249282041441,1,350,66,27,304
16,"4x",2800,TRUE,"4x",4,0.177440948086212,"MARINE WEST COAST FOREST",-0.19560193119604,-0.0731274440568813,1,350,65,27,1368
16,"4x",2800,TRUE,"4x",4,0.177440948086212,"MEDITERRANEAN CALIFORNIA",-0.0163725305059055,0.0244522985404808,1,350,273,27,899
16,"4x",2800,TRUE,"4x",4,0.177440948086212,"NORTH AMERICAN DESERTS",0.0382520272574824,-0.00257280178890389,1,350,161,27,93
16,"4x",2800,TRUE,"4x",4,0.177440948086212,"NORTHERN FORESTS",-0.00199209539365193,-0.124466582532811,1,350,62,27,135
16,"4x",2800,TRUE,"4x",4,0.177440948086212,"NORTHWESTERN FORESTED MOUNTAINS",0.0307239779025137,-0.173400167329418,1,350,69,27,190
16,"4x",2800,TRUE,"4x",4,0.177440948086212,"WATER",0.0199580097593255,-0.265815793565379,1,350,106,27,100
17,"4x",2800,TRUE,"4x",4,0.0941995436945423,"EASTERN TEMPERATE FORESTS",-0.046487725803746,0.239286077520958,1,350,49,27,87
17,"4x",2800,TRUE,"4x",4,0.0941995436945423,"GREAT PLAINS",-0.0204672604097739,0.183656884822158,1,350,70,27,358
17,"4x",2800,TRUE,"4x",4,0.0941995436945423,"MARINE WEST COAST FOREST",-0.0082824594426982,0.114192027696461,1,350,71,27,2123
17,"4x",2800,TRUE,"4x",4,0.0941995436945423,"MEDITERRANEAN CALIFORNIA",0.0157011006594771,0.0565259297058634,1,350,289,27,1026
17,"4x",2800,TRUE,"4x",4,0.0941995436945423,"NORTH AMERICAN DESERTS",-0.0158023954007683,-0.0566272244471546,1,350,184,27,130
17,"4x",2800,TRUE,"4x",4,0.0941995436945423,"NORTHERN FORESTS",0.0426196972910028,-0.0798547898481561,1,350,38,27,180
17,"4x",2800,TRUE,"4x",4,0.0941995436945423,"NORTHWESTERN FORESTED MOUNTAINS",0.0631007118829892,-0.141023433348942,1,350,71,27,159
17,"4x",2800,TRUE,"4x",4,0.0941995436945423,"WATER",-0.0272081879694462,-0.31298199129415,0,350,94,27,119
18,"4x",2800,TRUE,"4x",4,0.0878533817247493,"EASTERN TEMPERATE FORESTS",-0.0393276804782729,0.246446122846431,1,350,58,27,79
18,"4x",2800,TRUE,"4x",4,0.0878533817247493,"GREAT PLAINS",0.000211060790424875,0.204335206022356,1,350,78,27,462
18,"4x",2800,TRUE,"4x",4,0.0878533817247493,"MARINE WEST COAST FOREST",-0.0378068649486282,0.0846676221905307,1,350,88,27,1286
18,"4x",2800,TRUE,"4x",4,0.0878533817247493,"MEDITERRANEAN CALIFORNIA",-0.0113743579117326,0.0294504711346537,1,350,249,27,1019
18,"4x",2800,TRUE,"4x",4,0.0878533817247493,"NORTH AMERICAN DESERTS",-0.00183556742547599,-0.0426603964718623,1,350,143,27,98
18,"4x",2800,TRUE,"4x",4,0.0878533817247493,"NORTHERN FORESTS",0.00277919744624822,-0.119695289692911,1,350,50,27,127
18,"4x",2800,TRUE,"4x",4,0.0878533817247493,"NORTHWESTERN FORESTED MOUNTAINS",0.0172805493237711,-0.18684359590816,1,350,76,27,127
18,"4x",2800,TRUE,"4x",4,0.0878533817247493,"WATER",0.0373588078570973,-0.248414995467607,0,350,107,27,121
19,"4x",2800,TRUE,"4x",4,0.287176814770177,"EASTERN TEMPERATE FORESTS",-0.162647093958633,0.123126709366071,1,350,69,27,69
19,"4x",2800,TRUE,"4x",4,0.287176814770177,"GREAT PLAINS",0.222822788107766,0.426946933339698,0,350,71,27,360
19,"4x",2800,TRUE,"4x",4,0.287176814770177,"MARINE WEST COAST FOREST",-0.285270699332233,-0.162796212193074,1,350,76,27,1554
19,"4x",2800,TRUE,"4x",4,0.287176814770177,"MEDITERRANEAN CALIFORNIA",-0.200951901295236,-0.16012707224885,1,350,300,27,812
19,"4x",2800,TRUE,"4x",4,0.287176814770177,"NORTH AMERICAN DESERTS",-0.0724701434581168,-0.113294972504503,1,350,185,27,79
19,"4x",2800,TRUE,"4x",4,0.287176814770177,"NORTHERN FORESTS",0.175038883050357,0.0525643959111977,1,350,53,27,151
19,"4x",2800,TRUE,"4x",4,0.287176814770177,"NORTHWESTERN FORESTED MOUNTAINS",0.0973814897431665,-0.106742655488765,1,350,63,27,180
19,"4x",2800,TRUE,"4x",4,0.287176814770177,"WATER",0.0945249295885517,-0.191248873736152,1,350,79,27,152
20,"4x",2800,TRUE,"4x",4,0.122788559132891,"EASTERN TEMPERATE FORESTS",-0.0656362502491693,0.220137553075535,1,350,66,27,63
20,"4x",2800,TRUE,"4x",4,0.122788559132891,"GREAT PLAINS",-0.0539162000355983,0.150207945196333,1,350,73,27,251
20,"4x",2800,TRUE,"4x",4,0.122788559132891,"MARINE WEST COAST FOREST",0.0803832677609476,0.202857754900106,0,350,78,27,1477
20,"4x",2800,TRUE,"4x",4,0.122788559132891,"MEDITERRANEAN CALIFORNIA",-0.0175441559728228,0.0232806730735635,1,350,287,27,969
20,"4x",2800,TRUE,"4x",4,0.122788559132891,"NORTH AMERICAN DESERTS",0.00926570192827841,-0.0315591271181079,1,350,150,27,61
20,"4x",2800,TRUE,"4x",4,0.122788559132891,"NORTHERN FORESTS",-0.0236043352371444,-0.146078822376303,1,350,51,27,140
20,"4x",2800,TRUE,"4x",4,0.122788559132891,"NORTHWESTERN FORESTED MOUNTAINS",0.0829779671001132,-0.121146178131818,1,350,46,27,144
20,"4x",2800,TRUE,"4x",4,0.122788559132891,"WATER",0.0145535760960126,-0.271220227228692,1,350,75,27,91
21,"4x",2800,TRUE,"4x",4,0.136420040037714,"EASTERN TEMPERATE FORESTS",0.0139599965082182,0.299733799832922,0,350,63,27,103
21,"4x",2800,TRUE,"4x",4,0.136420040037714,"GREAT PLAINS",-0.0754134963124331,0.128710648919498,1,350,104,27,602
21,"4x",2800,TRUE,"4x",4,0.136420040037714,"MARINE WEST COAST FOREST",-0.0611972592562838,0.0612772278828751,1,350,93,27,1466
21,"4x",2800,TRUE,"4x",4,0.136420040037714,"MEDITERRANEAN CALIFORNIA",-0.0253776174416129,0.0154472116047734,1,350,292,27,1120
21,"4x",2800,TRUE,"4x",4,0.136420040037714,"NORTH AMERICAN DESERTS",-0.0384733116739361,-0.0792981407203224,1,350,156,27,85
21,"4x",2800,TRUE,"4x",4,0.136420040037714,"NORTHERN FORESTS",0.105060007251682,-0.0174144798874768,1,350,50,27,143
21,"4x",2800,TRUE,"4x",4,0.136420040037714,"NORTHWESTERN FORESTED MOUNTAINS",0.0328595186820857,-0.171264626549846,1,350,57,27,155
21,"4x",2800,TRUE,"4x",4,0.136420040037714,"WATER",0.0804106344476935,-0.205363168877011,1,350,92,27,118
22,"4x",2800,TRUE,"4x",4,0.237909065123034,"EASTERN TEMPERATE FORESTS",-0.255965878736258,0.0298079245884466,1,350,73,27,85
22,"4x",2800,TRUE,"4x",4,0.237909065123034,"GREAT PLAINS",-0.0484386690111766,0.155685476220755,1,350,76,27,363
22,"4x",2800,TRUE,"4x",4,0.237909065123034,"MARINE WEST COAST FOREST",-0.0828358344251638,0.0396386527139951,1,350,67,27,1484
22,"4x",2800,TRUE,"4x",4,0.237909065123034,"MEDITERRANEAN CALIFORNIA",0.0235957584426679,0.0644205874890542,1,350,292,27,879
22,"4x",2800,TRUE,"4x",4,0.237909065123034,"NORTH AMERICAN DESERTS",0.00367186828654003,-0.0371529607598463,1,350,188,27,100
22,"4x",2800,TRUE,"4x",4,0.237909065123034,"NORTHERN FORESTS",0.144932484699123,0.0224579975599639,1,350,53,27,149
22,"4x",2800,TRUE,"4x",4,0.237909065123034,"NORTHWESTERN FORESTED MOUNTAINS",-0.0742743252538365,-0.278398470485768,1,350,68,27,171
22,"4x",2800,TRUE,"4x",4,0.237909065123034,"WATER",0.237181765632303,-0.0485920376924009,1,350,90,27,101
23,"4x",2800,TRUE,"4x",4,0.104921990774558,"EASTERN TEMPERATE FORESTS",-0.0723613742948095,0.213412429029895,1,350,54,27,70
23,"4x",2800,TRUE,"4x",4,0.104921990774558,"GREAT PLAINS",0.0125973080999219,0.216721453331853,1,350,69,27,326
23,"4x",2800,TRUE,"4x",4,0.104921990774558,"MARINE WEST COAST FOREST",-0.00416278706225088,0.118311700076908,1,350,73,27,1445
23,"4x",2800,TRUE,"4x",4,0.104921990774558,"MEDITERRANEAN CALIFORNIA",0.0265129272253085,0.0673377562716948,1,350,268,27,919
23,"4x",2800,TRUE,"4x",4,0.104921990774558,"NORTH AMERICAN DESERTS",0.00980680522241747,-0.0310180238239688,1,350,177,27,74
23,"4x",2800,TRUE,"4x",4,0.104921990774558,"NORTHERN FORESTS",-0.0163409099721604,-0.138815397111319,1,350,48,27,139
23,"4x",2800,TRUE,"4x",4,0.104921990774558,"NORTHWESTERN FORESTED MOUNTAINS",-0.0119056175663357,-0.216029762798267,0,350,83,27,152
23,"4x",2800,TRUE,"4x",4,0.104921990774558,"WATER",0.0176278025813886,-0.268146000743316,0,350,90,27,120
24,"4x",2800,TRUE,"4x",4,0.116217148480809,"EASTERN TEMPERATE FORESTS",-0.0721956166829797,0.213578186641724,1,350,54,27,59
24,"4x",2800,TRUE,"4x",4,0.116217148480809,"GREAT PLAINS",0.00632642367777442,0.210450568909706,1,350,90,27,465
24,"4x",2800,TRUE,"4x",4,0.116217148480809,"MARINE WEST COAST FOREST",-0.026559097041013,0.0959153900981459,1,350,91,27,1929
24,"4x",2800,TRUE,"4x",4,0.116217148480809,"MEDITERRANEAN CALIFORNIA",-0.00655002146197995,0.0342748075844064,1,350,313,27,917
24,"4x",2800,TRUE,"4x",4,0.116217148480809,"NORTH AMERICAN DESERTS",-0.0439359499606621,-0.0847607790070484,1,350,171,27,41
24,"4x",2800,TRUE,"4x",4,0.116217148480809,"NORTHERN FORESTS",0.0526912648614989,-0.06978322227766,1,350,50,27,145
24,"4x",2800,TRUE,"4x",4,0.116217148480809,"NORTHWESTERN FORESTED MOUNTAINS",0.0375261490057909,-0.166597996226141,1,350,59,27,164
24,"4x",2800,TRUE,"4x",4,0.116217148480809,"WATER",0.0397012672727225,-0.246072536051982,1,350,87,27,113
25,"4x",2800,TRUE,"4x",4,0.157355401431165,"EASTERN TEMPERATE FORESTS",-0.0708458437004469,0.214927959624257,1,350,54,27,75
25,"4x",2800,TRUE,"4x",4,0.157355401431165,"GREAT PLAINS",-0.0323391530561369,0.171784992175795,1,350,79,27,277
25,"4x",2800,TRUE,"4x",4,0.157355401431165,"MARINE WEST COAST FOREST",-0.0860302495174255,0.0364442376217334,1,350,86,27,1964
25,"4x",2800,TRUE,"4x",4,0.157355401431165,"MEDITERRANEAN CALIFORNIA",0.0329438166108348,0.0737686456572211,1,350,259,27,1170
25,"4x",2800,TRUE,"4x",4,0.157355401431165,"NORTH AMERICAN DESERTS",-0.0805362214217268,-0.121361050468113,1,350,157,27,43
25,"4x",2800,TRUE,"4x",4,0.157355401431165,"NORTHERN FORESTS",0.00796214872477513,-0.114512338414384,1,350,49,27,156
25,"4x",2800,TRUE,"4x",4,0.157355401431165,"NORTHWESTERN FORESTED MOUNTAINS",0.0624231086819111,-0.14170103655002,1,350,38,27,195
25,"4x",2800,TRUE,"4x",4,0.157355401431165,"WATER",0.174976625967178,-0.110797177357526,1,350,74,27,130
26,"4x",2800,TRUE,"4x",4,0.173528439897986,"EASTERN TEMPERATE FORESTS",-0.0317792864540706,0.253994516870634,1,350,48,27,79
26,"4x",2800,TRUE,"4x",4,0.173528439897986,"GREAT PLAINS",-0.0685032899368685,0.135620855295063,1,350,74,27,320
26,"4x",2800,TRUE,"4x",4,0.173528439897986,"MARINE WEST COAST FOREST",-0.107353110465268,0.0151213766738913,1,350,92,27,1502
26,"4x",2800,TRUE,"4x",4,0.173528439897986,"MEDITERRANEAN CALIFORNIA",-0.0014562303200775,0.0393685987263088,1,350,251,27,829
26,"4x",2800,TRUE,"4x",4,0.173528439897986,"NORTH AMERICAN DESERTS",-0.0765090215855785,-0.117333850631965,1,350,183,27,104
26,"4x",2800,TRUE,"4x",4,0.173528439897986,"NORTHERN FORESTS",0.148239579213583,0.0257650920744244,1,350,45,27,149
26,"4x",2800,TRUE,"4x",4,0.173528439897986,"NORTHWESTERN FORESTED MOUNTAINS",0.0466225082891901,-0.157501636942741,1,350,52,27,186
26,"4x",2800,TRUE,"4x",4,0.173528439897986,"WATER",0.0569074587920557,-0.228866344532648,1,350,108,27,106
27,"4x",2800,TRUE,"4x",4,0.130123135615336,"EASTERN TEMPERATE FORESTS",-0.0314693580316503,0.254304445293054,1,350,43,27,78
27,"4x",2800,TRUE,"4x",4,0.130123135615336,"GREAT PLAINS",-0.0212221145301209,0.182902030701811,1,350,68,27,353
27,"4x",2800,TRUE,"4x",4,0.130123135615336,"MARINE WEST COAST FOREST",-0.0369437883682747,0.0855306987708842,1,350,89,27,1409
27,"4x",2800,TRUE,"4x",4,0.130123135615336,"MEDITERRANEAN CALIFORNIA",-0.00899923387676305,0.0318255951696233,1,350,310,27,961
27,"4x",2800,TRUE,"4x",4,0.130123135615336,"NORTH AMERICAN DESERTS",-0.120958820617498,-0.161783649663884,1,350,144,27,57
27,"4x",2800,TRUE,"4x",4,0.130123135615336,"NORTHERN FORESTS",0.0849153507270357,-0.0375591364121232,1,350,55,27,178
27,"4x",2800,TRUE,"4x",4,0.130123135615336,"NORTHWESTERN FORESTED MOUNTAINS",0.0280576979028888,-0.176066447329043,1,350,68,27,152
27,"4x",2800,TRUE,"4x",4,0.130123135615336,"WATER",-0.0047448124970165,-0.290518615821721,0,350,80,27,79
28,"4x",2800,TRUE,"4x",4,0.0879836913655919,"EASTERN TEMPERATE FORESTS",-0.0312834196605681,0.254490383664136,1,350,49,27,65
28,"4x",2800,TRUE,"4x",4,0.0879836913655919,"GREAT PLAINS",0.0351834407562795,0.239307585988211,0,350,66,27,257
28,"4x",2800,TRUE,"4x",4,0.0879836913655919,"MARINE WEST COAST FOREST",-0.0390850017591745,0.0833894853799844,1,350,106,27,1743
28,"4x",2800,TRUE,"4x",4,0.0879836913655919,"MEDITERRANEAN CALIFORNIA",-0.0207733606785704,0.0200514683678159,1,350,259,27,849
28,"4x",2800,TRUE,"4x",4,0.0879836913655919,"NORTH AMERICAN DESERTS",-0.00287584387881166,-0.043700672925198,1,350,145,27,103
28,"4x",2800,TRUE,"4x",4,0.0879836913655919,"NORTHERN FORESTS",0.000997112205043127,-0.121477374934116,1,350,52,27,161
28,"4x",2800,TRUE,"4x",4,0.0879836913655919,"NORTHWESTERN FORESTED MOUNTAINS",0.0305386234892923,-0.173585521742639,1,350,69,27,155
28,"4x",2800,TRUE,"4x",4,0.0879836913655919,"WATER",0.0385919018458287,-0.247181901478875,1,350,82,27,81
29,"4x",2800,TRUE,"4x",4,0.0967207727312795,"EASTERN TEMPERATE FORESTS",-0.0183296418437297,0.267444161480974,0,350,61,27,79
29,"4x",2800,TRUE,"4x",4,0.0967207727312795,"GREAT PLAINS",-0.00594055521358722,0.198183590018344,1,350,79,27,400
29,"4x",2800,TRUE,"4x",4,0.0967207727312795,"MARINE WEST COAST FOREST",-0.0509162751382668,0.0715582120008921,1,350,75,27,1346
29,"4x",2800,TRUE,"4x",4,0.0967207727312795,"MEDITERRANEAN CALIFORNIA",-0.0305169628655656,0.0103078661808207,1,350,282,27,818
29,"4x",2800,TRUE,"4x",4,0.0967207727312795,"NORTH AMERICAN DESERTS",0.00280099371933411,-0.0380238353270522,1,350,162,27,71
29,"4x",2800,TRUE,"4x",4,0.0967207727312795,"NORTHERN FORESTS",0.0627886215873811,-0.0596858655517778,1,350,54,27,184
29,"4x",2800,TRUE,"4x",4,0.0967207727312795,"NORTHWESTERN FORESTED MOUNTAINS",0.00811436493326604,-0.196009780298665,1,350,63,27,130
29,"4x",2800,TRUE,"4x",4,0.0967207727312795,"WATER",0.00070545224422215,-0.285068351080482,0,350,89,27,134
30,"4x",2800,TRUE,"4x",4,0.131929780086984,"EASTERN TEMPERATE FORESTS",-0.0804691359846825,0.205304667340022,1,350,51,27,78
30,"4x",2800,TRUE,"4x",4,0.131929780086984,"GREAT PLAINS",0.0252653170482105,0.229389462280142,0,350,64,27,327
30,"4x",2800,TRUE,"4x",4,0.131929780086984,"MARINE WEST COAST FOREST",0.0525329085226467,0.175007395661806,1,350,96,27,2156
30,"4x",2800,TRUE,"4x",4,0.131929780086984,"MEDITERRANEAN CALIFORNIA",0.0153034918093643,0.0561283208557506,1,350,265,27,901
30,"4x",2800,TRUE,"4x",4,0.131929780086984,"NORTH AMERICAN DESERTS",-0.038713463702388,-0.0795382927487744,1,350,154,27,75
30,"4x",2800,TRUE,"4x",4,0.131929780086984,"NORTHERN FORESTS",0.0285183489151126,-0.0939561382240463,1,350,52,27,162
30,"4x",2800,TRUE,"4x",4,0.131929780086984,"NORTHWESTERN FORESTED MOUNTAINS",0.00253291845590663,-0.201591226776025,1,350,46,27,129
30,"4x",2800,TRUE,"4x",4,0.131929780086984,"WATER",0.0736008080890992,-0.212172995235605,1,350,99,27,146
