"rep_id","scenario","abundance","estimator","row_id","tvb_true","tvb_mean","tvb_bias","tvb_ci_width","tvb_covered","tvb_detected","year_beta_mean","year_var_mean","tri_mean","tri_fires","disc_spearman","disc_auc","disc_rmse","elapsed_sec","status","n_arrays","mean_prop_detect","frac_saturated"
1,"null","bobcat_like","array_occ",1,-0.179515853428882,0.518401102066034,0.697916955494916,4.44072413668635,1,0,0.708846200689383,-0.190445098623349,0.23375,0,0.274857962412282,0.600419181431815,4.59824436044279,2322.51722669601,"OK",97,0.1454,0
2,"null","bobcat_like","array_occ",2,-0.179515853428882,-0.0123188318504026,0.16719702157848,5.1437562380917,1,0,0.418699191966538,-0.43101802381694,0.206625,0,0.602947225544502,0.771022142871005,16.4549052781522,2340.2158062458,"OK",97,0.1618,0.0206
3,"null","bobcat_like","array_occ",3,-0.179515853428882,-1.13406176274646,-0.954545909317581,4.70685862692748,1,0,-0.550113405823668,-0.583948356922795,0.269625,0,0.711672621443767,0.851253662985891,19.5074059432888,2460.67389845848,"OK",97,0.1217,0
4,"null","bobcat_like","array_occ",4,-0.179515853428882,-1.06563141034668,-0.886115556917793,5.84881834130212,1,0,-0.194782833141319,-0.870848577205357,0.20675,0,0.666946496387469,0.835684760038037,18.5576459337218,2357.89237785339,"OK",97,0.1284,0.0103
5,"null","bobcat_like","array_occ",5,-0.179515853428882,0.420156215407871,0.599672068836754,5.33987744945635,1,0,0.310785064810381,0.109371150597491,0.232,0,0.414184502344955,0.726809175415785,2.66443733928038,2571.55451846123,"OK",97,0.1417,0
6,"null","bobcat_like","array_occ",6,-0.179515853428882,-1.16021831694432,-0.980702463515442,5.41636390015504,1,0,-0.569294211573744,-0.59092410537058,0.268,0,0.504056841676377,0.717508587397388,4.19696567061808,2545.28462028503,"OK",97,0.15,0.0206
7,"null","bobcat_like","array_occ",7,-0.179515853428882,-0.489302446819888,-0.309786593391005,4.31015708049529,1,0,-0.173516073193591,-0.315786373626297,0.20525,0,0.733944210734718,0.87466281123251,12.9777945001846,2236.90084385872,"OK",97,0.1421,0
8,"null","bobcat_like","array_occ",8,-0.179515853428882,-0.684123441670104,-0.504607588241222,4.76072730028825,1,0,-0.707564379717434,0.0234409380473295,0.27875,0,0.15011114883958,0.540084224417318,4.42543102727038,2435.33146691322,"OK",97,0.1504,0.0103
9,"null","bobcat_like","array_occ",9,-0.179515853428882,-0.262135465049247,-0.0826196116203647,4.16098660098861,1,0,0.161137769010441,-0.423273234059688,0.208125,0,-0.318493221226401,0.380974790894448,12.8619834474875,2327.96407365799,"OK",97,0.1463,0
10,"null","bobcat_like","array_occ",10,-0.179515853428882,-0.663998373733563,-0.484482520304681,5.2160963392688,1,0,-0.0765528654528761,-0.587445508280687,0.204625,0,0.16876907639377,0.543892759417027,10.4412219430603,2329.45763516426,"OK",97,0.1756,0.0309
11,"null","bobcat_like","array_occ",11,-0.179515853428882,-0.273717874831842,-0.0942020214029597,5.79863830489287,1,0,0.0986776698292718,-0.372395544661114,0.19825,0,0.728505813002799,0.847585825457509,26.3656157423047,2349.25172185898,"OK",97,0.1529,0
12,"null","bobcat_like","array_occ",12,-0.179515853428882,-1.02328436966264,-0.843768516233755,4.49357188277852,1,0,-0.199820551408107,-0.823463818254531,0.180125,0,0.510576119174216,0.716378155989831,11.431344595044,2412.41332912445,"OK",97,0.1596,0.0103
13,"null","bobcat_like","array_occ",13,-0.179515853428882,-0.225187562476573,-0.0456717090476911,6.69953579350494,1,0,-0.163077421872051,-0.0621101406045222,0.22325,0,0.743602896539769,0.861543984940519,53.5778919670476,2404.82487463951,"OK",97,0.1193,0.0206
14,"null","bobcat_like","array_occ",14,-0.179515853428882,-0.700733938879582,-0.521218085450699,5.40095176806764,1,0,-0.0259233593267091,-0.674810579552872,0.187,0,0.200294474415361,0.553178792524598,7.05361289458981,2397.19494915009,"OK",97,0.1586,0.0103
15,"null","bobcat_like","array_occ",15,-0.179515853428882,-0.225707581120064,-0.0461917276911819,3.08151336744519,1,0,0.204105941324726,-0.42981352244479,0.17575,0,0.425172399360885,0.675619554037532,5.30730540051618,2282.21890044212,"OK",97,0.1535,0.0206
16,"null","bobcat_like","array_occ",16,-0.179515853428882,-1.1488778684633,-0.969362015034421,4.5272548719275,1,0,-0.470737127878474,-0.678140740584829,0.272375,0,0.606714355216588,0.786474606532244,15.6612109101223,2452.28660559654,"OK",97,0.1576,0.0206
17,"null","bobcat_like","array_occ",17,-0.179515853428882,-0.610603865700145,-0.431088012271263,4.44344618609007,1,0,0.15336159121751,-0.763965456917655,0.156375,0,0.594445207723275,0.790326806264434,19.8387952356817,2540.21566510201,"OK",97,0.1399,0.0309
18,"null","bobcat_like","array_occ",18,-0.179515853428882,-2.0296991752909,-1.85018332186201,6.35439410148635,1,0,-0.896323187689064,-1.13337598760183,0.2975,0,0.732813286379904,0.86771526713113,17.9617000676954,2536.01629161835,"OK",97,0.1381,0.0206
19,"null","bobcat_like","array_occ",19,-0.179515853428882,2.07702307351148,2.25653892694036,4.89253281056422,0,0,1.18159574585999,0.895427327651487,0.37825,0,-0.355049318685882,0.357832482679656,5.31330803845248,2544.1391620636,"OK",97,0.1544,0
20,"null","bobcat_like","array_occ",20,-0.179515853428882,-0.173559148006878,0.00595670542200383,5.12081875670674,1,0,0.0616751358862786,-0.235234283893157,0.227375,0,0.68766987729474,0.847401463253702,42.0414536675781,2022.51869320869,"OK",97,0.1767,0.0309
21,"null","bobcat_like","array_occ",21,-0.179515853428882,0.957898052584236,1.13741390601312,4.74754704149128,1,0,0.884427240247542,0.0734708123366941,0.257125,0,-0.1998200767189,0.443274660870578,8.18677771218846,2576.95431900024,"OK",97,0.1498,0.0103
22,"null","bobcat_like","array_occ",22,-0.179515853428882,-0.48422010707248,-0.304704253643598,5.46924365668019,1,0,0.327947394176129,-0.812167501248609,0.18675,0,0.649155821361464,0.809946826059112,20.858192392117,2528.87300920486,"OK",97,0.1581,0.0309
23,"null","bobcat_like","array_occ",23,-0.179515853428882,1.09431830361832,1.2738341570472,4.76233407193828,1,0,0.370047405737119,0.724270897881199,0.248375,0,0.714980004525813,0.848944283801355,10.9785051475055,2451.0635445118,"OK",97,0.1233,0
24,"null","bobcat_like","array_occ",24,-0.179515853428882,-0.455193067668992,-0.27567721424011,5.2878057026352,1,0,-0.0771622902303034,-0.378030777438689,0.21525,0,0.157936089982287,0.546958993964564,1.57322517823577,2597.36890292168,"OK",97,0.1476,0.0103
25,"null","bobcat_like","array_occ",25,-0.179515853428882,-0.0232619488979518,0.15625390453093,5.16894354958794,1,0,0.253918407821243,-0.277180356719194,0.209875,0,0.109512692498747,0.535955481379417,3.20262222062741,2597.06641507149,"OK",97,0.1495,0.0412
26,"null","bobcat_like","array_occ",26,-0.179515853428882,2.49944693750062,2.6789627909295,5.1194213154061,0,1,2.27754544215585,0.221901495344774,0.453,0,-0.0385028191437768,0.524039861049118,5.73092912057413,2430.65231466293,"OK",97,0.1494,0
27,"null","bobcat_like","array_occ",27,-0.179515853428882,-0.419324549681094,-0.239808696252212,5.71947624705712,1,0,-0.182089817708862,-0.237234731972232,0.2435,0,0.677658122266433,0.840429660967611,29.3807813919477,2641.38697457314,"OK",97,0.1505,0.0103
28,"null","bobcat_like","array_occ",28,-0.179515853428882,0.0942179872617351,0.273733840690617,5.11707306770068,1,0,0.0178015835867332,0.0764164036750019,0.21375,0,-0.159646278049114,0.441697878864329,3.00345927723277,2593.88120388985,"OK",97,0.1433,0.0103
29,"null","bobcat_like","array_occ",29,-0.179515853428882,-0.149110999258296,0.0304048541705858,6.06444283802768,1,0,-0.0264668832876684,-0.122644115970628,0.21725,0,0.550386092720954,0.729953036154399,34.3060278574732,2471.03244948387,"OK",97,0.1358,0.0103
30,"null","bobcat_like","array_occ",30,-0.179515853428882,0.00834651401997651,0.187862367448859,5.87237446634439,1,0,0.0962053191418869,-0.0878588051219103,0.240125,0,0.728241788523718,0.848798734693085,52.4300109849233,2605.25168991089,"OK",97,0.1631,0.0103
1,"varying","bobcat_like","array_occ",31,-0.179515853428882,-2.40254961881562,-2.22303376538674,5.88752833745238,1,0,-0.595762843796885,-1.80678677501874,0.2005,0,0.478238081665556,0.707688874226164,14.0172694710673,2603.41700291634,"OK",97,0.1277,0
2,"varying","bobcat_like","array_occ",32,-0.179515853428882,-1.13380968366276,-0.954293830233879,5.40133558546963,1,0,-0.489664894315714,-0.644144789347047,0.245625,0,0.641419492162195,0.811989365211823,22.2875947556033,2403.08999204636,"OK",97,0.1831,0.0206
3,"varying","bobcat_like","array_occ",33,-0.179515853428882,1.00274526677219,1.18226112020107,5.35669529616663,1,0,0.624874334552342,0.377870932219848,0.291,0,-0.119061655302201,0.45709212288226,2.74842673115983,2513.35898017883,"OK",97,0.1231,0
4,"varying","bobcat_like","array_occ",34,-0.179515853428882,0.415306906948198,0.594822760377081,5.69947141211243,1,0,0.26026941352872,0.155037493419478,0.25825,0,0.608832385844358,0.767902540317103,38.630200717917,2469.2183110714,"OK",97,0.1315,0
5,"varying","bobcat_like","array_occ",35,-0.179515853428882,-0.42632475823891,-0.246808904810028,5.28307928460188,1,0,0.0161653938533397,-0.44249015209225,0.189875,0,0.5051364550994,0.709770226474412,22.0977249672176,2506.50748133659,"OK",97,0.1389,0.0103
6,"varying","bobcat_like","array_occ",36,-0.179515853428882,-1.18182097390959,-1.00230512048071,3.3660041581496,1,0,-0.735268500567864,-0.446552473341728,0.297625,0,0.103737207111519,0.554886568728289,9.20595694015824,2297.41871547699,"OK",97,0.1549,0.0103
7,"varying","bobcat_like","array_occ",37,-0.179515853428882,-1.48930442740276,-1.30978857397388,5.23207954634788,1,0,-1.13730478101611,-0.351999646386657,0.33475,0,0.0992367687244466,0.506923285916668,5.44178355396753,2484.86934089661,"OK",97,0.1313,0.0103
8,"varying","bobcat_like","array_occ",38,-0.179515853428882,-0.365714329376538,-0.186198475947656,5.42849647247435,1,0,-0.0675807149140842,-0.298133614462454,0.22625,0,0.393396361623738,0.661860311669157,15.4479965215439,2456.68914723396,"OK",97,0.1209,0
9,"varying","bobcat_like","array_occ",39,-0.179515853428882,0.0187619176561141,0.198277771084996,5.82784243724996,1,0,0.0453511497040283,-0.0265892320479142,0.233625,0,0.694237067437103,0.831997515961886,35.6230997636208,2458.76329517365,"OK",97,0.1325,0
10,"varying","bobcat_like","array_occ",40,-0.179515853428882,-1.31294189526743,-1.13342604183855,4.61762220063021,1,0,-0.495594793255815,-0.817347102011613,0.25225,0,0.779748426396633,0.892497428632421,15.9631026701748,2516.71076369286,"OK",97,0.1671,0.0103
11,"varying","bobcat_like","array_occ",41,-0.179515853428882,0.161074764487904,0.340590617916786,5.71617587482513,1,0,0.136342904450128,0.0247318600377758,0.231,0,0.614947732017542,0.788153272914281,35.3951005958405,2495.69110035896,"OK",97,0.154,0.0103
12,"varying","bobcat_like","array_occ",42,-0.179515853428882,0.287768608000804,0.467284461429686,5.9221871609451,1,0,0.542445615341704,-0.2546770073409,0.225,0,0.130802769867009,0.527397193813193,4.39090396495278,2507.81306123734,"OK",97,0.1192,0.0103
13,"varying","bobcat_like","array_occ",43,-0.179515853428882,-1.76894736780248,-1.5894315143736,5.75140048842669,1,0,-0.818306720891209,-0.950640646911271,0.296625,0,0.70235729088988,0.846377767858876,28.3446842246859,2439.53683948517,"OK",97,0.1518,0.0103
14,"varying","bobcat_like","array_occ",44,-0.179515853428882,-0.71434407723972,-0.534828223810838,5.14872924918022,1,0,-0.500874060613493,-0.213470016626227,0.25775,0,0.651938457594673,0.832371092006443,12.898095945846,2462.14770078659,"OK",97,0.1279,0
15,"varying","bobcat_like","array_occ",45,-0.179515853428882,0.278472984449419,0.457988837878301,3.06477576762554,1,0,0.206298126196261,0.0721748582531582,0.180375,0,-0.234621776317775,0.427632983368589,9.7678830555449,2399.13720059395,"OK",97,0.1381,0.0103
16,"varying","bobcat_like","array_occ",46,-0.179515853428882,-0.214773096116112,-0.03525724268723,5.15611134009185,1,0,-0.069977341820805,-0.144795754295307,0.195125,0,0.531345617404437,0.711604145238603,35.0535622613403,1680.88589835167,"OK",97,0.1325,0.0206
17,"varying","bobcat_like","array_occ",47,-0.179515853428882,-0.109096320018973,0.0704195334099097,4.96220068333241,1,0,-0.153032663558677,0.0439363435397048,0.2155,0,0.724379282392975,0.868510935589668,26.3608539935027,2639.51902914047,"OK",97,0.1571,0.0103
18,"varying","bobcat_like","array_occ",48,-0.179515853428882,-0.198515359377124,-0.0189995059482418,5.00804129010543,1,0,-0.123446703629329,-0.0750686557477954,0.221625,0,0.628655477100537,0.785004560538726,18.4048532861347,2633.20116305351,"OK",97,0.151,0.0103
19,"varying","bobcat_like","array_occ",49,-0.179515853428882,-0.496903000943991,-0.317387147515108,6.27717576480703,1,0,0.0343753655635827,-0.531278366507573,0.223,0,0.178803337060389,0.553882279881232,2.31773466222661,2359.69163227081,"OK",97,0.1455,0.0103
20,"varying","bobcat_like","array_occ",50,-0.179515853428882,-1.05702786021704,-0.877512006788157,7.02920966371777,1,0,1.44492043490186,-2.5019482951189,0.07775,0,-0.000321234324618538,0.551024665722215,3.29552251868271,2542.5335817337,"OK",97,0.1425,0.0103
21,"varying","bobcat_like","array_occ",51,-0.179515853428882,0.218082363065554,0.397598216494436,5.26275684840354,1,0,0.0567794295488393,0.161302933516714,0.238875,0,0.612040785794941,0.80838459896369,20.4491782784548,2420.0661406517,"OK",97,0.1664,0.0309
22,"varying","bobcat_like","array_occ",52,-0.179515853428882,-1.39397866180904,-1.21446280838015,6.04312245901439,1,0,-0.230279063152419,-1.16369959865662,0.202625,0,0.368222025880298,0.656208154631373,3.6669042164012,2532.98785877228,"OK",97,0.138,0
23,"varying","bobcat_like","array_occ",53,-0.179515853428882,-0.809327772513868,-0.629811919084985,6.36776577576401,1,0,-0.38092259821883,-0.428405174295038,0.243125,0,0.605449791612056,0.815555318364416,44.9245623419532,2337.91224098206,"OK",97,0.1588,0.0103
24,"varying","bobcat_like","array_occ",54,-0.179515853428882,-1.39518603520264,-1.21567018177375,5.24295260242796,1,0,-0.582235048655835,-0.812950986546801,0.25825,0,0.672635405597688,0.829605658949329,16.6067209327438,2527.66149330139,"OK",97,0.1473,0.0103
25,"varying","bobcat_like","array_occ",55,-0.179515853428882,-1.36967204743111,-1.19015619400223,5.8730301493663,1,0,-0.859703385556494,-0.509968661874618,0.304,0,0.309784901720651,0.617783190048322,11.9132291887481,2506.36842989922,"OK",97,0.1833,0.0206
26,"varying","bobcat_like","array_occ",56,-0.179515853428882,-1.1609797671116,-0.981463913682717,4.69369986275692,1,0,-0.635474769670397,-0.525504997441203,0.26725,0,0.627255206420545,0.807040695530672,19.8166472004109,2520.56764101982,"OK",97,0.1605,0
27,"varying","bobcat_like","array_occ",57,-0.179515853428882,0.8225011335417,1.00201698697058,6.61835080127133,1,0,1.05378987152365,-0.231288737981952,0.26025,0,-0.0263400925427359,0.458727124531817,6.78747257094438,2475.63822865486,"OK",97,0.1288,0.0103
28,"varying","bobcat_like","array_occ",58,-0.179515853428882,-0.36339386101741,-0.183878007588528,6.25559591582923,1,0,-0.161996310823722,-0.201397550193688,0.244875,0,0.312527832493676,0.624575481767548,3.35056201330677,2486.3638420105,"OK",97,0.1544,0.0103
29,"varying","bobcat_like","array_occ",59,-0.179515853428882,-1.53053604198328,-1.35102018855439,5.37879796893273,1,0,-0.449827347602662,-1.08070869438061,0.226,0,0.208179799275674,0.627889149799142,5.93098929183696,2472.53852105141,"OK",97,0.1308,0
30,"varying","bobcat_like","array_occ",60,-0.179515853428882,0.00818407479158759,0.18769992822047,4.67632174302988,1,0,0.0446983892480364,-0.0365143144564488,0.233375,0,0.768099754863266,0.879223349958276,20.8517922007478,2498.55620312691,"OK",97,0.1205,0
1,"null","deer_like","array_occ",61,-0.179515853428882,0.375866531473134,0.555382384902016,2.49391408023703,1,0,0.0992217032438195,0.276644828229314,0.168,0,0.712427009157599,0.850283335597431,16.1693661482587,2462.09990978241,"OK",97,0.3378,0.0619
2,"null","deer_like","array_occ",62,-0.179515853428882,-1.70781873985066,-1.52830288642177,4.03888120199342,0,1,-0.461935262475204,-1.24588347737545,0.2135,0,0.770880547685929,0.870859127869743,16.979845456532,2468.92791867256,"OK",97,0.3424,0.0619
3,"null","deer_like","array_occ",63,-0.179515853428882,-0.406119800638838,-0.226603947209956,3.13860302436792,1,0,-0.193829856260738,-0.2122899443781,0.182375,0,0.735122807289205,0.858351607832483,17.7937286588607,2476.89901089668,"OK",97,0.3444,0.0619
4,"null","deer_like","array_occ",64,-0.179515853428882,-1.62710833301818,-1.44759247958929,3.82308808665648,0,1,-0.140726344155932,-1.48638198886224,0.141375,0,0.754813108867483,0.861815676609288,19.049069526455,2406.22063612938,"OK",97,0.3835,0.0722
5,"null","deer_like","array_occ",65,-0.179515853428882,-0.409063275997687,-0.229547422568805,1.98180509447718,1,0,-0.0537528773302048,-0.355310398667482,0.141875,0,0.786077431866865,0.884400046575715,10.3060096198964,2460.38528990746,"OK",97,0.323,0.0515
6,"null","deer_like","array_occ",66,-0.179515853428882,-0.47730293149707,-0.297787078068188,1.90967451763701,1,0,0.516060839282913,-0.993363770779983,0.111125,0,0.793883441984753,0.880261600263929,18.4140056513351,2189.74194741249,"OK",97,0.3565,0.0206
7,"null","deer_like","array_occ",67,-0.179515853428882,-2.51187730154649,-2.33236144811761,4.01880184350125,0,1,-0.504864718660176,-2.00701258288632,0.16,0,0.705642152303958,0.820892119000951,18.9312352786459,2678.89385604858,"OK",97,0.3334,0.0309
8,"null","deer_like","array_occ",68,-0.179515853428882,-1.42389413443649,-1.24437828100761,3.69768310850267,1,1,-0.661333322240789,-0.762560812195704,0.276,0,0.749890032546135,0.861990335539211,26.8582020181185,2665.20230126381,"OK",97,0.3406,0.0515
9,"null","deer_like","array_occ",69,-0.179515853428882,-1.62764933153793,-1.44813347810904,3.7600181726913,0,1,-0.26217926114961,-1.36547007038832,0.167,0,0.752895464980834,0.8672301034369,13.1884412853734,2689.35648036003,"OK",97,0.3667,0.0825
10,"null","deer_like","array_occ",70,-0.179515853428882,-2.35722303469137,-2.17770718126249,5.15336083077564,0,1,-0.653418515461475,-1.70380451922989,0.2205,0,0.769748581403415,0.868632226513226,35.2614410969671,2671.86045503616,"OK",97,0.3492,0.0412
11,"null","deer_like","array_occ",71,-0.179515853428882,-0.958236599550333,-0.778720746121451,2.26389970987702,0,1,0.011368213775204,-0.969604813325537,0.1675,0,0.741974026922482,0.864760620233267,7.48707058381905,2648.84968733788,"OK",97,0.3578,0.0412
12,"null","deer_like","array_occ",72,-0.179515853428882,-1.05861044461462,-0.879094591185737,2.87590205234875,1,0,-0.484206372250321,-0.574404072364298,0.257625,0,0.726163816008584,0.84973510062295,20.2708639971568,2662.30515241623,"OK",97,0.3277,0.0412
13,"null","deer_like","array_occ",73,-0.179515853428882,-1.65135438748372,-1.47183853405483,2.03158269598402,0,1,0.109990473533577,-1.76134486101729,0.092875,0,0.756315664788264,0.877408837741854,10.0117754325669,2388.8913974762,"OK",97,0.3166,0.0412
14,"null","deer_like","array_occ",74,-0.179515853428882,-1.35734739495914,-1.17783154153026,3.31677697616024,1,1,0.0393684102190764,-1.39671580517821,0.152375,0,0.74098748168752,0.852888664635448,19.0761915690111,2550.21865844727,"OK",97,0.3545,0.0515
15,"null","deer_like","array_occ",75,-0.179515853428882,-1.65383982558108,-1.4743239721522,4.46699346084247,1,1,-0.788989409379248,-0.864850416201833,0.311375,0,0.796312175452546,0.890197752721768,13.752620325503,2648.97591876984,"OK",97,0.3286,0.0619
16,"null","deer_like","array_occ",76,-0.179515853428882,-1.19795436614878,-1.0184385127199,2.42386518053003,0,1,-0.314419110089817,-0.883535256058967,0.21375,0,0.787896621600729,0.891415513594287,15.5382827090829,2672.04953193665,"OK",97,0.3493,0.0309
17,"null","deer_like","array_occ",77,-0.179515853428882,-1.3268264359324,-1.14731058250352,2.82965548135634,1,1,-0.366018408136473,-0.960808027795929,0.230375,0,0.691683895742663,0.82543810281589,20.0599369001717,2661.45780110359,"OK",97,0.3506,0.0619
18,"null","deer_like","array_occ",78,-0.179515853428882,-0.80424310033931,-0.624727246910427,3.38369666612259,1,0,0.228716553251876,-1.03295965359119,0.122875,0,0.794264194425504,0.890081313435153,14.5259190950918,2350.49857497215,"OK",97,0.3345,0.0515
19,"null","deer_like","array_occ",79,-0.179515853428882,-1.87800252187566,-1.69848666844678,5.32617825629771,1,1,-0.813530068479763,-1.0644724533959,0.294125,0,0.764544008276946,0.869427894971763,40.0181875202921,2301.03881192207,"OK",97,0.3187,0.0515
20,"null","deer_like","array_occ",80,-0.179515853428882,0.0701716602689842,0.249687513697867,3.6121620631816,1,0,0.0785026900796632,-0.00833102981067894,0.180875,0,0.766291593533361,0.868185875914534,28.9844900094288,2349.76241850853,"OK",97,0.3375,0.0515
21,"null","deer_like","array_occ",81,-0.179515853428882,-0.197883193027396,-0.0183673395985133,2.848016302163,1,0,0.152171567332522,-0.350054760359918,0.149125,0,0.733215310175384,0.855581323138427,19.8157100440007,2356.09453105927,"OK",97,0.316,0.0206
22,"null","deer_like","array_occ",82,-0.179515853428882,-1.61515349807916,-1.43563764465028,2.60247698007975,0,1,-0.411469540613565,-1.2036839574656,0.21725,0,0.744120510191279,0.851277921170603,9.98824465509429,1814.42105507851,"OK",97,0.354,0.0309
23,"null","deer_like","array_occ",83,-0.179515853428882,-3.05345515503475,-2.87393930160586,3.99586983800874,0,1,-0.872815297603973,-2.18063985743077,0.22525,0,0.77122007184909,0.881445399677851,21.1174763969257,1788.52661299706,"OK",97,0.3633,0.0722
24,"null","deer_like","array_occ",84,-0.179515853428882,-0.592629921144877,-0.413114067715995,1.42841004664212,1,1,0.054433078233622,-0.647062999378499,0.1585,0,0.734388216201665,0.852971142463467,8.12937267922933,2337.61868572235,"OK",97,0.3585,0.0309
25,"null","deer_like","array_occ",85,-0.179515853428882,-1.31894367770936,-1.13942782428048,3.38026163570949,1,1,-0.678436636421966,-0.640507041287397,0.27675,0,0.693358369733879,0.825700091210774,15.6281943953629,2553.84933781624,"OK",97,0.3522,0.0412
26,"null","deer_like","array_occ",86,-0.179515853428882,-2.13244182694398,-1.9529259735151,3.96334432413246,0,1,-0.254496576065414,-1.87794525087857,0.13275,0,0.712522032963803,0.851132372062334,7.97494454941319,2543.21574878693,"OK",97,0.356,0.0515
27,"null","deer_like","array_occ",87,-0.179515853428882,-1.22355286363176,-1.04403701020288,3.50279197897349,1,0,0.0560625132466183,-1.27961537687838,0.1955,0,0.757294195194767,0.874779250519125,22.3577390106852,2413.92500782013,"OK",97,0.314,0.0515
28,"null","deer_like","array_occ",88,-0.179515853428882,-0.703108261649228,-0.523592408220346,1.71536142121733,1,1,0.170948453293735,-0.874056714942963,0.13225,0,0.781923730988567,0.870534068194609,10.5141616214293,2570.37328481674,"OK",97,0.3478,0.0722
29,"null","deer_like","array_occ",89,-0.179515853428882,-0.1056424355822,0.0738734178466821,0.750238800124212,1,0,0.0145629707846386,-0.120205406366839,0.097875,0,0.793104593014465,0.887180034543655,8.48904974405352,2537.40965485573,"OK",97,0.334,0.0309
30,"null","deer_like","array_occ",90,-0.179515853428882,-1.39167554237885,-1.21215968894996,3.76929668411753,0,1,-0.333113198891259,-1.05856234348759,0.226875,0,0.675615318818575,0.805182518581769,18.1153544135348,2177.76679062843,"OK",97,0.346,0.0619
1,"varying","deer_like","array_occ",91,-0.179515853428882,-2.02828580840984,-1.84876995498096,4.72805076378337,1,1,-0.379644646091489,-1.64864116231835,0.18775,0,0.772668271203265,0.882570979448466,27.5926036388169,2529.83090567589,"OK",97,0.3253,0.0825
2,"varying","deer_like","array_occ",92,-0.179515853428882,-1.69240524487448,-1.51288939144559,4.41961593916884,1,1,-0.646361903079889,-1.04604334179459,0.264,0,0.769311773252424,0.8780104407227,16.5076082993579,2646.39128136635,"OK",97,0.322,0.0515
3,"varying","deer_like","array_occ",93,-0.179515853428882,-1.35100115010243,-1.17148529667355,3.78513914619505,1,1,-0.655107402902341,-0.695893747200088,0.26925,0,0.781512730585212,0.875409963321625,21.8837138689488,2369.70383095741,"OK",97,0.3036,0.0722
4,"varying","deer_like","array_occ",94,-0.179515853428882,-0.672521614879478,-0.493005761450595,4.20217409592481,1,0,0.511882394976471,-1.18440400985595,0.134125,0,0.758713989996885,0.864217236895729,26.0456074634947,2702.57191419601,"OK",97,0.3303,0.0515
5,"varying","deer_like","array_occ",95,-0.179515853428882,-1.83847406242404,-1.65895820899516,3.71382883156225,0,1,-0.644238169216381,-1.19423589320766,0.25,0,0.690865373371505,0.828329678433503,22.4650895553552,2368.76523661613,"OK",97,0.3712,0.1031
6,"varying","deer_like","array_occ",96,-0.179515853428882,-0.263501052934267,-0.0839851995053849,1.72204539611472,1,0,0.0444794141167996,-0.307980467051067,0.13175,0,0.807341509131607,0.893686079683285,13.1659538415729,2380.30356550217,"OK",97,0.3621,0.0619
7,"varying","deer_like","array_occ",97,-0.179515853428882,-1.32673971792145,-1.14722386449256,3.23823161937305,0,1,-0.515784451904303,-0.810955266017143,0.255125,0,0.775758773027223,0.869418191697879,15.3846911553497,2343.96807122231,"OK",97,0.3323,0.0722
8,"varying","deer_like","array_occ",98,-0.179515853428882,-0.974230607253463,-0.79471475382458,2.24607712698305,0,1,-0.372447401708517,-0.601783205544945,0.224625,0,0.833483250699651,0.913606900968387,11.3515855403814,2363.34521460533,"OK",97,0.3135,0.0515
9,"varying","deer_like","array_occ",99,-0.179515853428882,-0.533823194485725,-0.354307341056843,1.97083139481522,1,0,-0.054554879040296,-0.479268315445429,0.1605,0,0.780676832065957,0.880591511576006,11.9543441275815,2361.91437554359,"OK",97,0.3601,0.0722
10,"varying","deer_like","array_occ",100,-0.179515853428882,-0.352217544078892,-0.17270169065001,1.90179177681237,1,0,0.0373322832105545,-0.389549827289446,0.153,0,0.736008317596619,0.859079353373828,11.4758377570612,2369.72665500641,"OK",97,0.3413,0.0309
11,"varying","deer_like","array_occ",101,-0.179515853428882,-0.88019954040091,-0.700683686972028,2.73039888259459,1,1,-0.336521343390933,-0.543678197009977,0.186625,0,0.768562450910178,0.867637640940053,10.9421901240485,2345.82873558998,"OK",97,0.3553,0.0206
12,"varying","deer_like","array_occ",102,-0.179515853428882,-0.696610989265187,-0.517095135836305,2.70746794487309,1,0,-0.155410253778181,-0.541200735487006,0.168375,0,0.750004564444807,0.868588561780745,16.5112762879969,2355.98794937134,"OK",97,0.332,0.0309
13,"varying","deer_like","array_occ",103,-0.179515853428882,-0.286139990761416,-0.106624137332534,2.5308633260145,1,0,-0.110491904537859,-0.175648086223557,0.1485,0,0.79255211485916,0.884613518601176,9.58603023952239,2366.71407961845,"OK",97,0.3656,0.0722
14,"varying","deer_like","array_occ",104,-0.179515853428882,-1.80560615326255,-1.62609029983367,5.09041509486868,1,0,-0.818462496977008,-0.987143656285543,0.28125,0,0.736014857696641,0.874439635933164,37.3863550627797,2379.1326546669,"OK",97,0.3425,0.0619
15,"varying","deer_like","array_occ",105,-0.179515853428882,-0.573197826631504,-0.393681973202622,4.86161016183775,1,0,-0.170264918262816,-0.402932908368689,0.20475,0,0.777720049640001,0.879136020493314,39.4503131304463,2350.43947958946,"OK",97,0.3377,0.0619
16,"varying","deer_like","array_occ",106,-0.179515853428882,-1.10582359434531,-0.926307740916429,4.36362432262379,1,0,-0.519749095905223,-0.586074498440088,0.27,0,0.789522333375604,0.882192551766966,26.0011567775829,2377.16474342346,"OK",97,0.3402,0.0412
17,"varying","deer_like","array_occ",107,-0.179515853428882,-0.855225475103002,-0.67570962167412,2.72472995776176,1,0,-0.0226949389731972,-0.832530536129805,0.169625,0,0.767039377028543,0.870660210755109,13.7506265504597,2279.10167527199,"OK",97,0.3501,0.0412
18,"varying","deer_like","array_occ",108,-0.179515853428882,-1.72478375658549,-1.54526790315661,3.43904280893561,0,1,-0.22575904522063,-1.49902471136486,0.150875,0,0.753862309767446,0.868375089755283,19.9455163116305,2352.93801927567,"OK",97,0.3819,0.1031
19,"varying","deer_like","array_occ",109,-0.179515853428882,-1.56005476931321,-1.38053891588433,3.4032568425475,0,1,0.122610597731161,-1.68266536704437,0.093625,0,0.752971718058789,0.866250072774554,11.5325642712756,2352.41177344322,"OK",97,0.3522,0.0928
20,"varying","deer_like","array_occ",110,-0.179515853428882,-0.901812627868866,-0.722296774439983,2.78738717986359,1,0,-0.12751304060429,-0.774299587264576,0.202375,0,0.789442137002048,0.894462341594054,24.5312523673672,2564.35266113281,"OK",97,0.3772,0.0722
21,"varying","deer_like","array_occ",111,-0.179515853428882,-0.210113306939106,-0.0305974535102236,2.99686105511328,1,0,-0.00273385758407153,-0.207379449355034,0.145875,0,0.728805263023668,0.8441557181393,17.9996782712438,2565.53820753098,"OK",97,0.334,0.0412
22,"varying","deer_like","array_occ",112,-0.179515853428882,-1.74362711677118,-1.56411126334229,3.56874047097045,0,1,-0.775330609279251,-0.968296507491925,0.30575,0,0.689357126922519,0.827388460866696,20.886990393364,2579.70308160782,"OK",97,0.344,0.0515
23,"varying","deer_like","array_occ",113,-0.179515853428882,-0.737072174754121,-0.557556321325238,2.33548797103589,1,0,0.455594764228162,-1.19266693898228,0.12625,0,0.657986431119835,0.808379747326748,11.4905119079701,2450.48203754425,"OK",97,0.2955,0.0619
24,"varying","deer_like","array_occ",114,-0.179515853428882,-1.21323796721388,-1.033722113785,4.93966472541265,1,0,-0.529896833396249,-0.683341133817635,0.24375,0,0.785790244533539,0.885423741970541,37.386903664862,2552.18234872818,"OK",97,0.348,0.0619
25,"varying","deer_like","array_occ",115,-0.179515853428882,-1.23238166060603,-1.05286580717715,3.69347638402202,1,1,-0.411352049577404,-0.821029611028628,0.224125,0,0.790218341078944,0.885457703429137,20.0296762669121,2558.68991494179,"OK",97,0.3566,0.0515
26,"varying","deer_like","array_occ",116,-0.179515853428882,-0.904416459066913,-0.72490060563803,2.0192312455803,1,1,-0.0560489834202363,-0.848367475646676,0.17775,0,0.755645625129129,0.861602204583827,11.2760554385404,2541.234333992,"OK",97,0.3424,0.0412
27,"varying","deer_like","array_occ",117,-0.179515853428882,-0.712855200260103,-0.533339346831221,1.53741519465619,1,1,-0.113185176011327,-0.599670024248776,0.188,0,0.795564391957363,0.889819325040269,10.4333783000027,2529.39114761353,"OK",97,0.3269,0.0412
28,"varying","deer_like","array_occ",118,-0.179515853428882,-0.848394411109311,-0.668878557680429,2.33346052257288,1,1,-0.282517643256838,-0.565876767852473,0.206,0,0.714130240353325,0.832744668051,12.765286469161,2479.23354506493,"OK",97,0.3224,0.0722
29,"varying","deer_like","array_occ",119,-0.179515853428882,-0.657061142379181,-0.477545288950298,2.73865720537839,1,0,0.132460089252496,-0.789521231631677,0.13625,0,0.783878547649606,0.886665761027771,13.3038573127066,2393.36104917526,"OK",97,0.3534,0.0722
30,"varying","deer_like","array_occ",120,-0.179515853428882,-0.672458955130608,-0.492943101701726,3.01758021054051,1,0,0.0433901445085147,-0.715849099639123,0.151,0,0.743559728673692,0.862994624386268,20.8566519287765,2495.67427945137,"OK",97,0.3327,0.0825
1,"null","intermediate","array_occ",121,-0.179515853428882,-0.783167929570409,-0.603652076141527,3.65715772230651,1,0,-0.393737144525428,-0.389430785044982,0.222875,0,0.695791783861492,0.823148130179122,16.3541313196728,2514.72701072693,"OK",97,0.2407,0.0309
2,"null","intermediate","array_occ",122,-0.179515853428882,-1.97452268588708,-1.79500683245819,5.15848410156602,1,0,-0.935157978422996,-1.03936470746408,0.2835,0,0.508601105145461,0.702211376118302,16.3666049414242,2480.81095576286,"OK",97,0.238,0.0515
3,"null","intermediate","array_occ",123,-0.179515853428882,-2.0265779674171,-1.84706211398822,5.78314800288893,1,0,-0.637461853330165,-1.38911611408694,0.246625,0,0.679682876320601,0.817864697548953,34.0646609164978,2314.42677116394,"OK",97,0.2183,0.0309
4,"null","intermediate","array_occ",124,-0.179515853428882,-1.43176365064336,-1.25224779721447,2.59405697617654,0,1,-0.817847464556726,-0.61391618608663,0.294875,0,0.720794794631803,0.856090745017369,7.76920788300471,2345.52276992798,"OK",97,0.2493,0.0412
5,"null","intermediate","array_occ",125,-0.179515853428882,-1.46544403275694,-1.28592817932806,3.871557856754,1,0,-0.833200681819381,-0.63224335093756,0.325,0,0.722652503631238,0.856022822100177,12.533900116236,2462.1080532074,"OK",97,0.2286,0.0206
6,"null","intermediate","array_occ",126,-0.179515853428882,-2.11744829406387,-1.93793244063499,6.0205074359905,1,0,-0.723951947215593,-1.39349634684828,0.256625,0,0.683114970133463,0.835107415241903,32.3607202292706,2464.58706831932,"OK",97,0.2217,0.0103
7,"null","intermediate","array_occ",127,-0.179515853428882,-1.48149672091875,-1.30198086748987,4.32664969011481,1,0,-0.449294151877612,-1.03220256904114,0.235375,0,0.749034209163331,0.872969589939646,28.6702250062264,2577.82758283615,"OK",97,0.2496,0.0619
8,"null","intermediate","array_occ",128,-0.179515853428882,-0.602829714207066,-0.423313860778184,3.43498308856305,1,0,-0.238016939290052,-0.364812774917015,0.22,0,0.755276430071015,0.863877622309767,29.8033711799246,2458.47571110725,"OK",97,0.2382,0.0412
9,"null","intermediate","array_occ",129,-0.179515853428882,-0.483441269029906,-0.303925415601024,4.45247170557482,1,0,-0.0634293953795527,-0.420011873650353,0.18625,0,0.7600102602628,0.86796755225213,23.0750386522583,2458.29674434662,"OK",97,0.246,0.0412
10,"null","intermediate","array_occ",130,-0.179515853428882,-1.50434577647048,-1.3248299230416,3.06900116071124,1,1,-0.702661718041335,-0.801684058429146,0.28275,0,0.368750956469591,0.645427817345572,13.8270303119427,2032.8183567524,"OK",97,0.2228,0
11,"null","intermediate","array_occ",131,-0.179515853428882,-2.50796049057358,-2.3284446371447,4.65835518250277,0,1,-1.54825833911979,-0.95970215145379,0.441,0,0.700607862222919,0.833079431000019,14.8549576457641,2413.20373344421,"OK",97,0.2419,0.0206
12,"null","intermediate","array_occ",132,-0.179515853428882,0.0213652089616571,0.200881062390539,3.7773526954303,1,0,-0.0514623287383476,0.0728275377000047,0.169125,0,0.628846967382069,0.770580643909255,15.9384454436291,2436.2429420948,"OK",97,0.2364,0.0619
13,"null","intermediate","array_occ",133,-0.179515853428882,-0.620856539799156,-0.441340686370274,4.18208525333645,1,0,-0.0689725308594699,-0.551884008939686,0.18075,0,0.712073923904686,0.842685672145782,28.2455012164355,2428.24678564072,"OK",97,0.2425,0.0103
14,"null","intermediate","array_occ",134,-0.179515853428882,-1.58966426510316,-1.41014841167428,4.48365929160392,1,0,-0.495233173601899,-1.09443109150127,0.246375,0,0.680915508848555,0.822061363504046,23.9393449823241,2383.79847741127,"OK",97,0.2445,0.0412
15,"null","intermediate","array_occ",135,-0.179515853428882,-0.419655356485065,-0.240139503056183,2.91024718213872,1,0,-0.15929938373932,-0.260355972745745,0.1765,0,0.667200438212349,0.799918492499369,9.92130648420604,1965.48757982254,"OK",97,0.1992,0.0309
16,"null","intermediate","array_occ",136,-0.179515853428882,-0.892478650444756,-0.712962797015874,4.82515874361584,1,0,-0.252473344152489,-0.640005306292268,0.215,0,0.697292816964866,0.845781016514972,25.8325587695424,2499.81359171867,"OK",97,0.2439,0.0206
17,"null","intermediate","array_occ",137,-0.179515853428882,-0.267647949092398,-0.0881320956635153,3.30015410048928,1,0,0.0470373199193432,-0.314685269011741,0.1885,0,0.700722217795365,0.850001940654777,14.1725045063743,2528.32330536842,"OK",97,0.2228,0.0412
18,"null","intermediate","array_occ",138,-0.179515853428882,-1.16727758136832,-0.98776172793944,4.28953800746104,1,0,-0.313537865560418,-0.853739715807905,0.20875,0,0.702469899229722,0.832628228764385,20.1283690094018,2543.49472761154,"OK",97,0.222,0.0103
19,"null","intermediate","array_occ",139,-0.179515853428882,-0.615191803108913,-0.43567594968003,4.44944251970492,1,0,-0.119691666282454,-0.495500136826459,0.1965,0,0.755709391104345,0.870291486347494,32.604524547731,2558.25815701485,"OK",97,0.1944,0.0103
20,"null","intermediate","array_occ",140,-0.179515853428882,-0.745490253958238,-0.565974400529356,2.74643918733006,1,0,-0.173242860116321,-0.572247393841918,0.1735,0,0.749569695882303,0.857182363329387,12.4334786705139,2471.71486496925,"OK",97,0.2787,0.0412
21,"null","intermediate","array_occ",141,-0.179515853428882,-0.848154828933425,-0.668638975504542,5.13555828841457,1,0,-0.275672784525491,-0.572482044407933,0.234875,0,0.706388605337616,0.842549826311398,29.8017445252126,2516.03389811516,"OK",97,0.2415,0.0206
22,"null","intermediate","array_occ",142,-0.179515853428882,2.91161345960249,3.09112931303137,4.86605335401951,0,1,1.80611733880469,1.1054961207978,0.43625,0,-0.755861224014664,0.133536455199984,28.7652524656229,2517.07836842537,"OK",97,0.2257,0.0309
23,"null","intermediate","array_occ",143,-0.179515853428882,-0.750271017006294,-0.570755163577412,3.81950954066629,1,0,-0.155651613460752,-0.594619403545543,0.19725,0,0.457521673659044,0.703332104251975,18.2783424065486,2553.97319340706,"OK",97,0.238,0.0103
24,"null","intermediate","array_occ",144,-0.179515853428882,-1.10453074869265,-0.925014895263772,3.7263283542451,1,0,-0.542453973943612,-0.562076774749042,0.272125,0,0.770610223551679,0.87497816763376,16.9593132574384,2524.91603183746,"OK",97,0.2527,0.0206
25,"null","intermediate","array_occ",145,-0.179515853428882,-1.96530028054059,-1.78578442711171,4.63611168047323,1,1,-0.39787063147779,-1.5674296490628,0.16625,0,0.629891107174334,0.802106580760349,18.1159174222414,2546.19284534454,"OK",97,0.2612,0.0412
26,"null","intermediate","array_occ",146,-0.179515853428882,-0.243454859246276,-0.0639390058173935,4.09181980295353,1,0,0.101509608338241,-0.344964467584517,0.18425,0,0.668269295735581,0.819130974790894,15.4380711785282,2569.27295351028,"OK",97,0.2461,0.0412
27,"null","intermediate","array_occ",147,-0.179515853428882,0.705593888851735,0.885109742280617,4.97992333635832,1,0,0.451436035608045,0.25415785324369,0.242625,0,-0.476963900266873,0.280759378214209,44.0372302590017,2526.64481592178,"OK",97,0.2621,0.0206
28,"null","intermediate","array_occ",148,-0.179515853428882,-1.33759337187743,-1.15807751844855,4.34073879910029,1,0,-0.285840640711017,-1.05175273116641,0.20725,0,0.711830080763663,0.851636942304334,11.5615871292461,2521.04139733315,"OK",97,0.2295,0.0309
29,"null","intermediate","array_occ",149,-0.179515853428882,-1.60587647905418,-1.4263606256253,5.2963494281212,1,0,-0.773608321197821,-0.832268157856363,0.268125,0,0.731387111774333,0.857691785208329,20.9859252320258,2470.15298676491,"OK",97,0.2187,0.0206
30,"null","intermediate","array_occ",150,-0.179515853428882,-0.185496256126669,-0.00598040269778635,3.73618461167805,1,0,0.0469678674816289,-0.232464123608298,0.16975,0,0.59474810412038,0.755128180248016,20.9381787187981,2363.31409311295,"OK",97,0.229,0.0103
1,"varying","intermediate","array_occ",151,-0.179515853428882,-0.389654924178463,-0.210139070749581,5.99880350617531,1,0,0.0185539745560378,-0.408208898734501,0.236875,0,0.59875808309476,0.785809932271148,49.4496466179165,2365.61063027382,"OK",97,0.2258,0.0206
2,"varying","intermediate","array_occ",152,-0.179515853428882,0.864077259707203,1.04359311313609,5.51461910447316,1,0,0.339451390020287,0.524625869686915,0.2215,0,-0.606629189649388,0.214156106270256,56.2161238440894,2336.90084290504,"OK",97,0.2258,0.0309
3,"varying","intermediate","array_occ",153,-0.179515853428882,-1.15756432447035,-0.97804847104147,5.09707757086606,1,0,-0.480322196674208,-0.677242127796144,0.258375,0,0.710843615676985,0.833656775796154,28.9699025580064,2452.60335254669,"OK",97,0.2535,0.0412
4,"varying","intermediate","array_occ",154,-0.179515853428882,-1.41440340023561,-1.23488754680673,4.90929611467678,1,0,-0.515201314982609,-0.899202085252998,0.245375,0,0.722323735367869,0.846533020241029,16.125846475577,2284.6351108551,"OK",97,0.2585,0.0206
5,"varying","intermediate","array_occ",155,-0.179515853428882,-0.955695717629783,-0.776179864200901,5.02196480827321,1,0,-0.387500495482369,-0.568195222147414,0.231875,0,0.706773990349217,0.826025150885909,23.721011270983,2291.78452944756,"OK",97,0.2643,0.0412
6,"varying","intermediate","array_occ",156,-0.179515853428882,-0.488451841653601,-0.308935988224718,5.07109170374326,1,0,-0.0794435147951252,-0.409008326858475,0.219375,0,0.723275432128694,0.852427759125929,35.5678620333229,2356.75148749352,"OK",97,0.2368,0.0206
7,"varying","intermediate","array_occ",157,-0.179515853428882,-0.264834541810165,-0.0853186883812828,3.86769884861617,1,0,-0.00495009664077945,-0.259884445169386,0.200875,0,0.762156503086743,0.864309417997632,12.2258517926026,2362.65422272682,"OK",97,0.2627,0.0412
8,"varying","intermediate","array_occ",158,-0.179515853428882,-0.994024028029214,-0.814508174600332,3.83940843981528,1,0,-0.308350058125556,-0.685673969903658,0.205375,0,0.748896434262129,0.865803722175862,21.0348738416089,2361.36810922623,"OK",97,0.2394,0.0309
9,"varying","intermediate","array_occ",159,-0.179515853428882,-0.632245473584004,-0.452729620155121,5.60267619909353,1,0,-0.310101900518405,-0.322143573065598,0.259375,0,0.760451428480472,0.881261037474044,29.8162153489476,2344.55614423752,"OK",97,0.2382,0.0206
10,"varying","intermediate","array_occ",160,-0.179515853428882,-0.746931259658172,-0.56741540622929,4.5931883516934,1,0,-0.159721952091473,-0.587209307566699,0.209125,0,0.695535245232191,0.84007063983388,32.090716105775,2345.5258705616,"OK",97,0.2116,0.0309
11,"varying","intermediate","array_occ",161,-0.179515853428882,-1.03459853376971,-0.855082680340831,3.87049157104241,1,0,-0.428650389798727,-0.605948143970987,0.249,0,0.715444832517095,0.844577810553281,19.714873357708,2327.02693271637,"OK",97,0.2483,0.0412
12,"varying","intermediate","array_occ",162,-0.179515853428882,-1.36414531770115,-1.18462946427227,3.24119511540834,1,1,-0.514754064262651,-0.849391253438503,0.2515,0,0.607144799593783,0.78676085311184,22.4934984926988,2368.27911448479,"OK",97,0.2122,0.0103
13,"varying","intermediate","array_occ",163,-0.179515853428882,-0.585328814506804,-0.405812961077922,4.89276906196665,1,0,-0.102900949153316,-0.482427865353488,0.186875,0,0.715976953008115,0.828135612955811,23.894145637365,2374.67908239365,"OK",97,0.2418,0.0103
14,"varying","intermediate","array_occ",164,-0.179515853428882,-1.70293744386294,-1.52342159043406,3.20661722662196,0,1,-0.731876856834671,-0.971060587028268,0.284625,0,0.508649418531409,0.709396650429855,21.2230296119957,2345.31302499771,"OK",97,0.2067,0.0103
15,"varying","intermediate","array_occ",165,-0.179515853428882,-1.06705550961006,-0.887539656181179,5.11363925836973,1,0,-0.507251681932431,-0.55980382767763,0.260375,0,0.686600859474939,0.827369054318927,29.1127578675017,2352.78733801842,"OK",97,0.2025,0.0103
16,"varying","intermediate","array_occ",166,-0.179515853428882,-0.282279064499145,-0.102763211070262,2.21054462509641,1,0,0.0713272955247337,-0.353606360023878,0.143,0,0.572282780395928,0.772409711036504,9.48513928796353,2275.85781145096,"OK",97,0.2287,0.0309
17,"varying","intermediate","array_occ",167,-0.179515853428882,-1.03023124380911,-0.850715390380231,4.39473098704128,1,0,-0.511991098578162,-0.518240145230951,0.24475,0,0.688565678641895,0.845829532884395,23.1955571424992,2370.98107838631,"OK",97,0.2678,0.0515
18,"varying","intermediate","array_occ",168,-0.179515853428882,-0.890111949503806,-0.710596096074924,3.5658814977905,1,0,0.112533501639968,-1.00264545114377,0.13775,0,0.654058219425389,0.808185681849056,13.5468105641159,2329.08855080605,"OK",97,0.2526,0.0412
19,"varying","intermediate","array_occ",169,-0.179515853428882,-1.67594470109174,-1.49642884766285,3.0457910017465,0,1,-0.279585189728014,-1.39635951136372,0.182875,0,0.73580313798808,0.839279823012284,8.5635455821755,2385.54909014702,"OK",97,0.2136,0.0309
20,"varying","intermediate","array_occ",170,-0.179515853428882,-1.77934438600546,-1.59982853257657,3.41696840458984,0,1,-1.13147860334716,-0.647865782658299,0.387125,0,0.693212948686327,0.82383706262493,19.6625586011063,2337.39296603203,"OK",97,0.2688,0.0206
21,"varying","intermediate","array_occ",171,-0.179515853428882,-1.0838252832215,-0.904309429792614,3.83501089878215,1,0,-0.475226641390976,-0.608598641830521,0.234125,0,0.759050051754152,0.860132158590308,25.0937756168554,2392.03235864639,"OK",97,0.2164,0.0103
22,"varying","intermediate","array_occ",172,-0.179515853428882,0.376102742905947,0.555618596334829,4.75580764439852,1,0,0.117278602608351,0.258824140297595,0.201,0,-0.586088562860628,0.240054144268276,38.594393433532,2388.16961455345,"OK",97,0.2292,0.0515
23,"varying","intermediate","array_occ",173,-0.179515853428882,-0.892711294999682,-0.713195441570799,4.93239877472859,1,0,-0.237084034765406,-0.655627260234276,0.207125,0,0.788836135822297,0.887092705078694,28.540824557481,2355.97205448151,"OK",97,0.2315,0.0412
24,"varying","intermediate","array_occ",174,-0.179515853428882,-0.877340933780494,-0.697825080351611,5.30339357295019,1,0,-0.385842620212764,-0.49149831356773,0.248875,0,0.735962825430288,0.846319548215568,50.8311778633288,2372.81352376938,"OK",97,0.248,0.0206
25,"varying","intermediate","array_occ",175,-0.179515853428882,-2.14733592846802,-1.96782007503914,4.91855363129608,0,1,-0.998981096158359,-1.14835483230966,0.31075,0,0.751067683350863,0.870839721321974,22.7506393248583,2375.86061859131,"OK",97,0.2502,0.0412
26,"varying","intermediate","array_occ",176,-0.179515853428882,-2.36906795676823,-2.18955210333935,6.57293231839501,1,0,-0.796675675523453,-1.57239228124478,0.24875,0,0.743493622368566,0.853606706902909,34.0880802068904,2270.54049944878,"OK",97,0.2221,0.0103
27,"varying","intermediate","array_occ",177,-0.179515853428882,-0.563296585306992,-0.383780731878109,4.86544500306457,1,0,-0.255878085125641,-0.307418500181351,0.228,0,0.737024629904476,0.871659647965223,35.9560612780833,2383.47706413269,"OK",97,0.2573,0.0309
28,"varying","intermediate","array_occ",178,-0.179515853428882,-0.365149725889308,-0.185633872460426,4.32142510544077,1,0,0.150195042422841,-0.515344768312149,0.172875,0,0.739495329014078,0.850933454947699,16.2653165290249,2382.17149996758,"OK",97,0.248,0.0309
29,"varying","intermediate","array_occ",179,-0.179515853428882,-1.14376746797475,-0.964251614545871,4.33713762492864,1,0,0.161783921060429,-1.30555138903518,0.12075,0,0.316212088839501,0.6271274427992,6.07584774735824,2388.55983042717,"OK",97,0.2231,0.0206
30,"varying","intermediate","array_occ",180,-0.179515853428882,-1.05898217396897,-0.879466320540083,4.72166313686773,1,0,-0.318920668261279,-0.740061505707686,0.2265,0,0.656233620195265,0.804954491645481,27.6568132966524,2387.86783456802,"OK",97,0.2271,0.0309
1,"null","bobcat_like","array_rn",181,-0.179515853428882,-0.227482160604256,-0.0479663071753737,1.13781604851235,1,0,-0.00510611326963565,-0.22237604733462,0.178125,0,-0.0879456867775865,0.471074540549982,3.0720308877039,2352.59373998642,"OK",97,0.1283,0.0103
2,"null","bobcat_like","array_rn",182,-0.179515853428882,-0.181550674233169,-0.00203482080428691,0.832872488831344,1,0,-0.0195479857696936,-0.162002688463476,0.1685,0,0.463878795147509,0.724558015874556,2.92536055078117,2349.20272088051,"OK",97,0.1723,0.0309
3,"null","bobcat_like","array_rn",183,-0.179515853428882,-0.246129046746417,-0.0666131933175344,0.865020597453945,1,0,-0.0172203107934262,-0.22890873595299,0.153625,0,0.621717520993681,0.780453725086844,2.61730257316363,2328.77866721153,"OK",97,0.1716,0.0103
4,"null","bobcat_like","array_rn",184,-0.179515853428882,-0.200386083165358,-0.0208702297364756,0.803570954205867,1,0,-0.220606120371791,0.0202200372064336,0.232375,0,0.598323951896474,0.785596460245687,3.15340782677126,2319.9172205925,"OK",97,0.1308,0.0103
5,"null","bobcat_like","array_rn",185,-0.179515853428882,-0.0415965143504836,0.137919339078399,0.999074540485039,1,0,0.158383473802679,-0.199979988153162,0.1015,0,0.654573011857282,0.826321100739389,2.84980976444174,2359.88069009781,"OK",97,0.1591,0.0103
6,"null","bobcat_like","array_rn",186,-0.179515853428882,-0.246501763804922,-0.0669859103760398,0.691323607816071,1,0,-0.0272542689895062,-0.219247494815416,0.15925,0,0.15672115419557,0.531162064080421,3.10319608983454,2340.11127114296,"OK",97,0.1382,0
7,"null","bobcat_like","array_rn",187,-0.179515853428882,-0.114283046442235,0.0652328069866472,0.69998157677508,1,0,0.0573812736781949,-0.17166432012043,0.145375,0,0.263816173689796,0.585898232063498,2.72970358996316,2357.851095438,"OK",97,0.1555,0
8,"null","bobcat_like","array_rn",188,-0.179515853428882,-0.28914424512012,-0.109628391691238,1.10504261060936,1,0,0.329314047561447,-0.618458292681568,0.042125,0,0.305596560753754,0.60725028624658,3.36888280964127,2052.02880930901,"OK",97,0.1375,0.0103
9,"null","bobcat_like","array_rn",189,-0.179515853428882,0.252672820930661,0.432188674359543,1.13805035579917,1,0,0.248162065029614,0.00451075590104655,0.202875,0,-0.360795982749973,0.347517902540317,3.01265689296096,2162.1057536602,"OK",97,0.126,0.0103
10,"null","bobcat_like","array_rn",190,-0.179515853428882,-0.270602866456922,-0.0910870130280398,1.34841578749339,1,0,0.162435226146217,-0.433038092603139,0.06675,0,0.0852753382910818,0.500077626191077,3.17459819236327,2335.85615444183,"OK",97,0.1548,0.0206
11,"null","bobcat_like","array_rn",191,-0.179515853428882,-0.332227159267196,-0.152711305838314,0.842089313699273,1,0,-0.0552652219366291,-0.276961937330567,0.180875,0,0.384128174290844,0.650691843427973,3.12176613860268,2319.70406031609,"OK",97,0.1587,0
12,"null","bobcat_like","array_rn",192,-0.179515853428882,-0.141772881123783,0.0377429723050997,0.747520819948732,1,0,-0.0961917231368215,-0.0455811579869611,0.191,0,0.253126412262867,0.593306681674397,3.59061938834941,2207.8547501564,"OK",97,0.1594,0
13,"null","bobcat_like","array_rn",193,-0.179515853428882,-0.0996428355094581,0.0798730179194242,0.93618221458349,1,0,-0.0443598515648792,-0.0552829839445788,0.153875,0,-0.458660837257514,0.267058355489142,3.3181545110364,2347.99523091316,"OK",97,0.1471,0.0206
14,"null","bobcat_like","array_rn",194,-0.179515853428882,-0.197904864173187,-0.0183890107443044,0.976352639810252,1,0,-0.098958635032732,-0.0989462291404547,0.1645,0,0.349791430920506,0.62131518174232,1.58125859057892,2295.29682207108,"OK",97,0.1279,0.0103
15,"null","bobcat_like","array_rn",195,-0.179515853428882,-0.294833331437681,-0.115317478008799,0.749420293731619,1,0,-0.25096275486741,-0.0438705765702716,0.248875,0,0.223555398101579,0.573002581070853,2.85123615771315,1750.14415192604,"OK",97,0.1385,0.0103
16,"null","bobcat_like","array_rn",196,-0.179515853428882,-0.367739343892902,-0.18822349046402,1.03206958613996,1,0,-0.0717788369024822,-0.29596050699042,0.155625,0,0.362341882863058,0.642604164645151,3.53307907532282,1868.8832244873,"OK",97,0.1663,0.0103
17,"null","bobcat_like","array_rn",197,-0.179515853428882,-0.364730754685104,-0.185214901256222,1.0625796576334,1,0,0.0161789387310775,-0.380909693416182,0.111375,0,0.29449039692909,0.594146014865416,3.36009885435219,1886.81401538849,"OK",97,0.1754,0.0206
18,"null","bobcat_like","array_rn",198,-0.179515853428882,-0.119218859974452,0.0602969934544303,0.764982963089507,1,0,0.0105837395277206,-0.129802599502173,0.15075,0,-0.00345649095068962,0.52299190746958,3.84950773845611,2369.61499047279,"OK",97,0.1346,0.0103
19,"null","bobcat_like","array_rn",199,-0.179515853428882,-0.865966887283938,-0.686451033855056,1.04717354126372,0,1,0.0205246485079482,-0.886491535791886,0.031375,0,0.372305821424781,0.661714762560888,2.67678787737867,2415.77364325523,"OK",97,0.1638,0.0206
20,"null","bobcat_like","array_rn",200,-0.179515853428882,-0.160815925942579,0.0186999274863031,0.758001951249701,1,0,0.0617448357970032,-0.222560761739582,0.104,0,0.198899589700093,0.551053775543868,3.57621451388426,2307.78605818748,"OK",97,0.1454,0.0103
21,"null","bobcat_like","array_rn",201,-0.179515853428882,-0.0308774127364666,0.148638440692416,0.770924188878532,1,0,0.0566262915070273,-0.087503704243494,0.14475,0,0.237769888728694,0.597736226202721,2.69760726736376,2328.39417123795,"OK",97,0.1325,0
22,"null","bobcat_like","array_rn",202,-0.179515853428882,-0.215318107136881,-0.0358022537079982,1.08868286446768,1,0,0.255550523843056,-0.470868630979936,0.059,0,0.491995983545044,0.716475188728677,3.26483742016543,2348.44494915009,"OK",97,0.1356,0.0206
23,"null","bobcat_like","array_rn",203,-0.179515853428882,-0.288045464047143,-0.10852961061826,0.780735240945228,1,0,0.0701409190438246,-0.358186383090967,0.091,0,0.357814674948934,0.639198315511654,2.92233830648575,2370.07965159416,"OK",97,0.1515,0.0206
24,"null","bobcat_like","array_rn",204,-0.179515853428882,-0.140307838393891,0.0392080150349908,0.970967091898501,1,0,-0.0459058123538992,-0.0944020260399922,0.15925,0,-0.0562828985665592,0.431189233247298,2.31486906021077,1885.58793115616,"OK",97,0.13,0
25,"null","bobcat_like","array_rn",205,-0.179515853428882,-0.540124910764453,-0.36060905733557,0.952073870840279,1,1,-0.0781132718189235,-0.462011638945529,0.149625,0,0.177878105263134,0.548283490849813,2.84512424241684,2285.2728741169,"OK",97,0.1847,0.0206
26,"null","bobcat_like","array_rn",206,-0.179515853428882,-0.0633228174074311,0.116193036021451,1.17372078130206,1,0,-0.115028461647114,0.0517056442396829,0.169,0,0.490381893271435,0.727109976906208,2.47446519915477,2328.93228912354,"OK",97,0.1394,0.0206
27,"null","bobcat_like","array_rn",207,-0.179515853428882,-0.174995127706428,0.00452072572245413,0.815837245983071,1,0,0.0709443724723086,-0.245939500178737,0.10525,0,0.118692123621291,0.519818936909313,2.89267787155361,2306.32163739204,"OK",97,0.1517,0
28,"null","bobcat_like","array_rn",208,-0.179515853428882,-0.38631421012557,-0.206798356696688,0.694780136284807,1,1,0.0856272112580576,-0.471941421383628,0.074875,0,0.160954794972914,0.523845795571426,3.46242221259379,2359.58104562759,"OK",97,0.1518,0.0103
29,"null","bobcat_like","array_rn",209,-0.179515853428882,-0.260358530064531,-0.0808426766356488,0.841160798705357,1,0,-0.0100711061531127,-0.250287423911418,0.141375,0,0.621051360511521,0.806012148498904,2.8360881495307,2350.24931812286,"OK",97,0.1369,0
30,"null","bobcat_like","array_rn",210,-0.179515853428882,-0.52740874163308,-0.347892888204198,0.946516965902269,1,1,-0.0966104883213316,-0.430798253311749,0.182875,0,0.491646296579398,0.710497972015758,3.25780838449195,1745.29423856735,"OK",97,0.1283,0
1,"varying","bobcat_like","array_rn",211,-0.179515853428882,-0.262728349474804,-0.0832124960459219,0.889397444174685,1,0,-0.0366928203540984,-0.226035529120706,0.172375,0,0.432936443836963,0.685012323157833,2.99759530856338,2230.85722470284,"OK",97,0.1355,0
2,"varying","bobcat_like","array_rn",212,-0.179515853428882,0.880815423416835,1.06033127684572,1.05326535188164,0,1,0.129973624035558,0.750841799381277,0.110125,0,-0.286524763487622,0.373561489646607,4.95269108619797,2222.67665886879,"OK",97,0.1478,0
3,"varying","bobcat_like","array_rn",213,-0.179515853428882,-0.0813042962901649,0.0982115571387174,0.855183188738243,1,0,-0.0414086369693306,-0.0398956593208344,0.14975,0,0.259290600800678,0.586349434299133,3.59091300799248,2191.74176454544,"OK",97,0.1725,0.0206
4,"varying","bobcat_like","array_rn",214,-0.179515853428882,0.0760054361143259,0.255521289543208,1.25837329700253,1,0,0.0113856048680369,0.0646198312462889,0.17775,0,0.61933312555692,0.800709309320965,2.99869712504108,2214.76263260841,"OK",97,0.1151,0.0103
5,"varying","bobcat_like","array_rn",215,-0.179515853428882,0.434748126504174,0.614263979933056,1.62852456601129,1,0,0.29887825839277,0.135869868111404,0.26125,0,0.381401994509298,0.665348638630674,2.15312521703748,1853.95339465141,"OK",97,0.1347,0.0103
6,"varying","bobcat_like","array_rn",216,-0.179515853428882,0.493874948038263,0.673390801467145,0.844239260959972,0,1,0.360341964091318,0.133532983946945,0.383,0,-0.409101706522084,0.331061150032021,3.28722844203348,2260.60638928413,"OK",97,0.1376,0.0206
7,"varying","bobcat_like","array_rn",217,-0.179515853428882,-0.401415559247234,-0.221899705818352,0.875813636085169,1,0,0.10673168796825,-0.508147247215484,0.04375,0,-0.0341850386972749,0.452939121659648,2.8342776462489,2353.75756239891,"OK",97,0.163,0
8,"varying","bobcat_like","array_rn",218,-0.179515853428882,-0.167273086184326,0.012242767244556,0.849485271358711,1,0,-0.0805376157400673,-0.0867354704442589,0.197375,0,0.492321161165264,0.712666653728968,3.08998937067089,2284.93789219856,"OK",97,0.1245,0.0103
9,"varying","bobcat_like","array_rn",219,-0.179515853428882,-0.0176096422388065,0.161906211190076,1.010749233519,1,0,-0.271908396518361,0.254298754279555,0.1355,0,0.616015275108907,0.788672398067108,3.36946568368941,2300.10667109489,"OK",97,0.1654,0.0206
10,"varying","bobcat_like","array_rn",220,-0.179515853428882,0.223489894558157,0.403005747987039,1.03178788510747,1,0,-0.231842457658166,0.455332352216323,0.0915,0,0.594788130173702,0.782835878825516,3.38076363359356,2337.97239947319,"OK",97,0.1354,0.0206
11,"varying","bobcat_like","array_rn",221,-0.179515853428882,-0.271486888327235,-0.0919710348983531,1.25868368154756,1,0,0.395901679814561,-0.667388568141796,0.035,0,0.601999744583447,0.798079722098236,2.74256450585332,1735.38551330566,"OK",97,0.1523,0.0206
12,"varying","bobcat_like","array_rn",222,-0.179515853428882,0.557145235255836,0.736661088684719,0.973196939354984,0,1,0.282178608579955,0.274966626675881,0.29175,0,-0.247451416794852,0.40807603485416,2.7746752071611,2259.18793034554,"OK",97,0.1264,0
13,"varying","bobcat_like","array_rn",223,-0.179515853428882,-0.516786892701293,-0.337271039272411,0.863908674809657,1,1,-0.175556945768428,-0.341229946932865,0.19325,0,0.431069165132348,0.670874653107959,3.08006512570517,2262.38015174866,"OK",97,0.1309,0.0103
14,"varying","bobcat_like","array_rn",224,-0.179515853428882,-0.376202708283793,-0.196686854854911,0.911914582185681,1,0,-0.206460001809482,-0.169742706474311,0.216125,0,0.226690991350445,0.57493353257389,3.63843277274923,2261.23044872284,"OK",97,0.139,0.0103
15,"varying","bobcat_like","array_rn",225,-0.179515853428882,-0.255266684401064,-0.0757508309721821,1.00319907250756,1,0,0.200658549922298,-0.455925234323362,0.0515,0,0.370375850731963,0.648697820644686,3.28345044530651,2174.12202763557,"OK",97,0.1501,0.0103
16,"varying","bobcat_like","array_rn",226,-0.179515853428882,-0.0995502744965979,0.0799655789322844,1.21110852673584,1,0,0.296639665145599,-0.396189939642197,0.08275,0,0.343213933708745,0.647834229268955,3.14829117265008,2253.61538362503,"OK",97,0.1385,0.0103
17,"varying","bobcat_like","array_rn",227,-0.179515853428882,-0.205970613516013,-0.0264547600871309,1.07875611042868,1,0,-0.192781474726074,-0.0131891387899397,0.23175,0,0.296049152827022,0.599909759552873,2.63129699783495,2022.26758575439,"OK",97,0.1488,0.0206
18,"varying","bobcat_like","array_rn",228,-0.179515853428882,-0.406008052281713,-0.226492198852831,0.915368482823328,1,0,-0.206583128631284,-0.199424923650429,0.285125,0,0.439109673101276,0.67456189718411,3.11568341768512,2031.28392839432,"OK",97,0.1589,0.0206
19,"varying","bobcat_like","array_rn",229,-0.179515853428882,-0.357835161162554,-0.178319307733672,0.701399415820695,1,1,-0.187723711421496,-0.170111449741058,0.263375,0,0.686385404856316,0.833171612101923,3.97318194103012,2048.44214057922,"OK",97,0.1368,0
20,"varying","bobcat_like","array_rn",230,-0.179515853428882,-0.272991124746025,-0.0934752713171426,0.731682111323691,1,0,-0.382207489003853,0.109216364257828,0.214,0,0.450139118987935,0.68230996138097,2.59447799356029,1957.92508482933,"OK",97,0.1403,0.0103
21,"varying","bobcat_like","array_rn",231,-0.179515853428882,-0.505905301448935,-0.326389448020052,1.24599381249581,1,0,0.0570181839255832,-0.562923485374518,0.097125,0,0.629966863332925,0.789269149411011,2.91763089739318,2021.61372470856,"OK",97,0.1539,0.0103
22,"varying","bobcat_like","array_rn",232,-0.179515853428882,-0.105187870377305,0.074327983051577,1.3922024695252,1,0,-0.131720132512401,0.0265322621350954,0.177,0,-0.064597513668769,0.512323157833453,2.98669408511573,2009.79183769226,"OK",97,0.1691,0.0206
23,"varying","bobcat_like","array_rn",233,-0.179515853428882,-0.297329361615293,-0.117813508186411,1.12332106401269,1,0,0.122791708921876,-0.42012107053717,0.07925,0,0.601177150679432,0.761736109763434,2.94699617205522,2236.94616961479,"OK",97,0.1528,0.0103
24,"varying","bobcat_like","array_rn",234,-0.179515853428882,-0.177614577187004,0.00190127624187877,0.851997614815389,1,0,-0.0357403475876115,-0.141874229599392,0.14825,0,0.322286944099313,0.614571406392517,3.6235815637716,2268.96601319313,"OK",97,0.1113,0
25,"varying","bobcat_like","array_rn",235,-0.179515853428882,0.49030614680085,0.669822000229732,1.18377489987085,0,0,-0.0352319769885679,0.525538123789418,0.101625,0,0.0341155661641962,0.54109821653826,3.02680182605299,2139.03710126877,"OK",97,0.1539,0.0103
26,"varying","bobcat_like","array_rn",236,-0.179515853428882,0.12905479351303,0.308570646941912,1.06721624270326,1,0,0.122025462390537,0.00702933112249288,0.14875,0,0.531615011818586,0.725431310524171,1.99465076925633,2371.05804634094,"OK",97,0.1419,0.0206
27,"varying","bobcat_like","array_rn",237,-0.179515853428882,-0.678392119896315,-0.498876266467432,1.55542402170133,1,0,-0.0229791822579403,-0.655412937638374,0.099875,0,0.218138640406498,0.562202837237284,2.89116914546096,2256.69927191734,"OK",97,0.1326,0.0103
28,"varying","bobcat_like","array_rn",238,-0.179515853428882,-0.118555874874413,0.0609599785544695,1.15622274572825,1,0,0.052211068890729,-0.170766943765142,0.126375,0,-0.458981398336542,0.271017291234062,3.2744553768489,2565.10600447655,"OK",97,0.1427,0
29,"varying","bobcat_like","array_rn",239,-0.179515853428882,-0.0662094984138482,0.113306355015034,0.842805478582106,1,0,0.0677935708348808,-0.134003069248729,0.148,0,0.430575179195134,0.681601622387394,3.44863594325171,2443.26677250862,"OK",97,0.1574,0
30,"varying","bobcat_like","array_rn",240,-0.179515853428882,0.252692362920807,0.43220821634969,1.06916222078368,1,0,0.256728719183185,-0.00403635626237706,0.25525,0,0.543135654482156,0.76313823283976,3.95926249312461,2402.56574892998,"OK",97,0.1247,0
1,"null","deer_like","array_rn",241,-0.179515853428882,-0.187118103071706,-0.00760224964282366,0.330894110328932,1,1,-0.136776651647273,-0.0503414514244334,0.23675,0,0.654118394757456,0.80324671544179,2.84214550589166,2457.47661781311,"OK",97,0.3397,0.0412
2,"null","deer_like","array_rn",242,-0.179515853428882,-0.198867482576366,-0.0193516291474842,0.395347986228404,1,1,-0.0421471488981238,-0.156720333678243,0.20325,0,0.686040751202942,0.811741931727765,2.96152474583392,2432.25158572197,"OK",97,0.346,0.0515
3,"null","deer_like","array_rn",243,-0.179515853428882,-0.374966374472738,-0.195450521043856,0.386115219739337,0,1,0.0866978830039073,-0.461664257476645,0.037,0,0.54968240681195,0.750907256108211,2.44363981569893,2424.49496769905,"OK",97,0.3307,0.0515
4,"null","deer_like","array_rn",244,-0.179515853428882,-0.263403244416784,-0.083887390987902,0.302342881113152,1,1,0.054063932825311,-0.317467177242095,0.055,0,0.793830287642415,0.887699159696482,2.32906267641753,2392.66275405884,"OK",97,0.3301,0.0309
5,"null","deer_like","array_rn",245,-0.179515853428882,-0.303603779434623,-0.124087926005741,0.347395077161508,1,1,-0.0676735229422116,-0.235930256492412,0.170875,0,0.715652817315595,0.845834384521338,2.9215547330905,2271.04474520683,"OK",97,0.3631,0.0722
6,"null","deer_like","array_rn",246,-0.179515853428882,-0.293292362966922,-0.11377650953804,0.354749220095915,1,1,0.198078328959014,-0.491370691925936,0.014875,0,0.551785545888444,0.749912670535039,2.27784837604416,2212.37256622314,"OK",97,0.3612,0.0928
7,"null","deer_like","array_rn",247,-0.179515853428882,-0.1872331716788,-0.00771731824991759,0.30703879668634,1,1,0.155515089433404,-0.342748261112204,0.038375,0,0.465610655310488,0.705588115430146,2.42877983050372,2333.92649078369,"OK",97,0.3767,0.0619
8,"null","deer_like","array_rn",248,-0.179515853428882,-0.160443264811447,0.0190725886174355,0.331507921034091,1,0,0.0376508131898591,-0.198094078001306,0.108625,0,0.566181828854655,0.755424130101496,2.25206701357071,2342.23230600357,"OK",97,0.3478,0.0722
9,"null","deer_like","array_rn",249,-0.179515853428882,-0.165486672198987,0.0140291812298957,0.358297324292283,1,0,-0.0131270822445961,-0.15235958995439,0.1975,0,0.735087413806732,0.849269343476489,2.33658656018873,2330.82583093643,"OK",97,0.3578,0.0928
10,"null","deer_like","array_rn",250,-0.179515853428882,-0.102823965120914,0.0766918883079686,0.317371219245504,1,0,-0.0605686691557134,-0.0422552959652003,0.168375,0,0.613866146946718,0.771483048380524,1.98474542823873,2348.07960057259,"OK",97,0.3347,0.0722
11,"null","deer_like","array_rn",251,-0.179515853428882,-0.203030953222376,-0.0235150997934933,0.443480743407837,1,0,-0.0874031309126592,-0.115627822309716,0.254875,0,0.676831248444021,0.80398416425702,3.01152262015206,2535.35762953758,"OK",97,0.356,0.0722
12,"null","deer_like","array_rn",252,-0.179515853428882,-0.237603850306143,-0.0580879968772603,0.302016652166833,1,1,-0.0337674126967368,-0.203836437609406,0.182125,0,0.643465886253202,0.796527198276699,2.69969934833497,2537.23406863213,"OK",97,0.3798,0.0722
13,"null","deer_like","array_rn",253,-0.179515853428882,-0.120446293621062,0.0590695598078207,0.341357416486488,1,0,0.0321034532456588,-0.15254974686672,0.126375,0,0.723861348148327,0.843699664266724,2.60704667078478,2528.8998632431,"OK",97,0.3604,0.0412
14,"null","deer_like","array_rn",254,-0.179515853428882,-0.263063368476249,-0.0835475150473666,0.325725599940136,1,1,-0.110507867386439,-0.15255550108981,0.31275,0,0.56181685709819,0.749757418152885,2.58489590388855,2388.24170708656,"OK",97,0.3362,0.0309
15,"null","deer_like","array_rn",255,-0.179515853428882,-0.229968770769292,-0.0504529173404099,0.32479715205249,1,1,0.0468283606872243,-0.276797131456517,0.082875,0,0.677195730783002,0.8220904733257,2.33258343495112,2525.00598597527,"OK",97,0.3618,0.0619
16,"null","deer_like","array_rn",256,-0.179515853428882,-0.0358680720635682,0.143647781365314,0.368059141603898,1,0,-0.171732976829386,0.135864904765818,0.097625,0,0.637662108521515,0.802436492072425,1.80008950415039,2532.63952636719,"OK",97,0.3705,0.0619
17,"null","deer_like","array_rn",257,-0.179515853428882,-0.0580457821139947,0.121470071314888,0.291467305696106,1,0,0.0497379483702881,-0.107783730484283,0.103875,0,0.427390727551984,0.671524772458227,2.57359590530349,2220.57541394234,"OK",97,0.3319,0.0412
18,"null","deer_like","array_rn",258,-0.179515853428882,-0.249037002295889,-0.0695211488670069,0.428483468304302,1,1,0.278119441845259,-0.527156444141148,0.013375,0,0.74854530462736,0.850283335597431,2.23827487646845,2640.18298316002,"OK",97,0.326,0.0722
19,"null","deer_like","array_rn",259,-0.179515853428882,-0.162551401491153,0.0169644519377297,0.301754285396223,1,1,0.00456359870887923,-0.167115000200032,0.193625,0,0.733335901284372,0.852670340973044,2.45150228256695,2618.38365912437,"OK",97,0.3328,0.0515
20,"null","deer_like","array_rn",260,-0.179515853428882,-0.228838049946257,-0.0493221965173742,0.433414677923311,1,1,0.0458041369729627,-0.274642186919219,0.111125,0,0.547278455193751,0.752949795260921,2.8412764952848,2633.99602746964,"OK",97,0.3468,0.0722
21,"null","deer_like","array_rn",261,-0.179515853428882,-0.248298148802688,-0.0687822953738054,0.315299226941426,1,1,0.126569334279581,-0.374867483082268,0.015375,0,0.658948467009371,0.809903161326632,2.15286553668216,2622.45452642441,"OK",97,0.3503,0.0722
22,"null","deer_like","array_rn",262,-0.179515853428882,-0.0647615262899156,0.114754327138967,0.290763554706183,1,0,-0.0163554468742164,-0.0484060794156992,0.134875,0,0.666042295500089,0.815239961963166,2.25579250649364,2381.33737802505,"OK",97,0.3397,0.0412
23,"null","deer_like","array_rn",263,-0.179515853428882,-0.0659631003403311,0.113552753088551,0.288735409406897,1,0,0.0679968872452738,-0.133959987585605,0.10925,0,0.714694372069208,0.841142851598129,2.4390157795558,2233.35648012161,"OK",97,0.3783,0.0412
24,"null","deer_like","array_rn",264,-0.179515853428882,-0.158482756422263,0.0210330970066189,0.388803269632648,1,0,0.0242340302955779,-0.182716786717841,0.13275,0,0.674134595290516,0.823953501911545,2.86301524905936,2377.65883898735,"OK",97,0.3425,0.0515
25,"null","deer_like","array_rn",265,-0.179515853428882,-0.271451594744904,-0.0919357413160214,0.30681080099265,1,1,-0.189162502546416,-0.0822890921984876,0.442875,0,0.372056271725896,0.632794154747812,2.90898412276938,2367.57546067238,"OK",97,0.3727,0.0722
26,"null","deer_like","array_rn",266,-0.179515853428882,-0.25777644815006,-0.0782605947211778,0.335412251563603,1,1,0.0311715295108219,-0.288947977660882,0.1145,0,0.790230603766485,0.890716877874595,2.38901399960175,2522.78094339371,"OK",97,0.3443,0.0722
27,"null","deer_like","array_rn",267,-0.179515853428882,-0.304888281810179,-0.125372428381297,0.330986100189615,1,1,0.17737025618218,-0.482258537992359,0.014875,0,0.777018864357476,0.87868481825768,2.62458887653379,2507.26585674286,"OK",97,0.3557,0.0928
28,"null","deer_like","array_rn",268,-0.179515853428882,-0.195688424075181,-0.0161725706462985,0.405135637151574,1,1,0.465784576440485,-0.661473000515666,0.009,0,0.674010317360437,0.821377282695181,2.89020081773506,2510.15874123573,"OK",97,0.3311,0.0722
29,"null","deer_like","array_rn",269,-0.179515853428882,-0.256918760044859,-0.0774029066159767,0.366285601457763,1,1,-0.0747840825700925,-0.182134677474766,0.247125,0,0.597129502011297,0.773176269673388,2.53301899755047,1463.70424604416,"OK",97,0.3305,0.0515
30,"null","deer_like","array_rn",270,-0.179515853428882,-0.22878155958501,-0.0492657061561274,0.314049733044735,1,1,0.14918291125027,-0.37796447083528,0.01075,0,0.709594729076918,0.826908148809408,2.95981062840903,1751.93012261391,"OK",97,0.3132,0.0206
1,"varying","deer_like","array_rn",271,-0.179515853428882,-0.0890917301919882,0.0904241232368941,0.341258951087531,1,0,0.0826498499174526,-0.171741580109441,0.13125,0,0.692416883864511,0.823832210987987,2.28153162985212,1701.1632604599,"OK",97,0.3383,0.0206
2,"varying","deer_like","array_rn",272,-0.179515853428882,-0.231914629475043,-0.0523987760461606,0.317477946923697,1,1,0.0860698047577023,-0.317984434232745,0.108125,0,0.746675172643813,0.862194104290788,2.22785391817109,2499.88774228096,"OK",97,0.3469,0.0515
3,"varying","deer_like","array_rn",273,-0.179515853428882,-0.119282605950504,0.060233247478378,0.278071182681501,1,0,0.11441865436567,-0.233701260316174,0.056125,0,0.822604627854924,0.906470143026257,1.88423013602719,2502.66076946259,"OK",97,0.3299,0.0206
4,"varying","deer_like","array_rn",274,-0.179515853428882,-0.0257892148263045,0.153726638602578,0.274368661943085,0,0,-0.0420263747036344,0.0162371598773299,0.123125,0,0.791142274473988,0.886544470104213,2.66974493749649,2456.79418301582,"OK",97,0.3242,0.0412
5,"varying","deer_like","array_rn",275,-0.179515853428882,-0.160690022800164,0.0188258306287183,0.333062932787124,1,0,0.0653013225299886,-0.225991345330153,0.088,0,0.542802093351368,0.749864154165615,2.51543706156974,2297.56834220886,"OK",97,0.3441,0.0722
6,"varying","deer_like","array_rn",276,-0.179515853428882,-0.228505384449872,-0.0489895310209894,0.313043862971818,1,1,-0.180020700503216,-0.0484846839466553,0.321375,0,0.632219991909191,0.78998234004153,2.52353861746059,2472.29108858109,"OK",97,0.333,0.0412
7,"varying","deer_like","array_rn",277,-0.179515853428882,-0.221086844834101,-0.0415709914052183,0.395802022337596,1,1,-0.175890356479826,-0.045196488354275,0.283,0,0.769128233680723,0.873469308544703,3.00781196399994,1599.86952280998,"OK",97,0.3455,0.0206
8,"varying","deer_like","array_rn",278,-0.179515853428882,-0.220954562344934,-0.0414387089160513,0.369680530888244,1,1,0.186916142626859,-0.407870704971793,0.01725,0,0.694985684474446,0.827349647771158,2.41415531931347,1596.15399074554,"OK",97,0.3504,0.0206
9,"varying","deer_like","array_rn",279,-0.179515853428882,-0.0519703646087911,0.127545488820091,0.328604355316268,1,0,0.0936895745018194,-0.145659939110611,0.087625,0,0.764615805110277,0.87272700809253,2.63798043880103,1916.59815430641,"OK",97,0.32,0.0309
10,"varying","deer_like","array_rn",280,-0.179515853428882,-0.186034709594522,-0.00651885616563994,0.304532682911638,1,1,0.0298032143898459,-0.215837923984368,0.063125,0,0.342857786791361,0.630863203244775,3.49654247669312,1649.19463658333,"OK",97,0.3503,0.0619
11,"varying","deer_like","array_rn",281,-0.179515853428882,-0.241515889026749,-0.0620000355978668,0.338261686614152,1,1,0.0571646659546064,-0.298680554981355,0.1035,0,0.633608961681057,0.799996118690446,2.16745748035642,1618.20584177971,"OK",97,0.3417,0.0515
12,"varying","deer_like","array_rn",282,-0.179515853428882,-0.164685711670217,0.0148301417586648,0.314290704817237,1,1,0.114256046378491,-0.278941758048708,0.077,0,0.575400885289098,0.746574744318733,1.98949503348355,1743.74735665321,"OK",97,0.3445,0.0412
13,"varying","deer_like","array_rn",283,-0.179515853428882,-0.246898160346859,-0.0673823069179763,0.325223058581352,1,1,0.202058398668094,-0.448956559014953,0.014125,0,0.658759349117063,0.803130276155175,2.57444716273835,1943.49932169914,"OK",97,0.3344,0.0515
14,"varying","deer_like","array_rn",284,-0.179515853428882,-0.265632204035793,-0.0861163506069103,0.399839885026886,1,1,-0.0259449344922426,-0.23968726954355,0.159375,0,0.71082981414238,0.8395224048594,2.53029700851438,1925.46126627922,"OK",97,0.3349,0.0412
15,"varying","deer_like","array_rn",285,-0.179515853428882,-0.133708853222038,0.0458070002068447,0.355359155631359,1,0,0.0628984881707938,-0.196607341392831,0.08725,0,0.50854110613962,0.709915775582682,2.72465930150606,2658.92222499847,"OK",97,0.3503,0.0825
16,"varying","deer_like","array_rn",286,-0.179515853428882,-0.125860912807229,0.0536549406216531,0.343998665344026,1,0,-0.0679770019657383,-0.0578839108414909,0.186,0,0.789939376959616,0.88321139552485,2.35961238514073,2299.33989095688,"OK",97,0.3422,0.0412
17,"varying","deer_like","array_rn",287,-0.179515853428882,-0.0526662230097854,0.126849630419097,0.252383674861087,1,0,0.0993217315858486,-0.151987954595634,0.073,0,0.680770456483112,0.821755710376681,3.03191206350998,2291.52248263359,"OK",97,0.3322,0.0619
18,"varying","deer_like","array_rn",288,-0.179515853428882,-0.176727768946381,0.00278808448250129,0.488676952648402,1,0,-0.00204951503263903,-0.174678253913742,0.18325,0,0.732478058164796,0.848037027693144,2.28538699056897,2301.35070705414,"OK",97,0.3319,0.0412
19,"varying","deer_like","array_rn",289,-0.179515853428882,-0.233365818176874,-0.0538499647479914,0.282160994793425,1,1,-0.0495058927882382,-0.183859925388635,0.2155,0,0.686030331925946,0.824288264860564,2.56841209737235,2284.00941634178,"OK",97,0.3682,0.0619
20,"varying","deer_like","array_rn",290,-0.179515853428882,-0.209248390937331,-0.029732537508449,0.369472713972646,1,1,0.0440052301549577,-0.253253621092289,0.102625,0,0.512887018634011,0.721811989365212,2.62945060472239,2285.74586629868,"OK",97,0.3336,0.0619
21,"varying","deer_like","array_rn",291,-0.179515853428882,-0.162833814234477,0.0166820391944052,0.32459707770241,1,1,0.123185605586709,-0.286019419821186,0.0875,0,0.754743187504011,0.867365949271284,2.08915325924006,1965.99078011513,"OK",97,0.3589,0.0309
22,"varying","deer_like","array_rn",292,-0.179515853428882,-0.216987839525441,-0.0374719860965587,0.380488494364485,1,1,0.298976392098606,-0.515964231624047,0.0065,0,0.810225645152415,0.890881833530633,2.48684732678866,2108.48103928566,"OK",97,0.3491,0.0722
23,"varying","deer_like","array_rn",293,-0.179515853428882,-0.253278480452653,-0.0737626270237703,0.438786035600353,1,1,-0.0562564197110593,-0.197022060741593,0.221375,0,0.728407214583102,0.835364551999845,2.55164877348323,2521.17510843277,"OK",97,0.3213,0.0515
24,"varying","deer_like","array_rn",294,-0.179515853428882,-0.206318456069405,-0.0268026026405223,0.333751163264491,1,1,-0.00612084080157874,-0.200197615267826,0.17475,0,0.801336831709778,0.886175745696598,2.44057936772435,2476.51787900925,"OK",97,0.364,0.0515
25,"varying","deer_like","array_rn",295,-0.179515853428882,-0.260762402979441,-0.0812465495505584,0.373665086910182,1,1,0.00105433138568536,-0.261816734365126,0.128875,0,0.763641073732463,0.86516815773642,2.41351795471747,2446.21454882622,"OK",97,0.3402,0.0722
26,"varying","deer_like","array_rn",296,-0.179515853428882,-0.0524681688899637,0.127047684538919,0.275308841061046,1,0,0.107450499670266,-0.15991866856023,0.105875,0,0.690967386108126,0.830192707019348,1.76681143385245,2107.00054693222,"OK",97,0.3152,0.0412
27,"varying","deer_like","array_rn",297,-0.179515853428882,-0.16750982888309,0.0120060245457925,0.382685939954231,1,0,0.0535874573244211,-0.221097286207511,0.085875,0,0.777560201901223,0.874303790098779,2.39240987764508,2200.9570171833,"OK",97,0.3262,0.0412
28,"varying","deer_like","array_rn",298,-0.179515853428882,-0.2521056939776,-0.0725898405487179,0.283855369358612,1,1,-0.022976149043561,-0.229129544934039,0.16175,0,0.389641943469588,0.655849133497642,2.58283459893362,1971.77966141701,"OK",97,0.3555,0.0515
29,"varying","deer_like","array_rn",299,-0.179515853428882,-0.179111168622844,0.000404684806038419,0.335840679963733,1,1,0.109294726581049,-0.288405895203893,0.0625,0,0.800962731576647,0.884472821129849,2.42106070902222,2355.28267216682,"OK",97,0.3297,0.0619
30,"varying","deer_like","array_rn",300,-0.179515853428882,-0.161697600272661,0.0178182531562217,0.330554237411584,1,1,-0.104615675251636,-0.0570819250210251,0.213125,0,0.651049084139942,0.801165363193541,2.6801383471998,2193.99741148949,"OK",97,0.367,0.0412
1,"null","intermediate","array_rn",301,-0.179515853428882,0.244245647860302,0.423761501289184,0.549844604883524,0,0,0.287829197849166,-0.0435835499888638,0.24075,0,-0.51792297579937,0.248908381687982,2.44017897310526,2229.61788034439,"OK",97,0.2492,0.0206
2,"null","intermediate","array_rn",302,-0.179515853428882,-0.133035386319756,0.0464804671091259,0.374343838461855,1,0,0.00942924548474539,-0.142464631804502,0.141125,0,0.590814137779101,0.760683304546954,2.91694089224622,2535.94557237625,"OK",97,0.2281,0.0206
3,"null","intermediate","array_rn",303,-0.179515853428882,-0.300971083554226,-0.121455230125344,0.611237514327911,1,1,0.115373531403857,-0.416344614958083,0.05625,0,0.502909294567339,0.691227270080925,2.30567547136475,2330.64901375771,"OK",97,0.2284,0.0206
4,"null","intermediate","array_rn",304,-0.179515853428882,-0.190775169991648,-0.011259316562766,0.69033992723108,1,0,0.0874968504001723,-0.278272020391821,0.08275,0,0.165041187321817,0.523428554794388,2.31001281422446,2346.67513751984,"OK",97,0.2263,0.0206
5,"null","intermediate","array_rn",305,-0.179515853428882,-0.290352254986257,-0.110836401557374,0.485890220638376,1,1,0.0154540318017416,-0.305806286787998,0.137625,0,0.562881434703024,0.758563139203167,3.22671767526049,2365.63788557053,"OK",97,0.2446,0.0206
6,"null","intermediate","array_rn",306,-0.179515853428882,-0.495761199491518,-0.316245346062636,0.613230127958665,0,1,0.00851640268916179,-0.50427760218068,0.108375,0,0.431382897577529,0.674950028139494,2.98064257483491,2129.81649112701,"OK",97,0.2158,0.0103
7,"null","intermediate","array_rn",307,-0.179515853428882,-0.205275467024248,-0.0257596135953654,0.562583133771733,1,0,0.121402921635814,-0.326678388660061,0.079375,0,0.589998452657218,0.760101108113878,2.81243663352918,2153.28349089622,"OK",97,0.2094,0
8,"null","intermediate","array_rn",308,-0.179515853428882,-0.24830146634139,-0.0687856129125078,0.491601516306961,1,1,-0.136738255984593,-0.111563210356797,0.226,0,0.644874123672682,0.796134215684372,3.14186109108974,2286.36654424667,"OK",97,0.2307,0.0206
9,"null","intermediate","array_rn",309,-0.179515853428882,-0.17411867550578,0.00539717792310265,0.444432090720593,1,0,-0.0708247763054356,-0.103293899200344,0.22075,0,0.611537310300832,0.768989306992179,3.10068576241433,2197.63555216789,"OK",97,0.2261,0.0103
10,"null","intermediate","array_rn",310,-0.179515853428882,-0.765435406773882,-0.585919553344999,0.797405857872074,0,1,0.0861834463339852,-0.851618853107867,0.024875,0,0.706591380497617,0.822085621688758,2.09115366919942,2056.58871078491,"OK",97,0.2169,0.0412
11,"null","intermediate","array_rn",311,-0.179515853428882,-0.200916804110581,-0.0214009506816987,0.532324606574214,1,0,0.00359672949591732,-0.204513533606498,0.151625,0,0.591863471180208,0.770488462807351,2.5238104603143,2312.05400586128,"OK",97,0.2255,0.0412
12,"null","intermediate","array_rn",312,-0.179515853428882,-0.174452223376147,0.005063630052735,0.470586035061975,1,0,-0.0729875496525752,-0.101464673723572,0.2035,0,0.590706610840501,0.780186885055018,3.06067575405279,2231.1975479126,"OK",97,0.237,0.0206
13,"null","intermediate","array_rn",313,-0.179515853428882,-0.176902672810522,0.00261318061836049,0.483169757724589,1,0,-0.0518009746402971,-0.125101698170225,0.157375,0,0.286625237377178,0.614964388984844,3.54911831831108,2403.33127307892,"OK",97,0.2226,0.0206
14,"null","intermediate","array_rn",314,-0.179515853428882,-0.453059022032087,-0.273543168603205,0.739516331369639,1,1,0.0561923693685854,-0.509251391400673,0.088875,0,0.616804206733395,0.783277377787265,2.42240719655023,2262.59114074707,"OK",97,0.2094,0.0103
15,"null","intermediate","array_rn",315,-0.179515853428882,-0.214014013051996,-0.0344981596231141,0.51809159584081,1,0,-0.0573204435883491,-0.156693569463647,0.186,0,0.781403007583615,0.879276717964641,2.28554657714996,2516.23616671562,"OK",97,0.2405,0.0103
16,"null","intermediate","array_rn",316,-0.179515853428882,-0.0874165037653715,0.0920993496635108,0.6833769096796,1,0,-0.0812235095659037,-0.00619299419946778,0.16975,0,0.485065721673508,0.695292941838576,3.58254082516958,2467.24655747414,"OK",97,0.2295,0.0309
17,"null","intermediate","array_rn",317,-0.179515853428882,-0.254125222118671,-0.0746093686897885,0.556639019076003,1,1,-0.0465826723283875,-0.207542549790283,0.1925,0,0.634317921347186,0.785533388965437,2.88820070377328,2371.13637971878,"OK",97,0.2119,0.0412
18,"null","intermediate","array_rn",318,-0.179515853428882,-0.156044688665061,0.0234711647638212,0.548995427527232,1,0,-0.145637868011193,-0.0104068206538677,0.22325,0,0.656650952313101,0.800772380601215,3.4394527143896,2233.84374117851,"OK",97,0.2523,0.0103
19,"null","intermediate","array_rn",319,-0.179515853428882,-0.29902396430767,-0.119508110878788,0.579728447929263,1,1,-0.110531935472789,-0.188492028834881,0.227375,0,0.445565970077087,0.690504376176522,3.09143101863113,2194.29242777824,"OK",97,0.2421,0.0412
20,"null","intermediate","array_rn",320,-0.179515853428882,-0.228505692395668,-0.0489898389667855,0.601027463897492,1,0,0.138032714229238,-0.366538406624906,0.08025,0,0.513610100427885,0.727755244619535,2.75168893658307,2483.15094304085,"OK",97,0.2208,0.0309
21,"null","intermediate","array_rn",321,-0.179515853428882,-0.308360988453651,-0.128845135024769,0.468510639787296,1,1,-0.0558190992240657,-0.252541889229586,0.193,0,0.503944521870359,0.736449378020144,2.9079188134087,2493.49113106728,"OK",97,0.2232,0.0103
22,"null","intermediate","array_rn",322,-0.179515853428882,0.189031679917721,0.368547533346603,0.45182368110454,0,0,0.203954081969975,-0.014922402052254,0.218,0,-0.551284587050471,0.234445651962972,2.86699112431291,1996.58578705788,"OK",97,0.2365,0.0412
23,"null","intermediate","array_rn",323,-0.179515853428882,-0.19086074737671,-0.0113448939478275,0.526218504481046,1,0,0.0179907897503655,-0.208851537127075,0.136625,0,0.542816375775681,0.745167769605465,3.4663086522079,2272.78247737885,"OK",97,0.2297,0.0309
24,"null","intermediate","array_rn",324,-0.179515853428882,-0.0160831489211146,0.163432704507768,0.484202054383518,1,0,0.0293774525608538,-0.0454606014819684,0.161875,0,0.597609461998709,0.765554348037028,2.74436486601561,2469.39088582993,"OK",97,0.2193,0.0206
25,"null","intermediate","array_rn",325,-0.179515853428882,-0.123953394768672,0.0555624586602104,0.646596633528807,1,0,0.121309272754157,-0.245262667522829,0.083375,0,0.521734683947342,0.742159754701236,2.47611194743792,2462.93486094475,"OK",97,0.229,0.0206
26,"null","intermediate","array_rn",326,-0.179515853428882,-0.323357456808215,-0.143841603379333,0.557609137308281,1,1,-0.0685585462950685,-0.254798910513147,0.1895,0,0.212923984625828,0.558520444798075,2.79639124367258,2482.93470525742,"OK",97,0.2424,0.0309
27,"null","intermediate","array_rn",327,-0.179515853428882,-0.107425102338028,0.0720907510908548,0.600501959937317,1,0,0.00860364245890872,-0.116028744796936,0.141625,0,0.697568302648643,0.826956665178831,1.95283262854323,2480.72235488892,"OK",97,0.2243,0.0206
28,"null","intermediate","array_rn",328,-0.179515853428882,-0.0402039554997301,0.139311897929152,0.556491975085366,1,0,0.0113675971075299,-0.05157155260726,0.146875,0,0.567245588946987,0.746827029439733,3.23908025845374,2528.28918790817,"OK",97,0.2084,0.0103
29,"null","intermediate","array_rn",329,-0.179515853428882,-0.382033148641809,-0.202517295212926,0.567434295060544,1,1,0.0683816184077759,-0.450414767049585,0.074125,0,0.587120872766089,0.766859438374508,2.44663664015733,2141.93477749825,"OK",97,0.2172,0
30,"null","intermediate","array_rn",330,-0.179515853428882,0.0479298105690293,0.227445663997912,0.644235790923502,1,0,-0.0209715403288143,0.0689013508978436,0.133125,0,0.638350421989535,0.816268508994935,1.96644520097003,2356.50953578949,"OK",97,0.2213,0.0309
1,"varying","intermediate","array_rn",331,-0.179515853428882,-0.178873181102284,0.000642672326598398,0.465026934598049,1,0,-0.0566719496783521,-0.122201231423932,0.2045,0,0.340681344093786,0.635588697626579,2.72862213407745,2488.7889289856,"OK",97,0.2557,0.0309
2,"varying","intermediate","array_rn",332,-0.179515853428882,0.0845598345484418,0.264075687977324,0.505284723864673,0,0,0.0742480390045413,0.0103117955439004,0.132375,0,0.761224170151474,0.85508160453337,2.60941395271649,2665.16960644722,"OK",97,0.2272,0.0309
3,"varying","intermediate","array_rn",333,-0.179515853428882,-0.0383038628995026,0.14121199052938,0.465315351084666,1,0,-0.0273923682818494,-0.0109114946176532,0.13875,0,0.334661919387593,0.633963399250907,2.73755162828128,2225.10354661942,"OK",97,0.2316,0
4,"varying","intermediate","array_rn",334,-0.179515853428882,-0.0314781813258669,0.148037672103015,0.499291039529332,1,0,0.0345771231774138,-0.0660553045032807,0.14325,0,0.383689763174162,0.64281278503367,2.58037154175917,1776.6886241436,"OK",97,0.2119,0.0103
5,"varying","intermediate","array_rn",335,-0.179515853428882,-0.280063786536474,-0.100547933107592,0.516920833537845,1,1,-0.0999482820051477,-0.180115504531326,0.266125,0,0.356741088676912,0.627166255894739,3.00698748563265,2340.85443353653,"OK",97,0.2292,0.0309
6,"varying","intermediate","array_rn",336,-0.179515853428882,-0.170989253773265,0.00852659965561775,0.496791723411894,1,0,-0.0465946592847037,-0.124394594488561,0.169375,0,0.713193194698922,0.852059034718314,2.73400194050932,2612.15789651871,"OK",97,0.254,0.0206
7,"varying","intermediate","array_rn",337,-0.179515853428882,-0.164060644793528,0.0154552086353545,0.50713979136342,1,0,-0.107611436699331,-0.0564492080941965,0.21575,0,0.716191445847323,0.857973180150983,2.7023851906933,2600.02168321609,"OK",97,0.2079,0
8,"varying","intermediate","array_rn",338,-0.179515853428882,-0.238722167401226,-0.0592063139723433,0.693680094982625,1,0,0.229483945764743,-0.468206113165969,0.04125,0,0.257330301996973,0.584020648566826,2.35911581613203,2455.25917696953,"OK",97,0.2255,0.0206
9,"varying","intermediate","array_rn",339,-0.179515853428882,-0.382013731909686,-0.202497878480803,0.541746552380511,1,1,-0.0116587205008562,-0.370355011408829,0.107375,0,0.625030482396335,0.780638087290652,3.13790281868112,2451.82925748825,"OK",97,0.2567,0.0412
10,"varying","intermediate","array_rn",340,-0.179515853428882,-0.34718680843012,-0.167670955001238,0.714354482143944,1,0,0.0853835235890037,-0.432570332019124,0.086875,0,0.414511972206114,0.676618991247647,1.80874084955883,2444.02965855598,"OK",97,0.2148,0.0309
11,"varying","intermediate","array_rn",341,-0.179515853428882,-0.399026971514722,-0.21951111808584,0.561688125068148,1,1,0.0682233744559083,-0.46725034597063,0.083375,0,0.733762498543906,0.859729472724097,2.14335845564748,2407.18929004669,"OK",97,0.2552,0.0619
12,"varying","intermediate","array_rn",342,-0.179515853428882,-0.17732809455731,0.0021877588715726,0.596024278366767,1,0,0.0954119954970943,-0.272740090054404,0.099875,0,0.68445511357036,0.825806827223505,2.69985231854553,2390.24599266052,"OK",97,0.2138,0.0309
13,"varying","intermediate","array_rn",343,-0.179515853428882,-0.295142400330092,-0.115626546901209,0.552749937309563,1,1,0.0978754249690042,-0.393017825299096,0.07275,0,0.783973827930321,0.876666537289682,3.30187460122658,2288.6384062767,"OK",97,0.2387,0.0206
14,"varying","intermediate","array_rn",344,-0.179515853428882,-0.159075653589204,0.0204401998396781,0.493892891391165,1,0,-0.0729485846798662,-0.0861270689093381,0.195375,0,0.760682335688363,0.863324535698345,3.26671646996895,2423.89836645126,"OK",97,0.254,0.0309
15,"varying","intermediate","array_rn",345,-0.179515853428882,-0.0986333083448317,0.0808825450840506,0.437088048865104,1,0,-0.0263833202981782,-0.0722499880466535,0.15475,0,0.606175534328977,0.760460129247608,3.07417193651231,2516.20145916939,"OK",97,0.2826,0.0103
16,"varying","intermediate","array_rn",346,-0.179515853428882,-0.339084820878973,-0.159568967450091,0.44834673745857,1,1,0.335770687089199,-0.674855507968172,0.005625,0,0.767426765747259,0.866497506258612,3.1694292659634,2496.00968837738,"OK",97,0.2139,0.0206
17,"varying","intermediate","array_rn",347,-0.179515853428882,-0.0106262895259606,0.168889563902922,0.460110944400705,1,0,0.0130539629025352,-0.0236802524284958,0.141625,0,0.406412891870811,0.676405519222186,3.81764908247131,2260.74652934074,"OK",97,0.2593,0.0206
18,"varying","intermediate","array_rn",348,-0.179515853428882,-0.292479200510221,-0.112963347081339,0.66918964745382,1,0,0.123323148357006,-0.415802348867227,0.055875,0,0.655041141957888,0.801048923906926,2.6798434778974,2366.43349981308,"OK",97,0.2302,0.0206
19,"varying","intermediate","array_rn",349,-0.179515853428882,-0.285990228673699,-0.106474375244817,0.633030251606196,1,0,0.0972701323145519,-0.383260360988251,0.09025,0,0.494951227123936,0.69384715402977,2.18983545591285,2420.80557990074,"OK",97,0.2006,0.0206
20,"varying","intermediate","array_rn",350,-0.179515853428882,-0.479057686896756,-0.299541833467874,0.662603299234957,0,1,0.373338818540158,-0.852396505436914,0.0045,0,0.506555368270387,0.716310233072639,3.19050338301867,2517.72585320473,"OK",97,0.223,0.0103
21,"varying","intermediate","array_rn",351,-0.179515853428882,-0.0292933676303774,0.150222485798505,0.457553181131082,1,0,0.070761630420959,-0.100054998051336,0.122125,0,0.453528413616828,0.691984125443925,2.5403771998072,2493.7665169239,"OK",97,0.2112,0.0103
22,"varying","intermediate","array_rn",352,-0.179515853428882,0.279949203530633,0.459465056959515,0.521553946124579,0,1,-0.0707742128506952,0.350723416381328,0.083,0,-0.315569860635117,0.365832831997516,3.03567356196756,2474.34741616249,"OK",97,0.228,0
23,"varying","intermediate","array_rn",353,-0.179515853428882,-0.0975709290743613,0.081944924354521,0.410715040716803,1,0,0.00544782438457815,-0.103018753458939,0.121625,0,0.521832801477332,0.741524190261794,3.51586584185581,2629.31348967552,"OK",97,0.2306,0.0412
24,"varying","intermediate","array_rn",354,-0.179515853428882,-0.133661746140165,0.0458541072887168,0.499823066239675,1,0,-0.113078282285623,-0.0205834638545427,0.210375,0,0.368543885361536,0.639867841409692,3.07211542041507,2482.02358651161,"OK",97,0.2661,0.0412
25,"varying","intermediate","array_rn",355,-0.179515853428882,-0.0246443206107325,0.15487153281815,0.460207343447046,1,0,0.0518237298878912,-0.0764680504986237,0.103625,0,0.683465971530977,0.808268159677075,4.03892790853232,2491.2200345993,"OK",97,0.2335,0.0206
26,"varying","intermediate","array_rn",356,-0.179515853428882,-0.256404105448396,-0.0768882520195142,0.623648467486219,1,0,0.26981209889376,-0.526216204342156,0.01675,0,0.619768939869182,0.810892895262862,3.2164056915387,2388.9690117836,"OK",97,0.2556,0.0206
27,"varying","intermediate","array_rn",357,-0.179515853428882,-0.289752922744591,-0.110237069315708,0.57743709797935,1,1,0.0964549738421002,-0.386207896586691,0.065125,0,0.351911801878185,0.629878320945487,3.37881836982942,2365.47523331642,"OK",97,0.2103,0.0412
28,"varying","intermediate","array_rn",358,-0.179515853428882,0.0275350619340496,0.207050915362932,0.528077661818769,1,0,0.0384134161234236,-0.010878354189374,0.12975,0,0.525828546116369,0.736012730695337,2.4939175421551,2486.25254917145,"OK",97,0.2227,0.0103
29,"varying","intermediate","array_rn",359,-0.179515853428882,-0.210770399169338,-0.0312545457404559,0.467060917300333,1,0,-0.10402949421003,-0.106740904959308,0.196875,0,0.486244478524564,0.718580799161637,2.61737483428108,2472.85092329979,"OK",97,0.2318,0.0515
30,"varying","intermediate","array_rn",360,-0.179515853428882,-0.224695926207325,-0.0451800727784431,0.549352741956884,1,0,-0.124631513756844,-0.100064412450482,0.21775,0,0.55112007468153,0.739889188612238,1.99242678807461,2463.97058963776,"OK",97,0.2145,0.0103
1,"null","bobcat_like","camera_occ",361,-0.179515853428882,-0.00489693026965973,0.174618923159223,1.21654472118143,1,0,0.116574468362645,-0.121471398632305,0.144,0,0.717738211561881,0.835645946942498,1.00937694568792,2791.46043539047,"OK",NA,NA,NA
2,"null","bobcat_like","camera_occ",362,-0.179515853428882,-0.48938073063854,-0.309864877209657,1.29293123044342,1,0,-0.132437734162314,-0.356942996476226,0.20825,0,0.631797305885944,0.78793980088882,0.94697399270789,2572.30731534958,"OK",NA,NA,NA
3,"null","bobcat_like","camera_occ",363,-0.179515853428882,-0.514883348888859,-0.335367495459977,1.19217217898392,1,1,-0.358254176752182,-0.156629172136677,0.369625,0,0.518426515412106,0.759863377903705,1.00501203561578,2662.92929840088,"OK",NA,NA,NA
4,"null","bobcat_like","camera_occ",364,-0.179515853428882,-0.410320492963044,-0.230804639534162,1.41359194685424,1,0,-0.0293748050340091,-0.380945687929035,0.12825,0,0.513810086427582,0.759315142929224,1.09613882316355,2695.10976338387,"OK",NA,NA,NA
5,"null","bobcat_like","camera_occ",365,-0.179515853428882,0.0706484924526343,0.250164345881517,1.4008939787208,1,0,0.196915217206686,-0.126266724754051,0.16175,0,0.380192492776275,0.65595101787343,1.12053540835757,2711.87852787971,"OK",NA,NA,NA
6,"null","bobcat_like","camera_occ",366,-0.179515853428882,0.235516411079061,0.415032264507943,3.71496397704998,1,0,0.0698103524173544,0.165706058661707,0.188625,0,0.614249945022284,0.800549205301869,3.92380033152838,2510.94593214989,"OK",NA,NA,NA
7,"null","bobcat_like","camera_occ",367,-0.179515853428882,-0.694603893035018,-0.515088039606136,1.61056584945846,1,1,-0.331702679685392,-0.362901213349626,0.311625,0,0.337209801295251,0.624429932659279,1.16467410348572,2790.9479739666,"OK",NA,NA,NA
8,"null","bobcat_like","camera_occ",368,-0.179515853428882,-0.236153798470927,-0.0566379450420448,1.86407931200772,1,0,-0.0811327812111442,-0.155021017259783,0.181875,0,0.386804085068299,0.646592210211725,1.85923726384502,2425.95918750763,"OK",NA,NA,NA
9,"null","bobcat_like","camera_occ",369,-0.179515853428882,0.0315467642875554,0.211062617716438,1.76690490668186,1,0,0.136668184676837,-0.105121420389281,0.1775,0,0.521642946220806,0.72681887868967,1.06244694462171,2107.41031599045,"OK",NA,NA,NA
10,"null","bobcat_like","camera_occ",370,-0.179515853428882,-1.72034938210861,-1.54083352867973,5.81218483533405,1,0,0.208321265427378,-1.92867064753599,0.059875,0,0.679276893199862,0.831056298395079,13.0019106475326,2731.08988142014,"OK",NA,NA,NA
11,"null","bobcat_like","camera_occ",371,-0.179515853428882,-0.10917834243716,0.070337510991722,0.9032880502931,1,0,-0.0434143966751075,-0.0657639457620529,0.14825,0,0.677078874584077,0.841171961419783,0.96546838295013,2779.46616053581,"OK",NA,NA,NA
12,"null","bobcat_like","camera_occ",372,-0.179515853428882,-0.24506058108236,-0.065544727653478,1.07849327159282,1,0,0.0253964862792083,-0.270457067361569,0.1475,0,0.474795264012217,0.712293077684411,1.05493792694334,2621.24182605743,"OK",NA,NA,NA
13,"null","bobcat_like","camera_occ",373,-0.179515853428882,-0.180399537841332,-0.00088368441244957,0.561505382290627,1,0,-0.1157500282611,-0.0646495095802316,0.2115,0,0.310288297066475,0.599550738419143,1.1979429153496,2751.52157640457,"OK",NA,NA,NA
14,"null","bobcat_like","camera_occ",374,-0.179515853428882,-0.591857291695823,-0.41234143826694,1.31737718093844,1,1,-0.130792327171514,-0.461064964524309,0.16975,0,0.702911035388081,0.839187641910381,1.04603617081787,3008.93860864639,"OK",NA,NA,NA
15,"null","bobcat_like","camera_occ",375,-0.179515853428882,-0.137872060887001,0.0416437925418814,2.12251545674046,1,0,-0.0421892324721281,-0.0956828284148728,0.153,0,0.26545889293066,0.59861922412622,1.33598225593702,2849.64907312393,"OK",NA,NA,NA
16,"null","bobcat_like","camera_occ",376,-0.179515853428882,-0.429211776742566,-0.249695923313684,0.871302988382878,1,1,-0.430217434913746,0.0010056581711796,0.345625,0,0.67899852217784,0.819150381338664,0.914038827653712,2734.61210894585,"OK",NA,NA,NA
17,"null","bobcat_like","camera_occ",377,-0.179515853428882,-0.589889741954949,-0.410373888526067,1.14685004084473,1,1,-0.0843165748629213,-0.505573167092028,0.147375,0,0.592348432420578,0.77139086727862,0.984170962751068,2796.3806681633,"OK",NA,NA,NA
18,"null","bobcat_like","camera_occ",378,-0.179515853428882,-0.182774389391614,-0.0032585359627316,0.905412443059927,1,0,0.0226214048635282,-0.205395794255142,0.1455,0,0.398850227974582,0.661370296337984,1.06422394358509,2711.77346086502,"OK",NA,NA,NA
19,"null","bobcat_like","camera_occ",379,-0.179515853428882,-0.677744040151446,-0.498228186722564,1.74581110700121,1,0,0.166966913438966,-0.844710953590412,0.046125,0,0.320976599794625,0.613086805488172,1.24535405987917,2910.092441082,"OK",NA,NA,NA
20,"null","bobcat_like","camera_occ",380,-0.179515853428882,-0.340185593136723,-0.16066973970784,1.00779200982704,1,0,-0.171948071827322,-0.168237521309401,0.236625,0,0.363150755380751,0.649280017077762,1.11379490437557,2904.66804480553,"OK",NA,NA,NA
21,"null","bobcat_like","camera_occ",381,-0.179515853428882,-0.235266951913975,-0.0557510984850924,1.19641072895138,1,0,0.0377729865445683,-0.273039938458543,0.12875,0,0.558663743434313,0.760324283413224,1.11238598677703,2653.66257810593,"OK",NA,NA,NA
22,"null","bobcat_like","camera_occ",382,-0.179515853428882,-0.166886796933086,0.0126290564957962,1.69891080026823,1,0,-0.0198577313948798,-0.147029065538206,0.17225,0,0.674513728735919,0.818573036542529,1.17231207251111,2594.72440004349,"OK",NA,NA,NA
23,"null","bobcat_like","camera_occ",383,-0.179515853428882,-1.1406334488685,-0.961117595439617,2.62066098501699,1,1,-0.216995736223105,-0.923637712645395,0.151375,0,0.336640524059497,0.634996797919618,1.21755016145697,2172.23959922791,"OK",NA,NA,NA
24,"null","bobcat_like","camera_occ",384,-0.179515853428882,-0.617343634511628,-0.437827781082746,1.43545155043642,1,0,0.22674604394648,-0.844089678458108,0.022125,0,0.55632293263471,0.761968988336665,1.04472499051133,2510.1204931736,"OK",NA,NA,NA
25,"null","bobcat_like","camera_occ",385,-0.179515853428882,-0.444267769998193,-0.264751916569311,0.964674920067227,1,1,-0.10959481682776,-0.334672953170433,0.200625,0,0.307630644068249,0.610185526596674,1.16062205505104,2784.61265587807,"OK",NA,NA,NA
26,"null","bobcat_like","camera_occ",386,-0.179515853428882,0.0649061505381314,0.244422003967014,1.76049392259894,1,0,-0.0970819854220481,0.161988135960179,0.150375,0,0.421879170465896,0.678598459120107,1.08713309143732,2832.44697237015,"OK",NA,NA,NA
27,"null","bobcat_like","camera_occ",387,-0.179515853428882,-0.467786245759444,-0.288270392330562,0.913055901923852,1,1,-0.0723629739816834,-0.395423271777761,0.160375,0,0.450878182349754,0.668089813503076,1.02859923929948,2838.75789237022,"OK",NA,NA,NA
28,"null","bobcat_like","camera_occ",388,-0.179515853428882,-0.423239765198859,-0.243723911769976,2.00124366737562,1,0,-0.0498507507529278,-0.373389014445931,0.134625,0,0.298910574823978,0.618384793029168,1.5734379974391,2614.68070363998,"OK",NA,NA,NA
29,"null","bobcat_like","camera_occ",389,-0.179515853428882,-0.535039000766351,-0.355523147337469,1.2631511386169,1,1,-0.110542335877504,-0.424496664888847,0.167375,0,0.282020413864262,0.599274195113431,1.33392005517686,2609.48814034462,"OK",NA,NA,NA
30,"null","bobcat_like","camera_occ",390,-0.179515853428882,0.156236278857168,0.335752132286051,2.22634556102841,1,0,0.0421833378871983,0.11405294096997,0.1695,0,0.283058991365577,0.608312794736944,1.25470339109252,2598.0295715332,"OK",NA,NA,NA
1,"varying","bobcat_like","camera_occ",391,-0.179515853428882,-0.0968436540445953,0.082672199384287,1.05371709435286,1,0,-0.0857634997067119,-0.0110801543378834,0.182375,0,0.258411470296717,0.5831230957325,1.21042726445968,2654.30440115929,"OK",NA,NA,NA
2,"varying","bobcat_like","camera_occ",392,-0.179515853428882,0.0077948516953564,0.187310705124239,1.31321199956542,1,0,0.0888400023137018,-0.0810451506183454,0.140375,0,0.206052759980718,0.560349511925324,1.27531161818573,2713.08134245872,"OK",NA,NA,NA
3,"varying","bobcat_like","camera_occ",393,-0.179515853428882,-1.55171326098454,-1.37219740755566,3.02917023151984,0,1,-0.732419426981438,-0.819293834003102,0.336125,0,0.362971607935046,0.662209629529003,1.59113900281601,2867.16489195824,"OK",NA,NA,NA
4,"varying","bobcat_like","camera_occ",394,-0.179515853428882,-0.086704949604923,0.0928109038239593,5.1829295288912,1,0,-0.127879829206079,0.0411748796011564,0.215125,0,0.0892682777401589,0.522841506724369,1.45719401729209,2857.58936929703,"OK",NA,NA,NA
5,"varying","bobcat_like","camera_occ",395,-0.179515853428882,-0.472010485490181,-0.292494632061299,3.70065544114898,1,0,-0.0533153626237926,-0.418695122866388,0.166875,0,0.298872728803997,0.618554600322149,1.32045146628325,2495.21753072739,"OK",NA,NA,NA
6,"varying","bobcat_like","camera_occ",396,-0.179515853428882,-0.556557997989405,-0.377042144560523,1.63773124023756,1,0,-0.203310429577634,-0.353247568411771,0.218875,0,0.440169137245554,0.681053387412913,1.1240400494746,2575.6069560051,"OK",NA,NA,NA
7,"varying","bobcat_like","camera_occ",397,-0.179515853428882,-0.309675500043521,-0.130159646614638,0.935087762114294,1,0,-0.095988734995729,-0.213686765047792,0.1995,0,0.163845935953794,0.537304236449378,1.18326973159472,2377.14602327347,"OK",NA,NA,NA
8,"varying","bobcat_like","camera_occ",398,-0.179515853428882,-0.362412438448407,-0.182896585019525,0.84658219080063,1,1,-0.246901119447241,-0.115511319001166,0.3135,0,0.362058382350822,0.644083913912554,1.34205038544661,2984.38594102859,"OK",NA,NA,NA
9,"varying","bobcat_like","camera_occ",399,-0.179515853428882,0.132224525877333,0.311740379306215,1.44319109537018,1,0,0.0536475950306977,0.0785769308466348,0.14925,0,-0.407596601885854,0.279565875526403,1.82014059244089,2776.30917620659,"OK",NA,NA,NA
10,"varying","bobcat_like","camera_occ",400,-0.179515853428882,-0.178782283717483,0.000733569711399568,1.34894125593217,1,0,-0.0344149896669807,-0.144367294050502,0.16675,0,0.530110484250005,0.732684507752916,1.25897151317607,2819.73338627815,"OK",NA,NA,NA
11,"varying","bobcat_like","camera_occ",401,-0.179515853428882,0.856272487253622,1.0357883406825,3.7530125759026,1,0,0.714174101959001,0.142098385294621,0.3265,0,0.698474731658334,0.825365328261756,1.76406398836884,2784.38424491882,"OK",NA,NA,NA
12,"varying","bobcat_like","camera_occ",402,-0.179515853428882,-1.12542896839823,-0.945913114969348,2.32817819486035,1,1,0.0491130606148913,-1.17454202901312,0.025375,0,-0.0610783627891905,0.41873022957946,1.22296824566045,2769.61633253098,"OK",NA,NA,NA
13,"varying","bobcat_like","camera_occ",403,-0.179515853428882,-1.24021555345507,-1.06069970002619,2.49677630100943,1,1,0.120716894063546,-1.36093244751862,0.021375,0,0.590422901942726,0.791001183799414,1.17044474649646,2590.8333799839,"OK",NA,NA,NA
14,"varying","bobcat_like","camera_occ",404,-0.179515853428882,-0.641727745332142,-0.46221189190326,3.81783341640463,1,0,-0.321517313018067,-0.320210432314075,0.222125,0,-0.0490568574655891,0.431082497234567,1.27053029963453,2540.99671244621,"OK",NA,NA,NA
15,"varying","bobcat_like","camera_occ",405,-0.179515853428882,-0.390083394921521,-0.210567541492639,1.30816698934033,1,0,-0.00474144768904546,-0.385341947232476,0.130125,0,0.337286407025658,0.609224902482097,1.38551600417484,2633.59211421013,"OK",NA,NA,NA
16,"varying","bobcat_like","camera_occ",406,-0.179515853428882,-1.19366650722317,-1.01415065379429,5.32789704905421,1,0,-0.387600076741624,-0.806066430481546,0.207875,0,0.2556253395983,0.577931844204234,3.35941208054187,2203.11041736603,"OK",NA,NA,NA
17,"varying","bobcat_like","camera_occ",407,-0.179515853428882,-0.105645305338468,0.073870548090414,2.72849828188549,1,0,-0.0588289272099819,-0.0468163781284864,0.175875,0,0.540947991024739,0.72886141784238,3.40398693909619,2821.08131289482,"OK",NA,NA,NA
18,"varying","bobcat_like","camera_occ",408,-0.179515853428882,0.149711917103603,0.329227770532485,5.63998596330486,1,0,-0.0356173677525384,0.185329284856142,0.219,0,0.682500649561773,0.816549903937589,21.9608849825128,2821.64235305786,"OK",NA,NA,NA
19,"varying","bobcat_like","camera_occ",409,-0.179515853428882,-0.553536915022967,-0.374021061594085,1.24107334263574,1,1,0.16569790946376,-0.719234824486727,0.032125,0,0.440793235907964,0.675978575171263,1.09307064440921,2782.78112030029,"OK",NA,NA,NA
20,"varying","bobcat_like","camera_occ",410,-0.179515853428882,-0.311555593820945,-0.132039740392063,1.97109401770557,1,0,-0.0545946570387306,-0.256960936782214,0.164375,0,0.519331453663704,0.715601894079062,1.08286923664267,2577.86070632935,"OK",NA,NA,NA
21,"varying","bobcat_like","camera_occ",411,-0.179515853428882,-0.0938047454471799,0.0857111079817024,2.10711975137258,1,0,-0.159610654812573,0.0658059093653932,0.188875,0,0.688473331788395,0.846086669642337,2.0088547712192,2613.97147107124,"OK",NA,NA,NA
22,"varying","bobcat_like","camera_occ",412,-0.179515853428882,-0.482800219635287,-0.303284366206404,2.95389518165282,1,0,0.049696936101235,-0.532497155736522,0.12675,0,0.300736160390952,0.601336140813911,1.48515097692805,2617.37263560295,"OK",NA,NA,NA
23,"varying","bobcat_like","camera_occ",413,-0.179515853428882,0.434292152684913,0.613808006113796,1.72010103088758,1,0,0.117104848152222,0.317187304532692,0.188625,0,0.623255229952081,0.787362456092686,0.94448477794348,2598.63024973869,"OK",NA,NA,NA
24,"varying","bobcat_like","camera_occ",414,-0.179515853428882,-0.147045413925924,0.0324704395029583,1.59392178314345,1,0,-0.0657960905234058,-0.0812493234025182,0.18,0,0.526641987086284,0.728764385103534,1.03132003630601,2824.41363048553,"OK",NA,NA,NA
25,"varying","bobcat_like","camera_occ",415,-0.179515853428882,0.0538344762666352,0.233350329695517,1.78739581810327,1,0,0.0485625077329517,0.00527196853368343,0.172625,0,0.528245577934613,0.734736750179511,1.03989496331427,2738.29599881172,"OK",NA,NA,NA
26,"varying","bobcat_like","camera_occ",416,-0.179515853428882,-0.0901467381126167,0.0893691153162656,1.98033805814825,1,0,0.182666293018887,-0.272813031131504,0.151875,0,0.295022870072562,0.618549748685206,1.45211242244194,2878.81173491478,"OK",NA,NA,NA
27,"varying","bobcat_like","camera_occ",417,-0.179515853428882,-0.338052503438199,-0.158536650009316,1.00030601038668,1,0,-0.268250969212734,-0.0698015342254651,0.26775,0,0.630175489317701,0.785785674086437,0.979360705040626,2603.77452635765,"OK",NA,NA,NA
28,"varying","bobcat_like","camera_occ",418,-0.179515853428882,-0.409024875139889,-0.229509021711007,2.07570742689399,1,0,0.0636078022600861,-0.472632677399975,0.104375,0,0.292306532500362,0.609661549806905,1.65483727668364,2732.52882242203,"OK",NA,NA,NA
29,"varying","bobcat_like","camera_occ",419,-0.179515853428882,0.289500149187031,0.469016002615914,2.33048388823803,1,0,0.00379752162516876,0.285702627561863,0.168875,0,-0.428635013640517,0.315380659434493,3.80719940691413,2749.1055598259,"OK",NA,NA,NA
30,"varying","bobcat_like","camera_occ",420,-0.179515853428882,-0.217402719476495,-0.0378868660476127,0.865614476666437,1,0,0.0923996931393925,-0.309802412615888,0.110375,0,0.385435056189638,0.670045023190825,1.24781871680569,2572.64104914665,"OK",NA,NA,NA
1,"null","deer_like","camera_occ",421,-0.179515853428882,-0.573071932977996,-0.393556079549113,1.45972437943502,1,1,-0.195566200035263,-0.377505732942732,0.23325,0,0.716899347556095,0.840876011566302,2.10295090275336,2564.30243229866,"OK",NA,NA,NA
2,"null","deer_like","camera_occ",422,-0.179515853428882,-0.210463084476315,-0.0309472310474331,0.731380846517965,1,0,0.0215678511446339,-0.232030935620949,0.130625,0,0.781309298209278,0.879713365289449,1.39649569566956,2573.76506114006,"OK",NA,NA,NA
3,"null","deer_like","camera_occ",423,-0.179515853428882,-0.14830104175497,0.0312148116739119,0.540310326328104,1,0,-0.136424354775518,-0.0118766869794522,0.183875,0,0.793241293928654,0.882197403403909,0.903771456860254,2638.81493067741,"OK",NA,NA,NA
4,"null","deer_like","camera_occ",424,-0.179515853428882,-1.31380045938929,-1.13428460596041,3.08004703059693,1,1,-0.0765727075468831,-1.23722775184241,0.12525,0,0.591896540362428,0.744585573172388,7.47750058075185,2643.4503698349,"OK",NA,NA,NA
5,"null","deer_like","camera_occ",425,-0.179515853428882,-0.825761642456863,-0.64624578902798,1.33420790467565,0,1,0.575071446985453,-1.40083308944232,0.02325,0,0.775250296280156,0.871882823264569,2.70667522509191,2525.77381062508,"OK",NA,NA,NA
6,"null","deer_like","camera_occ",426,-0.179515853428882,-0.335546710808813,-0.156030857379931,0.76662591005108,1,1,-0.184371489844951,-0.151175220963862,0.221875,0,0.717408353281841,0.843476488967378,1.59227782143317,2649.67149662971,"OK",NA,NA,NA
7,"null","deer_like","camera_occ",427,-0.179515853428882,-0.894818009624771,-0.715302156195889,2.49424759583621,1,0,-1.11689893231618,0.222080922691412,0.2615,0,0.607955595670306,0.753774573541113,4.71807083571381,2619.90445590019,"OK",NA,NA,NA
8,"null","deer_like","camera_occ",428,-0.179515853428882,-0.980042055510685,-0.800526202081803,1.66626953646493,0,1,-0.395536704948856,-0.584505350561829,0.284875,0,0.737486091667805,0.842472200120321,2.20325399080131,2922.03627538681,"OK",NA,NA,NA
9,"null","deer_like","camera_occ",429,-0.179515853428882,-0.124077805391825,0.0554380480370578,0.930204379353977,1,0,-0.156172421157065,0.0320946157652409,0.181125,0,0.762102178579451,0.860796832851404,1.85566566960271,2812.67001461983,"OK",NA,NA,NA
10,"null","deer_like","camera_occ",430,-0.179515853428882,-1.01917947535716,-0.839663621928276,1.65697281140546,0,1,0.194465510830733,-1.21364498618789,0.037125,0,0.655840156236578,0.80608977468998,2.83308354005784,2820.14585876465,"OK",NA,NA,NA
11,"null","deer_like","camera_occ",431,-0.179515853428882,0.0222128525038706,0.201728705932753,1.31168686413045,1,0,0.148877034297864,-0.126664181793993,0.13275,0,0.650549600030405,0.812295018339188,3.65304802450234,2779.32193732262,"OK",NA,NA,NA
12,"null","deer_like","camera_occ",432,-0.179515853428882,-0.240062140805937,-0.0605462873770546,0.583981613045331,1,0,0.252737384327197,-0.492799525133134,0.03475,0,0.64413788153048,0.807448233033826,0.977347440024502,2685.29764962196,"OK",NA,NA,NA
13,"null","deer_like","camera_occ",433,-0.179515853428882,-0.444899251660941,-0.265383398232059,1.23253103787511,1,1,-0.0634553605710639,-0.381443891089877,0.171125,0,0.788026702266611,0.881081526907178,2.38967600549199,2857.40277123451,"OK",NA,NA,NA
14,"null","deer_like","camera_occ",434,-0.179515853428882,-0.128790909637444,0.0507249437914388,0.739509654368173,1,0,0.353244485357608,-0.482035394995051,0.040625,0,0.743035446684904,0.854775951406004,1.04843232184932,2692.02187800407,"OK",NA,NA,NA
15,"null","deer_like","camera_occ",435,-0.179515853428882,-0.688460437458135,-0.508944584029253,1.7495749319392,1,1,-0.727752431030465,0.0392919935723294,0.2715,0,0.663618691522509,0.801165363193541,3.8577493221064,2900.6396188736,"OK",NA,NA,NA
16,"null","deer_like","camera_occ",436,-0.179515853428882,-0.488921245118416,-0.309405391689534,1.07602234086962,1,1,0.442450920298596,-0.931372165417013,0.021625,0,0.665411817034226,0.810844378893439,1.71710926694616,2802.85599017143,"OK",NA,NA,NA
17,"null","deer_like","camera_occ",437,-0.179515853428882,-0.180456387019568,-0.000940533590685744,0.475295144879233,1,0,0.0241188311799467,-0.204575218199515,0.121,0,0.757064265795949,0.863242057870325,0.932396751137605,2652.04132652283,"OK",NA,NA,NA
18,"null","deer_like","camera_occ",438,-0.179515853428882,-0.17367409134754,0.00584176208134202,0.855155875194273,1,0,-0.0116753749772892,-0.161998716370251,0.137125,0,0.752843833455904,0.860263152787751,2.33746718512083,2631.6975736618,"OK",NA,NA,NA
19,"null","deer_like","camera_occ",439,-0.179515853428882,-0.95145699125049,-0.771941137821608,2.56791742373967,1,1,-0.0779489393638332,-0.873508051886657,0.124125,0,0.785680729917481,0.888523937976673,4.54587276597591,2437.59297537804,"OK",NA,NA,NA
20,"null","deer_like","camera_occ",440,-0.179515853428882,-0.460006356996676,-0.280490503567794,0.74730119169042,1,1,0.249386622305584,-0.70939297930226,0.030625,0,0.712550533693802,0.830124784102156,1.06598731027809,2650.88913106918,"OK",NA,NA,NA
21,"null","deer_like","camera_occ",441,-0.179515853428882,-0.291093027446041,-0.111577174017159,1.22450736358897,1,0,-0.136235501753117,-0.154857525692924,0.18525,0,0.723110967848724,0.840085194744707,2.73907522908792,2726.65292310715,"OK",NA,NA,NA
22,"null","deer_like","camera_occ",442,-0.179515853428882,-0.725331108452681,-0.545815255023799,1.18651854296118,0,1,0.02445368278794,-0.749784791240621,0.122875,0,0.657817895307009,0.790952667429991,2.19501343526485,2889.63493847847,"OK",NA,NA,NA
23,"null","deer_like","camera_occ",443,-0.179515853428882,-0.399750879135357,-0.220235025706475,0.753114426717706,1,1,-0.201476303626387,-0.198274575508971,0.30775,0,0.794271007029694,0.884288458926042,1.49975344501608,2677.46975469589,"OK",NA,NA,NA
24,"null","deer_like","camera_occ",444,-0.179515853428882,-0.222439151987704,-0.0429232985588213,1.36906296571995,1,0,0.147486628987291,-0.369925780974994,0.121875,0,0.779784348857784,0.876273554697355,2.79363515714206,2658.45146465302,"OK",NA,NA,NA
25,"null","deer_like","camera_occ",445,-0.179515853428882,-1.56003112631515,-1.38051527288627,3.79761243804502,0,1,-0.509198169828392,-1.05083295648676,0.266125,0,0.795703417171805,0.882721380193677,10.9317603263277,2737.29882025719,"OK",NA,NA,NA
26,"null","deer_like","camera_occ",446,-0.179515853428882,-0.709532067607908,-0.530016214179025,1.94930826730731,1,1,-0.112863692105839,-0.596668375502069,0.124625,0,0.750129836213614,0.852859554813794,3.29322862112551,2851.67516493797,"OK",NA,NA,NA
27,"null","deer_like","camera_occ",447,-0.179515853428882,-0.309030469168885,-0.129514615740002,1.59733707161793,1,0,0.480156863672065,-0.78918733284095,0.063875,0,0.765590680755004,0.878718779716276,3.69941516468541,2823.89652776718,"OK",NA,NA,NA
28,"null","deer_like","camera_occ",448,-0.179515853428882,-0.79472472497762,-0.615208871548738,1.58235707760111,0,1,-0.479799649437351,-0.314925075540269,0.357625,0,0.778267350216121,0.866934153583419,3.26242604532161,2582.73463201523,"OK",NA,NA,NA
29,"null","deer_like","camera_occ",449,-0.179515853428882,-0.448775344418037,-0.269259490989155,0.861845985367922,1,1,0.360582282017996,-0.809357626436033,0.006,0,0.690909070216261,0.816991402899338,1.37602719445053,2524.61642622948,"OK",NA,NA,NA
30,"null","deer_like","camera_occ",450,-0.179515853428882,-0.0836200503069559,0.0958958031219264,1.1578364527061,1,0,0.121933922776083,-0.205553973083039,0.11,0,0.778984821630073,0.874687069417221,2.52193504908943,2553.40280365944,"OK",NA,NA,NA
1,"varying","deer_like","camera_occ",451,-0.179515853428882,-0.362827104148639,-0.183311250719757,2.50010557146179,1,0,0.185967581678886,-0.548794685827525,0.1045,0,0.727256541690966,0.859739175997982,5.96424846870305,3068.63194990158,"OK",NA,NA,NA
2,"varying","deer_like","camera_occ",452,-0.179515853428882,-0.987735216316074,-0.808219362887191,2.45094005869557,0,1,-0.201102949232337,-0.786632267083737,0.194125,0,0.757418954014553,0.868651633060995,5.54305484597324,2829.76142525673,"OK",NA,NA,NA
3,"varying","deer_like","camera_occ",453,-0.179515853428882,-1.04819477453722,-0.868678921108337,2.24634456185437,0,1,-0.439598048568729,-0.608596725968491,0.29475,0,0.622318007971452,0.787042248054494,3.37192085979232,2847.34191656113,"OK",NA,NA,NA
4,"varying","deer_like","camera_occ",454,-0.179515853428882,-2.28103664705645,-2.10152079362757,4.21624689264653,0,1,0.190759650496128,-2.47179629755258,0.024,0,0.74818513426609,0.863130470220652,9.73799262443266,2980.99042081833,"OK",NA,NA,NA
5,"varying","deer_like","camera_occ",455,-0.179515853428882,-0.914657182472105,-0.735141329043223,2.18349207926994,1,1,-0.305604434711894,-0.609052747760211,0.2325,0,0.753078507633171,0.853509674164063,7.15821328207124,2801.09717416763,"OK",NA,NA,NA
6,"varying","deer_like","camera_occ",456,-0.179515853428882,-0.213777160133151,-0.0342613067042685,0.401362759059464,1,1,-0.0185043165798506,-0.1952728435533,0.159,0,0.718048738075679,0.848793883056143,0.820774121884652,3053.86343193054,"OK",NA,NA,NA
7,"varying","deer_like","camera_occ",457,-0.179515853428882,-0.430954068038121,-0.251438214609239,0.897156228914459,1,1,0.250964357595725,-0.681918425633846,0.031,0,0.750223176905843,0.850884938578276,1.42072280047585,3044.70607590675,"OK",NA,NA,NA
8,"varying","deer_like","camera_occ",458,-0.179515853428882,-0.819264349590479,-0.639748496161597,2.49006140992527,1,0,0.0901419566156993,-0.909406306206178,0.09625,0,0.718949043756427,0.83417590094898,7.05757507874108,2879.62620806694,"OK",NA,NA,NA
9,"varying","deer_like","camera_occ",459,-0.179515853428882,-0.676800843525888,-0.497284990097006,1.44256627785141,1,1,-0.167527293748539,-0.509273549777349,0.17375,0,0.733634117021657,0.849177162374585,1.75635098025517,2793.68836736679,"OK",NA,NA,NA
10,"varying","deer_like","camera_occ",460,-0.179515853428882,-0.120674509040531,0.0588413443883511,0.753297103670054,1,0,0.0783872696348056,-0.199061778675337,0.112375,0,0.619925629765547,0.77448621164781,1.45427327221943,2614.28395605087,"OK",NA,NA,NA
11,"varying","deer_like","camera_occ",461,-0.179515853428882,-0.177178034934723,0.00233781849415884,0.41436355155116,1,0,-0.0920907186232053,-0.0850873163115182,0.187,0,0.784013581479476,0.88017912243591,0.895065418132407,2637.23543119431,"OK",NA,NA,NA
12,"varying","deer_like","camera_occ",462,-0.179515853428882,-0.807388736294446,-0.627872882865563,2.14789505695332,1,1,-0.0109852665665303,-0.796403469727915,0.126625,0,0.718135153956119,0.83733431659842,4.47319663991055,2527.77096104622,"OK",NA,NA,NA
13,"varying","deer_like","camera_occ",463,-0.179515853428882,-0.151825278961115,0.0276905744677668,0.539510248147362,1,0,0.104804378058932,-0.256629657020047,0.08425,0,0.703650771995491,0.814851831007782,1.21957120278667,2643.65665507317,"OK",NA,NA,NA
14,"varying","deer_like","camera_occ",464,-0.179515853428882,-0.45559173062308,-0.276075877194198,0.658591511264838,1,1,0.540506022525,-0.99609775314808,0,0,0.685015157723729,0.81849055871451,0.963320042882555,2660.95513010025,"OK",NA,NA,NA
15,"varying","deer_like","camera_occ",465,-0.179515853428882,-0.644114351277088,-0.464598497848206,1.84169051007745,1,1,0.169475913361769,-0.813590264638858,0.08775,0,0.804853866674643,0.890673213142114,2.73150066616074,2885.13825082779,"OK",NA,NA,NA
16,"varying","deer_like","camera_occ",466,-0.179515853428882,-0.302180970511347,-0.122665117082465,1.25228054895261,1,0,0.089925413872695,-0.392106384384042,0.1295,0,0.710395763092379,0.813600108676668,2.91324753737467,2897.2647857666,"OK",NA,NA,NA
17,"varying","deer_like","camera_occ",467,-0.179515853428882,-1.07492710157604,-0.895411248147154,1.88343629241265,0,1,0.459386318374026,-1.53431341995006,0.012625,0,0.691358205173421,0.826791709522793,2.90789722743064,2883.32314395905,"OK",NA,NA,NA
18,"varying","deer_like","camera_occ",468,-0.179515853428882,-0.316688458008388,-0.137172604579505,0.945167965837965,1,1,0.258289589693682,-0.57497804770207,0.0965,0,0.748390730645708,0.867050592870034,1.27440221065331,2832.70250988007,"OK",NA,NA,NA
19,"varying","deer_like","camera_occ",469,-0.179515853428882,-0.89066824868095,-0.711152395252068,2.93454109218748,0,1,-0.0154207508424751,-0.875247497838475,0.091125,0,0.687182960436226,0.809369481262978,3.73157873493556,2555.70527362823,"OK",NA,NA,NA
20,"varying","deer_like","camera_occ",470,-0.179515853428882,-0.81782977797623,-0.638313924547348,1.99882386115469,1,1,-0.0572072401031914,-0.760622537873039,0.1315,0,0.769934317038113,0.876661685652739,4.42358787939727,2655.11873722076,"OK",NA,NA,NA
21,"varying","deer_like","camera_occ",471,-0.179515853428882,-0.77807611616021,-0.598560262731327,2.81994478177072,1,0,-0.506048886628653,-0.272027229531557,0.23125,0,0.732724866792349,0.85158842593491,10.1747111571365,2616.76227164268,"OK",NA,NA,NA
22,"varying","deer_like","camera_occ",472,-0.179515853428882,-0.211615181602553,-0.0320993281736706,1.43198829131296,1,0,1.24846788085182,-1.46008306245438,0.00575,0,0.768966654738999,0.866546022628035,3.49185821492518,2488.44033694267,"OK",NA,NA,NA
23,"varying","deer_like","camera_occ",473,-0.179515853428882,-0.46606557730054,-0.286549723871658,0.920567269924679,1,1,0.0353754074091403,-0.50144098470968,0.0855,0,0.724306700106455,0.83503949232471,1.04613181337487,3072.35402774811,"OK",NA,NA,NA
24,"varying","deer_like","camera_occ",474,-0.179515853428882,-0.110760807847757,0.0687550455811253,0.790185668251991,1,0,0.535300716433575,-0.646061524281332,0.02025,0,0.787533373545331,0.878917696830911,1.36668416065637,2771.29339671135,"OK",NA,NA,NA
25,"varying","deer_like","camera_occ",475,-0.179515853428882,-0.229183434086652,-0.0496675806577695,0.402242226644271,1,1,0.0381907906078993,-0.267374224694551,0.10725,0,0.726391901996858,0.845941120534068,0.811558679281084,2990.24506735802,"OK",NA,NA,NA
26,"varying","deer_like","camera_occ",476,-0.179515853428882,-0.590040108982192,-0.41052425555331,0.787382294216817,0,1,0.112574622078896,-0.702614731061089,0.045375,0,0.745773472382913,0.854397523724505,1.3288506304988,2814.17858362198,"OK",NA,NA,NA
27,"varying","deer_like","camera_occ",477,-0.179515853428882,-0.203347531428546,-0.0238316779996635,0.633839450143618,1,0,-0.200515909628673,-0.00283162179987296,0.2235,0,0.771535663734474,0.863601079004056,1.20848855157668,2701.40300345421,"OK",NA,NA,NA
28,"varying","deer_like","camera_occ",478,-0.179515853428882,-1.48664059868299,-1.30712474525411,3.52868188803347,1,1,-0.515472405219717,-0.971168193463273,0.21175,0,0.810507238135477,0.887509945855732,9.66593336020811,2708.80116152763,"OK",NA,NA,NA
29,"varying","deer_like","camera_occ",479,-0.179515853428882,-0.562302962532745,-0.382787109103862,1.26568526006476,1,1,-0.0272656696842264,-0.535037292848518,0.168125,0,0.785215917955856,0.868753517436783,2.80939916001586,2692.69857931137,"OK",NA,NA,NA
30,"varying","deer_like","camera_occ",480,-0.179515853428882,-1.40854929693879,-1.22903344350991,3.3362261961428,1,1,-0.497617852471607,-0.91093144446718,0.269,0,0.761429205493101,0.872392245143511,8.31501529815783,2820.23721432686,"OK",NA,NA,NA
1,"null","intermediate","camera_occ",481,-0.179515853428882,-0.494301939521458,-0.314786086092576,0.728561715947895,1,1,0.0920720112725105,-0.586373950793969,0.02775,0,0.559840688934136,0.732538958644647,1.0115542113159,2526.10389399529,"OK",NA,NA,NA
2,"null","intermediate","camera_occ",482,-0.179515853428882,0.0258904966761927,0.205406350105075,1.09555268603524,1,0,0.0814115892322196,-0.0555210925560269,0.161875,0,0.56758052862827,0.750242581847115,1.16257339013421,2618.9942779541,"OK",NA,NA,NA
3,"null","intermediate","camera_occ",483,-0.179515853428882,-0.598349704237606,-0.418833850808724,1.00271619822914,1,1,0.029169007972299,-0.627518712209905,0.064125,0,0.68019633829097,0.81520600050457,1.13588648172285,2584.46543622017,"OK",NA,NA,NA
4,"null","intermediate","camera_occ",484,-0.179515853428882,-0.290005964665408,-0.110490111236526,0.677922538442547,1,0,0.219162133856678,-0.509168098522086,0.03575,0,0.62484114008883,0.769780123813775,0.991970280343523,2614.40289115906,"OK",NA,NA,NA
5,"null","intermediate","camera_occ",485,-0.179515853428882,-0.189848223379393,-0.0103323699505107,4.39409035033118,1,0,0.27332399165377,-0.463172215033163,0.141125,0,0.697436795343295,0.846067263094568,10.1102119749959,2694.47068738937,"OK",NA,NA,NA
6,"null","intermediate","camera_occ",486,-0.179515853428882,0.0580012968796945,0.237517150308577,1.57165586835905,1,0,0.618878212764186,-0.560876915884491,0.07225,0,0.763704903826307,0.872105998563915,2.12496733943785,2646.88103699684,"OK",NA,NA,NA
7,"null","intermediate","camera_occ",487,-0.179515853428882,-0.177477712166201,0.00203814126268104,1.24995421606639,1,0,0.05333826110986,-0.230815973276061,0.127625,0,0.642653150588192,0.805032117836558,1.16475519947842,2902.55675840378,"OK",NA,NA,NA
8,"null","intermediate","camera_occ",488,-0.179515853428882,-0.385907528217705,-0.206391674788822,0.949331419344208,1,0,-0.356834322204312,-0.0290732060133924,0.28525,0,0.673011926209013,0.823812804440218,1.04751056307449,2741.82889819145,"OK",NA,NA,NA
9,"null","intermediate","camera_occ",489,-0.179515853428882,-0.103157916543743,0.0763579368851391,3.27677353131585,1,0,0.237905045554266,-0.34106296209801,0.1625,0,0.753151170067976,0.859433522870617,5.71614856447771,2839.12024712563,"OK",NA,NA,NA
10,"null","intermediate","camera_occ",490,-0.179515853428882,-0.439740855480477,-0.260225002051594,0.720504172321775,1,1,-0.0422717907106229,-0.397469064769854,0.151875,0,0.658667948013322,0.812358089619438,0.927291453518345,2682.50591135025,"OK",NA,NA,NA
11,"null","intermediate","camera_occ",491,-0.179515853428882,-0.306687097847729,-0.127171244418847,1.15654157261088,1,0,0.0212191106637816,-0.327906208511511,0.135,0,0.68708825722316,0.81651109084205,1.29617715014147,2883.73269820213,"OK",NA,NA,NA
12,"null","intermediate","camera_occ",492,-0.179515853428882,-0.497316499879837,-0.317800646450955,1.17234410504453,1,1,0.299187121294,-0.796503621173837,0.0185,0,0.486615260518713,0.702769314366667,1.05889771011419,2776.85053896904,"OK",NA,NA,NA
13,"null","intermediate","camera_occ",493,-0.179515853428882,0.0368807882141395,0.216396641643022,0.75850709940706,1,0,0.365749518630781,-0.328868730416641,0.09125,0,0.7781612819763,0.877132294436143,0.809059414495982,2813.80824446678,"OK",NA,NA,NA
14,"null","intermediate","camera_occ",494,-0.179515853428882,0.0460107963599683,0.225526649788851,0.689216824460316,1,0,0.169144332182265,-0.123133535822296,0.12675,0,0.709581584758246,0.835689611674979,0.860729827898552,2614.32559919357,"OK",NA,NA,NA
15,"null","intermediate","camera_occ",495,-0.179515853428882,-0.200181278854679,-0.0206654254257962,1.2597449243904,1,0,0.165715304795665,-0.365896583650343,0.138875,0,0.543577207411594,0.730860292262609,1.49136726605794,2632.65771126747,"OK",NA,NA,NA
16,"null","intermediate","camera_occ",496,-0.179515853428882,-0.657814526064022,-0.47829867263514,0.983296724720681,0,1,0.0253992246273898,-0.683213750691412,0.0605,0,0.707116239554054,0.842443090298667,1.00148015101243,2838.65747666359,"OK",NA,NA,NA
17,"null","intermediate","camera_occ",497,-0.179515853428882,0.0238579061493181,0.2033737595782,1.05715854721975,1,0,0.155259833044401,-0.131401926895083,0.138875,0,0.686198627293918,0.836368840846902,1.23249652481789,2832.15897226334,"OK",NA,NA,NA
18,"null","intermediate","camera_occ",498,-0.179515853428882,-0.609112096944317,-0.429596243515434,1.18794745840913,1,1,0.221691470802343,-0.830803567746659,0.019,0,0.759745033559449,0.858560228221002,0.941728830477482,2999.74858403206,"OK",NA,NA,NA
19,"null","intermediate","camera_occ",499,-0.179515853428882,-0.668942573962837,-0.489426720533955,0.866825671513195,0,1,0.0178732220989922,-0.686815796061829,0.038125,0,0.666620741699599,0.809675134390343,1.06760975508113,2640.46309566498,"OK",NA,NA,NA
20,"null","intermediate","camera_occ",500,-0.179515853428882,-0.119541780295817,0.0599740731330656,0.604823109368259,1,0,0.0131587814890515,-0.132700561784868,0.130875,0,0.686731148526361,0.838697626579208,1.02158014385852,2881.66572213173,"OK",NA,NA,NA
21,"null","intermediate","camera_occ",501,-0.179515853428882,-0.517501297499516,-0.337985444070634,1.62864565212231,1,0,-0.0964425315643827,-0.421058765935134,0.153,0,0.746862607422145,0.870014943041782,2.77007337481187,2827.64443492889,"OK",NA,NA,NA
22,"null","intermediate","camera_occ",502,-0.179515853428882,-0.811876627633624,-0.632360774204742,1.5828574650411,1,1,0.0766950784688048,-0.888571706102429,0.068875,0,0.694061895346313,0.833462710318461,1.51842000263621,2690.1514852047,"OK",NA,NA,NA
23,"null","intermediate","camera_occ",503,-0.179515853428882,-0.474558840802375,-0.295042987373493,2.58168778458243,1,0,-0.174619334291817,-0.299939506510558,0.208375,0,0.767031009547632,0.878253022569815,6.37518201042596,2668.59797668457,"OK",NA,NA,NA
24,"null","intermediate","camera_occ",504,-0.179515853428882,-0.297652927085969,-0.118137073657087,0.659874762647621,1,1,0.124809557296985,-0.422462484382954,0.074125,0,0.627090084924642,0.787702070678647,1.02728394500884,2657.42764306068,"OK",NA,NA,NA
25,"null","intermediate","camera_occ",505,-0.179515853428882,-0.639369881266434,-0.459854027837552,1.56915112787292,1,1,0.00861746009821601,-0.64798734136465,0.096875,0,0.609843857195826,0.785470317685187,1.61146210473197,2569.64233326912,"OK",NA,NA,NA
26,"null","intermediate","camera_occ",506,-0.179515853428882,-0.334590776588627,-0.155074923159745,0.751621747208928,1,1,0.0824855208672258,-0.417076297455853,0.0835,0,0.585179232483035,0.773646878456791,1.1563488824542,2818.53036952019,"OK",NA,NA,NA
27,"null","intermediate","camera_occ",507,-0.179515853428882,-0.279386865686794,-0.099871012257912,3.39366687523313,1,0,0.174632169467548,-0.454019035154342,0.13975,0,0.681734111367997,0.816118108249723,7.12887172164622,2927.51293849945,"OK",NA,NA,NA
28,"null","intermediate","camera_occ",508,-0.179515853428882,-0.362119739939546,-0.182603886510664,1.44737860352891,1,0,0.0862344255270748,-0.448354165466621,0.099,0,0.788873677278797,0.884885210269945,1.31239338433123,2806.5382630825,"OK",NA,NA,NA
29,"null","intermediate","camera_occ",509,-0.179515853428882,-0.655136446540355,-0.475620593111472,1.47981899421344,1,1,-0.426961024190417,-0.228175422349937,0.369875,0,0.501452086545977,0.721229792932135,1.33914051550611,2479.41627168655,"OK",NA,NA,NA
30,"null","intermediate","camera_occ",510,-0.179515853428882,-0.314875789964149,-0.135359936535267,4.57401884926536,1,0,-0.250682987301616,-0.0641928026625325,0.20475,0,0.715677438868619,0.847309282151798,12.3315446052899,2867.84875535965,"OK",NA,NA,NA
1,"varying","intermediate","camera_occ",511,-0.179515853428882,-0.811068326429823,-0.631552473000941,1.90527288689301,1,1,-0.0171485110189085,-0.793919815410915,0.071625,0,0.603280594319407,0.772196239011042,2.01740941358932,2799.41278386116,"OK",NA,NA,NA
2,"varying","intermediate","camera_occ",512,-0.179515853428882,-0.904800877823475,-0.725285024394593,3.44345076241832,1,0,-0.0315915224756268,-0.873209355347848,0.11575,0,0.69411203611315,0.829382483649983,3.89196691367569,2563.41757059097,"OK",NA,NA,NA
3,"varying","intermediate","camera_occ",513,-0.179515853428882,-1.20971416703983,-1.03019831361094,2.91751921261175,0,1,-0.160071261787326,-1.0496429052525,0.167125,0,0.635717534811245,0.789492324710357,3.09233411535271,2779.18790650368,"OK",NA,NA,NA
4,"varying","intermediate","camera_occ",514,-0.179515853428882,-0.414419754577158,-0.234903901148275,1.02861421081198,1,0,-0.15123669729115,-0.263183057286008,0.237625,0,0.631577475170983,0.760853111839935,0.907333955373868,1826.99710655212,"OK",NA,NA,NA
5,"varying","intermediate","camera_occ",515,-0.179515853428882,-0.0333346453768758,0.146181208052006,0.701232526296234,1,0,0.0711106105325346,-0.10444525590941,0.12175,0,0.487783934715568,0.721438413320654,1.17141951117454,2769.32744789124,"OK",NA,NA,NA
6,"varying","intermediate","camera_occ",516,-0.179515853428882,-0.232522717953916,-0.0530068645250339,0.635704087220913,1,0,0.0730559294243169,-0.305578647378233,0.0665,0,0.582669517188497,0.750004851636942,0.967800402366763,2004.67708659172,"OK",NA,NA,NA
7,"varying","intermediate","camera_occ",517,-0.179515853428882,-0.892115029887904,-0.712599176459022,3.26661436609441,1,0,-0.484007330028616,-0.408107699859288,0.25925,0,0.685457960966407,0.835616837120845,7.68779371183985,2846.41537857056,"OK",NA,NA,NA
8,"varying","intermediate","camera_occ",518,-0.179515853428882,-0.173038972486272,0.00647688094261059,1.52784030910153,1,0,0.104993189961381,-0.278032162447653,0.130375,0,0.519718762234135,0.731743290186109,1.72142791741893,2051.31054759026,"OK",NA,NA,NA
9,"varying","intermediate","camera_occ",519,-0.179515853428882,-0.5406460468802,-0.361130193451318,2.65590713959187,1,0,-0.105503990890042,-0.435142055990158,0.169375,0,0.701389243879,0.831759785751713,4.03644847609628,2020.09771323204,"OK",NA,NA,NA
10,"varying","intermediate","camera_occ",520,-0.179515853428882,-0.0906906439215222,0.0888252095073601,0.454104661783527,1,0,-0.248136325776373,0.15744568185485,0.113625,0,0.641625970172944,0.784296221545149,1.0804554029723,2665.93896555901,"OK",NA,NA,NA
11,"varying","intermediate","camera_occ",521,-0.179515853428882,-0.308510953457437,-0.128995100028554,1.70794980044225,1,0,0.309373765045854,-0.617884718503291,0.07125,0,0.73783375889668,0.856580760348542,2.30462798163622,2014.1841313839,"OK",NA,NA,NA
12,"varying","intermediate","camera_occ",522,-0.179515853428882,-0.139531621992971,0.0399842314359115,0.557536179184567,1,0,-0.0449112318914009,-0.0946203901015699,0.173375,0,0.462566911995757,0.686492072425236,1.05234786305783,2465.04774975777,"OK",NA,NA,NA
13,"varying","intermediate","camera_occ",523,-0.179515853428882,-0.887974075102971,-0.708458221674089,1.82905692571745,0,1,-0.0328765546668241,-0.855097520436147,0.069875,0,0.598260971374447,0.764069747132683,1.52660663748629,2396.49753379822,"OK",NA,NA,NA
14,"varying","intermediate","camera_occ",524,-0.179515853428882,-0.556451841512048,-0.376935988083166,1.72889622578079,1,0,0.0357726401125955,-0.592224481624644,0.114375,0,0.729217529769918,0.858099322711483,2.9320587053589,2476.87396025658,"OK",NA,NA,NA
15,"varying","intermediate","camera_occ",525,-0.179515853428882,-0.557570095292823,-0.37805424186394,1.06034322895891,1,1,-0.0928942479923289,-0.464675847300494,0.16675,0,0.666689204364292,0.801994993110676,1.07533153507449,2457.76885914803,"OK",NA,NA,NA
16,"varying","intermediate","camera_occ",526,-0.179515853428882,-0.31787627435348,-0.138360420924598,0.955248257145114,1,0,-0.1919202429255,-0.12595603142798,0.259375,0,0.591132647062044,0.767955908323468,1.07126480585529,2613.21608257294,"OK",NA,NA,NA
17,"varying","intermediate","camera_occ",527,-0.179515853428882,-0.778430164160193,-0.59891431073131,2.18219632213145,1,1,-0.140866435435324,-0.637563728724869,0.169875,0,0.628413140747265,0.795988666576103,3.12321015627522,2208.33583879471,"OK",NA,NA,NA
18,"varying","intermediate","camera_occ",528,-0.179515853428882,-0.64726869528775,-0.467752841858868,1.01893981207979,0,1,0.0165061506472616,-0.663774845935012,0.056125,0,0.67095527313758,0.808675697180229,0.886541491241016,2654.21484375,"OK",NA,NA,NA
19,"varying","intermediate","camera_occ",529,-0.179515853428882,-0.192292894557668,-0.0127770411287858,0.909297987581427,1,0,0.19757940939927,-0.389872303956938,0.055875,0,0.65986073081418,0.80716198645423,1.03503821944973,2775.89880490303,"OK",NA,NA,NA
20,"varying","intermediate","camera_occ",530,-0.179515853428882,-0.574433481598798,-0.394917628169916,1.32519785714689,1,1,-0.14191982579232,-0.432513655806478,0.1675,0,0.609742950505533,0.782011100545324,1.15955371319586,1987.34913754463,"OK",NA,NA,NA
21,"varying","intermediate","camera_occ",531,-0.179515853428882,-0.306421146552032,-0.12690529312315,0.672855215295068,1,1,-0.113169021335227,-0.193252125216805,0.245625,0,0.5837008813442,0.76061052999282,0.975970065003277,2936.064494133,"OK",NA,NA,NA
22,"varying","intermediate","camera_occ",532,-0.179515853428882,-0.980666724249043,-0.801150870820161,1.85117209650953,0,1,-0.164966556166859,-0.815700168082185,0.1345,0,0.489817408903099,0.718139300199887,2.47680318540696,2958.34561419487,"OK",NA,NA,NA
23,"varying","intermediate","camera_occ",533,-0.179515853428882,-0.272052720162124,-0.0925368667332413,0.686973272756136,1,0,-0.131988825472572,-0.140063894689552,0.218,0,0.727711367176331,0.843753032273089,0.901235870824529,2802.82994818687,"OK",NA,NA,NA
24,"varying","intermediate","camera_occ",534,-0.179515853428882,-0.831785517397855,-0.652269663968973,1.21913780161564,0,1,0.180754892978557,-1.01254041037641,0.00475,0,0.25668017117173,0.59025985367463,1.19526604956099,1997.80040979385,"OK",NA,NA,NA
25,"varying","intermediate","camera_occ",535,-0.179515853428882,-0.165051634885869,0.0144642185430138,0.789753877076684,1,0,0.275378025037406,-0.440429659923275,0.04125,0,0.60847495655442,0.780157775233364,0.984496494288008,2973.45377445221,"OK",NA,NA,NA
26,"varying","intermediate","camera_occ",536,-0.179515853428882,-0.481470300285587,-0.301954446856705,0.979029513245424,1,1,-0.346632560694118,-0.134837739591469,0.285375,0,0.681977024788919,0.832773777872654,1.55798393662906,2976.01935529709,"OK",NA,NA,NA
27,"varying","intermediate","camera_occ",537,-0.179515853428882,-1.20394052547415,-1.02442467204527,3.51552476121226,1,0,0.568270941615382,-1.77221146708953,0.043375,0,0.483435120853274,0.721739214811077,5.40792116328518,2992.82954382896,"OK",NA,NA,NA
28,"varying","intermediate","camera_occ",538,-0.179515853428882,-0.430002550108859,-0.250486696679976,0.919959341987551,1,1,-0.12935673467807,-0.300645815430789,0.198125,0,0.731352792278874,0.847246210871548,0.976025040347402,2668.31798791885,"OK",NA,NA,NA
29,"varying","intermediate","camera_occ",539,-0.179515853428882,-0.251299089823954,-0.0717832363950719,1.17858937496638,1,0,0.120764613835986,-0.37206370365994,0.102,0,0.672802290355852,0.81855362999476,1.46787671483483,2519.2054374218,"OK",NA,NA,NA
30,"varying","intermediate","camera_occ",540,-0.179515853428882,-0.301890953023467,-0.122375099594585,0.665650256354084,1,0,0.0618305134181815,-0.363721466441649,0.063,0,0.450515896073771,0.698626016417939,1.04122307517364,2902.82593488693,"OK",NA,NA,NA
1,"null","bobcat_like","camera_rn",541,-0.179515853428882,-0.0570814582172578,0.122434395211625,0.707526066543914,1,0,0.0622058577096012,-0.119287315926859,0.130625,0,0.683478731137883,0.825772865764909,1.08769454505583,2970.06313443184,"OK",NA,NA,NA
2,"null","bobcat_like","camera_rn",542,-0.179515853428882,0.0915664497025706,0.271082303131453,0.729948386224745,1,0,0.099535424946129,-0.00796897524355833,0.184625,0,0.413800720299046,0.652782898950106,1.12423363637268,2843.06601953506,"OK",NA,NA,NA
3,"null","bobcat_like","camera_rn",543,-0.179515853428882,0.532669556414194,0.712185409843077,1.24156508967975,0,0,-0.130206805453063,0.662876361867257,0.032875,0,-0.0816072879284004,0.491955985949659,1.31854461914825,2686.51825261116,"OK",NA,NA,NA
4,"null","bobcat_like","camera_rn",544,-0.179515853428882,-0.223744538183448,-0.044228684754566,0.631073335524067,1,0,-0.332515923705283,0.108771385521835,0.214125,0,0.603183069886724,0.783631547284054,1.28249252864366,2865.09106850624,"OK",NA,NA,NA
5,"null","bobcat_like","camera_rn",545,-0.179515853428882,-0.181299740883336,-0.00178388745445346,0.870773651564281,1,0,-0.0714209108413831,-0.109878830041953,0.221,0,0.599032703177064,0.789060529022492,1.01697608277326,2675.43809509277,"OK",NA,NA,NA
6,"null","bobcat_like","camera_rn",546,-0.179515853428882,-0.151616103227019,0.0278997502018635,0.869131932624214,1,0,-0.216878075056656,0.0652619718296376,0.20025,0,0.483463413197733,0.700028139494265,1.08392786829817,2927.31608629227,"OK",NA,NA,NA
7,"null","bobcat_like","camera_rn",547,-0.179515853428882,0.306732830053747,0.48624868348263,0.765719742180223,0,0,0.208691872971928,0.0980409570818195,0.3015,0,-0.323188580241585,0.347799297482971,1.66589479848333,2923.39126157761,"OK",NA,NA,NA
8,"null","bobcat_like","camera_rn",548,-0.179515853428882,-0.327558771052083,-0.148042917623201,0.711247942527826,1,1,-0.1110269083663,-0.216531862685783,0.218875,0,0.402737339628693,0.659313202274447,1.14947011083804,2912.04325342178,"OK",NA,NA,NA
9,"null","bobcat_like","camera_rn",549,-0.179515853428882,-0.259105769044062,-0.0795899156151795,0.911226019143555,1,0,-0.312754982713189,0.0536492136691274,0.26975,0,0.693506419645165,0.843675406082012,0.911475343509064,2925.08071041107,"OK",NA,NA,NA
10,"null","bobcat_like","camera_rn",550,-0.179515853428882,0.0810026490595905,0.260518502488473,0.572734777157269,1,0,-0.000480870633989286,0.0814835196935798,0.12925,0,0.193810638488966,0.522322381571542,1.21525909770911,2685.61288905144,"OK",NA,NA,NA
11,"null","bobcat_like","camera_rn",551,-0.179515853428882,-0.335961937921525,-0.156446084492643,1.05972895125283,1,0,0.0519579797934817,-0.387919917715007,0.097125,0,0.496900257078829,0.734484465058511,1.10855876035759,2488.30370402336,"OK",NA,NA,NA
12,"null","bobcat_like","camera_rn",552,-0.179515853428882,-0.201225100919186,-0.0217092474903033,0.591874624466909,1,0,-0.0828471155426421,-0.118377985376543,0.2215,0,0.421232614254145,0.709503386442586,1.16804829573745,2802.29728770256,"OK",NA,NA,NA
13,"null","bobcat_like","camera_rn",553,-0.179515853428882,0.0165142680242969,0.196030121453179,0.902824785694527,1,0,-0.191375615611915,0.207889883636212,0.094625,0,0.472718990640716,0.69544819422073,1.18793284766577,2861.47867941856,"OK",NA,NA,NA
14,"null","bobcat_like","camera_rn",554,-0.179515853428882,-0.459230069013294,-0.279714215584412,0.927102513118625,1,1,-0.0439668400774411,-0.415263228935853,0.11875,0,0.344611399198777,0.623503270003299,1.15406191529144,2773.39272022247,"OK",NA,NA,NA
15,"null","bobcat_like","camera_rn",555,-0.179515853428882,-0.148666677690546,0.030849175738336,0.873102616260474,1,0,-0.0732053672463175,-0.0754613104442289,0.198125,0,0.446424646738822,0.687646762017505,1.17634572312985,2831.55158185959,"OK",NA,NA,NA
16,"null","bobcat_like","camera_rn",556,-0.179515853428882,0.0508417143728853,0.230357567801768,0.93898845011113,1,0,0.0432041922213575,0.00763752215152787,0.145,0,0.433196364723874,0.683396728056046,1.13072408427063,2837.90082335472,"OK",NA,NA,NA
17,"null","bobcat_like","camera_rn",557,-0.179515853428882,-0.303736889586282,-0.124221036157399,0.874041556409923,1,0,-0.0657808747117372,-0.237956014874544,0.168125,0,0.480800053641644,0.697694502125017,1.04636589617688,2602.83533024788,"OK",NA,NA,NA
18,"null","bobcat_like","camera_rn",558,-0.179515853428882,-0.525813878403002,-0.34629802497412,0.782066112616646,1,1,-0.151251862863768,-0.374562015539235,0.235375,0,0.261342877775774,0.597032738846087,1.19603017666096,2630.7659239769,"OK",NA,NA,NA
19,"null","bobcat_like","camera_rn",559,-0.179515853428882,-0.263998903085419,-0.0844830496565367,0.841949625490901,1,0,0.0113924051703831,-0.275391308255802,0.12125,0,0.539080760409094,0.737817539637874,1.07772573907413,2614.19364142418,"OK",NA,NA,NA
20,"null","bobcat_like","camera_rn",560,-0.179515853428882,-0.348829505081293,-0.16931365165241,0.856517963270468,1,0,0.130216545290811,-0.479046050372104,0.048625,0,0.191322434994011,0.544470104213162,1.19184105559526,2681.48943758011,"OK",NA,NA,NA
21,"null","bobcat_like","camera_rn",561,-0.179515853428882,-0.488335104533656,-0.308819251104773,1.11104047090712,1,1,-0.112230241103099,-0.376104863430557,0.19825,0,0.0982662371167443,0.50477886238817,1.44340885130239,2521.74550652504,"OK",NA,NA,NA
22,"null","bobcat_like","camera_rn",562,-0.179515853428882,-0.146684895323641,0.0328309581052412,0.699415719782511,1,0,-0.162025500192285,0.0153406048686442,0.194625,0,0.602835723250987,0.775262473558579,0.993930836907488,2799.39451885223,"OK",NA,NA,NA
23,"null","bobcat_like","camera_rn",563,-0.179515853428882,-0.482718128257829,-0.303202274828947,0.914091412271401,1,1,0.179197847009082,-0.661915975266911,0.0255,0,0.297448573935198,0.653331133924586,1.18151367290878,2664.69204354286,"OK",NA,NA,NA
24,"null","bobcat_like","camera_rn",564,-0.179515853428882,-0.272187151659444,-0.0926712982305614,0.902684626212859,1,0,-0.213420807817309,-0.0587663438421346,0.271625,0,0.1504870763536,0.532452599507074,1.20313739268142,2623.35882019997,"OK",NA,NA,NA
25,"null","bobcat_like","camera_rn",565,-0.179515853428882,-0.156926542751758,0.022589310677124,0.63369846728964,1,0,-0.039595035013302,-0.117331507738456,0.178875,0,0.524918766908383,0.717707504512022,1.15521976027869,2389.64544343948,"OK",NA,NA,NA
26,"null","bobcat_like","camera_rn",566,-0.179515853428882,-0.338650444330629,-0.159134590901747,0.796838583757571,1,0,0.0541797177877971,-0.392830162118427,0.079,0,0.426203651308989,0.672592132585534,1.38038080700705,2798.33957743645,"OK",NA,NA,NA
27,"null","bobcat_like","camera_rn",567,-0.179515853428882,-0.725446154275599,-0.545930300846717,0.981009017106034,0,1,-0.112805997104146,-0.612640157171454,0.115125,0,0.124097083488881,0.514613130470221,1.32487983321545,2803.85838317871,"OK",NA,NA,NA
28,"null","bobcat_like","camera_rn",568,-0.179515853428882,0.270366794381716,0.449882647810598,1.04273258650475,1,0,0.132465461345126,0.13790133303659,0.201125,0,-0.273321183173983,0.377447650837393,1.48063327288968,2694.18338060379,"OK",NA,NA,NA
29,"null","bobcat_like","camera_rn",569,-0.179515853428882,0.0484587398795989,0.227974593308481,0.856654499831057,1,0,-0.0533343982066273,0.101793138086226,0.142375,0,0.525489631080171,0.735920549593433,1.10576887610081,2641.64742922783,"OK",NA,NA,NA
30,"null","bobcat_like","camera_rn",570,-0.179515853428882,-0.228940066994213,-0.0494242135653308,0.852896877372706,1,0,-0.113053936320633,-0.115886130673581,0.21075,0,0.442100149866071,0.701483630576957,1.28586211531853,2642.31746196747,"OK",NA,NA,NA
1,"varying","bobcat_like","camera_rn",571,-0.179515853428882,-0.251207836473847,-0.0716919830449652,0.634797919979923,1,0,0.0635135616940751,-0.314721398167923,0.089875,0,0.582709960012899,0.756501193502688,1.07789027339028,2793.64123535156,"OK",NA,NA,NA
2,"varying","bobcat_like","camera_rn",572,-0.179515853428882,-0.340989266288226,-0.161473412859344,0.767324843056646,1,0,-0.19090005944811,-0.150089206840116,0.288625,0,0.435537512146272,0.683217217489181,1.10309552067311,2766.7002351284,"OK",NA,NA,NA
3,"varying","bobcat_like","camera_rn",573,-0.179515853428882,0.0796694611218758,0.259185314550758,0.855296904001295,1,0,0.107092442313457,-0.0274229811915813,0.17,0,0.272638480085884,0.607939218692387,1.19626069056532,2982.84984016418,"OK",NA,NA,NA
4,"varying","bobcat_like","camera_rn",574,-0.179515853428882,0.151370655906729,0.330886509335611,0.672692195876012,0,0,0.201002482507976,-0.0496318266012473,0.203125,0,0.256641475579932,0.587484717343632,1.31922440702861,2767.0996773243,"OK",NA,NA,NA
5,"varying","bobcat_like","camera_rn",575,-0.179515853428882,-0.393351837157509,-0.213835983728627,0.881092897242564,1,0,0.131411364377448,-0.524763201534957,0.055375,0,0.590425851399598,0.770250732597178,1.04410272242733,2472.49656677246,"OK",NA,NA,NA
6,"varying","bobcat_like","camera_rn",576,-0.179515853428882,-0.207050183635156,-0.0275343302062733,0.719464531746277,1,0,-0.102902697095163,-0.104147486539993,0.208375,0,0.730683842636409,0.863969803411671,0.953131687575944,2702.23228335381,"OK",NA,NA,NA
7,"varying","bobcat_like","camera_rn",577,-0.179515853428882,-0.18197506314505,-0.00245920971616753,0.784101041703806,1,0,-0.0653310100558669,-0.116644053089183,0.1785,0,0.577970343114967,0.7552640260824,1.16102974567621,2660.53704071045,"OK",NA,NA,NA
8,"varying","bobcat_like","camera_rn",578,-0.179515853428882,-0.232685385485056,-0.0531695320561733,0.865875078739855,1,0,-0.143985658818968,-0.0886997266660871,0.218375,0,0.225927659088053,0.553465039104194,1.15660666829136,2642.51835846901,"OK",NA,NA,NA
9,"varying","bobcat_like","camera_rn",579,-0.179515853428882,-0.196724026236894,-0.0172081728080116,0.840384158387621,1,0,0.021335030117168,-0.218059056354062,0.102125,0,0.365787617913956,0.648945254128743,1.16161613477614,2609.17214417458,"OK",NA,NA,NA
10,"varying","bobcat_like","camera_rn",580,-0.179515853428882,-0.154138833735704,0.0253770196931785,0.605559051011628,1,0,0.0163491430371069,-0.170487976772811,0.13075,0,0.324468933058181,0.6107046517495,1.18924653129625,2501.97519779205,"OK",NA,NA,NA
11,"varying","bobcat_like","camera_rn",581,-0.179515853428882,-0.0941008925231129,0.0854149609057694,0.549494714022753,1,0,-0.00322137675871581,-0.0908795157643971,0.119375,0,0.565609313628204,0.792927283665509,1.39838397008344,2689.32670640945,"OK",NA,NA,NA
12,"varying","bobcat_like","camera_rn",582,-0.179515853428882,-0.17140557759214,0.00811027583674206,0.880460941498901,1,0,0.0632616669051486,-0.234667244497289,0.0965,0,0.192672580936824,0.566758524326108,1.2403354177464,2658.6656267643,"OK",NA,NA,NA
13,"varying","bobcat_like","camera_rn",583,-0.179515853428882,-0.0964183881637435,0.0830974652651388,0.836743709799331,1,0,0.0575476552123289,-0.153966043376072,0.132,0,0.159547599481133,0.528503367036038,1.20051650979357,2800.58940935135,"OK",NA,NA,NA
14,"varying","bobcat_like","camera_rn",584,-0.179515853428882,-0.112837072326228,0.066678781102654,0.813922479751284,1,0,-0.17698366318643,0.0641465908602016,0.16475,0,-0.175147469236964,0.412646276853811,1.52320406778296,2692.23543834686,"OK",NA,NA,NA
15,"varying","bobcat_like","camera_rn",585,-0.179515853428882,-0.232645990398663,-0.0531301369697811,0.801487618934941,1,0,-0.0242452468208251,-0.208400743577838,0.16375,0,0.500642909464802,0.739020745599565,1.18998829563018,2247.40917444229,"OK",NA,NA,NA
16,"varying","bobcat_like","camera_rn",586,-0.179515853428882,0.209780374833486,0.389296228262368,0.951898620237343,1,0,0.0316047876007051,0.17817558723278,0.158625,0,-0.129793879290304,0.456461410079761,1.37901159529409,2848.63692069054,"OK",NA,NA,NA
17,"varying","bobcat_like","camera_rn",587,-0.179515853428882,-0.464127876710021,-0.284612023281138,0.926169861029065,1,1,0.000287604099523515,-0.464415480809544,0.104875,0,0.717823777870504,0.850074715208912,0.948923611995098,2730.17793893814,"OK",NA,NA,NA
18,"varying","bobcat_like","camera_rn",588,-0.179515853428882,-0.327632416120878,-0.148116562691996,0.82856503321327,1,0,0.160352599342591,-0.487985015463469,0.04425,0,0.359178959049148,0.644544819422073,1.2131007435422,2926.71567296982,"OK",NA,NA,NA
19,"varying","bobcat_like","camera_rn",589,-0.179515853428882,0.784254038504997,0.96376989193388,1.24631186176516,0,1,0.1814456924883,0.602808346016697,0.185125,0,-0.539795554870341,0.222326262881096,1.70417086348988,2834.6722676754,"OK",NA,NA,NA
20,"varying","bobcat_like","camera_rn",590,-0.179515853428882,-0.365289651174284,-0.185773797745401,1.22883779766519,1,0,-0.144155356011896,-0.221134295162388,0.217875,0,0.352052590354888,0.640420928021114,1.49340884455253,2811.58178329468,"OK",NA,NA,NA
21,"varying","bobcat_like","camera_rn",591,-0.179515853428882,-0.617147552057359,-0.437631698628477,0.746173587600347,0,1,-0.0383658195782694,-0.57878173247909,0.093375,0,0.525952583601594,0.720865920161462,1.15087791323494,2646.97906923294,"OK",NA,NA,NA
22,"varying","bobcat_like","camera_rn",592,-0.179515853428882,0.273176722450392,0.452692575879274,1.1622574538985,1,0,0.196169074474787,0.077007647975605,0.222375,0,0.584945728470724,0.765214733451066,1.1228529155815,2755.98705172539,"OK",NA,NA,NA
23,"varying","bobcat_like","camera_rn",593,-0.179515853428882,-0.410578910377257,-0.231063056948375,1.10614789551792,1,1,0.00761826800905446,-0.418197178386311,0.087,0,0.599144686360287,0.77484523278154,1.43558759058669,2702.78199839592,"OK",NA,NA,NA
24,"varying","bobcat_like","camera_rn",594,-0.179515853428882,-0.0242067850357901,0.155309068393092,0.987275470067477,1,0,-0.067760413616644,0.0435536285808539,0.1605,0,0.663409264054887,0.831308583516078,1.19880369614475,2779.88490104675,"OK",NA,NA,NA
25,"varying","bobcat_like","camera_rn",595,-0.179515853428882,-0.0780491476617728,0.101466705767109,1.22097909718413,1,0,0.0312173056231096,-0.109266453284882,0.18125,0,0.42678895820166,0.680932096489355,1.1566372265242,2471.93834376335,"OK",NA,NA,NA
26,"varying","bobcat_like","camera_rn",596,-0.179515853428882,-0.638263682364966,-0.458747828936084,1.03084241023793,1,1,-0.0326627411733718,-0.605600941191595,0.0655,0,0.475390445173548,0.699581788895573,1.09989730739107,2471.74372243881,"OK",NA,NA,NA
27,"varying","bobcat_like","camera_rn",597,-0.179515853428882,-0.0143123343756207,0.165203519053262,0.613080826190399,1,0,-0.0136328393263951,-0.000679495049225598,0.162,0,0.664970264104788,0.795663606900968,0.977754512604608,2716.69075345993,"OK",NA,NA,NA
28,"varying","bobcat_like","camera_rn",598,-0.179515853428882,-0.0245191987653818,0.154996654663501,1.01176739882851,1,0,0.00366400763687889,-0.0281832064022606,0.169875,0,-0.135337575838511,0.462962603582449,1.43624864447526,2541.48079323769,"OK",NA,NA,NA
29,"varying","bobcat_like","camera_rn",599,-0.179515853428882,-0.681892548032045,-0.502376694603163,0.903555790785508,0,1,-0.135398528531899,-0.546494019500147,0.147,0,0.291456014933998,0.603233130858352,1.1687947936022,2847.42723369598,"OK",NA,NA,NA
30,"varying","bobcat_like","camera_rn",600,-0.179515853428882,-0.41205490366816,-0.232539050239278,0.912516918440112,1,1,-0.176582213404301,-0.235472690263859,0.269,0,0.40228374842691,0.671893496865843,1.1223139505525,2876.36579489708,"OK",NA,NA,NA
1,"null","deer_like","camera_rn",601,-0.179515853428882,-0.220405058655904,-0.0408892052270221,0.277758413658422,1,1,-0.0149989760903201,-0.205406082565584,0.128125,0,0.689037928364329,0.816380096644608,0.973497048807427,2358.34428429604,"OK",NA,NA,NA
2,"null","deer_like","camera_rn",602,-0.179515853428882,-0.112063832167712,0.0674520212611701,0.236634169976623,1,0,-0.0320113706571745,-0.0800524615105376,0.145875,0,0.750814142267405,0.859030837004405,1.23289628390318,2994.77287912369,"OK",NA,NA,NA
3,"null","deer_like","camera_rn",603,-0.179515853428882,-0.1133818755042,0.0661339779246819,0.240154765665728,1,0,-0.0219374714286205,-0.0914444040755799,0.18175,0,0.61805971358177,0.786867589124571,1.0015764656374,2613.7735145092,"OK",NA,NA,NA
4,"null","deer_like","camera_rn",604,-0.179515853428882,-0.200295353079084,-0.0207794996502015,0.229917398450197,1,1,-0.0492373003372183,-0.151058052741866,0.235125,0,0.751452908065894,0.860986046692154,1.06231144946793,2763.58509635925,"OK",NA,NA,NA
5,"null","deer_like","camera_rn",605,-0.179515853428882,-0.172689815702824,0.00682603772605789,0.384871895001744,1,1,0.109003488111399,-0.281693303814223,0.055625,0,0.695145900895332,0.834132236216499,0.960099633031126,2748.78613471985,"OK",NA,NA,NA
6,"null","deer_like","camera_rn",606,-0.179515853428882,-0.114261669741673,0.0652541836872093,0.262676752396559,1,0,0.0333405743507498,-0.147602244092423,0.0935,0,0.739397660314482,0.853296202138602,0.827024599287104,2798.15888619423,"OK",NA,NA,NA
7,"null","deer_like","camera_rn",607,-0.179515853428882,-0.0880206235880002,0.0914952298408821,0.293746852895672,1,0,-0.0753032691645376,-0.0127173544234627,0.18575,0,0.631975764056402,0.781676337596305,1.03794730657443,2724.06131434441,"OK",NA,NA,NA
8,"null","deer_like","camera_rn",608,-0.179515853428882,-0.300738079177393,-0.121222225748511,0.347686300447494,1,1,0.0512278758519804,-0.351965955029374,0.04875,0,0.680387043119312,0.818636107822779,0.896643602318536,2690.35550308228,"OK",NA,NA,NA
9,"null","deer_like","camera_rn",609,-0.179515853428882,-0.152378113358461,0.0271377400704213,0.286249015654173,1,1,0.0212799090736912,-0.173658022432152,0.109875,0,0.765093152263611,0.864129907430767,1.16052105221276,2698.51139330864,"OK",NA,NA,NA
10,"null","deer_like","camera_rn",610,-0.179515853428882,-0.0264872231572066,0.153028630271676,0.252963423108614,0,0,0.100384522863175,-0.126871746020382,0.073,0,0.724737737580955,0.848609520852336,0.944016462983646,3018.20444226265,"OK",NA,NA,NA
11,"null","deer_like","camera_rn",611,-0.179515853428882,-0.0567193370617605,0.122796516367122,0.283028818080755,1,0,0.05749579919309,-0.11421513625485,0.0895,0,0.675288522203007,0.817515379689107,1.0673139497628,2608.73799061775,"OK",NA,NA,NA
12,"null","deer_like","camera_rn",612,-0.179515853428882,-0.148236719149371,0.0312791342795116,0.229654033507958,1,1,0.152875888312525,-0.301112607461896,0.03,0,0.768764200172136,0.887917483358885,1.10319200997002,2855.78180217743,"OK",NA,NA,NA
13,"null","deer_like","camera_rn",613,-0.179515853428882,-0.0772523939167938,0.102263459512089,0.28265504530471,1,0,-0.225951150551876,0.148698756635083,0.10025,0,0.773517826990214,0.871688757786877,0.895809931480054,2812.01444530487,"OK",NA,NA,NA
14,"null","deer_like","camera_rn",614,-0.179515853428882,-0.09390445977624,0.0856113936526423,0.251198140963839,1,0,-0.0683877260005637,-0.0255167337756762,0.187,0,0.564209587956547,0.759111374177648,1.09811310907716,2677.29850172997,"OK",NA,NA,NA
15,"null","deer_like","camera_rn",615,-0.179515853428882,-0.0983741460035871,0.0811417074252952,0.253827371163971,1,0,-0.0963660686233791,-0.00200807738020793,0.186875,0,0.762084770372039,0.853669778183159,1.08762640287654,2857.64827156067,"OK",NA,NA,NA
16,"null","deer_like","camera_rn",616,-0.179515853428882,-0.0386620078929765,0.140853845535906,0.249120633887471,0,0,0.0187947686554777,-0.0574567765484542,0.119375,0,0.69912677001275,0.827218653573716,0.971217388665398,2748.76963305473,"OK",NA,NA,NA
17,"null","deer_like","camera_rn",617,-0.179515853428882,-0.184131836436372,-0.00461598300748958,0.207314922616882,1,1,0.0466204293541689,-0.230752265790541,0.071125,0,0.342244411969428,0.631450251314794,1.15874487634002,2957.69360017776,"OK",NA,NA,NA
18,"null","deer_like","camera_rn",618,-0.179515853428882,-0.0505823295288553,0.128933523900027,0.29397841332121,1,0,-0.0201729857861303,-0.030409343742725,0.154875,0,0.650012317989858,0.819169787886433,1.03257212617461,2849.04202461243,"OK",NA,NA,NA
19,"null","deer_like","camera_rn",619,-0.179515853428882,-0.0839209489303465,0.0955949044985358,0.316905762548648,1,0,-0.0498375793135324,-0.0340833696168141,0.167375,0,0.708399349471639,0.841579498922937,0.924633989228775,2972.12607145309,"OK",NA,NA,NA
20,"null","deer_like","camera_rn",620,-0.179515853428882,-0.197033542434552,-0.0175176890056697,0.291937555175857,1,1,0.0248705670916702,-0.221904109526222,0.135125,0,0.557251755075114,0.744425469153292,1.10821478293468,2290.3501086235,"OK",NA,NA,NA
21,"null","deer_like","camera_rn",621,-0.179515853428882,-0.122175877524644,0.0573399759042384,0.294654974773191,1,0,0.0904873055894203,-0.212663183114064,0.072375,0,0.777454598521453,0.87558947388849,0.869799885748934,2495.23712801933,"OK",NA,NA,NA
22,"null","deer_like","camera_rn",622,-0.179515853428882,-0.122249619807874,0.0572662336210087,0.308171229554683,1,0,0.10451562068569,-0.226765240493564,0.045625,0,0.740637297802509,0.84956529332997,1.00384002561222,2587.9083313942,"OK",NA,NA,NA
23,"null","deer_like","camera_rn",623,-0.179515853428882,-0.162964620018655,0.016551233410227,0.308128543745179,1,1,-0.0407532452237705,-0.122211374794885,0.219875,0,0.652211875452708,0.801082885365522,0.902668432214004,2946.25195789337,"OK",NA,NA,NA
24,"null","deer_like","camera_rn",624,-0.179515853428882,-0.1144406090028,0.0650752444260827,0.279180017412841,1,0,0.0628549976275773,-0.177295606630377,0.0805,0,0.6643567610456,0.800330881639465,0.960370032655085,2739.53906607628,"OK",NA,NA,NA
25,"null","deer_like","camera_rn",625,-0.179515853428882,-0.171854351922159,0.00766150150672321,0.199629474471611,1,1,-0.043274758811512,-0.128579593110647,0.224,0,0.627323685114894,0.784533951755322,1.09388368148466,2510.32707953453,"OK",NA,NA,NA
26,"null","deer_like","camera_rn",626,-0.179515853428882,-0.119877989883471,0.0596378635454108,0.252236195774245,1,0,-0.0911345188598546,-0.0287434710236168,0.23175,0,0.790998023591391,0.888426905237827,0.827753538924511,2493.34304022789,"OK",NA,NA,NA
27,"null","deer_like","camera_rn",627,-0.179515853428882,-0.196616797160604,-0.0171009437317217,0.265240843380703,1,1,0.0114052215204311,-0.208022018681035,0.099625,0,0.412218705368927,0.652991519338625,1.14402018409914,2568.39422893524,"OK",NA,NA,NA
28,"null","deer_like","camera_rn",628,-0.179515853428882,-0.224018959649516,-0.044503106220634,0.262930554826733,1,1,-0.0469503227716775,-0.177068636877839,0.241875,0,0.773639155463419,0.882512759805158,0.870712835984035,2388.62339639664,"OK",NA,NA,NA
29,"null","deer_like","camera_rn",629,-0.179515853428882,-0.0653990376961976,0.114116815732685,0.217615308356999,0,0,0.00602514201478832,-0.0714241797109859,0.14575,0,0.764079468819488,0.866880785577054,1.11223210810071,2233.20748257637,"OK",NA,NA,NA
30,"null","deer_like","camera_rn",630,-0.179515853428882,-0.191304543516675,-0.0117886900877927,0.225117579612593,1,1,-0.095394744105528,-0.095909799411147,0.261875,0,0.609663651792764,0.765098294164451,0.986925513879346,2834.99826049805,"OK",NA,NA,NA
1,"varying","deer_like","camera_rn",631,-0.179515853428882,-0.089155112113447,0.0903607413154353,0.173435335571411,1,1,0.0631157680778461,-0.152270880191293,0.083875,0,0.645122663503182,0.793310562983951,1.20492338839015,2565.62645244598,"OK",NA,NA,NA
2,"varying","deer_like","camera_rn",632,-0.179515853428882,-0.0678209299917208,0.111694923437161,0.225139978066487,1,0,-0.0500681885659254,-0.0177527414257955,0.169875,0,0.740248610681583,0.849288750024258,0.916646245635253,2544.72913241386,"OK",NA,NA,NA
3,"varying","deer_like","camera_rn",633,-0.179515853428882,-0.0836263499286674,0.0958895035002149,0.203455049213185,1,0,-0.0892622905834691,0.00563594065480174,0.188375,0,0.71494310425559,0.828358788255157,0.940824895260639,2411.30156230927,"OK",NA,NA,NA
4,"varying","deer_like","camera_rn",634,-0.179515853428882,-0.0825156028872804,0.0970002505416019,0.251044503835347,1,0,0.00070731838681711,-0.0832229212740975,0.1445,0,0.592210000303442,0.777576704380058,1.15140666359557,2500.07703614235,"OK",NA,NA,NA
5,"varying","deer_like","camera_rn",635,-0.179515853428882,-0.0628087222967753,0.116707131132107,0.225939293739403,0,0,0.104476756709075,-0.16728547900585,0.051625,0,0.668900495536005,0.808462225154767,1.16950332899012,2574.23657298088,"OK",NA,NA,NA
6,"varying","deer_like","camera_rn",636,-0.179515853428882,-0.20070551284678,-0.021189659417898,0.302006622053063,1,1,-0.0869428411451456,-0.113762671701635,0.269125,0,0.699174618538648,0.826447243299889,0.901028097734959,2787.40815258026,"OK",NA,NA,NA
7,"varying","deer_like","camera_rn",637,-0.179515853428882,-0.187376632571524,-0.00786077914264122,0.256915337016657,1,1,0.0151514023071113,-0.202528034878635,0.13325,0,0.670867927537038,0.815545615090532,1.00053370068902,2481.41316056252,"OK",NA,NA,NA
8,"varying","deer_like","camera_rn",638,-0.179515853428882,-0.230975880318824,-0.0514600268899416,0.237201117586237,1,1,-0.154187981563368,-0.0767878987554563,0.342875,0,0.747897450013399,0.851889227425333,1.00837516870512,2663.32027792931,"OK",NA,NA,NA
9,"varying","deer_like","camera_rn",639,-0.179515853428882,-0.110463449719087,0.0690524037097958,0.197444422790261,1,1,0.0704507561542763,-0.180914205873363,0.07425,0,0.729267237736018,0.840036678375284,1.01126267480485,2777.88152718544,"OK",NA,NA,NA
10,"varying","deer_like","camera_rn",640,-0.179515853428882,-0.214033896585256,-0.0345180431563732,0.328047989561343,1,1,0.066631494386041,-0.280665390971297,0.041125,0,0.663514931553285,0.800981000989734,0.959397792043697,2660.99774885178,"OK",NA,NA,NA
11,"varying","deer_like","camera_rn",641,-0.179515853428882,-0.0782298780770514,0.101285975351831,0.264430847855548,1,0,-0.0467704354678432,-0.0314594426092082,0.190125,0,0.755499338480104,0.863261464418095,0.860640113443166,1857.58454465866,"OK",NA,NA,NA
12,"varying","deer_like","camera_rn",642,-0.179515853428882,-0.0893350855215855,0.0901807679072967,0.213807601677508,1,0,0.0750475711159738,-0.164382656637559,0.06675,0,0.708176360914266,0.830352811038444,1.01181891767741,2646.4775531292,"OK",NA,NA,NA
13,"varying","deer_like","camera_rn",643,-0.179515853428882,-0.169536421262458,0.00997943216642422,0.270871135197063,1,1,-0.0870519420160401,-0.0824844792464179,0.27675,0,0.786740947455634,0.876346329251489,0.989884008858349,2638.19215297699,"OK",NA,NA,NA
14,"varying","deer_like","camera_rn",644,-0.179515853428882,-0.0485122612390864,0.131003592189796,0.246877564491303,0,0,0.081419404277426,-0.129931665516512,0.091375,0,0.798231742898025,0.894588484154554,0.965520478644,2553.11949467659,"OK",NA,NA,NA
15,"varying","deer_like","camera_rn",645,-0.179515853428882,-0.17930806311707,0.000207790311811978,0.334556837294078,1,1,0.337020099305897,-0.516328162422968,0.004375,0,0.621327102669809,0.781613266316055,1.08397878589551,2676.70871376991,"OK",NA,NA,NA
16,"varying","deer_like","camera_rn",646,-0.179515853428882,-0.282647271706683,-0.1031314182778,0.317277527375837,1,1,-0.052607698524385,-0.230039573182298,0.164,0,0.712745678737111,0.837911661394555,0.894090848264275,2629.66630291939,"OK",NA,NA,NA
17,"varying","deer_like","camera_rn",647,-0.179515853428882,-0.0746599480536103,0.104855905375272,0.203801411337917,1,0,0.122662067822841,-0.197322015876451,0.0315,0,0.550584620021872,0.745420054726465,1.25250835553199,2686.95794701576,"OK",NA,NA,NA
18,"varying","deer_like","camera_rn",648,-0.179515853428882,-0.0781330772013052,0.101382776227577,0.244860364407916,1,0,-0.0495038445268129,-0.0286292326744923,0.183,0,0.701033449614068,0.832492382930001,1.13488469499388,2037.10553359985,"OK",NA,NA,NA
19,"varying","deer_like","camera_rn",649,-0.179515853428882,-0.0486441782324115,0.130871675196471,0.197831399085692,0,0,0.0704778052096566,-0.119121983442068,0.085375,0,0.759876332479257,0.857682081934445,1.05300605921331,2748.18544530869,"OK",NA,NA,NA
20,"varying","deer_like","camera_rn",650,-0.179515853428882,-0.182295163533196,-0.00277931010431404,0.322372569186762,1,1,0.0381720538242702,-0.220467217357467,0.08775,0,0.525245066604587,0.723888489976518,1.2259745815346,2624.16487717628,"OK",NA,NA,NA
21,"varying","deer_like","camera_rn",651,-0.179515853428882,-0.212913819709583,-0.0333979662807009,0.329095971510536,1,1,0.0320886093039393,-0.245002429013522,0.108125,0,0.71289990006631,0.855591026412312,0.901908384047236,2323.0668194294,"OK",NA,NA,NA
22,"varying","deer_like","camera_rn",652,-0.179515853428882,-0.16765683617133,0.0118590172575528,0.279302047247048,1,1,-0.0396697505201439,-0.127987085651186,0.235625,0,0.724878173405206,0.844107201769877,1.08749843911911,2825.31996369362,"OK",NA,NA,NA
23,"varying","deer_like","camera_rn",653,-0.179515853428882,-0.165096910324063,0.0144189431048193,0.256823569244266,1,1,0.107506209272227,-0.27260311959629,0.02775,0,0.679715801235909,0.816782782510819,0.984595988122346,2303.71631503105,"OK",NA,NA,NA
24,"varying","deer_like","camera_rn",654,-0.179515853428882,-0.0842876637412455,0.0952281896876368,0.258339800805086,1,0,0.0472654576021127,-0.131553121343358,0.094375,0,0.789829301305566,0.88799025791302,0.876768400589909,2510.00986003876,"OK",NA,NA,NA
25,"varying","deer_like","camera_rn",655,-0.179515853428882,-0.0566202382095007,0.122895615219382,0.208734868527992,0,0,-0.0856785079300525,0.0290582697205518,0.143375,0,0.516156026717399,0.728584874536669,1.20564168128253,2566.8998401165,"OK",NA,NA,NA
26,"varying","deer_like","camera_rn",656,-0.179515853428882,-0.0751894518277258,0.104326401601156,0.288467190735555,1,0,-0.105747803093042,0.0305583512653166,0.157375,0,0.643202470901083,0.807263870830018,1.01211882441081,2382.06970024109,"OK",NA,NA,NA
27,"varying","deer_like","camera_rn",657,-0.179515853428882,-0.0144773614582014,0.165038491970681,0.252329121255976,0,0,0.108705327897418,-0.123182689355619,0.07225,0,0.770990110390958,0.871892526538454,0.858384305963941,2654.6884906292,"OK",NA,NA,NA
28,"varying","deer_like","camera_rn",658,-0.179515853428882,-0.113148233345262,0.0663676200836204,0.171108728630576,1,1,-0.0719743734389652,-0.0411738599062967,0.202375,0,0.605810490952004,0.777571852743116,1.13713098934125,2773.54608869553,"OK",NA,NA,NA
29,"varying","deer_like","camera_rn",659,-0.179515853428882,-0.203577685704016,-0.0240618322751339,0.261844673991064,1,1,-0.0188290637813487,-0.184748621922668,0.158875,0,0.667537910579425,0.810669719963516,0.984790201199027,2511.30414414406,"OK",NA,NA,NA
30,"varying","deer_like","camera_rn",660,-0.179515853428882,-0.157367571442117,0.0221482819867653,0.239887171511376,1,1,-0.0575832144536469,-0.09978435698847,0.222,0,0.532451888146914,0.73593510450426,1.21482463654753,2444.8111770153,"OK",NA,NA,NA
1,"null","intermediate","camera_rn",661,-0.179515853428882,-0.25283191720445,-0.0733160637755675,0.46302579348235,1,1,-0.130052985724891,-0.122778931479559,0.32,0,0.47821378070567,0.689534048788061,1.04171919658861,2511.777810812,"OK",NA,NA,NA
2,"null","intermediate","camera_rn",662,-0.179515853428882,-0.0721566506227889,0.107359202806093,0.393539549162756,1,0,-0.173609699376764,0.101453048753975,0.139125,0,0.641323346280006,0.801364280308176,1.33473062580531,2606.40404629707,"OK",NA,NA,NA
3,"null","intermediate","camera_rn",663,-0.179515853428882,-0.280971134912913,-0.101455281484031,0.47493964066657,1,1,-0.234211765530671,-0.0467593693822419,0.332375,0,0.496738373573623,0.723257777174019,1.11116620280822,2307.09363675117,"OK",NA,NA,NA
4,"null","intermediate","camera_rn",664,-0.179515853428882,-0.20288313976141,-0.0233672863325277,0.554700851717462,1,0,-0.153424976225008,-0.0494581635364024,0.24125,0,0.669403121458298,0.803571775116924,1.09392260785215,2784.56365919113,"OK",NA,NA,NA
5,"null","intermediate","camera_rn",665,-0.179515853428882,0.0208798787285722,0.200395732157454,0.397970734628506,1,0,-0.0333166072337098,0.0541964859622819,0.12425,0,0.619780657548389,0.777028469405577,1.09206925691662,2755.9595105648,"OK",NA,NA,NA
6,"null","intermediate","camera_rn",666,-0.179515853428882,-0.291753675052882,-0.112237821624,0.448662832072091,1,1,-0.111063563442895,-0.180690111609987,0.26025,0,0.733388975478424,0.841181664693668,1.03267947639039,2609.91457104683,"OK",NA,NA,NA
7,"null","intermediate","camera_rn",667,-0.179515853428882,-0.208819166738888,-0.0293033133100061,0.523212147794931,1,0,0.0436518150559192,-0.252470981794808,0.094375,0,0.547547593133389,0.746133245356983,1.07408846017252,2515.42203187943,"OK",NA,NA,NA
8,"null","intermediate","camera_rn",668,-0.179515853428882,-0.226583133661205,-0.0470672802323225,0.358594182056728,1,1,-0.197781506749364,-0.0288016269118411,0.311,0,0.251596894459152,0.576102777076986,1.29130793875525,2613.00876688957,"OK",NA,NA,NA
9,"null","intermediate","camera_rn",669,-0.179515853428882,-0.234215417207281,-0.0546995637783992,0.408602767038078,1,1,-0.109023991130517,-0.125191426076765,0.305375,0,0.577202570637609,0.750014554910827,0.996046813251296,2603.79239630699,"OK",NA,NA,NA
10,"null","intermediate","camera_rn",670,-0.179515853428882,-0.104902878556098,0.0746129748727848,0.568359478644619,1,0,0.0359314291286003,-0.140834307684698,0.112375,0,0.68789350703839,0.815065303033243,0.921562651484118,2518.37572646141,"OK",NA,NA,NA
11,"null","intermediate","camera_rn",671,-0.179515853428882,-0.29849644288834,-0.118980589459458,0.490759724763533,1,1,-0.0313449735457896,-0.267151469342551,0.158625,0,0.524600754544805,0.736565817306759,1.01016916963406,2862.2387304306,"OK",NA,NA,NA
12,"null","intermediate","camera_rn",672,-0.179515853428882,-0.117958314631604,0.0615575387972778,0.450168503102572,1,0,0.138499625373578,-0.256457940005182,0.053375,0,0.596675029178384,0.76456946573774,0.996839168357258,2638.45046877861,"OK",NA,NA,NA
13,"null","intermediate","camera_rn",673,-0.179515853428882,-0.276802045592046,-0.0972861921631638,0.539865762605085,1,1,0.139515189902277,-0.416317235494323,0.05225,0,0.529055845032458,0.718226629664849,1.00631430456492,2575.33033442497,"OK",NA,NA,NA
14,"null","intermediate","camera_rn",674,-0.179515853428882,-0.00514437332200869,0.174371480106874,0.350419330703648,1,0,-0.0509463213305088,0.0458019480085001,0.1145,0,0.608713702264543,0.774622057482194,1.03166199450334,2583.6246919632,"OK",NA,NA,NA
15,"null","intermediate","camera_rn",675,-0.179515853428882,-0.306571779425644,-0.127055925996761,0.423157919380616,1,1,0.0811837412282203,-0.387755520653864,0.0455,0,0.588766429256227,0.745575307108618,1.12839785478434,2570.62771105766,"OK",NA,NA,NA
16,"null","intermediate","camera_rn",676,-0.179515853428882,-0.103283839452453,0.0762320139764289,0.361420530254908,1,0,-0.000149996409120642,-0.103133843043333,0.15275,0,0.765220491858161,0.858982320634982,1.26355479238062,2282.17484307289,"OK",NA,NA,NA
17,"null","intermediate","camera_rn",677,-0.179515853428882,-0.0185376494161409,0.160978204012741,0.391259033321184,1,0,0.0727308094587548,-0.0912684588748957,0.085125,0,0.605609190520439,0.77442314036756,0.964931489451146,2615.209420681,"OK",NA,NA,NA
18,"null","intermediate","camera_rn",678,-0.179515853428882,-0.20342197508408,-0.0239061216551979,0.491297814893266,1,0,0.0518693445315953,-0.255291319615675,0.09425,0,0.607938540115347,0.780085000679229,0.945227718550905,2814.55583095551,"OK",NA,NA,NA
19,"null","intermediate","camera_rn",679,-0.179515853428882,-0.0906938508773098,0.0888220025515725,0.459331611933937,1,0,-0.113913546799773,0.0232196959224629,0.181375,0,0.452070596468503,0.69043645325933,1.27771800058633,2757.72246050835,"OK",NA,NA,NA
20,"null","intermediate","camera_rn",680,-0.179515853428882,-0.187204645809581,-0.00768879238069864,0.358017286927648,1,1,-0.0209925650293441,-0.166212080780237,0.177125,0,0.636342194511648,0.790147295697568,1.02819096128399,2586.17093443871,"OK",NA,NA,NA
21,"null","intermediate","camera_rn",681,-0.179515853428882,-0.256043508183099,-0.0765276547542172,0.433366024642187,1,1,0.107966781692179,-0.364010289875278,0.04275,0,0.672985413156473,0.817888955733664,0.980564201563434,1935.23652482033,"OK",NA,NA,NA
22,"null","intermediate","camera_rn",682,-0.179515853428882,-0.196113891051664,-0.0165980376227814,0.389988167068623,1,1,-0.227595458824092,0.0314815677724286,0.29375,0,0.436729990383649,0.667648314541326,1.0843435790293,2562.44150066376,"OK",NA,NA,NA
23,"null","intermediate","camera_rn",683,-0.179515853428882,-0.276400442565627,-0.0968845891367447,0.49250988791491,1,1,-0.116333049268249,-0.160067393297378,0.263625,0,0.705018839094737,0.838430786547381,1.29776795217126,2761.90701818466,"OK",NA,NA,NA
24,"null","intermediate","camera_rn",684,-0.179515853428882,-0.236569160027271,-0.0570533065983888,0.429850809805894,1,1,-0.0807906511174606,-0.15577850890981,0.24225,0,0.60612789418862,0.778595548137942,1.29924161052502,2879.05204176903,"OK",NA,NA,NA
25,"null","intermediate","camera_rn",685,-0.179515853428882,-0.134716481505243,0.0447993719236395,0.41700600772135,1,0,-0.112604344645972,-0.0221121368592708,0.2025,0,0.735454941780527,0.841967629878321,0.885138256292009,2717.13154125214,"OK",NA,NA,NA
26,"null","intermediate","camera_rn",686,-0.179515853428882,-0.212501612723176,-0.0329857592942935,0.404396817094733,1,1,0.0514765125322956,-0.263978125255471,0.105625,0,0.712818773972653,0.832220691261232,0.993593643562046,2655.00982236862,"OK",NA,NA,NA
27,"null","intermediate","camera_rn",687,-0.179515853428882,-0.290251063500923,-0.11073521007204,0.352015149863854,1,1,0.233793721114156,-0.524044784615079,0.0145,0,0.531879933958455,0.737468221778028,1.14708027505566,2609.16608428955,"OK",NA,NA,NA
28,"null","intermediate","camera_rn",688,-0.179515853428882,-0.243887365165461,-0.064371511736579,0.396514782940745,1,1,-0.10386112080387,-0.140026244361591,0.26175,0,0.554821963649964,0.749902967261154,1.12113888260585,2880.11101198196,"OK",NA,NA,NA
29,"null","intermediate","camera_rn",689,-0.179515853428882,-0.119690869311966,0.0598249841169162,0.541434606625846,1,0,-0.0699725784625506,-0.0497182908494155,0.18,0,0.777627686756844,0.8835267519261,0.932232771281939,2699.7536137104,"OK",NA,NA,NA
30,"null","intermediate","camera_rn",690,-0.179515853428882,-0.0175703355069424,0.16194551792194,0.459331955964513,1,0,-0.101830595214655,0.0842602597077128,0.111625,0,0.769161350951914,0.874881134894914,0.808525133297028,2482.29503154755,"OK",NA,NA,NA
1,"varying","intermediate","camera_rn",691,-0.179515853428882,-0.209685970125711,-0.0301701166968285,0.649521096217205,1,0,-0.106807649871592,-0.102878320254119,0.24525,0,0.65568753787307,0.797905063168313,0.917877981330318,2011.04215335846,"OK",NA,NA,NA
2,"varying","intermediate","camera_rn",692,-0.179515853428882,-0.10098971967374,0.0785261337551419,0.373993206171497,1,0,-0.0853197611922752,-0.0156699584814652,0.2015,0,0.467598589242719,0.704947699353762,1.1619029743966,2555.10921549797,"OK",NA,NA,NA
3,"varying","intermediate","camera_rn",693,-0.179515853428882,-0.236521917357831,-0.0570060639289488,0.349204086841382,1,1,-0.00346877809115842,-0.233053139266673,0.16625,0,0.570530674776263,0.756423567311611,1.05143909426461,2585.11770772934,"OK",NA,NA,NA
4,"varying","intermediate","camera_rn",694,-0.179515853428882,-0.085015310640555,0.0945005427883273,0.354470249253276,1,0,-0.0419054003285111,-0.0431099103120438,0.15975,0,0.570141041905579,0.756205243649207,1.07723476347892,2561.97331571579,"OK",NA,NA,NA
5,"varying","intermediate","camera_rn",695,-0.179515853428882,-0.0385286264137384,0.140987227015144,0.448458625290129,1,0,0.129226273971618,-0.167754900385357,0.0975,0,0.718042149886686,0.834695026101807,1.06622260925413,2412.13453316689,"OK",NA,NA,NA
6,"varying","intermediate","camera_rn",696,-0.179515853428882,0.0201157344482112,0.199631587877094,0.382344054963361,0,0,0.116892546888168,-0.0967768124399567,0.100375,0,0.623252953740799,0.791651303149683,1.05237826615231,2727.31859946251,"OK",NA,NA,NA
7,"varying","intermediate","camera_rn",697,-0.179515853428882,-0.0800324249020414,0.0994834285268409,0.489603874292385,1,0,-0.0316563468968513,-0.0483760780051901,0.123375,0,0.677838023106013,0.821110442663355,1.08123334228091,2570.92954993248,"OK",NA,NA,NA
8,"varying","intermediate","camera_rn",698,-0.179515853428882,-0.191861063371646,-0.0123452099427642,0.421418181980795,1,1,-0.0141700666941015,-0.177690996677545,0.167625,0,0.570807522980878,0.750169807292981,1.17107116779523,2636.92660236359,"OK",NA,NA,NA
9,"varying","intermediate","camera_rn",699,-0.179515853428882,-0.221042999120648,-0.0415271456917658,0.366561774134921,1,1,-0.0852949961154088,-0.135748003005239,0.261,0,0.515164079488055,0.739306992179161,1.20477959068518,2560.50394225121,"OK",NA,NA,NA
10,"varying","intermediate","camera_rn",700,-0.179515853428882,-0.0498451598568819,0.129670693572,0.399535489685704,1,0,-0.0549622080698134,0.00511704821293149,0.162875,0,0.764757363010512,0.865997787653554,0.882514762612157,2437.24997019768,"OK",NA,NA,NA
11,"varying","intermediate","camera_rn",701,-0.179515853428882,-0.166917742921629,0.0125981105072535,0.44610086843848,1,0,-0.103773748816564,-0.0631439941050649,0.23775,0,0.65747700862301,0.804018125715616,1.17113715831523,2677.55247855186,"OK",NA,NA,NA
12,"varying","intermediate","camera_rn",702,-0.179515853428882,-0.0951392944633519,0.0843765589655304,0.461437711553327,1,0,0.135252651310022,-0.230391945773374,0.055625,0,0.624064839833993,0.789836790933261,1.09112069616998,2607.8455889225,"OK",NA,NA,NA
13,"varying","intermediate","camera_rn",703,-0.179515853428882,-0.0881558846008078,0.0913599688280745,0.425743583731717,1,0,0.0259506178030254,-0.114106502403833,0.137,0,0.619472936224551,0.785208329290303,1.06360552735497,2570.08275055885,"OK",NA,NA,NA
14,"varying","intermediate","camera_rn",704,-0.179515853428882,-0.207891069157937,-0.0283752157290542,0.350254295166195,1,1,-0.0595670854745739,-0.148323983683363,0.227,0,0.68727258224805,0.809296706708844,1.05537585314517,2105.71473813057,"OK",NA,NA,NA
15,"varying","intermediate","camera_rn",705,-0.179515853428882,-0.0593654609209025,0.12015039250798,0.391034206773632,1,0,-0.0713744371551047,0.0120089762342023,0.140875,0,0.462830776178269,0.690315162335772,1.17756866487862,2404.57008838654,"OK",NA,NA,NA
16,"varying","intermediate","camera_rn",706,-0.179515853428882,-0.0722402964272311,0.107275557001651,0.456608796346089,1,0,-0.0891911453415862,0.0169508489143551,0.16125,0,0.568337753591377,0.743290186108793,0.966804915380203,2521.84621453285,"OK",NA,NA,NA
17,"varying","intermediate","camera_rn",707,-0.179515853428882,-0.238008861006593,-0.0584930075777111,0.355600004559737,1,1,-0.0536143973631189,-0.184394463643475,0.20625,0,0.73956670907633,0.859593626889713,0.99416256402406,2609.68321013451,"OK",NA,NA,NA
18,"varying","intermediate","camera_rn",708,-0.179515853428882,-0.315017624932932,-0.13550177150405,0.501645866923719,1,1,-0.211819830868347,-0.103197794064585,0.3605,0,0.565098528610541,0.751406974713268,1.07460124431013,2693.47814083099,"OK",NA,NA,NA
19,"varying","intermediate","camera_rn",709,-0.179515853428882,-0.404639440361434,-0.225123586932551,0.52868200271637,0,1,-0.181987950455461,-0.222651489905972,0.300125,0,0.529381615749984,0.716213200333793,1.09067857550368,2780.18491220474,"OK",NA,NA,NA
20,"varying","intermediate","camera_rn",710,-0.179515853428882,-0.242793703997991,-0.0632778505691085,0.442562667611475,1,1,-0.126866450364091,-0.1159272536339,0.28525,0,0.549023219230549,0.736939393351317,1.12368536451952,2772.43026375771,"OK",NA,NA,NA
21,"varying","intermediate","camera_rn",711,-0.179515853428882,-0.242274174292325,-0.0627583208634428,0.503438866558268,1,1,-0.0376047562028626,-0.204669418089463,0.16525,0,0.648971175743436,0.809112344505036,0.932401973739682,2575.69434165955,"OK",NA,NA,NA
22,"varying","intermediate","camera_rn",712,-0.179515853428882,-0.279432263870002,-0.0999164104411197,0.476590910723724,1,1,-0.0346817232075803,-0.244750540662422,0.166,0,0.219221267405022,0.563483669390052,1.25298906027536,2732.53806638718,"OK",NA,NA,NA
23,"varying","intermediate","camera_rn",713,-0.179515853428882,-0.0920976411721794,0.0874182122567029,0.31775136819403,1,0,0.00734713068171164,-0.099444771853891,0.144875,0,0.367791020465111,0.630513885384929,1.20584862360653,2659.83090114594,"OK",NA,NA,NA
24,"varying","intermediate","camera_rn",714,-0.179515853428882,-0.086098521961825,0.0934173314670573,0.316368383050458,1,0,-0.104669744864259,0.018571222902434,0.199375,0,0.476391785781845,0.702531584156494,1.28087645527611,2783.28859877586,"OK",NA,NA,NA
25,"varying","intermediate","camera_rn",715,-0.179515853428882,-0.131600762321417,0.0479150911074655,0.377059522221381,1,0,0.0611187048708587,-0.192719467192275,0.095,0,0.500840683371846,0.730792369345417,1.09068301306377,2902.15947461128,"OK",NA,NA,NA
26,"varying","intermediate","camera_rn",716,-0.179515853428882,-0.07204432516489,0.107471528263992,0.487053346423321,1,0,0.0203899675517374,-0.0924342927166274,0.11675,0,0.549897540837435,0.749912670535039,1.04613585805704,2835.37273740768,"OK",NA,NA,NA
27,"varying","intermediate","camera_rn",717,-0.179515853428882,0.00190741345371386,0.181423266882596,0.343537537027791,0,0,0.140690330288395,-0.138782916834681,0.086375,0,0.723703151464212,0.837329464961478,1.0268018656759,2788.50276684761,"OK",NA,NA,NA
28,"varying","intermediate","camera_rn",718,-0.179515853428882,-0.157331677803331,0.0221841756255515,0.438399430378998,1,0,-0.146683212274986,-0.0106484655283445,0.2435,0,0.635779858117339,0.790996332162472,0.983967326605879,2257.10879659653,"OK",NA,NA,NA
29,"varying","intermediate","camera_rn",719,-0.179515853428882,-0.144659655718767,0.034856197710115,0.373616781116402,1,0,-0.105423550325811,-0.0392361053929565,0.27775,0,0.744819916181886,0.861708940596557,0.922531150895563,2433.90627264977,"OK",NA,NA,NA
30,"varying","intermediate","camera_rn",720,-0.179515853428882,-0.319035129421367,-0.139519275992484,0.523765996926763,1,1,0.208983749587548,-0.528018879008915,0.021,0,0.617968681160137,0.777552446195346,0.989533198492274,2118.54811239243,"OK",NA,NA,NA
