"rep_id","scenario","abundance","estimator","row_id","tvb_true","tvb_mean","tvb_bias","tvb_ci_width","tvb_covered","tvb_detected","year_beta_mean","year_var_mean","tri_mean","tri_fires","disc_spearman","disc_auc","disc_rmse","elapsed_sec","status","n_arrays","mean_prop_detect","frac_saturated"
1,"null","bobcat_baseline","array_occ",1,-0.179515853428882,0.518401102066034,0.697916955494916,4.44072413668635,1,0,0.708846200689383,-0.190445098623349,0.23375,0,0.274857962412282,0.600419181431815,4.59824436044279,1469.25930809975,"OK",97,0.1454,0
2,"null","bobcat_baseline","array_occ",2,-0.179515853428882,-0.0123188318504026,0.16719702157848,5.1437562380917,1,0,0.418699191966538,-0.43101802381694,0.206625,0,0.602947225544502,0.771022142871005,16.4549052781522,2410.39924287796,"OK",97,0.1618,0.0206
3,"null","bobcat_baseline","array_occ",3,-0.179515853428882,-1.13406176274646,-0.954545909317581,4.70685862692748,1,0,-0.550113405823668,-0.583948356922795,0.269625,0,0.711672621443767,0.851253662985891,19.5074059432888,1725.84814739227,"OK",97,0.1217,0
4,"null","bobcat_baseline","array_occ",4,-0.179515853428882,-1.06563141034668,-0.886115556917793,5.84881834130212,1,0,-0.194782833141319,-0.870848577205357,0.20675,0,0.666946496387469,0.835684760038037,18.5576459337218,1627.22461891174,"OK",97,0.1284,0.0103
5,"null","bobcat_baseline","array_occ",5,-0.179515853428882,0.420156215407871,0.599672068836754,5.33987744945635,1,0,0.310785064810381,0.109371150597491,0.232,0,0.414184502344955,0.726809175415785,2.66443733928038,2420.07779169083,"OK",97,0.1417,0
6,"null","bobcat_baseline","array_occ",6,-0.179515853428882,-1.16021831694432,-0.980702463515442,5.41636390015504,1,0,-0.569294211573744,-0.59092410537058,0.268,0,0.504056841676377,0.717508587397388,4.19696567061808,2355.24646878242,"OK",97,0.15,0.0206
7,"null","bobcat_baseline","array_occ",7,-0.179515853428882,-0.489302446819888,-0.309786593391005,4.31015708049529,1,0,-0.173516073193591,-0.315786373626297,0.20525,0,0.733944210734718,0.87466281123251,12.9777945001846,2007.44354581833,"OK",97,0.1421,0
8,"null","bobcat_baseline","array_occ",8,-0.179515853428882,-0.684123441670104,-0.504607588241222,4.76072730028825,1,0,-0.707564379717434,0.0234409380473295,0.27875,0,0.15011114883958,0.540084224417318,4.42543102727038,2282.02573466301,"OK",97,0.1504,0.0103
9,"null","bobcat_baseline","array_occ",9,-0.179515853428882,-0.262135465049247,-0.0826196116203647,4.16098660098861,1,0,0.161137769010441,-0.423273234059688,0.208125,0,-0.318493221226401,0.380974790894448,12.8619834474875,2327.33477091789,"OK",97,0.1463,0
10,"null","bobcat_baseline","array_occ",10,-0.179515853428882,-0.663998373733563,-0.48448252030468,5.2160963392688,1,0,-0.0765528654528761,-0.587445508280687,0.204625,0,0.16876907639377,0.543892759417027,10.4412219430603,2488.14500308037,"OK",97,0.1756,0.0309
11,"null","bobcat_baseline","array_occ",11,-0.179515853428882,-0.273717874831842,-0.0942020214029597,5.79863830489287,1,0,0.0986776698292718,-0.372395544661114,0.19825,0,0.728505813002799,0.847585825457509,26.3656157423047,1458.21832489967,"OK",97,0.1529,0
12,"null","bobcat_baseline","array_occ",12,-0.179515853428882,-1.02328436966264,-0.843768516233755,4.49357188277852,1,0,-0.199820551408107,-0.82346381825453,0.180125,0,0.510576119174216,0.716378155989831,11.431344595044,2071.86989998817,"OK",97,0.1596,0.0103
13,"null","bobcat_baseline","array_occ",13,-0.179515853428882,-0.225187562476573,-0.0456717090476911,6.69953579350494,1,0,-0.163077421872051,-0.0621101406045222,0.22325,0,0.743602896539769,0.861543984940519,53.5778919670476,2523.93307089806,"OK",97,0.1193,0.0206
14,"null","bobcat_baseline","array_occ",14,-0.179515853428882,-0.700733938879582,-0.521218085450699,5.40095176806764,1,0,-0.0259233593267091,-0.674810579552872,0.187,0,0.200294474415361,0.553178792524598,7.05361289458981,2568.82163238525,"OK",97,0.1586,0.0103
15,"null","bobcat_baseline","array_occ",15,-0.179515853428882,-0.225707581120064,-0.0461917276911819,3.08151336744519,1,0,0.204105941324726,-0.42981352244479,0.17575,0,0.425172399360885,0.675619554037532,5.30730540051618,2427.65185046196,"OK",97,0.1535,0.0206
16,"null","bobcat_baseline","array_occ",16,-0.179515853428882,-1.1488778684633,-0.969362015034421,4.5272548719275,1,0,-0.470737127878474,-0.678140740584829,0.272375,0,0.606714355216588,0.786474606532244,15.6612109101223,2094.08896183968,"OK",97,0.1576,0.0206
17,"null","bobcat_baseline","array_occ",17,-0.179515853428882,-0.610603865700145,-0.431088012271263,4.44344618609007,1,0,0.15336159121751,-0.763965456917655,0.156375,0,0.594445207723275,0.790326806264434,19.8387952356817,2040.16983032227,"OK",97,0.1399,0.0309
18,"null","bobcat_baseline","array_occ",18,-0.179515853428882,-2.0296991752909,-1.85018332186201,6.35439410148635,1,0,-0.896323187689064,-1.13337598760183,0.2975,0,0.732813286379904,0.86771526713113,17.9617000676954,2028.31157660484,"OK",97,0.1381,0.0206
19,"null","bobcat_baseline","array_occ",19,-0.179515853428882,2.07702307351148,2.25653892694036,4.89253281056422,0,0,1.18159574585999,0.895427327651487,0.37825,0,-0.355049318685882,0.357832482679656,5.31330803845248,1995.50045061111,"OK",97,0.1544,0
20,"null","bobcat_baseline","array_occ",20,-0.179515853428882,-0.173559148006878,0.00595670542200383,5.12081875670674,1,0,0.0616751358862786,-0.235234283893157,0.227375,0,0.68766987729474,0.847401463253702,42.0414536675781,2044.05050420761,"OK",97,0.1767,0.0309
21,"null","bobcat_baseline","array_occ",21,-0.179515853428882,0.957898052584236,1.13741390601312,4.74754704149128,1,0,0.884427240247542,0.0734708123366941,0.257125,0,-0.1998200767189,0.443274660870578,8.18677771218846,2577.52841901779,"OK",97,0.1498,0.0103
22,"null","bobcat_baseline","array_occ",22,-0.179515853428882,-0.48422010707248,-0.304704253643598,5.46924365668019,1,0,0.327947394176129,-0.812167501248609,0.18675,0,0.649155821361464,0.809946826059112,20.858192392117,2417.63970732689,"OK",97,0.1581,0.0309
23,"null","bobcat_baseline","array_occ",23,-0.179515853428882,1.09431830361832,1.2738341570472,4.76233407193828,1,0,0.370047405737119,0.724270897881199,0.248375,0,0.714980004525813,0.848944283801355,10.9785051475055,2535.37376379967,"OK",97,0.1233,0
24,"null","bobcat_baseline","array_occ",24,-0.179515853428882,-0.455193067668992,-0.27567721424011,5.2878057026352,1,0,-0.0771622902303034,-0.378030777438689,0.21525,0,0.157936089982287,0.546958993964564,1.57322517823577,2493.58709406853,"OK",97,0.1476,0.0103
25,"null","bobcat_baseline","array_occ",25,-0.179515853428882,-0.0232619488979518,0.15625390453093,5.16894354958794,1,0,0.253918407821243,-0.277180356719194,0.209875,0,0.109512692498747,0.535955481379417,3.20262222062741,2444.14821410179,"OK",97,0.1495,0.0412
26,"null","bobcat_baseline","array_occ",26,-0.179515853428882,2.49944693750062,2.6789627909295,5.1194213154061,0,1,2.27754544215585,0.221901495344774,0.453,0,-0.0385028191437768,0.524039861049118,5.73092912057413,2344.33963060379,"OK",97,0.1494,0
27,"null","bobcat_baseline","array_occ",27,-0.179515853428882,-0.419324549681094,-0.239808696252212,5.71947624705712,1,0,-0.182089817708862,-0.237234731972232,0.2435,0,0.677658122266433,0.84042966096761,29.3807813919477,2373.91948533058,"OK",97,0.1505,0.0103
28,"null","bobcat_baseline","array_occ",28,-0.179515853428882,0.0942179872617351,0.273733840690617,5.11707306770068,1,0,0.0178015835867332,0.0764164036750019,0.21375,0,-0.159646278049114,0.441697878864329,3.00345927723277,2352.44779491425,"OK",97,0.1433,0.0103
29,"null","bobcat_baseline","array_occ",29,-0.179515853428882,-0.149110999258296,0.0304048541705858,6.06444283802768,1,0,-0.0264668832876684,-0.122644115970628,0.21725,0,0.550386092720954,0.729953036154399,34.3060278574732,2381.95977854729,"OK",97,0.1358,0.0103
30,"null","bobcat_baseline","array_occ",30,-0.179515853428882,0.00834651401997651,0.187862367448859,5.87237446634439,1,0,0.0962053191418869,-0.0878588051219103,0.240125,0,0.728241788523718,0.848798734693085,52.4300109849233,2523.6238219738,"OK",97,0.1631,0.0103
1,"varying","bobcat_baseline","array_occ",31,-0.179515853428882,-2.40254961881562,-2.22303376538674,5.88752833745238,1,0,-0.595762843796885,-1.80678677501874,0.2005,0,0.478238081665556,0.707688874226164,14.0172694710673,2520.13019728661,"OK",97,0.1277,0
2,"varying","bobcat_baseline","array_occ",32,-0.179515853428882,-1.13380968366276,-0.954293830233879,5.40133558546963,1,0,-0.489664894315714,-0.644144789347047,0.245625,0,0.641419492162195,0.811989365211823,22.2875947556033,2323.77750015259,"OK",97,0.1831,0.0206
3,"varying","bobcat_baseline","array_occ",33,-0.179515853428882,1.00274526677219,1.18226112020107,5.35669529616663,1,0,0.624874334552342,0.377870932219848,0.291,0,-0.119061655302201,0.45709212288226,2.74842673115983,2348.9430038929,"OK",97,0.1231,0
4,"varying","bobcat_baseline","array_occ",34,-0.179515853428882,0.415306906948198,0.594822760377081,5.69947141211243,1,0,0.26026941352872,0.155037493419478,0.25825,0,0.608832385844358,0.767902540317103,38.630200717917,2323.0353705883,"OK",97,0.1315,0
5,"varying","bobcat_baseline","array_occ",35,-0.179515853428882,-0.42632475823891,-0.246808904810028,5.28307928460188,1,0,0.0161653938533397,-0.44249015209225,0.189875,0,0.5051364550994,0.709770226474412,22.0977249672176,2276.12548685074,"OK",97,0.1389,0.0103
6,"varying","bobcat_baseline","array_occ",36,-0.179515853428882,-1.18182097390959,-1.00230512048071,3.3660041581496,1,0,-0.735268500567864,-0.446552473341728,0.297625,0,0.103737207111519,0.554886568728289,9.20595694015824,2366.29539513588,"OK",97,0.1549,0.0103
7,"varying","bobcat_baseline","array_occ",37,-0.179515853428882,-1.48930442740276,-1.30978857397388,5.23207954634788,1,0,-1.13730478101611,-0.351999646386657,0.33475,0,0.0992367687244466,0.506923285916668,5.44178355396753,2521.65719246864,"OK",97,0.1313,0.0103
8,"varying","bobcat_baseline","array_occ",38,-0.179515853428882,-0.365714329376538,-0.186198475947656,5.42849647247435,1,0,-0.0675807149140842,-0.298133614462454,0.22625,0,0.393396361623738,0.661860311669157,15.4479965215439,2484.84185504913,"OK",97,0.1209,0
9,"varying","bobcat_baseline","array_occ",39,-0.179515853428882,0.0187619176561141,0.198277771084996,5.82784243724996,1,0,0.0453511497040283,-0.0265892320479142,0.233625,0,0.694237067437103,0.831997515961886,35.6230997636208,2431.23001003265,"OK",97,0.1325,0
10,"varying","bobcat_baseline","array_occ",40,-0.179515853428882,-1.31294189526743,-1.13342604183855,4.61762220063021,1,0,-0.495594793255815,-0.817347102011613,0.25225,0,0.779748426396633,0.89249742863242,15.9631026701748,2251.28287148476,"OK",97,0.1671,0.0103
11,"varying","bobcat_baseline","array_occ",41,-0.179515853428882,0.161074764487904,0.340590617916786,5.71617587482513,1,0,0.136342904450128,0.0247318600377758,0.231,0,0.614947732017542,0.788153272914281,35.3951005958405,2469.8911626339,"OK",97,0.154,0.0103
12,"varying","bobcat_baseline","array_occ",42,-0.179515853428882,0.287768608000804,0.467284461429686,5.9221871609451,1,0,0.542445615341704,-0.2546770073409,0.225,0,0.130802769867009,0.527397193813193,4.39090396495278,2375.96355438232,"OK",97,0.1192,0.0103
13,"varying","bobcat_baseline","array_occ",43,-0.179515853428882,-1.76894736780248,-1.5894315143736,5.75140048842669,1,0,-0.818306720891209,-0.950640646911271,0.296625,0,0.70235729088988,0.846377767858876,28.3446842246859,2366.06538367271,"OK",97,0.1518,0.0103
14,"varying","bobcat_baseline","array_occ",44,-0.179515853428882,-0.71434407723972,-0.534828223810838,5.14872924918022,1,0,-0.500874060613493,-0.213470016626227,0.25775,0,0.651938457594673,0.832371092006443,12.898095945846,2429.61492085457,"OK",97,0.1279,0
15,"varying","bobcat_baseline","array_occ",45,-0.179515853428882,0.278472984449419,0.457988837878301,3.06477576762554,1,0,0.206298126196261,0.0721748582531582,0.180375,0,-0.234621776317775,0.427632983368589,9.7678830555449,2328.65364336967,"OK",97,0.1381,0.0103
16,"varying","bobcat_baseline","array_occ",46,-0.179515853428882,-0.214773096116112,-0.03525724268723,5.15611134009185,1,0,-0.069977341820805,-0.144795754295307,0.195125,0,0.531345617404437,0.711604145238603,35.0535622613403,1482.7819314003,"OK",97,0.1325,0.0206
17,"varying","bobcat_baseline","array_occ",47,-0.179515853428882,-0.109096320018973,0.0704195334099097,4.96220068333241,1,0,-0.153032663558677,0.0439363435397048,0.2155,0,0.724379282392975,0.868510935589668,26.3608539935027,2368.136749506,"OK",97,0.1571,0.0103
18,"varying","bobcat_baseline","array_occ",48,-0.179515853428882,-0.198515359377124,-0.0189995059482418,5.00804129010543,1,0,-0.123446703629329,-0.0750686557477954,0.221625,0,0.628655477100537,0.785004560538726,18.4048532861347,2431.11586356163,"OK",97,0.151,0.0103
19,"varying","bobcat_baseline","array_occ",49,-0.179515853428882,-0.496903000943991,-0.317387147515108,6.27717576480703,1,0,0.0343753655635827,-0.531278366507573,0.223,0,0.178803337060389,0.553882279881232,2.31773466222661,2419.44240093231,"OK",97,0.1455,0.0103
20,"varying","bobcat_baseline","array_occ",50,-0.179515853428882,-1.05702786021704,-0.877512006788157,7.02920966371777,1,0,1.44492043490186,-2.5019482951189,0.07775,0,-0.000321234324618538,0.551024665722215,3.29552251868271,2224.95489883423,"OK",97,0.1425,0.0103
21,"varying","bobcat_baseline","array_occ",51,-0.179515853428882,0.218082363065554,0.397598216494436,5.26275684840354,1,0,0.0567794295488393,0.161302933516714,0.238875,0,0.612040785794941,0.80838459896369,20.4491782784548,2428.44255614281,"OK",97,0.1664,0.0309
22,"varying","bobcat_baseline","array_occ",52,-0.179515853428882,-1.39397866180904,-1.21446280838015,6.04312245901439,1,0,-0.230279063152419,-1.16369959865662,0.202625,0,0.368222025880298,0.656208154631373,3.6669042164012,2359.81335425377,"OK",97,0.138,0
23,"varying","bobcat_baseline","array_occ",53,-0.179515853428882,-0.809327772513868,-0.629811919084985,6.36776577576401,1,0,-0.38092259821883,-0.428405174295038,0.243125,0,0.605449791612056,0.815555318364416,44.9245623419532,2445.04025411606,"OK",97,0.1588,0.0103
24,"varying","bobcat_baseline","array_occ",54,-0.179515853428882,-1.39518603520264,-1.21567018177375,5.24295260242796,1,0,-0.582235048655835,-0.812950986546801,0.25825,0,0.672635405597688,0.82960565894933,16.6067209327438,2223.87697267532,"OK",97,0.1473,0.0103
25,"varying","bobcat_baseline","array_occ",55,-0.179515853428882,-1.36967204743111,-1.19015619400223,5.8730301493663,1,0,-0.859703385556494,-0.509968661874618,0.304,0,0.309784901720651,0.617783190048322,11.9132291887481,2338.15007209778,"OK",97,0.1833,0.0206
26,"varying","bobcat_baseline","array_occ",56,-0.179515853428882,-1.1609797671116,-0.981463913682717,4.69369986275692,1,0,-0.635474769670397,-0.525504997441203,0.26725,0,0.627255206420545,0.807040695530672,19.8166472004109,2517.24324345589,"OK",97,0.1605,0
27,"varying","bobcat_baseline","array_occ",57,-0.179515853428882,0.8225011335417,1.00201698697058,6.61835080127133,1,0,1.05378987152365,-0.231288737981952,0.26025,0,-0.0263400925427359,0.458727124531817,6.78747257094438,2495.33138084412,"OK",97,0.1288,0.0103
28,"varying","bobcat_baseline","array_occ",58,-0.179515853428882,-0.36339386101741,-0.183878007588528,6.25559591582923,1,0,-0.161996310823722,-0.201397550193688,0.244875,0,0.312527832493676,0.624575481767548,3.35056201330677,2337.10904788971,"OK",97,0.1544,0.0103
29,"varying","bobcat_baseline","array_occ",59,-0.179515853428882,-1.53053604198328,-1.35102018855439,5.37879796893273,1,0,-0.449827347602662,-1.08070869438061,0.226,0,0.208179799275674,0.627889149799142,5.93098929183696,1979.01995754242,"OK",97,0.1308,0
30,"varying","bobcat_baseline","array_occ",60,-0.179515853428882,0.00818407479158759,0.18769992822047,4.67632174302988,1,0,0.0446983892480364,-0.0365143144564488,0.233375,0,0.768099754863266,0.879223349958276,20.8517922007478,1770.23889875412,"OK",97,0.1205,0
1,"null","common_deerlike","array_occ",61,-0.179515853428882,-0.202260725677572,-0.0227448722486894,4.60930979655244,1,0,0.272154520979305,-0.474415246656876,0.179375,0,0.326910506281165,0.633182285703196,7.52595969324863,1856.98311829567,"OK",97,0.1575,0.0103
2,"null","common_deerlike","array_occ",62,-0.179515853428882,-0.27926679039662,-0.0997509369677373,5.46131215313509,1,0,-0.121408774749459,-0.157858015647161,0.223375,0,0.742760297623922,0.863174134953133,35.9960625657513,2146.80088233948,"OK",97,0.1289,0
3,"null","common_deerlike","array_occ",63,-0.179515853428882,-1.20950322522166,-1.02998737179278,4.85408106491666,1,0,-0.688289026004386,-0.521214199217277,0.293375,0,0.241415914342771,0.570955190281201,16.5694397058545,1950.94514513016,"OK",97,0.1323,0.0103
4,"null","common_deerlike","array_occ",64,-0.179515853428882,-0.293945643206075,-0.114429789777193,4.73371957175719,1,0,0.0707005230884477,-0.364646166294523,0.201125,0,0.201767183114962,0.58579634768771,6.88217526310248,2134.18849492073,"OK",97,0.1548,0
5,"null","common_deerlike","array_occ",65,-0.179515853428882,1.08961831889372,1.2691341723226,5.01844219311928,1,0,0.614070733020529,0.475547585873188,0.281625,0,-0.54581557267384,0.257568553629995,38.4446858520807,2234.57612538338,"OK",97,0.1288,0.0103
6,"null","common_deerlike","array_occ",66,-0.179515853428882,0.862872722361025,1.04238857578991,4.78930729137086,1,0,0.377468535568604,0.485404186792421,0.225375,0,-0.645778116174522,0.200348347532457,34.0280853345768,2107.02483487129,"OK",97,0.1547,0.0206
7,"null","common_deerlike","array_occ",67,-0.179515853428882,-0.807081555052709,-0.627565701623826,4.2404162060291,1,0,-0.254721245643801,-0.552360309408907,0.227,0,0.611558838130072,0.797808030429467,9.73132420121363,2171.22122836113,"OK",97,0.1363,0.0103
8,"null","common_deerlike","array_occ",68,-0.179515853428882,-2.31776461162792,-2.13824875819904,4.88304016363956,1,1,-0.580385083211507,-1.73737952841641,0.2435,0,0.702244265778957,0.839008131343515,21.6431238825738,2029.55209493637,"OK",97,0.1485,0
9,"null","common_deerlike","array_occ",69,-0.179515853428882,-0.96779365110844,-0.788277797679558,5.26002296224001,1,0,-0.337769004561555,-0.630024646546886,0.22225,0,0.596323066001455,0.788182382735935,33.8680145927782,2083.08766579628,"OK",97,0.1505,0
10,"null","common_deerlike","array_occ",70,-0.179515853428882,-0.240383723131377,-0.0608678697024946,5.14872038056827,1,0,0.165707085313647,-0.406090808445024,0.200125,0,0.562115970496262,0.749694346872635,25.9446936411024,2130.46373558044,"OK",97,0.1409,0.0103
11,"null","common_deerlike","array_occ",71,-0.179515853428882,0.38405356650368,0.563569419932562,5.00015041929483,1,0,0.242623571986177,0.141429994517503,0.2235,0,0.428099414713946,0.691382522463079,22.409354943535,2252.027125597,"OK",97,0.1693,0.0103
12,"null","common_deerlike","array_occ",72,-0.179515853428882,0.172449527528004,0.351965380956886,5.68668199663896,1,0,0.292408419134131,-0.119958891606127,0.2235,0,-0.534352797071741,0.237036426090163,30.128335921969,2183.55749177933,"OK",97,0.1597,0.0412
13,"null","common_deerlike","array_occ",73,-0.179515853428882,-1.23264120069512,-1.05312534726624,4.94756241120407,1,0,-0.222983795453108,-1.00965740524202,0.197375,0,0.670086433673359,0.81973257777174,17.5197730604272,1684.51077151299,"OK",97,0.1416,0
14,"null","common_deerlike","array_occ",74,-0.179515853428882,-1.40494561445406,-1.22542976102517,5.56721270908441,1,0,-0.701413001554357,-0.703532612899699,0.28275,0,0.731722692641892,0.851340992450853,17.9345616088785,1811.96300411224,"OK",97,0.1607,0
15,"null","common_deerlike","array_occ",75,-0.179515853428882,0.230508846226832,0.410024699655714,5.74146798425357,1,0,0.294167051893655,-0.0636582056668232,0.24325,0,0.640458690556241,0.810883191988977,30.0920336962853,1810.47522974014,"OK",97,0.1552,0
16,"null","common_deerlike","array_occ",76,-0.179515853428882,0.461469091858723,0.640984945287606,4.00240382970857,1,0,0.241258227058645,0.220210864800079,0.191875,0,-0.64259695061104,0.209110403850259,26.9589863449694,1889.91879487038,"OK",97,0.1693,0.0103
17,"null","common_deerlike","array_occ",77,-0.179515853428882,-0.923048881755663,-0.743533028326781,6.15385370811016,1,0,-0.491253625658143,-0.43179525609752,0.263625,0,0.0445405657478259,0.494372101146927,6.26767058502173,1740.20548439026,"OK",97,0.1475,0.0103
18,"null","common_deerlike","array_occ",78,-0.179515853428882,0.336161272542944,0.515677125971826,5.5087967431491,1,0,0.271414686542595,0.0647465860003483,0.24825,0,0.676728049512789,0.809151157600574,17.7773216934827,2011.638702631,"OK",97,0.1772,0.0412
19,"null","common_deerlike","array_occ",79,-0.179515853428882,-0.344727846623287,-0.165211993194405,4.41775330605124,1,0,0.0800652470584507,-0.424793093681738,0.1755,0,0.762953706014201,0.870417628907994,19.0871920992661,1886.70959687233,"OK",97,0.1367,0.0103
20,"null","common_deerlike","array_occ",80,-0.179515853428882,-0.786527622024173,-0.607011768595291,4.68144606165621,1,0,-0.270525931689382,-0.516001690334791,0.224125,0,0.632200275431183,0.807200799549768,16.9635733590962,1992.28932023048,"OK",97,0.137,0
21,"null","common_deerlike","array_occ",81,-0.179515853428882,-1.09353322016264,-0.914017366733754,5.01531907977949,1,0,-0.423868519531725,-0.669664700630911,0.251,0,0.656561987717211,0.800457024199965,12.7815446183396,1758.81521701813,"OK",97,0.1398,0.0103
22,"null","common_deerlike","array_occ",82,-0.179515853428882,-0.821307161941211,-0.641791308512329,4.54221990940081,1,0,-0.344540441748096,-0.476766720193115,0.236,0,0.47975366969741,0.721321974034039,19.7227065914349,1811.93140029907,"OK",97,0.1425,0
23,"null","common_deerlike","array_occ",83,-0.179515853428882,0.0285390885077646,0.208054941936647,4.51880646090945,1,0,0.192976395436686,-0.164437306928921,0.208625,0,-0.235398028483642,0.42927768829203,13.8444031892006,1889.38055491447,"OK",97,0.1287,0.0103
24,"null","common_deerlike","array_occ",84,-0.179515853428882,-1.72556205140831,-1.54604619797943,4.90097029413322,1,0,-0.940617118567577,-0.784944932840737,0.321625,0,0.697001926780791,0.841031263948456,15.365499066573,1756.24966645241,"OK",97,0.1398,0
25,"null","common_deerlike","array_occ",85,-0.179515853428882,-0.0794308391994057,0.100085014229477,5.27134125753395,1,0,-0.01213906048114,-0.0672917787182657,0.239125,0,0.662323062442871,0.830988375477886,23.328935581664,2131.73389029503,"OK",97,0.1645,0.0103
26,"null","common_deerlike","array_occ",86,-0.179515853428882,0.016477387119406,0.195993240548288,3.89927399352185,1,0,0.666585506633581,-0.650108119514175,0.15725,0,0.234910582646451,0.569426924644375,6.6715433272192,2190.27374911308,"OK",97,0.1461,0.0206
27,"null","common_deerlike","array_occ",87,-0.179515853428882,0.174606135115699,0.354121988544581,5.64255783664457,1,0,0.231875423278369,-0.0572692881626697,0.2555,0,0.669805898647653,0.831405616254924,31.1113925507853,2075.73381137848,"OK",97,0.139,0
28,"null","common_deerlike","array_occ",88,-0.179515853428882,-0.129824253788254,0.0496915996406281,5.49059481294591,1,0,-0.0257896496363622,-0.104034604151892,0.22825,0,0.679971281907854,0.832458421471404,26.8650206104006,2016.70824980736,"OK",97,0.1397,0
29,"null","common_deerlike","array_occ",89,-0.179515853428882,0.568334132255574,0.747849985684457,4.0260172144993,1,0,0.586665810179453,-0.0183316779238787,0.231125,0,0.699409420953169,0.858928952628617,17.820206196148,1699.15220141411,"OK",97,0.1402,0.0206
30,"null","common_deerlike","array_occ",90,-0.179515853428882,0.661897713416625,0.841413566845507,5.71314373758284,1,0,0.472587163842467,0.189310549574158,0.265875,0,0.664477817014638,0.834088571484019,28.2361898379901,1923.2697687149,"OK",97,0.1496,0
1,"varying","common_deerlike","array_occ",91,-0.179515853428882,-0.670606462949435,-0.491090609520552,5.32080760983131,1,0,-0.289407814222036,-0.381198648727398,0.2395,0,0.648408999645697,0.826714083331716,19.7223979254838,1756.48752784729,"OK",97,0.1277,0
2,"varying","common_deerlike","array_occ",92,-0.179515853428882,-0.952560864417798,-0.773045010988916,3.99273354607743,1,0,-0.362091630108971,-0.590469234308827,0.23825,0,0.612827312970892,0.777833841138,13.0073055880716,1921.20893669128,"OK",97,0.153,0
3,"varying","common_deerlike","array_occ",93,-0.179515853428882,2.5890457579783,2.76856161140719,6.8463326553568,1,0,1.60856188924114,0.980483868737164,0.3865,0,-0.38828339798655,0.340614023171418,16.229721825405,1924.52663850784,"OK",97,0.1397,0
4,"varying","common_deerlike","array_occ",94,-0.179515853428882,-0.091043407303512,0.0884724461253703,5.35795012522758,1,0,0.0121150372487253,-0.103158444552237,0.2105,0,0.694166136205245,0.828698402841119,37.672550293893,1769.59067153931,"OK",97,0.1355,0.0103
5,"varying","common_deerlike","array_occ",95,-0.179515853428882,0.176897033654427,0.356412887083309,5.26566280705447,1,0,0.655087255414249,-0.478190221759823,0.213875,0,0.564826329006432,0.755244619534631,4.91151340575902,1878.60525488853,"OK",97,0.1339,0.0103
6,"varying","common_deerlike","array_occ",96,-0.179515853428882,2.36035143367341,2.5398672871023,5.07837634020575,0,1,1.69330299243236,0.667048441241058,0.411875,0,-0.659050944606042,0.201017873430495,20.3303331216014,1895.06937146187,"OK",97,0.1368,0
7,"varying","common_deerlike","array_occ",97,-0.179515853428882,-0.142954057883639,0.0365617955452434,5.66662858168184,1,0,-0.0398827748716675,-0.103071283011971,0.225875,0,0.765369808112343,0.869529779347552,22.3680596512197,2183.60737013817,"OK",97,0.1508,0
8,"varying","common_deerlike","array_occ",98,-0.179515853428882,-0.709888079617203,-0.530372226188321,6.47419020095272,1,0,-0.321516358273842,-0.388371721343361,0.251375,0,0.737269290558002,0.852878961361563,50.2553086188343,2094.28398704529,"OK",97,0.1274,0.0206
9,"varying","common_deerlike","array_occ",99,-0.179515853428882,0.979517723226308,1.15903357665519,4.5362163795445,1,0,0.571386771528298,0.408130951698009,0.259375,0,-0.583951985919806,0.216873022957946,16.791622450497,2141.79936480522,"OK",97,0.1498,0
10,"varying","common_deerlike","array_occ",100,-0.179515853428882,-0.383355334917425,-0.203839481488543,4.89476035842829,1,0,-0.0216931321752888,-0.361662202742136,0.214625,0,0.6027851176241,0.798822022550408,14.7504017777864,1985.69947171211,"OK",97,0.1749,0.0412
11,"varying","common_deerlike","array_occ",101,-0.179515853428882,-0.364340694264515,-0.184824840835633,4.46135152249768,1,0,-0.0470599543726331,-0.317280739891882,0.207625,0,0.739357313668022,0.861592501309942,10.6456774463653,1776.35823392868,"OK",97,0.1525,0
12,"varying","common_deerlike","array_occ",102,-0.179515853428882,-1.6332285844464,-1.45371273101752,5.92036931236575,1,0,-0.449956342126081,-1.18327224232032,0.221625,0,0.259763876421155,0.620218711793359,12.8270192136572,2005.62115597725,"OK",97,0.1311,0.0103
13,"varying","common_deerlike","array_occ",103,-0.179515853428882,0.568312721416179,0.747828574845062,5.00161498768559,1,0,0.43755321879953,0.130759502616649,0.248625,0,0.671360406686502,0.815060451396301,21.1901455632402,1849.15496850014,"OK",97,0.1332,0.0103
14,"varying","common_deerlike","array_occ",104,-0.179515853428882,-0.206078300086647,-0.0265624466577647,4.9087217381157,1,0,0.179532914904907,-0.385611214991554,0.196875,0,0.299963595046176,0.6159686778319,4.92311318696711,1744.57516741753,"OK",97,0.1599,0.0206
15,"varying","common_deerlike","array_occ",105,-0.179515853428882,0.603986330164319,0.783502183593201,4.39632439018652,1,0,0.265290807668552,0.338695522495767,0.249,0,-0.219063840144439,0.43050030080149,9.35547578556469,1965.9666121006,"OK",97,0.1348,0
16,"varying","common_deerlike","array_occ",106,-0.179515853428882,-0.720552794684403,-0.54103694125552,5.47840770227897,1,0,-0.37847967062067,-0.342073124063732,0.239125,0,0.728681722457808,0.854276232800947,21.2229835225349,2047.97364425659,"OK",97,0.1608,0.0309
17,"varying","common_deerlike","array_occ",107,-0.179515853428882,-1.566503653368,-1.38698779993912,4.92553538876424,1,0,-0.345020003229499,-1.2214836501385,0.18975,0,0.673131763924126,0.837183915853209,14.7469400807333,2109.52302312851,"OK",97,0.1466,0.0206
18,"varying","common_deerlike","array_occ",108,-0.179515853428882,-1.13368174886543,-0.954165895436544,2.79544274123743,1,0,-0.358180484091085,-0.775501264774341,0.203375,0,0.502906345110467,0.714534533951755,7.08630787016176,2118.4245736599,"OK",97,0.1311,0.0103
19,"varying","common_deerlike","array_occ",109,-0.179515853428882,-1.0430469666144,-0.863531113185519,5.36993211731972,1,0,-0.243469025865266,-0.799577940749135,0.204625,0,0.722991017926014,0.850079566845854,14.8663130416291,1758.93079733849,"OK",97,0.1292,0
20,"varying","common_deerlike","array_occ",110,-0.179515853428882,1.01507340796212,1.194589261391,3.4258825120981,1,0,0.325427847106152,0.689645560855963,0.218875,0,-0.350703983259139,0.37087368278057,8.28675217115088,1771.84869265556,"OK",97,0.1314,0.0103
21,"varying","common_deerlike","array_occ",111,-0.179515853428882,-0.438100659392384,-0.258584805963502,5.04432755167792,1,0,-0.0847708062490529,-0.353329853143331,0.218625,0,0.594503748030336,0.780788488035863,15.7014201086861,1854.39709639549,"OK",97,0.1412,0
22,"varying","common_deerlike","array_occ",112,-0.179515853428882,-0.555924751723657,-0.376408898294774,3.94883514222072,1,0,-0.264938758346329,-0.290985993377328,0.225625,0,0.370436154301285,0.661118011216985,5.09865319029193,1745.15676021576,"OK",97,0.1733,0.0309
23,"varying","common_deerlike","array_occ",113,-0.179515853428882,0.730293249146141,0.909809102575023,5.20786553842861,1,0,0.343737075209138,0.386556173937003,0.243625,0,-0.143122699313435,0.472855091307807,7.51409866771484,1885.43005132675,"OK",97,0.1394,0
24,"varying","common_deerlike","array_occ",114,-0.179515853428882,-0.0272060862548935,0.152309767173989,4.52091828166728,1,0,0.124860757151896,-0.15206684340679,0.219625,0,0.518186134676978,0.728201595218227,12.5764858754386,1954.63105273247,"OK",97,0.1346,0.0206
25,"varying","common_deerlike","array_occ",115,-0.179515853428882,-0.64287754387064,-0.463361690441758,4.59047118771951,1,0,-0.322796879001881,-0.320080664868759,0.2015,0,0.582781628608975,0.761658483572357,13.2021462127144,2043.01142144203,"OK",97,0.1626,0.0103
26,"varying","common_deerlike","array_occ",116,-0.179515853428882,-0.0519405367017878,0.127575316727094,5.07498351021884,1,0,0.0480965621948543,-0.100037098896642,0.237125,0,-0.535309511115181,0.243799607987735,33.0081411399081,2074.97040390968,"OK",97,0.1455,0.0103
27,"varying","common_deerlike","array_occ",117,-0.179515853428882,0.000309250821567484,0.17982510425045,4.24930033738434,1,0,0.149974739523224,-0.149665488701656,0.2135,0,0.617886641376036,0.784567913213918,13.878757889421,1781.2409799099,"OK",97,0.1698,0.0309
28,"varying","common_deerlike","array_occ",118,-0.179515853428882,-0.149829100829787,0.0296867525990949,4.09687820024321,1,0,0.0538630950383609,-0.203692195868148,0.220875,0,0.2004955985207,0.638310465951212,10.0014922672613,2204.8326022625,"OK",97,0.1504,0
29,"varying","common_deerlike","array_occ",119,-0.179515853428882,-0.385884632210683,-0.206368778781801,5.67216000156491,1,0,-0.21502080697827,-0.170863825232413,0.22225,0,0.600424333871978,0.784373847736226,25.5614988913871,1823.19750142097,"OK",97,0.1379,0.0103
30,"varying","common_deerlike","array_occ",120,-0.179515853428882,-0.259743153786401,-0.0802273003575189,5.56463916917851,1,0,0.104274033730506,-0.364017187516908,0.238125,0,0.164739493148981,0.548705583263793,3.52267177043997,1797.55631375313,"OK",97,0.1291,0.0103
1,"null","moderate","array_occ",121,-0.179515853428882,-1.77499666201545,-1.59548080858657,4.94051876609656,1,0,-0.817337158076037,-0.957659503939418,0.29225,0,0.166034240597488,0.587596304993305,4.23194359133406,2446.29657053947,"OK",97,0.1296,0
2,"null","moderate","array_occ",122,-0.179515853428882,1.71333406763359,1.89284992106247,5.75483714993244,1,0,0.986230064931961,0.72710400270163,0.32025,0,-0.256839762435996,0.404068582739816,4.1694821978346,1702.22555780411,"OK",97,0.1511,0.0206
3,"null","moderate","array_occ",123,-0.179515853428882,-1.88694340163632,-1.70742754820744,4.17731151205112,1,1,-0.360839154683004,-1.52610424695332,0.17775,0,0.698985741091194,0.825399289720352,12.664562229582,1929.45215010643,"OK",97,0.1257,0.0206
4,"null","moderate","array_occ",124,-0.179515853428882,-1.21919048614848,-1.0396746327196,5.97634392794546,1,0,-0.616396984037939,-0.602793502110545,0.27125,0,0.620815179546504,0.776388053329193,23.2412458663831,2128.72374606133,"OK",97,0.1229,0.0103
5,"null","moderate","array_occ",125,-0.179515853428882,-0.115632322056872,0.0638835313720107,4.67316994722093,1,0,-0.0962838912200006,-0.019348430836871,0.227875,0,0.687432397927513,0.820402103669778,23.0311957810355,2079.33668994904,"OK",97,0.1408,0
6,"null","moderate","array_occ",126,-0.179515853428882,-1.28975978203003,-1.11024392860115,5.60049204636494,1,0,-0.551488261458507,-0.738271520571521,0.258875,0,0.689383351441235,0.839532108133284,16.0752537535707,2144.38680744171,"OK",97,0.1312,0.0103
7,"null","moderate","array_occ",127,-0.179515853428882,-0.685751440834443,-0.50623558740556,5.37935550746281,1,0,-0.228063496913552,-0.45768794392089,0.223375,0,0.273259565172794,0.614765471870209,17.2643120091231,2082.26533269882,"OK",97,0.1674,0.0103
8,"null","moderate","array_occ",128,-0.179515853428882,-1.28738545804234,-1.10786960461345,4.31792429353894,1,0,-0.818064545545814,-0.469320912496522,0.29025,0,0.51835952747585,0.715024549282928,13.1046718701759,2200.29776096344,"OK",97,0.1493,0
9,"null","moderate","array_occ",129,-0.179515853428882,-2.32587034717568,-2.1463544937468,4.73057346171988,0,1,-0.910271880373422,-1.41559846680226,0.282875,0,0.549514271740547,0.756161578916727,15.0063681130968,2185.32873654366,"OK",97,0.1446,0.0103
10,"null","moderate","array_occ",130,-0.179515853428882,1.92324033737939,2.10275619080827,5.64825424102872,1,0,0.764803408284965,1.15843692909442,0.265,0,-0.352388748290097,0.359297677036232,22.38573354956,1756.19309353828,"OK",97,0.1325,0.0103
11,"null","moderate","array_occ",131,-0.179515853428882,-0.752601833159992,-0.57308597973111,5.66189702432255,1,0,-0.232178086077373,-0.520423747082619,0.224,0,0.317411523947979,0.627117739525316,23.2787644893493,1742.12147688866,"OK",97,0.1565,0.0103
12,"null","moderate","array_occ",132,-0.179515853428882,1.08903229882531,1.26854815225419,4.63649597789648,1,0,0.910376541629537,0.178655757195775,0.296125,0,0.200378598054862,0.562862659861437,5.53256115994119,1658.54583501816,"OK",97,0.1497,0
13,"null","moderate","array_occ",133,-0.179515853428882,-0.751315698786301,-0.571799845357419,6.10081817028361,1,0,0.0380259208974998,-0.789341619683801,0.201625,0,0.689288407783315,0.837319761687593,22.3424690192574,1954.68544483185,"OK",97,0.1309,0.0206
14,"null","moderate","array_occ",134,-0.179515853428882,-1.24910039838471,-1.06958454495583,6.18341557954096,1,0,-0.441613721607575,-0.807486676777136,0.257125,0,0.649215852426619,0.811994216848765,24.3528837034079,1732.76633429527,"OK",97,0.1337,0
15,"null","moderate","array_occ",135,-0.179515853428882,-0.266837512397294,-0.0873216589684117,4.54038625131661,1,0,0.269733682063518,-0.536571194460812,0.163,0,0.532980866825178,0.74926255118477,18.9660564721457,1906.77167057991,"OK",97,0.1364,0.0206
16,"null","moderate","array_occ",136,-0.179515853428882,-0.671542699215436,-0.492026845786553,4.57328147430676,1,0,-0.414998146837792,-0.256544552377644,0.24375,0,0.570405451096426,0.769653981253275,13.1667887106282,1325.01091957092,"OK",97,0.1706,0.0103
17,"null","moderate","array_occ",137,-0.179515853428882,-0.424606977604047,-0.245091124175164,5.71284027161479,1,0,-0.160041638113785,-0.264565339490261,0.238625,0,0.692440896290572,0.819761687593394,25.8629183202414,1305.72311687469,"OK",97,0.1448,0.0309
18,"null","moderate","array_occ",138,-0.179515853428882,-0.27728335864569,-0.097767505216808,5.19299765097162,1,0,0.0337278313048407,-0.311011189950531,0.218375,0,0.720601717414236,0.862902443284364,23.2576743604183,1939.6109585762,"OK",97,0.1219,0.0309
19,"null","moderate","array_occ",139,-0.179515853428882,-0.611648315212593,-0.432132461783711,5.37920366312279,1,0,-0.23758905096891,-0.374059264243683,0.219,0,-0.610340327729862,0.206665178831338,29.9407494352638,2369.18133449554,"OK",97,0.1198,0
20,"null","moderate","array_occ",140,-0.179515853428882,-0.96762957982421,-0.788113726395327,5.10731793992455,1,0,-0.0154311890309897,-0.95219839079322,0.167125,0,0.177117433923791,0.555046672747385,4.82805162703615,2144.46792173386,"OK",97,0.1599,0.0103
21,"null","moderate","array_occ",141,-0.179515853428882,-1.75244800945595,-1.57293215602707,5.91411207120449,1,0,-0.845494104343353,-0.906953905112597,0.28125,0,0.633580044179979,0.809777018766132,19.9756857069555,2044.50244688988,"OK",97,0.1312,0.0103
22,"null","moderate","array_occ",142,-0.179515853428882,-0.998961769821958,-0.819445916393076,3.78531871888711,1,0,-0.377449714134959,-0.621512055686999,0.24,0,0.312429298192607,0.613009179297095,13.4976921830752,2145.71539378166,"OK",97,0.1729,0.0206
23,"null","moderate","array_occ",143,-0.179515853428882,1.16835851866084,1.34787437208972,5.97550819092613,1,0,1.13283720687805,0.0355213117827906,0.329625,0,0.224675342141405,0.578708106115003,5.72530600324957,2144.91398525238,"OK",97,0.1419,0.0103
24,"null","moderate","array_occ",144,-0.179515853428882,-0.176857819146865,0.00265803428201725,5.38315989313742,1,0,0.0378038066990688,-0.214661625845934,0.197375,0,0.480089266594626,0.696515554348037,29.8866701662298,2116.6383702755,"OK",97,0.1608,0.0206
25,"null","moderate","array_occ",145,-0.179515853428882,0.120557969938637,0.300073823367519,4.41717262517221,1,0,0.0333807334906061,0.0871772364480308,0.197875,0,0.695547748364586,0.837931067942324,19.268190056326,2113.02438116074,"OK",97,0.134,0.0206
26,"null","moderate","array_occ",146,-0.179515853428882,-0.93019089426843,-0.750675040839548,6.16603808280092,1,0,-0.452373144281952,-0.477817749986478,0.254,0,0.549196756296333,0.767572629005026,29.428988817171,2061.89443826675,"OK",97,0.1687,0.0103
27,"null","moderate","array_occ",147,-0.179515853428882,0.00875256657196024,0.188268420000843,4.77977942579928,1,0,-0.0903375719069364,0.0990901384788967,0.228625,0,-0.0227879686588789,0.52968716644996,17.045649878496,2133.77365756035,"OK",97,0.1456,0.0206
28,"null","moderate","array_occ",148,-0.179515853428882,-1.06995966197445,-0.890443808545571,6.75064540266895,1,0,-0.420650322388266,-0.649309339586187,0.326,0,0.696246929939996,0.828984649420715,10.7947043362187,1999.05057024956,"OK",97,0.1106,0
29,"null","moderate","array_occ",149,-0.179515853428882,0.436638199587424,0.616154053016306,6.1566530508085,1,0,0.145955013185983,0.290683186401441,0.259625,0,0.696111815961842,0.82147916707097,30.5617126187562,2104.06054568291,"OK",97,0.1433,0.0103
30,"null","moderate","array_occ",150,-0.179515853428882,-0.745935876060776,-0.566420022631894,3.84806771444575,1,0,-0.22210029746425,-0.523835578596526,0.231625,0,0.30933270509902,0.614969240621786,16.8062757255913,2404.40005135536,"OK",97,0.1474,0
1,"varying","moderate","array_occ",151,-0.179515853428882,0.0640309193071274,0.24354677273601,4.36813100080014,1,0,0.0546907168502623,0.0093402024568651,0.182625,0,0.261728423083944,0.582778629509597,15.8733961799301,2036.92297577858,"OK",97,0.1489,0.0103
2,"varying","moderate","array_occ",152,-0.179515853428882,-1.67203026581621,-1.49251441238732,7.17947712285242,1,0,-0.641177385149806,-1.0308528806664,0.256875,0,0.695459104361835,0.837169360942382,36.4051207312528,2091.34729981422,"OK",97,0.1321,0
3,"varying","moderate","array_occ",153,-0.179515853428882,1.05300969550447,1.23252554893335,4.24525550583079,1,0,0.407190562714879,0.645819132789588,0.227,0,-0.510129741318045,0.282370121679055,22.2189712466825,2109.61515522003,"OK",97,0.1429,0.0103
4,"varying","moderate","array_occ",154,-0.179515853428882,-0.938446706808408,-0.758930853379526,5.71995488019216,1,0,-0.448267619804134,-0.490179087004274,0.2575,0,0.678999099245489,0.81608899842807,25.0930764579023,2166.5364985466,"OK",97,0.1575,0.0206
5,"varying","moderate","array_occ",155,-0.179515853428882,0.797600950979912,0.977116804408795,3.84242304152327,1,0,0.438820099104783,0.35878085187513,0.264,0,-0.32014095774988,0.36721069688913,38.8965903049153,2097.35678076744,"OK",97,0.1536,0.0103
6,"varying","moderate","array_occ",156,-0.179515853428882,-0.349957228025561,-0.170441374596679,4.54306760522767,1,0,0.00130735879327219,-0.351264586818833,0.20675,0,0.279820551837931,0.652516058918279,4.98087426292405,2084.7733809948,"OK",97,0.1366,0.0103
7,"varying","moderate","array_occ",157,-0.179515853428882,-1.07652967088982,-0.897013817460935,4.23317742813541,1,0,-0.234699227628883,-0.841830443260934,0.201375,0,0.194936545561166,0.555997593588077,12.4912493435333,2133.17919611931,"OK",97,0.1352,0.0103
8,"varying","moderate","array_occ",158,-0.179515853428882,-0.132906800553031,0.0466090528758511,5.00418479823867,1,0,-0.0443023708175081,-0.088604429735523,0.236,0,0.668827592656346,0.815691164198801,27.0482552526841,1725.26115083694,"OK",97,0.1543,0
9,"varying","moderate","array_occ",159,-0.179515853428882,-0.70286783534253,-0.523351981913648,5.29377697671776,1,0,-0.295220184128033,-0.407647651214496,0.240875,0,0.154746444730296,0.554396553397116,5.75862943174452,2065.57321858406,"OK",97,0.135,0
10,"varying","moderate","array_occ",160,-0.179515853428882,0.259631520339089,0.439147373767971,6.63889853608636,1,0,0.57608333797303,-0.316451817633941,0.2425,0,-0.047641983768145,0.527858099322711,12.2942562878934,1965.50664162636,"OK",97,0.1694,0.0206
11,"varying","moderate","array_occ",161,-0.179515853428882,-0.162889163316016,0.0166266901128661,4.17869490923189,1,0,0.0947181285735976,-0.257607291889614,0.2105,0,0.745834545375767,0.859821653826001,13.4614525616465,2163.83669042587,"OK",97,0.1455,0.0206
12,"varying","moderate","array_occ",162,-0.179515853428882,-0.979278935308167,-0.799763081879285,5.28407335879456,1,0,-0.515419127541417,-0.46385980776675,0.240375,0,0.700800923410828,0.836766675076171,22.7721041733536,2028.38600897789,"OK",97,0.1379,0
13,"varying","moderate","array_occ",163,-0.179515853428882,-0.516547590056486,-0.337031736627604,5.95269468412034,1,0,-0.169126923236018,-0.347420666820468,0.23,0,0.558989706507722,0.767174794775757,23.3332455717967,1941.59304714203,"OK",97,0.1325,0
14,"varying","moderate","array_occ",164,-0.179515853428882,-0.140941985696081,0.0385738677328017,5.31217088036575,1,0,-0.1628621562852,0.0219201705891191,0.222875,0,0.513204037158861,0.727231267829766,17.0323387995644,2050.1462790966,"OK",97,0.1254,0
15,"varying","moderate","array_occ",165,-0.179515853428882,-0.864862114246234,-0.685346260817352,5.22867373714384,1,0,-0.0155963548180246,-0.84926575942821,0.19275,0,0.522401469586123,0.753449513865978,6.788066524978,2224.93633270264,"OK",97,0.1327,0
16,"varying","moderate","array_occ",166,-0.179515853428882,-0.152286466030169,0.0272293873987129,4.50468876057474,1,0,0.108068254893764,-0.260354720923933,0.204625,0,0.532192896980104,0.753755166993344,6.61750579648625,2166.59598326683,"OK",97,0.1744,0.0103
17,"varying","moderate","array_occ",167,-0.179515853428882,-0.117226827033231,0.0622890263956512,5.23475772797161,1,0,-0.0249570985462271,-0.092269728487004,0.22025,0,-0.481396597323814,0.287803955054435,28.4512313146047,2180.10027956963,"OK",97,0.1586,0.0103
18,"varying","moderate","array_occ",168,-0.179515853428882,-0.384525370721863,-0.205009517292981,4.28485452565971,1,0,-0.0558193709552778,-0.328705999766586,0.220375,0,0.366719598196773,0.638373537231462,16.9776002467205,2112.52754306793,"OK",97,0.1223,0
19,"varying","moderate","array_occ",169,-0.179515853428882,-0.463180866153133,-0.28366501272425,4.14651255387335,1,0,-0.173037203427122,-0.290143662726011,0.194625,0,-0.527438180145356,0.278663471055134,18.0475472168767,2039.45408940315,"OK",97,0.1563,0.0103
20,"varying","moderate","array_occ",170,-0.179515853428882,-1.45949920408236,-1.27998335065347,5.61805138052289,1,0,-0.770492792884818,-0.689006411197539,0.278375,0,0.634913006330576,0.81286751149838,17.9352955368953,2085.29057383537,"OK",97,0.1476,0
21,"varying","moderate","array_occ",171,-0.179515853428882,-1.48843854051139,-1.30892268708251,5.07561621091379,1,0,-0.381888954179115,-1.10654958633228,0.22675,0,0.661448179797993,0.813828135612956,18.0642691134587,2502.98888897896,"OK",97,0.1492,0.0206
22,"varying","moderate","array_occ",172,-0.179515853428882,0.0815741668099811,0.261090020238863,4.49846961537394,1,0,0.0661623446443657,0.0154118221656153,0.213,0,0.7238115760636,0.840303518407111,28.2555292477855,2487.26883459091,"OK",97,0.1787,0.0206
23,"varying","moderate","array_occ",173,-0.179515853428882,-0.0449498428293654,0.134566010599517,5.81244114361318,1,0,0.115954270074254,-0.160904112903619,0.212375,0,0.698753439303151,0.848973393623008,37.7512649778083,2404.58119344711,"OK",97,0.1145,0
24,"varying","moderate","array_occ",174,-0.179515853428882,-0.911917525280027,-0.732401671851145,4.41205166298684,1,0,-0.440735974338824,-0.471181550941203,0.238625,0,0.611412070591339,0.776567563896059,12.7839624286178,2057.27530360222,"OK",97,0.144,0.0206
25,"varying","moderate","array_occ",175,-0.179515853428882,0.0378153876608252,0.217331241089707,4.36968877104528,1,0,0.415998431866216,-0.378183044205391,0.20125,0,0.398294479769267,0.673048186458111,9.65317507535658,2204.55598735809,"OK",97,0.1272,0
26,"varying","moderate","array_occ",176,-0.179515853428882,-2.35279121564381,-2.17327536221493,5.25874700763215,1,1,-1.5275845431515,-0.825206672492315,0.44425,0,0.235828569038779,0.579421296745522,3.28215856351852,2308.57110881805,"OK",97,0.1699,0.0206
27,"varying","moderate","array_occ",177,-0.179515853428882,0.145409884405022,0.324925737833905,5.82039652414542,1,0,0.118244830657411,0.0271650537476116,0.24875,0,0.218414494772384,0.658134254497467,3.23295975932888,2442.21882581711,"OK",97,0.1569,0.0206
28,"varying","moderate","array_occ",178,-0.179515853428882,1.08534007593072,1.2648559293596,4.85412396331174,1,0,0.765266344783025,0.320073731147695,0.285875,0,-0.370167978141062,0.360010867666751,17.6600346735162,2385.23824381828,"OK",97,0.1514,0.0103
29,"varying","moderate","array_occ",179,-0.179515853428882,-0.219361453473081,-0.0398456000441987,5.39139415605273,1,0,0.19252991957224,-0.411891373045321,0.171375,0,0.618527635296837,0.796750373576045,9.07361059061839,2367.06717944145,"OK",97,0.1416,0.0103
30,"varying","moderate","array_occ",180,-0.179515853428882,-0.874768424695349,-0.695252571266467,6.34707947606319,1,0,-0.205966185369478,-0.668802239325871,0.204875,0,0.0683364311446809,0.573807952803276,1.6271612393222,2344.12842798233,"OK",97,0.141,0.0206
1,"null","bobcat_baseline","array_rn",181,-0.179515853428882,-0.227482160604256,-0.0479663071753737,1.13781604851235,1,0,-0.00510611326963565,-0.22237604733462,0.178125,0,-0.0879456867775865,0.471074540549982,3.0720308877039,1230.11942863464,"OK",97,0.1283,0.0103
2,"null","bobcat_baseline","array_rn",182,-0.179515853428882,-0.181550674233169,-0.00203482080428691,0.832872488831344,1,0,-0.0195479857696936,-0.162002688463476,0.1685,0,0.463878795147509,0.724558015874556,2.92536055078117,1393.68470907211,"OK",97,0.1723,0.0309
3,"null","bobcat_baseline","array_rn",183,-0.179515853428882,-0.246129046746417,-0.0666131933175344,0.865020597453945,1,0,-0.0172203107934262,-0.22890873595299,0.153625,0,0.621717520993681,0.780453725086844,2.61730257316363,1467.29793000221,"OK",97,0.1716,0.0103
4,"null","bobcat_baseline","array_rn",184,-0.179515853428882,-0.200386083165358,-0.0208702297364756,0.803570954205867,1,0,-0.220606120371791,0.0202200372064336,0.232375,0,0.598323951896474,0.785596460245687,3.15340782677126,1445.24889707565,"OK",97,0.1308,0.0103
5,"null","bobcat_baseline","array_rn",185,-0.179515853428882,-0.0415965143504836,0.137919339078399,0.999074540485039,1,0,0.158383473802679,-0.199979988153162,0.1015,0,0.654573011857282,0.82632110073939,2.84980976444174,1453.90940070152,"OK",97,0.1591,0.0103
6,"null","bobcat_baseline","array_rn",186,-0.179515853428882,-0.246501763804922,-0.0669859103760398,0.691323607816071,1,0,-0.0272542689895062,-0.219247494815416,0.15925,0,0.15672115419557,0.531162064080421,3.10319608983454,1534.45348715782,"OK",97,0.1382,0
7,"null","bobcat_baseline","array_rn",187,-0.179515853428882,-0.114283046442235,0.0652328069866472,0.69998157677508,1,0,0.0573812736781949,-0.17166432012043,0.145375,0,0.263816173689796,0.585898232063498,2.72970358996316,2175.2631983757,"OK",97,0.1555,0
8,"null","bobcat_baseline","array_rn",188,-0.179515853428882,-0.28914424512012,-0.109628391691238,1.10504261060936,1,0,0.329314047561447,-0.618458292681568,0.042125,0,0.305596560753754,0.60725028624658,3.36888280964127,2037.69991850853,"OK",97,0.1375,0.0103
9,"null","bobcat_baseline","array_rn",189,-0.179515853428882,0.252672820930661,0.432188674359543,1.13805035579917,1,0,0.248162065029614,0.00451075590104655,0.202875,0,-0.360795982749973,0.347517902540317,3.01265689296096,1746.22490644455,"OK",97,0.126,0.0103
10,"null","bobcat_baseline","array_rn",190,-0.179515853428882,-0.270602866456922,-0.0910870130280398,1.34841578749339,1,0,0.162435226146217,-0.433038092603139,0.06675,0,0.0852753382910818,0.500077626191077,3.17459819236327,1764.43308877945,"OK",97,0.1548,0.0206
11,"null","bobcat_baseline","array_rn",191,-0.179515853428882,-0.332227159267196,-0.152711305838314,0.842089313699273,1,0,-0.0552652219366291,-0.276961937330567,0.180875,0,0.384128174290844,0.650691843427973,3.12176613860268,1618.47330594063,"OK",97,0.1587,0
12,"null","bobcat_baseline","array_rn",192,-0.179515853428882,-0.141772881123783,0.0377429723050997,0.747520819948732,1,0,-0.0961917231368215,-0.0455811579869611,0.191,0,0.253126412262867,0.593306681674397,3.59061938834941,1662.96110343933,"OK",97,0.1594,0
13,"null","bobcat_baseline","array_rn",193,-0.179515853428882,-0.0996428355094581,0.0798730179194242,0.93618221458349,1,0,-0.0443598515648792,-0.0552829839445788,0.153875,0,-0.458660837257514,0.267058355489142,3.3181545110364,2178.57931447029,"OK",97,0.1471,0.0206
14,"null","bobcat_baseline","array_rn",194,-0.179515853428882,-0.197904864173187,-0.0183890107443044,0.976352639810252,1,0,-0.098958635032732,-0.0989462291404547,0.1645,0,0.349791430920506,0.62131518174232,1.58125859057892,1804.90879511833,"OK",97,0.1279,0.0103
15,"null","bobcat_baseline","array_rn",195,-0.179515853428882,-0.294833331437681,-0.115317478008799,0.749420293731619,1,0,-0.25096275486741,-0.0438705765702716,0.248875,0,0.223555398101579,0.573002581070853,2.85123615771315,1589.62884688377,"OK",97,0.1385,0.0103
16,"null","bobcat_baseline","array_rn",196,-0.179515853428882,-0.367739343892902,-0.18822349046402,1.03206958613996,1,0,-0.0717788369024822,-0.29596050699042,0.155625,0,0.362341882863058,0.642604164645151,3.53307907532282,1754.60322642326,"OK",97,0.1663,0.0103
17,"null","bobcat_baseline","array_rn",197,-0.179515853428882,-0.364730754685104,-0.185214901256222,1.0625796576334,1,0,0.0161789387310775,-0.380909693416182,0.111375,0,0.29449039692909,0.594146014865416,3.36009885435219,1803.34716534615,"OK",97,0.1754,0.0206
18,"null","bobcat_baseline","array_rn",198,-0.179515853428882,-0.119218859974452,0.0602969934544303,0.764982963089507,1,0,0.0105837395277206,-0.129802599502173,0.15075,0,-0.00345649095068962,0.52299190746958,3.84950773845611,1713.12007856369,"OK",97,0.1346,0.0103
19,"null","bobcat_baseline","array_rn",199,-0.179515853428882,-0.865966887283938,-0.686451033855056,1.04717354126372,0,1,0.0205246485079482,-0.886491535791886,0.031375,0,0.372305821424781,0.661714762560888,2.67678787737867,1670.26396250725,"OK",97,0.1638,0.0206
20,"null","bobcat_baseline","array_rn",200,-0.179515853428882,-0.160815925942579,0.0186999274863031,0.758001951249701,1,0,0.0617448357970032,-0.222560761739582,0.104,0,0.198899589700093,0.551053775543868,3.57621451388426,1766.57989931107,"OK",97,0.1454,0.0103
21,"null","bobcat_baseline","array_rn",201,-0.179515853428882,-0.0308774127364666,0.148638440692416,0.770924188878532,1,0,0.0566262915070273,-0.087503704243494,0.14475,0,0.237769888728694,0.597736226202721,2.69760726736376,1606.37710285187,"OK",97,0.1325,0
22,"null","bobcat_baseline","array_rn",202,-0.179515853428882,-0.215318107136881,-0.0358022537079982,1.08868286446768,1,0,0.255550523843056,-0.470868630979936,0.059,0,0.491995983545044,0.716475188728677,3.26483742016543,1712.35016107559,"OK",97,0.1356,0.0206
23,"null","bobcat_baseline","array_rn",203,-0.179515853428882,-0.288045464047143,-0.10852961061826,0.780735240945228,1,0,0.0701409190438246,-0.358186383090967,0.091,0,0.357814674948934,0.639198315511654,2.92233830648575,1797.93546700478,"OK",97,0.1515,0.0206
24,"null","bobcat_baseline","array_rn",204,-0.179515853428882,-0.140307838393891,0.0392080150349908,0.970967091898501,1,0,-0.0459058123538992,-0.0944020260399922,0.15925,0,-0.0562828985665592,0.431189233247298,2.31486906021077,1689.86751270294,"OK",97,0.13,0
25,"null","bobcat_baseline","array_rn",205,-0.179515853428882,-0.540124910764453,-0.36060905733557,0.952073870840279,1,1,-0.0781132718189235,-0.462011638945529,0.149625,0,0.177878105263134,0.548283490849813,2.84512424241684,2148.42399191856,"OK",97,0.1847,0.0206
26,"null","bobcat_baseline","array_rn",206,-0.179515853428882,-0.0633228174074311,0.116193036021451,1.17372078130206,1,0,-0.115028461647114,0.0517056442396829,0.169,0,0.490381893271435,0.727109976906208,2.47446519915477,1640.58954715729,"OK",97,0.1394,0.0206
27,"null","bobcat_baseline","array_rn",207,-0.179515853428882,-0.174995127706428,0.00452072572245413,0.815837245983071,1,0,0.0709443724723086,-0.245939500178737,0.10525,0,0.118692123621291,0.519818936909313,2.89267787155361,2139.5389213562,"OK",97,0.1517,0
28,"null","bobcat_baseline","array_rn",208,-0.179515853428882,-0.38631421012557,-0.206798356696688,0.694780136284807,1,1,0.0856272112580576,-0.471941421383628,0.074875,0,0.160954794972914,0.523845795571426,3.46242221259379,2086.84408164024,"OK",97,0.1518,0.0103
29,"null","bobcat_baseline","array_rn",209,-0.179515853428882,-0.260358530064531,-0.0808426766356488,0.841160798705357,1,0,-0.0100711061531127,-0.250287423911418,0.141375,0,0.621051360511521,0.806012148498904,2.8360881495307,1761.02608656883,"OK",97,0.1369,0
30,"null","bobcat_baseline","array_rn",210,-0.179515853428882,-0.52740874163308,-0.347892888204198,0.946516965902269,1,1,-0.0966104883213316,-0.430798253311749,0.182875,0,0.491646296579398,0.710497972015758,3.25780838449195,1719.84990429878,"OK",97,0.1283,0
1,"varying","bobcat_baseline","array_rn",211,-0.179515853428882,-0.262728349474804,-0.0832124960459219,0.889397444174685,1,0,-0.0366928203540984,-0.226035529120706,0.172375,0,0.432936443836963,0.685012323157833,2.99759530856338,1828.35048985481,"OK",97,0.1355,0
2,"varying","bobcat_baseline","array_rn",212,-0.179515853428882,0.880815423416835,1.06033127684572,1.05326535188164,0,1,0.129973624035558,0.750841799381277,0.110125,0,-0.286524763487622,0.373561489646607,4.95269108619797,1727.95750546455,"OK",97,0.1478,0
3,"varying","bobcat_baseline","array_rn",213,-0.179515853428882,-0.0813042962901649,0.0982115571387174,0.855183188738243,1,0,-0.0414086369693306,-0.0398956593208344,0.14975,0,0.259290600800678,0.586349434299133,3.59091300799248,1845.71102309227,"OK",97,0.1725,0.0206
4,"varying","bobcat_baseline","array_rn",214,-0.179515853428882,0.0760054361143259,0.255521289543208,1.25837329700253,1,0,0.0113856048680369,0.0646198312462889,0.17775,0,0.61933312555692,0.800709309320965,2.99869712504108,1674.72311329842,"OK",97,0.1151,0.0103
5,"varying","bobcat_baseline","array_rn",215,-0.179515853428882,0.434748126504174,0.614263979933056,1.62852456601129,1,0,0.29887825839277,0.135869868111404,0.26125,0,0.381401994509298,0.665348638630674,2.15312521703748,1679.12171316147,"OK",97,0.1347,0.0103
6,"varying","bobcat_baseline","array_rn",216,-0.179515853428882,0.493874948038263,0.673390801467145,0.844239260959972,0,1,0.360341964091318,0.133532983946945,0.383,0,-0.409101706522084,0.331061150032021,3.28722844203348,1694.60544013977,"OK",97,0.1376,0.0206
7,"varying","bobcat_baseline","array_rn",217,-0.179515853428882,-0.401415559247234,-0.221899705818352,0.875813636085169,1,0,0.10673168796825,-0.508147247215484,0.04375,0,-0.0341850386972749,0.452939121659648,2.8342776462489,1973.07715535164,"OK",97,0.163,0
8,"varying","bobcat_baseline","array_rn",218,-0.179515853428882,-0.167273086184326,0.012242767244556,0.849485271358711,1,0,-0.0805376157400673,-0.086735470444259,0.197375,0,0.492321161165264,0.712666653728968,3.08998937067089,1900.48248505592,"OK",97,0.1245,0.0103
9,"varying","bobcat_baseline","array_rn",219,-0.179515853428882,-0.0176096422388065,0.161906211190076,1.010749233519,1,0,-0.271908396518361,0.254298754279555,0.1355,0,0.616015275108907,0.788672398067108,3.36946568368941,1874.66920852661,"OK",97,0.1654,0.0206
10,"varying","bobcat_baseline","array_rn",220,-0.179515853428882,0.223489894558157,0.403005747987039,1.03178788510747,1,0,-0.231842457658166,0.455332352216323,0.0915,0,0.594788130173702,0.782835878825516,3.38076363359356,1977.67695522308,"OK",97,0.1354,0.0206
11,"varying","bobcat_baseline","array_rn",221,-0.179515853428882,-0.271486888327235,-0.0919710348983531,1.25868368154756,1,0,0.395901679814561,-0.667388568141796,0.035,0,0.601999744583447,0.798079722098236,2.74256450585332,1979.32615375519,"OK",97,0.1523,0.0206
12,"varying","bobcat_baseline","array_rn",222,-0.179515853428882,0.557145235255836,0.736661088684719,0.973196939354984,0,1,0.282178608579955,0.274966626675881,0.29175,0,-0.247451416794852,0.40807603485416,2.7746752071611,1930.2242372036,"OK",97,0.1264,0
13,"varying","bobcat_baseline","array_rn",223,-0.179515853428882,-0.516786892701293,-0.337271039272411,0.863908674809657,1,1,-0.175556945768428,-0.341229946932865,0.19325,0,0.431069165132348,0.670874653107959,3.08006512570517,1911.16454696655,"OK",97,0.1309,0.0103
14,"varying","bobcat_baseline","array_rn",224,-0.179515853428882,-0.376202708283793,-0.196686854854911,0.91191458218568,1,0,-0.206460001809482,-0.169742706474311,0.216125,0,0.226690991350445,0.57493353257389,3.63843277274923,1880.82857966423,"OK",97,0.139,0.0103
15,"varying","bobcat_baseline","array_rn",225,-0.179515853428882,-0.255266684401064,-0.0757508309721821,1.00319907250756,1,0,0.200658549922298,-0.455925234323362,0.0515,0,0.370375850731963,0.648697820644686,3.28345044530651,1807.87345480919,"OK",97,0.1501,0.0103
16,"varying","bobcat_baseline","array_rn",226,-0.179515853428882,-0.0995502744965979,0.0799655789322844,1.21110852673584,1,0,0.2966396651456,-0.396189939642197,0.08275,0,0.343213933708745,0.647834229268955,3.14829117265008,1855.32329392433,"OK",97,0.1385,0.0103
17,"varying","bobcat_baseline","array_rn",227,-0.179515853428882,-0.205970613516013,-0.0264547600871309,1.07875611042868,1,0,-0.192781474726074,-0.0131891387899397,0.23175,0,0.296049152827022,0.599909759552873,2.63129699783495,1933.50745415688,"OK",97,0.1488,0.0206
18,"varying","bobcat_baseline","array_rn",228,-0.179515853428882,-0.406008052281713,-0.226492198852831,0.915368482823328,1,0,-0.206583128631284,-0.199424923650429,0.285125,0,0.439109673101276,0.67456189718411,3.11568341768512,1670.31912064552,"OK",97,0.1589,0.0206
19,"varying","bobcat_baseline","array_rn",229,-0.179515853428882,-0.357835161162554,-0.178319307733672,0.701399415820695,1,1,-0.187723711421496,-0.170111449741058,0.263375,0,0.686385404856316,0.833171612101923,3.97318194103012,2033.82406830788,"OK",97,0.1368,0
20,"varying","bobcat_baseline","array_rn",230,-0.179515853428882,-0.272991124746025,-0.0934752713171426,0.73168211132369,1,0,-0.382207489003853,0.109216364257828,0.214,0,0.450139118987935,0.68230996138097,2.59447799356029,1845.76904463768,"OK",97,0.1403,0.0103
21,"varying","bobcat_baseline","array_rn",231,-0.179515853428882,-0.505905301448935,-0.326389448020052,1.24599381249581,1,0,0.0570181839255832,-0.562923485374518,0.097125,0,0.629966863332925,0.789269149411011,2.91763089739318,1961.6429078579,"OK",97,0.1539,0.0103
22,"varying","bobcat_baseline","array_rn",232,-0.179515853428882,-0.105187870377305,0.074327983051577,1.3922024695252,1,0,-0.131720132512401,0.0265322621350954,0.177,0,-0.064597513668769,0.512323157833453,2.98669408511573,1506.33582758904,"OK",97,0.1691,0.0206
23,"varying","bobcat_baseline","array_rn",233,-0.179515853428882,-0.297329361615293,-0.117813508186411,1.12332106401269,1,0,0.122791708921876,-0.42012107053717,0.07925,0,0.601177150679432,0.761736109763434,2.94699617205522,2032.41047215462,"OK",97,0.1528,0.0103
24,"varying","bobcat_baseline","array_rn",234,-0.179515853428882,-0.177614577187004,0.00190127624187877,0.851997614815389,1,0,-0.0357403475876115,-0.141874229599392,0.14825,0,0.322286944099313,0.614571406392517,3.6235815637716,1733.89121103287,"OK",97,0.1113,0
25,"varying","bobcat_baseline","array_rn",235,-0.179515853428882,0.49030614680085,0.669822000229732,1.18377489987085,0,0,-0.0352319769885679,0.525538123789418,0.101625,0,0.0341155661641962,0.54109821653826,3.02680182605299,1921.57223534584,"OK",97,0.1539,0.0103
26,"varying","bobcat_baseline","array_rn",236,-0.179515853428882,0.12905479351303,0.308570646941912,1.06721624270326,1,0,0.122025462390537,0.00702933112249288,0.14875,0,0.531615011818586,0.725431310524171,1.99465076925633,2017.6288599968,"OK",97,0.1419,0.0206
27,"varying","bobcat_baseline","array_rn",237,-0.179515853428882,-0.678392119896315,-0.498876266467432,1.55542402170133,1,0,-0.0229791822579403,-0.655412937638374,0.099875,0,0.218138640406498,0.562202837237284,2.89116914546096,2159.8345246315,"OK",97,0.1326,0.0103
28,"varying","bobcat_baseline","array_rn",238,-0.179515853428882,-0.118555874874413,0.0609599785544695,1.15622274572825,1,0,0.052211068890729,-0.170766943765142,0.126375,0,-0.458981398336542,0.271017291234062,3.2744553768489,1905.82204270363,"OK",97,0.1427,0
29,"varying","bobcat_baseline","array_rn",239,-0.179515853428882,-0.0662094984138482,0.113306355015034,0.842805478582106,1,0,0.0677935708348808,-0.134003069248729,0.148,0,0.430575179195134,0.681601622387394,3.44863594325171,2107.37044358253,"OK",97,0.1574,0
30,"varying","bobcat_baseline","array_rn",240,-0.179515853428882,0.252692362920807,0.43220821634969,1.06916222078368,1,0,0.256728719183185,-0.00403635626237706,0.25525,0,0.543135654482156,0.76313823283976,3.95926249312461,2015.301197052,"OK",97,0.1247,0
1,"null","common_deerlike","array_rn",241,-0.179515853428882,-0.318897241756784,-0.139381388327902,1.11293375468781,1,0,0.0506498992748293,-0.369547141031614,0.091125,0,0.626343343357159,0.820702905160201,3.05157429304063,2062.93927025795,"OK",97,0.1797,0.0412
2,"null","common_deerlike","array_rn",242,-0.179515853428882,0.0243394644700646,0.203855317898947,1.1460134552548,1,0,0.148052228854774,-0.123712764384709,0.140375,0,-0.543004820422399,0.233378291835665,2.29302448051054,1972.10929703712,"OK",97,0.119,0.0103
3,"null","common_deerlike","array_rn",243,-0.179515853428882,-0.219107718723212,-0.0395918652943294,0.679196832656001,1,0,-0.0110815744059479,-0.208026144317264,0.152,0,0.281217103637519,0.597842962215452,3.03024801049076,1816.28119301796,"OK",97,0.1216,0
4,"null","common_deerlike","array_rn",244,-0.179515853428882,0.206863852298362,0.386379705727244,0.825412628293708,0,0,0.0102621622697159,0.196601690028646,0.15575,0,-0.275454009175087,0.402656756389606,4.04991500703502,2058.97244930267,"OK",97,0.1358,0.0103
5,"null","common_deerlike","array_rn",245,-0.179515853428882,-0.0830871879056595,0.0964286655232228,0.880807011528099,1,0,0.215310473119207,-0.298397661024866,0.084125,0,0.133128689115336,0.519794678724602,2.37037972677831,2194.15863466263,"OK",97,0.1362,0
6,"null","common_deerlike","array_rn",246,-0.179515853428882,-0.0403064446924705,0.139209408736412,0.758124289331954,1,0,0.0483729007617704,-0.0886793454542409,0.166625,0,0.510441822708564,0.713190630518737,3.3187804256313,2032.68952941895,"OK",97,0.1567,0
7,"null","common_deerlike","array_rn",247,-0.179515853428882,-0.286532310971484,-0.107016457542602,0.951330544460664,1,0,0.325232744625641,-0.611765055597124,0.037875,0,0.294115126631004,0.60135554736168,3.41023343310668,2067.09650540352,"OK",97,0.1592,0.0103
8,"null","common_deerlike","array_rn",248,-0.179515853428882,-0.31914764578548,-0.139631792356598,1.24909346389203,1,0,0.276852249976617,-0.595999895762098,0.051125,0,0.530071692480265,0.74926255118477,2.30058593279668,2164.45116019249,"OK",97,0.1409,0.0206
9,"null","common_deerlike","array_rn",249,-0.179515853428882,-0.48971091911814,-0.310195065689257,0.967752967942319,1,1,-0.276107971385999,-0.213602947732141,0.34,0,0.353018056591005,0.632755341652273,3.78714180100715,2087.15495300293,"OK",97,0.1168,0
10,"null","common_deerlike","array_rn",250,-0.179515853428882,-0.32227513529697,-0.142759281868088,0.885536552565435,1,0,-0.0440121119846987,-0.278263023312271,0.177625,0,0.509816425643944,0.722369927613577,2.40193183027399,2217.51125907898,"OK",97,0.1255,0
11,"null","common_deerlike","array_rn",251,-0.179515853428882,0.105605939573404,0.285121793002287,1.01419311189727,1,0,0.222368477992573,-0.116762538419169,0.14925,0,0.258264382164846,0.585927341885152,3.22625195627462,1956.69806146622,"OK",97,0.1645,0.0103
12,"null","common_deerlike","array_rn",252,-0.179515853428882,-0.347950363894265,-0.168434510465382,1.09589331945037,1,0,-0.0241602012139231,-0.323790162680342,0.135125,0,0.369159744780291,0.636728832308021,2.37406097047937,2288.81471633911,"OK",97,0.1528,0.0206
13,"null","common_deerlike","array_rn",253,-0.179515853428882,0.309620426368941,0.489136279797823,0.866902624550207,0,0,0.207329077742645,0.102291348626296,0.22875,0,0.0155269187872019,0.549894234314658,2.82097219771134,2101.72049689293,"OK",97,0.1506,0.0103
14,"null","common_deerlike","array_rn",254,-0.179515853428882,-0.416404404930137,-0.236888551501255,0.960653473609483,1,0,0.0828861714032798,-0.499290576333417,0.060875,0,0.361236830374507,0.63104271381164,2.98000914777964,2380.19190096855,"OK",97,0.1435,0
15,"null","common_deerlike","array_rn",255,-0.179515853428882,-0.704525397613301,-0.525009544184419,1.01836198749549,0,1,0.166154740996869,-0.87068013861017,0.0495,0,0.374668624913674,0.647936113644744,4.6612035597649,2244.86994051933,"OK",97,0.1559,0.0206
16,"null","common_deerlike","array_rn",256,-0.179515853428882,-0.452522690717356,-0.273006837288473,0.764281325000706,1,1,-0.00473647154294112,-0.447786219174415,0.127375,0,0.371301835923093,0.649663296396204,3.62810841940814,2457.24270176888,"OK",97,0.1703,0.0103
17,"null","common_deerlike","array_rn",257,-0.179515853428882,-0.0879393106552298,0.0915765427736525,0.918194022466648,1,0,0.265003167183013,-0.352942477838243,0.077125,0,0.547453130365176,0.753905567738555,3.42582730362177,2231.39512062073,"OK",97,0.1336,0.0103
18,"null","common_deerlike","array_rn",258,-0.179515853428882,-0.137111580923946,0.0424042725049368,0.993367632649391,1,0,0.0935719013316494,-0.230683482255595,0.113125,0,0.367185532234382,0.665853208872674,2.98738881855646,2307.23808956146,"OK",97,0.1508,0.0103
19,"null","common_deerlike","array_rn",259,-0.179515853428882,0.00919240053379731,0.18870825396268,0.734146582276368,1,0,0.127251338805092,-0.118058938271295,0.152125,0,-0.0908212950209145,0.488200818956316,3.4315306853598,2071.29755234718,"OK",97,0.1603,0.0206
20,"null","common_deerlike","array_rn",260,-0.179515853428882,-0.310638644695205,-0.131122791266323,0.919995754461453,1,0,0.268961076462533,-0.579599721157738,0.04325,0,0.291255307599739,0.610044829125347,3.0262682078775,2080.04497122765,"OK",97,0.1323,0.0103
21,"null","common_deerlike","array_rn",261,-0.179515853428882,-0.087671080884803,0.0918447725440793,0.75741892689348,1,0,0.0574044318529896,-0.145075512737793,0.109875,0,0.648155025761502,0.80472161307225,2.92809801121407,2229.93510389328,"OK",97,0.1464,0
22,"null","common_deerlike","array_rn",262,-0.179515853428882,-0.281743423330268,-0.102227569901386,0.866878196361064,1,0,-0.265404813479437,-0.0163386098508313,0.259625,0,0.379875602488681,0.643385278192862,4.09750320778574,2182.15087485313,"OK",97,0.1366,0
23,"null","common_deerlike","array_rn",263,-0.179515853428882,-0.217843513714259,-0.038327660285377,1.1401196924548,1,0,0.191814428033126,-0.409657941747385,0.06375,0,0.526333672665141,0.727900793727804,2.98020165916534,1806.81496357918,"OK",97,0.1568,0.0103
24,"null","common_deerlike","array_rn",264,-0.179515853428882,0.488000031442623,0.667515884871506,1.04321130905049,0,1,0.533033771701795,-0.0450337402591712,0.322,0,0.0565368564210967,0.574734615459256,3.55012543689722,1850.09523320198,"OK",97,0.1499,0
25,"null","common_deerlike","array_rn",265,-0.179515853428882,-0.0276645570056345,0.151851296423248,0.930945231181665,1,0,-0.0236205013961297,-0.00404405560950476,0.146375,0,0.550374583427287,0.739447689650488,2.28176096462119,2124.51544928551,"OK",97,0.1486,0
26,"null","common_deerlike","array_rn",266,-0.179515853428882,-0.520702280165875,-0.341186426736993,0.957691837771805,1,1,-0.30845654431669,-0.212245735849185,0.34925,0,0.172113039152902,0.558336082594267,2.79559460875488,2120.26985001564,"OK",97,0.1145,0.0103
27,"null","common_deerlike","array_rn",267,-0.179515853428882,-0.0747118442122181,0.104804009216664,0.93117609413355,1,0,-0.0709595187432868,-0.00375232546893126,0.169375,0,0.222372056768645,0.562513342001591,1.67148236561567,2156.33052754402,"OK",97,0.1341,0
28,"null","common_deerlike","array_rn",268,-0.179515853428882,-0.133048287298462,0.0464675661304202,0.758878585292718,1,0,0.425266039060889,-0.558314326359351,0.016375,0,0.205159715734553,0.611893302800365,3.35645391910742,2488.44799947739,"OK",97,0.1552,0.0206
29,"null","common_deerlike","array_rn",269,-0.179515853428882,0.0708865073073575,0.25040236073624,0.923397242296907,1,0,-0.0139088631360079,0.0847953704433655,0.15325,0,0.260025881163465,0.583137650643327,3.53359807483021,2203.1717569828,"OK",97,0.1459,0
30,"null","common_deerlike","array_rn",270,-0.179515853428882,-0.124706609615051,0.0548092438138308,0.858404648092202,1,0,-0.0371563145587253,-0.0875502950563261,0.1525,0,0.659536210409893,0.805594907721865,2.43140027562027,2245.49665427208,"OK",97,0.1372,0
1,"varying","common_deerlike","array_rn",271,-0.179515853428882,0.129677324654105,0.309193178082987,1.15131682124165,1,0,0.133724741503108,-0.00404741684900334,0.191875,0,-0.0249198489102246,0.52833841138,2.93178291083745,2378.01010799408,"OK",97,0.1588,0
2,"varying","common_deerlike","array_rn",272,-0.179515853428882,-0.52785089573584,-0.348335042306958,0.932538895233652,1,1,0.00220468654132908,-0.530055582277169,0.095875,0,0.0932754675542352,0.498816200586078,2.66633733875914,2345.49193572998,"OK",97,0.1329,0.0103
3,"varying","common_deerlike","array_rn",273,-0.179515853428882,-0.0958676735758561,0.0836481798530262,1.02507265868354,1,0,0.0615387779952233,-0.157406451571079,0.161875,0,0.742207001956115,0.845189116808011,2.928265865919,2359.8972864151,"OK",97,0.1601,0.0309
4,"varying","common_deerlike","array_rn",274,-0.179515853428882,-0.0669550723446418,0.112560781084241,0.683345722017314,1,0,-0.0274781615882804,-0.0394769107563614,0.1475,0,0.162177761617746,0.530706010207844,3.47265601593042,2270.96215510368,"OK",97,0.1219,0
5,"varying","common_deerlike","array_rn",275,-0.179515853428882,-0.130492893204477,0.0490229602244054,0.9543147818038,1,0,-0.0154122122802133,-0.115080680924264,0.142375,0,0.299670877481213,0.615430146131305,2.94586477285146,2373.76564049721,"OK",97,0.1552,0
6,"varying","common_deerlike","array_rn",276,-0.179515853428882,0.030806393111755,0.210322246540637,0.664272271406037,1,0,0.0461956847414134,-0.0153892916296584,0.15575,0,0.305687641264357,0.616749791379612,2.99269058943009,2129.47632694244,"OK",97,0.1489,0
7,"varying","common_deerlike","array_rn",277,-0.179515853428882,-0.327378692813138,-0.147862839384256,1.257615663741,1,0,-0.104394003770193,-0.222984689042945,0.178375,0,0.423518523478807,0.673324729763822,2.16038892032969,2131.76222157478,"OK",97,0.1211,0.0206
8,"varying","common_deerlike","array_rn",278,-0.179515853428882,-0.081827136829383,0.0976887165994993,0.835092955848363,1,0,-0.00044720171253539,-0.0813799351168476,0.129625,0,0.171465360865167,0.543034019678239,2.27703490479365,2333.67828702927,"OK",97,0.125,0
9,"varying","common_deerlike","array_rn",279,-0.179515853428882,0.413912602885225,0.593428456314108,1.13212239726171,0,0,-0.0801124495374361,0.494025052422662,0.056625,0,-0.0964109325658462,0.495749966038541,3.64491927126052,2463.73148298264,"OK",97,0.1708,0.0206
10,"varying","common_deerlike","array_rn",280,-0.179515853428882,-0.239293947278078,-0.059778093849196,0.792808481790114,1,0,-0.229015069820451,-0.0102788774576278,0.208,0,0.394640214911534,0.659007549147082,3.47015699363503,2077.67777395248,"OK",97,0.132,0.0103
11,"varying","common_deerlike","array_rn",281,-0.179515853428882,-0.27992470517302,-0.100408851744138,1.13147476795861,1,0,-0.097957821728539,-0.181966883444482,0.1875,0,0.215464492891304,0.541073958353548,3.72874587268605,2391.20947480202,"OK",97,0.167,0.0206
12,"varying","common_deerlike","array_rn",282,-0.179515853428882,0.209783644005431,0.389299497434314,0.810702148328805,0,0,0.0865746711890004,0.123208972816431,0.17225,0,0.348655745757587,0.616681868462419,3.28480193752394,2452.8412296772,"OK",97,0.1494,0.0206
13,"varying","common_deerlike","array_rn",283,-0.179515853428882,-0.148815185879752,0.0307006675491308,0.76169307251363,1,0,0.091144432277213,-0.239959618156964,0.08075,0,0.590715651567003,0.75322148692969,3.45204096104275,2384.58257746696,"OK",97,0.1272,0
14,"varying","common_deerlike","array_rn",284,-0.179515853428882,-0.00914535721037217,0.17037049621851,0.899424700840941,1,0,0.0864062971080797,-0.0955516543184519,0.159125,0,0.500594756375423,0.725906770944517,2.49606909059602,2207.37690782547,"OK",97,0.1386,0.0103
15,"varying","common_deerlike","array_rn",285,-0.179515853428882,-0.0387732985366488,0.140742554892234,0.82481214966292,1,0,0.0930438797537253,-0.131817178290374,0.135125,0,0.385724006785226,0.649056841778416,3.31069002517508,2131.51193261147,"OK",97,0.1631,0.0206
16,"varying","common_deerlike","array_rn",286,-0.179515853428882,-0.376457538025876,-0.196941684596993,0.907638209382234,1,0,0.036205178905589,-0.412662716931465,0.11175,0,0.564598948323063,0.760266063769916,2.53885362663087,2163.21569705009,"OK",97,0.131,0
17,"varying","common_deerlike","array_rn",287,-0.179515853428882,-0.413203230219968,-0.233687376791086,0.91751485889064,1,0,-0.352829569720078,-0.0603736604998904,0.31175,0,0.0242636268153526,0.465892992295601,3.34942958957175,2150.42287874222,"OK",97,0.1402,0.0206
18,"varying","common_deerlike","array_rn",288,-0.179515853428882,-0.514014744094297,-0.334498890665415,1.1121362174449,1,1,0.111854714090823,-0.625869458185121,0.039,0,0.417143961723616,0.671243377515574,3.32647076146684,2160.11907696724,"OK",97,0.1273,0
19,"varying","common_deerlike","array_rn",289,-0.179515853428882,-0.375424857823063,-0.195909004394181,0.951768765520175,1,0,0.0203670401983946,-0.395791898021458,0.105125,0,0.484603811079786,0.69142618719556,3.05007286660126,2164.19500494003,"OK",97,0.1551,0.0206
20,"varying","common_deerlike","array_rn",290,-0.179515853428882,-0.426979065135132,-0.24746321170625,0.755272883365382,1,1,-0.132766387198204,-0.294212677936929,0.253625,0,0.467438965919138,0.70405984979332,3.7875839550277,2089.86442184448,"OK",97,0.1538,0.0206
21,"varying","common_deerlike","array_rn",291,-0.179515853428882,0.116586306351326,0.296102159780208,0.865736143065478,1,0,0.0912853327185924,0.0253009736327335,0.176375,0,0.45478933848924,0.686157309476217,3.11714693898138,2111.72310686111,"OK",97,0.1484,0
22,"varying","common_deerlike","array_rn",292,-0.179515853428882,0.228193247259414,0.407709100688296,1.44793291314694,1,0,0.0583960673705387,0.169797179888875,0.15625,0,-0.609302744067276,0.199091773564401,2.31985730378244,1982.65104174614,"OK",97,0.1078,0
23,"varying","common_deerlike","array_rn",293,-0.179515853428882,-0.144561472326851,0.0349543811020313,0.76681151955395,1,0,-0.109287812739486,-0.0352736595873649,0.16775,0,0.485695703220007,0.70226959576161,2.82500642362855,2431.82694005966,"OK",97,0.1418,0.0103
24,"varying","common_deerlike","array_rn",294,-0.179515853428882,0.251963059293349,0.431478912722232,1.01276194174956,1,0,0.0656953037261609,0.186267755567189,0.163875,0,0.423658879154773,0.672039045974112,2.44079853294448,2430.72263979912,"OK",97,0.1318,0.0309
25,"varying","common_deerlike","array_rn",295,-0.179515853428882,-0.0628930017745711,0.116622851654311,0.996924232034738,1,0,0.132850388868582,-0.195743390643153,0.127375,0,-0.0473792737209308,0.51189621378253,3.85662485647224,2293.28750681877,"OK",97,0.1356,0.0103
26,"varying","common_deerlike","array_rn",296,-0.179515853428882,-0.538874803307513,-0.359358949878631,0.873429134365237,1,1,-0.167590994842694,-0.37128380846482,0.232625,0,0.33593597254902,0.629271866327699,3.1942252634882,2085.98458504677,"OK",97,0.1471,0.0206
27,"varying","common_deerlike","array_rn",297,-0.179515853428882,-0.24740168864406,-0.067885835215178,0.982782396109607,1,0,-0.09597117725778,-0.15143051138628,0.18075,0,0.733907935621115,0.856537095616061,4.06957801976985,2229.12187218666,"OK",97,0.1314,0
28,"varying","common_deerlike","array_rn",298,-0.179515853428882,-0.353563842995887,-0.174047989567005,0.943547190069625,1,0,-0.0567911359018033,-0.296772707094084,0.159375,0,0.302980087944148,0.624721030875818,3.57516267395854,2207.4902510643,"OK",97,0.1483,0
29,"varying","common_deerlike","array_rn",299,-0.179515853428882,-0.271106496971032,-0.0915906435421496,1.00608320167536,1,0,0.0708234595190822,-0.341929956490114,0.129875,0,0.652485710081822,0.820450620039201,2.39729335442115,2141.02379798889,"OK",97,0.1453,0.0103
30,"varying","common_deerlike","array_rn",300,-0.179515853428882,0.261652668090196,0.441168521519078,1.28153878436299,1,0,-0.0985384857542555,0.360191153844451,0.1175,0,0.624034351426536,0.779376661685653,4.04212730724912,2172.51853346825,"OK",97,0.1436,0.0206
1,"null","moderate","array_rn",301,-0.179515853428882,-0.246052359626072,-0.0665365061971898,0.771676917415297,1,0,0.113001583129959,-0.359053942756031,0.077,0,0.481843279743465,0.709319024238778,3.67906205459737,2103.43522882462,"OK",97,0.1415,0
2,"null","moderate","array_rn",302,-0.179515853428882,-0.801254356340508,-0.621738502911626,1.07416912678518,0,1,-0.111500549047111,-0.689753807293397,0.115375,0,0.32650861072294,0.630261600263929,3.21584293058433,1350.98086166382,"OK",97,0.1381,0.0103
3,"null","moderate","array_rn",303,-0.179515853428882,-0.159463958468648,0.0200518949602342,1.07993379747247,1,0,-0.0479120609403074,-0.111551897528341,0.164375,0,0.72246546959433,0.853131246482563,3.10316156206077,2458.16890072823,"OK",97,0.1577,0
4,"null","moderate","array_rn",304,-0.179515853428882,-0.508051702654565,-0.328535849225683,0.823164802126284,1,1,-0.0895850817168496,-0.418466620937715,0.2045,0,0.277419389380035,0.612422131227076,3.54303796721247,2405.02989959717,"OK",97,0.1458,0
5,"null","moderate","array_rn",305,-0.179515853428882,-0.0688385998121762,0.110677253616706,0.782024278161279,1,0,-0.0209910013068866,-0.0478475985052895,0.164625,0,0.653128723739395,0.836160220458383,4.10500412663917,2364.64750099182,"OK",97,0.1309,0
6,"null","moderate","array_rn",306,-0.179515853428882,-0.0893697416902871,0.0901461117385952,1.40142323689752,1,0,0.336098684380797,-0.425468426071084,0.092625,0,0.172386969959958,0.550917929709484,2.50229542689878,2239.96153140068,"OK",97,0.1425,0
7,"null","moderate","array_rn",307,-0.179515853428882,0.16606579519308,0.345581648621962,1.0615613610072,1,0,0.26547391421361,-0.0994081190205295,0.172,0,0.600360038918084,0.79090900269751,2.44089566026367,2481.867841959,"OK",97,0.1385,0.0103
8,"null","moderate","array_rn",308,-0.179515853428882,-0.0118445234496218,0.16767132997926,1.09344538488561,1,0,-0.0404622295189293,0.0286177060693075,0.1405,0,0.436874289355216,0.68441557181393,3.28427241163898,2353.65684962273,"OK",97,0.1487,0
9,"null","moderate","array_rn",309,-0.179515853428882,-0.451914859759347,-0.272399006330465,0.956835600200097,1,1,-0.0647207088254579,-0.387194150933889,0.133625,0,0.367720954834727,0.642211182052825,3.22295906281704,2382.63227438927,"OK",97,0.1514,0.0206
10,"null","moderate","array_rn",310,-0.179515853428882,-0.0921306014009814,0.0873852520279009,0.836900179460704,1,0,0.209174758600375,-0.301305360001356,0.064,0,0.548326522251961,0.751571930369307,3.08736491257809,2391.01161170006,"OK",97,0.1512,0.0103
11,"null","moderate","array_rn",311,-0.179515853428882,-0.164571688299122,0.0149441651297599,0.846462487700242,1,0,-0.0271618420811638,-0.137409846217959,0.15875,0,0.217735238060522,0.567568747695472,3.36027215017746,2383.66582632065,"OK",97,0.1444,0
12,"null","moderate","array_rn",312,-0.179515853428882,0.142490085243992,0.322005938672874,1.21996992648164,1,0,-0.0131378144928413,0.155627899736833,0.15075,0,0.0155676822047421,0.553334044906752,2.67044267014494,2403.97740769386,"OK",97,0.1319,0
13,"null","moderate","array_rn",313,-0.179515853428882,-0.163253731871572,0.0162621215573104,0.707211777997584,1,0,0.00584314466398051,-0.169096876535552,0.127,0,0.505569223776848,0.73841914261872,3.54320301288706,1532.01616549492,"OK",97,0.1755,0.0103
14,"null","moderate","array_rn",314,-0.179515853428882,-0.131900710673091,0.047615142755791,1.16387218624957,1,0,-0.214559899037398,0.0826591883643067,0.208375,0,0.0533648437917147,0.564162898561975,1.8967302921665,2398.99317955971,"OK",97,0.1483,0.0103
15,"null","moderate","array_rn",315,-0.179515853428882,-0.719627704139976,-0.540111850711094,1.40330096268052,1,1,-0.026568541587581,-0.693059162552395,0.10325,0,0.299307901929982,0.603451454520755,2.85978245690007,2159.56634736061,"OK",97,0.1396,0.0206
16,"null","moderate","array_rn",316,-0.179515853428882,0.134636794294166,0.314152647723049,0.942212347319066,1,0,0.081762015037592,0.0528747792565742,0.173375,0,0.432665029686043,0.680228609132721,4.1229115496592,2142.81853675842,"OK",97,0.162,0.0103
17,"null","moderate","array_rn",317,-0.179515853428882,-0.593345681814597,-0.413829828385714,1.19359860392465,1,1,0.0870214356361956,-0.680367117450792,0.0455,0,0.493907936903487,0.710100137786489,2.63498430431308,2172.98683381081,"OK",97,0.1707,0.0103
18,"null","moderate","array_rn",318,-0.179515853428882,-0.34962467585577,-0.170108822426888,0.956517934749809,1,0,-0.10539665783354,-0.24422801802223,0.188375,0,0.391071917103848,0.656591433949815,2.95362624345075,2151.85098814964,"OK",97,0.137,0
19,"null","moderate","array_rn",319,-0.179515853428882,-0.321537976039414,-0.142022122610531,0.993534815216383,1,0,0.109950836144599,-0.431488812184013,0.064125,0,0.500240901698979,0.72829377632013,2.3205965682285,2077.53616786003,"OK",97,0.1321,0.0103
20,"null","moderate","array_rn",320,-0.179515853428882,-0.312428495898861,-0.132912642469979,1.26539808122279,1,0,-0.286851149909625,-0.0255773459892363,0.247625,0,0.32411833240209,0.63638921772206,2.95596695124593,2071.4910390377,"OK",97,0.1335,0
21,"null","moderate","array_rn",321,-0.179515853428882,0.174472149457118,0.353988002886,1.22771656071823,1,0,-0.0390285015880259,0.213500651045144,0.127625,0,0.0492963565695874,0.523161714762561,3.02652205759646,1982.54903435707,"OK",97,0.1561,0.0103
22,"null","moderate","array_rn",322,-0.179515853428882,-0.093194023701648,0.0863218297272343,0.719420379470619,1,0,-0.0465926382276676,-0.0466013854739804,0.164,0,0.292933211937536,0.5949125735023,3.20533837754718,2258.95374035835,"OK",97,0.1504,0
23,"null","moderate","array_rn",323,-0.179515853428882,-0.0221010860191922,0.15741476740969,0.69483084529704,1,0,0.114240710245761,-0.136341796264954,0.129875,0,0.588820914060088,0.781724853965728,3.57048267190984,2059.13567137718,"OK",97,0.1386,0
24,"null","moderate","array_rn",324,-0.179515853428882,0.428714915324802,0.608230768753685,0.916453542936398,0,0,0.0265388950437751,0.402176020281027,0.1725,0,-0.315796568072896,0.379626035824487,3.89394500508204,2173.4312889576,"OK",97,0.1552,0.0206
25,"null","moderate","array_rn",325,-0.179515853428882,-0.107237937725196,0.0722779157036861,0.947003157874686,1,0,0.00429205141517724,-0.111529989140373,0.16925,0,0.558521768762998,0.756200392012265,3.43431691183553,2144.36410140991,"OK",97,0.1656,0.0103
26,"null","moderate","array_rn",326,-0.179515853428882,0.375001967277014,0.554517820705896,1.00768130899391,0,0,0.221385943052301,0.153616024224713,0.2755,0,-0.381153230263601,0.325724349395486,3.2879883602278,2488.68646717072,"OK",97,0.1364,0
27,"null","moderate","array_rn",327,-0.179515853428882,-0.169504515404292,0.0100113380245905,1.04185356352753,1,0,0.297709456440627,-0.467213971844919,0.054125,0,0.200114365190241,0.554251004288847,2.16377768374499,2418.45512986183,"OK",97,0.1585,0.0206
28,"null","moderate","array_rn",328,-0.179515853428882,-0.336539368105635,-0.157023514676753,0.687014973199906,1,1,-0.108192500581584,-0.228346867524051,0.245125,0,0.341219684091689,0.629465931805391,3.94924925667312,2372.0878777504,"OK",97,0.125,0
29,"null","moderate","array_rn",329,-0.179515853428882,-0.145113071336825,0.0344027820920574,1.03749509426985,1,0,-0.155817316200678,0.0107042448638534,0.170375,0,0.0708323449046137,0.499490578121058,2.72411438676432,2175.18860888481,"OK",97,0.1138,0
30,"null","moderate","array_rn",330,-0.179515853428882,-0.0559008475252699,0.123615005903612,0.79515353590039,1,0,0.0431678611554265,-0.0990687086806964,0.120875,0,0.248514279226397,0.575253740612083,3.69987209276322,2411.39415574074,"OK",97,0.1244,0.0103
1,"varying","moderate","array_rn",331,-0.179515853428882,0.186879274978388,0.366395128407271,0.957536903891194,1,0,0.0495243902143325,0.137354884764056,0.153375,0,0.11441323112247,0.48848221389897,2.52985951263428,2420.27683162689,"OK",97,0.1386,0.0103
2,"varying","moderate","array_rn",332,-0.179515853428882,-0.16272649639661,0.0167893570322722,0.770018155398453,1,0,-0.0175904365382889,-0.145136059858321,0.1675,0,0.294777279698935,0.601855265966737,2.91092701389932,2255.61306166649,"OK",97,0.1473,0
3,"varying","moderate","array_rn",333,-0.179515853428882,-0.313860182033637,-0.134344328604755,0.88550804735585,1,0,-0.525729993385318,0.211869811351681,0.179875,0,-0.0131860598986281,0.434405868540045,2.94113958121491,2186.91217756271,"OK",97,0.1343,0
4,"varying","moderate","array_rn",334,-0.179515853428882,-0.29680669838235,-0.117290844953468,0.742755740426827,1,0,-0.0608095624292481,-0.235997135953102,0.187625,0,0.490764425004104,0.735479050631683,3.78316335617956,2363.01157283783,"OK",97,0.1538,0.0103
5,"varying","moderate","array_rn",335,-0.179515853428882,-0.397442363863296,-0.217926510434414,1.01260345308425,1,0,0.118395813101709,-0.515838176965005,0.116125,0,0.470381866662204,0.695404529488249,3.21016386834497,2407.89869809151,"OK",97,0.1281,0
6,"varying","moderate","array_rn",336,-0.179515853428882,-0.256296254170512,-0.0767804007416302,0.926302726894743,1,0,0.0172516479140337,-0.273547902084546,0.112625,0,-0.203525684567738,0.42275223660463,3.22746866900329,2480.6288485527,"OK",97,0.153,0.0103
7,"varying","moderate","array_rn",337,-0.179515853428882,-0.0935262402092327,0.0859896132196496,0.952959688886923,1,0,0.0104313485728476,-0.10395758878208,0.145625,0,0.101911878019056,0.503177822197209,3.55055765042022,2380.42015004158,"OK",97,0.1399,0
8,"varying","moderate","array_rn",338,-0.179515853428882,-0.281922099917033,-0.102406246488151,0.916360062265911,1,0,0.0590707374668479,-0.340992837383881,0.10475,0,0.446389397523261,0.676711172349551,3.41129492334242,1557.92784309387,"OK",97,0.1222,0.0103
9,"varying","moderate","array_rn",339,-0.179515853428882,-0.074393951425806,0.105121902003076,1.11464231441529,1,0,0.203527759266146,-0.277921710691952,0.1185,0,0.182816361669583,0.541292282015952,3.09309392312142,1970.04115700722,"OK",97,0.1316,0.0103
10,"varying","moderate","array_rn",340,-0.179515853428882,0.206844226710234,0.386360080139116,1.40788432960522,1,0,-0.110456328181662,0.317300554891896,0.11,0,-0.273747700285233,0.390319043645326,3.3890585976137,2184.48553538322,"OK",97,0.1314,0.0103
11,"varying","moderate","array_rn",341,-0.179515853428882,0.10815978582879,0.287675639257672,1.13417124022362,1,0,0.0980242769357133,0.0101355088930764,0.196,0,-0.0558842249693742,0.516020105183489,2.96350216847173,2161.69122171402,"OK",97,0.1504,0.0206
12,"varying","moderate","array_rn",342,-0.179515853428882,0.45432299575482,0.633838849183702,1.41000712135959,0,0,0.28147158414901,0.17285141160581,0.2775,0,-0.0613158902453879,0.503318519668536,2.86751402520766,1892.04073619843,"OK",97,0.1187,0.0103
13,"varying","moderate","array_rn",343,-0.179515853428882,-0.267110549854838,-0.0875946964259558,1.01185910965944,1,0,0.182052825613026,-0.449163375467865,0.074375,0,0.200194305089286,0.558418560422286,3.18884035099278,2133.27269387245,"OK",97,0.1667,0.0515
14,"varying","moderate","array_rn",344,-0.179515853428882,0.0338153820231654,0.213331235452048,1.02328826035169,1,0,-0.0815910612555754,0.115406443278741,0.170125,0,0.637106809146593,0.815846416580954,2.66878394330025,1450.76687669754,"OK",97,0.1466,0.0206
15,"varying","moderate","array_rn",345,-0.179515853428882,-0.206087726184984,-0.0265718727561017,0.722191825708558,1,0,-0.199662591641845,-0.00642513454313899,0.23175,0,0.438138179714158,0.698713345882901,3.1518323637771,1470.42749118805,"OK",97,0.1299,0.0103
16,"varying","moderate","array_rn",346,-0.179515853428882,-0.558487755803112,-0.37897190237423,1.05236790373123,1,1,-0.0843139712542089,-0.474173784548904,0.177125,0,0.518072292053553,0.726129946243863,2.74335506886983,2109.90498232841,"OK",97,0.1366,0.0103
17,"varying","moderate","array_rn",347,-0.179515853428882,-0.500973436259867,-0.321457582830985,1.09774328923128,1,0,-0.149920876820919,-0.351052559438949,0.209875,0,0.615375627679287,0.780055890857575,2.47739408836249,2138.20543670654,"OK",97,0.1301,0
18,"varying","moderate","array_rn",348,-0.179515853428882,0.0462320768157343,0.225747930244617,1.15714564880356,1,0,0.0521950539753433,-0.00596297715960901,0.152375,0,-0.325172073958849,0.370674765665936,2.84589562774596,2089.75431108475,"OK",97,0.1392,0.0206
19,"varying","moderate","array_rn",349,-0.179515853428882,-0.0821918453626889,0.0973240080661934,0.879137470094133,1,0,0.0499644308746046,-0.132156276237294,0.1315,0,0.6453749542734,0.792650740359797,2.23061162237547,2296.94276952744,"OK",97,0.1484,0.0309
20,"varying","moderate","array_rn",350,-0.179515853428882,-0.917231498872953,-0.737715645444071,1.57700620617882,1,1,0.0666457869919913,-0.983877285864945,0.020625,0,0.14547832151603,0.547895359894428,3.50553242521259,2257.67322969437,"OK",97,0.1592,0.0206
21,"varying","moderate","array_rn",351,-0.179515853428882,-0.25867866924405,-0.0791628158151679,1.16513602035219,1,0,-0.321628504993672,0.0629498357496213,0.199125,0,0.671138155493347,0.815783345300705,2.62071705895531,2255.34875488281,"OK",97,0.1669,0.0206
22,"varying","moderate","array_rn",352,-0.179515853428882,0.324944012483585,0.504459865912467,1.12445785386768,1,0,0.25634460334139,0.068599409142195,0.264625,0,0.0629842729669759,0.539463214888703,2.93305093807935,2283.7033393383,"OK",97,0.1572,0.0103
23,"varying","moderate","array_rn",353,-0.179515853428882,-0.333447466347163,-0.153931612918281,0.984661314837972,1,0,-0.082947574760509,-0.250499891586654,0.158,0,0.630718526005081,0.804377146849347,2.35991037762381,1508.27704811096,"OK",97,0.1351,0
24,"varying","moderate","array_rn",354,-0.179515853428882,0.136997202016355,0.316513055445237,0.937109354490608,1,0,0.0863968384550586,0.0506003635612964,0.218125,0,0.469343930347165,0.713331327990064,3.84598249022604,1590.65325737,"OK",97,0.1421,0.0103
25,"varying","moderate","array_rn",355,-0.179515853428882,-0.173113928829769,0.00640192459911371,1.02922866633318,1,0,0.0841987473481418,-0.25731267617791,0.10575,0,0.611781602272249,0.784548506666149,2.92712173740366,1648.28689813614,"OK",97,0.1419,0.0103
26,"varying","moderate","array_rn",356,-0.179515853428882,-0.531666707117041,-0.352150853688159,1.26966481796402,1,0,0.0248883783643532,-0.556555085481394,0.0955,0,0.533172725788818,0.753803683362767,2.4615767356191,1591.06430482864,"OK",97,0.1416,0.0103
27,"varying","moderate","array_rn",357,-0.179515853428882,-0.245422377930218,-0.065906524501336,0.837103790465806,1,0,-0.181390930141533,-0.0640314477886852,0.23475,0,0.462657062786259,0.69570047934173,3.41199644186571,1717.1056933403,"OK",97,0.1459,0.0103
28,"varying","moderate","array_rn",358,-0.179515853428882,-0.361394131459037,-0.181878278030155,0.932800610292876,1,0,0.0358371688366979,-0.397231300295735,0.08775,0,0.273156029618767,0.599031613266316,3.55050268996719,1498.1102449894,"OK",97,0.1129,0
29,"varying","moderate","array_rn",359,-0.179515853428882,-0.0646935506100321,0.11482230281885,1.26385073599235,1,0,0.1007020759854,-0.165395626595432,0.132375,0,0.480575029317842,0.722675580740942,1.74097283796381,1859.78134131432,"OK",97,0.1421,0.0103
30,"varying","moderate","array_rn",360,-0.179515853428882,-0.289962144352257,-0.110446290923375,0.974079298848645,1,0,-0.0661151942812234,-0.223846950071034,0.180625,0,0.29958109537282,0.607221176424926,3.3829658034495,2488.924431324,"OK",97,0.1357,0.0103
1,"null","bobcat_baseline","camera_occ",361,-0.179515853428882,-0.00489693026965973,0.174618923159223,1.21654472118143,1,0,0.116574468362645,-0.121471398632305,0.144,0,0.717738211561881,0.835645946942498,1.00937694568792,2089.09193944931,"OK",NA,NA,NA
2,"null","bobcat_baseline","camera_occ",362,-0.179515853428882,-0.48938073063854,-0.309864877209657,1.29293123044342,1,0,-0.132437734162314,-0.356942996476226,0.20825,0,0.631797305885944,0.78793980088882,0.94697399270789,2001.79552531242,"OK",NA,NA,NA
3,"null","bobcat_baseline","camera_occ",363,-0.179515853428882,-0.514883348888859,-0.335367495459977,1.19217217898392,1,1,-0.358254176752182,-0.156629172136677,0.369625,0,0.518426515412106,0.759863377903705,1.00501203561578,2042.94878339767,"OK",NA,NA,NA
4,"null","bobcat_baseline","camera_occ",364,-0.179515853428882,-0.410320492963044,-0.230804639534162,1.41359194685424,1,0,-0.0293748050340091,-0.380945687929035,0.12825,0,0.513810086427582,0.759315142929224,1.09613882316355,1869.09970402718,"OK",NA,NA,NA
5,"null","bobcat_baseline","camera_occ",365,-0.179515853428882,0.0706484924526343,0.250164345881517,1.4008939787208,1,0,0.196915217206686,-0.126266724754051,0.16175,0,0.380192492776275,0.65595101787343,1.12053540835757,1972.82581853867,"OK",NA,NA,NA
6,"null","bobcat_baseline","camera_occ",366,-0.179515853428882,0.235516411079061,0.415032264507943,3.71496397704998,1,0,0.0698103524173544,0.165706058661707,0.188625,0,0.614249945022284,0.800549205301869,3.92380033152838,2076.36481642723,"OK",NA,NA,NA
7,"null","bobcat_baseline","camera_occ",367,-0.179515853428882,-0.694603893035018,-0.515088039606136,1.61056584945846,1,1,-0.331702679685392,-0.362901213349626,0.311625,0,0.337209801295251,0.624429932659279,1.16467410348572,1669.4286365509,"OK",NA,NA,NA
8,"null","bobcat_baseline","camera_occ",368,-0.179515853428882,-0.236153798470927,-0.0566379450420448,1.86407931200772,1,0,-0.0811327812111442,-0.155021017259783,0.181875,0,0.386804085068299,0.646592210211725,1.85923726384502,2057.15413546562,"OK",NA,NA,NA
9,"null","bobcat_baseline","camera_occ",369,-0.179515853428882,0.0315467642875554,0.211062617716438,1.76690490668186,1,0,0.136668184676837,-0.105121420389281,0.1775,0,0.521642946220806,0.72681887868967,1.06244694462171,2071.64955615997,"OK",NA,NA,NA
10,"null","bobcat_baseline","camera_occ",370,-0.179515853428882,-1.72034938210861,-1.54083352867973,5.81218483533405,1,0,0.208321265427378,-1.92867064753599,0.059875,0,0.679276893199862,0.831056298395079,13.0019106475326,1792.05123829842,"OK",NA,NA,NA
11,"null","bobcat_baseline","camera_occ",371,-0.179515853428882,-0.10917834243716,0.070337510991722,0.9032880502931,1,0,-0.0434143966751075,-0.0657639457620529,0.14825,0,0.677078874584077,0.841171961419783,0.96546838295013,1813.42088365555,"OK",NA,NA,NA
12,"null","bobcat_baseline","camera_occ",372,-0.179515853428882,-0.24506058108236,-0.065544727653478,1.07849327159282,1,0,0.0253964862792083,-0.270457067361569,0.1475,0,0.474795264012217,0.712293077684411,1.05493792694334,2052.00389099121,"OK",NA,NA,NA
13,"null","bobcat_baseline","camera_occ",373,-0.179515853428882,-0.180399537841332,-0.00088368441244957,0.561505382290627,1,0,-0.1157500282611,-0.0646495095802316,0.2115,0,0.310288297066475,0.599550738419143,1.1979429153496,2058.2624001503,"OK",NA,NA,NA
14,"null","bobcat_baseline","camera_occ",374,-0.179515853428882,-0.591857291695823,-0.41234143826694,1.31737718093844,1,1,-0.130792327171514,-0.461064964524309,0.16975,0,0.702911035388081,0.83918764191038,1.04603617081787,2843.73526883125,"OK",NA,NA,NA
15,"null","bobcat_baseline","camera_occ",375,-0.179515853428882,-0.137872060887001,0.0416437925418814,2.12251545674046,1,0,-0.0421892324721281,-0.0956828284148728,0.153,0,0.26545889293066,0.59861922412622,1.33598225593702,2444.99189376831,"OK",NA,NA,NA
16,"null","bobcat_baseline","camera_occ",376,-0.179515853428882,-0.429211776742566,-0.249695923313684,0.871302988382878,1,1,-0.430217434913746,0.0010056581711796,0.345625,0,0.67899852217784,0.819150381338664,0.914038827653712,2789.85800647736,"OK",NA,NA,NA
17,"null","bobcat_baseline","camera_occ",377,-0.179515853428882,-0.589889741954949,-0.410373888526067,1.14685004084473,1,1,-0.0843165748629213,-0.505573167092028,0.147375,0,0.592348432420578,0.77139086727862,0.984170962751068,2190.94823265076,"OK",NA,NA,NA
18,"null","bobcat_baseline","camera_occ",378,-0.179515853428882,-0.182774389391614,-0.0032585359627316,0.905412443059927,1,0,0.0226214048635282,-0.205395794255142,0.1455,0,0.398850227974582,0.661370296337984,1.06422394358509,2204.80766391754,"OK",NA,NA,NA
19,"null","bobcat_baseline","camera_occ",379,-0.179515853428882,-0.677744040151446,-0.498228186722564,1.74581110700121,1,0,0.166966913438966,-0.844710953590412,0.046125,0,0.320976599794625,0.613086805488172,1.24535405987917,1865.71334528923,"OK",NA,NA,NA
20,"null","bobcat_baseline","camera_occ",380,-0.179515853428882,-0.340185593136723,-0.16066973970784,1.00779200982704,1,0,-0.171948071827322,-0.168237521309401,0.236625,0,0.363150755380751,0.649280017077762,1.11379490437557,1862.05251932144,"OK",NA,NA,NA
21,"null","bobcat_baseline","camera_occ",381,-0.179515853428882,-0.235266951913975,-0.0557510984850924,1.19641072895138,1,0,0.0377729865445683,-0.273039938458543,0.12875,0,0.558663743434313,0.760324283413224,1.11238598677703,2111.91684031487,"OK",NA,NA,NA
22,"null","bobcat_baseline","camera_occ",382,-0.179515853428882,-0.166886796933086,0.0126290564957962,1.69891080026823,1,0,-0.0198577313948798,-0.147029065538206,0.17225,0,0.674513728735919,0.81857303654253,1.17231207251111,2132.09285116196,"OK",NA,NA,NA
23,"null","bobcat_baseline","camera_occ",383,-0.179515853428882,-1.1406334488685,-0.961117595439617,2.62066098501699,1,1,-0.216995736223105,-0.923637712645395,0.151375,0,0.336640524059497,0.634996797919618,1.21755016145697,2173.22069168091,"OK",NA,NA,NA
24,"null","bobcat_baseline","camera_occ",384,-0.179515853428882,-0.617343634511628,-0.437827781082746,1.43545155043642,1,0,0.22674604394648,-0.844089678458108,0.022125,0,0.55632293263471,0.761968988336665,1.04472499051133,2263.87990856171,"OK",NA,NA,NA
25,"null","bobcat_baseline","camera_occ",385,-0.179515853428882,-0.444267769998193,-0.264751916569311,0.964674920067227,1,1,-0.10959481682776,-0.334672953170433,0.200625,0,0.307630644068249,0.610185526596674,1.16062205505104,1900.33413982391,"OK",NA,NA,NA
26,"null","bobcat_baseline","camera_occ",386,-0.179515853428882,0.0649061505381314,0.244422003967014,1.76049392259894,1,0,-0.0970819854220481,0.161988135960179,0.150375,0,0.421879170465896,0.678598459120107,1.08713309143732,2192.43607616425,"OK",NA,NA,NA
27,"null","bobcat_baseline","camera_occ",387,-0.179515853428882,-0.467786245759444,-0.288270392330562,0.913055901923852,1,1,-0.0723629739816834,-0.395423271777761,0.160375,0,0.450878182349754,0.668089813503076,1.02859923929948,2215.86119627953,"OK",NA,NA,NA
28,"null","bobcat_baseline","camera_occ",388,-0.179515853428882,-0.423239765198859,-0.243723911769976,2.00124366737562,1,0,-0.0498507507529278,-0.373389014445931,0.134625,0,0.298910574823978,0.618384793029168,1.5734379974391,2207.12344646454,"OK",NA,NA,NA
29,"null","bobcat_baseline","camera_occ",389,-0.179515853428882,-0.535039000766351,-0.355523147337469,1.2631511386169,1,1,-0.110542335877504,-0.424496664888847,0.167375,0,0.282020413864262,0.599274195113431,1.33392005517686,1643.45510697365,"OK",NA,NA,NA
30,"null","bobcat_baseline","camera_occ",390,-0.179515853428882,0.156236278857168,0.335752132286051,2.22634556102841,1,0,0.0421833378871983,0.11405294096997,0.1695,0,0.283058991365577,0.608312794736944,1.25470339109252,2109.03801345825,"OK",NA,NA,NA
1,"varying","bobcat_baseline","camera_occ",391,-0.179515853428882,-0.0968436540445953,0.082672199384287,1.05371709435286,1,0,-0.0857634997067119,-0.0110801543378834,0.182375,0,0.258411470296717,0.5831230957325,1.21042726445968,1847.70462465286,"OK",NA,NA,NA
2,"varying","bobcat_baseline","camera_occ",392,-0.179515853428882,0.0077948516953564,0.187310705124239,1.31321199956542,1,0,0.0888400023137018,-0.0810451506183454,0.140375,0,0.206052759980718,0.560349511925324,1.27531161818573,2037.60811471939,"OK",NA,NA,NA
3,"varying","bobcat_baseline","camera_occ",393,-0.179515853428882,-1.55171326098454,-1.37219740755566,3.02917023151984,0,1,-0.732419426981438,-0.819293834003102,0.336125,0,0.362971607935046,0.662209629529003,1.59113900281601,2372.73932862282,"OK",NA,NA,NA
4,"varying","bobcat_baseline","camera_occ",394,-0.179515853428882,-0.086704949604923,0.0928109038239593,5.1829295288912,1,0,-0.127879829206079,0.0411748796011564,0.215125,0,0.0892682777401589,0.522841506724369,1.45719401729209,1920.922757864,"OK",NA,NA,NA
5,"varying","bobcat_baseline","camera_occ",395,-0.179515853428882,-0.472010485490181,-0.292494632061299,3.70065544114898,1,0,-0.0533153626237926,-0.418695122866388,0.166875,0,0.298872728803997,0.618554600322149,1.32045146628325,2194.70806598663,"OK",NA,NA,NA
6,"varying","bobcat_baseline","camera_occ",396,-0.179515853428882,-0.556557997989405,-0.377042144560523,1.63773124023756,1,0,-0.203310429577634,-0.353247568411771,0.218875,0,0.440169137245554,0.681053387412913,1.1240400494746,2416.13881206512,"OK",NA,NA,NA
7,"varying","bobcat_baseline","camera_occ",397,-0.179515853428882,-0.309675500043521,-0.130159646614638,0.935087762114294,1,0,-0.095988734995729,-0.213686765047792,0.1995,0,0.163845935953794,0.537304236449378,1.18326973159472,2237.81764531136,"OK",NA,NA,NA
8,"varying","bobcat_baseline","camera_occ",398,-0.179515853428882,-0.362412438448407,-0.182896585019525,0.84658219080063,1,1,-0.246901119447241,-0.115511319001166,0.3135,0,0.362058382350822,0.644083913912554,1.34205038544661,2132.40598893166,"OK",NA,NA,NA
9,"varying","bobcat_baseline","camera_occ",399,-0.179515853428882,0.132224525877333,0.311740379306215,1.44319109537018,1,0,0.0536475950306977,0.0785769308466348,0.14925,0,-0.407596601885854,0.279565875526403,1.82014059244089,1931.29400038719,"OK",NA,NA,NA
10,"varying","bobcat_baseline","camera_occ",400,-0.179515853428882,-0.178782283717483,0.000733569711399568,1.34894125593217,1,0,-0.0344149896669807,-0.144367294050502,0.16675,0,0.530110484250005,0.732684507752916,1.25897151317607,2215.59224820137,"OK",NA,NA,NA
11,"varying","bobcat_baseline","camera_occ",401,-0.179515853428882,0.856272487253622,1.0357883406825,3.7530125759026,1,0,0.714174101959001,0.142098385294621,0.3265,0,0.698474731658334,0.825365328261756,1.76406398836884,1628.1670422554,"OK",NA,NA,NA
12,"varying","bobcat_baseline","camera_occ",402,-0.179515853428882,-1.12542896839823,-0.945913114969348,2.32817819486035,1,1,0.0491130606148913,-1.17454202901312,0.025375,0,-0.0610783627891905,0.41873022957946,1.22296824566045,2425.49242568016,"OK",NA,NA,NA
13,"varying","bobcat_baseline","camera_occ",403,-0.179515853428882,-1.24021555345507,-1.06069970002619,2.49677630100943,1,1,0.120716894063546,-1.36093244751862,0.021375,0,0.590422901942726,0.791001183799414,1.17044474649646,2416.20797348022,"OK",NA,NA,NA
14,"varying","bobcat_baseline","camera_occ",404,-0.179515853428882,-0.641727745332142,-0.46221189190326,3.81783341640463,1,0,-0.321517313018067,-0.320210432314075,0.222125,0,-0.0490568574655891,0.431082497234567,1.27053029963453,2064.55141973495,"OK",NA,NA,NA
15,"varying","bobcat_baseline","camera_occ",405,-0.179515853428882,-0.390083394921521,-0.210567541492639,1.30816698934033,1,0,-0.00474144768904546,-0.385341947232476,0.130125,0,0.337286407025658,0.609224902482097,1.38551600417484,1621.36918830872,"OK",NA,NA,NA
16,"varying","bobcat_baseline","camera_occ",406,-0.179515853428882,-1.19366650722317,-1.01415065379429,5.32789704905421,1,0,-0.387600076741624,-0.806066430481546,0.207875,0,0.2556253395983,0.577931844204234,3.35941208054187,2391.51183915138,"OK",NA,NA,NA
17,"varying","bobcat_baseline","camera_occ",407,-0.179515853428882,-0.105645305338468,0.073870548090414,2.72849828188549,1,0,-0.0588289272099819,-0.0468163781284864,0.175875,0,0.540947991024739,0.72886141784238,3.40398693909619,2557.93774962425,"OK",NA,NA,NA
18,"varying","bobcat_baseline","camera_occ",408,-0.179515853428882,0.149711917103603,0.329227770532485,5.63998596330486,1,0,-0.0356173677525384,0.185329284856142,0.219,0,0.682500649561773,0.816549903937589,21.9608849825128,1760.64606523514,"OK",NA,NA,NA
19,"varying","bobcat_baseline","camera_occ",409,-0.179515853428882,-0.553536915022967,-0.374021061594085,1.24107334263574,1,1,0.16569790946376,-0.719234824486727,0.032125,0,0.440793235907964,0.675978575171263,1.09307064440921,2563.05330061913,"OK",NA,NA,NA
20,"varying","bobcat_baseline","camera_occ",410,-0.179515853428882,-0.311555593820945,-0.132039740392063,1.97109401770557,1,0,-0.0545946570387306,-0.256960936782214,0.164375,0,0.519331453663704,0.715601894079062,1.08286923664267,1748.14128804207,"OK",NA,NA,NA
21,"varying","bobcat_baseline","camera_occ",411,-0.179515853428882,-0.0938047454471799,0.0857111079817024,2.10711975137258,1,0,-0.159610654812573,0.0658059093653932,0.188875,0,0.688473331788395,0.846086669642337,2.0088547712192,2655.53914809227,"OK",NA,NA,NA
22,"varying","bobcat_baseline","camera_occ",412,-0.179515853428882,-0.482800219635287,-0.303284366206404,2.95389518165282,1,0,0.049696936101235,-0.532497155736522,0.12675,0,0.300736160390952,0.601336140813911,1.48515097692805,2544.76661753654,"OK",NA,NA,NA
23,"varying","bobcat_baseline","camera_occ",413,-0.179515853428882,0.434292152684913,0.613808006113796,1.72010103088758,1,0,0.117104848152222,0.317187304532692,0.188625,0,0.623255229952081,0.787362456092686,0.94448477794348,2681.02357792854,"OK",NA,NA,NA
24,"varying","bobcat_baseline","camera_occ",414,-0.179515853428882,-0.147045413925924,0.0324704395029583,1.59392178314345,1,0,-0.0657960905234058,-0.0812493234025182,0.18,0,0.526641987086284,0.728764385103534,1.03132003630601,2862.1980919838,"OK",NA,NA,NA
25,"varying","bobcat_baseline","camera_occ",415,-0.179515853428882,0.0538344762666352,0.233350329695517,1.78739581810327,1,0,0.0485625077329517,0.00527196853368343,0.172625,0,0.528245577934613,0.734736750179511,1.03989496331427,2696.84210753441,"OK",NA,NA,NA
26,"varying","bobcat_baseline","camera_occ",416,-0.179515853428882,-0.0901467381126167,0.0893691153162656,1.98033805814825,1,0,0.182666293018887,-0.272813031131504,0.151875,0,0.295022870072562,0.618549748685206,1.45211242244194,2810.65554666519,"OK",NA,NA,NA
27,"varying","bobcat_baseline","camera_occ",417,-0.179515853428882,-0.338052503438199,-0.158536650009316,1.00030601038668,1,0,-0.268250969212734,-0.0698015342254651,0.26775,0,0.6301754893177,0.785785674086437,0.979360705040626,2699.23431921005,"OK",NA,NA,NA
28,"varying","bobcat_baseline","camera_occ",418,-0.179515853428882,-0.409024875139889,-0.229509021711007,2.07570742689399,1,0,0.0636078022600861,-0.472632677399975,0.104375,0,0.292306532500362,0.609661549806905,1.65483727668364,2731.13897585869,"OK",NA,NA,NA
29,"varying","bobcat_baseline","camera_occ",419,-0.179515853428882,0.289500149187031,0.469016002615914,2.33048388823803,1,0,0.00379752162516876,0.285702627561863,0.168875,0,-0.428635013640517,0.315380659434493,3.80719940691413,2402.89149403572,"OK",NA,NA,NA
30,"varying","bobcat_baseline","camera_occ",420,-0.179515853428882,-0.217402719476495,-0.0378868660476127,0.865614476666437,1,0,0.0923996931393925,-0.309802412615888,0.110375,0,0.385435056189638,0.670045023190825,1.24781871680569,2469.3780362606,"OK",NA,NA,NA
1,"null","common_deerlike","camera_occ",421,-0.179515853428882,0.204316074961466,0.383831928390349,1.33981211993542,1,0,0.0358401338644128,0.168475941097054,0.174625,0,-0.174516574000022,0.404461565332143,1.63337639682455,2405.81475567818,"OK",NA,NA,NA
2,"null","common_deerlike","camera_occ",422,-0.179515853428882,-1.69063241150664,-1.51111655807776,4.07907661647203,1,1,-0.770183359447687,-0.920449052058954,0.308625,0,0.332783676397646,0.662015564051311,4.23782596719024,2435.17474412918,"OK",NA,NA,NA
3,"null","common_deerlike","camera_occ",423,-0.179515853428882,0.0243622955298108,0.203878148958693,1.46446004357764,1,0,-0.0213532917616626,0.0457155872914734,0.157875,0,0.157261946730982,0.537503153564012,1.19903786907459,2281.36083245277,"OK",NA,NA,NA
4,"null","common_deerlike","camera_occ",424,-0.179515853428882,0.0138008841660962,0.193316737594978,1.16436353278815,1,0,-0.0670162534264687,0.0808171375925648,0.163875,0,0.229722167414154,0.573895282268237,1.33817019330917,2366.80105471611,"OK",NA,NA,NA
5,"null","common_deerlike","camera_occ",425,-0.179515853428882,-0.4449252688008,-0.265409415371918,1.30934276062642,1,0,-0.232652637835447,-0.212272630965353,0.278625,0,0.328036557620277,0.619723844825244,1.19106939679755,2374.82749414444,"OK",NA,NA,NA
6,"null","common_deerlike","camera_occ",426,-0.179515853428882,-0.166756072875212,0.01275978055367,0.787942247173831,1,0,0.0139533768437576,-0.18070944971897,0.142375,0,0.38627201266625,0.662282404083138,1.16243893640464,2473.3314166069,"OK",NA,NA,NA
7,"null","common_deerlike","camera_occ",427,-0.179515853428882,-0.381390810690425,-0.201874957261542,1.17356698991128,1,0,-0.0142099760803397,-0.367180834610085,0.127875,0,0.460610011479318,0.703142890411225,1.11060899361235,2470.97458100319,"OK",NA,NA,NA
8,"null","common_deerlike","camera_occ",428,-0.179515853428882,-0.348738556211481,-0.169222702782599,1.14919479353386,1,0,0.176067889043478,-0.524806445254959,0.054625,0,0.423182205247029,0.668686564846979,1.0842796033821,2582.70248985291,"OK",NA,NA,NA
9,"null","common_deerlike","camera_occ",429,-0.179515853428882,-0.299930398330933,-0.120414544902051,1.1395001449953,1,0,-0.0969434085266911,-0.202986989804242,0.176875,0,0.71556143224151,0.852136660909391,0.883743452019244,2642.41903591156,"OK",NA,NA,NA
10,"null","common_deerlike","camera_occ",430,-0.179515853428882,-0.147961804349913,0.0315540490789689,1.26921727605271,1,0,0.19297291192076,-0.340934716270673,0.092375,0,0.602504310094226,0.770604902093966,1.04853780067103,2598.47180891037,"OK",NA,NA,NA
11,"null","common_deerlike","camera_occ",431,-0.179515853428882,-0.499826313468022,-0.320310460039139,1.16850514701567,1,0,-0.0769540112074123,-0.422872302260609,0.1475,0,0.113799920419165,0.513181897572241,1.19324137438611,2660.32720732689,"OK",NA,NA,NA
12,"null","common_deerlike","camera_occ",432,-0.179515853428882,0.339722067975192,0.519237921404075,1.9737528764092,1,0,-0.00727352155263397,0.346995589527826,0.152875,0,-0.12093962578798,0.441261231539521,1.6558174587382,2575.18537330627,"OK",NA,NA,NA
13,"null","common_deerlike","camera_occ",433,-0.179515853428882,-0.841823505691423,-0.66230765226254,3.13151582711711,1,0,-0.445175943505476,-0.396647562185947,0.31125,0,0.130493878378216,0.520255584234121,3.50295764089194,2482.99833464622,"OK",NA,NA,NA
14,"null","common_deerlike","camera_occ",434,-0.179515853428882,-0.378934172398233,-0.199418318969351,1.51838173740062,1,0,0.13069526881063,-0.509629441208863,0.072,0,0.31725969103766,0.633065846416581,1.1381346713987,2579.37783908844,"OK",NA,NA,NA
15,"null","common_deerlike","camera_occ",435,-0.179515853428882,-1.2466648335525,-1.06714898012362,1.71899577167861,0,1,-0.285225656948989,-0.961439176603512,0.158375,0,0.693378791516791,0.832390498554212,0.945853070933446,2523.98887109756,"OK",NA,NA,NA
16,"null","common_deerlike","camera_occ",436,-0.179515853428882,0.0584004575292194,0.237916310958102,1.52963757241675,1,0,0.172134254589656,-0.113733797060437,0.169625,0,0.699874697774845,0.830993227114829,0.879354677445161,2694.05174398422,"OK",NA,NA,NA
17,"null","common_deerlike","camera_occ",437,-0.179515853428882,0.499307470336439,0.678823323765321,1.82159217832699,1,0,-0.0205289359549183,0.519836406291357,0.10275,0,0.0784087301871637,0.571673232548662,1.44624566005487,2735.77517461777,"OK",NA,NA,NA
18,"null","common_deerlike","camera_occ",438,-0.179515853428882,0.0815218664706134,0.261037719899496,0.783948990068068,1,0,0.101734038037231,-0.0202121715666181,0.181125,0,0.42523398530276,0.687297444157659,1.16768295899037,2641.25647997856,"OK",NA,NA,NA
19,"null","common_deerlike","camera_occ",439,-0.179515853428882,-0.144828943707616,0.0346869097212661,0.944543393640585,1,0,0.0037715498829363,-0.148600493590552,0.16,0,0.56134406236742,0.750868443012673,1.13759897922364,1853.24494075775,"OK",NA,NA,NA
20,"null","common_deerlike","camera_occ",440,-0.179515853428882,0.0106692661396518,0.190185119568534,1.08958107880523,1,0,-0.068299538547416,0.0789688046870677,0.125,0,0.67595575667218,0.815472840536397,0.971540880384169,2487.78768539429,"OK",NA,NA,NA
21,"null","common_deerlike","camera_occ",441,-0.179515853428882,-0.1139182473303,0.0655976060985823,1.62717506404181,1,0,-0.232421551076356,0.118503303746055,0.170875,0,0.0402980445405497,0.469565681460925,1.33471848175526,2834.78041553497,"OK",NA,NA,NA
22,"null","common_deerlike","camera_occ",442,-0.179515853428882,-0.435217419555417,-0.255701566126535,1.95572345357065,1,0,-0.0634592089922143,-0.371758210563203,0.16325,0,0.287789311062497,0.607686933571387,1.28095235809224,2802.01573109627,"OK",NA,NA,NA
23,"null","common_deerlike","camera_occ",443,-0.179515853428882,0.216578699980961,0.396094553409843,3.2170664188746,1,0,-0.0394195639530397,0.255998263934,0.160375,0,-0.317450860726053,0.359729472724097,1.81395495381252,2706.37116003036,"OK",NA,NA,NA
24,"null","common_deerlike","camera_occ",444,-0.179515853428882,-0.70520879632102,-0.525692942892138,1.64800018281559,1,1,-0.121790892912551,-0.583417903408469,0.1565,0,0.602231982252862,0.764957596693124,1.00268816286629,2761.62558603287,"OK",NA,NA,NA
25,"null","common_deerlike","camera_occ",445,-0.179515853428882,0.0168114708384085,0.196327324267291,1.1644435100446,1,0,-0.178733454365894,0.195544925204302,0.1365,0,-0.0903835250905087,0.482417667721089,1.64007179524901,2527.10451316833,"OK",NA,NA,NA
26,"null","common_deerlike","camera_occ",446,-0.179515853428882,-0.734629080663033,-0.55511322723415,4.71498825848167,1,0,-0.669174557263674,-0.0654545233993589,0.23725,0,0.734002670893495,0.858686370781502,7.26492600913331,2253.221118927,"OK",NA,NA,NA
27,"null","common_deerlike","camera_occ",447,-0.179515853428882,-0.616282209697323,-0.436766356268441,1.10086479548566,1,1,-0.212826540470118,-0.403455669227205,0.26525,0,0.327352219507172,0.623226726697588,1.35233367887038,2355.40618276596,"OK",NA,NA,NA
28,"null","common_deerlike","camera_occ",448,-0.179515853428882,-0.0840942397323746,0.0954216136965077,2.36506607283895,1,0,0.16348142364009,-0.247575663372464,0.156,0,0.546377941127462,0.732010130217935,1.9168732110438,2634.92948627472,"OK",NA,NA,NA
29,"null","common_deerlike","camera_occ",449,-0.179515853428882,-0.457367232252021,-0.277851378823139,1.3972568513629,1,0,-0.112266600522812,-0.345100631729209,0.197875,0,0.165210893299599,0.535145258010053,1.20080720170581,2721.62426185608,"OK",NA,NA,NA
30,"null","common_deerlike","camera_occ",450,-0.179515853428882,-0.287924102893407,-0.108408249464524,2.05748173892686,1,0,-0.233171524414736,-0.0547525784786703,0.214875,0,0.18960415195044,0.5550369694735,1.83175134116346,2715.36775445938,"OK",NA,NA,NA
1,"varying","common_deerlike","camera_occ",451,-0.179515853428882,-0.180256323253192,-0.00074046982431003,1.60186718742239,1,0,-0.277349559696456,0.0970932364432633,0.1925,0,0.507300330545952,0.751945506413864,1.186291736477,2678.52342057228,"OK",NA,NA,NA
2,"varying","common_deerlike","camera_occ",452,-0.179515853428882,-0.459769301448387,-0.280253448019505,1.4686796754284,1,0,-0.233750807616558,-0.226018493831829,0.262625,0,0.281498119552932,0.589420520483611,1.17473833466933,2261.29025053978,"OK",NA,NA,NA
3,"varying","common_deerlike","camera_occ",453,-0.179515853428882,-0.409190837782681,-0.229674984353799,1.24728178654649,1,0,-0.244809540156342,-0.164381297626339,0.284375,0,0.573503134206684,0.752639290496614,1.03185027170456,2211.34532189369,"OK",NA,NA,NA
4,"varying","common_deerlike","camera_occ",454,-0.179515853428882,-0.120751549120852,0.0587643043080303,1.01544632792125,1,0,-0.0731209401607486,-0.0476306089601034,0.14825,0,0.603817539737159,0.780919482233306,0.993765041726757,2742.12796068192,"OK",NA,NA,NA
5,"varying","common_deerlike","camera_occ",455,-0.179515853428882,-0.141375754287517,0.0381400991413649,1.38776405800745,1,0,0.00208845377266877,-0.143464208060186,0.175625,0,0.154393311388412,0.536392128704225,1.62259556693578,2820.46388983727,"OK",NA,NA,NA
6,"varying","common_deerlike","camera_occ",456,-0.179515853428882,-0.191882901205308,-0.012367047776426,1.12508174643879,1,0,-0.0967749023224284,-0.0951079988828799,0.18725,0,0.37334739647194,0.663786411535252,1.15920788553339,2641.83892774582,"OK",NA,NA,NA
7,"varying","common_deerlike","camera_occ",457,-0.179515853428882,-0.102298202682031,0.0772176507468516,0.951927612146918,1,0,-0.15728746117215,0.0549892584901194,0.194125,0,0.11387445832383,0.513254672126375,1.22493306751226,2651.67089986801,"OK",NA,NA,NA
8,"varying","common_deerlike","camera_occ",458,-0.179515853428882,-0.45321361818191,-0.273697764753028,2.27897913536419,1,0,-0.2512839838348,-0.20192963434711,0.2595,0,0.637942066479572,0.793460963729162,0.957889963022101,2545.21102643013,"OK",NA,NA,NA
9,"varying","common_deerlike","camera_occ",459,-0.179515853428882,-0.736709167277947,-0.557193313849065,1.41979043110494,1,1,0.413069658879629,-1.14977882615758,0.00425,0,0.511110884558627,0.72235537270275,1.31874654037123,2654.34718561172,"OK",NA,NA,NA
10,"varying","common_deerlike","camera_occ",460,-0.179515853428882,-0.119692675957145,0.0598231774717376,1.11025225430919,1,0,0.326589374043656,-0.4462820500008,0.06675,0,0.711539687498953,0.85996720293427,0.932595778189064,2706.61532616615,"OK",NA,NA,NA
11,"varying","common_deerlike","camera_occ",461,-0.179515853428882,-0.533223599249423,-0.353707745820541,4.77272192429076,1,0,-0.29793646359712,-0.235287135652303,0.234,0,0.423446758704789,0.686574550253255,6.79424939590083,2431.01753473282,"OK",NA,NA,NA
12,"varying","common_deerlike","camera_occ",462,-0.179515853428882,-0.309644442043081,-0.130128588614199,1.52848776084165,1,0,0.423334146142932,-0.732978588186013,0.03875,0,0.201273565859857,0.552480156804906,1.20279192331776,2459.08686184883,"OK",NA,NA,NA
13,"varying","common_deerlike","camera_occ",463,-0.179515853428882,-0.492727110492898,-0.313211257064016,0.975484613912091,1,1,-0.0771858906395476,-0.41554121985335,0.154375,0,0.623437407002944,0.79823497448039,1.00646769754683,2296.39103126526,"OK",NA,NA,NA
14,"varying","common_deerlike","camera_occ",464,-0.179515853428882,-0.399488613878616,-0.219972760449733,3.93549569687549,1,0,0.128517690121309,-0.528006303999925,0.13525,0,0.0509949872537779,0.48686176716024,2.41607478040733,2666.42806577682,"OK",NA,NA,NA
15,"varying","common_deerlike","camera_occ",465,-0.179515853428882,-0.33434077224606,-0.154824918817177,2.44058385943322,1,0,-0.199665684526138,-0.134675087719922,0.199625,0,0.480448699591678,0.70736381455103,2.38368311753305,1730.84726905823,"OK",NA,NA,NA
16,"varying","common_deerlike","camera_occ",466,-0.179515853428882,-0.575622109454118,-0.396106256025236,1.15988164443317,1,1,-0.224273238745352,-0.351348870708766,0.25325,0,0.361610465647588,0.618671039608764,1.53915345055491,1835.90562534332,"OK",NA,NA,NA
17,"varying","common_deerlike","camera_occ",467,-0.179515853428882,-0.0903237199072665,0.0891921335216158,1.79765632896645,1,0,0.0057400274136065,-0.096063747320873,0.159125,0,0.688024934195453,0.835665353490268,1.59875967132985,1862.96816778183,"OK",NA,NA,NA
18,"varying","common_deerlike","camera_occ",468,-0.179515853428882,-0.197831878885568,-0.018316025456686,1.20536641973105,1,0,-0.200868704167804,0.00303682528223526,0.206,0,0.324973530628274,0.647218071377283,1.17367862014084,1665.73152327538,"OK",NA,NA,NA
19,"varying","common_deerlike","camera_occ",469,-0.179515853428882,-0.638633348264476,-0.459117494835594,1.37370994435066,1,1,-0.110826334245978,-0.527807014018498,0.16125,0,0.579360819674583,0.763783500553087,1.07717231536252,1702.29763674736,"OK",NA,NA,NA
20,"varying","common_deerlike","camera_occ",470,-0.179515853428882,-0.221653037826559,-0.0421371843976771,1.34582648232608,1,0,0.107156758785277,-0.328809796611837,0.104,0,0.240982312123164,0.571692639096431,1.50539849829915,1817.48337864876,"OK",NA,NA,NA
21,"varying","common_deerlike","camera_occ",471,-0.179515853428882,-0.253321366328783,-0.0738055128999004,1.2475674507532,1,0,-0.156207563011182,-0.0971138033176009,0.193875,0,0.579755710272736,0.761212132973665,1.19006614041181,2708.87808990479,"OK",NA,NA,NA
22,"varying","common_deerlike","camera_occ",472,-0.179515853428882,-0.65819036557303,-0.478674512144148,1.24117186747467,1,1,0.0651123884951806,-0.723302754068211,0.040875,0,0.384815189356654,0.653923033631547,1.09449300803741,2347.70565962791,"OK",NA,NA,NA
23,"varying","common_deerlike","camera_occ",473,-0.179515853428882,-0.341237669794593,-0.161721816365711,1.52458669286109,1,0,-0.0920789822207601,-0.249158687573833,0.1915,0,0.558707408219755,0.77486463932931,1.09499589815584,2308.62242150307,"OK",NA,NA,NA
24,"varying","common_deerlike","camera_occ",474,-0.179515853428882,-0.306265100326846,-0.126749246897964,2.74305509941977,1,0,-0.150215818881264,-0.156049281445582,0.184875,0,0.413755548725853,0.659521822662966,2.87294231822139,2238.65187764168,"OK",NA,NA,NA
25,"varying","common_deerlike","camera_occ",475,-0.179515853428882,-0.182119984894559,-0.00260413146567687,2.06725503866079,1,0,-0.0742857722119958,-0.107834212682563,0.178625,0,0.452263561478471,0.689029478546061,1.24726991207367,2348.27341294289,"OK",NA,NA,NA
26,"varying","common_deerlike","camera_occ",476,-0.179515853428882,-0.365842503877179,-0.186326650448297,0.988585342099713,1,0,-0.208446051747367,-0.157396452129812,0.2915,0,0.524620198518645,0.737807836363989,1.11954500396259,2348.7409286499,"OK",NA,NA,NA
27,"varying","common_deerlike","camera_occ",477,-0.179515853428882,-0.389276283921038,-0.209760430492155,1.02177691599938,1,0,-0.626109991087808,0.23683370716677,0.19075,0,0.237941117523882,0.588823769139708,1.20669212463893,2515.90459418297,"OK",NA,NA,NA
28,"varying","common_deerlike","camera_occ",478,-0.179515853428882,-0.151853739957396,0.027662113471486,4.79880904925501,1,0,-0.259933990475777,0.108080250518381,0.209,0,-0.425541514270715,0.300995555900561,10.3022580866817,2393.24890995026,"OK",NA,NA,NA
29,"varying","common_deerlike","camera_occ",479,-0.179515853428882,-0.0465401775401528,0.132975675888729,0.919385209433152,1,0,0.0572330841962937,-0.103773261736447,0.147625,0,0.49570867650224,0.716606182926119,1.21038202865689,2353.29212880135,"OK",NA,NA,NA
30,"varying","common_deerlike","camera_occ",480,-0.179515853428882,-0.42974699412424,-0.250231140695357,1.39209343280134,1,0,0.249601497369302,-0.679348491493541,0.0345,0,0.344340289611338,0.633366647907004,1.15846105332236,2342.27222585678,"OK",NA,NA,NA
1,"null","moderate","camera_occ",481,-0.179515853428882,0.51633743742906,0.695853290857942,0.945565098373139,0,1,0.334669254574312,0.181668182854748,0.35825,0,0.412120251216142,0.663650565700867,1.09119380313872,2354.26184606552,"OK",NA,NA,NA
2,"null","moderate","camera_occ",482,-0.179515853428882,-1.37106572337813,-1.19154986994925,3.61509397062472,1,0,-0.439595229754324,-0.931470493623811,0.233375,0,0.600231000179901,0.777479671641212,3.53745050216974,1972.02963256836,"OK",NA,NA,NA
3,"null","moderate","camera_occ",483,-0.179515853428882,-0.598905093185333,-0.419389239756451,1.07624928092568,1,1,0.268071846803846,-0.86697693998918,0.019125,0,0.453341042957124,0.678137553610588,1.11399808487232,2436.10652971268,"OK",NA,NA,NA
4,"null","moderate","camera_occ",484,-0.179515853428882,0.0181396071029364,0.197655460531819,0.81053869948127,1,0,0.0174781757782722,0.000661431324664253,0.143625,0,0.398240059084033,0.665959944885404,1.12840075384017,2352.94481563568,"OK",NA,NA,NA
5,"null","moderate","camera_occ",485,-0.179515853428882,-0.330115278611307,-0.150599425182425,0.9813339488643,1,0,0.110514307029142,-0.44062958564045,0.06325,0,0.179910409285711,0.535649828252052,1.28659803756044,2448.34670805931,"OK",NA,NA,NA
6,"null","moderate","camera_occ",486,-0.179515853428882,-0.0870404151172526,0.0924754383116297,4.32974200674947,1,0,-0.117118472297992,0.0300780571807399,0.213125,0,0.72262914842111,0.825850491955986,8.31289303854856,2299.23830032349,"OK",NA,NA,NA
7,"null","moderate","camera_occ",487,-0.179515853428882,0.0961431560677181,0.2756590094966,1.40520795009131,1,0,-0.0698045966683912,0.165947752736109,0.141875,0,0.591061876126755,0.755006889324458,1.42595973582663,2216.5209145546,"OK",NA,NA,NA
8,"null","moderate","camera_occ",488,-0.179515853428882,-0.659672499082466,-0.480156645653584,0.99983902920055,0,1,-0.400145288197028,-0.259527210885438,0.424,0,0.422970597746067,0.670074133012478,1.08234125553038,2430.47044372559,"OK",NA,NA,NA
9,"null","moderate","camera_occ",489,-0.179515853428882,-0.0450543674912168,0.134461485937665,0.90453945032774,1,0,-0.0546859528317335,0.00963158534051668,0.16825,0,0.635142454839688,0.791331095111491,0.970088580612709,2442.83292174339,"OK",NA,NA,NA
10,"null","moderate","camera_occ",490,-0.179515853428882,-0.421742800158871,-0.242226946729988,1.45144547516523,1,0,-0.20116188984924,-0.220580910309631,0.239625,0,0.61533999375196,0.769615168157736,1.02403079997344,2272.8449473381,"OK",NA,NA,NA
11,"null","moderate","camera_occ",491,-0.179515853428882,-0.304263293213157,-0.124747439784274,0.91239582825643,1,0,0.235632721211682,-0.539896014424838,0.0365,0,0.366647945630353,0.642652681014574,1.12675644880952,2305.09290790558,"OK",NA,NA,NA
12,"null","moderate","camera_occ",492,-0.179515853428882,-0.614621332615213,-0.435105479186331,1.52137841530214,1,0,-0.355918589845924,-0.258702742769289,0.330375,0,0.454894765542784,0.705457121232704,1.27598275500376,2378.73806762695,"OK",NA,NA,NA
13,"null","moderate","camera_occ",493,-0.179515853428882,-0.100836473410595,0.0786793800182873,1.0426876156138,1,0,0.152761415808565,-0.25359788921916,0.10675,0,0.238822684535695,0.585393661821499,1.19548618077945,2424.79787325859,"OK",NA,NA,NA
14,"null","moderate","camera_occ",494,-0.179515853428882,-0.391528446946158,-0.212012593517276,1.55139314845112,1,0,-0.0299010021806472,-0.361627444765511,0.134125,0,0.256841541727914,0.584544625356595,1.17858944075387,1885.76959443092,"OK",NA,NA,NA
15,"null","moderate","camera_occ",495,-0.179515853428882,-0.459281607225926,-0.279765753797044,2.01487971236184,1,0,0.222391651433985,-0.68167325865991,0.05425,0,0.180179258691524,0.549933047410196,1.23111147233744,2541.9732644558,"OK",NA,NA,NA
16,"null","moderate","camera_occ",496,-0.179515853428882,0.0961152505087923,0.275631103937675,1.84250560401083,1,0,0.225213154880299,-0.129097904371506,0.182625,0,0.563185405087143,0.776999359583924,1.1321491058151,2324.1808245182,"OK",NA,NA,NA
17,"null","moderate","camera_occ",497,-0.179515853428882,-0.773965183819655,-0.594449330390773,1.42543664925913,0,1,-0.348197102445143,-0.425768081374512,0.33525,0,0.43050298162038,0.674775369209571,1.17169928676988,2378.86863398552,"OK",NA,NA,NA
18,"null","moderate","camera_occ",498,-0.179515853428882,-0.103054876914663,0.0764609765142195,0.923402673913975,1,0,-0.0394135553316831,-0.0636413215829797,0.183625,0,0.458636632475569,0.70307011585709,1.29360524382503,2412.55384469032,"OK",NA,NA,NA
19,"null","moderate","camera_occ",499,-0.179515853428882,-0.0984164822549718,0.0810993711739105,0.890790110248632,1,0,-0.0626035974429267,-0.0358128848120451,0.162625,0,0.644422760593211,0.787915542704108,0.929218274961877,2331.12923264503,"OK",NA,NA,NA
20,"null","moderate","camera_occ",500,-0.179515853428882,-0.48011762501952,-0.300601771590638,2.05666811463733,1,0,0.365604922211147,-0.845722547230667,0.0475,0,0.358164057351099,0.640416076384172,1.63140883485949,2328.43877863884,"OK",NA,NA,NA
21,"null","moderate","camera_occ",501,-0.179515853428882,0.0880522504327003,0.267568103861583,1.41949315580606,1,0,0.49754279119104,-0.409490540758339,0.10675,0,0.29459433322454,0.601045042597372,1.15660564672953,2281.25972104073,"OK",NA,NA,NA
22,"null","moderate","camera_occ",502,-0.179515853428882,-0.494590257981759,-0.315074404552877,1.63718652614972,1,0,0.0282680815254458,-0.522858339507205,0.08975,0,0.0756387894422332,0.498282520522424,1.50209296149276,2455.37922406197,"OK",NA,NA,NA
23,"null","moderate","camera_occ",503,-0.179515853428882,-0.305909186280431,-0.126393332851548,3.86222485221097,1,0,-0.117682263529721,-0.18822692275071,0.18975,0,0.423046097430146,0.672630945681073,1.09972462039596,2453.54596924782,"OK",NA,NA,NA
24,"null","moderate","camera_occ",504,-0.179515853428882,0.265404336481664,0.444920189910546,1.51011620797809,1,0,-0.0681518558418482,0.333556192323512,0.126,0,0.4960391599389,0.702221079392187,1.04929230537109,2441.41247272491,"OK",NA,NA,NA
25,"null","moderate","camera_occ",505,-0.179515853428882,-0.136689210118864,0.0428266433100182,0.935493508239788,1,0,-0.147026336183341,0.0103371260644766,0.202,0,0.662171469977407,0.824855906382814,0.96460254766112,2359.57449674606,"OK",NA,NA,NA
26,"null","moderate","camera_occ",506,-0.179515853428882,-0.221062088147289,-0.0415462347184062,0.876480665180132,1,0,0.111940590983767,-0.333002679131056,0.07925,0,0.626247469979138,0.773084088571484,1.06776069210584,1846.53935265541,"OK",NA,NA,NA
27,"null","moderate","camera_occ",507,-0.179515853428882,1.62084438979839,1.80036024322728,5.03654930818147,1,0,0.316236742063827,1.30460764773457,0.149,0,-0.0419882275955449,0.492513924198024,2.10884953922036,2411.54983901978,"OK",NA,NA,NA
28,"null","moderate","camera_occ",508,-0.179515853428882,0.182046487865676,0.361562341294558,1.35705217298119,1,0,0.191489518134313,-0.00944303026863702,0.187625,0,0.658758836168042,0.836339731025248,1.32573563461541,2199.05853629112,"OK",NA,NA,NA
29,"null","moderate","camera_occ",509,-0.179515853428882,-0.0400002089680589,0.139515644460823,1.18223168283077,1,0,0.115369955529621,-0.15537016449768,0.149125,0,0.429797949220195,0.696971608220614,1.79949620216364,1918.47712802887,"OK",NA,NA,NA
30,"null","moderate","camera_occ",510,-0.179515853428882,-0.808513376131978,-0.628997522703096,3.32413907131441,1,0,0.00660731199602588,-0.815120688128004,0.12525,0,0.738991356600605,0.871945894544819,2.58221654596848,2484.7797062397,"OK",NA,NA,NA
1,"varying","moderate","camera_occ",511,-0.179515853428882,-0.426367403676344,-0.246851550247462,1.15727149998789,1,0,-0.286698014800013,-0.139669388876331,0.289875,0,0.12666102711277,0.521046401055716,1.25939234682497,2457.26673126221,"OK",NA,NA,NA
2,"varying","moderate","camera_occ",512,-0.179515853428882,-0.0271659414635681,0.152349911965314,1.23877528551706,1,0,0.0875524533917406,-0.114718394855309,0.14525,0,0.408249505841744,0.693560907450174,1.26540400241159,2490.37823319435,"OK",NA,NA,NA
3,"varying","moderate","camera_occ",513,-0.179515853428882,-0.252435735942718,-0.0729198825138352,0.985829877313329,1,0,0.0281321441218432,-0.280567880064561,0.122625,0,0.606922612519255,0.790346212812203,1.0824607450816,1930.39047312737,"OK",NA,NA,NA
4,"varying","moderate","camera_occ",514,-0.179515853428882,-0.10974269461058,0.0697731588183026,1.57614943549183,1,0,0.147995209908206,-0.257737904518786,0.1265,0,0.44590693690937,0.712496846435988,1.72302540674274,1640.77416181564,"OK",NA,NA,NA
5,"varying","moderate","camera_occ",515,-0.179515853428882,0.0472642342427761,0.226780087671658,1.23215314185696,1,0,0.382267977108952,-0.335003742866176,0.113375,0,0.355923095284433,0.636787051951328,1.22727447641868,2526.71629738808,"OK",NA,NA,NA
6,"varying","moderate","camera_occ",516,-0.179515853428882,-0.283068451234575,-0.103552597805693,1.36708225838971,1,0,0.168344330486448,-0.451412781721024,0.07625,0,0.334608316214862,0.629237904869103,1.18248331627891,2657.58336567879,"OK",NA,NA,NA
7,"varying","moderate","camera_occ",517,-0.179515853428882,-0.339687408750623,-0.160171555321741,0.821528007869673,1,0,-0.228727028433417,-0.110960380317206,0.313625,0,0.66445789215109,0.803596033301636,0.965486057351633,2707.94471716881,"OK",NA,NA,NA
8,"varying","moderate","camera_occ",518,-0.179515853428882,0.627401049482619,0.806916902911501,3.67139243694115,1,0,0.226573592406715,0.400827457075904,0.2305,0,-0.464707448261838,0.28341322362165,9.20712837220942,2518.03279995918,"OK",NA,NA,NA
9,"varying","moderate","camera_occ",519,-0.179515853428882,-0.298221666088343,-0.118705812659461,1.13786013322905,1,0,-0.364394237496765,0.066172571408422,0.225125,0,0.62709981492639,0.7995206582701,1.22941698086095,2619.68330955505,"OK",NA,NA,NA
10,"varying","moderate","camera_occ",520,-0.179515853428882,-0.660773572808498,-0.481257719379616,2.26724229393764,1,0,-0.19029607437242,-0.470477498436078,0.1925,0,0.0611379770832651,0.49044227522366,1.34181982753594,2636.09424805641,"OK",NA,NA,NA
11,"varying","moderate","camera_occ",521,-0.179515853428882,1.31780870744035,1.49732456086923,4.56207834243918,1,0,-0.00847313569238537,1.32628184313273,0.12275,0,-0.471095715373693,0.254706087834035,9.81676245767901,1682.68697953224,"OK",NA,NA,NA
12,"varying","moderate","camera_occ",522,-0.179515853428882,-0.228707836657941,-0.0491919832290592,1.20026875308321,1,0,0.160961065097221,-0.389668901755163,0.067875,0,0.507289927298613,0.710493120378816,1.0640595025406,2285.70651769638,"OK",NA,NA,NA
13,"varying","moderate","camera_occ",523,-0.179515853428882,-0.36002390262178,-0.180508049192898,1.68446882442499,1,0,-0.0313701477446844,-0.328653754877096,0.162,0,0.57137457209432,0.766776960546488,1.12356955537562,2449.81556630135,"OK",NA,NA,NA
14,"varying","moderate","camera_occ",524,-0.179515853428882,-0.323032632642068,-0.143516779213185,1.17647788453418,1,0,0.170061570796135,-0.493094203438202,0.057125,0,0.415070028682025,0.652501504007452,1.21210167580914,1736.26686501503,"OK",NA,NA,NA
15,"varying","moderate","camera_occ",525,-0.179515853428882,-0.692981776793287,-0.513465923364405,2.06636425803591,1,0,-0.374267369432794,-0.318714407360494,0.281,0,0.490532988817535,0.725096547575152,1.59898244680605,1714.06461262703,"OK",NA,NA,NA
16,"varying","moderate","camera_occ",526,-0.179515853428882,-0.645293138182103,-0.465777284753221,1.36351468244284,1,1,-0.0134885393776745,-0.631804598804429,0.0705,0,0.221564450593848,0.55059287003435,1.15663672388994,1841.9213514328,"OK",NA,NA,NA
17,"varying","moderate","camera_occ",527,-0.179515853428882,0.13746327187962,0.316979125308503,1.14993764233454,1,0,0.0303811425335513,0.107082129346069,0.156,0,0.536908100710552,0.743455141764831,1.17125503252923,1732.59509468079,"OK",NA,NA,NA
18,"varying","moderate","camera_occ",528,-0.179515853428882,-0.507455704900718,-0.327939851471836,1.6465354441754,1,0,-0.182168367654516,-0.325287337246202,0.232375,0,0.554607310514187,0.759810009897339,1.20643453790874,2630.52525615692,"OK",NA,NA,NA
19,"varying","moderate","camera_occ",529,-0.179515853428882,-1.19218244542528,-1.0126665919964,4.69701798332299,1,0,-0.532390470638468,-0.659791974786812,0.262625,0,0.734913203495357,0.85501853325312,8.56840436893022,2509.39970827103,"OK",NA,NA,NA
20,"varying","moderate","camera_occ",530,-0.179515853428882,-0.429640699024162,-0.250124845595279,2.44126745150833,1,0,-0.476399526660428,0.0467588276362661,0.257375,0,0.105186560600992,0.512454152030895,1.2977917398145,2386.81849861145,"OK",NA,NA,NA
21,"varying","moderate","camera_occ",531,-0.179515853428882,-0.192863490976619,-0.0133476375477369,1.3079838298069,1,0,-0.0875904243320555,-0.105273066644564,0.182375,0,0.63785680473443,0.804445069766539,0.975604626631505,1774.16884207726,"OK",NA,NA,NA
22,"varying","moderate","camera_occ",532,-0.179515853428882,-0.345185351262591,-0.165669497833709,1.65639284605471,1,0,-0.0610323208376252,-0.284153030424966,0.194125,0,0.238373164866769,0.58764967299967,1.1676728208581,1658.63340353966,"OK",NA,NA,NA
23,"varying","moderate","camera_occ",533,-0.179515853428882,-0.12730156722601,0.0522142862028719,0.751044965283472,1,0,-0.0838505689061682,-0.0434509983198422,0.1355,0,0.481130793552814,0.720012032059617,1.11759779349192,2277.75101852417,"OK",NA,NA,NA
24,"varying","moderate","camera_occ",534,-0.179515853428882,-0.620799924276309,-0.441284070847427,0.98306228152218,1,1,-0.297178486171107,-0.323621438105202,0.366125,0,0.344181820423056,0.687811717673543,1.16245993099178,2356.4344291687,"OK",NA,NA,NA
25,"varying","moderate","camera_occ",535,-0.179515853428882,0.089484133913168,0.26899998734205,1.00971094452558,1,0,0.0175277749236129,0.0719563589895552,0.16325,0,0.397136128671467,0.660637699159697,1.15729638412318,2306.26289892197,"OK",NA,NA,NA
26,"varying","moderate","camera_occ",536,-0.179515853428882,0.75928003374204,0.938795887170923,2.13819243232376,1,0,0.388411701538162,0.370868332203879,0.305125,0,-0.00859498983134669,0.530448873449902,2.07470810373832,1866.10272932053,"OK",NA,NA,NA
27,"varying","moderate","camera_occ",537,-0.179515853428882,-0.364654545327771,-0.185138691898889,1.71221199405289,1,0,-0.264366579441712,-0.10028796588606,0.2335,0,0.239781466404877,0.582278910904539,1.37905902003585,1667.31168055534,"OK",NA,NA,NA
28,"varying","moderate","camera_occ",538,-0.179515853428882,0.178816812357482,0.358332665786364,1.36757231961625,1,0,-0.153480133549661,0.332296945907142,0.089,0,0.661313594798518,0.838988724795746,1.02582692772078,2134.59074616432,"OK",NA,NA,NA
29,"varying","moderate","camera_occ",539,-0.179515853428882,-0.206807720826691,-0.027291867397809,1.11597462830155,1,0,0.0157434350532886,-0.22255115587998,0.11675,0,0.687730693813083,0.833365677579615,0.98669233521606,2181.64924407005,"OK",NA,NA,NA
30,"varying","moderate","camera_occ",540,-0.179515853428882,0.0523031899040592,0.231819043332942,0.779646825628777,1,0,0.0228451910306859,0.0294579988733734,0.15875,0,0.481726824285963,0.701735915697956,1.27966247982206,1615.31720852852,"OK",NA,NA,NA
