"rep_id","scenario","abundance","estimator","row_id","tvb_true","tvb_mean","tvb_bias","tvb_ci_width","tvb_covered","tvb_detected","year_beta_mean","year_var_mean","tri_mean","tri_fires","disc_spearman","disc_auc","disc_rmse","elapsed_sec","status","n_arrays","mean_prop_detect","frac_saturated"
1,"null","bobcat_like","array_occ",1,0,0.448204399044294,0.448204399044294,4.83272614614362,1,0,0.696103912025488,-0.247899512981194,0.216375,0,0.0125904138772459,0.462584175900949,6.08119451010948,2812.19009613991,"OK",97,0.1627,0.0309
2,"null","bobcat_like","array_occ",2,0,-0.611112237148821,-0.611112237148821,5.82287898304106,1,0,-0.251721965884782,-0.359390271264039,0.24525,0,-0.50631248690878,0.287275126627724,45.0964330319606,2696.72930526733,"OK",97,0.1719,0.0206
3,"null","bobcat_like","array_occ",3,0,-0.288575898499808,-0.288575898499808,5.61285388304994,1,0,-0.0411985777153387,-0.24737732078447,0.2325,0,0.697676663129402,0.837188767490151,28.1452536123365,2521.1762843132,"OK",97,0.1168,0
4,"null","bobcat_like","array_occ",4,0,-0.173091749028879,-0.173091749028879,5.92587866639372,1,0,0.135454609834998,-0.308546358863877,0.21725,0,0.0620525812179837,0.522467930679811,1.25920095192595,2506.87358832359,"OK",97,0.1225,0.0103
5,"null","bobcat_like","array_occ",5,0,0.29143706345351,0.29143706345351,4.84157784443839,1,0,0.121790513732182,0.169646549721328,0.217,0,-0.630643250736198,0.191668769042675,31.9580079222922,2974.08533072472,"OK",97,0.1462,0.0103
6,"null","bobcat_like","array_occ",6,0,-0.702294987485857,-0.702294987485857,5.57214405223904,1,0,-0.49440205142451,-0.207892936061347,0.258,0,0.564000352844808,0.766922509654758,25.7907038278281,2736.73578310013,"OK",97,0.1531,0.0103
7,"null","bobcat_like","array_occ",7,0,-0.638891687640792,-0.638891687640792,5.63281209794466,1,0,-0.365912170494112,-0.27297951714668,0.266125,0,-0.348453387368666,0.361238331813154,31.1731724813823,2632.70914316177,"OK",97,0.1279,0
8,"null","bobcat_like","array_occ",8,0,-0.17600690102251,-0.17600690102251,5.05283092600603,1,0,-0.308771558229495,0.132764657206985,0.2215,0,0.201941072833199,0.649129616332551,4.44057096009253,2771.71648430824,"OK",97,0.1508,0.0103
9,"null","bobcat_like","array_occ",9,0,0.289084934749423,0.289084934749423,4.15240277146068,1,0,0.220617139570105,0.0684677951793179,0.200625,0,0.535814124714931,0.746560189407906,14.5801463735685,2984.83315396309,"OK",97,0.1499,0.0103
10,"null","bobcat_like","array_occ",10,0,-0.577827712838126,-0.577827712838126,5.85705767658613,1,0,-0.150838780598959,-0.426988932239167,0.213875,0,0.667082475967096,0.858123580896194,41.4029388560707,2563.38653635979,"OK",97,0.1388,0
11,"null","bobcat_like","array_occ",11,0,-0.234589816019851,-0.234589816019851,3.85505425759482,1,0,-0.151822376789804,-0.082767439230047,0.222875,0,0.224910368971124,0.573342195656815,12.8075705152974,3031.46940016747,"OK",97,0.1537,0
12,"null","bobcat_like","array_occ",12,0,-0.167807766810976,-0.167807766810976,4.98959867050363,1,0,0.0952016698496129,-0.263009436660589,0.21675,0,0.661879762280829,0.80901531176619,20.4863002488521,1679.34260559082,"OK",97,0.1541,0
13,"null","bobcat_like","array_occ",13,0,-0.448851595956996,-0.448851595956996,5.55815825247272,1,0,-0.24035333370438,-0.208498262252615,0.2485,0,0.0410232582787928,0.471947835199596,2.76629515674869,1741.74216914177,"OK",97,0.1168,0.0103
14,"null","bobcat_like","array_occ",14,0,-0.0477766278859029,-0.0477766278859029,5.27473532427048,1,0,0.02891830626623,-0.0766949341521329,0.225375,0,0.538446947774592,0.764952745056182,16.8150761588829,2428.0520927906,"OK",97,0.1635,0.0103
15,"null","bobcat_like","array_occ",15,0,0.407379888548661,0.407379888548661,4.91295487138011,1,0,0.253662176931439,0.153717711617222,0.22325,0,0.711971045566592,0.843612334801762,18.4459059064443,2513.95942854881,"OK",97,0.157,0.0206
16,"null","bobcat_like","array_occ",16,0,0.537032813341978,0.537032813341978,4.36065532068787,1,0,0.162105659142657,0.374927154199321,0.201125,0,-0.659751568850575,0.184988064973122,35.8477894932645,2495.73150682449,"OK",97,0.1684,0.0206
17,"null","bobcat_like","array_occ",17,0,0.954911692993779,0.954911692993779,6.13653929442146,1,0,1.55767055520069,-0.602758862206909,0.219125,0,-0.0669936909033637,0.453865784315628,3.38939723931272,2468.89941906929,"OK",97,0.1385,0.0206
18,"null","bobcat_like","array_occ",18,0,-1.18563865113929,-1.18563865113929,5.7195674353106,1,0,-0.506667199597043,-0.678971451542248,0.25125,0,0.718945677528475,0.873479011818588,21.5336491321512,2552.82489728928,"OK",97,0.1413,0.0206
19,"null","bobcat_like","array_occ",19,0,0.840213723599187,0.840213723599187,3.5912224604983,1,0,0.651332639564411,0.188881084034776,0.239875,0,0.0962855165301269,0.593981059209377,8.22042179652481,2555.48378872871,"OK",97,0.1468,0.0103
20,"null","bobcat_like","array_occ",20,0,-0.116806133060194,-0.116806133060194,5.38594965506231,1,0,0.11948752948308,-0.236293662543275,0.2455,0,0.653841947294264,0.818500261988395,38.5233220779224,1927.9093079567,"OK",97,0.1596,0.0206
21,"null","bobcat_like","array_occ",21,0,-0.456517375210075,-0.456517375210075,4.5558980888352,1,0,-0.144696223494967,-0.311821151715108,0.2275,0,0.667700339092966,0.824860758019756,26.1504297458354,1946.79049563408,"OK",97,0.1296,0.0103
22,"null","bobcat_like","array_occ",22,0,-0.244645831609498,-0.244645831609498,5.53623093984398,1,0,0.125809157460139,-0.370454989069637,0.21275,0,0.227120954837932,0.570402103669778,9.46025346024867,2063.96270561218,"OK",97,0.1289,0.0103
23,"null","bobcat_like","array_occ",23,0,0.246176886713876,0.246176886713876,4.73422484450313,1,0,0.179537224360645,0.0666396623532304,0.23175,0,-0.0188588432739888,0.534878417978226,4.45213802713179,2206.09504413605,"OK",97,0.1113,0
24,"null","bobcat_like","array_occ",24,0,-0.633139815261975,-0.633139815261975,4.86589649889304,1,0,-0.299026780373377,-0.334113034888599,0.228125,0,-0.191979025770992,0.430136428030818,13.9995324622115,2951.33962917328,"OK",97,0.1464,0.0103
25,"null","bobcat_like","array_occ",25,0,1.45100532160847,1.45100532160847,5.75758705776177,1,0,1.2514343855097,0.199570936098768,0.333375,0,0.375499987040022,0.649503192377108,6.33839010996288,2717.52127385139,"OK",97,0.1507,0.0103
26,"null","bobcat_like","array_occ",26,0,-0.313743953810907,-0.313743953810907,5.51901445610972,1,0,0.0627576479191294,-0.376501601730037,0.19275,0,0.742349008686744,0.871087154806032,31.7373405276377,2730.09230017662,"OK",97,0.1709,0.0103
27,"null","bobcat_like","array_occ",27,0,-0.143438898127983,-0.143438898127983,3.92443011946897,1,0,-0.302827140606244,0.159388242478261,0.2185,0,0.356304360674206,0.657343437675872,10.6845728241518,2677.75966310501,"OK",97,0.1507,0
28,"null","bobcat_like","array_occ",28,0,0.681169260686319,0.681169260686319,5.55560068782715,1,0,0.452772586583884,0.228396674102435,0.237125,0,0.65618617241079,0.816307322090473,18.153744266331,2836.30759596825,"OK",97,0.1477,0.0206
29,"null","bobcat_like","array_occ",29,0,0.0779221014666299,0.0779221014666299,5.24117631059178,1,0,0.0905460956770592,-0.0126239942104293,0.2405,0,0.460144686568672,0.672805604610996,21.3051620250879,2820.91402077675,"OK",97,0.1316,0
30,"null","bobcat_like","array_occ",30,0,0.088984583948059,0.088984583948059,4.41321270381986,1,0,0.129671957665604,-0.0406873737175455,0.23,0,0.0577706110250345,0.469075666129752,5.76859952581503,2682.81132221222,"OK",97,0.167,0.0103
1,"varying","bobcat_like","array_occ",31,-0.179515853428882,-2.40254961881562,-2.22303376538674,5.88752833745238,1,0,-0.595762843796885,-1.80678677501874,0.2005,0,0.478238081665556,0.707688874226164,14.0172694710673,2676.11155724525,"OK",97,0.1277,0
2,"varying","bobcat_like","array_occ",32,-0.179515853428882,-1.13380968366276,-0.954293830233879,5.40133558546963,1,0,-0.489664894315714,-0.644144789347047,0.245625,0,0.641419492162195,0.811989365211823,22.2875947556033,2664.48035955429,"OK",97,0.1831,0.0206
3,"varying","bobcat_like","array_occ",33,-0.179515853428882,1.00274526677219,1.18226112020107,5.35669529616663,1,0,0.624874334552342,0.377870932219848,0.291,0,-0.119061655302201,0.45709212288226,2.74842673115983,2676.04884314537,"OK",97,0.1231,0
4,"varying","bobcat_like","array_occ",34,-0.179515853428882,0.415306906948198,0.594822760377081,5.69947141211243,1,0,0.26026941352872,0.155037493419478,0.25825,0,0.608832385844358,0.767902540317103,38.630200717917,2671.39706993103,"OK",97,0.1315,0
5,"varying","bobcat_like","array_occ",35,-0.179515853428882,-0.42632475823891,-0.246808904810028,5.28307928460188,1,0,0.0161653938533397,-0.44249015209225,0.189875,0,0.5051364550994,0.709770226474412,22.0977249672176,2528.38771700859,"OK",97,0.1389,0.0103
6,"varying","bobcat_like","array_occ",36,-0.179515853428882,-1.18182097390959,-1.00230512048071,3.3660041581496,1,0,-0.735268500567864,-0.446552473341728,0.297625,0,0.103737207111519,0.554886568728289,9.20595694015824,2667.77257442474,"OK",97,0.1549,0.0103
7,"varying","bobcat_like","array_occ",37,-0.179515853428882,-1.48930442740276,-1.30978857397388,5.23207954634788,1,0,-1.13730478101611,-0.351999646386657,0.33475,0,0.0992367687244466,0.506923285916668,5.44178355396753,2594.26363444328,"OK",97,0.1313,0.0103
8,"varying","bobcat_like","array_occ",38,-0.179515853428882,-0.365714329376538,-0.186198475947656,5.42849647247435,1,0,-0.0675807149140842,-0.298133614462454,0.22625,0,0.393396361623738,0.661860311669157,15.4479965215439,2635.75762438774,"OK",97,0.1209,0
9,"varying","bobcat_like","array_occ",39,-0.179515853428882,0.0187619176561141,0.198277771084996,5.82784243724996,1,0,0.0453511497040283,-0.0265892320479142,0.233625,0,0.694237067437103,0.831997515961886,35.6230997636208,2453.17823266983,"OK",97,0.1325,0
10,"varying","bobcat_like","array_occ",40,-0.179515853428882,-1.31294189526743,-1.13342604183855,4.61762220063021,1,0,-0.495594793255815,-0.817347102011613,0.25225,0,0.779748426396633,0.892497428632421,15.9631026701748,2427.46523404121,"OK",97,0.1671,0.0103
11,"varying","bobcat_like","array_occ",41,-0.179515853428882,0.161074764487904,0.340590617916786,5.71617587482513,1,0,0.136342904450128,0.0247318600377758,0.231,0,0.614947732017542,0.788153272914281,35.3951005958405,2362.91940975189,"OK",97,0.154,0.0103
12,"varying","bobcat_like","array_occ",42,-0.179515853428882,0.287768608000804,0.467284461429686,5.9221871609451,1,0,0.542445615341704,-0.2546770073409,0.225,0,0.130802769867009,0.527397193813193,4.39090396495278,2468.58988022804,"OK",97,0.1192,0.0103
13,"varying","bobcat_like","array_occ",43,-0.179515853428882,-1.76894736780248,-1.5894315143736,5.75140048842669,1,0,-0.818306720891209,-0.950640646911271,0.296625,0,0.70235729088988,0.846377767858876,28.3446842246859,2467.28093671799,"OK",97,0.1518,0.0103
14,"varying","bobcat_like","array_occ",44,-0.179515853428882,-0.71434407723972,-0.534828223810838,5.14872924918022,1,0,-0.500874060613493,-0.213470016626227,0.25775,0,0.651938457594673,0.832371092006443,12.898095945846,2369.60654687881,"OK",97,0.1279,0
15,"varying","bobcat_like","array_occ",45,-0.179515853428882,0.278472984449419,0.457988837878301,3.06477576762554,1,0,0.206298126196261,0.0721748582531582,0.180375,0,-0.234621776317775,0.427632983368589,9.7678830555449,2471.29081463814,"OK",97,0.1381,0.0103
16,"varying","bobcat_like","array_occ",46,-0.179515853428882,-0.214773096116112,-0.03525724268723,5.15611134009185,1,0,-0.069977341820805,-0.144795754295307,0.195125,0,0.531345617404437,0.711604145238603,35.0535622613403,2323.17658400536,"OK",97,0.1325,0.0206
17,"varying","bobcat_like","array_occ",47,-0.179515853428882,-0.109096320018973,0.0704195334099097,4.96220068333241,1,0,-0.153032663558677,0.0439363435397048,0.2155,0,0.724379282392975,0.868510935589668,26.3608539935027,2285.52637910843,"OK",97,0.1571,0.0103
18,"varying","bobcat_like","array_occ",48,-0.179515853428882,-0.198515359377124,-0.0189995059482418,5.00804129010543,1,0,-0.123446703629329,-0.0750686557477954,0.221625,0,0.628655477100537,0.785004560538726,18.4048532861347,1504.78315639496,"OK",97,0.151,0.0103
19,"varying","bobcat_like","array_occ",49,-0.179515853428882,-0.496903000943991,-0.317387147515108,6.27717576480703,1,0,0.0343753655635827,-0.531278366507573,0.223,0,0.178803337060389,0.553882279881232,2.31773466222661,1479.42524218559,"OK",97,0.1455,0.0103
20,"varying","bobcat_like","array_occ",50,-0.179515853428882,-1.05702786021704,-0.877512006788157,7.02920966371777,1,0,1.44492043490186,-2.5019482951189,0.07775,0,-0.000321234324618538,0.551024665722215,3.29552251868271,3121.39275240898,"OK",97,0.1425,0.0103
21,"varying","bobcat_like","array_occ",51,-0.179515853428882,0.218082363065554,0.397598216494436,5.26275684840354,1,0,0.0567794295488393,0.161302933516714,0.238875,0,0.612040785794941,0.80838459896369,20.4491782784548,3089.5468313694,"OK",97,0.1664,0.0309
22,"varying","bobcat_like","array_occ",52,-0.179515853428882,-1.39397866180904,-1.21446280838015,6.04312245901439,1,0,-0.230279063152419,-1.16369959865662,0.202625,0,0.368222025880298,0.656208154631373,3.6669042164012,2743.97281241417,"OK",97,0.138,0
23,"varying","bobcat_like","array_occ",53,-0.179515853428882,-0.809327772513868,-0.629811919084985,6.36776577576401,1,0,-0.38092259821883,-0.428405174295038,0.243125,0,0.605449791612056,0.815555318364416,44.9245623419532,3156.56014871597,"OK",97,0.1588,0.0103
24,"varying","bobcat_like","array_occ",54,-0.179515853428882,-1.39518603520264,-1.21567018177375,5.24295260242796,1,0,-0.582235048655835,-0.812950986546801,0.25825,0,0.672635405597688,0.829605658949329,16.6067209327438,2352.37853264809,"OK",97,0.1473,0.0103
25,"varying","bobcat_like","array_occ",55,-0.179515853428882,-1.36967204743111,-1.19015619400223,5.8730301493663,1,0,-0.859703385556494,-0.509968661874618,0.304,0,0.309784901720651,0.617783190048322,11.9132291887481,2327.51252961159,"OK",97,0.1833,0.0206
26,"varying","bobcat_like","array_occ",56,-0.179515853428882,-1.1609797671116,-0.981463913682717,4.69369986275692,1,0,-0.635474769670397,-0.525504997441203,0.26725,0,0.627255206420545,0.807040695530672,19.8166472004109,2353.80176019669,"OK",97,0.1605,0
27,"varying","bobcat_like","array_occ",57,-0.179515853428882,0.8225011335417,1.00201698697058,6.61835080127133,1,0,1.05378987152365,-0.231288737981952,0.26025,0,-0.0263400925427359,0.458727124531817,6.78747257094438,2874.86158895493,"OK",97,0.1288,0.0103
28,"varying","bobcat_like","array_occ",58,-0.179515853428882,-0.36339386101741,-0.183878007588528,6.25559591582923,1,0,-0.161996310823722,-0.201397550193688,0.244875,0,0.312527832493676,0.624575481767548,3.35056201330677,2694.38861250877,"OK",97,0.1544,0.0103
29,"varying","bobcat_like","array_occ",59,-0.179515853428882,-1.53053604198328,-1.35102018855439,5.37879796893273,1,0,-0.449827347602662,-1.08070869438061,0.226,0,0.208179799275674,0.627889149799142,5.93098929183696,2914.508207798,"OK",97,0.1308,0
30,"varying","bobcat_like","array_occ",60,-0.179515853428882,0.00818407479158759,0.18769992822047,4.67632174302988,1,0,0.0446983892480364,-0.0365143144564488,0.233375,0,0.768099754863266,0.879223349958276,20.8517922007478,2535.55781149864,"OK",97,0.1205,0
1,"null","deer_like","array_occ",61,0,0.18778135869636,0.18778135869636,2.02718213821412,1,0,0.849742488938467,-0.661961130242106,0.109,0,0.808338698058762,0.89727629102059,15.7659883237517,2782.26496291161,"OK",97,0.2919,0.0309
2,"null","deer_like","array_occ",62,0,0.344517407649014,0.344517407649014,2.00506176994585,1,0,0.388964635449294,-0.0444472278002808,0.173125,0,0.790252227773667,0.890343301830037,13.063970309096,1526.75346803665,"OK",97,0.3207,0.0619
3,"null","deer_like","array_occ",63,0,0.123725018561951,0.123725018561951,2.54949254522541,1,0,0.174987401888367,-0.0512623833264164,0.153375,0,0.806564070771128,0.899648741485377,15.7703932138395,1484.67229533195,"OK",97,0.3652,0.0619
4,"null","deer_like","array_occ",64,0,-0.705775851431305,-0.705775851431305,1.31781589068142,0,1,-0.184117960781651,-0.521657890649654,0.206875,0,0.6669493496664,0.8057938248365,7.91425691757145,2537.10696601868,"OK",97,0.388,0.0722
5,"null","deer_like","array_occ",65,0,-0.00964241141263203,-0.00964241141263203,1.33153618470501,1,0,0.186262276641589,-0.195904688054221,0.110375,0,0.741975790184743,0.858540821673233,7.18824124472853,2790.81407141685,"OK",97,0.3426,0.0412
6,"null","deer_like","array_occ",66,0,-0.0591083972560692,-0.0591083972560692,2.80699117634999,1,0,0.600336878677203,-0.659445275933272,0.12425,0,0.766177734880279,0.869961575035417,24.5765725785401,2516.47833180428,"OK",97,0.3411,0.0309
7,"null","deer_like","array_occ",67,0,-0.801123902341593,-0.801123902341593,4.66292695175758,1,0,-0.250294107423656,-0.550829794917937,0.217875,0,0.744961201577953,0.85668264472433,46.5041179150107,2538.10299324989,"OK",97,0.3209,0.0206
8,"null","deer_like","array_occ",68,0,0.48661773011798,0.48661773011798,3.05513818366226,1,0,0.357643173281974,0.128974556836006,0.186875,0,0.76665150742012,0.867749228589726,20.3680659972716,2796.3427772522,"OK",97,0.3321,0.0619
9,"null","deer_like","array_occ",69,0,-0.0661823620910809,-0.0661823620910809,3.24733359788322,1,0,0.0779133124407344,-0.144095674531815,0.158125,0,0.77875293661311,0.889188612237769,26.2713390750665,2698.56608557701,"OK",97,0.3476,0.0722
10,"null","deer_like","array_occ",70,0,-0.249040550517416,-0.249040550517416,1.54645653725829,1,0,0.227787746552021,-0.476828297069436,0.104,0,0.681184983410988,0.81514292922432,10.644586068239,2471.7164850235,"OK",97,0.3321,0.0103
11,"null","deer_like","array_occ",71,0,-0.236938464686606,-0.236938464686606,0.853665467901696,1,0,0.404196111499248,-0.641134576185854,0.102,0,0.726412307750113,0.849084981272681,7.75107606008527,2126.95528507233,"OK",97,0.343,0.0412
12,"null","deer_like","array_occ",72,0,0.193246318388497,0.193246318388497,2.81252138337077,1,0,0.489975222525924,-0.296728904137427,0.137125,0,0.759640712552233,0.878917696830911,21.8604107119766,2327.91434025764,"OK",97,0.3502,0.0309
13,"null","deer_like","array_occ",73,0,-0.641852821716613,-0.641852821716613,2.59721852154567,1,0,-0.095351351453574,-0.546501470263039,0.183125,0,0.759356202171611,0.875424518232452,21.6941247601357,1804.53638362885,"OK",97,0.3165,0.0309
14,"null","deer_like","array_occ",74,0,-0.646692093247023,-0.646692093247023,2.76884383669046,1,0,-0.0949749772064477,-0.551717116040575,0.19275,0,0.735935382657646,0.843898581381358,17.5011882174771,1978.2249019146,"OK",97,0.3444,0.0515
15,"null","deer_like","array_occ",75,0,0.165502455397212,0.165502455397212,2.67373912323812,1,0,0.318107978958426,-0.152605523561214,0.158625,0,0.766317160836144,0.88401191562033,17.9750653163664,1670.50153017044,"OK",97,0.3488,0.0619
16,"null","deer_like","array_occ",76,0,0.00109227325589733,0.00109227325589733,0.979946903681133,1,0,0.536963507030425,-0.535871233774527,0.074375,0,0.793778656117486,0.885850686021464,8.85954888339522,1943.33646988869,"OK",97,0.3499,0.0515
17,"null","deer_like","array_occ",77,0,-0.173897916034851,-0.173897916034851,2.42740113993429,1,0,-0.140280472044355,-0.033617443990496,0.159625,0,0.778667418393458,0.880096644607891,22.826106500175,1838.4272506237,"OK",97,0.3471,0.0722
18,"null","deer_like","array_occ",78,0,0.164865896588756,0.164865896588756,1.25201204019027,1,0,0.229111650037878,-0.0642457534491221,0.1465,0,0.781913119355688,0.875963049933047,5.59153121844396,1684.3024084568,"OK",97,0.3556,0.0825
19,"null","deer_like","array_occ",79,0,-0.252886627582122,-0.252886627582122,0.69900748307535,1,0,-0.0296464018795158,-0.223240225702606,0.169,0,0.809870059273023,0.904937025752489,5.8180778200733,1537.58891034126,"OK",97,0.3108,0.0206
20,"null","deer_like","array_occ",80,0,0.0616164519762901,0.0616164519762901,1.16756846118096,1,0,-0.140013691597852,0.201630143574142,0.107875,0,0.799005911208493,0.881634613518601,8.77989901993865,1835.36389899254,"OK",97,0.2728,0.0206
21,"null","deer_like","array_occ",81,0,0.681419384408893,0.681419384408893,3.10804535791434,1,0,0.681764611913869,-0.000345227504976788,0.21275,0,0.777543883710482,0.873047216130723,12.9488283984875,1905.7979195118,"OK",97,0.3528,0.0825
22,"null","deer_like","array_occ",82,0,-0.83623878461362,-0.83623878461362,3.26234393202225,1,0,-0.402125387236783,-0.434113397376837,0.207125,0,0.77836307932723,0.876021269576355,14.4877610027934,1897.10456037521,"OK",97,0.3498,0.0928
23,"null","deer_like","array_occ",83,0,-0.408553302641671,-0.408553302641671,1.74840513074985,1,0,0.0072940248024984,-0.415847327444169,0.123375,0,0.752099287951419,0.86363018882571,9.41749243384028,1902.4993391037,"OK",97,0.3612,0.0515
24,"null","deer_like","array_occ",84,0,0.0404399778262207,0.0404399778262207,0.682913169845213,1,0,-0.121743569813448,0.162183547639669,0.10275,0,0.67298313694519,0.815448582351685,5.49423578116655,1726.67500972748,"OK",97,0.3627,0.0412
25,"null","deer_like","array_occ",85,0,0.118954468692415,0.118954468692415,2.73333426173804,1,0,0.0470463437109957,0.0719081249814192,0.177,0,0.720490038794495,0.843005880183974,18.3076324913742,1879.80369567871,"OK",97,0.3399,0.0309
26,"null","deer_like","array_occ",86,0,-0.0901321719109922,-0.0901321719109922,1.61985167504717,1,0,0.134457390943749,-0.224589562854742,0.141375,0,0.745477084026516,0.860185526596674,7.21233946438584,1885.00026917458,"OK",97,0.3577,0.0412
27,"null","deer_like","array_occ",87,0,0.12958056449691,0.12958056449691,3.5757864602937,1,0,0.554491679120559,-0.424911114623649,0.155375,0,0.772416813975206,0.875885423741971,24.5467922493819,2379.86554670334,"OK",97,0.3402,0.0515
28,"null","deer_like","array_occ",88,0,-0.0877027614178095,-0.0877027614178095,3.17748311244425,1,0,0.00165579782002132,-0.0893585592378308,0.190125,0,0.748660573890251,0.864566554755575,17.1138980873492,1615.22319436073,"OK",97,0.3243,0.0412
29,"null","deer_like","array_occ",89,0,0.107369564601354,0.107369564601354,1.63022676469948,1,0,0.124831109844946,-0.017461545243592,0.122125,0,0.756014659890674,0.873765258398184,14.8598760129673,1872.72850513458,"OK",97,0.342,0.0515
30,"null","deer_like","array_occ",90,0,-0.344622859450918,-0.344622859450918,1.37750797683137,1,0,0.0394770228649254,-0.384099882315843,0.149375,0,0.762274850043762,0.862038851908634,13.8563509224226,1844.067289114,"OK",97,0.3474,0.0619
1,"varying","deer_like","array_occ",91,-0.179515853428882,-2.02828580840984,-1.84876995498096,4.72805076378337,1,1,-0.379644646091489,-1.64864116231835,0.18775,0,0.772668271203265,0.882570979448466,27.5926036388169,1858.28088092804,"OK",97,0.3253,0.0825
2,"varying","deer_like","array_occ",92,-0.179515853428882,-1.69240524487448,-1.51288939144559,4.41961593916884,1,1,-0.646361903079889,-1.04604334179459,0.264,0,0.769311773252424,0.8780104407227,16.5076082993579,1780.34018111229,"OK",97,0.322,0.0515
3,"varying","deer_like","array_occ",93,-0.179515853428882,-1.35100115010243,-1.17148529667355,3.78513914619505,1,1,-0.655107402902341,-0.695893747200088,0.26925,0,0.781512730585212,0.875409963321625,21.8837138689488,1911.01379847527,"OK",97,0.3036,0.0722
4,"varying","deer_like","array_occ",94,-0.179515853428882,-0.672521614879478,-0.493005761450595,4.20217409592481,1,0,0.511882394976471,-1.18440400985595,0.134125,0,0.758713989996885,0.864217236895729,26.0456074634947,1841.95477962494,"OK",97,0.3303,0.0515
5,"varying","deer_like","array_occ",95,-0.179515853428882,-1.83847406242404,-1.65895820899516,3.71382883156225,0,1,-0.644238169216381,-1.19423589320766,0.25,0,0.690865373371505,0.828329678433503,22.4650895553552,1911.77612352371,"OK",97,0.3712,0.1031
6,"varying","deer_like","array_occ",96,-0.179515853428882,-0.263501052934267,-0.0839851995053849,1.72204539611472,1,0,0.0444794141167996,-0.307980467051067,0.13175,0,0.807341509131607,0.893686079683285,13.1659538415729,1683.35397291183,"OK",97,0.3621,0.0619
7,"varying","deer_like","array_occ",97,-0.179515853428882,-1.32673971792145,-1.14722386449256,3.23823161937305,0,1,-0.515784451904303,-0.810955266017143,0.255125,0,0.775758773027223,0.869418191697879,15.3846911553497,2017.87896895409,"OK",97,0.3323,0.0722
8,"varying","deer_like","array_occ",98,-0.179515853428882,-0.974230607253463,-0.79471475382458,2.24607712698305,0,1,-0.372447401708517,-0.601783205544945,0.224625,0,0.833483250699651,0.913606900968387,11.3515855403814,1861.68434286118,"OK",97,0.3135,0.0515
9,"varying","deer_like","array_occ",99,-0.179515853428882,-0.533823194485725,-0.354307341056843,1.97083139481522,1,0,-0.054554879040296,-0.479268315445429,0.1605,0,0.780676832065957,0.880591511576006,11.9543441275815,1916.37038087845,"OK",97,0.3601,0.0722
10,"varying","deer_like","array_occ",100,-0.179515853428882,-0.352217544078892,-0.17270169065001,1.90179177681237,1,0,0.0373322832105545,-0.389549827289446,0.153,0,0.736008317596619,0.859079353373828,11.4758377570612,1854.01371431351,"OK",97,0.3413,0.0309
11,"varying","deer_like","array_occ",101,-0.179515853428882,-0.88019954040091,-0.700683686972028,2.73039888259459,1,1,-0.336521343390933,-0.543678197009977,0.186625,0,0.768562450910178,0.867637640940053,10.9421901240485,1915.08572244644,"OK",97,0.3553,0.0206
12,"varying","deer_like","array_occ",102,-0.179515853428882,-0.696610989265187,-0.517095135836305,2.70746794487309,1,0,-0.155410253778181,-0.541200735487006,0.168375,0,0.750004564444807,0.868588561780745,16.5112762879969,2049.50995278358,"OK",97,0.332,0.0309
13,"varying","deer_like","array_occ",103,-0.179515853428882,-0.286139990761416,-0.106624137332534,2.5308633260145,1,0,-0.110491904537859,-0.175648086223557,0.1485,0,0.79255211485916,0.884613518601176,9.58603023952239,2080.82339024544,"OK",97,0.3656,0.0722
14,"varying","deer_like","array_occ",104,-0.179515853428882,-1.80560615326255,-1.62609029983367,5.09041509486868,1,0,-0.818462496977008,-0.987143656285543,0.28125,0,0.736014857696641,0.874439635933164,37.3863550627797,1976.66023492813,"OK",97,0.3425,0.0619
15,"varying","deer_like","array_occ",105,-0.179515853428882,-0.573197826631504,-0.393681973202622,4.86161016183775,1,0,-0.170264918262816,-0.402932908368689,0.20475,0,0.777720049640001,0.879136020493314,39.4503131304463,1899.79108572006,"OK",97,0.3377,0.0619
16,"varying","deer_like","array_occ",106,-0.179515853428882,-1.10582359434531,-0.926307740916429,4.36362432262379,1,0,-0.519749095905223,-0.586074498440088,0.27,0,0.789522333375604,0.882192551766966,26.0011567775829,2025.15926027298,"OK",97,0.3402,0.0412
17,"varying","deer_like","array_occ",107,-0.179515853428882,-0.855225475103002,-0.67570962167412,2.72472995776176,1,0,-0.0226949389731972,-0.832530536129805,0.169625,0,0.767039377028543,0.870660210755109,13.7506265504597,2068.75809431076,"OK",97,0.3501,0.0412
18,"varying","deer_like","array_occ",108,-0.179515853428882,-1.72478375658549,-1.54526790315661,3.43904280893561,0,1,-0.22575904522063,-1.49902471136486,0.150875,0,0.753862309767446,0.868375089755283,19.9455163116305,1974.79003167152,"OK",97,0.3819,0.1031
19,"varying","deer_like","array_occ",109,-0.179515853428882,-1.56005476931321,-1.38053891588433,3.4032568425475,0,1,0.122610597731161,-1.68266536704437,0.093625,0,0.752971718058789,0.866250072774554,11.5325642712756,1974.03550601006,"OK",97,0.3522,0.0928
20,"varying","deer_like","array_occ",110,-0.179515853428882,-0.901812627868866,-0.722296774439983,2.78738717986359,1,0,-0.12751304060429,-0.774299587264576,0.202375,0,0.789442137002048,0.894462341594054,24.5312523673672,2274.12280535698,"OK",97,0.3772,0.0722
21,"varying","deer_like","array_occ",111,-0.179515853428882,-0.210113306939106,-0.0305974535102236,2.99686105511328,1,0,-0.00273385758407153,-0.207379449355034,0.145875,0,0.728805263023668,0.8441557181393,17.9996782712438,3063.99875950813,"OK",97,0.334,0.0412
22,"varying","deer_like","array_occ",112,-0.179515853428882,-1.74362711677118,-1.56411126334229,3.56874047097045,0,1,-0.775330609279251,-0.968296507491925,0.30575,0,0.689357126922519,0.827388460866696,20.886990393364,2360.06451129913,"OK",97,0.344,0.0515
23,"varying","deer_like","array_occ",113,-0.179515853428882,-0.737072174754121,-0.557556321325238,2.33548797103589,1,0,0.455594764228162,-1.19266693898228,0.12625,0,0.657986431119835,0.808379747326748,11.4905119079701,2371.03871297836,"OK",97,0.2955,0.0619
24,"varying","deer_like","array_occ",114,-0.179515853428882,-1.21323796721388,-1.033722113785,4.93966472541265,1,0,-0.529896833396249,-0.683341133817635,0.24375,0,0.785790244533539,0.885423741970541,37.386903664862,3416.40245604515,"OK",97,0.348,0.0619
25,"varying","deer_like","array_occ",115,-0.179515853428882,-1.23238166060603,-1.05286580717715,3.69347638402202,1,1,-0.411352049577404,-0.821029611028628,0.224125,0,0.790218341078944,0.885457703429137,20.0296762669121,1514.03109693527,"OK",97,0.3566,0.0515
26,"varying","deer_like","array_occ",116,-0.179515853428882,-0.904416459066913,-0.72490060563803,2.0192312455803,1,1,-0.0560489834202363,-0.848367475646676,0.17775,0,0.755645625129129,0.861602204583827,11.2760554385404,1411.31354641914,"OK",97,0.3424,0.0412
27,"varying","deer_like","array_occ",117,-0.179515853428882,-0.712855200260103,-0.533339346831221,1.53741519465619,1,1,-0.113185176011327,-0.599670024248776,0.188,0,0.795564391957363,0.889819325040269,10.4333783000027,1857.67361140251,"OK",97,0.3269,0.0412
28,"varying","deer_like","array_occ",118,-0.179515853428882,-0.848394411109311,-0.668878557680429,2.33346052257288,1,1,-0.282517643256838,-0.565876767852473,0.206,0,0.714130240353325,0.832744668051,12.765286469161,1823.11946368217,"OK",97,0.3224,0.0722
29,"varying","deer_like","array_occ",119,-0.179515853428882,-0.657061142379181,-0.477545288950298,2.73865720537839,1,0,0.132460089252496,-0.789521231631677,0.13625,0,0.783878547649606,0.886665761027771,13.3038573127066,2001.4986333847,"OK",97,0.3534,0.0722
30,"varying","deer_like","array_occ",120,-0.179515853428882,-0.672458955130608,-0.492943101701726,3.01758021054051,1,0,0.0433901445085147,-0.715849099639123,0.151,0,0.743559728673692,0.862994624386268,20.8566519287765,1859.62630081177,"OK",97,0.3327,0.0825
1,"null","intermediate","array_occ",121,0,0.0621722927908507,0.0621722927908507,2.89890668112288,1,0,-0.162628710645411,0.224801003436262,0.178875,0,0.713956014012293,0.828067690038619,11.0255584017131,1831.39707303047,"OK",97,0.2382,0.0206
2,"null","intermediate","array_occ",122,0,0.345581135520566,0.345581135520566,4.87379486194914,1,0,0.179728211335851,0.165852924184715,0.20425,0,0.729991826317642,0.843088358011993,40.3253294192372,1965.49258065224,"OK",97,0.232,0.0412
3,"null","intermediate","array_occ",123,0,-0.470111059525599,-0.470111059525599,3.5749213047462,1,0,-0.0916132554827698,-0.378497804042829,0.196,0,0.717476960213446,0.836921927458324,25.2587338577655,1847.06864953041,"OK",97,0.2199,0.0309
4,"null","intermediate","array_occ",124,0,0.409868673369886,0.409868673369886,3.53028698303212,1,0,0.609006161289392,-0.199137487919506,0.209125,0,0.550621584410723,0.737516738147451,10.9076070513702,1793.65764546394,"OK",97,0.2602,0.0412
5,"null","intermediate","array_occ",125,0,-0.523621835856949,-0.523621835856949,4.55986463446568,1,0,-0.300863889226051,-0.222757946630898,0.225625,0,0.746423042170164,0.861660424227134,25.9697953136838,1793.88660764694,"OK",97,0.2255,0.0206
6,"null","intermediate","array_occ",126,0,0.799045776065839,0.799045776065839,3.77757950461922,1,0,0.66067769616361,0.138368079902229,0.24675,0,0.726857948242065,0.851908633973103,16.6603423343895,1846.7216129303,"OK",97,0.2281,0
7,"null","intermediate","array_occ",127,0,0.280293402879361,0.280293402879361,4.3202631108087,1,0,0.161798267003339,0.118495135876023,0.221,0,0.745996140347148,0.868520638863553,34.4900544851763,1777.1615459919,"OK",97,0.2538,0.0619
8,"null","intermediate","array_occ",128,0,-0.145744787196333,-0.145744787196333,2.81853667225098,1,0,-0.114252889191222,-0.0314918980051105,0.199,0,0.765217301956434,0.868821440353975,14.5790032652377,1978.32631254196,"OK",97,0.2613,0.0412
9,"null","intermediate","array_occ",129,0,0.897217175558632,0.897217175558632,4.92605838269956,1,0,0.543723427505052,0.35349374805358,0.28425,0,0.674397289308073,0.823361602204584,23.8943529253999,1804.00950264931,"OK",97,0.2487,0.0619
10,"null","intermediate","array_occ",130,0,0.306716226762022,0.306716226762022,4.20423186497433,1,0,0.184576268967317,0.122139957794704,0.210375,0,-0.525862272514523,0.256763181897572,26.8378635139682,1973.26086974144,"OK",97,0.1843,0.0103
11,"null","intermediate","array_occ",131,0,-0.479167247454223,-0.479167247454223,4.77222702508575,1,0,-0.212765539950207,-0.266401707504016,0.22975,0,0.754611135190328,0.867395059092938,22.7540605492514,1780.79700756073,"OK",97,0.2153,0.0206
12,"null","intermediate","array_occ",132,0,-0.0497574473543054,-0.0497574473543054,5.15948654234168,1,0,0.0166322253568184,-0.0663896727111239,0.24025,0,0.759368849570919,0.865769760717266,38.574665820926,1781.40521192551,"OK",97,0.2265,0.0412
13,"null","intermediate","array_occ",133,0,0.276890472775059,0.276890472775059,2.91099224432757,1,0,0.219993031693416,0.056897441081643,0.200375,0,0.608409795999052,0.772244755380465,17.5266461888726,1973.90970540047,"OK",97,0.2567,0.0309
14,"null","intermediate","array_occ",134,0,-0.693311275247861,-0.693311275247861,4.72009015664819,1,0,-0.217633058530374,-0.475678216717487,0.213875,0,0.707775218749916,0.825219779153486,31.0244575624063,1865.81088662148,"OK",97,0.2418,0.0309
15,"null","intermediate","array_occ",135,0,1.02566296791055,1.02566296791055,4.3548120687535,1,0,0.51255541007432,0.51310755783623,0.247,0,0.692687961392636,0.816443167924858,20.5731239563024,2031.38177919388,"OK",97,0.1982,0.0206
16,"null","intermediate","array_occ",136,0,-0.39030584945685,-0.39030584945685,4.50027101870047,1,0,-0.0753236313661081,-0.314982218090742,0.20675,0,0.64899106854767,0.804265559199674,25.5466292291124,1832.23994517326,"OK",97,0.2257,0.0206
17,"null","intermediate","array_occ",137,0,0.74300480683334,0.74300480683334,4.37884348160274,1,0,0.430823334275239,0.312181472558101,0.24125,0,0.72921403530471,0.861446952201673,18.6961686405656,1955.05076336861,"OK",97,0.2371,0.0515
18,"null","intermediate","array_occ",138,0,-0.819331003440406,-0.819331003440406,3.5802697569076,1,0,-0.324246822283254,-0.495084181157152,0.196125,0,0.720650671986461,0.836883114362786,18.5960894597524,1784.30929613113,"OK",97,0.2354,0.0412
19,"null","intermediate","array_occ",139,0,-0.249061840364538,-0.249061840364538,5.05453642669845,1,0,0.329569578371427,-0.578631418735965,0.165,0,0.780039989826298,0.882182848493082,24.9017193767462,1789.34707856178,"OK",97,0.1921,0.0206
20,"null","intermediate","array_occ",140,0,-0.121708523200379,-0.121708523200379,3.35568163111466,1,0,0.000514256825783021,-0.122222780026162,0.162,0,0.790180703444503,0.888630673989404,21.891047131499,1789.22733521461,"OK",97,0.2498,0.0515
21,"null","intermediate","array_occ",141,0,0.620227792238508,0.620227792238508,4.04132053568232,1,0,0.387937452862294,0.232290339376214,0.20125,0,0.700818459855496,0.843427972597955,18.9200204086338,1783.19563245773,"OK",97,0.2442,0.0206
22,"null","intermediate","array_occ",142,0,-1.06128196522097,-1.06128196522097,4.81597852342266,1,0,-0.456197812026785,-0.605084153194187,0.23375,0,0.738226405342864,0.853907508393332,28.4118743053449,1943.05732131004,"OK",97,0.2131,0.0103
23,"null","intermediate","array_occ",143,0,0.434795875647657,0.434795875647657,3.12774767589106,1,0,0.355725444268015,0.0790704313796421,0.21575,0,0.667500272944983,0.809233635428594,23.6933678555775,1963.76864027977,"OK",97,0.2259,0.0309
24,"null","intermediate","array_occ",144,0,0.380962218035013,0.380962218035013,4.24854867469032,1,0,0.140620392282171,0.240341825752842,0.202625,0,0.662063526267727,0.794450697665392,29.844426775021,1838.7195751667,"OK",97,0.2603,0.0515
25,"null","intermediate","array_occ",145,0,1.23471285292232,1.23471285292232,5.71767182897143,1,0,0.962532118512928,0.272180734409388,0.2785,0,0.713123000831282,0.84379669700557,28.5809787405787,1863.55847907066,"OK",97,0.2557,0.0309
26,"null","intermediate","array_occ",146,0,-0.778571794293592,-0.778571794293592,4.43217771420527,1,0,-0.214775619854703,-0.563796174438889,0.18875,0,0.647735529639982,0.799802053212754,23.8405387542449,1935.00083565712,"OK",97,0.2255,0.0206
27,"null","intermediate","array_occ",147,0,-0.670483701191133,-0.670483701191133,4.13769668406653,1,0,-0.203817705666265,-0.466665995524868,0.195125,0,0.611055458813905,0.783427778532477,20.8815843963705,1897.56044149399,"OK",97,0.254,0.0206
28,"null","intermediate","array_occ",148,0,-0.208961217789201,-0.208961217789201,4.25012267958081,1,0,-0.0611654085975993,-0.147795809191602,0.201375,0,0.733489721872148,0.850695724737526,18.2054790046236,1796.44740629196,"OK",97,0.233,0.0412
29,"null","intermediate","array_occ",149,0,0.377092817727749,0.377092817727749,4.01127481564989,1,0,0.0771059271150073,0.299986890612742,0.225125,0,0.727571492390073,0.856406101418619,18.2068498064919,1849.91046237946,"OK",97,0.2291,0.0206
30,"null","intermediate","array_occ",150,0,0.928070555876482,0.928070555876482,4.13649673446078,1,0,0.726453976335234,0.201616579541247,0.254125,0,0.577080328473959,0.767213607871296,18.2789223203869,1842.81650733948,"OK",97,0.2353,0.0206
1,"varying","intermediate","array_occ",151,-0.179515853428882,-0.389654924178463,-0.210139070749581,5.99880350617531,1,0,0.0185539745560378,-0.408208898734501,0.236875,0,0.59875808309476,0.785809932271148,49.4496466179165,1982.353536129,"OK",97,0.2258,0.0206
2,"varying","intermediate","array_occ",152,-0.179515853428882,0.864077259707203,1.04359311313609,5.51461910447316,1,0,0.339451390020287,0.524625869686915,0.2215,0,-0.606629189649388,0.214156106270256,56.2161238440894,1988.42743229866,"OK",97,0.2258,0.0309
3,"varying","intermediate","array_occ",153,-0.179515853428882,-1.15756432447035,-0.97804847104147,5.09707757086606,1,0,-0.480322196674208,-0.677242127796144,0.258375,0,0.710843615676985,0.833656775796154,28.9699025580064,1796.16018724442,"OK",97,0.2535,0.0412
4,"varying","intermediate","array_occ",154,-0.179515853428882,-1.41440340023561,-1.23488754680673,4.90929611467678,1,0,-0.515201314982609,-0.899202085252998,0.245375,0,0.722323735367869,0.846533020241029,16.125846475577,1786.26621460915,"OK",97,0.2585,0.0206
5,"varying","intermediate","array_occ",155,-0.179515853428882,-0.955695717629783,-0.776179864200901,5.02196480827321,1,0,-0.387500495482369,-0.568195222147414,0.231875,0,0.706773990349217,0.826025150885909,23.721011270983,1905.74244689941,"OK",97,0.2643,0.0412
6,"varying","intermediate","array_occ",156,-0.179515853428882,-0.488451841653601,-0.308935988224718,5.07109170374326,1,0,-0.0794435147951252,-0.409008326858475,0.219375,0,0.723275432128694,0.852427759125929,35.5678620333229,1806.03418660164,"OK",97,0.2368,0.0206
7,"varying","intermediate","array_occ",157,-0.179515853428882,-0.264834541810165,-0.0853186883812828,3.86769884861617,1,0,-0.00495009664077945,-0.259884445169386,0.200875,0,0.762156503086743,0.864309417997632,12.2258517926026,2067.65393900871,"OK",97,0.2627,0.0412
8,"varying","intermediate","array_occ",158,-0.179515853428882,-0.994024028029214,-0.814508174600332,3.83940843981528,1,0,-0.308350058125556,-0.685673969903658,0.205375,0,0.748896434262129,0.865803722175862,21.0348738416089,1819.86155176163,"OK",97,0.2394,0.0309
9,"varying","intermediate","array_occ",159,-0.179515853428882,-0.632245473584004,-0.452729620155121,5.60267619909353,1,0,-0.310101900518405,-0.322143573065598,0.259375,0,0.760451428480472,0.881261037474044,29.8162153489476,1961.97242927551,"OK",97,0.2382,0.0206
10,"varying","intermediate","array_occ",160,-0.179515853428882,-0.746931259658172,-0.56741540622929,4.5931883516934,1,0,-0.159721952091473,-0.587209307566699,0.209125,0,0.695535245232191,0.84007063983388,32.090716105775,1981.45804691315,"OK",97,0.2116,0.0309
11,"varying","intermediate","array_occ",161,-0.179515853428882,-1.03459853376971,-0.855082680340831,3.87049157104241,1,0,-0.428650389798727,-0.605948143970987,0.249,0,0.715444832517095,0.844577810553281,19.714873357708,3006.84035754204,"OK",97,0.2483,0.0412
12,"varying","intermediate","array_occ",162,-0.179515853428882,-1.36414531770115,-1.18462946427227,3.24119511540834,1,1,-0.514754064262651,-0.849391253438503,0.2515,0,0.607144799593783,0.78676085311184,22.4934984926988,2738.99972605705,"OK",97,0.2122,0.0103
13,"varying","intermediate","array_occ",163,-0.179515853428882,-0.585328814506804,-0.405812961077922,4.89276906196665,1,0,-0.102900949153316,-0.482427865353488,0.186875,0,0.715976953008115,0.828135612955811,23.894145637365,2095.18883275986,"OK",97,0.2418,0.0103
14,"varying","intermediate","array_occ",164,-0.179515853428882,-1.70293744386294,-1.52342159043406,3.20661722662196,0,1,-0.731876856834671,-0.971060587028268,0.284625,0,0.508649418531409,0.709396650429855,21.2230296119957,2495.36135792732,"OK",97,0.2067,0.0103
15,"varying","intermediate","array_occ",165,-0.179515853428882,-1.06705550961006,-0.887539656181179,5.11363925836973,1,0,-0.507251681932431,-0.55980382767763,0.260375,0,0.686600859474939,0.827369054318927,29.1127578675017,2711.46829485893,"OK",97,0.2025,0.0103
16,"varying","intermediate","array_occ",166,-0.179515853428882,-0.282279064499145,-0.102763211070262,2.21054462509641,1,0,0.0713272955247337,-0.353606360023878,0.143,0,0.572282780395928,0.772409711036504,9.48513928796353,2708.97912287712,"OK",97,0.2287,0.0309
17,"varying","intermediate","array_occ",167,-0.179515853428882,-1.03023124380911,-0.850715390380231,4.39473098704128,1,0,-0.511991098578162,-0.518240145230951,0.24475,0,0.688565678641895,0.845829532884395,23.1955571424992,2695.48715019226,"OK",97,0.2678,0.0515
18,"varying","intermediate","array_occ",168,-0.179515853428882,-0.890111949503806,-0.710596096074924,3.5658814977905,1,0,0.112533501639968,-1.00264545114377,0.13775,0,0.654058219425389,0.808185681849056,13.5468105641159,2498.56010317802,"OK",97,0.2526,0.0412
19,"varying","intermediate","array_occ",169,-0.179515853428882,-1.67594470109174,-1.49642884766285,3.0457910017465,0,1,-0.279585189728014,-1.39635951136372,0.182875,0,0.73580313798808,0.839279823012284,8.5635455821755,2685.15358018875,"OK",97,0.2136,0.0309
20,"varying","intermediate","array_occ",170,-0.179515853428882,-1.77934438600546,-1.59982853257657,3.41696840458984,0,1,-1.13147860334716,-0.647865782658299,0.387125,0,0.693212948686327,0.82383706262493,19.6625586011063,2392.52286672592,"OK",97,0.2688,0.0206
21,"varying","intermediate","array_occ",171,-0.179515853428882,-1.0838252832215,-0.904309429792614,3.83501089878215,1,0,-0.475226641390976,-0.608598641830521,0.234125,0,0.759050051754152,0.860132158590308,25.0937756168554,2704.61260104179,"OK",97,0.2164,0.0103
22,"varying","intermediate","array_occ",172,-0.179515853428882,0.376102742905947,0.555618596334829,4.75580764439852,1,0,0.117278602608351,0.258824140297595,0.201,0,-0.586088562860628,0.240054144268276,38.594393433532,2581.27971482277,"OK",97,0.2292,0.0515
23,"varying","intermediate","array_occ",173,-0.179515853428882,-0.892711294999682,-0.713195441570799,4.93239877472859,1,0,-0.237084034765406,-0.655627260234276,0.207125,0,0.788836135822297,0.887092705078694,28.540824557481,2571.78655195236,"OK",97,0.2315,0.0412
24,"varying","intermediate","array_occ",174,-0.179515853428882,-0.877340933780494,-0.697825080351611,5.30339357295019,1,0,-0.385842620212764,-0.49149831356773,0.248875,0,0.735962825430288,0.846319548215568,50.8311778633288,2639.60835003853,"OK",97,0.248,0.0206
25,"varying","intermediate","array_occ",175,-0.179515853428882,-2.14733592846802,-1.96782007503914,4.91855363129608,0,1,-0.998981096158359,-1.14835483230966,0.31075,0,0.751067683350863,0.870839721321974,22.7506393248583,2500.37637162209,"OK",97,0.2502,0.0412
26,"varying","intermediate","array_occ",176,-0.179515853428882,-2.36906795676823,-2.18955210333935,6.57293231839501,1,0,-0.796675675523453,-1.57239228124478,0.24875,0,0.743493622368566,0.853606706902909,34.0880802068904,2569.46031117439,"OK",97,0.2221,0.0103
27,"varying","intermediate","array_occ",177,-0.179515853428882,-0.563296585306992,-0.383780731878109,4.86544500306457,1,0,-0.255878085125641,-0.307418500181351,0.228,0,0.737024629904476,0.871659647965223,35.9560612780833,2152.07269692421,"OK",97,0.2573,0.0309
28,"varying","intermediate","array_occ",178,-0.179515853428882,-0.365149725889308,-0.185633872460426,4.32142510544077,1,0,0.150195042422841,-0.515344768312149,0.172875,0,0.739495329014078,0.850933454947699,16.2653165290249,1548.7510228157,"OK",97,0.248,0.0309
29,"varying","intermediate","array_occ",179,-0.179515853428882,-1.14376746797475,-0.964251614545871,4.33713762492864,1,0,0.161783921060429,-1.30555138903518,0.12075,0,0.316212088839501,0.6271274427992,6.07584774735824,1411.58445239067,"OK",97,0.2231,0.0206
30,"varying","intermediate","array_occ",180,-0.179515853428882,-1.05898217396897,-0.879466320540083,4.72166313686773,1,0,-0.318920668261279,-0.740061505707686,0.2265,0,0.656233620195265,0.804954491645481,27.6568132966524,1531.88617801666,"OK",97,0.2271,0.0309
1,"null","bobcat_like","array_rn",181,0,-0.606311439680972,-0.606311439680972,1.57469105029791,1,0,-0.0413233301415506,-0.564988109539421,0.127375,0,-0.0628370886571631,0.496928913815521,2.80690869712852,1523.53473877907,"OK",97,0.1373,0
2,"null","bobcat_like","array_rn",182,0,-0.00814540087459075,-0.00814540087459075,0.711251387378619,1,0,-0.0297892861644107,0.02164388528982,0.158625,0,0.375147238409905,0.656572027402045,3.57625835583545,1504.29487490654,"OK",97,0.1745,0.0206
3,"null","bobcat_like","array_rn",183,0,-0.0496793020637391,-0.0496793020637391,0.696286648419175,1,0,0.12166923741239,-0.171348539476129,0.102375,0,0.242961413714433,0.579261192726426,2.56982972095432,1669.43358373642,"OK",97,0.1453,0.0103
4,"null","bobcat_like","array_rn",184,0,0.0751345421018013,0.0751345421018013,1.07762842030518,1,0,0.125457656137603,-0.0503231140358021,0.15775,0,-0.128571938543514,0.462273671136642,3.5555508587722,1838.87695646286,"OK",97,0.1419,0.0309
5,"null","bobcat_like","array_rn",185,0,0.413182182638185,0.413182182638185,1.13023054304312,1,0,0.139626512922178,0.273555669716008,0.200875,0,-0.262893939438385,0.370883386054455,3.26966505071725,1734.61854529381,"OK",97,0.1359,0
6,"null","bobcat_like","array_rn",186,0,-0.0280200907629741,-0.0280200907629741,0.660379187209559,1,0,-0.283320294035172,0.255300203272198,0.089375,0,0.262644133264989,0.576602495682043,3.50676636944026,1810.19725513458,"OK",97,0.1463,0
7,"null","bobcat_like","array_rn",187,0,-0.197724593678858,-0.197724593678858,0.841344913801636,1,0,-0.0535474017218667,-0.144177191956992,0.165625,0,-0.0331666265043613,0.516709037629296,2.54448173418796,1647.60812616348,"OK",97,0.1538,0
8,"null","bobcat_like","array_rn",188,0,-0.255909087279896,-0.255909087279896,1.04069703379908,1,0,0.109231016517623,-0.36514010379752,0.09775,0,0.152429454000872,0.537978613984358,2.37044944849915,2412.42969083786,"OK",97,0.1327,0.0103
9,"null","bobcat_like","array_rn",189,0,-0.0606212826135345,-0.0606212826135345,0.709532939045205,1,0,0.0781195032648232,-0.138740785878358,0.133375,0,0.485570319243602,0.707208562168876,3.16086116016673,2796.28440856934,"OK",97,0.1269,0
10,"null","bobcat_like","array_rn",190,0,-0.157716623678094,-0.157716623678094,0.792799042866967,1,0,0.102079426175099,-0.259796049853193,0.103875,0,0.384007470974259,0.654480971879912,2.58375714901117,2923.06684827805,"OK",97,0.1618,0.0206
11,"null","bobcat_like","array_rn",191,0,-0.0735169931844345,-0.0735169931844345,0.881869272880227,1,0,-0.0568804148995413,-0.0166365782848932,0.142875,0,0.419885978806197,0.696151681577364,2.27268714229715,1894.85589909554,"OK",97,0.1445,0
12,"null","bobcat_like","array_rn",192,0,0.231043172280333,0.231043172280333,0.959460572964455,1,0,-0.0766003925149229,0.307643564795256,0.080625,0,0.636948099513457,0.795401618506084,3.26717704880641,1752.89391565323,"OK",97,0.1351,0
13,"null","bobcat_like","array_rn",193,0,0.152360597730767,0.152360597730767,0.856708145409234,1,0,0.0558847573115134,0.0964758404192532,0.133375,0,0.434250603199997,0.683707232820354,4.10051057322617,1765.61623859406,"OK",97,0.1483,0.0103
14,"null","bobcat_like","array_rn",194,0,0.323954794512233,0.323954794512233,0.999169667846388,1,0,0.0694675937109636,0.254487200801269,0.17675,0,0.647908730082971,0.798865687282889,1.66268775665724,1819.38281369209,"OK",97,0.1079,0
15,"null","bobcat_like","array_rn",195,0,0.00274537929112754,0.00274537929112754,0.7554714091117,1,0,-0.158445593489421,0.161190972780549,0.114875,0,0.477374403750863,0.697058937685575,3.4588981895771,1844.36496019363,"OK",97,0.1469,0.0103
16,"null","bobcat_like","array_rn",196,0,-0.280697573730515,-0.280697573730515,0.877115691049252,1,0,-0.180491397759723,-0.100206175970792,0.248875,0,0.468945865876943,0.688995517087465,3.44547775285456,1840.34556245804,"OK",97,0.1661,0.0103
17,"null","bobcat_like","array_rn",197,0,-0.350760353305522,-0.350760353305522,0.838593648305219,1,0,0.0471450956857135,-0.397905448991235,0.07925,0,0.198322393813822,0.556128587785519,3.64004569157519,1854.10850381851,"OK",97,0.1745,0.0206
18,"null","bobcat_like","array_rn",198,0,-0.0718281032899614,-0.0718281032899614,0.774106844557296,1,0,-0.0873234865120958,0.0154953832221344,0.1395,0,0.556130737048274,0.755419278464554,2.80645968000365,1843.56824660301,"OK",97,0.1335,0.0103
19,"null","bobcat_like","array_rn",199,0,0.0692190317827866,0.0692190317827866,0.957168491080329,1,0,0.0306509333691687,0.0385680984136179,0.168875,0,-0.0274673140468028,0.517679365017757,3.31563342775982,2461.72709155083,"OK",97,0.1752,0.0206
20,"null","bobcat_like","array_rn",200,0,-0.228411270437739,-0.228411270437739,0.763187513814548,1,0,0.083634441974487,-0.312045712412226,0.110875,0,0.394160447280005,0.6612344505036,2.64845108393973,2438.17186164856,"OK",97,0.1249,0
21,"null","bobcat_like","array_rn",201,0,0.102775795806298,0.102775795806298,0.768297587910065,1,0,-0.0640276950171486,0.166803490823446,0.137625,0,0.275119566413169,0.608633002775136,2.91645857945691,2335.76729226112,"OK",97,0.1367,0
22,"null","bobcat_like","array_rn",202,0,0.199836902839813,0.199836902839813,1.23751983386513,1,0,0.549336557920032,-0.349499655080219,0.113875,0,-0.244804070866023,0.415183682974636,2.1322334510536,1863.91929936409,"OK",97,0.1378,0.0206
23,"null","bobcat_like","array_rn",203,0,-0.208426172640545,-0.208426172640545,0.934426101566894,1,0,-0.120592137539467,-0.0878340351010788,0.221375,0,0.449599368380223,0.695821770265287,3.03735607892458,1859.52730584145,"OK",97,0.1781,0.0309
24,"null","bobcat_like","array_rn",204,0,-0.0693860594634911,-0.0693860594634911,1.10364738641439,1,0,-0.0538352286395259,-0.0155508308239652,0.168125,0,0.577794497778586,0.764215296240952,3.29195762940813,1846.042304039,"OK",97,0.1192,0
25,"null","bobcat_like","array_rn",205,0,-0.332040237142319,-0.332040237142319,0.783069070512106,1,0,-0.0671986223061475,-0.264841614836172,0.16575,0,0.230501304918266,0.56949969919851,3.87256436534461,1774.05734777451,"OK",97,0.1772,0.0206
26,"null","bobcat_like","array_rn",206,0,-0.0164621695324207,-0.0164621695324207,0.963009352955971,1,0,-0.224016020327576,0.207553850795155,0.134,0,0.275027315737611,0.593694812629781,2.61312933395294,1737.47632884979,"OK",97,0.1236,0.0103
27,"null","bobcat_like","array_rn",207,0,-0.453032095790355,-0.453032095790355,1.12277993905383,1,0,0.130508787090811,-0.583540882881166,0.040125,0,0.470736570910466,0.690557744182887,3.07813117109462,1813.3444070816,"OK",97,0.1431,0.0206
28,"null","bobcat_like","array_rn",208,0,-0.265988547953821,-0.265988547953821,0.691287865683327,1,0,0.0524884471035543,-0.318476995057376,0.083375,0,0.0731264933729311,0.480719594791283,3.91037760705213,1822.80548787117,"OK",97,0.1504,0.0103
29,"null","bobcat_like","array_rn",209,0,-0.0450342139146664,-0.0450342139146664,0.725294131203756,1,0,0.197461940537103,-0.242496154451769,0.124875,0,0.455829615134189,0.679005996623261,2.9195106916779,1795.44450831413,"OK",97,0.1278,0.0103
30,"null","bobcat_like","array_rn",210,0,-0.0210251895595526,-0.0210251895595526,1.07672498578659,1,0,-0.155651101416286,0.134625911856734,0.158125,0,0.390953890739967,0.665935686700693,2.91395934746379,1803.84846377373,"OK",97,0.1323,0
1,"varying","bobcat_like","array_rn",211,-0.179515853428882,-0.262728349474804,-0.0832124960459219,0.889397444174685,1,0,-0.0366928203540984,-0.226035529120706,0.172375,0,0.432936443836963,0.685012323157833,2.99759530856338,1596.17264485359,"OK",97,0.1355,0
2,"varying","bobcat_like","array_rn",212,-0.179515853428882,0.880815423416835,1.06033127684572,1.05326535188164,0,1,0.129973624035558,0.750841799381277,0.110125,0,-0.286524763487622,0.373561489646607,4.95269108619797,1880.72850465775,"OK",97,0.1478,0
3,"varying","bobcat_like","array_rn",213,-0.179515853428882,-0.0813042962901649,0.0982115571387174,0.855183188738243,1,0,-0.0414086369693306,-0.0398956593208344,0.14975,0,0.259290600800678,0.586349434299133,3.59091300799248,1814.0940310955,"OK",97,0.1725,0.0206
4,"varying","bobcat_like","array_rn",214,-0.179515853428882,0.0760054361143259,0.255521289543208,1.25837329700253,1,0,0.0113856048680369,0.0646198312462889,0.17775,0,0.61933312555692,0.800709309320965,2.99869712504108,1800.32892394066,"OK",97,0.1151,0.0103
5,"varying","bobcat_like","array_rn",215,-0.179515853428882,0.434748126504174,0.614263979933056,1.62852456601129,1,0,0.29887825839277,0.135869868111404,0.26125,0,0.381401994509298,0.665348638630674,2.15312521703748,1977.67637252808,"OK",97,0.1347,0.0103
6,"varying","bobcat_like","array_rn",216,-0.179515853428882,0.493874948038263,0.673390801467145,0.844239260959972,0,1,0.360341964091318,0.133532983946945,0.383,0,-0.409101706522084,0.331061150032021,3.28722844203348,1992.99747085571,"OK",97,0.1376,0.0206
7,"varying","bobcat_like","array_rn",217,-0.179515853428882,-0.401415559247234,-0.221899705818352,0.875813636085169,1,0,0.10673168796825,-0.508147247215484,0.04375,0,-0.0341850386972749,0.452939121659648,2.8342776462489,1869.77520799637,"OK",97,0.163,0
8,"varying","bobcat_like","array_rn",218,-0.179515853428882,-0.167273086184326,0.012242767244556,0.849485271358711,1,0,-0.0805376157400673,-0.0867354704442589,0.197375,0,0.492321161165264,0.712666653728968,3.08998937067089,1909.85328602791,"OK",97,0.1245,0.0103
9,"varying","bobcat_like","array_rn",219,-0.179515853428882,-0.0176096422388065,0.161906211190076,1.010749233519,1,0,-0.271908396518361,0.254298754279555,0.1355,0,0.616015275108907,0.788672398067108,3.36946568368941,2029.73677992821,"OK",97,0.1654,0.0206
10,"varying","bobcat_like","array_rn",220,-0.179515853428882,0.223489894558157,0.403005747987039,1.03178788510747,1,0,-0.231842457658166,0.455332352216323,0.0915,0,0.594788130173702,0.782835878825516,3.38076363359356,2054.54509973526,"OK",97,0.1354,0.0206
11,"varying","bobcat_like","array_rn",221,-0.179515853428882,-0.271486888327235,-0.0919710348983531,1.25868368154756,1,0,0.395901679814561,-0.667388568141796,0.035,0,0.601999744583447,0.798079722098236,2.74256450585332,1914.77755832672,"OK",97,0.1523,0.0206
12,"varying","bobcat_like","array_rn",222,-0.179515853428882,0.557145235255836,0.736661088684719,0.973196939354984,0,1,0.282178608579955,0.274966626675881,0.29175,0,-0.247451416794852,0.40807603485416,2.7746752071611,2056.5212521553,"OK",97,0.1264,0
13,"varying","bobcat_like","array_rn",223,-0.179515853428882,-0.516786892701293,-0.337271039272411,0.863908674809657,1,1,-0.175556945768428,-0.341229946932865,0.19325,0,0.431069165132348,0.670874653107959,3.08006512570517,1870.66511797905,"OK",97,0.1309,0.0103
14,"varying","bobcat_like","array_rn",224,-0.179515853428882,-0.376202708283793,-0.196686854854911,0.911914582185681,1,0,-0.206460001809482,-0.169742706474311,0.216125,0,0.226690991350445,0.57493353257389,3.63843277274923,2063.491574049,"OK",97,0.139,0.0103
15,"varying","bobcat_like","array_rn",225,-0.179515853428882,-0.255266684401064,-0.0757508309721821,1.00319907250756,1,0,0.200658549922298,-0.455925234323362,0.0515,0,0.370375850731963,0.648697820644686,3.28345044530651,2029.17446088791,"OK",97,0.1501,0.0103
16,"varying","bobcat_like","array_rn",226,-0.179515853428882,-0.0995502744965979,0.0799655789322844,1.21110852673584,1,0,0.296639665145599,-0.396189939642197,0.08275,0,0.343213933708745,0.647834229268955,3.14829117265008,2035.30925107002,"OK",97,0.1385,0.0103
17,"varying","bobcat_like","array_rn",227,-0.179515853428882,-0.205970613516013,-0.0264547600871309,1.07875611042868,1,0,-0.192781474726074,-0.0131891387899397,0.23175,0,0.296049152827022,0.599909759552873,2.63129699783495,2148.37888145447,"OK",97,0.1488,0.0206
18,"varying","bobcat_like","array_rn",228,-0.179515853428882,-0.406008052281713,-0.226492198852831,0.915368482823328,1,0,-0.206583128631284,-0.199424923650429,0.285125,0,0.439109673101276,0.67456189718411,3.11568341768512,2229.29189920425,"OK",97,0.1589,0.0206
19,"varying","bobcat_like","array_rn",229,-0.179515853428882,-0.357835161162554,-0.178319307733672,0.701399415820695,1,1,-0.187723711421496,-0.170111449741058,0.263375,0,0.686385404856316,0.833171612101923,3.97318194103012,1968.5585694313,"OK",97,0.1368,0
20,"varying","bobcat_like","array_rn",230,-0.179515853428882,-0.272991124746025,-0.0934752713171426,0.731682111323691,1,0,-0.382207489003853,0.109216364257828,0.214,0,0.450139118987935,0.68230996138097,2.59447799356029,2729.29598999023,"OK",97,0.1403,0.0103
21,"varying","bobcat_like","array_rn",231,-0.179515853428882,-0.505905301448935,-0.326389448020052,1.24599381249581,1,0,0.0570181839255832,-0.562923485374518,0.097125,0,0.629966863332925,0.789269149411011,2.91763089739318,2343.5046544075,"OK",97,0.1539,0.0103
22,"varying","bobcat_like","array_rn",232,-0.179515853428882,-0.105187870377305,0.074327983051577,1.3922024695252,1,0,-0.131720132512401,0.0265322621350954,0.177,0,-0.064597513668769,0.512323157833453,2.98669408511573,2433.30873847008,"OK",97,0.1691,0.0206
23,"varying","bobcat_like","array_rn",233,-0.179515853428882,-0.297329361615293,-0.117813508186411,1.12332106401269,1,0,0.122791708921876,-0.42012107053717,0.07925,0,0.601177150679432,0.761736109763434,2.94699617205522,1785.47236442566,"OK",97,0.1528,0.0103
24,"varying","bobcat_like","array_rn",234,-0.179515853428882,-0.177614577187004,0.00190127624187877,0.851997614815389,1,0,-0.0357403475876115,-0.141874229599392,0.14825,0,0.322286944099313,0.614571406392517,3.6235815637716,1681.31502532959,"OK",97,0.1113,0
25,"varying","bobcat_like","array_rn",235,-0.179515853428882,0.49030614680085,0.669822000229732,1.18377489987085,0,0,-0.0352319769885679,0.525538123789418,0.101625,0,0.0341155661641962,0.54109821653826,3.02680182605299,2837.88828349113,"OK",97,0.1539,0.0103
26,"varying","bobcat_like","array_rn",236,-0.179515853428882,0.12905479351303,0.308570646941912,1.06721624270326,1,0,0.122025462390537,0.00702933112249288,0.14875,0,0.531615011818586,0.725431310524171,1.99465076925633,1920.66485643387,"OK",97,0.1419,0.0206
27,"varying","bobcat_like","array_rn",237,-0.179515853428882,-0.678392119896315,-0.498876266467432,1.55542402170133,1,0,-0.0229791822579403,-0.655412937638374,0.099875,0,0.218138640406498,0.562202837237284,2.89116914546096,1755.08842396736,"OK",97,0.1326,0.0103
28,"varying","bobcat_like","array_rn",238,-0.179515853428882,-0.118555874874413,0.0609599785544695,1.15622274572825,1,0,0.052211068890729,-0.170766943765142,0.126375,0,-0.458981398336542,0.271017291234062,3.2744553768489,1933.39471530914,"OK",97,0.1427,0
29,"varying","bobcat_like","array_rn",239,-0.179515853428882,-0.0662094984138482,0.113306355015034,0.842805478582106,1,0,0.0677935708348808,-0.134003069248729,0.148,0,0.430575179195134,0.681601622387394,3.44863594325171,2565.72569060326,"OK",97,0.1574,0
30,"varying","bobcat_like","array_rn",240,-0.179515853428882,0.252692362920807,0.43220821634969,1.06916222078368,1,0,0.256728719183185,-0.00403635626237706,0.25525,0,0.543135654482156,0.76313823283976,3.95926249312461,2580.50335001945,"OK",97,0.1247,0
1,"null","deer_like","array_rn",241,0,-0.03056729261366,-0.03056729261366,0.280947436859469,1,0,-0.125578436694666,0.0950111440810057,0.09325,0,0.703746998025964,0.83293388189175,2.74571978043087,2494.54922008514,"OK",97,0.3287,0.0206
2,"null","deer_like","array_rn",242,0,0.0296715640197249,0.0296715640197249,0.300045228055406,1,0,0.0118578568091837,0.0178137072105412,0.13725,0,0.626042017866431,0.786717188379359,2.90032177976103,2387.56582689285,"OK",97,0.3455,0.0619
3,"null","deer_like","array_rn",243,0,0.069566922803291,0.069566922803291,0.336856271682854,1,0,0.0302374430612912,0.0393294797419998,0.13775,0,0.642613445128008,0.80368821440354,1.97459180866051,1912.9801170826,"OK",97,0.309,0.0412
4,"null","deer_like","array_rn",244,0,-0.0181626090063039,-0.0181626090063039,0.411449471525215,1,0,0.0144272989626103,-0.0325899079689142,0.128875,0,0.733784491233196,0.844364338527819,2.65305197526865,1777.49028730392,"OK",97,0.3867,0.0825
5,"null","deer_like","array_rn",245,0,-0.0972318534468778,-0.0972318534468778,0.361965103053778,1,0,0.0503154874051806,-0.147547340852058,0.1135,0,0.716345619087551,0.847949698228182,2.59617072534845,1950.89019107819,"OK",97,0.3502,0.0515
6,"null","deer_like","array_rn",246,0,0.0635747420663428,0.0635747420663428,0.255829248372892,1,0,0.171163928492228,-0.107589186425886,0.113125,0,0.554626401835575,0.745716004579945,2.57835102404562,2468.11914896965,"OK",97,0.3069,0.0103
7,"null","deer_like","array_rn",247,0,-0.0229633070119851,-0.0229633070119851,0.337816794042959,1,0,0.255024540880194,-0.277987847892179,0.040125,0,0.710771706636055,0.819053348599818,2.28231140849929,2458.58881783485,"OK",97,0.3654,0.0825
8,"null","deer_like","array_rn",248,0,-0.0819056671661875,-0.0819056671661875,0.32398663547955,1,0,-0.0734588384995778,-0.00844682866660972,0.17275,0,0.814377598798109,0.902414174542491,1.36282774747284,1806.98684453964,"OK",97,0.3431,0.0412
9,"null","deer_like","array_rn",249,0,-0.105345280611355,-0.105345280611355,0.363355387884368,1,0,0.058039501167601,-0.163384781778956,0.08425,0,0.673260161476031,0.80735120029498,2.56455073781842,1794.80007362366,"OK",97,0.3554,0.0928
10,"null","deer_like","array_rn",250,0,0.196940645171158,0.196940645171158,0.355444486776748,0,1,0.11018641784238,0.0867542273287772,0.256875,0,0.564954486113484,0.763502105610433,2.23513868512181,1937.1914525032,"OK",97,0.3395,0.0412
11,"null","deer_like","array_rn",251,0,0.00892432035025504,0.00892432035025504,0.322069221103459,1,0,-0.0118683381492962,0.0207926584995512,0.107625,0,0.609322316278372,0.777043024316404,2.44806030635293,1854.04478883743,"OK",97,0.3344,0.0619
12,"null","deer_like","array_rn",252,0,-0.0328898852371554,-0.0328898852371554,0.306218002941204,1,0,-0.00907353845596637,-0.023816346781189,0.11475,0,0.751099037359793,0.857298802616003,2.36739041546916,2414.25519442558,"OK",97,0.3879,0.0825
13,"null","deer_like","array_rn",253,0,-0.128094182744708,-0.128094182744708,0.503604312079064,1,0,-0.0174586892167312,-0.110635493527977,0.168375,0,0.754505291365704,0.864294863086805,2.07424859487417,1866.17654776573,"OK",97,0.3489,0.0722
14,"null","deer_like","array_rn",254,0,-0.118409171612433,-0.118409171612433,0.283214501047451,1,0,-0.00322791295889279,-0.115181258653541,0.14375,0,0.754257056098686,0.864057132876633,2.35216862714211,1907.36393213272,"OK",97,0.3511,0.0722
15,"null","deer_like","array_rn",255,0,0.0249737526476935,0.0249737526476935,0.266572140075257,1,0,-0.0190489875546436,0.0440227402023371,0.107375,0,0.656705469176276,0.802543228085156,2.57569161810338,1956.15523409843,"OK",97,0.3469,0.0515
16,"null","deer_like","array_rn",256,0,-0.113485804793785,-0.113485804793785,0.406171214782487,1,0,-0.198253309318711,0.0847675045249259,0.164125,0,0.583991370786851,0.760595975081993,1.77818224549393,1910.98561143875,"OK",97,0.3587,0.0515
17,"null","deer_like","array_rn",257,0,0.0015240629457489,0.0015240629457489,0.335572312536173,1,0,0.0183491934555166,-0.0168251305097677,0.125875,0,0.411294980359423,0.67462496846436,2.70341333107468,1902.61750221252,"OK",97,0.3346,0.0619
18,"null","deer_like","array_rn",258,0,-0.00476295053059297,-0.00476295053059297,0.449544037124534,1,0,0.0365823210540324,-0.0413452715846254,0.12175,0,0.792436653240386,0.880897164703371,2.14570808113909,1875.06362438202,"OK",97,0.3377,0.0722
19,"null","deer_like","array_rn",259,0,-0.0696776763421874,-0.0696776763421874,0.339361645475709,1,0,0.183896659896149,-0.253574336238337,0.05,0,0.60995037426604,0.78396145859613,2.28224262044927,2341.17537093163,"OK",97,0.3382,0.0412
20,"null","deer_like","array_rn",260,0,0.0272735308406173,0.0272735308406173,0.309261170377835,1,0,-0.0376721017809307,0.0649456326215481,0.10075,0,0.730892821273638,0.851108113877622,2.75882044033255,2476.96916866302,"OK",97,0.3405,0.0412
21,"null","deer_like","array_rn",261,0,-0.0730365408130768,-0.0730365408130768,0.296927606560846,1,0,-0.00796746010175501,-0.0650690807113218,0.154875,0,0.778889332963818,0.872217586213588,2.20927760962198,1831.53840970993,"OK",97,0.3481,0.0515
22,"null","deer_like","array_rn",262,0,0.0105127806958808,0.0105127806958808,0.275320839578449,1,0,-0.0840362744060357,0.0945490551019165,0.073125,0,0.715389786675242,0.83870247821615,2.28174352421867,1814.60611724854,"OK",97,0.3214,0.0206
23,"null","deer_like","array_rn",263,0,-0.024385096526919,-0.024385096526919,0.337714510425314,1,0,-0.0976156171153485,0.0732305205884296,0.0915,0,0.760579120727473,0.860859904131654,2.5647077644726,1855.97878265381,"OK",97,0.3902,0.0515
24,"null","deer_like","array_rn",264,0,-0.0428566266182911,-0.0428566266182911,0.298938626067944,1,0,-0.0504146836348378,0.00755805701654666,0.1575,0,0.737043192247186,0.850278483960488,2.38485370066032,1948.54893732071,"OK",97,0.3597,0.0412
25,"null","deer_like","array_rn",265,0,-0.0415223290083123,-0.0415223290083123,0.425425858717354,1,0,-0.0440065014980638,0.00248417248975149,0.150875,0,0.533770856407023,0.735852626676241,2.54973157466193,2397.41936230659,"OK",97,0.3656,0.0928
26,"null","deer_like","array_rn",266,0,-0.0811001175177224,-0.0811001175177224,0.324829689090377,1,0,-0.0613629213409306,-0.0197371961767918,0.144,0,0.684064823483742,0.814958567020513,3.01265426301086,1954.11603069305,"OK",97,0.3556,0.0825
27,"null","deer_like","array_rn",267,0,-0.258504361469714,-0.258504361469714,0.353963534133777,0,1,0.184756108524562,-0.443260469994275,0.009875,0,0.741866083212803,0.861592501309942,2.88253869597118,1886.07838177681,"OK",97,0.3389,0.0515
28,"null","deer_like","array_rn",268,0,-0.178686808974909,-0.178686808974909,0.396916516963792,1,0,0.138287635604469,-0.316974444579377,0.05475,0,0.632204603438551,0.806793262046615,2.37896047146879,1815.3767850399,"OK",97,0.3513,0.0619
29,"null","deer_like","array_rn",269,0,-0.0272379482054851,-0.0272379482054851,0.395904727633962,1,0,0.0414223093381263,-0.0686602575436113,0.10675,0,0.515325530192524,0.717256302276388,2.56337687319237,1805.74940013885,"OK",97,0.3313,0.0619
30,"null","deer_like","array_rn",270,0,-0.0292241278913307,-0.0292241278913307,0.313925911150613,1,0,0.166969438467762,-0.196193566359093,0.05525,0,0.745500872037381,0.852088144539968,2.66885480325198,2515.72816085815,"OK",97,0.3095,0.0309
1,"varying","deer_like","array_rn",271,-0.179515853428882,-0.0890917301919882,0.0904241232368941,0.341258951087531,1,0,0.0826498499174526,-0.171741580109441,0.13125,0,0.692416883864511,0.823832210987987,2.28153162985212,2750.85743761063,"OK",97,0.3383,0.0206
2,"varying","deer_like","array_rn",272,-0.179515853428882,-0.231914629475043,-0.0523987760461606,0.317477946923697,1,1,0.0860698047577023,-0.317984434232745,0.108125,0,0.746675172643813,0.862194104290788,2.22785391817109,2660.40360951424,"OK",97,0.3469,0.0515
3,"varying","deer_like","array_rn",273,-0.179515853428882,-0.119282605950504,0.060233247478378,0.278071182681501,1,0,0.11441865436567,-0.233701260316174,0.056125,0,0.822604627854924,0.906470143026257,1.88423013602719,1882.35383200645,"OK",97,0.3299,0.0206
4,"varying","deer_like","array_rn",274,-0.179515853428882,-0.0257892148263045,0.153726638602578,0.274368661943085,0,0,-0.0420263747036344,0.0162371598773299,0.123125,0,0.791142274473988,0.886544470104213,2.66974493749649,2895.10332274437,"OK",97,0.3242,0.0412
5,"varying","deer_like","array_rn",275,-0.179515853428882,-0.160690022800164,0.0188258306287183,0.333062932787124,1,0,0.0653013225299886,-0.225991345330153,0.088,0,0.542802093351368,0.749864154165615,2.51543706156974,2698.2110247612,"OK",97,0.3441,0.0722
6,"varying","deer_like","array_rn",276,-0.179515853428882,-0.228505384449872,-0.0489895310209894,0.313043862971818,1,1,-0.180020700503216,-0.0484846839466553,0.321375,0,0.632219991909191,0.78998234004153,2.52353861746059,1845.49427294731,"OK",97,0.333,0.0412
7,"varying","deer_like","array_rn",277,-0.179515853428882,-0.221086844834101,-0.0415709914052183,0.395802022337596,1,1,-0.175890356479826,-0.045196488354275,0.283,0,0.769128233680723,0.873469308544703,3.00781196399994,1913.99091362953,"OK",97,0.3455,0.0206
8,"varying","deer_like","array_rn",278,-0.179515853428882,-0.220954562344934,-0.0414387089160513,0.369680530888244,1,1,0.186916142626859,-0.407870704971793,0.01725,0,0.694985684474446,0.827349647771158,2.41415531931347,2475.76902008057,"OK",97,0.3504,0.0206
9,"varying","deer_like","array_rn",279,-0.179515853428882,-0.0519703646087911,0.127545488820091,0.328604355316268,1,0,0.0936895745018194,-0.145659939110611,0.087625,0,0.764615805110277,0.87272700809253,2.63798043880103,2518.74519133568,"OK",97,0.32,0.0309
10,"varying","deer_like","array_rn",280,-0.179515853428882,-0.186034709594522,-0.00651885616563994,0.304532682911638,1,1,0.0298032143898459,-0.215837923984368,0.063125,0,0.342857786791361,0.630863203244775,3.49654247669312,2526.51827025414,"OK",97,0.3503,0.0619
11,"varying","deer_like","array_rn",281,-0.179515853428882,-0.241515889026749,-0.0620000355978668,0.338261686614152,1,1,0.0571646659546064,-0.298680554981355,0.1035,0,0.633608961681057,0.799996118690446,2.16745748035642,2780.54433083534,"OK",97,0.3417,0.0515
12,"varying","deer_like","array_rn",282,-0.179515853428882,-0.164685711670217,0.0148301417586648,0.314290704817237,1,1,0.114256046378491,-0.278941758048708,0.077,0,0.575400885289098,0.746574744318733,1.98949503348355,2244.73274874687,"OK",97,0.3445,0.0412
13,"varying","deer_like","array_rn",283,-0.179515853428882,-0.246898160346859,-0.0673823069179763,0.325223058581352,1,1,0.202058398668094,-0.448956559014953,0.014125,0,0.658759349117063,0.803130276155175,2.57444716273835,1903.17896938324,"OK",97,0.3344,0.0515
14,"varying","deer_like","array_rn",284,-0.179515853428882,-0.265632204035793,-0.0861163506069103,0.399839885026886,1,1,-0.0259449344922426,-0.23968726954355,0.159375,0,0.71082981414238,0.8395224048594,2.53029700851438,2516.86490678787,"OK",97,0.3349,0.0412
15,"varying","deer_like","array_rn",285,-0.179515853428882,-0.133708853222038,0.0458070002068447,0.355359155631359,1,0,0.0628984881707938,-0.196607341392831,0.08725,0,0.50854110613962,0.709915775582682,2.72465930150606,2441.97494459152,"OK",97,0.3503,0.0825
16,"varying","deer_like","array_rn",286,-0.179515853428882,-0.125860912807229,0.0536549406216531,0.343998665344026,1,0,-0.0679770019657383,-0.0578839108414909,0.186,0,0.789939376959616,0.88321139552485,2.35961238514073,2527.21529126167,"OK",97,0.3422,0.0412
17,"varying","deer_like","array_rn",287,-0.179515853428882,-0.0526662230097854,0.126849630419097,0.252383674861087,1,0,0.0993217315858486,-0.151987954595634,0.073,0,0.680770456483112,0.821755710376681,3.03191206350998,1797.56301856041,"OK",97,0.3322,0.0619
18,"varying","deer_like","array_rn",288,-0.179515853428882,-0.176727768946381,0.00278808448250129,0.488676952648402,1,0,-0.00204951503263903,-0.174678253913742,0.18325,0,0.732478058164796,0.848037027693144,2.28538699056897,1929.12200474739,"OK",97,0.3319,0.0412
19,"varying","deer_like","array_rn",289,-0.179515853428882,-0.233365818176874,-0.0538499647479914,0.282160994793425,1,1,-0.0495058927882382,-0.183859925388635,0.2155,0,0.686030331925946,0.824288264860564,2.56841209737235,1850.18005657196,"OK",97,0.3682,0.0619
20,"varying","deer_like","array_rn",290,-0.179515853428882,-0.209248390937331,-0.029732537508449,0.369472713972646,1,1,0.0440052301549577,-0.253253621092289,0.102625,0,0.512887018634011,0.721811989365212,2.62945060472239,1968.61504197121,"OK",97,0.3336,0.0619
21,"varying","deer_like","array_rn",291,-0.179515853428882,-0.162833814234477,0.0166820391944052,0.32459707770241,1,1,0.123185605586709,-0.286019419821186,0.0875,0,0.754743187504011,0.867365949271284,2.08915325924006,1849.44936060905,"OK",97,0.3589,0.0309
22,"varying","deer_like","array_rn",292,-0.179515853428882,-0.216987839525441,-0.0374719860965587,0.380488494364485,1,1,0.298976392098606,-0.515964231624047,0.0065,0,0.810225645152415,0.890881833530633,2.48684732678866,2514.2303943634,"OK",97,0.3491,0.0722
23,"varying","deer_like","array_rn",293,-0.179515853428882,-0.253278480452653,-0.0737626270237703,0.438786035600353,1,1,-0.0562564197110593,-0.197022060741593,0.221375,0,0.728407214583102,0.835364551999845,2.55164877348323,2293.17977309227,"OK",97,0.3213,0.0515
24,"varying","deer_like","array_rn",294,-0.179515853428882,-0.206318456069405,-0.0268026026405223,0.333751163264491,1,1,-0.00612084080157874,-0.200197615267826,0.17475,0,0.801336831709778,0.886175745696598,2.44057936772435,2666.38467478752,"OK",97,0.364,0.0515
25,"varying","deer_like","array_rn",295,-0.179515853428882,-0.260762402979441,-0.0812465495505584,0.373665086910182,1,1,0.00105433138568536,-0.261816734365126,0.128875,0,0.763641073732463,0.86516815773642,2.41351795471747,2071.52535963058,"OK",97,0.3402,0.0722
26,"varying","deer_like","array_rn",296,-0.179515853428882,-0.0524681688899637,0.127047684538919,0.275308841061046,1,0,0.107450499670266,-0.15991866856023,0.105875,0,0.690967386108126,0.830192707019348,1.76681143385245,1888.56783556938,"OK",97,0.3152,0.0412
27,"varying","deer_like","array_rn",297,-0.179515853428882,-0.16750982888309,0.0120060245457925,0.382685939954231,1,0,0.0535874573244211,-0.221097286207511,0.085875,0,0.777560201901223,0.874303790098779,2.39240987764508,1900.41463422775,"OK",97,0.3262,0.0412
28,"varying","deer_like","array_rn",298,-0.179515853428882,-0.2521056939776,-0.0725898405487179,0.283855369358612,1,1,-0.022976149043561,-0.229129544934039,0.16175,0,0.389641943469588,0.655849133497642,2.58283459893362,1832.54457807541,"OK",97,0.3555,0.0515
29,"varying","deer_like","array_rn",299,-0.179515853428882,-0.179111168622844,0.000404684806038419,0.335840679963733,1,1,0.109294726581049,-0.288405895203893,0.0625,0,0.800962731576647,0.884472821129849,2.42106070902222,1914.05117034912,"OK",97,0.3297,0.0619
30,"varying","deer_like","array_rn",300,-0.179515853428882,-0.161697600272661,0.0178182531562217,0.330554237411584,1,1,-0.104615675251636,-0.0570819250210251,0.213125,0,0.651049084139942,0.801165363193541,2.6801383471998,1777.72808742523,"OK",97,0.367,0.0412
1,"null","intermediate","array_rn",301,0,0.0514047922705306,0.0514047922705306,0.554853629487683,1,0,-0.165511388746003,0.216916181016533,0.074,0,0.717915195003902,0.856129558112907,2.446995381651,1778.65292024612,"OK",97,0.2335,0.0206
2,"null","intermediate","array_rn",302,0,-0.0199225043580415,-0.0199225043580415,0.485311029757084,1,0,-0.0625230501957846,0.042600545837743,0.128875,0,0.465592461649887,0.683149294571989,2.42070999664627,2214.63133049011,"OK",97,0.2032,0.0206
3,"null","intermediate","array_rn",303,0,-0.0145850992826288,-0.0145850992826288,0.539681237719047,1,0,0.0573209682998967,-0.0719060675825254,0.15,0,0.483556417267166,0.697335480991287,2.59226769811449,2437.40703320503,"OK",97,0.2584,0.0309
4,"null","intermediate","array_rn",304,0,0.00328535721009181,0.00328535721009181,0.672725750675124,1,0,0.191531761729521,-0.188246404519429,0.096,0,0.521378408792703,0.734562091249588,1.62398859442864,2322.79789495468,"OK",97,0.2225,0.0206
5,"null","intermediate","array_rn",305,0,0.021018275457132,0.021018275457132,0.658058202792144,1,0,0.271891618178128,-0.250873342720996,0.0785,0,0.748059814408312,0.851636942304334,2.6288791373317,2670.5721449852,"OK",97,0.253,0.0412
6,"null","intermediate","array_rn",306,0,-0.0333942572145109,-0.0333942572145109,0.602966849993751,1,0,-0.00443679574790018,-0.0289574614666107,0.12825,0,0.462476376493489,0.684798851132372,3.07483290658695,1874.62093877792,"OK",97,0.2333,0.0103
7,"null","intermediate","array_rn",307,0,-0.0516021708269477,-0.0516021708269477,0.482876741177786,1,0,0.144002748482482,-0.19560491930943,0.061375,0,0.700758557027596,0.835636243668614,2.91082537814247,1834.4059445858,"OK",97,0.2089,0
8,"null","intermediate","array_rn",308,0,-0.00707714232416333,-0.00707714232416333,0.428229541309859,1,0,0.0345864163445007,-0.041663558668664,0.120875,0,0.737925592801158,0.848624075763162,2.85297303542801,2650.51665306091,"OK",97,0.2406,0.0103
9,"null","intermediate","array_rn",309,0,-0.297262680974212,-0.297262680974212,0.485260760674427,0,1,-0.101102425922175,-0.196160255052037,0.214,0,0.665319341943471,0.825782569038794,3.14465457770144,2396.52621030807,"OK",97,0.2358,0.0309
10,"null","intermediate","array_rn",310,0,0.0927296596994798,0.0927296596994798,0.531101064208304,1,0,0.135013560822549,-0.0422839011230694,0.153,0,0.378665908399776,0.661147121038638,2.68433670674801,1507.69048571587,"OK",97,0.2152,0.0206
11,"null","intermediate","array_rn",311,0,0.045652102250932,0.045652102250932,0.396058883700593,1,0,0.0494370075151582,-0.00378490526422617,0.129,0,0.582923587250633,0.767625997011392,3.6208261690006,1598.27385663986,"OK",97,0.2307,0
12,"null","intermediate","array_rn",312,0,0.056515980584591,0.056515980584591,0.44999323772837,1,0,-0.134656384740592,0.191172365325183,0.082375,0,0.620035881745823,0.786503716353898,2.07071790617937,2323.97134780884,"OK",97,0.2012,0.0103
13,"null","intermediate","array_rn",313,0,-0.115703940045933,-0.115703940045933,0.535795049299203,1,0,-0.213341866592197,0.0976379265462648,0.154625,0,0.182129619107941,0.543980088881989,3.37850239859128,2550.2549932003,"OK",97,0.2245,0.0103
14,"null","intermediate","array_rn",314,0,-0.0798002405335189,-0.0798002405335189,0.633752085823931,1,0,0.293362479076814,-0.373162719610333,0.047625,0,0.70195962716108,0.832012070872712,2.11916997407756,2355.93914151192,"OK",97,0.214,0.0103
15,"null","intermediate","array_rn",315,0,0.0693265942928246,0.0693265942928246,0.616873295077268,1,0,-0.122037229814595,0.191363824107419,0.09525,0,-0.365403996164616,0.325151856236294,3.45991028215094,2617.30474758148,"OK",97,0.2438,0.0412
16,"null","intermediate","array_rn",316,0,0.00636961892650516,0.00636961892650516,0.670992625376629,1,0,0.170073706809955,-0.163704087883449,0.113625,0,0.545043488218771,0.744207145490889,3.02428930961179,2413.85463213921,"OK",97,0.2187,0.0206
17,"null","intermediate","array_rn",317,0,0.0164024250640859,0.0164024250640859,0.376787794215253,1,0,0.0269687888247867,-0.0105663637607008,0.139,0,0.459658939875113,0.691072017698772,2.77440169367961,2056.54843950272,"OK",97,0.226,0.0412
18,"null","intermediate","array_rn",318,0,0.00528310731329766,0.00528310731329766,0.441819816515935,1,0,-0.0722117762243942,0.0774948835376919,0.1185,0,0.489679762239152,0.70864949834074,2.91240883881321,1777.25538897514,"OK",97,0.2286,0
19,"null","intermediate","array_rn",319,0,0.0367546187270705,0.0367546187270705,0.512997401780117,1,0,-0.0617424969288586,0.098497115655929,0.103875,0,0.621329459029375,0.784926934347649,3.01305441463167,2674.57633662224,"OK",97,0.2402,0.0412
20,"null","intermediate","array_rn",320,0,-0.0458071939864406,-0.0458071939864406,0.547203342183695,1,0,0.0308169854915677,-0.0766241794780083,0.1265,0,0.534363312526678,0.731073764288071,2.45682443972661,2669.66680216789,"OK",97,0.2443,0.0412
21,"null","intermediate","array_rn",321,0,-0.129559857909458,-0.129559857909458,0.561032521341175,1,0,0.249164495600487,-0.378724353509944,0.023375,0,0.687210323060584,0.836194181916979,3.21908859195882,2922.0450797081,"OK",97,0.2488,0.0619
22,"null","intermediate","array_rn",322,0,-0.0462958241772501,-0.0462958241772501,0.465459024553887,1,0,0.0164884850282673,-0.0627843092055175,0.127375,0,0.395191603050168,0.654044324555105,2.76499546196504,2651.33931231499,"OK",97,0.232,0.0309
23,"null","intermediate","array_rn",323,0,-0.0468054172992591,-0.0468054172992591,0.547997376639822,1,0,0.130913838345587,-0.177719255644846,0.0835,0,0.62291612256,0.785446059500475,2.81204264929975,2455.30402803421,"OK",97,0.2343,0.0515
24,"null","intermediate","array_rn",324,0,0.0976227754882749,0.0976227754882749,0.585003967634012,1,0,-0.00871416014524954,0.106336935633524,0.13375,0,0.610761394757761,0.789759164742184,2.74033882073845,2482.01604366302,"OK",97,0.2363,0.0309
25,"null","intermediate","array_rn",325,0,0.00497377753261118,0.00497377753261118,0.414553325105692,1,0,0.0209114095384106,-0.0159376320057994,0.15125,0,0.521765941778331,0.722287449785558,3.12543646692832,1759.19955730438,"OK",97,0.2435,0.0412
26,"null","intermediate","array_rn",326,0,-0.109627388105125,-0.109627388105125,0.577046994513648,1,0,-0.0887434883828437,-0.0208838997222814,0.169625,0,0.595690215146368,0.763361408139106,2.51341295452338,2754.3414247036,"OK",97,0.2362,0.0412
27,"null","intermediate","array_rn",327,0,-0.00786751090723542,-0.00786751090723542,0.562972533800446,1,0,-0.151246057630992,0.143378546723756,0.109,0,0.294231277525025,0.602718857342467,3.25067703692935,2193.94473385811,"OK",97,0.2441,0.0309
28,"null","intermediate","array_rn",328,0,0.00918558128832548,0.00918558128832548,0.608750387199538,1,0,0.0431572456204675,-0.0339716643321421,0.135125,0,0.539158520274799,0.752998311630344,3.29225772236464,2216.42541074753,"OK",97,0.2159,0.0103
29,"null","intermediate","array_rn",329,0,-0.00541242683660181,-0.00541242683660181,0.505366691926774,1,0,-0.0334730056836704,0.0280605788470686,0.10425,0,0.660325302330951,0.831342544974674,3.41658996295867,2222.42732429504,"OK",97,0.2396,0.0103
30,"null","intermediate","array_rn",330,0,-0.068083405565343,-0.068083405565343,0.560621877982591,1,0,-0.02844126196403,-0.0396421436013131,0.155875,0,0.23738259618792,0.557719924702595,2.80060662760271,2174.95507502556,"OK",97,0.2303,0.0309
1,"varying","intermediate","array_rn",331,-0.179515853428882,-0.178873181102284,0.000642672326598398,0.465026934598049,1,0,-0.0566719496783521,-0.122201231423932,0.2045,0,0.340681344093786,0.635588697626579,2.72862213407745,2308.19216752052,"OK",97,0.2557,0.0309
2,"varying","intermediate","array_rn",332,-0.179515853428882,0.0845598345484418,0.264075687977324,0.505284723864673,0,0,0.0742480390045413,0.0103117955439004,0.132375,0,0.761224170151474,0.85508160453337,2.60941395271649,2408.1731095314,"OK",97,0.2272,0.0309
3,"varying","intermediate","array_rn",333,-0.179515853428882,-0.0383038628995026,0.14121199052938,0.465315351084666,1,0,-0.0273923682818494,-0.0109114946176532,0.13875,0,0.334661919387593,0.633963399250907,2.73755162828128,2734.68562841415,"OK",97,0.2316,0
4,"varying","intermediate","array_rn",334,-0.179515853428882,-0.0314781813258669,0.148037672103015,0.499291039529332,1,0,0.0345771231774138,-0.0660553045032807,0.14325,0,0.383689763174162,0.64281278503367,2.58037154175917,2506.60938715935,"OK",97,0.2119,0.0103
5,"varying","intermediate","array_rn",335,-0.179515853428882,-0.280063786536474,-0.100547933107592,0.516920833537845,1,1,-0.0999482820051477,-0.180115504531326,0.266125,0,0.356741088676912,0.627166255894739,3.00698748563265,2545.31506228447,"OK",97,0.2292,0.0309
6,"varying","intermediate","array_rn",336,-0.179515853428882,-0.170989253773265,0.00852659965561775,0.496791723411894,1,0,-0.0465946592847037,-0.124394594488561,0.169375,0,0.713193194698922,0.852059034718314,2.73400194050932,2400.66255044937,"OK",97,0.254,0.0206
7,"varying","intermediate","array_rn",337,-0.179515853428882,-0.164060644793528,0.0154552086353545,0.50713979136342,1,0,-0.107611436699331,-0.0564492080941965,0.21575,0,0.716191445847323,0.857973180150983,2.7023851906933,2650.82048130035,"OK",97,0.2079,0
8,"varying","intermediate","array_rn",338,-0.179515853428882,-0.238722167401226,-0.0592063139723433,0.693680094982625,1,0,0.229483945764743,-0.468206113165969,0.04125,0,0.257330301996973,0.584020648566826,2.35911581613203,1417.12141299248,"OK",97,0.2255,0.0206
9,"varying","intermediate","array_rn",339,-0.179515853428882,-0.382013731909686,-0.202497878480803,0.541746552380511,1,1,-0.0116587205008562,-0.370355011408829,0.107375,0,0.625030482396335,0.780638087290652,3.13790281868112,2351.79175591469,"OK",97,0.2567,0.0412
10,"varying","intermediate","array_rn",340,-0.179515853428882,-0.34718680843012,-0.167670955001238,0.714354482143944,1,0,0.0853835235890037,-0.432570332019124,0.086875,0,0.414511972206114,0.676618991247647,1.80874084955883,2339.92932510376,"OK",97,0.2148,0.0309
11,"varying","intermediate","array_rn",341,-0.179515853428882,-0.399026971514722,-0.21951111808584,0.561688125068148,1,1,0.0682233744559083,-0.46725034597063,0.083375,0,0.733762498543906,0.859729472724097,2.14335845564748,2337.31589651108,"OK",97,0.2552,0.0619
12,"varying","intermediate","array_rn",342,-0.179515853428882,-0.17732809455731,0.0021877588715726,0.596024278366767,1,0,0.0954119954970943,-0.272740090054404,0.099875,0,0.68445511357036,0.825806827223505,2.69985231854553,2446.20652341843,"OK",97,0.2138,0.0309
13,"varying","intermediate","array_rn",343,-0.179515853428882,-0.295142400330092,-0.115626546901209,0.552749937309563,1,1,0.0978754249690042,-0.393017825299096,0.07275,0,0.783973827930321,0.876666537289682,3.30187460122658,2949.1695690155,"OK",97,0.2387,0.0206
14,"varying","intermediate","array_rn",344,-0.179515853428882,-0.159075653589204,0.0204401998396781,0.493892891391165,1,0,-0.0729485846798662,-0.0861270689093381,0.195375,0,0.760682335688363,0.863324535698345,3.26671646996895,2286.59343099594,"OK",97,0.254,0.0309
15,"varying","intermediate","array_rn",345,-0.179515853428882,-0.0986333083448317,0.0808825450840506,0.437088048865104,1,0,-0.0263833202981782,-0.0722499880466535,0.15475,0,0.606175534328977,0.760460129247608,3.07417193651231,2419.19837236404,"OK",97,0.2826,0.0103
16,"varying","intermediate","array_rn",346,-0.179515853428882,-0.339084820878973,-0.159568967450091,0.44834673745857,1,1,0.335770687089199,-0.674855507968172,0.005625,0,0.767426765747259,0.866497506258612,3.1694292659634,2368.66834807396,"OK",97,0.2139,0.0206
17,"varying","intermediate","array_rn",347,-0.179515853428882,-0.0106262895259606,0.168889563902922,0.460110944400705,1,0,0.0130539629025352,-0.0236802524284958,0.141625,0,0.406412891870811,0.676405519222186,3.81764908247131,2284.80963134766,"OK",97,0.2593,0.0206
18,"varying","intermediate","array_rn",348,-0.179515853428882,-0.292479200510221,-0.112963347081339,0.66918964745382,1,0,0.123323148357006,-0.415802348867227,0.055875,0,0.655041141957888,0.801048923906926,2.6798434778974,2446.47170686722,"OK",97,0.2302,0.0206
19,"varying","intermediate","array_rn",349,-0.179515853428882,-0.285990228673699,-0.106474375244817,0.633030251606196,1,0,0.0972701323145519,-0.383260360988251,0.09025,0,0.494951227123936,0.69384715402977,2.18983545591285,2555.23737478256,"OK",97,0.2006,0.0206
20,"varying","intermediate","array_rn",350,-0.179515853428882,-0.479057686896756,-0.299541833467874,0.662603299234957,0,1,0.373338818540158,-0.852396505436914,0.0045,0,0.506555368270387,0.716310233072639,3.19050338301867,1970.98348426819,"OK",97,0.223,0.0103
21,"varying","intermediate","array_rn",351,-0.179515853428882,-0.0292933676303774,0.150222485798505,0.457553181131082,1,0,0.070761630420959,-0.100054998051336,0.122125,0,0.453528413616828,0.691984125443925,2.5403771998072,1991.4925339222,"OK",97,0.2112,0.0103
22,"varying","intermediate","array_rn",352,-0.179515853428882,0.279949203530633,0.459465056959515,0.521553946124579,0,1,-0.0707742128506952,0.350723416381328,0.083,0,-0.315569860635117,0.365832831997516,3.03567356196756,1997.86834669113,"OK",97,0.228,0
23,"varying","intermediate","array_rn",353,-0.179515853428882,-0.0975709290743613,0.081944924354521,0.410715040716803,1,0,0.00544782438457815,-0.103018753458939,0.121625,0,0.521832801477332,0.741524190261794,3.51586584185581,2345.49211835861,"OK",97,0.2306,0.0412
24,"varying","intermediate","array_rn",354,-0.179515853428882,-0.133661746140165,0.0458541072887168,0.499823066239675,1,0,-0.113078282285623,-0.0205834638545427,0.210375,0,0.368543885361536,0.639867841409692,3.07211542041507,2434.20336318016,"OK",97,0.2661,0.0412
25,"varying","intermediate","array_rn",355,-0.179515853428882,-0.0246443206107325,0.15487153281815,0.460207343447046,1,0,0.0518237298878912,-0.0764680504986237,0.103625,0,0.683465971530977,0.808268159677075,4.03892790853232,2364.93193483353,"OK",97,0.2335,0.0206
26,"varying","intermediate","array_rn",356,-0.179515853428882,-0.256404105448396,-0.0768882520195142,0.623648467486219,1,0,0.26981209889376,-0.526216204342156,0.01675,0,0.619768939869182,0.810892895262862,3.2164056915387,1743.48503255844,"OK",97,0.2556,0.0206
27,"varying","intermediate","array_rn",357,-0.179515853428882,-0.289752922744591,-0.110237069315708,0.57743709797935,1,1,0.0964549738421002,-0.386207896586691,0.065125,0,0.351911801878185,0.629878320945487,3.37881836982942,1791.89767742157,"OK",97,0.2103,0.0412
28,"varying","intermediate","array_rn",358,-0.179515853428882,0.0275350619340496,0.207050915362932,0.528077661818769,1,0,0.0384134161234236,-0.010878354189374,0.12975,0,0.525828546116369,0.736012730695337,2.4939175421551,1769.09854316711,"OK",97,0.2227,0.0103
29,"varying","intermediate","array_rn",359,-0.179515853428882,-0.210770399169338,-0.0312545457404559,0.467060917300333,1,0,-0.10402949421003,-0.106740904959308,0.196875,0,0.486244478524564,0.718580799161637,2.61737483428108,2916.42985701561,"OK",97,0.2318,0.0515
30,"varying","intermediate","array_rn",360,-0.179515853428882,-0.224695926207325,-0.0451800727784431,0.549352741956884,1,0,-0.124631513756844,-0.100064412450482,0.21775,0,0.55112007468153,0.739889188612238,1.99242678807461,2748.58914875984,"OK",97,0.2145,0.0103
1,"null","bobcat_like","camera_occ",361,0,0.277732190848818,0.277732190848818,1.75331612563516,1,0,0.0994265140436282,0.178305676805189,0.18675,0,0.514898676458479,0.764433619903355,1.17259512061969,3082.78114151955,"OK",NA,NA,NA
2,"null","bobcat_like","camera_occ",362,0,-0.404046515193427,-0.404046515193427,1.36058397865686,1,0,-0.166747775113853,-0.237298740079574,0.232125,0,0.423378616633235,0.695045508354519,1.10376278900629,1757.69562554359,"OK",NA,NA,NA
3,"null","bobcat_like","camera_occ",363,0,-0.493473226100724,-0.493473226100724,1.73456691728381,1,0,-0.307601916218834,-0.185871309881891,0.284,0,0.55459512797493,0.78198199072367,1.37999069694837,3175.82732868195,"OK",NA,NA,NA
4,"null","bobcat_like","camera_occ",364,0,0.41645973472133,0.41645973472133,1.33433376025814,1,0,-0.237817123645727,0.654276858367057,0.023875,0,0.293445471683635,0.590715907547206,1.11266541209154,2207.72447633743,"OK",NA,NA,NA
5,"null","bobcat_like","camera_occ",365,0,0.29202977243082,0.29202977243082,1.587929645161,1,0,0.128001794385725,0.164027978045095,0.18025,0,0.51477201010952,0.720075103339867,1.05717224136994,2135.5354912281,"OK",NA,NA,NA
6,"null","bobcat_like","camera_occ",366,0,0.37118765912738,0.37118765912738,2.42479178650325,1,0,-0.0985012129423785,0.469688872069759,0.088125,0,0.49508031395109,0.697980748704613,1.39146621557411,2077.40862441063,"OK",NA,NA,NA
7,"null","bobcat_like","camera_occ",367,0,-0.633283898175774,-0.633283898175774,1.96987917109335,1,0,-0.39203349742035,-0.241250400755424,0.295625,0,0.599209478233545,0.763890236565817,1.46706302755971,2135.5101442337,"OK",NA,NA,NA
8,"null","bobcat_like","camera_occ",368,0,-0.532433196264437,-0.532433196264437,4.02359227965651,1,0,-0.29219075925966,-0.240242437004777,0.23875,0,0.35444197101495,0.638878107473462,7.45166695554368,2130.20333456993,"OK",NA,NA,NA
9,"null","bobcat_like","camera_occ",369,0,0.0124541285204338,0.0124541285204338,2.45055932518131,1,0,0.0135603911607078,-0.00110626264027404,0.178875,0,0.274645056509109,0.596586388247395,1.51926339335,2221.67652058601,"OK",NA,NA,NA
10,"null","bobcat_like","camera_occ",370,0,-0.815369263011628,-0.815369263011628,4.28752096880202,1,0,0.168668485152139,-0.984037748163767,0.094,0,0.715485387549096,0.851277921170603,7.87944590401128,2151.68041729927,"OK",NA,NA,NA
11,"null","bobcat_like","camera_occ",371,0,0.319798241508661,0.319798241508661,1.94478601749624,1,0,0.0784602872515535,0.241337954257108,0.15925,0,0.706041418998449,0.859845912010712,2.49693254281016,2206.42909312248,"OK",NA,NA,NA
12,"null","bobcat_like","camera_occ",372,0,-0.0990215323416765,-0.0990215323416765,1.0419065020088,1,0,-0.161674602453314,0.0626530701116372,0.158875,0,0.541853153691533,0.745085291777446,1.06463849485418,2904.88122081757,"OK",NA,NA,NA
13,"null","bobcat_like","camera_occ",373,0,-0.0530126071899309,-0.0530126071899309,0.898082955373907,1,0,-0.1455827585574,0.0925701513674693,0.174625,0,0.389767183179081,0.649658444759262,1.30895894846095,1723.58648896217,"OK",NA,NA,NA
14,"null","bobcat_like","camera_occ",374,0,-0.301258669296415,-0.301258669296415,1.18244487936736,1,0,-0.0168469652230986,-0.284411704073316,0.13975,0,0.554253648193625,0.755210658076035,1.13344951925718,1761.85316300392,"OK",NA,NA,NA
15,"null","bobcat_like","camera_occ",375,0,0.163931682789717,0.163931682789717,1.8460410521252,1,0,-0.126067874389584,0.2899995571793,0.137875,0,-0.0190868972029483,0.518499291661006,1.81838308834402,1825.24558854103,"OK",NA,NA,NA
16,"null","bobcat_like","camera_occ",376,0,0.0282118813828863,0.0282118813828863,1.52256801335219,1,0,-0.760455255919749,0.788667137302635,0.030875,0,0.497163592282663,0.736556114032875,1.25743162189227,3126.12941598892,"OK",NA,NA,NA
17,"null","bobcat_like","camera_occ",377,0,-0.539454028561526,-0.539454028561526,1.41088913222143,1,0,-0.102709120448498,-0.436744908113028,0.165375,0,0.415944318229598,0.664970210949174,1.09852424900951,1741.8390276432,"OK",NA,NA,NA
18,"null","bobcat_like","camera_occ",378,0,0.238796667147592,0.238796667147592,1.50837876406109,1,0,-0.106464053688594,0.345260720836186,0.10325,0,0.641476734067046,0.802271536416387,0.921514899546647,2106.42089509964,"OK",NA,NA,NA
19,"null","bobcat_like","camera_occ",379,0,-0.157238925446289,-0.157238925446289,3.20905174181865,1,0,0.371671473230697,-0.528910398676986,0.12475,0,0.411354097734133,0.666610064235673,2.24362488861263,2700.10671114922,"OK",NA,NA,NA
20,"null","bobcat_like","camera_occ",380,0,-0.0670043307293392,-0.0670043307293392,1.42990955191017,1,0,-0.199536738035868,0.132532407306529,0.164125,0,0.381877370014831,0.658735857478313,1.22952014724678,3006.92326450348,"OK",NA,NA,NA
21,"null","bobcat_like","camera_occ",381,0,0.00304924405184549,0.00304924405184549,0.802961352151606,1,0,-0.000345734065632607,0.0033949781174781,0.159375,0,0.348967714940508,0.642424654078286,1.14740617166422,2828.6038877964,"OK",NA,NA,NA
22,"null","bobcat_like","camera_occ",382,0,-0.131784245564959,-0.131784245564959,1.00683855085773,1,0,-0.139693199366195,0.0079089538012364,0.182,0,0.637601628625967,0.790123037512857,0.933608014298531,2954.8316385746,"OK",NA,NA,NA
23,"null","bobcat_like","camera_occ",383,0,-0.123726458496284,-0.123726458496284,1.97210019391503,1,0,-0.274671143045973,0.150944684549689,0.17775,0,0.281122817195532,0.621494692309185,1.18726487108442,2713.18888926506,"OK",NA,NA,NA
24,"null","bobcat_like","camera_occ",384,0,-0.0316591459671614,-0.0316591459671614,1.01379694659818,1,0,0.0281569313777863,-0.0598160773449477,0.13825,0,0.213672377247973,0.565414620893089,1.18292748987887,1934.3607544899,"OK",NA,NA,NA
25,"null","bobcat_like","camera_occ",385,0,-0.0657439456618378,-0.0657439456618378,0.977970393600679,1,0,-0.206303169306568,0.14055922364473,0.160125,0,0.515492126416863,0.727925051912515,1.02415607205262,2575.10199356079,"OK",NA,NA,NA
26,"null","bobcat_like","camera_occ",386,0,-0.0753469270445602,-0.0753469270445602,1.25144183962969,1,0,-0.383804548879972,0.308457621835412,0.1345,0,0.154590363960894,0.540875041238914,1.25681816045683,2835.24811530113,"OK",NA,NA,NA
27,"null","bobcat_like","camera_occ",387,0,-0.33677181888055,-0.33677181888055,0.984803570807111,1,0,0.0273738293354777,-0.364145648216028,0.09275,0,0.347566386303158,0.620611694385686,1.1480475034837,3024.48458647728,"OK",NA,NA,NA
28,"null","bobcat_like","camera_occ",388,0,0.335096979314706,0.335096979314706,1.52828854937903,1,0,0.00868755483840818,0.326409424476297,0.129875,0,0.589279057684436,0.777984241883211,1.03617392362807,2865.91442728043,"OK",NA,NA,NA
29,"null","bobcat_like","camera_occ",389,0,-0.0886169427157056,-0.0886169427157056,0.705806450847182,1,0,-0.106152063765788,0.0175351210500821,0.150375,0,0.683725459617151,0.839105164082361,1.04212259188946,3066.91144752502,"OK",NA,NA,NA
30,"null","bobcat_like","camera_occ",390,0,-0.222507107610639,-0.222507107610639,2.68345537564094,1,0,0.335164506438915,-0.557671614049554,0.093375,0,0.597258989579874,0.781424052475305,2.5233943425366,2379.75800442696,"OK",NA,NA,NA
1,"varying","bobcat_like","camera_occ",391,-0.179515853428882,-0.0968436540445953,0.082672199384287,1.05371709435286,1,0,-0.0857634997067119,-0.0110801543378834,0.182375,0,0.258411470296717,0.5831230957325,1.21042726445968,1950.12329316139,"OK",NA,NA,NA
2,"varying","bobcat_like","camera_occ",392,-0.179515853428882,0.0077948516953564,0.187310705124239,1.31321199956542,1,0,0.0888400023137018,-0.0810451506183454,0.140375,0,0.206052759980718,0.560349511925324,1.27531161818573,1905.36154389381,"OK",NA,NA,NA
3,"varying","bobcat_like","camera_occ",393,-0.179515853428882,-1.55171326098454,-1.37219740755566,3.02917023151984,0,1,-0.732419426981438,-0.819293834003102,0.336125,0,0.362971607935046,0.662209629529003,1.59113900281601,1846.93255329132,"OK",NA,NA,NA
4,"varying","bobcat_like","camera_occ",394,-0.179515853428882,-0.086704949604923,0.0928109038239593,5.1829295288912,1,0,-0.127879829206079,0.0411748796011564,0.215125,0,0.0892682777401589,0.522841506724369,1.45719401729209,1835.02328085899,"OK",NA,NA,NA
5,"varying","bobcat_like","camera_occ",395,-0.179515853428882,-0.472010485490181,-0.292494632061299,3.70065544114898,1,0,-0.0533153626237926,-0.418695122866388,0.166875,0,0.298872728803997,0.618554600322149,1.32045146628325,3031.68320727348,"OK",NA,NA,NA
6,"varying","bobcat_like","camera_occ",396,-0.179515853428882,-0.556557997989405,-0.377042144560523,1.63773124023756,1,0,-0.203310429577634,-0.353247568411771,0.218875,0,0.440169137245554,0.681053387412913,1.1240400494746,2915.17058706284,"OK",NA,NA,NA
7,"varying","bobcat_like","camera_occ",397,-0.179515853428882,-0.309675500043521,-0.130159646614638,0.935087762114294,1,0,-0.095988734995729,-0.213686765047792,0.1995,0,0.163845935953794,0.537304236449378,1.18326973159472,1782.36771702766,"OK",NA,NA,NA
8,"varying","bobcat_like","camera_occ",398,-0.179515853428882,-0.362412438448407,-0.182896585019525,0.84658219080063,1,1,-0.246901119447241,-0.115511319001166,0.3135,0,0.362058382350822,0.644083913912554,1.34205038544661,2774.12345123291,"OK",NA,NA,NA
9,"varying","bobcat_like","camera_occ",399,-0.179515853428882,0.132224525877333,0.311740379306215,1.44319109537018,1,0,0.0536475950306977,0.0785769308466348,0.14925,0,-0.407596601885854,0.279565875526403,1.82014059244089,1936.2755355835,"OK",NA,NA,NA
10,"varying","bobcat_like","camera_occ",400,-0.179515853428882,-0.178782283717483,0.000733569711399568,1.34894125593217,1,0,-0.0344149896669807,-0.144367294050502,0.16675,0,0.530110484250005,0.732684507752916,1.25897151317607,2724.88203763962,"OK",NA,NA,NA
11,"varying","bobcat_like","camera_occ",401,-0.179515853428882,0.856272487253622,1.0357883406825,3.7530125759026,1,0,0.714174101959001,0.142098385294621,0.3265,0,0.698474731658334,0.825365328261756,1.76406398836884,2102.31224274635,"OK",NA,NA,NA
12,"varying","bobcat_like","camera_occ",402,-0.179515853428882,-1.12542896839823,-0.945913114969348,2.32817819486035,1,1,0.0491130606148913,-1.17454202901312,0.025375,0,-0.0610783627891905,0.41873022957946,1.22296824566045,1955.68187093735,"OK",NA,NA,NA
13,"varying","bobcat_like","camera_occ",403,-0.179515853428882,-1.24021555345507,-1.06069970002619,2.49677630100943,1,1,0.120716894063546,-1.36093244751862,0.021375,0,0.590422901942726,0.791001183799414,1.17044474649646,1944.502348423,"OK",NA,NA,NA
14,"varying","bobcat_like","camera_occ",404,-0.179515853428882,-0.641727745332142,-0.46221189190326,3.81783341640463,1,0,-0.321517313018067,-0.320210432314075,0.222125,0,-0.0490568574655891,0.431082497234567,1.27053029963453,1938.84359264374,"OK",NA,NA,NA
15,"varying","bobcat_like","camera_occ",405,-0.179515853428882,-0.390083394921521,-0.210567541492639,1.30816698934033,1,0,-0.00474144768904546,-0.385341947232476,0.130125,0,0.337286407025658,0.609224902482097,1.38551600417484,1960.4100317955,"OK",NA,NA,NA
16,"varying","bobcat_like","camera_occ",406,-0.179515853428882,-1.19366650722317,-1.01415065379429,5.32789704905421,1,0,-0.387600076741624,-0.806066430481546,0.207875,0,0.2556253395983,0.577931844204234,3.35941208054187,1941.57685804367,"OK",NA,NA,NA
17,"varying","bobcat_like","camera_occ",407,-0.179515853428882,-0.105645305338468,0.073870548090414,2.72849828188549,1,0,-0.0588289272099819,-0.0468163781284864,0.175875,0,0.540947991024739,0.72886141784238,3.40398693909619,2816.28893303871,"OK",NA,NA,NA
18,"varying","bobcat_like","camera_occ",408,-0.179515853428882,0.149711917103603,0.329227770532485,5.63998596330486,1,0,-0.0356173677525384,0.185329284856142,0.219,0,0.682500649561773,0.816549903937589,21.9608849825128,1950.96183657646,"OK",NA,NA,NA
19,"varying","bobcat_like","camera_occ",409,-0.179515853428882,-0.553536915022967,-0.374021061594085,1.24107334263574,1,1,0.16569790946376,-0.719234824486727,0.032125,0,0.440793235907964,0.675978575171263,1.09307064440921,1896.0267894268,"OK",NA,NA,NA
20,"varying","bobcat_like","camera_occ",410,-0.179515853428882,-0.311555593820945,-0.132039740392063,1.97109401770557,1,0,-0.0545946570387306,-0.256960936782214,0.164375,0,0.519331453663704,0.715601894079062,1.08286923664267,1928.40194749832,"OK",NA,NA,NA
21,"varying","bobcat_like","camera_occ",411,-0.179515853428882,-0.0938047454471799,0.0857111079817024,2.10711975137258,1,0,-0.159610654812573,0.0658059093653932,0.188875,0,0.688473331788395,0.846086669642337,2.0088547712192,1938.94815254211,"OK",NA,NA,NA
22,"varying","bobcat_like","camera_occ",412,-0.179515853428882,-0.482800219635287,-0.303284366206404,2.95389518165282,1,0,0.049696936101235,-0.532497155736522,0.12675,0,0.300736160390952,0.601336140813911,1.48515097692805,1899.32520365715,"OK",NA,NA,NA
23,"varying","bobcat_like","camera_occ",413,-0.179515853428882,0.434292152684913,0.613808006113796,1.72010103088758,1,0,0.117104848152222,0.317187304532692,0.188625,0,0.623255229952081,0.787362456092686,0.94448477794348,1902.64152812958,"OK",NA,NA,NA
24,"varying","bobcat_like","camera_occ",414,-0.179515853428882,-0.147045413925924,0.0324704395029583,1.59392178314345,1,0,-0.0657960905234058,-0.0812493234025182,0.18,0,0.526641987086284,0.728764385103534,1.03132003630601,1926.04481077194,"OK",NA,NA,NA
25,"varying","bobcat_like","camera_occ",415,-0.179515853428882,0.0538344762666352,0.233350329695517,1.78739581810327,1,0,0.0485625077329517,0.00527196853368343,0.172625,0,0.528245577934613,0.734736750179511,1.03989496331427,2083.35727500916,"OK",NA,NA,NA
26,"varying","bobcat_like","camera_occ",416,-0.179515853428882,-0.0901467381126167,0.0893691153162656,1.98033805814825,1,0,0.182666293018887,-0.272813031131504,0.151875,0,0.295022870072562,0.618549748685206,1.45211242244194,2030.71843934059,"OK",NA,NA,NA
27,"varying","bobcat_like","camera_occ",417,-0.179515853428882,-0.338052503438199,-0.158536650009316,1.00030601038668,1,0,-0.268250969212734,-0.0698015342254651,0.26775,0,0.630175489317701,0.785785674086437,0.979360705040626,2718.43564844131,"OK",NA,NA,NA
28,"varying","bobcat_like","camera_occ",418,-0.179515853428882,-0.409024875139889,-0.229509021711007,2.07570742689399,1,0,0.0636078022600861,-0.472632677399975,0.104375,0,0.292306532500362,0.609661549806905,1.65483727668364,2913.06759595871,"OK",NA,NA,NA
29,"varying","bobcat_like","camera_occ",419,-0.179515853428882,0.289500149187031,0.469016002615914,2.33048388823803,1,0,0.00379752162516876,0.285702627561863,0.168875,0,-0.428635013640517,0.315380659434493,3.80719940691413,3246.01091384888,"OK",NA,NA,NA
30,"varying","bobcat_like","camera_occ",420,-0.179515853428882,-0.217402719476495,-0.0378868660476127,0.865614476666437,1,0,0.0923996931393925,-0.309802412615888,0.110375,0,0.385435056189638,0.670045023190825,1.24781871680569,2048.68200683594,"OK",NA,NA,NA
1,"null","deer_like","camera_occ",421,0,-0.337871286235238,-0.337871286235238,0.792886724661216,1,0,-0.28280293268563,-0.0550683535496083,0.257125,0,0.767930513745535,0.868777775621495,1.67887075952269,2042.76153659821,"OK",NA,NA,NA
2,"null","deer_like","camera_occ",422,0,-0.0242809598615519,-0.0242809598615519,0.502989793992059,1,0,-0.0236706597992023,-0.000610300062349613,0.13075,0,0.735316862315843,0.848609520852336,1.3241118996411,2150.09360051155,"OK",NA,NA,NA
3,"null","deer_like","camera_occ",423,0,-0.132167651478421,-0.132167651478421,0.628827209032289,1,0,0.019667332919617,-0.151834984398038,0.138375,0,0.776865877311859,0.869646218634167,1.22352876497677,2942.97374105453,"OK",NA,NA,NA
4,"null","deer_like","camera_occ",424,0,0.851097810412391,0.851097810412391,3.13102789105309,1,0,0.216689970756318,0.634407839656074,0.2155,0,0.743114665249389,0.852170622367987,8.56038079587679,2077.7969315052,"OK",NA,NA,NA
5,"null","deer_like","camera_occ",425,0,-0.214486367566384,-0.214486367566384,1.81475270590057,1,0,0.321757984701821,-0.536244352268204,0.071875,0,0.804178232665245,0.894700071804227,4.43405415848121,2107.86622285843,"OK",NA,NA,NA
6,"null","deer_like","camera_occ",426,0,-0.0165294427628016,-0.0165294427628016,0.42828401078354,1,0,0.0356706825832648,-0.0522001253460664,0.116625,0,0.703907583128959,0.823948650274603,1.01750137470126,2056.7472486496,"OK",NA,NA,NA
7,"null","deer_like","camera_occ",427,0,-0.101226686360185,-0.101226686360185,1.01011612638922,1,0,-0.270262621991795,0.16903593563161,0.114,0,0.764565231542704,0.859283122125405,1.58215031727868,2578.79758071899,"OK",NA,NA,NA
8,"null","deer_like","camera_occ",428,0,-0.0663609841671844,-0.0663609841671844,0.398054823380712,1,0,0.274946441977358,-0.341307426144543,0.025625,0,0.788249498468102,0.869233829494071,0.757229876519783,2675.91015601158,"OK",NA,NA,NA
9,"null","deer_like","camera_occ",429,0,-0.00644966288057511,-0.00644966288057511,0.589472265412799,1,0,-0.0863165525467002,0.0798668896661251,0.112375,0,0.754000902181151,0.863266316055037,1.38223348865631,2421.63696336746,"OK",NA,NA,NA
10,"null","deer_like","camera_occ",430,0,-0.439097756314929,-0.439097756314929,2.40556903474743,1,0,-0.15755384326944,-0.281543913045489,0.186625,0,0.787888510594329,0.890629548409633,8.07640393448438,2397.7307536602,"OK",NA,NA,NA
11,"null","deer_like","camera_occ",431,0,-3.07499919547502e-05,-3.07499919547502e-05,0.809450545897533,1,0,0.241420924923735,-0.241451674915689,0.091625,0,0.748501447486035,0.860932678685789,1.73799589140786,2761.32088136673,"OK",NA,NA,NA
12,"null","deer_like","camera_occ",432,0,-0.392140383648193,-0.392140383648193,1.79704208984616,1,0,0.0280294040601979,-0.420169787708391,0.133,0,0.730661320968441,0.842748743426032,3.81604362425649,2672.39078974724,"OK",NA,NA,NA
13,"null","deer_like","camera_occ",433,0,-0.0815728877099812,-0.0815728877099812,1.5071870498914,1,0,-0.0950711050806087,0.0134982173706275,0.165125,0,0.680785941131694,0.817646373886549,4.05287529473212,2681.29580235481,"OK",NA,NA,NA
14,"null","deer_like","camera_occ",434,0,-0.0451503032877064,-0.0451503032877064,1.03160299213564,1,0,0.254139121586643,-0.29928942487435,0.10125,0,0.798331896194443,0.880130606066487,2.61664336230343,1806.7338848114,"OK",NA,NA,NA
15,"null","deer_like","camera_occ",435,0,-0.1477899711317,-0.1477899711317,1.00183111622462,1,0,-0.0868244132618367,-0.0609655578698633,0.139875,0,0.619461314723286,0.783136680315939,1.90389788223083,2125.36022496223,"OK",NA,NA,NA
16,"null","deer_like","camera_occ",436,0,0.0826457670157955,0.0826457670157955,1.08213743992526,1,0,0.485189865836101,-0.402544098820306,0.088875,0,0.716943220727078,0.83398668710823,2.54862463583237,2097.89154362679,"OK",NA,NA,NA
17,"null","deer_like","camera_occ",437,0,0.997875090475901,0.997875090475901,3.33222867159083,1,0,0.614104049798758,0.383771040677142,0.29275,0,0.793791351605764,0.887116963263405,17.2552765923497,2110.79067325592,"OK",NA,NA,NA
18,"null","deer_like","camera_occ",438,0,-0.350334452479215,-0.350334452479215,1.8924561199476,1,0,-0.0256009809900359,-0.324733471489179,0.16025,0,0.771800345429489,0.870708727124532,6.86490057985017,2127.26831054688,"OK",NA,NA,NA
19,"null","deer_like","camera_occ",439,0,0.113369636037102,0.113369636037102,0.615649105559111,1,0,0.157113396762702,-0.0437437607256,0.157125,0,0.756832637253497,0.880436259193852,1.20924860954624,2112.10842728615,"OK",NA,NA,NA
20,"null","deer_like","camera_occ",440,0,-0.129430101602587,-0.129430101602587,0.579052810069967,1,0,0.188655746313391,-0.318085847915979,0.05325,0,0.736544076819759,0.839134273904015,1.13958537824423,2094.26813530922,"OK",NA,NA,NA
21,"null","deer_like","camera_occ",441,0,0.0435091878102051,0.0435091878102051,0.445964513435184,1,0,0.172313217798622,-0.128804029988417,0.10725,0,0.656012090336671,0.796823148130179,1.06243026929821,2141.46719694138,"OK",NA,NA,NA
22,"null","deer_like","camera_occ",442,0,0.0323316431822198,0.0323316431822198,1.87741047291571,1,0,0.399067384650072,-0.366735741467852,0.11625,0,0.804809047753903,0.897611053969609,4.20533056109227,1998.81336784363,"OK",NA,NA,NA
23,"null","deer_like","camera_occ",443,0,0.0702443752035082,0.0702443752035082,0.303450740619578,1,0,-0.105189009706541,0.175433384910049,0.0855,0,0.796209281084795,0.88940208426323,0.968569574323333,2628.19374608994,"OK",NA,NA,NA
24,"null","deer_like","camera_occ",444,0,0.157329112017933,0.157329112017933,1.00724550124614,1,0,0.134982660154269,0.0223464518636638,0.166625,0,0.779280408503624,0.882182848493082,2.00632852180507,2670.40038466454,"OK",NA,NA,NA
25,"null","deer_like","camera_occ",445,0,-0.0672765322452767,-0.0672765322452767,1.85098062908953,1,0,-0.188566246172134,0.121289713926857,0.152625,0,0.797423639803863,0.884729957887791,5.14670338016522,2542.18478512764,"OK",NA,NA,NA
26,"null","deer_like","camera_occ",446,0,-0.288412903007586,-0.288412903007586,1.75933054122534,1,0,-0.010858258224656,-0.27755464478293,0.149375,0,0.750752460147588,0.857526829552291,7.18788963924498,1815.20818948746,"OK",NA,NA,NA
27,"null","deer_like","camera_occ",447,0,0.252741494596596,0.252741494596596,1.7201633663942,1,0,0.811064548813494,-0.558323054216898,0.09675,0,0.704949446709943,0.845722796871665,3.71513149304017,2492.15928387642,"OK",NA,NA,NA
28,"null","deer_like","camera_occ",448,0,-0.310091813548042,-0.310091813548042,1.2388502642588,1,0,-0.105583648473116,-0.204508165074925,0.209,0,0.79880579697154,0.887335286925809,3.18630347780401,2504.22304534912,"OK",NA,NA,NA
29,"null","deer_like","camera_occ",449,0,-0.395946063409988,-0.395946063409988,0.908743827178519,0,1,-0.0928378260164182,-0.30310823739357,0.168875,0,0.767712462322492,0.872591162258146,2.06004146357681,2677.23520636559,"OK",NA,NA,NA
30,"null","deer_like","camera_occ",450,0,-0.135641749211115,-0.135641749211115,1.40097261799118,1,0,-0.133046614984264,-0.00259513422685116,0.1535,0,0.692206414469189,0.820067340720759,3.44004307550408,2289.77340817451,"OK",NA,NA,NA
1,"varying","deer_like","camera_occ",451,-0.179515853428882,-0.362827104148639,-0.183311250719757,2.50010557146179,1,0,0.185967581678886,-0.548794685827525,0.1045,0,0.727256541690966,0.859739175997982,5.96424846870305,1747.7869720459,"OK",NA,NA,NA
2,"varying","deer_like","camera_occ",452,-0.179515853428882,-0.987735216316074,-0.808219362887191,2.45094005869557,0,1,-0.201102949232337,-0.786632267083737,0.194125,0,0.757418954014553,0.868651633060995,5.54305484597324,1844.98650741577,"OK",NA,NA,NA
3,"varying","deer_like","camera_occ",453,-0.179515853428882,-1.04819477453722,-0.868678921108337,2.24634456185437,0,1,-0.439598048568729,-0.608596725968491,0.29475,0,0.622318007971452,0.787042248054494,3.37192085979232,2780.19136142731,"OK",NA,NA,NA
4,"varying","deer_like","camera_occ",454,-0.179515853428882,-2.28103664705645,-2.10152079362757,4.21624689264653,0,1,0.190759650496128,-2.47179629755258,0.024,0,0.74818513426609,0.863130470220652,9.73799262443266,2731.85808038712,"OK",NA,NA,NA
5,"varying","deer_like","camera_occ",455,-0.179515853428882,-0.914657182472105,-0.735141329043223,2.18349207926994,1,1,-0.305604434711894,-0.609052747760211,0.2325,0,0.753078507633171,0.853509674164063,7.15821328207124,2768.8639729023,"OK",NA,NA,NA
6,"varying","deer_like","camera_occ",456,-0.179515853428882,-0.213777160133151,-0.0342613067042685,0.401362759059464,1,1,-0.0185043165798506,-0.1952728435533,0.159,0,0.718048738075679,0.848793883056143,0.820774121884652,1796.38477039337,"OK",NA,NA,NA
7,"varying","deer_like","camera_occ",457,-0.179515853428882,-0.430954068038121,-0.251438214609239,0.897156228914459,1,1,0.250964357595725,-0.681918425633846,0.031,0,0.750223176905843,0.850884938578276,1.42072280047585,2288.46014046669,"OK",NA,NA,NA
8,"varying","deer_like","camera_occ",458,-0.179515853428882,-0.819264349590479,-0.639748496161597,2.49006140992527,1,0,0.0901419566156993,-0.909406306206178,0.09625,0,0.718949043756427,0.83417590094898,7.05757507874108,2350.14760923386,"OK",NA,NA,NA
9,"varying","deer_like","camera_occ",459,-0.179515853428882,-0.676800843525888,-0.497284990097006,1.44256627785141,1,1,-0.167527293748539,-0.509273549777349,0.17375,0,0.733634117021657,0.849177162374585,1.75635098025517,2855.56960701942,"OK",NA,NA,NA
10,"varying","deer_like","camera_occ",460,-0.179515853428882,-0.120674509040531,0.0588413443883511,0.753297103670054,1,0,0.0783872696348056,-0.199061778675337,0.112375,0,0.619925629765547,0.77448621164781,1.45427327221943,1998.72994375229,"OK",NA,NA,NA
11,"varying","deer_like","camera_occ",461,-0.179515853428882,-0.177178034934723,0.00233781849415884,0.41436355155116,1,0,-0.0920907186232053,-0.0850873163115182,0.187,0,0.784013581479476,0.88017912243591,0.895065418132407,2748.77414536476,"OK",NA,NA,NA
12,"varying","deer_like","camera_occ",462,-0.179515853428882,-0.807388736294446,-0.627872882865563,2.14789505695332,1,1,-0.0109852665665303,-0.796403469727915,0.126625,0,0.718135153956119,0.83733431659842,4.47319663991055,2632.96571183205,"OK",NA,NA,NA
13,"varying","deer_like","camera_occ",463,-0.179515853428882,-0.151825278961115,0.0276905744677668,0.539510248147362,1,0,0.104804378058932,-0.256629657020047,0.08425,0,0.703650771995491,0.814851831007782,1.21957120278667,2632.6775200367,"OK",NA,NA,NA
14,"varying","deer_like","camera_occ",464,-0.179515853428882,-0.45559173062308,-0.276075877194198,0.658591511264838,1,1,0.540506022525,-0.99609775314808,0,0,0.685015157723729,0.81849055871451,0.963320042882555,2840.40033459663,"OK",NA,NA,NA
15,"varying","deer_like","camera_occ",465,-0.179515853428882,-0.644114351277088,-0.464598497848206,1.84169051007745,1,1,0.169475913361769,-0.813590264638858,0.08775,0,0.804853866674643,0.890673213142114,2.73150066616074,1930.91560173035,"OK",NA,NA,NA
16,"varying","deer_like","camera_occ",466,-0.179515853428882,-0.302180970511347,-0.122665117082465,1.25228054895261,1,0,0.089925413872695,-0.392106384384042,0.1295,0,0.710395763092379,0.813600108676668,2.91324753737467,2547.84059524536,"OK",NA,NA,NA
17,"varying","deer_like","camera_occ",467,-0.179515853428882,-1.07492710157604,-0.895411248147154,1.88343629241265,0,1,0.459386318374026,-1.53431341995006,0.012625,0,0.691358205173421,0.826791709522793,2.90789722743064,2604.05677938461,"OK",NA,NA,NA
18,"varying","deer_like","camera_occ",468,-0.179515853428882,-0.316688458008388,-0.137172604579505,0.945167965837965,1,1,0.258289589693682,-0.57497804770207,0.0965,0,0.748390730645708,0.867050592870034,1.27440221065331,3484.44752001762,"OK",NA,NA,NA
19,"varying","deer_like","camera_occ",469,-0.179515853428882,-0.89066824868095,-0.711152395252068,2.93454109218748,0,1,-0.0154207508424751,-0.875247497838475,0.091125,0,0.687182960436226,0.809369481262978,3.73157873493556,2795.6288087368,"OK",NA,NA,NA
20,"varying","deer_like","camera_occ",470,-0.179515853428882,-0.81782977797623,-0.638313924547348,1.99882386115469,1,1,-0.0572072401031914,-0.760622537873039,0.1315,0,0.769934317038113,0.876661685652739,4.42358787939727,2740.38901615143,"OK",NA,NA,NA
21,"varying","deer_like","camera_occ",471,-0.179515853428882,-0.77807611616021,-0.598560262731327,2.81994478177072,1,0,-0.506048886628653,-0.272027229531557,0.23125,0,0.732724866792349,0.85158842593491,10.1747111571365,2813.18769073486,"OK",NA,NA,NA
22,"varying","deer_like","camera_occ",472,-0.179515853428882,-0.211615181602553,-0.0320993281736706,1.43198829131296,1,0,1.24846788085182,-1.46008306245438,0.00575,0,0.768966654738999,0.866546022628035,3.49185821492518,2862.75761437416,"OK",NA,NA,NA
23,"varying","deer_like","camera_occ",473,-0.179515853428882,-0.46606557730054,-0.286549723871658,0.920567269924679,1,1,0.0353754074091403,-0.50144098470968,0.0855,0,0.724306700106455,0.83503949232471,1.04613181337487,3004.22057533264,"OK",NA,NA,NA
24,"varying","deer_like","camera_occ",474,-0.179515853428882,-0.110760807847757,0.0687550455811253,0.790185668251991,1,0,0.535300716433575,-0.646061524281332,0.02025,0,0.787533373545331,0.878917696830911,1.36668416065637,2846.66726160049,"OK",NA,NA,NA
25,"varying","deer_like","camera_occ",475,-0.179515853428882,-0.229183434086652,-0.0496675806577695,0.402242226644271,1,1,0.0381907906078993,-0.267374224694551,0.10725,0,0.726391901996858,0.845941120534068,0.811558679281084,2846.27268624306,"OK",NA,NA,NA
26,"varying","deer_like","camera_occ",476,-0.179515853428882,-0.590040108982192,-0.41052425555331,0.787382294216817,0,1,0.112574622078896,-0.702614731061089,0.045375,0,0.745773472382913,0.854397523724505,1.3288506304988,2698.87787032127,"OK",NA,NA,NA
27,"varying","deer_like","camera_occ",477,-0.179515853428882,-0.203347531428546,-0.0238316779996635,0.633839450143618,1,0,-0.200515909628673,-0.00283162179987296,0.2235,0,0.771535663734474,0.863601079004056,1.20848855157668,2583.79897212982,"OK",NA,NA,NA
28,"varying","deer_like","camera_occ",478,-0.179515853428882,-1.48664059868299,-1.30712474525411,3.52868188803347,1,1,-0.515472405219717,-0.971168193463273,0.21175,0,0.810507238135477,0.887509945855732,9.66593336020811,2725.78968763351,"OK",NA,NA,NA
29,"varying","deer_like","camera_occ",479,-0.179515853428882,-0.562302962532745,-0.382787109103862,1.26568526006476,1,1,-0.0272656696842264,-0.535037292848518,0.168125,0,0.785215917955856,0.868753517436783,2.80939916001586,3129.53327655792,"OK",NA,NA,NA
30,"varying","deer_like","camera_occ",480,-0.179515853428882,-1.40854929693879,-1.22903344350991,3.3362261961428,1,1,-0.497617852471607,-0.91093144446718,0.269,0,0.761429205493101,0.872392245143511,8.31501529815783,2813.74250197411,"OK",NA,NA,NA
1,"null","intermediate","camera_occ",481,0,0.321954092242545,0.321954092242545,1.13201162071689,1,0,0.209953936516672,0.112000155725873,0.258625,0,0.602286338819468,0.779745386093268,1.16747008362511,2670.83883476257,"OK",NA,NA,NA
2,"null","intermediate","camera_occ",482,0,0.353298636948406,0.353298636948406,1.00403357859335,1,0,0.147367265306128,0.205931371642278,0.23475,0,0.670748522622663,0.802290942964156,0.932235685285925,2896.38170146942,"OK",NA,NA,NA
3,"null","intermediate","camera_occ",483,0,0.0012888101854436,0.0012888101854436,0.814051092941805,1,0,-0.0592627621412223,0.0605515723266659,0.149875,0,0.665956184183131,0.797939024626909,1.05575670897993,2880.70149731636,"OK",NA,NA,NA
4,"null","intermediate","camera_occ",484,0,0.0219728747465502,0.0219728747465502,1.48711674493523,1,0,0.38804473809914,-0.366071863352589,0.113,0,0.367075664965872,0.649493489103223,1.63703978821445,2409.40678620338,"OK",NA,NA,NA
5,"null","intermediate","camera_occ",485,0,0.305569962426646,0.305569962426646,0.680496300840192,0,1,0.143587666285998,0.161982296140647,0.24575,0,0.711941935709631,0.842593491043878,1.10076305894782,2386.69898867607,"OK",NA,NA,NA
6,"null","intermediate","camera_occ",486,0,-0.0472327669197709,-0.0472327669197709,0.818464743933603,1,0,0.016944613977793,-0.0641773808975639,0.124125,0,0.652618980649431,0.810980224727823,1.35161779110036,2573.01672649384,"OK",NA,NA,NA
7,"null","intermediate","camera_occ",487,0,0.240223635597444,0.240223635597444,0.828131657022516,1,0,-0.0767421367390794,0.316965772336523,0.10275,0,0.57423347743514,0.77052727590289,0.971458780747489,2672.45137071609,"OK",NA,NA,NA
8,"null","intermediate","camera_occ",488,0,0.320127618819602,0.320127618819602,2.32619992135024,1,0,0.240551672979841,0.0795759458397607,0.189125,0,0.749466032091021,0.868312018475033,3.60415640721379,2830.63302087784,"OK",NA,NA,NA
9,"null","intermediate","camera_occ",489,0,-0.0996380153597467,-0.0996380153597467,0.652584275438308,1,0,0.0841378751837843,-0.183775890543531,0.093,0,0.730051408552402,0.862693822895845,0.972848504384394,2808.94988226891,"OK",NA,NA,NA
10,"null","intermediate","camera_occ",490,0,-0.131842087765911,-0.131842087765911,0.592846113513783,1,0,-0.0506770796002686,-0.0811650081656426,0.159,0,0.564273514228332,0.754419841254439,1.02547382904834,2785.16060948372,"OK",NA,NA,NA
11,"null","intermediate","camera_occ",491,0,-0.308062882951173,-0.308062882951173,2.9066733635441,1,0,-0.140272566088919,-0.167790316862254,0.21625,0,0.735980522171524,0.842282986279571,4.00925331280312,2791.72779011726,"OK",NA,NA,NA
12,"null","intermediate","camera_occ",492,0,-0.409913012391598,-0.409913012391598,0.996046242453572,0,1,0.2242199513874,-0.634132963778998,0.030125,0,0.703345807772643,0.829843389159502,1.01165045541573,2693.60664367676,"OK",NA,NA,NA
13,"null","intermediate","camera_occ",493,0,0.290168299388419,0.290168299388419,0.701592216321437,1,0,0.210405216866288,0.0797630825221319,0.2595,0,0.741353198310083,0.853305905412486,0.903788614917216,3437.9512758255,"OK",NA,NA,NA
14,"null","intermediate","camera_occ",494,0,0.0827100543269339,0.0827100543269339,0.921072143972483,1,0,0.137814372779738,-0.0551043184528038,0.16275,0,0.675050161204649,0.812639484562091,1.42634272568247,2557.88681483269,"OK",NA,NA,NA
15,"null","intermediate","camera_occ",495,0,0.0813994235953663,0.0813994235953663,1.03182967167393,1,0,0.160637627445363,-0.0792382038499964,0.153875,0,0.682044429496255,0.816001668963108,1.14715223828653,2792.76790380478,"OK",NA,NA,NA
16,"null","intermediate","camera_occ",496,0,0.131657299927677,0.131657299927677,1.30603660101879,1,0,0.3108157835323,-0.179158483604623,0.147125,0,0.724868860174537,0.847789594209086,1.57194053595998,2435.49144792557,"OK",NA,NA,NA
17,"null","intermediate","camera_occ",497,0,0.0242830520460957,0.0242830520460957,0.816658508601527,1,0,0.0291623982568542,-0.00487934621075854,0.161875,0,0.608401172043631,0.774035009412176,1.04971176911471,2803.30670404434,"OK",NA,NA,NA
18,"null","intermediate","camera_occ",498,0,0.756166958913675,0.756166958913675,1.98534784060782,1,0,0.28214134505475,0.474025613858925,0.264625,0,0.761060988244058,0.876113450678259,2.07667573226859,2812.22849798203,"OK",NA,NA,NA
19,"null","intermediate","camera_occ",499,0,-0.0142306412292663,-0.0142306412292663,0.769187995475287,1,0,0.0409787646318697,-0.055209405861136,0.15875,0,0.641651777920581,0.782481709328728,1.09738228839176,2659.09366941452,"OK",NA,NA,NA
20,"null","intermediate","camera_occ",500,0,-0.102445185579484,-0.102445185579484,0.386216906983481,1,0,0.0464546650739529,-0.148899850653437,0.1245,0,0.655263697714525,0.804120010091405,0.926331118932851,2679.57644891739,"OK",NA,NA,NA
21,"null","intermediate","camera_occ",501,0,-0.111362195007737,-0.111362195007737,3.56366424696874,1,0,-0.108728727036792,-0.0026334679709454,0.151625,0,0.755799493805876,0.864474373653671,9.05365566695645,2892.71416068077,"OK",NA,NA,NA
22,"null","intermediate","camera_occ",502,0,-0.516132548684976,-0.516132548684976,3.23421971804993,1,0,0.244131939536765,-0.760264488221741,0.109125,0,0.710885404992568,0.837407091152555,7.01568076938386,2888.24245357513,"OK",NA,NA,NA
23,"null","intermediate","camera_occ",503,0,-0.0145588970576393,-0.0145588970576393,0.544543164847361,1,0,-0.227743038851154,0.213184141793515,0.084625,0,0.743730043778436,0.864217236895729,0.941789208588606,2543.91280841827,"OK",NA,NA,NA
24,"null","intermediate","camera_occ",504,0,-0.145516424611581,-0.145516424611581,0.563999999036389,1,0,-0.12400856520622,-0.0215078594053613,0.188875,0,0.702534562865726,0.836072890993421,0.908392022893088,2969.80146765709,"OK",NA,NA,NA
25,"null","intermediate","camera_occ",505,0,-0.0404046867328037,-0.0404046867328037,1.30713235903294,1,0,0.083952912746999,-0.124357599479803,0.148875,0,0.753826162891097,0.866521764443323,1.24379777605287,1997.78903913498,"OK",NA,NA,NA
26,"null","intermediate","camera_occ",506,0,-0.328563461469982,-0.328563461469982,1.25099649883286,1,0,0.211892544272886,-0.540456005742867,0.093375,0,0.628940484400523,0.787619592850628,1.66868816079952,3030.77090001106,"OK",NA,NA,NA
27,"null","intermediate","camera_occ",507,0,-0.118631616804358,-0.118631616804358,0.739965089845264,1,0,-0.0105568416924844,-0.108074775111873,0.1655,0,0.554147579953805,0.735469347357799,1.08851967957785,3008.829454422,"OK",NA,NA,NA
28,"null","intermediate","camera_occ",508,0,-0.13616183029546,-0.13616183029546,0.648354505497812,1,0,0.150037796379074,-0.286199626674534,0.079125,0,0.809604047116484,0.89047429602748,0.759375058621004,2830.26142525673,"OK",NA,NA,NA
29,"null","intermediate","camera_occ",509,0,-0.0918349165457766,-0.0918349165457766,0.946882309228138,1,0,-0.216003375962904,0.124168459417127,0.15625,0,0.476169710914916,0.703734790118186,1.08638726151911,2927.81595945358,"OK",NA,NA,NA
30,"null","intermediate","camera_occ",510,0,-0.590291503158513,-0.590291503158513,2.44096015963349,1,0,-0.467015959437485,-0.123275543721028,0.234,0,0.529661253114903,0.725630227638805,3.35569699263228,2807.61487436295,"OK",NA,NA,NA
1,"varying","intermediate","camera_occ",511,-0.179515853428882,-0.811068326429823,-0.631552473000941,1.90527288689301,1,1,-0.0171485110189085,-0.793919815410915,0.071625,0,0.603280594319407,0.772196239011042,2.01740941358932,2871.345028162,"OK",NA,NA,NA
2,"varying","intermediate","camera_occ",512,-0.179515853428882,-0.904800877823475,-0.725285024394593,3.44345076241832,1,0,-0.0315915224756268,-0.873209355347848,0.11575,0,0.69411203611315,0.829382483649983,3.89196691367569,2793.80932307243,"OK",NA,NA,NA
3,"varying","intermediate","camera_occ",513,-0.179515853428882,-1.20971416703983,-1.03019831361094,2.91751921261175,0,1,-0.160071261787326,-1.0496429052525,0.167125,0,0.635717534811245,0.789492324710357,3.09233411535271,2717.88969492912,"OK",NA,NA,NA
4,"varying","intermediate","camera_occ",514,-0.179515853428882,-0.414419754577158,-0.234903901148275,1.02861421081198,1,0,-0.15123669729115,-0.263183057286008,0.237625,0,0.631577475170983,0.760853111839935,0.907333955373868,3063.0269112587,"OK",NA,NA,NA
5,"varying","intermediate","camera_occ",515,-0.179515853428882,-0.0333346453768758,0.146181208052006,0.701232526296234,1,0,0.0711106105325346,-0.10444525590941,0.12175,0,0.487783934715568,0.721438413320654,1.17141951117454,2803.30612707138,"OK",NA,NA,NA
6,"varying","intermediate","camera_occ",516,-0.179515853428882,-0.232522717953916,-0.0530068645250339,0.635704087220913,1,0,0.0730559294243169,-0.305578647378233,0.0665,0,0.582669517188497,0.750004851636942,0.967800402366763,2710.84839987755,"OK",NA,NA,NA
7,"varying","intermediate","camera_occ",517,-0.179515853428882,-0.892115029887904,-0.712599176459022,3.26661436609441,1,0,-0.484007330028616,-0.408107699859288,0.25925,0,0.685457960966407,0.835616837120845,7.68779371183985,2744.63611197472,"OK",NA,NA,NA
8,"varying","intermediate","camera_occ",518,-0.179515853428882,-0.173038972486272,0.00647688094261059,1.52784030910153,1,0,0.104993189961381,-0.278032162447653,0.130375,0,0.519718762234135,0.731743290186109,1.72142791741893,2638.85970520973,"OK",NA,NA,NA
9,"varying","intermediate","camera_occ",519,-0.179515853428882,-0.5406460468802,-0.361130193451318,2.65590713959187,1,0,-0.105503990890042,-0.435142055990158,0.169375,0,0.701389243879,0.831759785751713,4.03644847609628,2832.11112880707,"OK",NA,NA,NA
10,"varying","intermediate","camera_occ",520,-0.179515853428882,-0.0906906439215222,0.0888252095073601,0.454104661783527,1,0,-0.248136325776373,0.15744568185485,0.113625,0,0.641625970172944,0.784296221545149,1.0804554029723,2815.7446513176,"OK",NA,NA,NA
11,"varying","intermediate","camera_occ",521,-0.179515853428882,-0.308510953457437,-0.128995100028554,1.70794980044225,1,0,0.309373765045854,-0.617884718503291,0.07125,0,0.73783375889668,0.856580760348542,2.30462798163622,2833.53336572647,"OK",NA,NA,NA
12,"varying","intermediate","camera_occ",522,-0.179515853428882,-0.139531621992971,0.0399842314359115,0.557536179184567,1,0,-0.0449112318914009,-0.0946203901015699,0.173375,0,0.462566911995757,0.686492072425236,1.05234786305783,3061.63155770302,"OK",NA,NA,NA
13,"varying","intermediate","camera_occ",523,-0.179515853428882,-0.887974075102971,-0.708458221674089,1.82905692571745,0,1,-0.0328765546668241,-0.855097520436147,0.069875,0,0.598260971374447,0.764069747132683,1.52660663748629,2637.58572626114,"OK",NA,NA,NA
14,"varying","intermediate","camera_occ",524,-0.179515853428882,-0.556451841512048,-0.376935988083166,1.72889622578079,1,0,0.0357726401125955,-0.592224481624644,0.114375,0,0.729217529769918,0.858099322711483,2.9320587053589,2887.02272796631,"OK",NA,NA,NA
15,"varying","intermediate","camera_occ",525,-0.179515853428882,-0.557570095292823,-0.37805424186394,1.06034322895891,1,1,-0.0928942479923289,-0.464675847300494,0.16675,0,0.666689204364292,0.801994993110676,1.07533153507449,2944.87703108788,"OK",NA,NA,NA
16,"varying","intermediate","camera_occ",526,-0.179515853428882,-0.31787627435348,-0.138360420924598,0.955248257145114,1,0,-0.1919202429255,-0.12595603142798,0.259375,0,0.591132647062044,0.767955908323468,1.07126480585529,1937.15164017677,"OK",NA,NA,NA
17,"varying","intermediate","camera_occ",527,-0.179515853428882,-0.778430164160193,-0.59891431073131,2.18219632213145,1,1,-0.140866435435324,-0.637563728724869,0.169875,0,0.628413140747265,0.795988666576103,3.12321015627522,2875.12417459488,"OK",NA,NA,NA
18,"varying","intermediate","camera_occ",528,-0.179515853428882,-0.64726869528775,-0.467752841858868,1.01893981207979,0,1,0.0165061506472616,-0.663774845935012,0.056125,0,0.67095527313758,0.808675697180229,0.886541491241016,3150.3760972023,"OK",NA,NA,NA
19,"varying","intermediate","camera_occ",529,-0.179515853428882,-0.192292894557668,-0.0127770411287858,0.909297987581427,1,0,0.19757940939927,-0.389872303956938,0.055875,0,0.65986073081418,0.80716198645423,1.03503821944973,2767.26346707344,"OK",NA,NA,NA
20,"varying","intermediate","camera_occ",530,-0.179515853428882,-0.574433481598798,-0.394917628169916,1.32519785714689,1,1,-0.14191982579232,-0.432513655806478,0.1675,0,0.609742950505533,0.782011100545324,1.15955371319586,1850.55836701393,"OK",NA,NA,NA
21,"varying","intermediate","camera_occ",531,-0.179515853428882,-0.306421146552032,-0.12690529312315,0.672855215295068,1,1,-0.113169021335227,-0.193252125216805,0.245625,0,0.5837008813442,0.76061052999282,0.975970065003277,1908.23875117302,"OK",NA,NA,NA
22,"varying","intermediate","camera_occ",532,-0.179515853428882,-0.980666724249043,-0.801150870820161,1.85117209650953,0,1,-0.164966556166859,-0.815700168082185,0.1345,0,0.489817408903099,0.718139300199887,2.47680318540696,1755.64296030998,"OK",NA,NA,NA
23,"varying","intermediate","camera_occ",533,-0.179515853428882,-0.272052720162124,-0.0925368667332413,0.686973272756136,1,0,-0.131988825472572,-0.140063894689552,0.218,0,0.727711367176331,0.843753032273089,0.901235870824529,1853.51172041893,"OK",NA,NA,NA
24,"varying","intermediate","camera_occ",534,-0.179515853428882,-0.831785517397855,-0.652269663968973,1.21913780161564,0,1,0.180754892978557,-1.01254041037641,0.00475,0,0.25668017117173,0.59025985367463,1.19526604956099,1814.64608693123,"OK",NA,NA,NA
25,"varying","intermediate","camera_occ",535,-0.179515853428882,-0.165051634885869,0.0144642185430138,0.789753877076684,1,0,0.275378025037406,-0.440429659923275,0.04125,0,0.60847495655442,0.780157775233364,0.984496494288008,1841.33873939514,"OK",NA,NA,NA
26,"varying","intermediate","camera_occ",536,-0.179515853428882,-0.481470300285587,-0.301954446856705,0.979029513245424,1,1,-0.346632560694118,-0.134837739591469,0.285375,0,0.681977024788919,0.832773777872654,1.55798393662906,2041.38655257225,"OK",NA,NA,NA
27,"varying","intermediate","camera_occ",537,-0.179515853428882,-1.20394052547415,-1.02442467204527,3.51552476121226,1,0,0.568270941615382,-1.77221146708953,0.043375,0,0.483435120853274,0.721739214811077,5.40792116328518,2460.08683252335,"OK",NA,NA,NA
28,"varying","intermediate","camera_occ",538,-0.179515853428882,-0.430002550108859,-0.250486696679976,0.919959341987551,1,1,-0.12935673467807,-0.300645815430789,0.198125,0,0.731352792278874,0.847246210871548,0.976025040347402,2053.1290140152,"OK",NA,NA,NA
29,"varying","intermediate","camera_occ",539,-0.179515853428882,-0.251299089823954,-0.0717832363950719,1.17858937496638,1,0,0.120764613835986,-0.37206370365994,0.102,0,0.672802290355852,0.81855362999476,1.46787671483483,1937.40964102745,"OK",NA,NA,NA
30,"varying","intermediate","camera_occ",540,-0.179515853428882,-0.301890953023467,-0.122375099594585,0.665650256354084,1,0,0.0618305134181815,-0.363721466441649,0.063,0,0.450515896073771,0.698626016417939,1.04122307517364,2298.42508244514,"OK",NA,NA,NA
1,"null","bobcat_like","camera_rn",541,0,-0.344663197719102,-0.344663197719102,1.21313229980754,1,0,0.104019982936713,-0.448683180655814,0.07325,0,0.666855656321719,0.833511226687884,1.08301306105908,2182.54293608665,"OK",NA,NA,NA
2,"null","bobcat_like","camera_rn",542,0,-0.0433254458464784,-0.0433254458464784,0.770931380971686,1,0,-0.0794919318959607,0.0361664860494823,0.14175,0,-0.0314309833423492,0.519862601641794,1.31323007233059,2052.36338591576,"OK",NA,NA,NA
3,"null","bobcat_like","camera_rn",543,0,-0.00896200737199995,-0.00896200737199995,0.657089216748465,1,0,-0.011248848509645,0.00228684113764501,0.143125,0,0.509343326349693,0.7217877311805,1.12954446978581,2064.29066205025,"OK",NA,NA,NA
4,"null","bobcat_like","camera_rn",544,0,-0.236413298323637,-0.236413298323637,0.822183324153986,1,0,-0.177264094514664,-0.0591492038089735,0.255,0,0.582612852351295,0.77368569155233,1.00906737453601,1859.21225881577,"OK",NA,NA,NA
5,"null","bobcat_like","camera_rn",545,0,-0.0489033288043143,-0.0489033288043143,0.935862311281087,1,0,-0.170421346649519,0.121518017845205,0.1515,0,0.208697765579636,0.561771041549419,1.1588932854257,2523.90237021446,"OK",NA,NA,NA
6,"null","bobcat_like","camera_rn",546,0,-0.128355811663891,-0.128355811663891,0.607361809759914,1,0,-0.148163328548677,0.0198075168847864,0.20575,0,0.435722606594694,0.678433503464069,1.16201262929211,1894.40568375587,"OK",NA,NA,NA
7,"null","bobcat_like","camera_rn",547,0,-0.00234936898586092,-0.00234936898586092,0.928053525942172,1,0,0.130208382359164,-0.132557751345025,0.140625,0,0.564370509682338,0.755385317005958,1.09190066894232,2063.44497585297,"OK",NA,NA,NA
8,"null","bobcat_like","camera_rn",548,0,-0.127100686200794,-0.127100686200794,0.658416906488102,1,0,-0.04389488165078,-0.0832058045500141,0.17125,0,0.187710760934707,0.546861961225718,1.22783923973684,1853.91266202927,"OK",NA,NA,NA
9,"null","bobcat_like","camera_rn",549,0,0.122208562393513,0.122208562393513,0.756038375326226,1,0,0.238548531926048,-0.116339969532536,0.178125,0,0.522059364648198,0.734465058510742,1.14719595533521,2515.14760732651,"OK",NA,NA,NA
10,"null","bobcat_like","camera_rn",550,0,0.113529998385214,0.113529998385214,0.752640744572286,1,0,-0.0496553289078425,0.163185327293057,0.123,0,0.128191570814528,0.509436433852782,1.33949572741146,3072.97577309608,"OK",NA,NA,NA
11,"null","bobcat_like","camera_rn",551,0,-0.178518060309311,-0.178518060309311,0.884896129161461,1,0,-0.0748529857299954,-0.103665074579316,0.143875,0,0.463928278698412,0.719924702594655,1.09712223579291,1844.62652802467,"OK",NA,NA,NA
12,"null","bobcat_like","camera_rn",552,0,-0.389969199305134,-0.389969199305134,0.846278153514974,1,0,-0.41150564729951,0.0215364479943759,0.3105,0,0.65394221279828,0.827204098662889,1.01846665910338,1912.49347424507,"OK",NA,NA,NA
13,"null","bobcat_like","camera_rn",553,0,0.0786967696723325,0.0786967696723325,0.803201988523861,1,0,-0.0694112584163881,0.148108028088721,0.12425,0,0.38305381859529,0.649876768421665,1.16720480050854,1987.16525650024,"OK",NA,NA,NA
14,"null","bobcat_like","camera_rn",554,0,-0.263190450122074,-0.263190450122074,0.724898833851856,1,0,-0.0795073788921291,-0.183683071229945,0.19075,0,0.49334055116725,0.695884841545537,1.10056535370048,2443.65713477135,"OK",NA,NA,NA
15,"null","bobcat_like","camera_rn",555,0,0.160775403138557,0.160775403138557,0.87158578525833,1,0,-0.13651753925379,0.297292942392347,0.08425,0,0.601974065073066,0.785557647150148,0.9773976770605,2071.43879032135,"OK",NA,NA,NA
16,"null","bobcat_like","camera_rn",556,0,0.210747821195864,0.210747821195864,0.968978079722984,1,0,0.0732312777705271,0.137516543425337,0.16725,0,0.404196631505454,0.671136641502843,1.13569724614154,2156.14297628403,"OK",NA,NA,NA
17,"null","bobcat_like","camera_rn",557,0,-0.0901464750874641,-0.0901464750874641,0.791806636247405,1,0,-0.141498245659858,0.0513517705723936,0.16725,0,0.716046313333595,0.834462147528576,0.875198846557993,2049.76592493057,"OK",NA,NA,NA
18,"null","bobcat_like","camera_rn",558,0,-0.098988215758044,-0.098988215758044,0.80191579922245,1,0,-0.232677328732198,0.133689112974154,0.138,0,0.586146846693179,0.763502105610433,0.961417773494107,2683.67163491249,"OK",NA,NA,NA
19,"null","bobcat_like","camera_rn",559,0,0.226081315601025,0.226081315601025,0.777439239962053,1,0,0.137320000631303,0.0887613149697219,0.207375,0,0.592249609585684,0.764186186419298,0.953490010955021,2645.70278453827,"OK",NA,NA,NA
20,"null","bobcat_like","camera_rn",560,0,-0.278140818416041,-0.278140818416041,0.995697091617967,1,0,0.226877807608214,-0.505018626024255,0.03425,0,0.214276967817915,0.559359777989094,1.17044232958394,2638.18685531616,"OK",NA,NA,NA
21,"null","bobcat_like","camera_rn",561,0,-0.212606818165514,-0.212606818165514,0.970690029038673,1,0,-0.0573895116225245,-0.155217306542989,0.176625,0,0.196063686916948,0.555007859651847,1.18864416276485,2090.10150241852,"OK",NA,NA,NA
22,"null","bobcat_like","camera_rn",562,0,0.147761452286784,0.147761452286784,0.707715848486678,1,0,-0.385963635893384,0.533725088180168,0.011875,0,-0.39944220320453,0.318902947854606,1.61647160965512,2097.76007008553,"OK",NA,NA,NA
23,"null","bobcat_like","camera_rn",563,0,-0.270312941246184,-0.270312941246184,1.01289198620504,1,0,0.193713873240446,-0.464026814486631,0.042375,0,0.156292889851716,0.580706980535233,1.21334856989043,2812.73999142647,"OK",NA,NA,NA
24,"null","bobcat_like","camera_rn",564,0,-0.28799329149001,-0.28799329149001,0.916454344138697,1,0,-0.0414849184913018,-0.246508372998708,0.18675,0,-0.460364934054713,0.285222884201129,1.6926774264979,3466.52045345306,"OK",NA,NA,NA
25,"null","bobcat_like","camera_rn",565,0,0.173817628286978,0.173817628286978,0.708814114727554,1,0,0.0598238185968295,0.113993809690149,0.189875,0,0.401241548223131,0.645781986842361,1.11685994928563,2709.71780014038,"OK",NA,NA,NA
26,"null","bobcat_like","camera_rn",566,0,-0.260334133105661,-0.260334133105661,0.746124349651348,1,0,0.00450114851077633,-0.264835281616438,0.117125,0,0.653147430349017,0.796435017174795,1.13899435117375,2030.41704630852,"OK",NA,NA,NA
27,"null","bobcat_like","camera_rn",567,0,-0.260381880635171,-0.260381880635171,0.786017927649781,1,0,0.048230693847614,-0.308612574482785,0.104875,0,0.529992121263329,0.720031438607386,0.986842518695496,2651.79864382744,"OK",NA,NA,NA
28,"null","bobcat_like","camera_rn",568,0,0.100961421458604,0.100961421458604,0.685424693624282,1,0,0.0693363957758541,0.0316250256827496,0.165375,0,0.516937632788676,0.733771274427992,1.10937454648479,2686.75652432442,"OK",NA,NA,NA
29,"null","bobcat_like","camera_rn",569,0,0.284727473905716,0.284727473905716,1.00104650319306,1,0,0.0314388695775123,0.253288604328204,0.130875,0,0.555926006270129,0.756214946923092,1.14121283269579,2750.24649906158,"OK",NA,NA,NA
30,"null","bobcat_like","camera_rn",570,0,-0.00398091151461525,-0.00398091151461525,0.723976739651064,1,0,-0.0643621960324447,0.0603812845178294,0.141625,0,-0.057520147635705,0.489903743523065,1.29014034647816,2066.99591350555,"OK",NA,NA,NA
1,"varying","bobcat_like","camera_rn",571,-0.179515853428882,-0.251207836473847,-0.0716919830449652,0.634797919979923,1,0,0.0635135616940751,-0.314721398167923,0.089875,0,0.582709960012899,0.756501193502688,1.07789027339028,1953.48723649979,"OK",NA,NA,NA
2,"varying","bobcat_like","camera_rn",572,-0.179515853428882,-0.340989266288226,-0.161473412859344,0.767324843056646,1,0,-0.19090005944811,-0.150089206840116,0.288625,0,0.435537512146272,0.683217217489181,1.10309552067311,2909.49930667877,"OK",NA,NA,NA
3,"varying","bobcat_like","camera_rn",573,-0.179515853428882,0.0796694611218758,0.259185314550758,0.855296904001295,1,0,0.107092442313457,-0.0274229811915813,0.17,0,0.272638480085884,0.607939218692387,1.19626069056532,1686.15979719162,"OK",NA,NA,NA
4,"varying","bobcat_like","camera_rn",574,-0.179515853428882,0.151370655906729,0.330886509335611,0.672692195876012,0,0,0.201002482507976,-0.0496318266012473,0.203125,0,0.256641475579932,0.587484717343632,1.31922440702861,2004.58279705048,"OK",NA,NA,NA
5,"varying","bobcat_like","camera_rn",575,-0.179515853428882,-0.393351837157509,-0.213835983728627,0.881092897242564,1,0,0.131411364377448,-0.524763201534957,0.055375,0,0.590425851399598,0.770250732597178,1.04410272242733,2416.55084729195,"OK",NA,NA,NA
6,"varying","bobcat_like","camera_rn",576,-0.179515853428882,-0.207050183635156,-0.0275343302062733,0.719464531746277,1,0,-0.102902697095163,-0.104147486539993,0.208375,0,0.730683842636409,0.863969803411671,0.953131687575944,3030.08152198792,"OK",NA,NA,NA
7,"varying","bobcat_like","camera_rn",577,-0.179515853428882,-0.18197506314505,-0.00245920971616753,0.784101041703806,1,0,-0.0653310100558669,-0.116644053089183,0.1785,0,0.577970343114967,0.7552640260824,1.16102974567621,1960.28272438049,"OK",NA,NA,NA
8,"varying","bobcat_like","camera_rn",578,-0.179515853428882,-0.232685385485056,-0.0531695320561733,0.865875078739855,1,0,-0.143985658818968,-0.0886997266660871,0.218375,0,0.225927659088053,0.553465039104194,1.15660666829136,2178.56731915474,"OK",NA,NA,NA
9,"varying","bobcat_like","camera_rn",579,-0.179515853428882,-0.196724026236894,-0.0172081728080116,0.840384158387621,1,0,0.021335030117168,-0.218059056354062,0.102125,0,0.365787617913956,0.648945254128743,1.16161613477614,1853.12345600128,"OK",NA,NA,NA
10,"varying","bobcat_like","camera_rn",580,-0.179515853428882,-0.154138833735704,0.0253770196931785,0.605559051011628,1,0,0.0163491430371069,-0.170487976772811,0.13075,0,0.324468933058181,0.6107046517495,1.18924653129625,2801.74455761909,"OK",NA,NA,NA
11,"varying","bobcat_like","camera_rn",581,-0.179515853428882,-0.0941008925231129,0.0854149609057694,0.549494714022753,1,0,-0.00322137675871581,-0.0908795157643971,0.119375,0,0.565609313628204,0.792927283665509,1.39838397008344,2788.65107035637,"OK",NA,NA,NA
12,"varying","bobcat_like","camera_rn",582,-0.179515853428882,-0.17140557759214,0.00811027583674206,0.880460941498901,1,0,0.0632616669051486,-0.234667244497289,0.0965,0,0.192672580936824,0.566758524326108,1.2403354177464,2633.44279670715,"OK",NA,NA,NA
13,"varying","bobcat_like","camera_rn",583,-0.179515853428882,-0.0964183881637435,0.0830974652651388,0.836743709799331,1,0,0.0575476552123289,-0.153966043376072,0.132,0,0.159547599481133,0.528503367036038,1.20051650979357,1811.47779011726,"OK",NA,NA,NA
14,"varying","bobcat_like","camera_rn",584,-0.179515853428882,-0.112837072326228,0.066678781102654,0.813922479751284,1,0,-0.17698366318643,0.0641465908602016,0.16475,0,-0.175147469236964,0.412646276853811,1.52320406778296,2851.59607791901,"OK",NA,NA,NA
15,"varying","bobcat_like","camera_rn",585,-0.179515853428882,-0.232645990398663,-0.0531301369697811,0.801487618934941,1,0,-0.0242452468208251,-0.208400743577838,0.16375,0,0.500642909464802,0.739020745599565,1.18998829563018,1929.85948371887,"OK",NA,NA,NA
16,"varying","bobcat_like","camera_rn",586,-0.179515853428882,0.209780374833486,0.389296228262368,0.951898620237343,1,0,0.0316047876007051,0.17817558723278,0.158625,0,-0.129793879290304,0.456461410079761,1.37901159529409,2908.07747268677,"OK",NA,NA,NA
17,"varying","bobcat_like","camera_rn",587,-0.179515853428882,-0.464127876710021,-0.284612023281138,0.926169861029065,1,1,0.000287604099523515,-0.464415480809544,0.104875,0,0.717823777870504,0.850074715208912,0.948923611995098,1981.02067828178,"OK",NA,NA,NA
18,"varying","bobcat_like","camera_rn",588,-0.179515853428882,-0.327632416120878,-0.148116562691996,0.82856503321327,1,0,0.160352599342591,-0.487985015463469,0.04425,0,0.359178959049148,0.644544819422073,1.2131007435422,2473.04513335228,"OK",NA,NA,NA
19,"varying","bobcat_like","camera_rn",589,-0.179515853428882,0.784254038504997,0.96376989193388,1.24631186176516,0,1,0.1814456924883,0.602808346016697,0.185125,0,-0.539795554870341,0.222326262881096,1.70417086348988,2377.93422555923,"OK",NA,NA,NA
20,"varying","bobcat_like","camera_rn",590,-0.179515853428882,-0.365289651174284,-0.185773797745401,1.22883779766519,1,0,-0.144155356011896,-0.221134295162388,0.217875,0,0.352052590354888,0.640420928021114,1.49340884455253,2352.28239941597,"OK",NA,NA,NA
21,"varying","bobcat_like","camera_rn",591,-0.179515853428882,-0.617147552057359,-0.437631698628477,0.746173587600347,0,1,-0.0383658195782694,-0.57878173247909,0.093375,0,0.525952583601594,0.720865920161462,1.15087791323494,2542.7923541069,"OK",NA,NA,NA
22,"varying","bobcat_like","camera_rn",592,-0.179515853428882,0.273176722450392,0.452692575879274,1.1622574538985,1,0,0.196169074474787,0.077007647975605,0.222375,0,0.584945728470724,0.765214733451066,1.1228529155815,2544.29252004623,"OK",NA,NA,NA
23,"varying","bobcat_like","camera_rn",593,-0.179515853428882,-0.410578910377257,-0.231063056948375,1.10614789551792,1,1,0.00761826800905446,-0.418197178386311,0.087,0,0.599144686360287,0.77484523278154,1.43558759058669,3102.68029046059,"OK",NA,NA,NA
24,"varying","bobcat_like","camera_rn",594,-0.179515853428882,-0.0242067850357901,0.155309068393092,0.987275470067477,1,0,-0.067760413616644,0.0435536285808539,0.1605,0,0.663409264054887,0.831308583516078,1.19880369614475,1854.26963472366,"OK",NA,NA,NA
25,"varying","bobcat_like","camera_rn",595,-0.179515853428882,-0.0780491476617728,0.101466705767109,1.22097909718413,1,0,0.0312173056231096,-0.109266453284882,0.18125,0,0.42678895820166,0.680932096489355,1.1566372265242,2553.75971007347,"OK",NA,NA,NA
26,"varying","bobcat_like","camera_rn",596,-0.179515853428882,-0.638263682364966,-0.458747828936084,1.03084241023793,1,1,-0.0326627411733718,-0.605600941191595,0.0655,0,0.475390445173548,0.699581788895573,1.09989730739107,3421.42011070251,"OK",NA,NA,NA
27,"varying","bobcat_like","camera_rn",597,-0.179515853428882,-0.0143123343756207,0.165203519053262,0.613080826190399,1,0,-0.0136328393263951,-0.000679495049225598,0.162,0,0.664970264104788,0.795663606900968,0.977754512604608,2329.57881164551,"OK",NA,NA,NA
28,"varying","bobcat_like","camera_rn",598,-0.179515853428882,-0.0245191987653818,0.154996654663501,1.01176739882851,1,0,0.00366400763687889,-0.0281832064022606,0.169875,0,-0.135337575838511,0.462962603582449,1.43624864447526,2657.70088362694,"OK",NA,NA,NA
29,"varying","bobcat_like","camera_rn",599,-0.179515853428882,-0.681892548032045,-0.502376694603163,0.903555790785508,0,1,-0.135398528531899,-0.546494019500147,0.147,0,0.291456014933998,0.603233130858352,1.1687947936022,2797.76957893372,"OK",NA,NA,NA
30,"varying","bobcat_like","camera_rn",600,-0.179515853428882,-0.41205490366816,-0.232539050239278,0.912516918440112,1,1,-0.176582213404301,-0.235472690263859,0.269,0,0.40228374842691,0.671893496865843,1.1223139505525,2401.82223963737,"OK",NA,NA,NA
1,"null","deer_like","camera_rn",601,0,-0.0573044310661889,-0.0573044310661889,0.23157106265688,1,0,-0.06794595461306,0.010641523546871,0.140625,0,0.636955200651471,0.78421374371713,1.10605386196465,1903.01567816734,"OK",NA,NA,NA
2,"null","deer_like","camera_rn",602,0,0.0297887372975001,0.0297887372975001,0.240597866378421,1,0,-0.162461792238445,0.192250529535945,0.0385,0,0.752545216977196,0.861864192978711,0.952533549785067,2473.13200283051,"OK",NA,NA,NA
3,"null","deer_like","camera_rn",603,0,-0.00793119345740178,-0.00793119345740178,0.230916957193526,1,0,-0.0886547722585697,0.0807235788011679,0.081875,0,0.685479761299814,0.828940984688234,0.914085046460104,2883.53464627266,"OK",NA,NA,NA
4,"null","deer_like","camera_rn",604,0,-0.041844119761321,-0.041844119761321,0.245087038787637,1,0,-0.0851224617555607,0.0432783419942397,0.134,0,0.684542651526784,0.825064526771333,0.945635901263123,2439.39303684235,"OK",NA,NA,NA
5,"null","deer_like","camera_rn",605,0,0.0021196383632432,0.0021196383632432,0.277820807782513,1,0,-0.122890180149378,0.125009818512622,0.065625,0,0.754307709814544,0.859506297424751,0.889342089000105,3339.44760942459,"OK",NA,NA,NA
6,"null","deer_like","camera_rn",606,0,0.017809185371168,0.017809185371168,0.301689086119024,1,0,-0.085679869296079,0.103489054667247,0.082,0,0.650532239911964,0.800767528964273,0.930927303637047,2056.32923769951,"OK",NA,NA,NA
7,"null","deer_like","camera_rn",607,0,-0.119328698545506,-0.119328698545506,0.269446169319992,1,0,-0.159986747029258,0.0406580484837522,0.200375,0,0.449058960556577,0.691600846125483,1.2232061942521,2277.38488507271,"OK",NA,NA,NA
8,"null","deer_like","camera_rn",608,0,-0.19568380915685,-0.19568380915685,0.29240739611524,0,1,0.032154738825331,-0.227838547982181,0.076125,0,0.718009465416232,0.843820955190281,0.887867506462218,2176.32729721069,"OK",NA,NA,NA
9,"null","deer_like","camera_rn",609,0,0.0167280815316633,0.0167280815316633,0.215809178635371,1,0,0.0421412371657568,-0.0254131556340935,0.090875,0,0.634417705961495,0.804619728696462,1.1245445699495,2297.20751810074,"OK",NA,NA,NA
10,"null","deer_like","camera_rn",610,0,-0.0818452804192554,-0.0818452804192554,0.219702526431616,1,0,-0.0729081809640482,-0.00893709945520724,0.19575,0,0.664435017830669,0.80653127365173,1.00796665747665,2261.63747644424,"OK",NA,NA,NA
11,"null","deer_like","camera_rn",611,0,-0.0203327401131211,-0.0203327401131211,0.297308409875312,1,0,-0.0104804410858766,-0.00985229902724446,0.122875,0,0.590896145503889,0.78594092646859,0.987783969609821,2296.14019227028,"OK",NA,NA,NA
12,"null","deer_like","camera_rn",612,0,-0.068729025008899,-0.068729025008899,0.383192735724187,1,0,0.25073577113344,-0.319464796142339,0.030625,0,0.746274767843681,0.878985619748103,0.880320596775072,2277.44299197197,"OK",NA,NA,NA
13,"null","deer_like","camera_rn",613,0,-0.133207567409527,-0.133207567409527,0.205679144975537,0,1,-0.175241847552799,0.0420342801432728,0.220625,0,0.787622209903965,0.875366298589144,0.913378552445159,2284.97918748856,"OK",NA,NA,NA
14,"null","deer_like","camera_rn",614,0,-0.0453826946538821,-0.0453826946538821,0.270057471065721,1,0,-0.0155121337810401,-0.0298705608728419,0.165875,0,0.763276928016277,0.866759494653496,1.01877701814341,2276.01032161713,"OK",NA,NA,NA
15,"null","deer_like","camera_rn",615,0,-0.00432678191589081,-0.00432678191589081,0.238017146034368,1,0,0.0375262928763304,-0.0418530747922212,0.1075,0,0.725487396545997,0.848396048826874,0.99598977267736,2708.69759464264,"OK",NA,NA,NA
16,"null","deer_like","camera_rn",616,0,-0.00404596135688636,-0.00404596135688636,0.237284931852313,1,0,-0.0901820373659977,0.0861360760091113,0.072,0,0.728523637981291,0.84861922412622,0.983158857286711,1952.26681065559,"OK",NA,NA,NA
17,"null","deer_like","camera_rn",617,0,-0.0520996404471542,-0.0520996404471542,0.210738901424468,1,0,0.152476630777823,-0.204576271224978,0.034375,0,0.751355014951102,0.86262104834171,0.948220581702455,1872.47270083427,"OK",NA,NA,NA
18,"null","deer_like","camera_rn",618,0,-0.0435327408417029,-0.0435327408417029,0.205395689328449,1,0,-0.0672818006285485,0.0237490597868456,0.116875,0,0.738788485262662,0.862184401016903,1.11377962151968,1967.78692889214,"OK",NA,NA,NA
19,"null","deer_like","camera_rn",619,0,-0.0532690094372626,-0.0532690094372626,0.18659046366591,1,0,-0.0366021526182231,-0.0166668568190395,0.146875,0,0.438614597147391,0.671684876477323,1.14097442285482,2974.56785178185,"OK",NA,NA,NA
20,"null","deer_like","camera_rn",620,0,-0.0607132384073713,-0.0607132384073713,0.303956528104179,1,0,-0.0146255371019497,-0.0460877013054216,0.117375,0,0.746283984896409,0.851559316113257,0.804967871530577,1942.09755373001,"OK",NA,NA,NA
21,"null","deer_like","camera_rn",621,0,-0.0278236465887052,-0.0278236465887052,0.279265044638444,1,0,0.0535828440887817,-0.0814064906774869,0.12375,0,0.766589296321625,0.870631100933455,0.82833149272064,2327.00216364861,"OK",NA,NA,NA
22,"null","deer_like","camera_rn",622,0,0.0707453989663497,0.0707453989663497,0.257124964581102,1,0,0.186676431090597,-0.115931032124247,0.104,0,0.710442056741555,0.83293388189175,1.03561060252757,3198.60588169098,"OK",NA,NA,NA
23,"null","deer_like","camera_rn",623,0,-0.054256163803455,-0.054256163803455,0.257038505357196,1,0,-0.114179892496863,0.0599237286934077,0.14275,0,0.758500683352289,0.87007316268509,0.887893636913446,2541.77739024162,"OK",NA,NA,NA
24,"null","deer_like","camera_rn",624,0,-0.00372836360294451,-0.00372836360294451,0.248383886720481,1,0,0.0269562009155722,-0.0306845645185167,0.108625,0,0.795247229165602,0.893297948727901,0.834009764545185,2171.97282075882,"OK",NA,NA,NA
25,"null","deer_like","camera_rn",625,0,0.0518063122257318,0.0518063122257318,0.327157573251097,1,0,0.0437450251213205,0.00806128710441127,0.143,0,0.699884876606987,0.828892468318811,1.07241112177521,2853.64944791794,"OK",NA,NA,NA
26,"null","deer_like","camera_rn",626,0,0.0512947439130457,0.0512947439130457,0.248386935885747,1,0,0.089106569309255,-0.0378118253962093,0.13625,0,0.789964976321712,0.892026819849017,0.816230697152816,1892.02784705162,"OK",NA,NA,NA
27,"null","deer_like","camera_rn",627,0,-0.150682375308562,-0.150682375308562,0.307560283376506,0,1,-0.00198723500825321,-0.148695140300309,0.15725,0,0.377869410777223,0.630217935531448,1.16379684801467,2366.89801096916,"OK",NA,NA,NA
28,"null","deer_like","camera_rn",628,0,-0.139862140923395,-0.139862140923395,0.320547923207844,1,0,-0.18589111675596,0.0460289758325643,0.217875,0,0.7231380259096,0.850710279648353,0.946251286168282,2544.49254631996,"OK",NA,NA,NA
29,"null","deer_like","camera_rn",629,0,0.0975336387615202,0.0975336387615202,0.194109790696231,0,1,0.0249649815146469,0.0725686572468733,0.1825,0,0.777124050966166,0.870252673251955,1.1124828107195,2193.73428845406,"OK",NA,NA,NA
30,"null","deer_like","camera_rn",630,0,0.0645841216949345,0.0645841216949345,0.278076652496533,1,0,-0.115191699603387,0.179775821298322,0.035625,0,0.550684885525888,0.734110889013953,1.02368881489444,1978.16892504692,"OK",NA,NA,NA
1,"varying","deer_like","camera_rn",631,-0.179515853428882,-0.089155112113447,0.0903607413154353,0.173435335571411,1,1,0.0631157680778461,-0.152270880191293,0.083875,0,0.645122663503182,0.793310562983951,1.20492338839015,2617.71336913109,"OK",NA,NA,NA
2,"varying","deer_like","camera_rn",632,-0.179515853428882,-0.0678209299917208,0.111694923437161,0.225139978066487,1,0,-0.0500681885659254,-0.0177527414257955,0.169875,0,0.740248610681583,0.849288750024258,0.916646245635253,2959.64523911476,"OK",NA,NA,NA
3,"varying","deer_like","camera_rn",633,-0.179515853428882,-0.0836263499286674,0.0958895035002149,0.203455049213185,1,0,-0.0892622905834691,0.00563594065480174,0.188375,0,0.71494310425559,0.828358788255157,0.940824895260639,2631.55974054337,"OK",NA,NA,NA
4,"varying","deer_like","camera_rn",634,-0.179515853428882,-0.0825156028872804,0.0970002505416019,0.251044503835347,1,0,0.00070731838681711,-0.0832229212740975,0.1445,0,0.592210000303442,0.777576704380058,1.15140666359557,2498.44239521027,"OK",NA,NA,NA
5,"varying","deer_like","camera_rn",635,-0.179515853428882,-0.0628087222967753,0.116707131132107,0.225939293739403,0,0,0.104476756709075,-0.16728547900585,0.051625,0,0.668900495536005,0.808462225154767,1.16950332899012,2628.42200112343,"OK",NA,NA,NA
6,"varying","deer_like","camera_rn",636,-0.179515853428882,-0.20070551284678,-0.021189659417898,0.302006622053063,1,1,-0.0869428411451456,-0.113762671701635,0.269125,0,0.699174618538648,0.826447243299889,0.901028097734959,2959.49639487267,"OK",NA,NA,NA
7,"varying","deer_like","camera_rn",637,-0.179515853428882,-0.187376632571524,-0.00786077914264122,0.256915337016657,1,1,0.0151514023071113,-0.202528034878635,0.13325,0,0.670867927537038,0.815545615090532,1.00053370068902,2723.95458745956,"OK",NA,NA,NA
8,"varying","deer_like","camera_rn",638,-0.179515853428882,-0.230975880318824,-0.0514600268899416,0.237201117586237,1,1,-0.154187981563368,-0.0767878987554563,0.342875,0,0.747897450013399,0.851889227425333,1.00837516870512,1971.2064538002,"OK",NA,NA,NA
9,"varying","deer_like","camera_rn",639,-0.179515853428882,-0.110463449719087,0.0690524037097958,0.197444422790261,1,1,0.0704507561542763,-0.180914205873363,0.07425,0,0.729267237736018,0.840036678375284,1.01126267480485,2253.49582672119,"OK",NA,NA,NA
10,"varying","deer_like","camera_rn",640,-0.179515853428882,-0.214033896585256,-0.0345180431563732,0.328047989561343,1,1,0.066631494386041,-0.280665390971297,0.041125,0,0.663514931553285,0.800981000989734,0.959397792043697,2765.56752610207,"OK",NA,NA,NA
11,"varying","deer_like","camera_rn",641,-0.179515853428882,-0.0782298780770514,0.101285975351831,0.264430847855548,1,0,-0.0467704354678432,-0.0314594426092082,0.190125,0,0.755499338480104,0.863261464418095,0.860640113443166,1858.76361823082,"OK",NA,NA,NA
12,"varying","deer_like","camera_rn",642,-0.179515853428882,-0.0893350855215855,0.0901807679072967,0.213807601677508,1,0,0.0750475711159738,-0.164382656637559,0.06675,0,0.708176360914266,0.830352811038444,1.01181891767741,2587.4874112606,"OK",NA,NA,NA
13,"varying","deer_like","camera_rn",643,-0.179515853428882,-0.169536421262458,0.00997943216642422,0.270871135197063,1,1,-0.0870519420160401,-0.0824844792464179,0.27675,0,0.786740947455634,0.876346329251489,0.989884008858349,2687.8412861824,"OK",NA,NA,NA
14,"varying","deer_like","camera_rn",644,-0.179515853428882,-0.0485122612390864,0.131003592189796,0.246877564491303,0,0,0.081419404277426,-0.129931665516512,0.091375,0,0.798231742898025,0.894588484154554,0.965520478644,1991.94381403923,"OK",NA,NA,NA
15,"varying","deer_like","camera_rn",645,-0.179515853428882,-0.17930806311707,0.000207790311811978,0.334556837294078,1,1,0.337020099305897,-0.516328162422968,0.004375,0,0.621327102669809,0.781613266316055,1.08397878589551,1952.81443572044,"OK",NA,NA,NA
16,"varying","deer_like","camera_rn",646,-0.179515853428882,-0.282647271706683,-0.1031314182778,0.317277527375837,1,1,-0.052607698524385,-0.230039573182298,0.164,0,0.712745678737111,0.837911661394555,0.894090848264275,1969.82987856865,"OK",NA,NA,NA
17,"varying","deer_like","camera_rn",647,-0.179515853428882,-0.0746599480536103,0.104855905375272,0.203801411337917,1,0,0.122662067822841,-0.197322015876451,0.0315,0,0.550584620021872,0.745420054726465,1.25250835553199,3010.36845159531,"OK",NA,NA,NA
18,"varying","deer_like","camera_rn",648,-0.179515853428882,-0.0781330772013052,0.101382776227577,0.244860364407916,1,0,-0.0495038445268129,-0.0286292326744923,0.183,0,0.701033449614068,0.832492382930001,1.13488469499388,1917.37282967567,"OK",NA,NA,NA
19,"varying","deer_like","camera_rn",649,-0.179515853428882,-0.0486441782324115,0.130871675196471,0.197831399085692,0,0,0.0704778052096566,-0.119121983442068,0.085375,0,0.759876332479257,0.857682081934445,1.05300605921331,2156.06001996994,"OK",NA,NA,NA
20,"varying","deer_like","camera_rn",650,-0.179515853428882,-0.182295163533196,-0.00277931010431404,0.322372569186762,1,1,0.0381720538242702,-0.220467217357467,0.08775,0,0.525245066604587,0.723888489976518,1.2259745815346,2761.79495096207,"OK",NA,NA,NA
21,"varying","deer_like","camera_rn",651,-0.179515853428882,-0.212913819709583,-0.0333979662807009,0.329095971510536,1,1,0.0320886093039393,-0.245002429013522,0.108125,0,0.71289990006631,0.855591026412312,0.901908384047236,2578.98317432404,"OK",NA,NA,NA
22,"varying","deer_like","camera_rn",652,-0.179515853428882,-0.16765683617133,0.0118590172575528,0.279302047247048,1,1,-0.0396697505201439,-0.127987085651186,0.235625,0,0.724878173405206,0.844107201769877,1.08749843911911,2998.69039440155,"OK",NA,NA,NA
23,"varying","deer_like","camera_rn",653,-0.179515853428882,-0.165096910324063,0.0144189431048193,0.256823569244266,1,1,0.107506209272227,-0.27260311959629,0.02775,0,0.679715801235909,0.816782782510819,0.984595988122346,3138.2963321209,"OK",NA,NA,NA
24,"varying","deer_like","camera_rn",654,-0.179515853428882,-0.0842876637412455,0.0952281896876368,0.258339800805086,1,0,0.0472654576021127,-0.131553121343358,0.094375,0,0.789829301305566,0.88799025791302,0.876768400589909,1972.84810113907,"OK",NA,NA,NA
25,"varying","deer_like","camera_rn",655,-0.179515853428882,-0.0566202382095007,0.122895615219382,0.208734868527992,0,0,-0.0856785079300525,0.0290582697205518,0.143375,0,0.516156026717399,0.728584874536669,1.20564168128253,1991.05933880806,"OK",NA,NA,NA
26,"varying","deer_like","camera_rn",656,-0.179515853428882,-0.0751894518277258,0.104326401601156,0.288467190735555,1,0,-0.105747803093042,0.0305583512653166,0.157375,0,0.643202470901083,0.807263870830018,1.01211882441081,2617.58630132675,"OK",NA,NA,NA
27,"varying","deer_like","camera_rn",657,-0.179515853428882,-0.0144773614582014,0.165038491970681,0.252329121255976,0,0,0.108705327897418,-0.123182689355619,0.07225,0,0.770990110390958,0.871892526538454,0.858384305963941,2566.81718277931,"OK",NA,NA,NA
28,"varying","deer_like","camera_rn",658,-0.179515853428882,-0.113148233345262,0.0663676200836204,0.171108728630576,1,1,-0.0719743734389652,-0.0411738599062967,0.202375,0,0.605810490952004,0.777571852743116,1.13713098934125,2752.97202634811,"OK",NA,NA,NA
29,"varying","deer_like","camera_rn",659,-0.179515853428882,-0.203577685704016,-0.0240618322751339,0.261844673991064,1,1,-0.0188290637813487,-0.184748621922668,0.158875,0,0.667537910579425,0.810669719963516,0.984790201199027,1920.26325893402,"OK",NA,NA,NA
30,"varying","deer_like","camera_rn",660,-0.179515853428882,-0.157367571442117,0.0221482819867653,0.239887171511376,1,1,-0.0575832144536469,-0.09978435698847,0.222,0,0.532451888146914,0.73593510450426,1.21482463654753,1930.34958171844,"OK",NA,NA,NA
1,"null","intermediate","camera_rn",661,0,-0.0150822070143435,-0.0150822070143435,0.405426621333702,1,0,-0.00492348768513588,-0.0101587193292076,0.115875,0,0.637627612699829,0.79610995749966,0.961181392028529,1871.51304364204,"OK",NA,NA,NA
2,"null","intermediate","camera_rn",662,0,0.0346113056579598,0.0346113056579598,0.369685366246739,1,0,-0.16587906442002,0.200490370077979,0.042,0,0.666673976190221,0.803338896543694,1.20163633191881,2119.48145484924,"OK",NA,NA,NA
3,"null","intermediate","camera_rn",663,0,-0.00622302007189014,-0.00622302007189014,0.398803235732651,1,0,-0.377293797580832,0.371070777508942,0.00725,0,0.652405978568317,0.802159948766714,1.13863512032758,2671.51090836525,"OK",NA,NA,NA
4,"null","intermediate","camera_rn",664,0,-0.0995447713343901,-0.0995447713343901,0.328604788468144,1,0,-0.129469665324405,0.0299248939900145,0.2285,0,0.791974406023868,0.890047351976557,0.920173783361749,2149.91589593887,"OK",NA,NA,NA
5,"null","intermediate","camera_rn",665,0,-0.0417169158099609,-0.0417169158099609,0.33024451697943,1,0,-0.0183312309456552,-0.0233856848643058,0.149875,0,0.540488260464356,0.739045003784277,1.10901398344733,2166.95127034187,"OK",NA,NA,NA
6,"null","intermediate","camera_rn",666,0,0.174946077200957,0.174946077200957,0.366911748341157,0,1,-0.104508036160276,0.279454113361233,0.052125,0,0.675317696178596,0.798312600671467,1.07800827583581,3066.19964551926,"OK",NA,NA,NA
7,"null","intermediate","camera_rn",667,0,-0.0565862637791141,-0.0565862637791141,0.45812833901775,1,0,0.00259739913436849,-0.0591836629134826,0.154375,0,0.585950258980748,0.761930175241126,1.0200715241624,3281.04258012772,"OK",NA,NA,NA
8,"null","intermediate","camera_rn",668,0,0.0159085200325417,0.0159085200325417,0.492215977524976,1,0,-0.0176417221263937,0.0335502421589354,0.151125,0,0.687935969599563,0.824293116497506,0.925351962207054,2795.37279319763,"OK",NA,NA,NA
9,"null","intermediate","camera_rn",669,0,-0.075165193970383,-0.075165193970383,0.403170634908032,1,0,-0.221250491186207,0.146085297215824,0.108375,0,0.66805352052382,0.809675134390343,1.11280445575897,2559.81658196449,"OK",NA,NA,NA
10,"null","intermediate","camera_rn",670,0,0.057282911721446,0.057282911721446,0.50414550469969,1,0,-0.0625436055811996,0.119826517302646,0.106125,0,0.240116261819247,0.574370742688583,1.19308398913275,2820.65102672577,"OK",NA,NA,NA
11,"null","intermediate","camera_rn",671,0,-0.0946266562504075,-0.0946266562504075,0.380762382269731,1,0,-0.0379123926481207,-0.0567142636022869,0.171125,0,0.57572106165636,0.762090279260222,1.02328869974472,2958.63096213341,"OK",NA,NA,NA
12,"null","intermediate","camera_rn",672,0,-0.0694999536211051,-0.0694999536211051,0.315205736858518,1,0,0.0147785733561314,-0.0842785269772365,0.13175,0,0.719243316198111,0.833263793203827,0.999405969274939,3324.80496001244,"OK",NA,NA,NA
13,"null","intermediate","camera_rn",673,0,-0.0548745531640612,-0.0548745531640612,0.38958561345693,1,0,0.0044630042515847,-0.0593375574156459,0.104,0,0.568216617474054,0.729171922606688,1.14836415795964,2969.69937133789,"OK",NA,NA,NA
14,"null","intermediate","camera_rn",674,0,0.0678992372418984,0.0678992372418984,0.418763733226783,1,0,-0.0129728165284661,0.0808720537703645,0.128125,0,0.774921624194728,0.871266665372897,1.04424829561282,2859.9139418602,"OK",NA,NA,NA
15,"null","intermediate","camera_rn",675,0,-0.106116697505606,-0.106116697505606,0.378353502293487,1,0,0.0453548814072068,-0.151471578912813,0.10225,0,0.302724382857007,0.596227367113664,1.21550145357849,2694.80141067505,"OK",NA,NA,NA
16,"null","intermediate","camera_rn",676,0,-0.170152819949482,-0.170152819949482,0.327426859892106,0,1,0.0594027663504468,-0.229555586299929,0.074125,0,0.278837356801264,0.583161908828039,1.27153595108017,2671.21701669693,"OK",NA,NA,NA
17,"null","intermediate","camera_rn",677,0,-0.00421673607604447,-0.00421673607604447,0.323839870360501,1,0,-0.000417156101780146,-0.00379957997426432,0.106625,0,0.616922345304874,0.780215994876671,0.96990522422853,2597.45008349419,"OK",NA,NA,NA
18,"null","intermediate","camera_rn",678,0,-0.0149582686403926,-0.0149582686403926,0.381408650568072,1,0,-0.00839757150186866,-0.0065606971385239,0.131375,0,-0.38283065371169,0.347779890935202,1.65488687428411,2682.8709487915,"OK",NA,NA,NA
19,"null","intermediate","camera_rn",679,0,0.0657548520647844,0.0657548520647844,0.429431108031455,1,0,0.040636783501307,0.0251180685634774,0.152875,0,0.426154279965684,0.673184032292495,1.31824512184662,2676.55772852898,"OK",NA,NA,NA
20,"null","intermediate","camera_rn",680,0,-0.103307539773424,-0.103307539773424,0.421545123828291,1,0,-0.0170472739070142,-0.0862602658664102,0.126875,0,0.375446880786656,0.642458615536882,1.09278511924572,2979.39043164253,"OK",NA,NA,NA
21,"null","intermediate","camera_rn",681,0,0.0121710062120634,0.0121710062120634,0.40583200229839,1,0,0.0203737640306715,-0.0082027578186081,0.14,0,0.57323662513078,0.746817326165848,1.00408747874705,2403.58420324326,"OK",NA,NA,NA
22,"null","intermediate","camera_rn",682,0,-0.0963585319284456,-0.0963585319284456,0.588797433622748,1,0,-0.246803509498226,0.150444977569781,0.1255,0,0.627316744273449,0.784204040443246,0.926960824609759,2118.2755920887,"OK",NA,NA,NA
23,"null","intermediate","camera_rn",683,0,0.265533016223432,0.265533016223432,0.603835956400811,0,1,0.00797887665467199,0.257554139568759,0.140625,0,0.652127367101441,0.804595470511751,1.00485215977388,2846.49583411217,"OK",NA,NA,NA
24,"null","intermediate","camera_rn",684,0,-0.016953190785395,-0.016953190785395,0.38421690197856,1,0,-0.0240117787418649,0.00705858795646992,0.13525,0,0.586615778276632,0.763215859030837,1.04867157424436,2862.91219735146,"OK",NA,NA,NA
25,"null","intermediate","camera_rn",685,0,-0.0454998195244895,-0.0454998195244895,0.367618672689743,1,0,-0.137520904458431,0.0920210849339419,0.101625,0,0.764206856503008,0.862722932717499,1.00272154075412,1956.74320030212,"OK",NA,NA,NA
26,"null","intermediate","camera_rn",686,0,0.0103337276781377,0.0103337276781377,0.498137588248702,1,0,0.0321525306940458,-0.0218188030159081,0.146375,0,0.554048580792685,0.749509984668827,1.05671557586012,2983.98495340347,"OK",NA,NA,NA
27,"null","intermediate","camera_rn",687,0,-0.0259000404062031,-0.0259000404062031,0.46075606247137,1,0,0.0211282461327904,-0.0470282865389935,0.147125,0,0.500972928041412,0.723631353218576,1.08961784687009,2952.24112558365,"OK",NA,NA,NA
28,"null","intermediate","camera_rn",688,0,-0.00815019202590476,-0.00815019202590476,0.356501348278517,1,0,-0.03091642077956,0.0227662287536553,0.108375,0,0.758532390013671,0.870407925634109,1.01285815647307,2990.46343493462,"OK",NA,NA,NA
29,"null","intermediate","camera_rn",689,0,-0.0687319340033095,-0.0687319340033095,0.558691048668904,1,0,0.000389464323958607,-0.0691213983272681,0.174625,0,0.528956797782368,0.738225077141027,1.02996609442632,3291.91054844856,"OK",NA,NA,NA
30,"null","intermediate","camera_rn",690,0,-0.0295803588775302,-0.0295803588775302,0.361130470374619,1,0,-0.135372622907738,0.105792264030208,0.1165,0,0.664509539705677,0.810393176657804,0.938044542263086,2655.9612724781,"OK",NA,NA,NA
1,"varying","intermediate","camera_rn",691,-0.179515853428882,-0.209685970125711,-0.0301701166968285,0.649521096217205,1,0,-0.106807649871592,-0.102878320254119,0.24525,0,0.65568753787307,0.797905063168313,0.917877981330318,2125.33911967278,"OK",NA,NA,NA
2,"varying","intermediate","camera_rn",692,-0.179515853428882,-0.10098971967374,0.0785261337551419,0.373993206171497,1,0,-0.0853197611922752,-0.0156699584814652,0.2015,0,0.467598589242719,0.704947699353762,1.1619029743966,2874.15458965302,"OK",NA,NA,NA
3,"varying","intermediate","camera_rn",693,-0.179515853428882,-0.236521917357831,-0.0570060639289488,0.349204086841382,1,1,-0.00346877809115842,-0.233053139266673,0.16625,0,0.570530674776263,0.756423567311611,1.05143909426461,2769.68613886833,"OK",NA,NA,NA
4,"varying","intermediate","camera_rn",694,-0.179515853428882,-0.085015310640555,0.0945005427883273,0.354470249253276,1,0,-0.0419054003285111,-0.0431099103120438,0.15975,0,0.570141041905579,0.756205243649207,1.07723476347892,2690.14272999763,"OK",NA,NA,NA
5,"varying","intermediate","camera_rn",695,-0.179515853428882,-0.0385286264137384,0.140987227015144,0.448458625290129,1,0,0.129226273971618,-0.167754900385357,0.0975,0,0.718042149886686,0.834695026101807,1.06622260925413,2831.73832321167,"OK",NA,NA,NA
6,"varying","intermediate","camera_rn",696,-0.179515853428882,0.0201157344482112,0.199631587877094,0.382344054963361,0,0,0.116892546888168,-0.0967768124399567,0.100375,0,0.623252953740799,0.791651303149683,1.05237826615231,2810.49426603317,"OK",NA,NA,NA
7,"varying","intermediate","camera_rn",697,-0.179515853428882,-0.0800324249020414,0.0994834285268409,0.489603874292385,1,0,-0.0316563468968513,-0.0483760780051901,0.123375,0,0.677838023106013,0.821110442663355,1.08123334228091,2717.41859793663,"OK",NA,NA,NA
8,"varying","intermediate","camera_rn",698,-0.179515853428882,-0.191861063371646,-0.0123452099427642,0.421418181980795,1,1,-0.0141700666941015,-0.177690996677545,0.167625,0,0.570807522980878,0.750169807292981,1.17107116779523,2759.46625351906,"OK",NA,NA,NA
9,"varying","intermediate","camera_rn",699,-0.179515853428882,-0.221042999120648,-0.0415271456917658,0.366561774134921,1,1,-0.0852949961154088,-0.135748003005239,0.261,0,0.515164079488055,0.739306992179161,1.20477959068518,2636.57451534271,"OK",NA,NA,NA
10,"varying","intermediate","camera_rn",700,-0.179515853428882,-0.0498451598568819,0.129670693572,0.399535489685704,1,0,-0.0549622080698134,0.00511704821293149,0.162875,0,0.764757363010512,0.865997787653554,0.882514762612157,2136.8144261837,"OK",NA,NA,NA
11,"varying","intermediate","camera_rn",701,-0.179515853428882,-0.166917742921629,0.0125981105072535,0.44610086843848,1,0,-0.103773748816564,-0.0631439941050649,0.23775,0,0.65747700862301,0.804018125715616,1.17113715831523,2027.51233816147,"OK",NA,NA,NA
12,"varying","intermediate","camera_rn",702,-0.179515853428882,-0.0951392944633519,0.0843765589655304,0.461437711553327,1,0,0.135252651310022,-0.230391945773374,0.055625,0,0.624064839833993,0.789836790933261,1.09112069616998,2097.91489720345,"OK",NA,NA,NA
13,"varying","intermediate","camera_rn",703,-0.179515853428882,-0.0881558846008078,0.0913599688280745,0.425743583731717,1,0,0.0259506178030254,-0.114106502403833,0.137,0,0.619472936224551,0.785208329290303,1.06360552735497,2342.99885320663,"OK",NA,NA,NA
14,"varying","intermediate","camera_rn",704,-0.179515853428882,-0.207891069157937,-0.0283752157290542,0.350254295166195,1,1,-0.0595670854745739,-0.148323983683363,0.227,0,0.68727258224805,0.809296706708844,1.05537585314517,3063.53305220604,"OK",NA,NA,NA
15,"varying","intermediate","camera_rn",705,-0.179515853428882,-0.0593654609209025,0.12015039250798,0.391034206773632,1,0,-0.0713744371551047,0.0120089762342023,0.140875,0,0.462830776178269,0.690315162335772,1.17756866487862,3004.42197346687,"OK",NA,NA,NA
16,"varying","intermediate","camera_rn",706,-0.179515853428882,-0.0722402964272311,0.107275557001651,0.456608796346089,1,0,-0.0891911453415862,0.0169508489143551,0.16125,0,0.568337753591377,0.743290186108793,0.966804915380203,3142.94453024864,"OK",NA,NA,NA
17,"varying","intermediate","camera_rn",707,-0.179515853428882,-0.238008861006593,-0.0584930075777111,0.355600004559737,1,1,-0.0536143973631189,-0.184394463643475,0.20625,0,0.73956670907633,0.859593626889713,0.99416256402406,2278.83138728142,"OK",NA,NA,NA
18,"varying","intermediate","camera_rn",708,-0.179515853428882,-0.315017624932932,-0.13550177150405,0.501645866923719,1,1,-0.211819830868347,-0.103197794064585,0.3605,0,0.565098528610541,0.751406974713268,1.07460124431013,2854.18311882019,"OK",NA,NA,NA
19,"varying","intermediate","camera_rn",709,-0.179515853428882,-0.404639440361434,-0.225123586932551,0.52868200271637,0,1,-0.181987950455461,-0.222651489905972,0.300125,0,0.529381615749984,0.716213200333793,1.09067857550368,2883.61831641197,"OK",NA,NA,NA
20,"varying","intermediate","camera_rn",710,-0.179515853428882,-0.242793703997991,-0.0632778505691085,0.442562667611475,1,1,-0.126866450364091,-0.1159272536339,0.28525,0,0.549023219230549,0.736939393351317,1.12368536451952,2881.13386845589,"OK",NA,NA,NA
21,"varying","intermediate","camera_rn",711,-0.179515853428882,-0.242274174292325,-0.0627583208634428,0.503438866558268,1,1,-0.0376047562028626,-0.204669418089463,0.16525,0,0.648971175743436,0.809112344505036,0.932401973739682,2895.17250943184,"OK",NA,NA,NA
22,"varying","intermediate","camera_rn",712,-0.179515853428882,-0.279432263870002,-0.0999164104411197,0.476590910723724,1,1,-0.0346817232075803,-0.244750540662422,0.166,0,0.219221267405022,0.563483669390052,1.25298906027536,2640.23280453682,"OK",NA,NA,NA
23,"varying","intermediate","camera_rn",713,-0.179515853428882,-0.0920976411721794,0.0874182122567029,0.31775136819403,1,0,0.00734713068171164,-0.099444771853891,0.144875,0,0.367791020465111,0.630513885384929,1.20584862360653,2258.07568049431,"OK",NA,NA,NA
24,"varying","intermediate","camera_rn",714,-0.179515853428882,-0.086098521961825,0.0934173314670573,0.316368383050458,1,0,-0.104669744864259,0.018571222902434,0.199375,0,0.476391785781845,0.702531584156494,1.28087645527611,2959.0509147644,"OK",NA,NA,NA
25,"varying","intermediate","camera_rn",715,-0.179515853428882,-0.131600762321417,0.0479150911074655,0.377059522221381,1,0,0.0611187048708587,-0.192719467192275,0.095,0,0.500840683371846,0.730792369345417,1.09068301306377,2962.24276900291,"OK",NA,NA,NA
26,"varying","intermediate","camera_rn",716,-0.179515853428882,-0.07204432516489,0.107471528263992,0.487053346423321,1,0,0.0203899675517374,-0.0924342927166274,0.11675,0,0.549897540837435,0.749912670535039,1.04613585805704,2535.780636549,"OK",NA,NA,NA
27,"varying","intermediate","camera_rn",717,-0.179515853428882,0.00190741345371386,0.181423266882596,0.343537537027791,0,0,0.140690330288395,-0.138782916834681,0.086375,0,0.723703151464212,0.837329464961478,1.0268018656759,2330.05784869194,"OK",NA,NA,NA
28,"varying","intermediate","camera_rn",718,-0.179515853428882,-0.157331677803331,0.0221841756255515,0.438399430378998,1,0,-0.146683212274986,-0.0106484655283445,0.2435,0,0.635779858117339,0.790996332162472,0.983967326605879,2442.25629854202,"OK",NA,NA,NA
29,"varying","intermediate","camera_rn",719,-0.179515853428882,-0.144659655718767,0.034856197710115,0.373616781116402,1,0,-0.105423550325811,-0.0392361053929565,0.27775,0,0.744819916181886,0.861708940596557,0.922531150895563,3213.91794586182,"OK",NA,NA,NA
30,"varying","intermediate","camera_rn",720,-0.179515853428882,-0.319035129421367,-0.139519275992484,0.523765996926763,1,1,0.208983749587548,-0.528018879008915,0.021,0,0.617968681160137,0.777552446195346,0.989533198492274,2215.74319338799,"OK",NA,NA,NA
