"rep_id","scenario","abundance","estimator","row_id","tvb_true","tvb_mean","tvb_bias","tvb_ci_width","tvb_covered","tvb_detected","year_beta_mean","year_var_mean","tri_mean","tri_fires","disc_spearman","disc_auc","disc_rmse","elapsed_sec","status","n_arrays","mean_prop_detect","frac_saturated"
1,"null","bobcat_like","array_rn",541,0,-0.268809227994819,-0.268809227994819,1.29647206308871,1,0,0.213377024951747,-0.482186252946567,0.071875,0,0.677050630328589,0.839677657241553,2.4298746680912,1751.21522855759,"OK",97,0.1223,0
2,"null","bobcat_like","array_rn",542,0,0.0622293513538244,0.0622293513538244,0.746818870219868,1,0,0.0876669918866459,-0.0254376405328215,0.1625,0,0.0703905034413509,0.48263113974655,2.73014481006074,1785.63578248024,"OK",97,0.1257,0.0103
3,"null","bobcat_like","array_rn",543,0,0.060297093393526,0.060297093393526,0.838993571325437,1,0,0.0460763798422604,0.0142207135512656,0.16,0,0.721004061802855,0.850433736342642,3.06623301813616,2471.42929792404,"OK",97,0.1543,0.0206
4,"null","bobcat_like","array_rn",544,0,0.132072457670862,0.132072457670862,0.914754186984795,1,0,0.0623879263545896,0.0696845313162723,0.178875,0,-0.12973904183399,0.467270857187215,3.30506384949345,2254.97115278244,"OK",97,0.1313,0.0103
5,"null","bobcat_like","array_rn",545,0,-0.107717825922102,-0.107717825922102,0.964697797392101,1,0,-0.207042243748118,0.0993244178260154,0.167,0,0.457729482131317,0.696156533214306,2.27801100033532,2253.6865735054,"OK",97,0.128,0
6,"null","bobcat_like","array_rn",546,0,-0.158519710529148,-0.158519710529148,0.835289895217523,1,0,-0.0812116136838511,-0.0773080968452965,0.196375,0,0.2004489041301,0.558622329173863,3.50103977755615,2723.94505548477,"OK",97,0.1526,0.0309
7,"null","bobcat_like","array_rn",547,0,0.00429373781155891,0.00429373781155891,0.993206317754268,1,0,0.14522937131657,-0.140935633505012,0.136375,0,0.533052407183999,0.744110112752043,2.49305162470081,2641.3167924881,"OK",97,0.1348,0.0103
8,"null","bobcat_like","array_rn",548,0,-0.0982016795063616,-0.0982016795063616,0.740142518934285,1,0,-0.0235437629857729,-0.0746579165205887,0.179,0,0.215112898396485,0.565676609287974,2.5700276212383,2479.06387209892,"OK",97,0.1358,0.0103
9,"null","bobcat_like","array_rn",549,0,0.101441734932014,0.101441734932014,1.14083261529424,1,0,0.422627152659443,-0.321185417727429,0.11825,0,0.41276172602665,0.675997981719032,3.40000987999228,2372.72731113434,"OK",97,0.1718,0.0103
10,"null","bobcat_like","array_rn",550,0,0.100094202551635,0.100094202551635,0.938633797579892,1,0,-0.00498882370240031,0.105083026254036,0.1405,0,0.218073640147699,0.55758407886821,2.57038941203703,2380.35725092888,"OK",97,0.1386,0.0103
11,"null","bobcat_like","array_rn",551,0,0.225382067625398,0.225382067625398,1.02219801031921,1,0,0.0974822851972043,0.127899782428194,0.201125,0,-0.367482112946662,0.330294591395137,3.07059698423911,2407.80702733994,"OK",97,0.1544,0.0103
12,"null","bobcat_like","array_rn",552,0,-0.561622851372539,-0.561622851372539,0.971593092572664,0,1,-0.519784652745443,-0.0418381986270955,0.404375,0,0.60965441871038,0.781205728812902,3.88843589022577,2741.23642873764,"OK",97,0.1567,0
13,"null","bobcat_like","array_rn",553,0,0.156623012382664,0.156623012382664,0.906913767986431,1,0,0.0745027543090427,0.0821202580736209,0.19625,0,0.329238076584155,0.614906169341536,2.76487796394588,2542.24787116051,"OK",97,0.1193,0.0206
14,"null","bobcat_like","array_rn",554,0,-0.282447450324232,-0.282447450324232,0.922328536333621,1,0,-0.0030237581625581,-0.279423692161674,0.14325,0,0.58833303542216,0.760261212132974,2.99854535530019,1481.34071516991,"OK",97,0.1361,0.0103
15,"null","bobcat_like","array_rn",555,0,0.2405982493689,0.2405982493689,0.991245643789421,1,0,-0.0786838770182618,0.319282126387162,0.09325,0,0.674751640903882,0.826631605503697,3.18394033733331,2386.2732462883,"OK",97,0.1451,0
16,"null","bobcat_like","array_rn",556,0,0.192097056060185,0.192097056060185,0.967148863476705,1,0,0.110092722896125,0.0820043331640606,0.1845,0,0.495530522895263,0.708765937627356,2.93377073680784,2580.33784270287,"OK",97,0.1408,0.0206
17,"null","bobcat_like","array_rn",557,0,-0.0965051170369136,-0.0965051170369136,1.05807458581214,1,0,-0.0489487537170958,-0.0475563633198178,0.158875,0,0.323326098668277,0.614057132876633,3.01587380505542,2542.59598493576,"OK",97,0.1353,0.0103
18,"null","bobcat_like","array_rn",558,0,-0.0333736798947471,-0.0333736798947471,0.925396222863535,1,0,-0.073103867640088,0.0397301877453409,0.137125,0,0.334475670803873,0.629960798773506,2.05273950346466,1941.92504310608,"OK",97,0.1458,0.0206
19,"null","bobcat_like","array_rn",559,0,0.27789227011081,0.27789227011081,0.941539136695352,1,0,0.105102428872718,0.172789841238092,0.20075,0,0.459099857501159,0.678700343495895,2.9409953534453,1842.37030768394,"OK",97,0.143,0
20,"null","bobcat_like","array_rn",560,0,-0.341311941482965,-0.341311941482965,1.28384899928583,1,0,0.27668151007759,-0.617993451560555,0.034875,0,0.162946287488979,0.529007937278038,2.72050952728709,1995.27145695686,"OK",97,0.1305,0.0103
21,"null","bobcat_like","array_rn",561,0,-0.23422188313667,-0.23422188313667,0.995390224685711,1,0,-0.00522057160343491,-0.229001311533236,0.13425,0,0.215761955234715,0.565991965689223,3.86370205413115,2339.78765773773,"OK",97,0.1684,0
22,"null","bobcat_like","array_rn",562,0,-0.242786465932908,-0.242786465932908,0.804606804035109,1,0,-0.0847472134326618,-0.158039252500246,0.178125,0,0.718055775095065,0.847285023967086,2.95017476878466,2255.49037885666,"OK",97,0.1048,0
23,"null","bobcat_like","array_rn",563,0,-0.255231540933035,-0.255231540933035,1.47426866937739,1,0,0.189105603496375,-0.44433714442941,0.091875,0,0.190164115955525,0.614867356245997,1.99924307201942,2307.51325058937,"OK",97,0.1331,0
24,"null","bobcat_like","array_rn",564,0,0.475819641194926,0.475819641194926,1.80784116563159,1,0,-0.0671132178929367,0.542932859087863,0.09725,0,0.311451473091007,0.634220536008849,2.89344285179231,2342.35725879669,"OK",97,0.1448,0
25,"null","bobcat_like","array_rn",565,0,0.230504020243548,0.230504020243548,0.778195974411053,1,0,0.123709333125959,0.10679468711759,0.22175,0,0.244359167738289,0.568141240854664,3.54298143877412,3076.09235692024,"OK",97,0.174,0
26,"null","bobcat_like","array_rn",566,0,-0.314122156513412,-0.314122156513412,0.863003098494186,1,0,-0.0255836773034815,-0.288538479209931,0.158375,0,0.318432885597765,0.605358147839081,3.09203766188,2333.11872529984,"OK",97,0.1442,0.0103
27,"null","bobcat_like","array_rn",567,0,-0.290863376256021,-0.290863376256021,1.10316019822018,1,0,0.0534463640051609,-0.344309740261182,0.12425,0,0.35007884266903,0.62447359739176,2.08082590148051,2450.78131604195,"OK",97,0.118,0
28,"null","bobcat_like","array_rn",568,0,0.0841075234049717,0.0841075234049717,0.861232560075815,1,0,0.109017324257913,-0.0249098008529414,0.19075,0,0.372691174377068,0.655363969803412,3.31926220279457,2466.0794365406,"OK",97,0.1237,0
29,"null","bobcat_like","array_rn",569,0,-0.330703686183566,-0.330703686183566,1.13016764035637,1,0,-0.0975122817833207,-0.233191404400245,0.193,0,-0.184459706067066,0.429069067903511,3.05969459192612,2500.49343061447,"OK",97,0.1385,0.0103
30,"null","bobcat_like","array_rn",570,0,0.0720469132254161,0.0720469132254161,1.14540290912285,1,0,0.162791358267556,-0.0907444450421402,0.155125,0,0.198833900166046,0.648503755166993,2.7969414308641,2207.72258329391,"OK",97,0.1674,0.0103
31,"null","bobcat_like","array_rn",571,0,-0.258858933836137,-0.258858933836137,0.846997146764242,1,0,0.00250401904399635,-0.261362952880134,0.121375,0,0.51872479526802,0.723708979409653,3.14204472570116,2550.67895460129,"OK",97,0.184,0.0206
32,"null","bobcat_like","array_rn",572,0,-0.0753504778557573,-0.0753504778557573,0.966259670141963,1,0,0.0816235103237052,-0.156973988179462,0.12225,0,0.150501807608307,0.518756428418949,2.88769479719394,2325.28058481216,"OK",97,0.1397,0.0206
33,"null","bobcat_like","array_rn",573,0,0.578113316141027,0.578113316141027,1.10578118792164,0,1,0.26620462499772,0.311908691143308,0.291,0,0.596497709113567,0.78261270352617,2.73703273166642,2414.72172904015,"OK",97,0.1347,0.0103
34,"null","bobcat_like","array_rn",574,0,-0.039641922715284,-0.039641922715284,1.01995869926555,1,0,0.0589962149815426,-0.0986381376968266,0.14925,0,0.244487661468137,0.581090259853675,3.5242808807064,2325.58278727531,"OK",97,0.1665,0
35,"null","bobcat_like","array_rn",575,0,0.177878515552685,0.177878515552685,0.969507815159008,1,0,0.0875092024981271,0.0903693130545577,0.176125,0,0.520574393261055,0.729773525587533,3.07492734489929,2290.41977381706,"OK",97,0.1469,0.0206
36,"null","bobcat_like","array_rn",576,0,0.00367909319029616,0.00367909319029616,0.823549598012261,1,0,-0.0265032617495608,0.0301823549398569,0.169,0,0.74128598595863,0.865561140328747,2.33409191123129,2381.3695025444,"OK",97,0.1373,0
37,"null","bobcat_like","array_rn",577,0,-0.182124654374768,-0.182124654374768,0.839283199764393,1,0,-0.0458648314368318,-0.136259822937936,0.156125,0,0.448318534673919,0.66489743639504,3.54780887436543,2102.28060746193,"OK",97,0.1717,0.0309
38,"null","bobcat_like","array_rn",578,0,-0.0256286952877158,-0.0256286952877158,1.13854831850333,1,0,0.0996753074861276,-0.125304002773843,0.136125,0,-0.242566587234908,0.410763841720196,3.73631415154429,2220.03072047234,"OK",97,0.1534,0.0206
39,"null","bobcat_like","array_rn",579,0,-0.14109223064258,-0.14109223064258,1.03172513695366,1,0,0.10617055664479,-0.24726278728737,0.10425,0,0.320864231899636,0.627471909022104,2.76161244774819,2227.5394320488,"OK",97,0.1386,0
40,"null","bobcat_like","array_rn",580,0,-0.222367558526323,-0.222367558526323,0.902717927665366,1,0,-0.0789518174713938,-0.143415741054929,0.166875,0,0.0922130379234272,0.501319645248307,2.92139574631902,2530.49280190468,"OK",97,0.1446,0
41,"null","bobcat_like","array_rn",581,0,-0.0466825973479779,-0.0466825973479779,0.931924333195806,1,0,0.0840555440227276,-0.130738141370705,0.12425,0,0.370324892452624,0.645932387587572,2.73377517072301,2515.64428377151,"OK",97,0.1419,0
42,"null","bobcat_like","array_rn",582,0,0.182665442702129,0.182665442702129,1.06389258804535,1,0,-0.190049373151627,0.372714815853755,0.10225,0,0.42610537348243,0.670777620369113,2.40786010382148,2327.06229639053,"OK",97,0.1528,0.0103
43,"null","bobcat_like","array_rn",583,0,0.00925551175981801,0.00925551175981801,0.903454449586377,1,0,0.141122793834076,-0.131867282074258,0.14025,0,0.089453853078288,0.504254885598401,3.19310143382563,2552.5344877243,"OK",97,0.1438,0.0103
44,"null","bobcat_like","array_rn",584,0,0.140899322703077,0.140899322703077,1.40906760181601,1,0,-0.0292513884852028,0.17015071118828,0.157625,0,0.0841709109591511,0.581366803159386,2.92277597921535,2527.09218335152,"OK",97,0.1484,0.0206
45,"null","bobcat_like","array_rn",585,0,-0.00708089794421109,-0.00708089794421109,0.819433316614361,1,0,0.10385158517723,-0.110932483121441,0.116625,0,0.490367017749816,0.707150342525568,2.97644720017183,2671.07766032219,"OK",97,0.163,0.0103
46,"null","bobcat_like","array_rn",586,0,-0.167508425056914,-0.167508425056914,0.834972182399617,1,0,0.00424960192507742,-0.171758026981992,0.137875,0,0.707127027513159,0.837280948592055,2.29966695756255,2959.0198533535,"OK",97,0.1377,0.0206
47,"null","bobcat_like","array_rn",587,0,-0.234501615008839,-0.234501615008839,1.12960609401029,1,0,0.0251708216249831,-0.259672436633822,0.138875,0,0.605556084267073,0.78162296958994,2.90679666149616,2942.67037987709,"OK",97,0.1524,0.0103
48,"null","bobcat_like","array_rn",588,0,0.195629447915347,0.195629447915347,0.851412463804605,1,0,0.274097586230115,-0.0784681383147688,0.189125,0,0.483252703357558,0.709120107124144,3.48132616368435,2974.10978198051,"OK",97,0.168,0.0309
49,"null","bobcat_like","array_rn",589,0,-0.316837584688784,-0.316837584688784,0.807029411541785,1,0,-0.0276467635097958,-0.289190821178988,0.156375,0,0.498312838535334,0.709178326767451,2.9114995860463,2882.35539913177,"OK",97,0.134,0
50,"null","bobcat_like","array_rn",590,0,0.211775569762942,0.211775569762942,1.05896807539039,1,0,-0.028256944181618,0.24003251394456,0.11275,0,0.469186182493444,0.703244774787013,2.90540763832499,2688.15058350563,"OK",97,0.1395,0
51,"null","bobcat_like","array_rn",591,0,0.0201844521772067,0.0201844521772067,0.906683761131971,1,0,0.120139422715755,-0.0999549705385487,0.144375,0,-0.184686718068326,0.442284926934348,3.0000908706781,2684.16104435921,"OK",97,0.1434,0
52,"null","bobcat_like","array_rn",592,0,0.138748711199772,0.138748711199772,1.11227564485943,1,0,0.049559733491968,0.0891889777078035,0.1685,0,0.13454356281278,0.527246793067981,2.33851242915782,2804.94683551788,"OK",97,0.1434,0.0206
53,"null","bobcat_like","array_rn",593,0,-0.237715891137464,-0.237715891137464,0.8383297835504,1,0,0.029952089455818,-0.267667980593282,0.110625,0,0.628313965259918,0.784766830328553,3.28305221744702,3145.08961701393,"OK",97,0.1674,0
54,"null","bobcat_like","array_rn",594,0,-0.0788738672600784,-0.0788738672600784,1.18793672704632,1,0,-0.135709368369775,0.0568355011096969,0.16475,0,0.34666821256678,0.668482796095403,2.70914214881952,3006.57164645195,"OK",97,0.1528,0.0206
55,"null","bobcat_like","array_rn",595,0,-0.145797905264521,-0.145797905264521,0.908859769990975,1,0,-0.0832414254498387,-0.0625564798146824,0.177,0,0.16647130522299,0.527751363309981,3.26233747849056,2430.84199309349,"OK",97,0.1268,0.0103
56,"null","bobcat_like","array_rn",596,0,-0.213379945284879,-0.213379945284879,0.822679266467537,1,0,-0.184215040308567,-0.0291649049763119,0.202375,0,0.580553842920295,0.776189136214559,3.26470662574633,2181.8949303627,"OK",97,0.1418,0.0206
57,"null","bobcat_like","array_rn",597,0,0.142116669905739,0.142116669905739,0.981174718522445,1,0,-0.0632595093519848,0.205376179257723,0.116375,0,0.244096473720732,0.570081895631586,3.50341037691612,2312.68792271614,"OK",97,0.1494,0.0103
58,"null","bobcat_like","array_rn",598,0,0.0429271514180323,0.0429271514180323,0.841700960377099,1,0,-0.0411683998367282,0.0840955512547605,0.140625,0,0.311728481592191,0.622654233538396,2.73400499788024,1712.93937373161,"OK",97,0.1474,0.0103
59,"null","bobcat_like","array_rn",599,0,-0.452554074992383,-0.452554074992383,0.89078957907151,0,1,-0.158412559635279,-0.294141515357103,0.245375,0,0.477251680697506,0.715373867142774,2.11243113519558,1680.37914156914,"OK",97,0.136,0.0103
60,"null","bobcat_like","array_rn",600,0,-0.0624928947966847,-0.0624928947966847,0.973233168865932,1,0,-0.121624468725689,0.0591315739290038,0.164,0,0.310663006326569,0.629281569601584,2.91035046450741,2514.10182094574,"OK",97,0.1429,0
61,"null","bobcat_like","array_rn",601,0,0.191887423957446,0.191887423957446,0.957232213532262,1,0,0.0521731140853554,0.139714309872091,0.176375,0,0.194058889785641,0.554411108307943,2.58662631015798,2689.04276013374,"OK",97,0.1387,0.0103
62,"null","bobcat_like","array_rn",602,0,0.0903693654487142,0.0903693654487142,1.00994352017306,1,0,-0.0614295880778451,0.151798953526559,0.146125,0,-0.284625858269909,0.39411787537115,3.41863544723277,2690.67720246315,"OK",97,0.1527,0.0206
63,"null","bobcat_like","array_rn",603,0,-0.00537845296267628,-0.00537845296267628,0.664985778017582,1,0,0.081946246763653,-0.0873246997263292,0.127125,0,0.467385138331211,0.689335131673427,3.74026843620695,1482.80032157898,"OK",97,0.1417,0.0103
64,"null","bobcat_like","array_rn",604,0,-0.0772827712451341,-0.0772827712451341,0.964157608397509,1,0,-0.113646245540793,0.0363634742956592,0.166875,0,0.276274407016104,0.60177763977566,3.72212141460143,2547.31285238266,"OK",97,0.1478,0.0103
65,"null","bobcat_like","array_rn",605,0,0.532346654418422,0.532346654418422,1.23548735752142,1,0,0.204150773956607,0.328195880461815,0.24975,0,0.494624222122828,0.711356711754546,2.6832206405534,2630.59295606613,"OK",97,0.1474,0
66,"null","bobcat_like","array_rn",606,0,-0.117637390286358,-0.117637390286358,1.0956027443951,1,0,-0.0456373519390595,-0.0720000383472989,0.161625,0,0.662842743920124,0.815565021638301,2.83714548203878,2453.7642455101,"OK",97,0.1316,0.0103
67,"null","bobcat_like","array_rn",607,0,-0.110391856006233,-0.110391856006233,0.706715185773128,1,0,-0.060630435277664,-0.0497614207285695,0.174875,0,0.434016906831803,0.680243164043548,2.93427440153047,2627.82222032547,"OK",97,0.1708,0
68,"null","bobcat_like","array_rn",608,0,0.654281026547172,0.654281026547172,1.14209726172589,0,1,-0.0973589709345799,0.751639997481751,0.031125,0,0.480445397482353,0.706844689398203,2.36092906706208,1769.44021224976,"OK",97,0.1359,0.0206
69,"null","bobcat_like","array_rn",609,0,0.584411092372822,0.584411092372822,1.10927682000837,0,1,-0.0715601318094698,0.655971224182292,0.05875,0,0.286198431732104,0.601704865221526,2.66635148176126,1841.37085270882,"OK",97,0.1404,0.0103
70,"null","bobcat_like","array_rn",610,0,-0.134450091185036,-0.134450091185036,1.21442289767421,1,0,0.0810365402788104,-0.215486631463846,0.156375,0,0.513116194638955,0.72810456247938,2.45867131755277,2073.69302082062,"OK",97,0.1314,0.0206
71,"null","bobcat_like","array_rn",611,0,0.227108625494238,0.227108625494238,0.856619506175382,1,0,0.0982751966060465,0.128833428888191,0.196125,0,0.257529999462846,0.596023598362087,3.76223749598949,2045.91161394119,"OK",97,0.1514,0.0103
72,"null","bobcat_like","array_rn",612,0,-0.00885062657565533,-0.00885062657565533,0.87897844702566,1,0,0.0676710584705836,-0.076521685046239,0.119875,0,-0.194902947400268,0.393394981466747,2.89632430375621,2136.84218740463,"OK",97,0.1442,0
73,"null","bobcat_like","array_rn",613,0,0.0205795758865202,0.0205795758865202,0.807229027085476,1,0,-0.0294144917304974,0.0499940676170176,0.124875,0,0.122933634960182,0.523152011488676,3.40078930540786,1715.77541017532,"OK",97,0.1572,0.0206
74,"null","bobcat_like","array_rn",614,0,-0.156733639459611,-0.156733639459611,0.957745838928243,1,0,-0.128015935511557,-0.0287177039480543,0.21225,0,0.451818946884562,0.705845252188088,2.59545796353746,1873.70017266273,"OK",97,0.1195,0
75,"null","bobcat_like","array_rn",615,0,-0.124945696889919,-0.124945696889919,0.778423952295129,1,0,-0.0258615070207229,-0.0990841898691958,0.15475,0,0.371287858062261,0.643589046944439,3.60749237733482,2400.70592904091,"OK",97,0.1315,0
76,"null","bobcat_like","array_rn",616,0,-0.0994019085132725,-0.0994019085132725,0.728253958276134,1,0,0.0157537393968768,-0.115155647910149,0.140875,0,0.137649164573554,0.516490713966892,2.98081562081281,2438.56351256371,"OK",97,0.168,0
77,"null","bobcat_like","array_rn",617,0,-0.310947137159292,-0.310947137159292,0.682931646049378,1,0,-0.104707199974713,-0.206239937184579,0.226,0,0.121414760848659,0.498903530051039,3.25210591198397,2183.5294854641,"OK",97,0.1687,0.0103
78,"null","bobcat_like","array_rn",618,0,-0.103597869794018,-0.103597869794018,0.963906940493018,1,0,-0.122207900212049,0.0186100304180309,0.1895,0,0.518376647149437,0.72334510663898,3.10843536974899,2440.33407449722,"OK",97,0.1413,0.0103
79,"null","bobcat_like","array_rn",619,0,-0.504284490881586,-0.504284490881586,1.26764667239571,1,0,-0.0541667154194968,-0.450117775462089,0.1585,0,0.594716830259735,0.768741873508122,3.07477530485685,2472.75576758385,"OK",97,0.1442,0.0103
80,"null","bobcat_like","array_rn",620,0,0.0461633772548861,0.0461633772548861,0.916209425043454,1,0,0.233567410172916,-0.187404032918029,0.119125,0,0.506525793553375,0.724116516912806,2.55890004558592,2328.74539732933,"OK",97,0.1262,0.0103
81,"null","bobcat_like","array_rn",621,0,0.22079328682008,0.22079328682008,0.845426315335009,1,0,0.0827598450111233,0.138033441808957,0.189875,0,0.335186570058489,0.629140872130257,2.98974287151278,1728.85914540291,"OK",97,0.1263,0.0103
82,"null","bobcat_like","array_rn",622,0,0.179915967842038,0.179915967842038,1.36636390144233,1,0,-0.0979443685838255,0.277860336425863,0.133,0,0.596497035867976,0.795401618506084,2.15200825253774,2436.00784516335,"OK",97,0.1579,0.0103
83,"null","bobcat_like","array_rn",623,0,0.173883440006072,0.173883440006072,0.701149367765071,1,0,0.0391253727922342,0.134758067213838,0.149375,0,-0.30044052542843,0.382750490015331,3.70815762146342,2345.89432477951,"OK",97,0.163,0.0103
84,"null","bobcat_like","array_rn",624,0,-0.105224861634014,-0.105224861634014,1.00575555782916,1,0,0.221736059118344,-0.326960920752357,0.0875,0,-0.381801437530015,0.319785945778106,3.76817461295384,2307.93487858772,"OK",97,0.142,0.0103
85,"null","bobcat_like","array_rn",625,0,-0.0614797858661218,-0.0614797858661218,0.891942349955527,1,0,0.131041517009738,-0.192521302875859,0.117875,0,0.353332622578346,0.638848997651808,3.43927056484793,1889.23301005363,"OK",97,0.1252,0
86,"null","bobcat_like","array_rn",626,0,-0.623167669575384,-0.623167669575384,1.58701895044835,1,0,-0.0725810870809389,-0.550586582494445,0.153625,0,0.731680935385623,0.839119718993188,1.72333662098913,1767.9662258625,"OK",97,0.1432,0.0103
87,"null","bobcat_like","array_rn",627,0,0.0939562764972753,0.0939562764972753,1.3584071984103,1,0,-0.104795768158948,0.198752044656223,0.1355,0,0.640239965887608,0.786959770226474,3.21467543025472,1952.84018158913,"OK",97,0.1546,0.0206
88,"null","bobcat_like","array_rn",628,0,-0.107818266577499,-0.107818266577499,0.935828657651132,1,0,0.0559129136500709,-0.16373118022757,0.127,0,0.175132176944266,0.534320479729861,2.44161896195052,2394.63377451897,"OK",97,0.1271,0.0103
89,"null","bobcat_like","array_rn",629,0,0.161177322208827,0.161177322208827,0.815232549980191,1,0,0.118044381099647,0.04313294110918,0.1865,0,0.077279937776719,0.487924275650605,3.58489391755353,2336.66827845573,"OK",97,0.1672,0
90,"null","bobcat_like","array_rn",630,0,0.0104198063503519,0.0104198063503519,0.816068436659958,1,0,0.0292480755568974,-0.0188282692065456,0.157625,0,0.347884735289532,0.627704787595335,2.46234358566283,2204.2960357666,"OK",97,0.1499,0.0103
1,"null","deer_like","array_rn",721,0,0.0477468885288436,0.0477468885288436,0.295411867696826,1,0,0.0564496549790128,-0.00870276645016922,0.11125,0,0.69772367811314,0.829620213860156,2.64991369741639,1628.36686992645,"OK",97,0.3502,0.0412
2,"null","deer_like","array_rn",722,0,-0.103576555079422,-0.103576555079422,0.327452869254567,1,0,-0.000108905875116452,-0.103467649204306,0.151625,0,0.749568221153867,0.855411515845446,2.4339537709047,1865.16853260994,"OK",97,0.3639,0.0515
3,"null","deer_like","array_rn",723,0,-0.165552683701176,-0.165552683701176,0.389597762202163,1,0,0.0366865407136044,-0.202239224414781,0.11425,0,0.696450282167646,0.825578800287217,2.3724408808891,1889.33129501343,"OK",97,0.3349,0.0619
4,"null","deer_like","array_rn",724,0,-0.0767838580070464,-0.0767838580070464,0.339483619308846,1,0,0.00439275087016431,-0.0811766088772107,0.123,0,0.634262234319056,0.785247142385841,1.81301864347985,1739.63934445381,"OK",97,0.3492,0.0928
5,"null","deer_like","array_rn",725,0,-0.142563724452184,-0.142563724452184,0.455871117647555,1,0,-0.0552493003235057,-0.0873144241286778,0.20025,0,0.739340514587573,0.846780453725087,2.18359143735691,2428.7890625,"OK",97,0.3938,0.0722
6,"null","deer_like","array_rn",726,0,-0.109060574332284,-0.109060574332284,0.276996928079804,1,0,-0.148143949226845,0.0390833748945604,0.197,0,0.714621741693717,0.847750781113548,2.44235818684249,2423.07830715179,"OK",97,0.3835,0.0619
7,"null","deer_like","array_rn",727,0,0.0267154072492674,0.0267154072492674,0.305044302870927,1,0,0.0111407478442739,0.0155746594049935,0.126375,0,0.650989341608612,0.802101729123406,2.29865829734929,2322.93466973305,"OK",97,0.3222,0.0309
8,"null","deer_like","array_rn",728,0,-0.0497319953510911,-0.0497319953510911,0.328042547357358,1,0,-0.0471189371267939,-0.00261305822429726,0.151,0,0.727955402673237,0.843762735546974,2.25115063238008,2427.47482037544,"OK",97,0.3194,0.0515
9,"null","deer_like","array_rn",729,0,0.0543790182851823,0.0543790182851823,0.406276580028613,1,0,0.0396961622756041,0.0146828560095782,0.155375,0,0.66120901731679,0.803629994760232,2.73276352252795,2388.13106584549,"OK",97,0.351,0.0515
10,"null","deer_like","array_rn",730,0,0.0316113001223085,0.0316113001223085,0.3624745151143,1,0,0.107475334873164,-0.0758640347508559,0.110625,0,0.833837714503058,0.911666246191465,1.96869344975305,2352.60893344879,"OK",97,0.3372,0.0412
11,"null","deer_like","array_rn",731,0,-0.131208436943024,-0.131208436943024,0.381034485682769,1,0,0.0449306083595232,-0.176139045302547,0.117375,0,0.622398380671235,0.778610103048769,1.99263507373649,2340.98334002495,"OK",97,0.3111,0.0309
12,"null","deer_like","array_rn",732,0,0.0386066900681571,0.0386066900681571,0.363788805045138,1,0,-0.14725694161661,0.185863631684767,0.085375,0,0.462108255422388,0.694783519959634,2.49213795876553,2394.10588908195,"OK",97,0.3041,0.0309
13,"null","deer_like","array_rn",733,0,0.172524271123915,0.172524271123915,0.304087498462781,0,1,0.195436343688445,-0.0229120725645296,0.26425,0,0.810933787306041,0.894884434008034,2.43891520137918,1741.31825995445,"OK",97,0.347,0.0619
14,"null","deer_like","array_rn",734,0,-0.0418707323946679,-0.0418707323946679,0.325082935490779,1,0,0.106651962801005,-0.148522695195673,0.073875,0,0.582997211464853,0.750727745541346,2.74178761417106,2141.99016666412,"OK",97,0.3451,0.0412
15,"null","deer_like","array_rn",735,0,0.0519280987516561,0.0519280987516561,0.427008245642388,1,0,-0.0310980824924543,0.0830261812441104,0.119,0,0.737231701012531,0.843204797298609,2.0446558133068,2013.5910050869,"OK",97,0.3311,0.0619
16,"null","deer_like","array_rn",736,0,0.111303866971146,0.111303866971146,0.366083651630091,1,0,0.0545841482547427,0.0567197187164031,0.175875,0,0.774612989180447,0.868869956723399,2.88676662502125,2123.34843730927,"OK",97,0.3418,0.0412
17,"null","deer_like","array_rn",737,0,-0.197106263768908,-0.197106263768908,0.326692372931115,0,1,-0.104761649690887,-0.0923446140780209,0.248,0,0.65501924544654,0.809194822333055,2.64485497256729,1275.7173807621,"OK",97,0.3616,0.0619
18,"null","deer_like","array_rn",738,0,-0.0261831121910086,-0.0261831121910086,0.474496272492621,1,0,0.158819622942231,-0.18500273513324,0.081375,0,0.750003137805342,0.851962001979468,2.56722039878531,1677.35130262375,"OK",97,0.3258,0.0309
19,"null","deer_like","array_rn",739,0,0.0787304276802323,0.0787304276802323,0.290943391093259,1,0,0.0194208900626935,0.0593095376175388,0.1735,0,0.802032614997921,0.893394981466747,2.20637282250981,1792.90847015381,"OK",97,0.2973,0.0206
20,"null","deer_like","array_rn",740,0,-0.07318623111918,-0.07318623111918,0.394470048023666,1,0,0.219301813627679,-0.292488044746859,0.041375,0,0.531001749204252,0.734824079644472,2.26511757282751,1678.16112375259,"OK",97,0.334,0.0722
21,"null","deer_like","array_rn",741,0,-0.28720883849125,-0.28720883849125,0.385446146238775,0,1,-0.0858180281554219,-0.201390810335828,0.272875,0,0.622325381613634,0.782253682392439,2.0144435181521,1624.41058969498,"OK",97,0.3435,0.0515
22,"null","deer_like","array_rn",742,0,-0.0400886124284658,-0.0400886124284658,0.323131556864521,1,0,-0.00164053700079123,-0.0384480754276745,0.12325,0,0.700491535002672,0.833579149605077,2.29853617118424,1415.31512951851,"OK",97,0.33,0.0309
23,"null","deer_like","array_rn",743,0,-0.0932663199765209,-0.0932663199765209,0.486818238735916,1,0,-0.0428530024808401,-0.0504133174956808,0.152875,0,0.612825581767945,0.768062644336199,2.25747408463288,1628.53586769104,"OK",97,0.3252,0.0619
24,"null","deer_like","array_rn",744,0,-0.0458860529344575,-0.0458860529344575,0.396687693604038,1,0,-0.0803930266876282,0.0345069737531707,0.132625,0,0.779734624862027,0.880649731219313,1.88621603964223,1758.83405613899,"OK",97,0.3186,0.0515
25,"null","deer_like","array_rn",745,0,0.0604467051693155,0.0604467051693155,0.309381983303945,1,0,-0.0289944453464539,0.0894411505157694,0.130375,0,0.739910641395143,0.85426167789012,2.35514060722575,1611.35210633278,"OK",97,0.3969,0.0619
26,"null","deer_like","array_rn",746,0,-0.0800747176356423,-0.0800747176356423,0.299627506194905,1,0,-0.031145473666104,-0.0489292439695384,0.147,0,0.730678408582714,0.851758233227891,2.54355385559895,1614.98608136177,"OK",97,0.3758,0.0619
27,"null","deer_like","array_rn",747,0,0.00973486207431008,0.00973486207431008,0.249033414148769,1,0,-0.0940308250696077,0.103765687143918,0.06625,0,0.795449827999377,0.893482310931708,2.19334072822644,1606.92749142647,"OK",97,0.3451,0.0103
28,"null","deer_like","array_rn",748,0,-0.0300193972025975,-0.0300193972025975,0.325241099116446,1,0,0.0514129140467055,-0.081432311249303,0.07725,0,0.71033013767696,0.829183566535349,2.28094167249491,2214.69218206406,"OK",97,0.3035,0.0515
29,"null","deer_like","array_rn",749,0,-0.0894321183965385,-0.0894321183965385,0.286507824410414,1,0,0.00855271275854281,-0.0979848311550813,0.1205,0,0.70747060717952,0.84137573017136,2.24945645734253,2145.14677333832,"OK",97,0.3464,0.0619
30,"null","deer_like","array_rn",750,0,-0.00355250516032762,-0.00355250516032762,0.269830391077642,1,0,0.0839936176253188,-0.0875461227856465,0.08775,0,0.714819611778701,0.840172524209668,2.9068419806104,2189.27790284157,"OK",97,0.3356,0.0515
31,"null","deer_like","array_rn",751,0,-0.0655967628662165,-0.0655967628662165,0.338385412718847,1,0,-0.0231581943672198,-0.0424385684989967,0.150375,0,0.698213400161614,0.828868210134099,1.82461461736925,2074.80448436737,"OK",97,0.3419,0.0515
32,"null","deer_like","array_rn",752,0,-0.143650745577402,-0.143650745577402,0.30835015824584,1,0,-0.103209131545466,-0.0404416140319364,0.291625,0,0.723214246928241,0.839076054260708,2.93209762834427,2105.27568411827,"OK",97,0.3386,0.0412
33,"null","deer_like","array_rn",753,0,0.0407790127886103,0.0407790127886103,0.275716000438934,1,0,-0.0444593272768507,0.085238340065461,0.124125,0,0.729748175532502,0.854630402297735,3.01305110567964,2079.36172509193,"OK",97,0.3476,0.0515
34,"null","deer_like","array_rn",754,0,-0.0332849433927063,-0.0332849433927063,0.346057035324038,1,0,0.0227679685679641,-0.0560529119606704,0.14475,0,0.715235661523984,0.83943992703138,2.87407047035716,2111.2241153717,"OK",97,0.3657,0.0619
35,"null","deer_like","array_rn",755,0,-0.167429647060716,-0.167429647060716,0.376432981878079,1,0,0.0505734169935653,-0.218003064054281,0.10425,0,0.66419058159234,0.802795513206156,2.19702549119669,2094.14689135551,"OK",97,0.3356,0.0619
36,"null","deer_like","array_rn",756,0,0.0817162189940821,0.0817162189940821,0.290411959632177,1,0,0.0220781107578643,0.0596381082362177,0.154375,0,0.711745925064849,0.839236158279804,2.50682291191721,1540.55607819557,"OK",97,0.3718,0.0515
37,"null","deer_like","array_rn",757,0,0.0275587209319606,0.0275587209319606,0.264934112956714,1,0,-0.0455411339240261,0.0730998548559866,0.102375,0,0.740482403227719,0.854785654679889,2.38095727977454,1878.53417181969,"OK",97,0.3685,0.0619
38,"null","deer_like","array_rn",758,0,-0.0185392754022383,-0.0185392754022383,0.285453218110104,1,0,-0.0888249217326019,0.0702856463303636,0.107125,0,0.682741831779747,0.816331580275185,2.62668467441681,1777.86046624184,"OK",97,0.3657,0.0515
39,"null","deer_like","array_rn",759,0,-0.183553345089328,-0.183553345089328,0.359653371244788,0,1,0.302576506313901,-0.486129851403228,0.022875,0,0.528282205700669,0.720303130276155,2.08857246036898,1794.45724654198,"OK",97,0.3458,0.0722
40,"null","deer_like","array_rn",760,0,-0.0503294097269732,-0.0503294097269732,0.337845137017548,1,0,-0.0928556002438723,0.042526190516899,0.11475,0,0.656461674124224,0.804027828989501,2.2426850947424,1815.37569475174,"OK",97,0.3316,0.0515
41,"null","deer_like","array_rn",761,0,-0.0611412341827529,-0.0611412341827529,0.295510448337119,1,0,-0.0585768902827908,-0.00256434389996202,0.143125,0,0.716193465584094,0.838605445477304,2.20935998910694,2203.90420293808,"OK",97,0.3283,0.0309
42,"null","deer_like","array_rn",762,0,0.140410502494457,0.140410502494457,0.364729716633141,1,0,-0.00197289609296894,0.142383398587426,0.13675,0,0.676272085921782,0.826340507287159,2.36268089770299,2190.09512209892,"OK",97,0.3375,0.0515
43,"null","deer_like","array_rn",763,0,0.223469978528269,0.223469978528269,0.379891754112991,0,1,-0.0482398130447745,0.271709791573044,0.109625,0,0.74137515894006,0.840953637757379,2.49036181301472,2207.56974625587,"OK",97,0.3629,0.0515
44,"null","deer_like","array_rn",764,0,0.0418344323818856,0.0418344323818856,0.326916756384779,1,0,0.00133668496772171,0.0404977474141639,0.116375,0,0.688251369129064,0.837989287585631,1.60501021592381,2362.9295425415,"OK",97,0.3634,0.0515
45,"null","deer_like","array_rn",765,0,0.0317565719772699,0.0317565719772699,0.35002629650659,1,0,0.0800964113885302,-0.0483398394112603,0.106875,0,0.732367197057558,0.844097498495993,2.19491343044405,1675.39015197754,"OK",97,0.3199,0.0412
46,"null","deer_like","array_rn",766,0,0.0144476748023107,0.0144476748023107,0.26776211650594,1,0,-0.110090955279648,0.124538630081959,0.086375,0,0.571589914505344,0.760159327757185,2.80418449776121,1826.8836517334,"OK",97,0.3757,0.0206
47,"null","deer_like","array_rn",767,0,0.076970907591526,0.076970907591526,0.279201406001193,1,0,0.0140944802835218,0.0628764273080042,0.127875,0,0.745208266680016,0.853393234877448,2.27323465668266,1824.63168144226,"OK",97,0.3287,0.0309
48,"null","deer_like","array_rn",768,0,0.0196942154016805,0.0196942154016805,0.358536605680166,1,0,-0.0621291005526561,0.0818233159543367,0.139,0,0.794335959199522,0.88407498690058,2.16431625649674,1944.39342331886,"OK",97,0.3583,0.0619
49,"null","deer_like","array_rn",769,0,-0.0303488772648477,-0.0303488772648477,0.410202623297277,1,0,0.0769813127083899,-0.107330189973238,0.1075,0,0.778066017725242,0.882711676919793,1.70070808731485,1698.40690851212,"OK",97,0.3564,0.0619
50,"null","deer_like","array_rn",770,0,-0.0615804290863247,-0.0615804290863247,0.329713199179606,1,0,-0.16748528232483,0.105904853238506,0.128,0,0.585438544242983,0.766121989559277,2.11369072449099,1698.50233507156,"OK",97,0.3819,0.0515
51,"null","deer_like","array_rn",771,0,-0.0702776006903805,-0.0702776006903805,0.382550324102838,1,0,0.0738870197091779,-0.144164620399558,0.09725,0,0.541243850402458,0.728686758912457,1.6960581145585,1794.87917232513,"OK",97,0.3193,0.0619
52,"null","deer_like","array_rn",772,0,0.0785148117172886,0.0785148117172886,0.281494269698641,1,0,0.0832900861020856,-0.00477527438479699,0.16575,0,0.749777440235949,0.861859341341769,2.74628406046019,1895.86076951027,"OK",97,0.3577,0.0412
53,"null","deer_like","array_rn",773,0,-0.00797468127320516,-0.00797468127320516,0.268824551569467,1,0,0.243677595296862,-0.251652276570067,0.049375,0,0.678766717309162,0.822333055172815,2.77631828934721,2101.2357237339,"OK",97,0.3136,0.0412
54,"null","deer_like","array_rn",774,0,-0.02617938100121,-0.02617938100121,0.315272229247414,1,0,0.223480374597672,-0.249659755598882,0.04125,0,0.795865685388777,0.891444623415941,2.37312887887105,1175.39456224442,"OK",97,0.3323,0.0412
55,"null","deer_like","array_rn",775,0,-0.0356084695707326,-0.0356084695707326,0.30653578064562,1,0,-0.195362111920059,0.159753642349327,0.060875,0,0.703179371844873,0.834389372974442,2.81242578590925,1711.18557333946,"OK",97,0.3815,0.0825
56,"null","deer_like","array_rn",776,0,-0.0295280196861034,-0.0295280196861034,0.278710357040887,1,0,0.028860754738789,-0.0583887744248924,0.089125,0,0.599089880963287,0.766068621552912,2.24105416751169,1889.57730197906,"OK",97,0.3401,0.0412
57,"null","deer_like","array_rn",777,0,-0.137383861065003,-0.137383861065003,0.369319077124886,1,0,0.13312534258429,-0.270509203649294,0.057625,0,0.735522122072666,0.847076403578567,1.99416489392503,1824.6376850605,"OK",97,0.3499,0.0619
58,"null","deer_like","array_rn",778,0,0.0136098712594043,0.0136098712594043,0.292245357376875,1,0,0.0394805177469838,-0.0258706464875796,0.117625,0,0.677775603621978,0.827635894350754,2.55379342404018,1771.32132482529,"OK",97,0.3562,0.0309
59,"null","deer_like","array_rn",779,0,0.0138171879764501,0.0138171879764501,0.324051056944904,1,0,-0.0325561798634151,0.0463733678398652,0.129375,0,0.650127378867209,0.798826874187351,2.13231593533924,1861.38736987114,"OK",97,0.3699,0.1031
60,"null","deer_like","array_rn",780,0,-0.17122584121395,-0.17122584121395,0.332125608416852,0,1,0.257385299860864,-0.428611141074814,0.011,0,0.621370959811134,0.776785887558462,2.06508574541103,2051.38232803345,"OK",97,0.3146,0.0412
61,"null","deer_like","array_rn",781,0,-0.037282717104056,-0.037282717104056,0.333301124725421,1,0,-0.0417509239936142,0.00446820688955812,0.134875,0,0.495037402559523,0.714781967435813,2.47787714829799,1940.50450539589,"OK",97,0.3275,0.0515
62,"null","deer_like","array_rn",782,0,-0.0325960724317116,-0.0325960724317116,0.299036625055727,1,0,-0.134774237632518,0.102178165200807,0.0915,0,0.697821843732101,0.839740728521803,2.68143477294721,1756.74710178375,"OK",97,0.3506,0.0515
63,"null","deer_like","array_rn",783,0,0.110899689599398,0.110899689599398,0.375283664409274,1,0,-0.0893806579032828,0.200280347502681,0.078875,0,0.754633496561727,0.848944283801355,2.28144981962345,1756.54021811485,"OK",97,0.323,0.0515
64,"null","deer_like","array_rn",784,0,0.0848528023004353,0.0848528023004353,0.352500769233277,1,0,0.148593170819205,-0.06374036851877,0.115,0,0.660676111372582,0.808627180810806,2.3257845612853,1877.80215787888,"OK",97,0.347,0.0412
65,"null","deer_like","array_rn",785,0,0.00932923347096299,0.00932923347096299,0.29560886496142,1,0,0.080097257338328,-0.070768023867365,0.103,0,0.807463687176629,0.897101632090667,2.46140794468629,1844.98584771156,"OK",97,0.3386,0.0619
66,"null","deer_like","array_rn",786,0,-0.0959261783445812,-0.0959261783445812,0.319391509974767,1,0,-0.0516009031635964,-0.0443252751809848,0.1665,0,0.568175902145485,0.756540006598226,2.54395597546726,1465.9244081974,"OK",97,0.3168,0.0722
67,"null","deer_like","array_rn",787,0,0.0381521624830203,0.0381521624830203,0.317987456266165,1,0,0.103007130244661,-0.0648549677616408,0.11975,0,0.800230576996958,0.895073647848784,2.59980134938576,1442.16400790215,"OK",97,0.3406,0.0412
68,"null","deer_like","array_rn",788,0,-0.143087160905839,-0.143087160905839,0.328336537565608,1,0,-0.0364429716057751,-0.106644189300064,0.168875,0,0.747302509296921,0.860297114246347,2.09341973069379,2037.18241214752,"OK",97,0.3821,0.0825
69,"null","deer_like","array_rn",789,0,0.00481934832729035,0.00481934832729035,0.288647361708747,1,0,-0.131163646622432,0.135982994949723,0.07075,0,0.657901361730576,0.814036756001475,2.05537582802624,2089.67598390579,"OK",97,0.3178,0.0206
70,"null","deer_like","array_rn",790,0,-0.0986355168033824,-0.0986355168033824,0.360080126411261,1,0,0.00561977390275298,-0.104255290706135,0.104875,0,0.608508394418749,0.775005336800637,2.07892776428471,2286.90435886383,"OK",97,0.3149,0.0412
71,"null","deer_like","array_rn",791,0,0.0704891203209037,0.0704891203209037,0.430681388528589,1,0,-0.0253803344368734,0.0958694547577771,0.1265,0,0.802649291929178,0.891541656154787,1.88648901049334,1504.7024128437,"OK",97,0.3697,0.0722
72,"null","deer_like","array_rn",792,0,-0.0598293553829207,-0.0598293553829207,0.272719125226837,1,0,0.0488378365148814,-0.108667191897802,0.077625,0,0.573474280824233,0.765384540744047,1.8056598727352,2398.5048391819,"OK",97,0.304,0.0103
73,"null","deer_like","array_rn",793,0,-0.0580328662425859,-0.0580328662425859,0.344710450881601,1,0,-0.0414506617981656,-0.0165822044444203,0.146875,0,0.647604551313312,0.811363504046265,2.56530988741039,2492.96961426735,"OK",97,0.361,0.0412
74,"null","deer_like","array_rn",794,0,-0.0942852935914181,-0.0942852935914181,0.372409972139975,1,0,0.029629795188685,-0.123915088780103,0.1465,0,0.678948285233062,0.842016146247744,1.93489998378584,2477.86423492432,"OK",97,0.3414,0.0619
75,"null","deer_like","array_rn",795,0,-0.0157943595680512,-0.0157943595680512,0.323716663893661,1,0,0.166112037442966,-0.181906397011018,0.0765,0,0.513434158913562,0.730428496574744,2.60012574414409,2393.82470488548,"OK",97,0.368,0.0722
76,"null","deer_like","array_rn",796,0,-0.0286682458599412,-0.0286682458599412,0.322351138223786,1,0,0.130854144067899,-0.15952238992784,0.071,0,0.766408000901893,0.884720254613907,1.86349356263681,2545.29221892357,"OK",97,0.339,0.0103
77,"null","deer_like","array_rn",797,0,-0.105921956789549,-0.105921956789549,0.341811574089043,1,0,0.0106384190828111,-0.11656037587236,0.1095,0,0.77705092367131,0.878529565875526,2.6662180522157,2100.20647716522,"OK",97,0.3837,0.0619
78,"null","deer_like","array_rn",798,0,0.0758667479310024,0.0758667479310024,0.327124013270997,1,0,-0.000689721579612532,0.0765564695106149,0.147875,0,0.62739145850434,0.787134429156397,2.81244205717738,1891.94438052177,"OK",97,0.3356,0.0412
79,"null","deer_like","array_rn",799,0,-0.125400133823443,-0.125400133823443,0.363512558213416,1,0,-0.0710847093503342,-0.0543154244731092,0.184125,0,0.678867319435974,0.822774554134565,1.77747217390654,2517.48837757111,"OK",97,0.3383,0.0309
80,"null","deer_like","array_rn",800,0,0.00368241728312309,0.00368241728312309,0.302825303425492,1,0,-0.0511103216351765,0.0547927389182996,0.102625,0,0.642111508480963,0.789157561761338,2.57023268516859,1694.08862423897,"OK",97,0.3446,0.0515
81,"null","deer_like","array_rn",801,0,-0.0980634197352141,-0.0980634197352141,0.28002564851617,1,0,0.155903442568702,-0.253966862303917,0.02975,0,0.439334120357429,0.688791748335889,2.00678550920841,2102.54269266129,"OK",97,0.3382,0.0619
82,"null","deer_like","array_rn",802,0,-0.104451633119718,-0.104451633119718,0.408144759438374,1,0,-0.042184542330554,-0.0622670907891643,0.157625,0,0.50217127313322,0.722947272409711,2.96932177749893,2158.83972930908,"OK",97,0.329,0.0412
83,"null","deer_like","array_rn",803,0,-0.00893759916875655,-0.00893759916875655,0.405505553533777,1,0,0.0618838506848957,-0.0708214498536523,0.123125,0,0.782906781758321,0.879912282404083,1.64564725550449,2631.65674424171,"OK",97,0.3227,0.0515
84,"null","deer_like","array_rn",804,0,0.00570711918370645,0.00570711918370645,0.342941159470216,1,0,0.00748386967071116,-0.00177675048700471,0.113625,0,0.648193464878789,0.806084923053038,2.53213235105793,2221.58537507057,"OK",97,0.3282,0.0722
85,"null","deer_like","array_rn",805,0,0.190842382398685,0.190842382398685,0.307504142979158,0,1,0.0114587441101865,0.179383638288498,0.175375,0,0.582431925613672,0.748981156242116,2.44789007472986,1781.16137385368,"OK",97,0.3526,0.0412
86,"null","deer_like","array_rn",806,0,-0.0130339219020417,-0.0130339219020417,0.244296344927432,1,0,0.0518680274020591,-0.0649019493041008,0.106625,0,0.763592503872004,0.863921287042248,2.16290137882679,1465.73258638382,"OK",97,0.325,0.0309
87,"null","deer_like","array_rn",807,0,0.0215044028746297,0.0215044028746297,0.335751637495742,1,0,0.143704034176069,-0.122199631301439,0.091875,0,0.701960829385349,0.821940072580489,2.38612403724869,1956.56217837334,"OK",97,0.3446,0.0515
88,"null","deer_like","array_rn",808,0,0.0661440544743429,0.0661440544743429,0.266610199689898,1,0,-0.117741118254069,0.183885172728412,0.067875,0,0.574549566239888,0.759450988763609,3.71833095872123,2998.69790911674,"OK",97,0.3453,0.0515
89,"null","deer_like","array_rn",809,0,-0.0139028768981504,-0.0139028768981504,0.311367778924429,1,0,0.00698137510173971,-0.0208842519998901,0.108625,0,0.694271803703643,0.822100176599585,1.98224720626745,3026.75343060493,"OK",97,0.3294,0.0515
90,"null","deer_like","array_rn",810,0,0.0298989498045185,0.0298989498045185,0.353181554079079,1,0,0.0169143464942354,0.0129846033102831,0.109125,0,0.600103965148833,0.788764579169012,2.46359009220353,1677.17006063461,"OK",97,0.3442,0.0619
1,"null","intermediate","array_rn",901,0,-0.22297639342635,-0.22297639342635,0.651908374476035,1,0,-0.13822674286517,-0.08474965056118,0.263625,0,0.602017858095763,0.773035572202061,2.01084105983488,1706.54445004463,"OK",97,0.2219,0.0309
2,"null","intermediate","array_rn",902,0,0.015642371426986,0.015642371426986,0.52607452698564,1,0,-0.0265612228142778,0.0422035942412638,0.127375,0,0.468805381963722,0.691455297017214,2.5887736939318,1675.06650090218,"OK",97,0.225,0.0206
3,"null","intermediate","array_rn",903,0,0.00886443623141522,0.00886443623141522,0.548060049929761,1,0,-0.0202982925473829,0.0291627287787981,0.149875,0,0.661516626433029,0.807846067263095,3.21773135213853,1561.94654488564,"OK",97,0.2124,0.0309
4,"null","intermediate","array_rn",904,0,-0.166661641944319,-0.166661641944319,0.506331202837072,1,0,-0.119208927066375,-0.047452714877944,0.240875,0,0.674733847984704,0.81861670127501,3.41042956132184,1675.10570526123,"OK",97,0.2276,0.0103
5,"null","intermediate","array_rn",905,0,0.013127634624427,0.013127634624427,0.555076566935889,1,0,-0.10914489994987,0.122272534574297,0.138875,0,0.657776843355644,0.806293543441557,2.53003251269922,2434.82614660263,"OK",97,0.2381,0.0103
6,"null","intermediate","array_rn",906,0,0.086610704471549,0.086610704471549,0.530706220394157,1,0,-0.0458739420893906,0.13248464656094,0.128375,0,0.636385891356404,0.793106794232374,3.34821037436801,2615.74455785751,"OK",97,0.2261,0.0206
7,"null","intermediate","array_rn",907,0,-0.0344112282478643,-0.0344112282478643,0.538139755401853,1,0,-0.0424345944387681,0.0080233661909038,0.127,0,0.662515225969994,0.811285877855188,2.89506929386005,1465.43733215332,"OK",97,0.2631,0.0515
8,"null","intermediate","array_rn",908,0,-0.00829228043148241,-0.00829228043148241,0.587370725555806,1,0,0.226017178552149,-0.234309458983631,0.076625,0,0.260445922293321,0.576359913834928,3.00262196940392,1466.50002217293,"OK",97,0.2562,0.0515
9,"null","intermediate","array_rn",909,0,-0.0340663664633255,-0.0340663664633255,0.60050051119321,1,0,0.0694635855672853,-0.103529952030611,0.10575,0,0.531362817226309,0.729666789574803,1.91466861802165,1965.49149227142,"OK",97,0.2083,0.0206
10,"null","intermediate","array_rn",910,0,0.0118989710721953,0.0118989710721953,0.465988982074825,1,0,0.00425825911903102,0.00764071195316429,0.134375,0,0.667553266990751,0.803125424518232,3.11612464587219,1574.27666854858,"OK",97,0.2352,0.0309
11,"null","intermediate","array_rn",911,0,0.0554719833488071,0.0554719833488071,0.465014971062781,1,0,0.111655120382738,-0.0561831370339306,0.136125,0,0.635185638735422,0.780958295328844,2.79405195430122,1481.64173746109,"OK",97,0.2247,0
12,"null","intermediate","array_rn",912,0,0.00239949227758185,0.00239949227758185,0.395485245881082,1,0,-0.0197226038431301,0.0221220961207119,0.113375,0,0.493893862864714,0.717295115371926,2.65817810263406,1283.56468939781,"OK",97,0.2345,0.0206
13,"null","intermediate","array_rn",913,0,-0.107089956034356,-0.107089956034356,0.513680287813546,1,0,-0.134399187079448,0.0273092310450916,0.17925,0,0.454569603952221,0.698043819984863,2.88533400223672,2145.81032156944,"OK",97,0.2189,0.0206
14,"null","intermediate","array_rn",914,0,-0.102065153218542,-0.102065153218542,0.535341073846868,1,0,-0.0107537500090632,-0.0913114032094785,0.16125,0,-0.507328590831097,0.242368375089755,3.71652825333195,2173.32116556168,"OK",97,0.2657,0.0103
15,"null","intermediate","array_rn",915,0,0.0142229234024076,0.0142229234024076,0.461156795213933,1,0,-0.0765485800839046,0.0907715034863122,0.107875,0,-0.602503316255497,0.195690776067845,3.16639888259324,1920.96236515045,"OK",97,0.259,0.0206
16,"null","intermediate","array_rn",916,0,-0.0197645878682187,-0.0197645878682187,0.407817045796578,1,0,0.0323916797322573,-0.052156267600476,0.109125,0,0.685794744058235,0.826117331987813,2.79759110005885,2105.13571381569,"OK",97,0.2372,0.0309
17,"null","intermediate","array_rn",917,0,0.12441204258165,0.12441204258165,0.573228340808406,1,0,-0.0308977047826674,0.155309747364318,0.12075,0,0.450474074698875,0.684701818393526,2.69521004201382,1944.81797838211,"OK",97,0.2554,0.0309
18,"null","intermediate","array_rn",918,0,0.00592814139137077,0.00592814139137077,0.55602685218754,1,0,-0.0182304378194758,0.0241585792108466,0.12925,0,0.598659148052268,0.78465524267888,2.31173979540213,1480.31525278091,"OK",97,0.2614,0.0412
19,"null","intermediate","array_rn",919,0,-0.211962631964968,-0.211962631964968,0.484427874419653,1,0,-0.0132012540154796,-0.198761377949489,0.150125,0,0.532412679606094,0.738991635777911,2.87109943809269,2033.19619202614,"OK",97,0.2716,0.0206
20,"null","intermediate","array_rn",920,0,0.128993408916657,0.128993408916657,0.527550288394588,1,0,0.0952130296269297,0.0337803792897277,0.1645,0,0.164905768780182,0.537275126627724,2.47520262634954,1752.27234959602,"OK",97,0.229,0.0309
21,"null","intermediate","array_rn",921,0,0.0297424614044538,0.0297424614044538,0.549771004580377,1,0,-0.256967796632453,0.286710258036906,0.05025,0,0.641871752902454,0.779667759902191,2.39847222010225,1672.04713273048,"OK",97,0.2453,0.0103
22,"null","intermediate","array_rn",922,0,-0.0296303551487184,-0.0296303551487184,0.479239268344669,1,0,-0.00765682628552606,-0.0219735288631924,0.14675,0,0.343574889523204,0.631532729142813,3.75459239840506,1426.94868302345,"OK",97,0.2358,0.0412
23,"null","intermediate","array_rn",923,0,-0.0593513005877491,-0.0593513005877491,0.703010820868648,1,0,0.0432054212462378,-0.102556721833987,0.14725,0,0.625123454406454,0.780405208717421,2.7012854174981,2593.20907783508,"OK",97,0.2546,0.0103
24,"null","intermediate","array_rn",924,0,0.00312500590817676,0.00312500590817676,0.62047652113593,1,0,0.0123379097517478,-0.00921290384357107,0.128125,0,0.635591509648563,0.797201575811679,2.74518132932121,2584.15439558029,"OK",97,0.2268,0.0103
25,"null","intermediate","array_rn",925,0,-0.0963155153427899,-0.0963155153427899,0.524560015217096,1,0,-0.0258659199527367,-0.0704495953900532,0.1275,0,0.646056551315172,0.801044072269984,3.1738598094598,1479.1267747879,"OK",97,0.2441,0.0412
26,"null","intermediate","array_rn",926,0,-0.0585146593711683,-0.0585146593711683,0.407185113054232,1,0,0.0381086727461207,-0.096623332117289,0.09575,0,0.71257326374731,0.838823769139708,2.45003971834736,2660.49741196632,"OK",97,0.2064,0.0103
27,"null","intermediate","array_rn",927,0,-0.00362344416972465,-0.00362344416972465,0.439110688215957,1,0,-0.0798069967553761,0.0761835525856515,0.13825,0,0.516690663864554,0.733586912224184,3.39553210660326,1625.80981016159,"OK",97,0.2344,0.0309
28,"null","intermediate","array_rn",928,0,0.214391689419967,0.214391689419967,0.565676122982213,1,0,0.283180825678786,-0.0687891362588186,0.222375,0,0.247918040107708,0.581939296318578,3.0127268333393,1762.59952235222,"OK",97,0.228,0.0412
29,"null","intermediate","array_rn",929,0,0.0272295890025097,0.0272295890025097,0.45352488855041,1,0,0.0847439078371161,-0.0575143188346064,0.1255,0,0.736051004572989,0.864333676182344,3.31782479485074,2932.92733073235,"OK",97,0.2182,0.0103
30,"null","intermediate","array_rn",930,0,0.0955794221743499,0.0955794221743499,0.541012518690373,1,0,0.108521666549597,-0.0129422443752469,0.164625,0,0.708419081979304,0.839517553222457,2.46829697495586,2999.37860774994,"OK",97,0.2428,0.0515
31,"null","intermediate","array_rn",931,0,0.0874350470568616,0.0874350470568616,0.451444235153552,1,0,-0.0739351609297462,0.161370207986608,0.115,0,0.608629546565729,0.773137456577849,2.80897999377288,2033.66644024849,"OK",97,0.2506,0.0206
32,"null","intermediate","array_rn",932,0,-0.0325769615806836,-0.0325769615806836,0.47627132877714,1,0,0.1146228143431,-0.147199775923784,0.109125,0,0.55830681106374,0.737953385472258,3.13815405442064,2738.62938308716,"OK",97,0.2293,0.0206
33,"null","intermediate","array_rn",933,0,0.0221548053297772,0.0221548053297772,0.447897129090422,1,0,-0.11123232864387,0.133387133973647,0.0755,0,0.607127279178773,0.776878068660366,3.56206805846509,1518.0993001461,"OK",97,0.2292,0.0103
34,"null","intermediate","array_rn",934,0,-0.0616645194596289,-0.0616645194596289,0.524947852722694,1,0,0.0725968933146264,-0.134261412774255,0.104875,0,0.674278814113799,0.812164024141745,2.85532968373186,2525.47583556175,"OK",97,0.2277,0.0309
35,"null","intermediate","array_rn",935,0,0.146375768649532,0.146375768649532,0.508001363380428,1,0,0.00462598335730201,0.14174978529223,0.130375,0,0.598727514539019,0.770013002387005,2.49897266157283,2379.20475673676,"OK",97,0.247,0.0206
36,"null","intermediate","array_rn",936,0,0.00869666216224835,0.00869666216224835,0.55812919107239,1,0,0.0060666660502293,0.00262999611201905,0.137375,0,0.338652871159212,0.629461080168449,4.17455044242765,2458.9185218811,"OK",97,0.2344,0.0206
37,"null","intermediate","array_rn",937,0,0.0289817419720518,0.0289817419720518,0.46533430641362,1,0,0.214339260529098,-0.185357518557046,0.088,0,0.532873884894913,0.718794271187098,2.50830217826263,2374.01504421234,"OK",97,0.253,0.0103
38,"null","intermediate","array_rn",938,0,-0.0109089059247652,-0.0109089059247652,0.606089351080053,1,0,-0.157804567799987,0.146895661875221,0.118,0,-0.0215811118192479,0.525747637252809,3.83348488646845,1462.36555814743,"OK",97,0.2303,0.0412
39,"null","intermediate","array_rn",939,0,-0.0524853796407996,-0.0524853796407996,0.339288380560991,1,0,0.0795794604959429,-0.132064840136742,0.098625,0,0.438968884624573,0.684041995769373,2.34451134610369,1679.21314191818,"OK",97,0.2376,0
40,"null","intermediate","array_rn",940,0,-0.13247448655016,-0.13247448655016,0.47123615729583,1,0,0.00846737143921264,-0.140941857989373,0.146625,0,0.571309796250718,0.749194628267577,3.30072857666184,1833.05851340294,"OK",97,0.23,0.0206
41,"null","intermediate","array_rn",941,0,0.0714402613342731,0.0714402613342731,0.536788582483083,1,0,0.0166484392767549,0.0547918220575182,0.138625,0,0.718669726984647,0.824797686739506,3.06524438729585,1942.94050335884,"OK",97,0.2009,0.0309
42,"null","intermediate","array_rn",942,0,-0.00797771850200745,-0.00797771850200745,0.48155618218511,1,0,-0.037947699702864,0.0299699812008565,0.148,0,0.622952397673603,0.786144695220167,3.37161681938882,1380.30610656738,"OK",97,0.263,0.0412
43,"null","intermediate","array_rn",943,0,-0.0648825949177122,-0.0648825949177122,0.58783947655222,1,0,-0.00786390567979873,-0.0570186892379135,0.143125,0,0.570786508100659,0.756894176095014,2.31141403033049,1930.06675434113,"OK",97,0.2052,0.0103
44,"null","intermediate","array_rn",944,0,-0.123413968426052,-0.123413968426052,0.526554182107781,1,0,0.0837580695925319,-0.207172038018584,0.098,0,0.670098087233938,0.801354577034291,2.36462395259925,1711.26958990097,"OK",97,0.2253,0.0412
45,"null","intermediate","array_rn",945,0,0.0358021955669695,0.0358021955669695,0.56710896536144,1,0,0.0992567429468318,-0.0634545473798623,0.10825,0,0.59120218371375,0.758888198878302,3.07096462951332,2416.26335835457,"OK",97,0.2201,0.0412
46,"null","intermediate","array_rn",946,0,0.0780653269233017,0.0780653269233017,0.50717110857405,1,0,0.0367996301792318,0.0412656967440699,0.14975,0,-0.594965322001264,0.208431174678336,2.8433135668217,1419.87370443344,"OK",97,0.1834,0.0103
47,"null","intermediate","array_rn",947,0,0.00962909860354191,0.00962909860354191,0.633921241356386,1,0,-0.14866710401145,0.158296202614992,0.105125,0,0.2787861099881,0.589600031050476,2.9525973096777,2556.31302714348,"OK",97,0.2493,0.0206
48,"null","intermediate","array_rn",948,0,-0.132985043579599,-0.132985043579599,0.552385289156081,1,0,0.17085761035009,-0.303842653929689,0.057,0,0.406948987716746,0.659890547070582,2.46652706014427,1988.48201370239,"OK",97,0.2212,0.0206
49,"null","intermediate","array_rn",949,0,-0.118354389426807,-0.118354389426807,0.623955628691467,1,0,-0.376461573301251,0.258107183874444,0.102,0,0.609536921325178,0.777998796794038,2.59329073015801,2460.96249127388,"OK",97,0.2372,0.0103
50,"null","intermediate","array_rn",950,0,-0.053127089036445,-0.053127089036445,0.439141878161412,1,0,0.106011782029672,-0.159138871066117,0.0885,0,0.739058969693481,0.859845912010712,3.36069125878051,2017.23643660545,"OK",97,0.2412,0.0412
51,"null","intermediate","array_rn",951,0,0.171466653918969,0.171466653918969,0.60083599689116,1,0,0.00391406227009671,0.167552591648872,0.144625,0,-0.20035437724326,0.440387936889907,2.19084260683169,2252.76690626144,"OK",97,0.2236,0.0412
52,"null","intermediate","array_rn",952,0,0.0444257040404039,0.0444257040404039,0.60334061527156,1,0,0.0408419209153855,0.00358378312501835,0.1685,0,0.724627421482052,0.855042791437831,2.8267621125963,2039.02835440636,"OK",97,0.2375,0.0309
53,"null","intermediate","array_rn",953,0,0.0885883567955775,0.0885883567955775,0.435318104943527,1,0,0.00467409510374345,0.0839142616918341,0.12925,0,0.720740614391423,0.84335519804382,2.9414477997578,2162.66590356827,"OK",97,0.2805,0.0206
54,"null","intermediate","array_rn",954,0,0.187966020446224,0.187966020446224,0.614225328155065,1,0,-0.0914809122754931,0.279446932721717,0.0605,0,0.623259894582244,0.801931921830426,2.40924077929117,2429.92142772675,"OK",97,0.2436,0.0412
55,"null","intermediate","array_rn",955,0,0.0312414729981947,0.0312414729981947,0.509132874712829,1,0,0.079655524521981,-0.0484140515237863,0.120625,0,0.362412301145895,0.642376137708863,2.1191249730783,2432.57059764862,"OK",97,0.2235,0.0309
56,"null","intermediate","array_rn",956,0,0.0180655064620889,0.0180655064620889,0.495204162875653,1,0,-0.0581467868022952,0.0762122932643841,0.120875,0,0.510658543670083,0.739268179083623,2.91539014427133,2230.66565966606,"OK",97,0.2322,0
57,"null","intermediate","array_rn",957,0,0.00341224723203916,0.00341224723203916,0.538239507420797,1,0,-0.279778570910453,0.283190818142492,0.056,0,0.710758450109785,0.831842263579732,3.24752817646689,2428.70639848709,"OK",97,0.2531,0.0103
58,"null","intermediate","array_rn",958,0,0.0948935262344738,0.0948935262344738,0.47123577115856,1,0,0.00631538486373395,0.0885781413707398,0.138875,0,0.510858385402869,0.71968212074754,3.5015697363224,2572.20980715752,"OK",97,0.2468,0.0309
59,"null","intermediate","array_rn",959,0,-0.0258695560518545,-0.0258695560518545,0.590598572344226,1,0,-0.0251313626635427,-0.000738193388311799,0.14275,0,0.715353623769237,0.836388247394671,2.58001097281623,2137.1180896759,"OK",97,0.2363,0.0309
60,"null","intermediate","array_rn",960,0,-0.00134964017427707,-0.00134964017427707,0.417387699275226,1,0,-0.0099184246741863,0.00856878449990924,0.116875,0,0.343794559941596,0.635874944206175,2.78766142224201,2293.16878867149,"OK",97,0.2439,0.0103
61,"null","intermediate","array_rn",961,0,0.0676744834188637,0.0676744834188637,0.485513128503181,1,0,-0.0281445524180918,0.0958190358369555,0.121125,0,0.588477334393727,0.768814648062256,2.69882284168642,1991.06045389175,"OK",97,0.2555,0.0309
62,"null","intermediate","array_rn",962,0,-0.0188415945987625,-0.0188415945987625,0.593806836588185,1,0,0.0992170723351742,-0.118058666933937,0.126625,0,0.583759710185085,0.769901414737332,2.92751348974724,1586.64092850685,"OK",97,0.2492,0.0206
63,"null","intermediate","array_rn",963,0,-0.027136451696535,-0.027136451696535,0.419467553071561,1,0,-0.00616426885556095,-0.020972182840974,0.138,0,0.540250700948845,0.737836946185643,2.62040908494897,1703.87148928642,"OK",97,0.2214,0.0103
64,"null","intermediate","array_rn",964,0,-0.364217112543916,-0.364217112543916,0.662858270377308,0,1,-0.115933413930131,-0.248283698613784,0.222125,0,0.402284293435245,0.662515282656368,2.79602022646604,2068.61201715469,"OK",97,0.2371,0.0206
65,"null","intermediate","array_rn",965,0,-0.0709808138288491,-0.0709808138288491,0.570397369186748,1,0,0.0459935274860306,-0.11697434131488,0.113875,0,0.392133833785634,0.659871140522812,2.3467438774764,2227.21467995644,"OK",97,0.2359,0.0103
66,"null","intermediate","array_rn",966,0,-0.0421787413122588,-0.0421787413122588,0.611028296383386,1,0,-0.0806446671646333,0.0384659258523746,0.132625,0,0.671048950452603,0.815186593956801,2.60602356037034,2170.65301513672,"OK",97,0.2051,0.0206
67,"null","intermediate","array_rn",967,0,0.11836453004379,0.11836453004379,0.470906578815734,1,0,-0.0602165056799831,0.178581035723773,0.089625,0,0.737301285753208,0.858487453666867,3.5931717518071,1981.4294526577,"OK",97,0.2541,0.0412
68,"null","intermediate","array_rn",968,0,0.00935671502064362,0.00935671502064362,0.504485587896783,1,0,-0.00499812958931681,0.0143548446099604,0.153125,0,0.728536349499227,0.845436550292069,1.9402760678382,2426.38490176201,"OK",97,0.1968,0.0206
69,"null","intermediate","array_rn",969,0,0.213910535769285,0.213910535769285,0.465178936431116,1,0,0.0686239809446113,0.145286554824674,0.1775,0,0.596368910820238,0.780608977468998,3.06147493996267,2444.74523282051,"OK",97,0.2342,0.0103
70,"null","intermediate","array_rn",970,0,0.00790967205929912,0.00790967205929912,0.491895360139086,1,0,0.0375857460182843,-0.0296760739589852,0.138125,0,0.695969648934644,0.815623241281608,2.80087099788384,2425.73287367821,"OK",97,0.2359,0.0309
71,"null","intermediate","array_rn",971,0,-0.19516101853318,-0.19516101853318,0.515991008619024,1,0,0.160348075179789,-0.355509093712969,0.0485,0,0.435003788689561,0.688932445807215,3.05759019900871,1858.08024263382,"OK",97,0.2131,0.0309
72,"null","intermediate","array_rn",972,0,0.0499002561702292,0.0499002561702292,0.587912125079433,1,0,0.0828911921419783,-0.0329909359717491,0.116875,0,0.248325097215461,0.574686099089833,3.1558836712035,2717.37672734261,"OK",97,0.2391,0.0515
73,"null","intermediate","array_rn",973,0,-0.21142493670328,-0.21142493670328,0.528716170999045,1,0,-0.104698640624946,-0.106726296078334,0.222625,0,0.28620333680712,0.602059034718314,3.36086921553496,2457.89138865471,"OK",97,0.2415,0.0412
74,"null","intermediate","array_rn",974,0,0.154745170231842,0.154745170231842,0.559840786678791,1,0,0.181323901700364,-0.0265787314685217,0.204625,0,0.597577627100071,0.780434318539075,2.62920865730147,2325.01721262932,"OK",97,0.2342,0.0309
75,"null","intermediate","array_rn",975,0,-0.0938575831412937,-0.0938575831412937,0.39905621602116,1,0,0.281566762352432,-0.375424345493726,0.029125,0,0.765566363765461,0.889115837683634,3.05947407599885,2507.44117474556,"OK",97,0.2247,0.0206
76,"null","intermediate","array_rn",976,0,-0.152675872144894,-0.152675872144894,0.528324677083026,1,0,-0.0120185991129873,-0.140657273031907,0.140375,0,0.43949295822782,0.669826699528421,3.02001927119423,1765.81350016594,"OK",97,0.2255,0.0103
77,"null","intermediate","array_rn",977,0,-0.12304610029781,-0.12304610029781,0.470649118952577,1,0,0.156640943314102,-0.279687043611911,0.055375,0,0.684914587656231,0.820998855013682,2.89926127080544,1748.38412070274,"OK",97,0.215,0
78,"null","intermediate","array_rn",978,0,-0.0766496157779642,-0.0766496157779642,0.586551460874282,1,0,0.0420251287850858,-0.11867474456305,0.124875,0,-0.0311328637830051,0.518683653864814,2.50454358332431,2078.62813091278,"OK",97,0.2353,0.0309
79,"null","intermediate","array_rn",979,0,0.0739244363348671,0.0739244363348671,0.594129228204569,1,0,0.167752335612564,-0.0938278992776972,0.134625,0,0.503194237748698,0.709847852665489,2.35491196705645,2510.62163281441,"OK",97,0.2208,0.0412
80,"null","intermediate","array_rn",980,0,0.368100464859506,0.368100464859506,0.751895619542449,0,1,-0.0572970367639005,0.425397501623407,0.07475,0,0.73971838169008,0.860006016029808,2.77173633475471,2452.96517634392,"OK",97,0.2635,0.0619
81,"null","intermediate","array_rn",981,0,-0.0488289461187031,-0.0488289461187031,0.42876291789493,1,0,-0.0537610726946255,0.00493212657592236,0.135125,0,0.629293377297553,0.788124163092627,2.34012463310241,1518.97733187675,"OK",97,0.2345,0.0103
82,"null","intermediate","array_rn",982,0,0.0956645306991467,0.0956645306991467,0.564405712787692,1,0,-0.0324997392012099,0.128164269900357,0.11625,0,0.480861719731804,0.702948824933533,2.95392811388046,2375.74026989937,"OK",97,0.2236,0.0412
83,"null","intermediate","array_rn",983,0,-0.106330322643964,-0.106330322643964,0.480533694542816,1,0,-0.110898754316935,0.00456843167297057,0.165875,0,0.441129153398319,0.670505928700344,2.65289176271278,2217.02299594879,"OK",97,0.2298,0.0412
84,"null","intermediate","array_rn",984,0,0.213606437150001,0.213606437150001,0.600252957385707,1,0,-0.0315582961911849,0.245164733341186,0.128,0,0.498391127379717,0.714917813270197,2.56166696052976,2341.04604077339,"OK",97,0.2395,0.0206
85,"null","intermediate","array_rn",985,0,-0.0196504833795986,-0.0196504833795986,0.491178234215308,1,0,-0.0687992391550575,0.0491487557754589,0.143375,0,0.361116736184884,0.641303925944614,2.771396783426,2175.42481350899,"OK",97,0.2477,0.0515
86,"null","intermediate","array_rn",986,0,0.286425979998566,0.286425979998566,0.660881746009533,1,0,-0.013319053549367,0.299745033547933,0.119,0,0.614016441009973,0.783680063653477,1.99509410933194,2402.50394868851,"OK",97,0.2257,0
87,"null","intermediate","array_rn",987,0,-0.116206526881073,-0.116206526881073,0.484246428571067,1,0,-0.0101100655322876,-0.106096461348786,0.15125,0,-0.305301550947852,0.360195229870558,3.5230392585543,2391.20838093758,"OK",97,0.2121,0.0206
88,"null","intermediate","array_rn",988,0,0.217584813537308,0.217584813537308,0.561415990287651,1,0,0.0252677379155724,0.192317075621736,0.150625,0,0.401776521993082,0.662064080420734,2.55966611804595,2508.75963807106,"OK",97,0.2225,0.0309
89,"null","intermediate","array_rn",989,0,0.183591799461419,0.183591799461419,0.628879184497121,1,0,-0.0362427263075913,0.219834525769011,0.094625,0,0.743152815832851,0.864333676182344,2.63535425269139,1559.38936686516,"OK",97,0.2209,0.0412
90,"null","intermediate","array_rn",990,0,-0.358410722032146,-0.358410722032146,0.614378703108723,0,1,-0.0266440161259542,-0.331766705906192,0.131625,0,0.555236314251614,0.744760232102311,1.98790076634725,2428.37151575089,"OK",97,0.2235,0.0103
1,"null","bobcat_like","camera_rn",1621,0,0.0351414784632883,0.0351414784632883,0.888277536825501,1,0,0.235728588355,-0.200587109891712,0.128,0,-0.0729739070687373,0.410535814783908,1.59352517074709,2745.48670339584,"OK",NA,NA,NA
2,"null","bobcat_like","camera_rn",1622,0,0.164278133924948,0.164278133924948,0.793433251700871,1,0,-0.0857199225312709,0.249998056456219,0.104625,0,-0.234974813481717,0.407619980981583,1.55958120695302,3236.72146272659,"OK",NA,NA,NA
3,"null","bobcat_like","camera_rn",1623,0,-0.00184597775734831,-0.00184597775734831,0.654711030791322,1,0,0.0237953588419698,-0.0256413365993182,0.149875,0,0.608296738828816,0.792505191251528,0.990017610961214,2882.51682496071,"OK",NA,NA,NA
4,"null","bobcat_like","camera_rn",1624,0,-0.0281219559580505,-0.0281219559580505,0.783755960942075,1,0,0.0688082220142138,-0.0969301779722643,0.140375,0,0.580488313682818,0.754138446311786,0.95723423230868,2741.59009170532,"OK",NA,NA,NA
5,"null","bobcat_like","camera_rn",1625,0,-0.224824969704213,-0.224824969704213,0.911248400281049,1,0,0.0228371818345838,-0.247662151538797,0.10725,0,0.536146227146939,0.769784975450717,1.04170894086053,2549.6042304039,"OK",NA,NA,NA
6,"null","bobcat_like","camera_rn",1626,0,0.0190266093474046,0.0190266093474046,0.892780058214764,1,0,-0.175104102959229,0.194130712306633,0.126625,0,0.326761029730413,0.613115915309826,1.12135387873255,2344.73404169083,"OK",NA,NA,NA
7,"null","bobcat_like","camera_rn",1627,0,-0.121666730751143,-0.121666730751143,0.848660121224679,1,0,-0.176435862156108,0.0547691314049651,0.199375,0,-0.326777492188067,0.34154553746434,1.41165592970426,2471.49086737633,"OK",NA,NA,NA
8,"null","bobcat_like","camera_rn",1628,0,-0.119168542002667,-0.119168542002667,1.02756616505597,1,0,-0.426672538732624,0.307503996729957,0.11525,0,0.148883373297673,0.514355993712278,1.23583014723025,2274.74367284775,"OK",NA,NA,NA
9,"null","bobcat_like","camera_rn",1629,0,0.0472868777015384,0.0472868777015384,0.641484843028663,1,0,-0.0692984638717899,0.116585341573328,0.10625,0,0.434213686900117,0.698106891265113,1.08970252529194,2766.55226254463,"OK",NA,NA,NA
10,"null","bobcat_like","camera_rn",1630,0,-0.0787859199874279,-0.0787859199874279,0.802557872703808,1,0,-0.0928372930997644,0.0140513731123366,0.16375,0,0.549449143244493,0.744110112752043,1.01280128021382,2550.43123674393,"OK",NA,NA,NA
11,"null","bobcat_like","camera_rn",1631,0,0.0970651243670669,0.0970651243670669,0.633853362789176,1,0,-0.0630293610073248,0.160094485374392,0.115,0,0.172278657568169,0.541282578742068,1.19447166287566,2681.88121819496,"OK",NA,NA,NA
12,"null","bobcat_like","camera_rn",1632,0,-0.0808608822905434,-0.0808608822905434,0.945007188743407,1,0,-0.051963237682236,-0.0288976446083074,0.15075,0,0.73934032223169,0.863305129150575,0.9019680847663,2467.77743673325,"OK",NA,NA,NA
13,"null","bobcat_like","camera_rn",1633,0,0.297978155359239,0.297978155359239,0.840256789435418,1,0,-0.215378761707072,0.513356917066311,0.03825,0,0.481947809136222,0.72260765782375,1.12428205599244,2759.31292867661,"OK",NA,NA,NA
14,"null","bobcat_like","camera_rn",1634,0,-0.12761869189857,-0.12761869189857,0.8732321368274,1,0,-0.107319332149984,-0.0202993597485854,0.177625,0,0.38964765002745,0.643176657804343,1.23368735712071,2600.01462721825,"OK",NA,NA,NA
15,"null","bobcat_like","camera_rn",1635,0,0.0763279233960715,0.0763279233960715,1.09647444955361,1,0,-0.135922962970341,0.212250886366412,0.100375,0,0.298055697190933,0.612849075277999,1.14144492686486,2610.66341662407,"OK",NA,NA,NA
16,"null","bobcat_like","camera_rn",1636,0,-0.180037521706086,-0.180037521706086,0.833311998350246,1,0,-0.143640998248967,-0.0363965234571191,0.202375,0,0.437048339370022,0.667289293407596,1.45149979716397,2514.74553442001,"OK",NA,NA,NA
17,"null","bobcat_like","camera_rn",1637,0,-0.117390730813135,-0.117390730813135,0.903331727743678,1,0,-0.108919460292864,-0.0084712705202701,0.17925,0,0.409967019461783,0.699761299462439,1.08835539716785,2729.77008008957,"OK",NA,NA,NA
18,"null","bobcat_like","camera_rn",1638,0,-0.278476532052747,-0.278476532052747,0.845062562796168,1,0,-0.00331987351334919,-0.275156658539397,0.118375,0,-0.385360822848455,0.310941411632285,1.71750117483363,2762.44506716728,"OK",NA,NA,NA
19,"null","bobcat_like","camera_rn",1639,0,-0.308613670832109,-0.308613670832109,0.697699216325695,1,0,-0.0981391484760181,-0.210474522356091,0.2195,0,0.683405860317538,0.833419045585981,0.941142649497674,2628.06094932556,"OK",NA,NA,NA
20,"null","bobcat_like","camera_rn",1640,0,0.180406664095223,0.180406664095223,0.889176596308654,1,0,0.00692662167548,0.173480042419743,0.18425,0,0.487082941788926,0.743309592656562,1.32819797819298,2635.53798055649,"OK",NA,NA,NA
21,"null","bobcat_like","camera_rn",1641,0,0.0289776224080385,0.0289776224080385,0.693718802151377,1,0,0.0821102378934822,-0.0531326154854438,0.132625,0,0.248513974662915,0.578130761318869,1.17286071876331,2897.71822524071,"OK",NA,NA,NA
22,"null","bobcat_like","camera_rn",1642,0,-0.0221835493461749,-0.0221835493461749,0.618199404417182,1,0,0.0497473212946436,-0.0719308706408185,0.146875,0,0.60053668573731,0.768901977527218,1.10822687795704,2854.61038160324,"OK",NA,NA,NA
23,"null","bobcat_like","camera_rn",1643,0,-0.0846903354776514,-0.0846903354776514,0.60333944984733,1,0,-0.198574124189479,0.113883788711828,0.151375,0,0.506997562386102,0.712424071881853,1.26670633150583,2688.98458409309,"OK",NA,NA,NA
24,"null","bobcat_like","camera_rn",1644,0,-0.338730543701913,-0.338730543701913,0.680770706854339,0,1,-0.0115756908698418,-0.327154852832072,0.140375,0,0.381681760111472,0.630111199518718,1.13644803596812,2227.53345417976,"OK",NA,NA,NA
25,"null","bobcat_like","camera_rn",1645,0,-0.191002301356469,-0.191002301356469,0.900692520749758,1,0,-0.117932881982653,-0.0730694193738157,0.201125,0,0.394860991376253,0.673785635273341,1.17766209070045,1909.55458807945,"OK",NA,NA,NA
26,"null","bobcat_like","camera_rn",1646,0,0.322367159216452,0.322367159216452,0.783427755551869,1,0,0.0696615074345783,0.252705651781873,0.18525,0,0.657616899438925,0.801218731199907,0.987444392134174,2510.93401074409,"OK",NA,NA,NA
27,"null","bobcat_like","camera_rn",1647,0,-0.0843624199949609,-0.0843624199949609,0.660847550532103,1,0,-0.00480339108259001,-0.0795590289123709,0.158,0,0.453086363768025,0.701731064061014,1.2021482794694,2648.70184373856,"OK",NA,NA,NA
28,"null","bobcat_like","camera_rn",1648,0,-0.282128127753912,-0.282128127753912,0.743756996272312,1,0,-0.305517839851162,0.0233897120972498,0.255875,0,0.395753170020945,0.661535251994023,1.16392183084013,2709.90099096298,"OK",NA,NA,NA
29,"null","bobcat_like","camera_rn",1649,0,0.150894369588372,0.150894369588372,0.67815243197937,1,0,0.168026140378837,-0.017131770790465,0.19925,0,0.470081967810942,0.726003803683363,1.18418936068106,2638.54007458687,"OK",NA,NA,NA
30,"null","bobcat_like","camera_rn",1650,0,0.0111865904995296,0.0111865904995296,0.739148793346257,1,0,-0.0559844297165222,0.0671710202160518,0.13975,0,0.671184577379779,0.842185953540725,1.00506473775246,2819.0571243763,"OK",NA,NA,NA
31,"null","bobcat_like","camera_rn",1651,0,-0.185865743489088,-0.185865743489088,0.948832804305056,1,0,-0.128053712228624,-0.0578120312604645,0.1995,0,0.392800106475393,0.658430204350948,1.08379615705789,2892.36537504196,"OK",NA,NA,NA
32,"null","bobcat_like","camera_rn",1652,0,0.297661633981089,0.297661633981089,1.12859270617562,1,0,-0.0800084758106064,0.377670109791696,0.09575,0,0.0949292312287147,0.600487104349007,1.31803016972125,2674.45366382599,"OK",NA,NA,NA
33,"null","bobcat_like","camera_rn",1653,0,-0.126764578143709,-0.126764578143709,0.633063380717643,1,0,0.0485631877249933,-0.175327765868702,0.109875,0,0.507095904331289,0.70325932969784,1.20493972743148,2605.41730237007,"OK",NA,NA,NA
34,"null","bobcat_like","camera_rn",1654,0,0.0316747781919558,0.0316747781919558,0.891190852948,1,0,-0.163987163738492,0.195661941930448,0.10575,0,0.581563214386707,0.766155951017873,1.05299535049917,2694.91480898857,"OK",NA,NA,NA
35,"null","bobcat_like","camera_rn",1655,0,0.00619966277845404,0.00619966277845404,0.581442245173094,1,0,-0.227860271928951,0.234059934707405,0.0765,0,0.561892372811926,0.764496691183605,1.37535711118599,2972.5302259922,"OK",NA,NA,NA
36,"null","bobcat_like","camera_rn",1656,0,0.230434469671194,0.230434469671194,0.866075130033219,1,0,-0.137869838640126,0.36830430831132,0.049875,0,0.618223280200952,0.777581556017,1.19364118852946,2703.70666384697,"OK",NA,NA,NA
37,"null","bobcat_like","camera_rn",1657,0,0.0425786988757291,0.0425786988757291,0.872709224426348,1,0,-0.202922468405799,0.245501167281528,0.10575,0,-0.557691897394743,0.21372431058239,1.80645459867971,2665.97207021713,"OK",NA,NA,NA
38,"null","bobcat_like","camera_rn",1658,0,-0.110102628481025,-0.110102628481025,0.627459485590238,1,0,-0.00130131421692762,-0.108801314264097,0.17425,0,-0.384951585707362,0.308146868753517,1.58047947831278,2602.76581764221,"OK",NA,NA,NA
39,"null","bobcat_like","camera_rn",1659,0,-0.190932283267685,-0.190932283267685,0.863383431013842,1,0,-0.255605535962706,0.0646732526950212,0.212125,0,0.560198374698584,0.745648081662753,1.17803217246686,2867.49134802818,"OK",NA,NA,NA
40,"null","bobcat_like","camera_rn",1660,0,-0.586535558834799,-0.586535558834799,1.12896167945835,0,1,-0.0788795225104654,-0.507656036324333,0.1235,0,0.530838919949288,0.731675367268917,1.08234723778385,2640.11822462082,"OK",NA,NA,NA
41,"null","bobcat_like","camera_rn",1661,0,0.205368549727044,0.205368549727044,1.14383278128483,1,0,-0.0402466958957254,0.245615245622769,0.12625,0,0.720995501966062,0.836271808108056,0.863503930635038,2760.83428812027,"OK",NA,NA,NA
42,"null","bobcat_like","camera_rn",1662,0,-0.0112069250653168,-0.0112069250653168,0.726867930591063,1,0,-0.13319588977966,0.121988964714344,0.121,0,0.694328468540845,0.833263793203827,1.11803676713266,2769.97185635567,"OK",NA,NA,NA
43,"null","bobcat_like","camera_rn",1663,0,0.381635219803054,0.381635219803054,0.889767507745138,0,1,0.012629849419903,0.369005370383151,0.11575,0,0.655959400854384,0.822333055172815,1.1639332291734,2299.23582196236,"OK",NA,NA,NA
44,"null","bobcat_like","camera_rn",1664,0,-0.0515785235816823,-0.0515785235816823,0.92675930594893,1,0,-0.134261162287774,0.0826826387060916,0.156875,0,0.514672642266291,0.749781676337596,1.1020600743307,2859.76484203339,"OK",NA,NA,NA
45,"null","bobcat_like","camera_rn",1665,0,-0.333347901031932,-0.333347901031932,0.711340665566458,0,1,-0.200510025628728,-0.132837875403203,0.297875,0,0.628469100279562,0.802659667371771,1.12951799536106,2965.96642065048,"OK",NA,NA,NA
46,"null","bobcat_like","camera_rn",1666,0,0.285236079623239,0.285236079623239,1.11755529495233,1,0,0.098057824196867,0.187178255426372,0.210375,0,-0.222865593875466,0.337639969725785,1.27673663682581,2853.0609433651,"OK",NA,NA,NA
47,"null","bobcat_like","camera_rn",1667,0,-0.126609792097699,-0.126609792097699,0.571954277086203,1,0,0.00333726631361201,-0.129947058411311,0.155875,0,0.5562941754302,0.761813735954511,1.0939398096489,2795.62843799591,"OK",NA,NA,NA
48,"null","bobcat_like","camera_rn",1668,0,-0.130604722804039,-0.130604722804039,0.566495284133201,1,0,-0.081723606549908,-0.0488811162541313,0.15975,0,0.711504598579962,0.851661200489045,1.19331937410173,2863.26920676231,"OK",NA,NA,NA
49,"null","bobcat_like","camera_rn",1669,0,-0.00993812175748218,-0.00993812175748218,0.65786857718227,1,0,0.0176451040846184,-0.0275832258421006,0.1645,0,0.533166522311591,0.723024898600788,1.25747632524,2812.57381796837,"OK",NA,NA,NA
50,"null","bobcat_like","camera_rn",1670,0,0.119408740648559,0.119408740648559,0.672641463623643,1,0,0.07192322432327,0.0474855163252889,0.168875,0,0.3926129922902,0.663257583108541,1.15525493806239,2705.6064658165,"OK",NA,NA,NA
51,"null","bobcat_like","camera_rn",1671,0,-0.119926487603196,-0.119926487603196,0.662533996707009,1,0,-0.0404028524541983,-0.0795236351489979,0.14025,0,0.424414629389443,0.680223757495779,1.22845212125769,2579.63628339767,"OK",NA,NA,NA
52,"null","bobcat_like","camera_rn",1672,0,-0.113839835078863,-0.113839835078863,0.783596322186829,1,0,0.000549980155418118,-0.114389815234281,0.14925,0,-0.24632833094227,0.397310252479186,1.56341184755927,2417.48108911514,"OK",NA,NA,NA
53,"null","bobcat_like","camera_rn",1673,0,-0.14508356509395,-0.14508356509395,0.771921073059313,1,0,0.0812933735770434,-0.226376938670994,0.103625,0,-0.222207576459019,0.394632148887034,1.3596170088176,2390.82098650932,"OK",NA,NA,NA
54,"null","bobcat_like","camera_rn",1674,0,-0.865374557013715,-0.865374557013715,1.42224157523412,0,1,0.0690064243096465,-0.934380981323361,0.025,0,0.242389956445338,0.570601020784413,1.2137196230817,2797.59605097771,"OK",NA,NA,NA
55,"null","bobcat_like","camera_rn",1675,0,0.0397962197511291,0.0397962197511291,0.812000547845967,1,0,0.189830255165011,-0.150034035413882,0.151625,0,0.414646621324217,0.654447010421316,1.07547820480029,2654.46483111382,"OK",NA,NA,NA
56,"null","bobcat_like","camera_rn",1676,0,0.155827641096439,0.155827641096439,0.50303705672434,1,0,0.146109471344156,0.00971816975228296,0.18975,0,0.455357413500725,0.685982650546294,1.14276691661364,2271.18958616257,"OK",NA,NA,NA
57,"null","bobcat_like","camera_rn",1677,0,-0.0865654110600622,-0.0865654110600622,0.869879672162513,1,0,-0.0811385435375803,-0.00542686752248195,0.17375,0,-0.256782312145605,0.395684954103515,1.48742888085901,2300.54145145416,"OK",NA,NA,NA
58,"null","bobcat_like","camera_rn",1678,0,-0.0987247451520011,-0.0987247451520011,1.0735947371609,1,0,-0.143029800906369,0.0443050557543681,0.178125,0,0.565419618668248,0.767674513380815,1.01827422108067,2220.61586737633,"OK",NA,NA,NA
59,"null","bobcat_like","camera_rn",1679,0,0.122088119797219,0.122088119797219,0.619941141416229,1,0,-0.145595192880662,0.267683312677882,0.053875,0,0.306914759590331,0.604635253934678,1.32958121623459,2321.76468610764,"OK",NA,NA,NA
60,"null","bobcat_like","camera_rn",1680,0,-0.0115642490887416,-0.0115642490887416,0.678977336569266,1,0,0.0101713851773033,-0.0217356342660449,0.13625,0,0.750704707799632,0.865832831997516,1.01598023120746,2623.29915213585,"OK",NA,NA,NA
61,"null","bobcat_like","camera_rn",1681,0,-0.182585859597942,-0.182585859597942,0.765257880967244,1,0,-0.0307436827784698,-0.151842176819472,0.164125,0,0.584452912698465,0.754288847056997,1.01803589540051,2756.37484955788,"OK",NA,NA,NA
62,"null","bobcat_like","camera_rn",1682,0,-0.126771096907237,-0.126771096907237,0.663516441530096,1,0,-0.0986507011921071,-0.0281203957151299,0.191875,0,0.252740578420873,0.586999553649401,1.22722525718771,2693.50688099861,"OK",NA,NA,NA
63,"null","bobcat_like","camera_rn",1683,0,0.149990885854586,0.149990885854586,0.709008530890601,1,0,-0.0627298422426264,0.212720728097212,0.091625,0,0.042747857007189,0.47062818995129,1.30185541225544,2631.81773090363,"OK",NA,NA,NA
64,"null","bobcat_like","camera_rn",1684,0,-0.0941950470467092,-0.0941950470467092,0.498880766111793,1,0,-0.0999741762270318,0.00577912918032265,0.143875,0,0.485209732111252,0.712079605658949,1.1208962340199,2869.94323039055,"OK",NA,NA,NA
65,"null","bobcat_like","camera_rn",1685,0,-0.422486013882415,-0.422486013882415,0.81441852382727,0,1,-0.108118854372923,-0.314367159509491,0.187375,0,0.32109980373769,0.615197267558074,1.14168161964666,2658.8916323185,"OK",NA,NA,NA
66,"null","bobcat_like","camera_rn",1686,0,-0.657270521835174,-0.657270521835174,1.26548225868696,0,1,-0.527856617091541,-0.129413904743633,0.443,0,0.303311917871989,0.610816239399173,1.16631114677191,2017.08699774742,"OK",NA,NA,NA
67,"null","bobcat_like","camera_rn",1687,0,-0.165519030549503,-0.165519030549503,0.94715705270785,1,0,-0.410105562569027,0.244586532019525,0.1545,0,-0.151111367371893,0.470492344116905,1.51594393741644,1832.99808311462,"OK",NA,NA,NA
68,"null","bobcat_like","camera_rn",1688,0,-0.0574137292894613,-0.0574137292894613,0.718319123536626,1,0,0.0603671775334282,-0.117780906822889,0.1415,0,-0.298361302600057,0.37670535038522,1.59055159560684,2082.23898673058,"OK",NA,NA,NA
69,"null","bobcat_like","camera_rn",1689,0,-0.137723339189255,-0.137723339189255,0.941992741583077,1,0,0.0604316400887411,-0.198154979277996,0.12,0,0.338087184566608,0.623202468512876,1.11318149647632,1910.18198943138,"OK",NA,NA,NA
70,"null","bobcat_like","camera_rn",1690,0,-0.169196331344578,-0.169196331344578,0.652305391624503,1,0,-0.0819160656715473,-0.0872802656730309,0.2015,0,0.288507359544099,0.60977798909352,1.31465408500522,2189.46516036987,"OK",NA,NA,NA
71,"null","bobcat_like","camera_rn",1691,0,0.256837627109063,0.256837627109063,0.733825194104955,1,0,-0.0426525500430395,0.299490177152102,0.11025,0,0.340767535559029,0.637150924722001,1.13511998241541,2137.02083468437,"OK",NA,NA,NA
72,"null","bobcat_like","camera_rn",1692,0,0.244448135565145,0.244448135565145,0.776049415468273,1,0,-0.0635379030484556,0.3079860386136,0.079625,0,0.194390286912745,0.557545265772672,1.29888158647508,1577.81830883026,"OK",NA,NA,NA
73,"null","bobcat_like","camera_rn",1693,0,-0.0529488414441495,-0.0529488414441495,0.865522519258241,1,0,-0.0300302237509707,-0.0229186176931788,0.16,0,0.58863601196755,0.771162840342332,1.07652798757269,1571.10109043121,"OK",NA,NA,NA
74,"null","bobcat_like","camera_rn",1694,0,0.102436116699613,0.102436116699613,0.823318973959082,1,0,-0.0982162636194657,0.200652380319078,0.103,0,0.675445035773145,0.813449707931456,0.933468082468633,2259.630464077,"OK",NA,NA,NA
75,"null","bobcat_like","camera_rn",1695,0,-0.383656851050867,-0.383656851050867,0.830206122947522,0,1,-0.0699114724330547,-0.313745378617812,0.163375,0,0.468466835609633,0.70622853150653,1.12374157668685,2221.24626398087,"OK",NA,NA,NA
76,"null","bobcat_like","camera_rn",1696,0,-0.170717680552739,-0.170717680552739,0.630350119753733,1,0,-0.169739281667308,-0.000978398885431205,0.232625,0,0.475995308247658,0.693609423819597,1.11603761618258,1910.846773386,"OK",NA,NA,NA
77,"null","bobcat_like","camera_rn",1697,0,-0.152029173490717,-0.152029173490717,0.846125382332129,1,0,0.215734991594347,-0.367764165085064,0.0565,0,0.424518918337346,0.685167575539987,1.21295497203367,2089.15356469154,"OK",NA,NA,NA
78,"null","bobcat_like","camera_rn",1698,0,0.103859828645221,0.103859828645221,0.564566759545529,1,0,0.0798981470124829,0.0239616816327376,0.1555,0,0.638637288729723,0.786527974538609,0.978563678630914,2085.42671990395,"OK",NA,NA,NA
79,"null","bobcat_like","camera_rn",1699,0,0.192413362189937,0.192413362189937,0.784388953455057,1,0,0.0668897888346934,0.125523573355243,0.18175,0,0.468492915861437,0.688423023928273,1.15975863495125,2092.33856463432,"OK",NA,NA,NA
80,"null","bobcat_like","camera_rn",1700,0,-0.0204036685067328,-0.0204036685067328,0.774315513263123,1,0,0.0168154928832245,-0.0372191613899573,0.1425,0,0.488446248080068,0.696447631430845,1.04143669893392,1914.02719736099,"OK",NA,NA,NA
81,"null","bobcat_like","camera_rn",1701,0,0.0393472364988631,0.0393472364988631,1.01854677103548,1,0,-0.132775555657188,0.172122792156051,0.124375,0,-0.169237943858595,0.430558520444798,1.3736107976318,2086.04668998718,"OK",NA,NA,NA
82,"null","bobcat_like","camera_rn",1702,0,-0.148784613194986,-0.148784613194986,0.957030329312707,1,0,-0.293059601742152,0.144274988547166,0.183625,0,0.354953365159576,0.638033922645501,1.16313504631985,2077.87944555283,"OK",NA,NA,NA
83,"null","bobcat_like","camera_rn",1703,0,0.0818029228723626,0.0818029228723626,0.923730492527377,1,0,0.163897667926985,-0.0820947450546221,0.168875,0,0.635742204453241,0.788458926041646,1.08674202629109,2102.64656448364,"OK",NA,NA,NA
84,"null","bobcat_like","camera_rn",1704,0,0.0881811743998386,0.0881811743998386,0.87945862172999,1,0,-0.0816367148749044,0.169817889274743,0.10825,0,0.026914114556937,0.552674222282598,1.52475067406424,2043.49678874016,"OK",NA,NA,NA
85,"null","bobcat_like","camera_rn",1705,0,-0.148472547894406,-0.148472547894406,0.563070101287357,1,0,-0.0327747419910906,-0.115697805903315,0.151375,0,0.354771444583224,0.617492091831784,1.23223961384303,2041.00827503204,"OK",NA,NA,NA
86,"null","bobcat_like","camera_rn",1706,0,0.258668930969486,0.258668930969486,0.894959346335303,1,0,0.0679282339284644,0.190740697041022,0.194125,0,0.426210624209748,0.69222670729104,1.10967081081263,2041.78230476379,"OK",NA,NA,NA
87,"null","bobcat_like","camera_rn",1707,0,-0.256240088501389,-0.256240088501389,0.924797624776607,1,0,-0.18557060923372,-0.0706694792676692,0.230625,0,0.519011293326099,0.756113062547303,1.09610626328129,1918.11075663567,"OK",NA,NA,NA
88,"null","bobcat_like","camera_rn",1708,0,0.00949519391308097,0.00949519391308097,0.655696800545743,1,0,0.0274545446504425,-0.0179593507373615,0.13675,0,0.537581474538325,0.728429622154515,1.11016734697462,2309.31376624107,"OK",NA,NA,NA
89,"null","bobcat_like","camera_rn",1709,0,-0.0494800586529455,-0.0494800586529455,0.647338189635109,1,0,-0.029875820318155,-0.0196042383347905,0.152,0,0.306142835431832,0.61857885850686,1.35241333160318,2301.13044333458,"OK",NA,NA,NA
90,"null","bobcat_like","camera_rn",1710,0,-0.11450462749307,-0.11450462749307,0.780223520838154,1,0,0.0307370829555419,-0.145241710448612,0.122375,0,0.646105842510192,0.795319140678065,0.951438629474561,2172.19990229607,"OK",NA,NA,NA
1,"null","deer_like","camera_rn",1801,0,-0.0208096668585547,-0.0208096668585547,0.223719752312245,1,0,0.0172581673555481,-0.0380678342141028,0.09875,0,0.675109102253133,0.81966950649149,1.05054128492163,2201.38187980652,"OK",NA,NA,NA
2,"null","deer_like","camera_rn",1802,0,-0.0391055245781973,-0.0391055245781973,0.197439907404518,1,0,0.0238986878604631,-0.0630042124386604,0.098625,0,0.786238321533342,0.898853073026839,0.987655410205451,2835.75637173653,"OK",NA,NA,NA
3,"null","deer_like","camera_rn",1803,0,-0.00889954898624272,-0.00889954898624272,0.272702325631641,1,0,0.0633833731454728,-0.0722829221317155,0.093125,0,0.688382571870931,0.826849929166101,1.046603131477,2846.81849765778,"OK",NA,NA,NA
4,"null","deer_like","camera_rn",1804,0,0.0778112615981861,0.0778112615981861,0.245211708908456,1,0,0.0391967427883871,0.038614518809799,0.158875,0,0.737673253941969,0.853553338896544,0.970385411404787,2897.46700358391,"OK",NA,NA,NA
5,"null","deer_like","camera_rn",1805,0,0.0706908023439132,0.0706908023439132,0.237560524624171,1,0,0.0981741243102079,-0.0274833219662947,0.151,0,0.63511291218199,0.810781307613189,1.08066935507008,3015.68263244629,"OK",NA,NA,NA
6,"null","deer_like","camera_rn",1806,0,-0.0599563271093256,-0.0599563271093256,0.263846489128938,1,0,-0.0977936269655847,0.037837299856259,0.1415,0,0.724306427602287,0.828708106115003,0.92977804570651,2489.76113581657,"OK",NA,NA,NA
7,"null","deer_like","camera_rn",1807,0,0.114107202726718,0.114107202726718,0.241433497515168,0,1,0.0518250238152412,0.0622821789114768,0.200875,0,0.747350870771839,0.862994624386268,0.89608160783493,3151.87540841103,"OK",NA,NA,NA
8,"null","deer_like","camera_rn",1808,0,0.00320760065062301,0.00320760065062301,0.260880445936038,1,0,-0.0361433541506891,0.0393509548013121,0.1005,0,0.643903063086302,0.798691028352966,0.991852765796722,2949.53091430664,"OK",NA,NA,NA
9,"null","deer_like","camera_rn",1809,0,-0.05430332962808,-0.05430332962808,0.297062415898617,1,0,-0.105661455017829,0.0513581253897486,0.151875,0,0.791100116476296,0.882449688524908,0.795069279183773,2802.69609332085,"OK",NA,NA,NA
10,"null","deer_like","camera_rn",1810,0,-0.087704406804577,-0.087704406804577,0.282278211693365,1,0,-0.0976748950671242,0.00997048826254722,0.2035,0,0.758221398639823,0.859365599953424,1.04799732384218,2652.6909160614,"OK",NA,NA,NA
11,"null","deer_like","camera_rn",1811,0,-0.0484287673730562,-0.0484287673730562,0.26927370070806,1,0,-0.0394850981530628,-0.00894366921999338,0.11725,0,0.794974324256588,0.883672301034369,0.834207106179609,2693.20886445045,"OK",NA,NA,NA
12,"null","deer_like","camera_rn",1812,0,0.0182201919296701,0.0182201919296701,0.194095291197966,1,0,0.00596191572120759,0.0122582762084625,0.10425,0,0.648802271248501,0.79568786508568,1.09645400591402,2740.63760566711,"OK",NA,NA,NA
13,"null","deer_like","camera_rn",1813,0,0.0162388026799227,0.0162388026799227,0.213018212697372,1,0,0.00741863592673513,0.00882016675318753,0.14025,0,0.700039482647953,0.829552290942964,1.01648297219732,1622.04579210281,"OK",NA,NA,NA
14,"null","deer_like","camera_rn",1814,0,-0.0979374393731978,-0.0979374393731978,0.200498497360503,1,0,-0.007499951461484,-0.0904374879117138,0.173625,0,0.620031714035024,0.774835529507656,1.02477297143651,1749.0660803318,"OK",NA,NA,NA
15,"null","deer_like","camera_rn",1815,0,-0.0144894657346183,-0.0144894657346183,0.210554882692909,1,0,-0.0399619457729741,0.0254724800383557,0.105125,0,0.770200617728477,0.883051291505754,0.95428266574512,1845.06100106239,"OK",NA,NA,NA
16,"null","deer_like","camera_rn",1816,0,-0.118199927181052,-0.118199927181052,0.318989451460963,1,0,-0.00653101743861893,-0.111668909742433,0.149625,0,0.804997011510913,0.88700052397679,0.882843303342876,1949.02269244194,"OK",NA,NA,NA
17,"null","deer_like","camera_rn",1817,0,-0.0712773877955236,-0.0712773877955236,0.213783406785808,1,0,-0.00770833325357154,-0.0635690545419521,0.13025,0,0.704070075761128,0.829882202255041,1.15557402395276,2846.85892105103,"OK",NA,NA,NA
18,"null","deer_like","camera_rn",1818,0,-0.029099934488869,-0.029099934488869,0.283094319018793,1,0,-0.0336712311246164,0.00457129663574744,0.1485,0,0.700828494420726,0.827893031108696,0.889235146070829,2562.9820432663,"OK",NA,NA,NA
19,"null","deer_like","camera_rn",1819,0,-0.0274215227217977,-0.0274215227217977,0.217766327001851,1,0,-0.0757418142691399,0.0483202915473422,0.11525,0,0.623032834492013,0.784820198334918,1.05006765584339,2499.51590204239,"OK",NA,NA,NA
20,"null","deer_like","camera_rn",1820,0,-0.00171559992598962,-0.00171559992598962,0.250502364539688,1,0,0.0260630536448267,-0.0277786535708163,0.134125,0,0.659739610726514,0.798414485047255,1.05717720479536,2468.64772105217,"OK",NA,NA,NA
21,"null","deer_like","camera_rn",1821,0,-0.0316882423297218,-0.0316882423297218,0.21398755273955,1,0,0.0275021715359907,-0.0591904138657125,0.1115,0,0.800435195567505,0.886801606862155,1.04247728824466,3013.39035367966,"OK",NA,NA,NA
22,"null","deer_like","camera_rn",1822,0,-0.0398146042114714,-0.0398146042114714,0.277853154609279,1,0,0.145213416363489,-0.18502802057496,0.04125,0,0.812725454118978,0.89605367851113,0.789900586916658,2475.66212439537,"OK",NA,NA,NA
23,"null","deer_like","camera_rn",1823,0,0.0478840640289548,0.0478840640289548,0.240701375910279,1,0,-0.00872205026018407,0.0566061142891388,0.11825,0,0.679028577784559,0.816719711230569,1.04351831897455,2488.74112558365,"OK",NA,NA,NA
24,"null","deer_like","camera_rn",1824,0,-0.027523285424253,-0.027523285424253,0.267812531938659,1,0,-0.0212635310095658,-0.00625975441468722,0.1175,0,0.5586362525727,0.750470608783404,1.02909565920085,2243.92169070244,"OK",NA,NA,NA
25,"null","deer_like","camera_rn",1825,0,-0.0626924603326354,-0.0626924603326354,0.182126531872112,1,0,-0.107578431274863,0.0448859709422271,0.155375,0,0.374548081893658,0.630329523181121,1.16186641909504,2861.45002818108,"OK",NA,NA,NA
26,"null","deer_like","camera_rn",1826,0,0.0106072903595421,0.0106072903595421,0.210444702780506,1,0,0.020855451432396,-0.0102481610728539,0.10425,0,0.699654867059884,0.831235808961944,0.915627043644665,2814.70244717598,"OK",NA,NA,NA
27,"null","deer_like","camera_rn",1827,0,0.0092782489862252,0.0092782489862252,0.221206206784211,1,0,0.0831334323852088,-0.0738551833989836,0.083125,0,0.744656926630353,0.859234605755982,1.0012351451315,2985.61089634895,"OK",NA,NA,NA
28,"null","deer_like","camera_rn",1828,0,0.043700803770225,0.043700803770225,0.235156448350478,1,0,0.0537268275206765,-0.0100260237504514,0.11,0,0.828003031592835,0.905601700013585,0.731389826242851,2462.36152672768,"OK",NA,NA,NA
29,"null","deer_like","camera_rn",1829,0,-0.0168315607398905,-0.0168315607398905,0.273505005489574,1,0,-0.0592735467647739,0.0424419860248834,0.107875,0,0.653636815774696,0.796706708843564,0.945520362902965,2045.12865519524,"OK",NA,NA,NA
30,"null","deer_like","camera_rn",1830,0,-0.10770056901068,-0.10770056901068,0.239918616540261,1,0,-0.0392893613041377,-0.0684112077065424,0.18875,0,0.701687924476336,0.831551165363194,0.895156508818837,1991.9395596981,"OK",NA,NA,NA
31,"null","deer_like","camera_rn",1831,0,-0.0643238522415861,-0.0643238522415861,0.187326007450406,1,0,-0.00202117074386412,-0.062302681497722,0.151875,0,0.616855742080384,0.772812396902715,1.04469649098347,1966.51627802849,"OK",NA,NA,NA
32,"null","deer_like","camera_rn",1832,0,-0.000636756924284957,-0.000636756924284957,0.269573988381693,1,0,0.100734681138254,-0.101371438062539,0.07675,0,0.670673135146182,0.8224689010072,0.912486292756423,1821.2266728878,"OK",NA,NA,NA
33,"null","deer_like","camera_rn",1833,0,-0.0300339789974914,-0.0300339789974914,0.252307108585365,1,0,0.0636553981159939,-0.0936893771134852,0.10775,0,0.72936269434296,0.843738477362262,0.896373634919901,1965.28375411034,"OK",NA,NA,NA
34,"null","deer_like","camera_rn",1834,0,0.0230790159543423,0.0230790159543423,0.21222938031407,1,0,0.00144411596709259,0.0216348999872497,0.117375,0,0.664189523634984,0.822323351898931,0.943727265454863,1712.84573554993,"OK",NA,NA,NA
35,"null","deer_like","camera_rn",1835,0,0.0461619176043513,0.0461619176043513,0.261121674149043,1,0,-0.0191978439628604,0.0653597615672117,0.1075,0,0.761303965783607,0.853131246482563,1.148611714355,2255.29926156998,"OK",NA,NA,NA
36,"null","deer_like","camera_rn",1836,0,0.0382050437738565,0.0382050437738565,0.304595646067082,1,0,-0.022096755392922,0.0603017991667785,0.12175,0,0.769561242803025,0.863353645519998,0.876677472402183,3025.72521543503,"OK",NA,NA,NA
37,"null","deer_like","camera_rn",1837,0,-0.0137297509725394,-0.0137297509725394,0.235642915557939,1,0,0.0386063200240095,-0.0523360709965489,0.087875,0,0.574917975844814,0.745405499815638,1.16401599265034,2941.71944737434,"OK",NA,NA,NA
38,"null","deer_like","camera_rn",1838,0,0.0385030473659379,0.0385030473659379,0.24382914205533,1,0,-0.000724296852238116,0.039227344218176,0.147875,0,0.593733651252725,0.759523763317743,1.05548844082742,2010.17061519623,"OK",NA,NA,NA
39,"null","deer_like","camera_rn",1839,0,-0.0959816674002151,-0.0959816674002151,0.21060026754982,1,0,-0.199390128946538,0.103408461546323,0.1175,0,0.692745059030574,0.824661840905121,1.04176198282173,2035.51407790184,"OK",NA,NA,NA
40,"null","deer_like","camera_rn",1840,0,0.128087046433681,0.128087046433681,0.294143701605815,1,0,0.114847938787446,0.0132391076462344,0.234125,0,0.763403754661805,0.864343379456229,0.795306597334435,1817.36030340195,"OK",NA,NA,NA
41,"null","deer_like","camera_rn",1841,0,-0.00465026324012148,-0.00465026324012148,0.207365089692373,1,0,-0.113339429338532,0.108689166098411,0.069125,0,0.617600495970409,0.785446059500475,0.981819667601496,2019.15894341469,"OK",NA,NA,NA
42,"null","deer_like","camera_rn",1842,0,-0.0236734218389666,-0.0236734218389666,0.223016941792813,1,0,-0.0910265859474123,0.0673531641084457,0.1155,0,0.74503973086719,0.855644394418677,0.967527713939964,2621.60562729836,"OK",NA,NA,NA
43,"null","deer_like","camera_rn",1843,0,0.0288905788710151,0.0288905788710151,0.290033953799775,1,0,0.0292093741055586,-0.000318795234543555,0.1065,0,0.745178179013983,0.850438587979584,1.13684170951151,2431.44335961342,"OK",NA,NA,NA
44,"null","deer_like","camera_rn",1844,0,0.165022062657597,0.165022062657597,0.327790642036529,0,1,0.00882723819567434,0.156194824461922,0.148,0,0.795294115912084,0.890076461798211,0.855354952674317,2318.6065735817,"OK",NA,NA,NA
45,"null","deer_like","camera_rn",1845,0,-0.071260134401184,-0.071260134401184,0.25143387249494,1,0,0.00278527240898079,-0.0740454068101648,0.1355,0,0.731938932713704,0.852199732189641,0.904444333604364,3188.22775030136,"OK",NA,NA,NA
46,"null","deer_like","camera_rn",1846,0,-0.0578817403739471,-0.0578817403739471,0.244698073626094,1,0,-0.129532063251908,0.0716503228779613,0.123625,0,0.646188267006059,0.792932135302451,1.12205136453849,1677.61837077141,"OK",NA,NA,NA
47,"null","deer_like","camera_rn",1847,0,0.0509118626916619,0.0509118626916619,0.224906782755465,1,0,-0.141589837114562,0.192501699806224,0.0395,0,0.693118790481596,0.810737642880708,1.06202203347312,1678.22472000122,"OK",NA,NA,NA
48,"null","deer_like","camera_rn",1848,0,-0.0316839603035524,-0.0316839603035524,0.285572818349817,1,0,-0.0325989388888318,0.000914978585279451,0.126875,0,0.693460478648441,0.825559393739448,0.916600455999223,3251.36700344086,"OK",NA,NA,NA
49,"null","deer_like","camera_rn",1849,0,-0.132270951146266,-0.132270951146266,0.246532443349081,0,1,0.0248314543471815,-0.157102405493448,0.125375,0,0.627846700760785,0.776324982048943,1.05667912076692,3152.26221203804,"OK",NA,NA,NA
50,"null","deer_like","camera_rn",1850,0,-0.0785896317820357,-0.0785896317820357,0.224183602985689,1,0,-0.0547840189404146,-0.0238056128416211,0.1885,0,0.521758087246441,0.722224378505308,1.03673851271317,1988.50691246986,"OK",NA,NA,NA
51,"null","deer_like","camera_rn",1851,0,0.0359741199185761,0.0359741199185761,0.217667194447314,1,0,-0.0616070072478317,0.0975811271664078,0.091,0,0.54663148221092,0.752027984241883,1.06968344430699,2005.17220902443,"OK",NA,NA,NA
52,"null","deer_like","camera_rn",1852,0,-0.0938223985359462,-0.0938223985359462,0.243692138884953,1,0,0.00307127819529818,-0.0968936767312444,0.150375,0,0.570527949734587,0.741912321217179,1.0769730077183,2112.78660058975,"OK",NA,NA,NA
53,"null","deer_like","camera_rn",1853,0,-0.150036621122488,-0.150036621122488,0.228216977521393,0,1,-0.107857832325345,-0.0421787887971432,0.2725,0,0.689773673587167,0.814051310912302,1.10242689754652,2010.57172417641,"OK",NA,NA,NA
54,"null","deer_like","camera_rn",1854,0,-0.0534408692477248,-0.0534408692477248,0.195042302925209,1,0,-0.119102901638882,0.0656620323911572,0.113375,0,0.56069438037257,0.741301014962448,1.09657970922092,2102.40446138382,"OK",NA,NA,NA
55,"null","deer_like","camera_rn",1855,0,-0.0990214923357091,-0.0990214923357091,0.221121496266637,1,0,-0.028348504987297,-0.0706729873484121,0.16025,0,0.793680057697788,0.88043140755691,0.921418338037269,2016.24366855621,"OK",NA,NA,NA
56,"null","deer_like","camera_rn",1856,0,-0.0716061593531932,-0.0716061593531932,0.280839235248772,1,0,-0.0607024438372953,-0.0109037155158979,0.179625,0,0.740608604716627,0.85600826718935,0.865370984444753,2116.89043784142,"OK",NA,NA,NA
57,"null","deer_like","camera_rn",1857,0,-0.0904142478324881,-0.0904142478324881,0.203750586334089,1,0,-0.129093149861887,0.038678902029399,0.182375,0,0.599673745186835,0.758752353043917,1.02708008707189,2094.03288316727,"OK",NA,NA,NA
58,"null","deer_like","camera_rn",1858,0,0.045197575178674,0.045197575178674,0.327809443331814,1,0,0.112338601397623,-0.0671410262189489,0.124125,0,0.749411675524415,0.858215761998098,0.905165900778885,2071.20296573639,"OK",NA,NA,NA
59,"null","deer_like","camera_rn",1859,0,0.140166388200632,0.140166388200632,0.313939264466507,1,0,0.25878974811088,-0.118623359910249,0.14975,0,0.772668479588805,0.881809272448524,0.818060460748641,2875.00520706177,"OK",NA,NA,NA
60,"null","deer_like","camera_rn",1860,0,0.0118696699646588,0.0118696699646588,0.2334365843538,1,0,-0.0871987707581036,0.0990684407227624,0.07325,0,0.526769454918089,0.725901919307574,1.07236131068955,3560.33862638474,"OK",NA,NA,NA
61,"null","deer_like","camera_rn",1861,0,0.0733283571003848,0.0733283571003848,0.23474744827934,1,0,0.0139473366413539,0.0593810204590309,0.13725,0,0.65243710816205,0.81099477963865,1.10558603520568,1942.19752240181,"OK",NA,NA,NA
62,"null","deer_like","camera_rn",1862,0,-0.0571052828162183,-0.0571052828162183,0.320537621791722,1,0,-0.00356203117546969,-0.0535432516407486,0.119375,0,0.697140230660672,0.828460672630946,0.90647806146137,2075.36843371391,"OK",NA,NA,NA
63,"null","deer_like","camera_rn",1863,0,0.0375482438489338,0.0375482438489338,0.190838496909314,1,0,0.0501558063699691,-0.0126075625210353,0.121125,0,0.757317518345582,0.864911020978478,1.11212967631334,2094.49097585678,"OK",NA,NA,NA
64,"null","deer_like","camera_rn",1864,0,-0.050414939970123,-0.050414939970123,0.216836841469243,1,0,-0.0501905987729388,-0.000224341197184249,0.1365,0,0.763164928803397,0.874992722544587,0.974771201579226,2279.31745314598,"OK",NA,NA,NA
65,"null","deer_like","camera_rn",1865,0,0.00460507945660975,0.00460507945660975,0.199982186858556,1,0,-0.143031041095719,0.147636120552329,0.053625,0,0.64835137302908,0.80107803372858,1.28755576239546,2372.28946638107,"OK",NA,NA,NA
66,"null","deer_like","camera_rn",1866,0,-0.0824696403940266,-0.0824696403940266,0.256902839247125,1,0,0.0781950083569814,-0.160664648751008,0.078125,0,0.741139218419897,0.863669001921248,0.888786743069848,2381.82575321198,"OK",NA,NA,NA
67,"null","deer_like","camera_rn",1867,0,-0.0487853940835582,-0.0487853940835582,0.218508933382274,1,0,-0.212826932279497,0.164041538195939,0.0655,0,0.753684172190126,0.861301403093404,0.892717408262025,1490.86586833,"OK",NA,NA,NA
68,"null","deer_like","camera_rn",1868,0,-0.0270552745561984,-0.0270552745561984,0.280108579302137,1,0,-0.0628972281509146,0.0358419535947162,0.11475,0,0.648353985863157,0.790870189601972,1.00533762912713,2866.99148750305,"OK",NA,NA,NA
69,"null","deer_like","camera_rn",1869,0,0.0273246678973204,0.0273246678973204,0.234670128639502,1,0,-0.0189786206779666,0.046303288575287,0.087375,0,0.664043092719046,0.805585204447981,1.00263953116093,2339.97712182999,"OK",NA,NA,NA
70,"null","deer_like","camera_rn",1870,0,0.0200493239351733,0.0200493239351733,0.19841107764376,1,0,0.067502358831225,-0.0474530348960517,0.10975,0,0.662751054282558,0.810024452250189,1.05183220239972,1980.85106921196,"OK",NA,NA,NA
71,"null","deer_like","camera_rn",1871,0,0.0147950143778786,0.0147950143778786,0.295570628206234,1,0,-0.00277402192746525,0.0175690363053438,0.110375,0,0.722079202951599,0.835044343961653,0.888101599677058,1892.14407944679,"OK",NA,NA,NA
72,"null","deer_like","camera_rn",1872,0,-0.0757687700065845,-0.0757687700065845,0.17667980200505,1,0,-0.0179637014994408,-0.0578050685071437,0.17625,0,0.645167081682499,0.791321391837606,1.26789296025109,3089.7071826458,"OK",NA,NA,NA
73,"null","deer_like","camera_rn",1873,0,-0.0120244313060541,-0.0120244313060541,0.209081845104698,1,0,-0.0166928672874503,0.00466843598139623,0.11075,0,0.707497216410002,0.834568883541307,1.09223959899612,2213.1060667038,"OK",NA,NA,NA
74,"null","deer_like","camera_rn",1874,0,0.0139671505948754,0.0139671505948754,0.269462768370137,1,0,-0.093400980426216,0.107368131021091,0.06575,0,0.759413636432345,0.864042577965806,0.922109369013861,1951.54686427116,"OK",NA,NA,NA
75,"null","deer_like","camera_rn",1875,0,0.00775087696757071,0.00775087696757071,0.223268720495062,1,0,-0.0398871835014211,0.0476380604689918,0.092125,0,0.721972990444866,0.830959265656232,1.11402584282032,2840.99224257469,"OK",NA,NA,NA
76,"null","deer_like","camera_rn",1876,0,-0.0172496107076984,-0.0172496107076984,0.261801172566597,1,0,-0.0135292077890175,-0.00372040291868082,0.1035,0,0.768328482037816,0.868874808360341,0.977825866673606,2046.16813087463,"OK",NA,NA,NA
77,"null","deer_like","camera_rn",1877,0,-0.0230811495056386,-0.0230811495056386,0.217536295085134,1,0,0.0299373762801739,-0.0530185257858125,0.097375,0,0.780711696569751,0.880562401754352,1.01111291436749,1969.79260230064,"OK",NA,NA,NA
78,"null","deer_like","camera_rn",1878,0,-0.0391954465631558,-0.0391954465631558,0.208216170426673,1,0,-0.0820872179898279,0.0428917714266721,0.106,0,0.641512896973051,0.791704671156048,1.20009167048513,1934.62806391716,"OK",NA,NA,NA
79,"null","deer_like","camera_rn",1879,0,-0.051655682570882,-0.051655682570882,0.232552426847582,1,0,-0.330454544435401,0.278798861864519,0.011625,0,0.599149383049763,0.776417163150847,1.13235663164216,1960.36272978783,"OK",NA,NA,NA
80,"null","deer_like","camera_rn",1880,0,0.138343223901057,0.138343223901057,0.27578333289617,0,1,0.162019843260362,-0.0236766193593048,0.2225,0,0.673938312141566,0.812590968192668,1.07337721854128,2690.75024437904,"OK",NA,NA,NA
81,"null","deer_like","camera_rn",1881,0,-0.0539748914761042,-0.0539748914761042,0.240432709372223,1,0,-0.185146561624492,0.131171670148387,0.097625,0,0.726718089485464,0.839925090725611,1.17547552592636,2708.97500610352,"OK",NA,NA,NA
82,"null","deer_like","camera_rn",1882,0,0.0445651892294606,0.0445651892294606,0.249456699836052,1,0,-0.0185814922757095,0.0631466815051701,0.117,0,0.735983936488448,0.854271381164005,0.922192751468126,1928.47148489952,"OK",NA,NA,NA
83,"null","deer_like","camera_rn",1883,0,-0.0668512476052931,-0.0668512476052931,0.239036903739891,1,0,-0.0297009461333476,-0.0371503014719455,0.148,0,0.74959487847332,0.870034349589552,0.992589125637448,2234.35457992554,"OK",NA,NA,NA
84,"null","deer_like","camera_rn",1884,0,0.0461706160655627,0.0461706160655627,0.227521145353305,1,0,-0.0321727510394048,0.0783433671049675,0.09575,0,0.729552966370565,0.841928816782783,1.04212616894784,1882.62346982956,"OK",NA,NA,NA
85,"null","deer_like","camera_rn",1885,0,0.0996778642515614,0.0996778642515614,0.294588666594117,1,0,0.0466417195809898,0.0530361446705717,0.192625,0,0.665486595383744,0.810820120708727,0.923561478967374,2315.30723714828,"OK",NA,NA,NA
86,"null","deer_like","camera_rn",1886,0,-0.0708456711469539,-0.0708456711469539,0.304461819919455,1,0,0.016246534092311,-0.0870922052392648,0.116125,0,0.616941532804204,0.769212482291525,0.958049129977653,2304.16176056862,"OK",NA,NA,NA
87,"null","deer_like","camera_rn",1887,0,-0.0512976842839474,-0.0512976842839474,0.259992936941348,1,0,0.0315768297039333,-0.0828745139878806,0.105,0,0.745928158572163,0.863368200430825,1.03669598692694,2001.2520365715,"OK",NA,NA,NA
88,"null","deer_like","camera_rn",1888,0,-0.0645531181477933,-0.0645531181477933,0.207620101122091,1,0,0.00145737693476315,-0.0660104950825565,0.120625,0,0.773386031151042,0.87064080420734,0.93236981614891,1875.8830280304,"OK",NA,NA,NA
89,"null","deer_like","camera_rn",1889,0,0.057821632667111,0.057821632667111,0.241482402311249,1,0,-0.078179700180089,0.1360013328472,0.077125,0,0.740315374202643,0.851127520425392,1.00566247593206,2448.18413472176,"OK",NA,NA,NA
90,"null","deer_like","camera_rn",1890,0,-0.0840626982953147,-0.0840626982953147,0.234085789424853,1,0,-0.100069995151511,0.0160072968561968,0.1605,0,0.676991512953878,0.824487181975198,0.989101756574812,2023.78565883636,"OK",NA,NA,NA
1,"null","intermediate","camera_rn",1981,0,-0.105650275436626,-0.105650275436626,0.319290289547216,1,0,-0.123371146224465,0.017720870787839,0.2035,0,0.487019816999987,0.707213413805818,1.15111615995017,2149.75014352798,"OK",NA,NA,NA
2,"null","intermediate","camera_rn",1982,0,0.0109428355080362,0.0109428355080362,0.41253062643741,1,0,0.138922557451304,-0.127979721943267,0.10125,0,0.383784033586491,0.637344990199693,1.07403993109832,1908.29890656471,"OK",NA,NA,NA
3,"null","intermediate","camera_rn",1983,0,-0.112809919272118,-0.112809919272118,0.436090154441041,1,0,-0.0753270532767919,-0.0374828659953265,0.185125,0,0.641449996599308,0.799850569582177,0.971797619014427,2904.1242954731,"OK",NA,NA,NA
4,"null","intermediate","camera_rn",1984,0,-0.0520207141538285,-0.0520207141538285,0.410350250531735,1,0,-0.0522069545954469,0.000186240441618408,0.15075,0,0.296693865628227,0.596319548215568,1.16789253040561,1653.24662613869,"OK",NA,NA,NA
5,"null","intermediate","camera_rn",1985,0,-0.0554101841965826,-0.0554101841965826,0.375977204452528,1,0,-0.0281621505647815,-0.027248033631801,0.1315,0,0.537909088666396,0.734717343631741,1.04487812411846,2837.1812722683,"OK",NA,NA,NA
6,"null","intermediate","camera_rn",1986,0,-0.020659723114077,-0.020659723114077,0.316913564215179,1,0,-0.00113765287752194,-0.019522070236555,0.1095,0,0.765402604790396,0.862557977061461,1.07883232859212,2807.33480739594,"OK",NA,NA,NA
7,"null","intermediate","camera_rn",1987,0,0.166994595658156,0.166994595658156,0.397395372903311,1,0,0.0366783099212625,0.130316285736893,0.199,0,0.748286121104667,0.856779677463176,1.0172080088197,1964.41669797897,"OK",NA,NA,NA
8,"null","intermediate","camera_rn",1988,0,-0.0277083702284711,-0.0277083702284711,0.467892961265505,1,0,0.0418848928218447,-0.0695932630503158,0.136,0,0.726960329660795,0.843258165304974,1.10426268312106,2727.11617350578,"OK",NA,NA,NA
9,"null","intermediate","camera_rn",1989,0,-0.234447133815184,-0.234447133815184,0.521933854306179,1,0,-0.0601128184316211,-0.174334315383563,0.212625,0,0.803181075797403,0.893623008403035,0.833340404178464,2480.03489279747,"OK",NA,NA,NA
10,"null","intermediate","camera_rn",1990,0,-0.169246121990837,-0.169246121990837,0.450316771955587,1,0,-0.121955280000541,-0.0472908419902959,0.23025,0,0.743295159186275,0.847833258941567,0.863014923830364,1998.69848108292,"OK",NA,NA,NA
11,"null","intermediate","camera_rn",1991,0,-0.0912171683051282,-0.0912171683051282,0.461823381423105,1,0,-0.0953361274780653,0.00411895917293709,0.1595,0,0.491016090617703,0.715956063575851,1.07284644911009,1889.85067176819,"OK",NA,NA,NA
12,"null","intermediate","camera_rn",1992,0,-0.120442640474973,-0.120442640474973,0.42963960880948,1,0,-0.0468222327043567,-0.073620407770616,0.14875,0,0.678626457811137,0.810936559995342,0.983530874406712,2135.98895812035,"OK",NA,NA,NA
13,"null","intermediate","camera_rn",1993,0,-0.040593905448775,-0.040593905448775,0.327749331253532,1,0,-0.221032574081017,0.180438668632242,0.0715,0,0.642489824413863,0.788162976188166,1.01109978567553,1888.4260532856,"OK",NA,NA,NA
14,"null","intermediate","camera_rn",1994,0,0.0825204678813709,0.0825204678813709,0.483030158164017,1,0,-0.0507050534207644,0.133225521302135,0.112375,0,0.517633704610644,0.716256865066273,1.09920205128894,1941.08910942078,"OK",NA,NA,NA
15,"null","intermediate","camera_rn",1995,0,0.0478923808077249,0.0478923808077249,0.472783890414847,1,0,0.132534818400242,-0.0846424375925172,0.12825,0,0.728759722768366,0.8506811698267,0.90022694377495,2969.00953602791,"OK",NA,NA,NA
16,"null","intermediate","camera_rn",1996,0,0.117949823945618,0.117949823945618,0.458852274384513,1,0,-0.0698858176754581,0.187835641621077,0.08525,0,0.536076690495233,0.723563430301384,1.00672579600813,1697.5958096981,"OK",NA,NA,NA
17,"null","intermediate","camera_rn",1997,0,-0.0121808507028336,-0.0121808507028336,0.32030264716808,1,0,-0.0560086312526139,0.0438277805497803,0.100375,0,0.42605223516975,0.684633895476334,1.14375289160354,2137.65632343292,"OK",NA,NA,NA
18,"null","intermediate","camera_rn",1998,0,0.157221026385985,0.157221026385985,0.418114012493372,1,0,0.0681180349393198,0.089102991446665,0.21425,0,0.660096254563263,0.799777795028042,0.976936700560244,2042.16362667084,"OK",NA,NA,NA
19,"null","intermediate","camera_rn",1999,0,0.0975688216554707,0.0975688216554707,0.47876214411698,1,0,0.0111616818548722,0.0864071398005985,0.147,0,0.544620080860963,0.738060121484989,1.20401380581303,2034.70881772041,"OK",NA,NA,NA
20,"null","intermediate","camera_rn",2000,0,0.00516851452693698,0.00516851452693698,0.388107374969447,1,0,0.0620851032223727,-0.0569165886954357,0.11825,0,0.693146377521151,0.83623784664946,0.90809528000503,2037.36127734184,"OK",NA,NA,NA
21,"null","intermediate","camera_rn",2001,0,-0.115822094403503,-0.115822094403503,0.365935023539911,1,0,0.0354401421164137,-0.151262236519916,0.115875,0,0.374440795399912,0.649124764695608,1.18095435271209,2908.04355931282,"OK",NA,NA,NA
22,"null","intermediate","camera_rn",2002,0,-0.303675727427617,-0.303675727427617,0.414075894546204,0,1,-0.173766689904665,-0.129909037522952,0.32,0,0.620824572925458,0.768756428418949,1.18416593159969,1777.39853382111,"OK",NA,NA,NA
23,"null","intermediate","camera_rn",2003,0,0.113778058771682,0.113778058771682,0.57951361295908,1,0,-0.0211652688914972,0.13494332766318,0.145875,0,0.60816984806466,0.772729919074696,0.940504696861428,2843.33352208138,"OK",NA,NA,NA
24,"null","intermediate","camera_rn",2004,0,-0.143321342879755,-0.143321342879755,0.545613321571892,1,0,0.0746015251228856,-0.21792286800264,0.097,0,0.63035341850948,0.787551669933436,0.980098802980112,2737.96030521393,"OK",NA,NA,NA
25,"null","intermediate","camera_rn",2005,0,-0.095984482121073,-0.095984482121073,0.335820098595732,1,0,0.079023230787908,-0.175007712908981,0.07875,0,0.683659625816192,0.821154107395835,0.961622887264957,2128.01387310028,"OK",NA,NA,NA
26,"null","intermediate","camera_rn",2006,0,0.17970538171723,0.17970538171723,0.510447051696223,1,0,0.221743474026741,-0.0420380923095103,0.22525,0,0.696837879271902,0.843360049680762,0.893310290826164,2121.84271359444,"OK",NA,NA,NA
27,"null","intermediate","camera_rn",2007,0,-0.0292660994245637,-0.0292660994245637,0.335898980504968,1,0,-0.401126826258387,0.371860726833823,0.008875,0,0.527683193451334,0.72155485260727,1.13633268662919,1939.47364234924,"OK",NA,NA,NA
28,"null","intermediate","camera_rn",2008,0,-0.0943580820064286,-0.0943580820064286,0.389948019241634,1,0,-0.0263597742867328,-0.0679983077196959,0.153625,0,0.703525371989428,0.85215606745716,1.00319337044986,2824.69441413879,"OK",NA,NA,NA
29,"null","intermediate","camera_rn",2009,0,0.0585916308705132,0.0585916308705132,0.431364770333822,1,0,0.166516095479312,-0.107924464608799,0.125875,0,0.608146701240072,0.772205942284927,1.12834475266408,2789.16557860374,"OK",NA,NA,NA
30,"null","intermediate","camera_rn",2010,0,0.00350668772010457,0.00350668772010457,0.385031080640325,1,0,-0.00653398835767162,0.0100406760777762,0.11975,0,0.532185186715127,0.725863106212036,1.06236242056629,2250.83080267906,"OK",NA,NA,NA
31,"null","intermediate","camera_rn",2011,0,-0.0649855588054409,-0.0649855588054409,0.446958527603237,1,0,0.0697719005302186,-0.134757459335659,0.106625,0,0.417900385203877,0.668705971394749,1.05791024255087,2374.37389922142,"OK",NA,NA,NA
32,"null","intermediate","camera_rn",2012,0,-0.11982881922254,-0.11982881922254,0.342491456043493,1,0,-0.0393926588498135,-0.0804361603727262,0.165,0,0.509694824666571,0.711478002678104,1.1397714914838,2719.93939232826,"OK",NA,NA,NA
33,"null","intermediate","camera_rn",2013,0,0.0371956698654814,0.0371956698654814,0.279630006654864,1,0,0.0818438200349846,-0.0446481501695032,0.132375,0,0.764342515489498,0.870373964175513,1.10366578761754,1823.8160340786,"OK",NA,NA,NA
34,"null","intermediate","camera_rn",2014,0,-0.13359775586227,-0.13359775586227,0.306717187734936,1,0,-0.0721336354472992,-0.0614641204149708,0.215125,0,0.587180358822908,0.775640901240078,1.03911021157826,3178.77774000168,"OK",NA,NA,NA
35,"null","intermediate","camera_rn",2015,0,-0.142861136188855,-0.142861136188855,0.379352289680469,1,0,0.0745439359823922,-0.217405072171247,0.0845,0,0.670082169784619,0.823182091637719,1.07721368222048,1609.46750402451,"OK",NA,NA,NA
36,"null","intermediate","camera_rn",2016,0,-0.2051382465496,-0.2051382465496,0.532346493410934,1,0,-0.0285363432881401,-0.17660190326146,0.14175,0,0.736839759871251,0.835854567331017,0.848163865818266,1608.421646595,"OK",NA,NA,NA
37,"null","intermediate","camera_rn",2017,0,0.105571772952093,0.105571772952093,0.442363532192448,1,0,-0.0655549565644338,0.171126729516527,0.077125,0,0.643817336481109,0.795576277436007,0.996973623195945,2442.32110595703,"OK",NA,NA,NA
38,"null","intermediate","camera_rn",2018,0,0.0145147610446152,0.0145147610446152,0.414270429038325,1,0,-0.0184130564830324,0.0329278175276476,0.1275,0,0.590889525255582,0.775233363736925,1.08754456834458,1996.62971544266,"OK",NA,NA,NA
39,"null","intermediate","camera_rn",2019,0,0.165425708347307,0.165425708347307,0.41521381320076,1,0,0.088241775016954,0.0771839333303533,0.198625,0,0.704922965716716,0.829081682159561,1.07839802267748,2958.98296642303,"OK",NA,NA,NA
40,"null","intermediate","camera_rn",2020,0,-0.133880429238018,-0.133880429238018,0.358486776177117,1,0,-0.0560397008680388,-0.0778407283699789,0.2155,0,0.740668635781782,0.846843525005337,1.22630708482165,2795.93072295189,"OK",NA,NA,NA
41,"null","intermediate","camera_rn",2021,0,-0.0193393463701702,-0.0193393463701702,0.370913746412156,1,0,-0.0488904624848299,0.0295511161146597,0.112,0,0.648356742964147,0.810315550466727,1.00217645628713,2881.64806461334,"OK",NA,NA,NA
42,"null","intermediate","camera_rn",2022,0,-0.0964610337836146,-0.0964610337836146,0.372325741834945,1,0,0.0649324746962894,-0.161393508479904,0.076,0,0.52021367789145,0.738860641580469,1.12229856164099,2697.89600992203,"OK",NA,NA,NA
43,"null","intermediate","camera_rn",2023,0,-0.0248291321510817,-0.0248291321510817,0.303893201806802,1,0,-0.106455317713436,0.0816261855623547,0.117625,0,0.527682488146429,0.716829358225465,1.14309034939536,3232.98390030861,"OK",NA,NA,NA
44,"null","intermediate","camera_rn",2024,0,-0.0552630742879574,-0.0552630742879574,0.298910586726898,1,0,0.0323923950802802,-0.0876554693682376,0.104125,0,0.505939925622713,0.717760872518388,1.15742457980659,2725.1876180172,"OK",NA,NA,NA
45,"null","intermediate","camera_rn",2025,0,0.0184653064390082,0.0184653064390082,0.47205606511854,1,0,0.0728772272564232,-0.054411920817415,0.13625,0,0.534959503556396,0.74263036348464,1.0354365821479,2560.58544182777,"OK",NA,NA,NA
46,"null","intermediate","camera_rn",2026,0,-0.112049415460617,-0.112049415460617,0.369801541924842,1,0,-0.0703763241623759,-0.0416730912982408,0.18725,0,0.739619975626266,0.873255836519242,1.04072340291019,2553.00786733627,"OK",NA,NA,NA
47,"null","intermediate","camera_rn",2027,0,-0.106818708822711,-0.106818708822711,0.445016640096004,1,0,0.0873600890201039,-0.194178797842814,0.070875,0,0.716258786436031,0.839813503075938,0.987556347126175,2352.14042663574,"OK",NA,NA,NA
48,"null","intermediate","camera_rn",2028,0,0.197149219294552,0.197149219294552,0.565796765398051,1,0,-0.124088910802521,0.321238130097073,0.04325,0,0.700455243859411,0.830905897649867,0.98938332376158,1526.57402896881,"OK",NA,NA,NA
49,"null","intermediate","camera_rn",2029,0,-0.0155004427052814,-0.0155004427052814,0.426311604566688,1,0,0.0321041511947654,-0.0476045939000468,0.103,0,0.730925842366887,0.844053833763512,0.917556363986032,2628.92523956299,"OK",NA,NA,NA
50,"null","intermediate","camera_rn",2030,0,-0.119600427229902,-0.119600427229902,0.398200148638002,1,0,-0.142256480980012,0.0226560537501099,0.200875,0,0.453231352014841,0.710037066506239,1.10804570330886,1857.60774207115,"OK",NA,NA,NA
51,"null","intermediate","camera_rn",2031,0,-0.0568510969563065,-0.0568510969563065,0.48674470029347,1,0,-0.217346535017145,0.160495438060838,0.105125,0,0.664969302325373,0.804682799976712,0.943634784958862,2755.47429156303,"OK",NA,NA,NA
52,"null","intermediate","camera_rn",2032,0,-0.188480391733655,-0.188480391733655,0.473030195828013,1,0,0.019919740280966,-0.208400132014621,0.13,0,0.705750256310207,0.815463137262512,0.972126587804416,1899.78889894485,"OK",NA,NA,NA
53,"null","intermediate","camera_rn",2033,0,0.0051963068555692,0.0051963068555692,0.43629417936562,1,0,0.116332655349834,-0.111136348494264,0.11375,0,0.633297297061618,0.783301635971977,1.05921347617722,1472.70585370064,"OK",NA,NA,NA
54,"null","intermediate","camera_rn",2034,0,0.0338849541925062,0.0338849541925062,0.440508619011257,1,0,-0.0277286065818761,0.0616135607743823,0.140375,0,0.497823629435881,0.719444390537367,1.07908698687919,1599.07249903679,"OK",NA,NA,NA
55,"null","intermediate","camera_rn",2035,0,-0.0477020892980208,-0.0477020892980208,0.326107129223973,1,0,-0.0044518585978255,-0.0432502307001953,0.109125,0,0.720372172727184,0.843743328999204,1.00323716262255,2753.75275444984,"OK",NA,NA,NA
56,"null","intermediate","camera_rn",2036,0,-0.320536459325299,-0.320536459325299,0.592297946224481,0,1,-0.133659455647626,-0.186877003677673,0.265625,0,0.578052110394901,0.767082613673854,1.01908966834317,2495.24715161324,"OK",NA,NA,NA
57,"null","intermediate","camera_rn",2037,0,0.222331629871619,0.222331629871619,0.564306607393903,1,0,-0.0699701122296893,0.292301742101308,0.0845,0,0.327511634445213,0.638412350327,1.22045548004664,3006.17571258545,"OK",NA,NA,NA
58,"null","intermediate","camera_rn",2038,0,-0.0601714448860743,-0.0601714448860743,0.428735224780756,1,0,-0.055257745378089,-0.00491369950798533,0.15975,0,0.738060802957254,0.855833608259427,0.912826402922836,2521.82773351669,"OK",NA,NA,NA
59,"null","intermediate","camera_rn",2039,0,-0.31998097807545,-0.31998097807545,0.433213983535335,0,1,-0.0434061470122361,-0.276574831063214,0.16675,0,0.681952258968982,0.82276485086068,0.959480741684385,2568.01668000221,"OK",NA,NA,NA
60,"null","intermediate","camera_rn",2040,0,-0.0763989123632907,-0.0763989123632907,0.421468954871688,1,0,-0.133006023281736,0.0566071109184454,0.148375,0,0.598162469132692,0.7562731665664,1.08072100511699,1955.42777681351,"OK",NA,NA,NA
61,"null","intermediate","camera_rn",2041,0,-0.180704228906893,-0.180704228906893,0.431994771075419,1,0,-0.0865564939977797,-0.0941477349091136,0.247,0,0.319366997824952,0.621892526538454,1.2676461099682,2430.45207738876,"OK",NA,NA,NA
62,"null","intermediate","camera_rn",2042,0,-0.0789178628210086,-0.0789178628210086,0.372267609889081,1,0,-0.114240081450437,0.0353222186294283,0.151625,0,0.779714780146764,0.875870868831144,1.07719881703017,2799.44778609276,"OK",NA,NA,NA
63,"null","intermediate","camera_rn",2043,0,0.15478909302964,0.15478909302964,0.409059791513818,1,0,0.102948122072987,0.0518409709566528,0.262875,0,0.597988290880631,0.772298123386831,1.01977760444233,2757.91423535347,"OK",NA,NA,NA
64,"null","intermediate","camera_rn",2044,0,-0.0486232880176586,-0.0486232880176586,0.356244709235773,1,0,-0.0393813594891535,-0.00924192852850514,0.154125,0,0.730795040366443,0.855076752896427,1.02592305997689,3046.61012196541,"OK",NA,NA,NA
65,"null","intermediate","camera_rn",2045,0,-0.152936623489177,-0.152936623489177,0.436889413508408,1,0,-0.0588292980823599,-0.0941073254068175,0.2195,0,0.760923389669082,0.88171709134662,0.86344912167131,1611.75292253494,"OK",NA,NA,NA
66,"null","intermediate","camera_rn",2046,0,-0.071083269282039,-0.071083269282039,0.502918958968458,1,0,0.0757916064569287,-0.146874875738968,0.104875,0,0.52762809952051,0.734814376370587,1.03193098592651,1911.50784730911,"OK",NA,NA,NA
67,"null","intermediate","camera_rn",2047,0,-0.143148629712312,-0.143148629712312,0.472968593910447,1,0,-0.12120759389451,-0.0219410358178016,0.23825,0,0.779433411578898,0.88655902501504,0.785779338432079,1880.96973252296,"OK",NA,NA,NA
68,"null","intermediate","camera_rn",2048,0,0.0296948927083812,0.0296948927083812,0.368219856769994,1,0,0.0451997109575722,-0.0155048182491909,0.124625,0,0.772412405819554,0.872542645888723,1.03009126217163,1809.97924351692,"OK",NA,NA,NA
69,"null","intermediate","camera_rn",2049,0,0.0480149248262631,0.0480149248262631,0.500313020229432,1,0,-0.0865322426947044,0.134547167520968,0.10125,0,0.558186091717497,0.739020745599565,1.00249529130414,1653.56188988686,"OK",NA,NA,NA
70,"null","intermediate","camera_rn",2050,0,0.071291590739324,0.071291590739324,0.365862630048647,1,0,0.0338010013529159,0.0374905893864081,0.172875,0,0.591827628867341,0.761381940266646,1.07680100669569,1654.38318252563,"OK",NA,NA,NA
71,"null","intermediate","camera_rn",2051,0,-0.0111518921863843,-0.0111518921863843,0.298793059986807,1,0,-0.0788116903212817,0.0676597981348975,0.1235,0,0.519146727897391,0.727891090453919,1.16723488872592,2851.23071432114,"OK",NA,NA,NA
72,"null","intermediate","camera_rn",2052,0,0.0669301070888727,0.0669301070888727,0.414368849223474,1,0,-0.21546507647833,0.282395183567203,0.025875,0,0.666261228554263,0.813493372663937,1.05900142864966,1586.63890957832,"OK",NA,NA,NA
73,"null","intermediate","camera_rn",2053,0,0.0585085739234109,0.0585085739234109,0.405197247997164,1,0,-0.0771084485260178,0.135617022449429,0.0945,0,0.658641178486271,0.798070018824351,1.04897204731634,2500.92524647713,"OK",NA,NA,NA
74,"null","intermediate","camera_rn",2054,0,0.0388702299022767,0.0388702299022767,0.419499017276574,1,0,-0.0555936245746424,0.0944638544769191,0.132625,0,0.519981504340663,0.726561741931728,1.0730882094357,2696.42442321777,"OK",NA,NA,NA
75,"null","intermediate","camera_rn",2055,0,-0.184511153447707,-0.184511153447707,0.426119193235473,1,0,-0.172718751866551,-0.0117924015811559,0.253,0,0.658261099291109,0.819101864969241,1.09497842469007,2734.32159471512,"OK",NA,NA,NA
76,"null","intermediate","camera_rn",2056,0,-0.133846711035565,-0.133846711035565,0.336721977057344,1,0,-0.0352276480608281,-0.0986190629747373,0.193125,0,0.453680086230578,0.701507888761668,1.33699865645221,1643.23286533356,"OK",NA,NA,NA
77,"null","intermediate","camera_rn",2057,0,-0.103996475730281,-0.103996475730281,0.293675110862255,1,0,-0.120706305940439,0.0167098302101574,0.211375,0,0.464702623335106,0.693861708940597,1.26549688742782,1850.95912313461,"OK",NA,NA,NA
78,"null","intermediate","camera_rn",2058,0,0.0111296137367783,0.0111296137367783,0.369152048174047,1,0,0.0055431554656001,0.00558645827117823,0.13825,0,0.765181908473961,0.870320596169147,1.02702452192069,1869.92214107513,"OK",NA,NA,NA
79,"null","intermediate","camera_rn",2059,0,-0.0858585501501866,-0.0858585501501866,0.410970429013648,1,0,0.00414679785454934,-0.0900053480047359,0.160375,0,0.565852756027804,0.760586271808108,1.04600376421451,3058.50459051132,"OK",NA,NA,NA
80,"null","intermediate","camera_rn",2060,0,-0.0121849708330576,-0.0121849708330576,0.346017533506138,1,0,-0.0101956012645782,-0.00198936956847947,0.10625,0,0.64542039835076,0.791059403442722,0.953587939729171,3084.29901409149,"OK",NA,NA,NA
81,"null","intermediate","camera_rn",2061,0,0.0164936687804908,0.0164936687804908,0.5211820843005,1,0,0.0575351545143395,-0.0410414857338488,0.151375,0,0.706380350064304,0.834549476993538,0.962432518713627,2852.63860082626,"OK",NA,NA,NA
82,"null","intermediate","camera_rn",2062,0,-0.18085847540433,-0.18085847540433,0.448433653556528,1,0,-0.0527175857479296,-0.128140889656401,0.18475,0,0.592120009809509,0.778454850666615,1.20388062197291,2832.00566005707,"OK",NA,NA,NA
83,"null","intermediate","camera_rn",2063,0,0.161336719492343,0.161336719492343,0.41885310488079,1,0,0.092794842267908,0.0685418772244353,0.229375,0,0.606821497443422,0.78130761318869,1.04611149205275,1805.08522057533,"OK",NA,NA,NA
84,"null","intermediate","camera_rn",2064,0,-0.1411984653167,-0.1411984653167,0.386333697899431,1,0,-0.170146586855741,0.0289481215390416,0.190375,0,0.628948851881434,0.780943740418017,0.94720385183291,1863.42283010483,"OK",NA,NA,NA
85,"null","intermediate","camera_rn",2065,0,-0.0599518162366127,-0.0599518162366127,0.462653104454082,1,0,0.0260604822764788,-0.0860122985130915,0.149625,0,0.743480814672689,0.853237982495294,0.841446241908799,2874.4258825779,"OK",NA,NA,NA
86,"null","intermediate","camera_rn",2066,0,-0.000718860652986772,-0.000718860652986772,0.384917494396499,1,0,-0.0800458636071746,0.0793270029541878,0.095125,0,0.763363632430542,0.859710066176328,0.929406592234827,2515.404515028,"OK",NA,NA,NA
87,"null","intermediate","camera_rn",2067,0,-0.0835023600112254,-0.0835023600112254,0.392846795678217,1,0,0.00848736319611849,-0.0919897232073439,0.115375,0,0.761298419522314,0.872261250946069,0.885205322651173,2628.40346598625,"OK",NA,NA,NA
88,"null","intermediate","camera_rn",2068,0,-0.00443257959284954,-0.00443257959284954,0.509115021012035,1,0,-0.124053035297192,0.119620455704342,0.10575,0,0.541080091427392,0.736138873255836,1.04739233553261,1845.5795006752,"OK",NA,NA,NA
89,"null","intermediate","camera_rn",2069,0,0.177482475065597,0.177482475065597,0.630971230890792,1,0,-0.110499339476894,0.287981814542491,0.075125,0,0.683644477790405,0.811892332472976,0.967681230148575,1852.51484727859,"OK",NA,NA,NA
90,"null","intermediate","camera_rn",2070,0,0.0963065790106987,0.0963065790106987,0.432009518914129,1,0,0.0922365939980054,0.00406998501269324,0.192875,0,0.512522969095767,0.71155562886918,1.16650243320608,2867.83058714867,"OK",NA,NA,NA
