"cell100","link_occ_intercept_mean","link_occ_intercept_q025","link_occ_intercept_q975","MWMT_effect_mean","MWMT_effect_q025","MWMT_effect_q975","MCMT_effect_mean","MCMT_effect_q025","MCMT_effect_q975","x","y","lon","lat"
1,-2.78629317338785,-12.3701472666808,6.29562877223222,1.07939326289525,-5.26876369701541,7.53787153763429,-5.2671928707036,-15.9146536355524,4.55853846362221,NA,NA,-123.169325592467,49.3418514172384
2,-3.09596330493661,-11.5640779238172,4.92027988272022,1.11013374266137,-4.4670191158545,6.74397394009419,-5.16170245820913,-14.4298649031853,3.34233642448502,NA,NA,-125.34278383401,47.9398318622962
3,-3.01400062794741,-10.7966251084476,4.20085467395026,1.10460739331934,-3.61202136081265,5.92092879412789,-5.23026178042635,-13.5649531630188,2.28949450404979,NA,NA,-124.072494736524,48.2097010749556
4,-2.78025619841053,-10.1352888650221,3.92061099188209,1.06711825624681,-2.80855566008238,5.07224200449837,-5.29020652060634,-13.0072855161816,1.58153491495356,NA,NA,-122.791789339332,48.4681839714966
5,-2.11897877613598,-9.12135887651116,3.90750753559569,0.848342848127685,-0.971816809196844,3.40880067882936,-5.14124431107593,-12.3441710137358,0.684136533594118,NA,NA,-121.501009306634,48.7151138832371
6,-0.791583950263667,-6.68867563997806,4.25855911375507,0.60169521171152,-0.314187849472344,1.45882291851635,-5.10810568799014,-12.4664389927587,3.43931659130416,NA,NA,-120.200515518212,48.950330479974
7,-2.86763368921918,-8.45016588037367,1.70482697278517,0.820909937626867,-1.68824230007343,3.4317911352827,-3.42174829067827,-9.17390121364249,2.74808622996017,NA,NA,-118.890692449359,49.173665496168
8,-2.39909905604286,-8.04062511379996,2.68861197765025,-0.671160653493724,-2.37880435753517,1.18009469966616,-1.34599840757718,-6.62992451998134,3.91110820336755,NA,NA,-117.57193502443,49.3849715064046
9,-3.19550185381067,-11.0307292734717,4.14167095752056,1.10481936381452,-3.88187891757121,6.16008897670017,-5.1031016436587,-13.4989408397806,2.48789343426123,NA,NA,-124.944602195595,47.0768315721678
10,-3.17525330358434,-10.3885521702265,3.46435250082465,1.13788775244269,-3.09168678304146,5.46448710705683,-5.20379188408998,-12.7701120213648,1.61306736974995,NA,NA,-123.689487635121,47.3423221219025
11,-3.19931498380102,-10.045720992962,2.95380616335996,1.23758102312405,-2.259119696898,4.87375020618258,-5.49142384166226,-12.3744104435478,0.650444805359583,NA,NA,-122.424349185026,47.5965515324135
12,-3.49510782143812,-10.1042785123893,2.0693471731129,1.56745075350857,-0.147373692152538,3.66048413449798,-6.43684134145734,-12.0376671676214,-1.42305782431812,NA,NA,-121.149526306278,47.839361849303
13,-1.6926438474952,-7.84138773969352,3.45940193362677,0.753981514264218,-0.656598109133037,3.39251612266755,-3.91107462323431,-9.02578993338815,1.2533007356698,NA,NA,-119.865365081081,48.0705979891592
14,-2.56223892648216,-7.64956539649903,1.91981363973347,2.07937366729957,-0.116929666350424,4.61199094908886,-0.815745887677222,-4.93018154413439,3.55448154702657,NA,NA,-118.572236234479,48.2901120225146
15,-2.90178957928943,-7.02339804311795,1.20988199035571,1.44920251214723,0.360487796830333,2.651266203956,0.853287056892881,-2.30851978931544,3.99391663590249,NA,NA,-117.270533071915,48.4977609801067
16,-2.581964804458,-6.92760478819692,1.7863415179841,-0.185649442634367,-1.74049483638268,1.50197617760362,-1.49436904284988,-4.86888983855118,1.73004577799982,NA,NA,-115.960661041074,48.6933941718837
17,-2.71714008098217,-6.92627304799889,1.5823364732503,0.173494693781623,-1.11209857968717,1.49618778939102,-4.27389134360653,-8.66449552362239,-0.378447386188266,NA,NA,-114.643049676115,48.8768826533956
18,-1.03470618229694,-5.06100389519327,3.28129713328477,0.381095098324441,-0.710660371858669,1.49795156632108,-2.42802676930589,-6.65955294291501,1.35191750206615,NA,NA,-113.318137223694,49.0480950400485
19,-1.34387782954027,-6.39860791985473,3.87956326339312,0.388410733803592,-3.2401941507103,4.03099362919564,-2.26787917162551,-8.18267312447162,3.39531269101787,NA,NA,-111.986386874357,49.2069044582452
20,-1.52382262300844,-7.1537113138711,4.27851616198261,0.423993182031908,-3.9457495074876,4.79941912534842,-2.25534845383865,-8.89801823242561,4.14783448537475,NA,NA,-110.648254645755,49.3531978006547
21,-1.65076592161077,-8.07391482216131,4.90139097125307,0.423101239554759,-4.68299438641758,5.48320866875777,-2.24247094925603,-9.83734778216242,5.07738447695579,NA,NA,-109.304253844539,49.4868615079761
22,-0.66980286549393,-6.68119114728361,5.03385565656847,1.04958533923076,-3.60754120456503,5.78652255731394,-1.48977318166952,-5.01842725909904,1.87506012257615,NA,NA,-68.9418484895862,47.4708524086458
23,-0.765391892057568,-6.7171769111122,5.15574450166095,1.78759620272762,-2.39278669831133,6.17964601384809,-1.09754139633752,-4.54719875621358,2.3503033325241,NA,NA,-67.6816786508927,47.210973594439
24,-3.30960238314679,-10.6895439788176,3.63621627869754,1.0698057156233,-3.7043391382638,5.8964320296094,-4.96009386846158,-12.9161921952986,2.28039699282319,NA,NA,-124.556771259415,46.2151445142847
25,-3.31920973687097,-10.1638576554375,3.01786781018607,1.10599502625701,-3.03049785982144,5.31896451815013,-5.00604172365168,-12.1571557062499,1.45663986193645,NA,NA,-123.316508091049,46.476464425411
26,-3.35671343183724,-9.87248071486124,2.54099531848482,1.17438204755925,-2.48906859825118,4.95475187543896,-5.04350806625356,-11.6452063625787,0.939605993671395,NA,NA,-122.066597318278,46.7266416222802
27,-3.36106288037645,-9.53675545453395,2.13826568969446,1.26028819864465,-1.92857069651988,4.59190792144664,-4.85022809320674,-10.7899191589821,0.60418605997319,NA,NA,-120.807383290054,46.9655337435543
28,-2.94281455563647,-8.59922787178241,2.10121663075152,1.15736946410153,-1.83514497840133,4.32192536530702,-3.21828873568569,-8.49995848938434,1.83647326938419,NA,NA,-119.539181916033,47.1929905096932
29,-3.02270967300321,-7.69861785663058,1.22141114419944,1.45283432478404,-0.931461898987246,3.96422862803087,-0.117808209414617,-3.55463829485776,3.43222530151854,NA,NA,-118.262362517152,47.4088723985633
30,-4.41918430312044,-8.2703498898934,-0.8562215745723,-0.319204452675246,-1.37886601615983,0.777034738248899,2.28101154193958,0.122325625206751,4.69976317098104,NA,NA,-116.977305416189,47.6130445359909
31,-3.20470032265989,-6.84061054230214,0.467339756619532,-0.909230246870799,-2.26047343085933,0.320693403837152,-0.16160534843255,-2.8709430595874,2.55555708784166,NA,NA,-115.684400453992,47.8053694530831
32,-2.63866250423724,-6.09899868638066,0.951592022544273,0.869029171348892,-0.526017398740009,2.35361600663681,-1.81877538941791,-4.90637012928901,1.09951173819906,NA,NA,-114.384063627296,47.9857192724675
33,-1.44746911168031,-5.12631758285061,2.10697406274667,-0.0294752588353666,-1.20624571012336,1.10956965198866,-1.81091584593754,-6.24392667637121,2.27614949796495,NA,NA,-113.07671707658,48.1539750061968
34,-1.48483995474674,-5.92491550789444,3.09282290035358,0.355083104190227,-2.86003987593216,3.5916293039411,-2.11923637046336,-7.38226529416252,2.89820651770085,NA,NA,-111.762803161925,48.3100205882903
35,-1.57646462599417,-6.43612655434305,3.44962334841193,0.450729269617238,-3.31454018907185,4.20514431811219,-2.25034191675349,-8.05880266509157,3.29300858672527,NA,NA,-110.442781289464,48.4537426271522
36,-1.79068658125215,-6.99325558518812,3.5348598103829,0.428261071302193,-3.66684587616016,4.53288107023918,-2.22387909842549,-8.29534095156845,3.61489271196768,NA,NA,-109.117119896649,48.5850413786676
37,-2.19779293598951,-7.85477214828151,3.57130974943638,0.313354104355685,-4.23790216823172,4.88030425576913,-2.07965387911674,-8.62340042330567,4.29484198765142,NA,NA,-107.78628448641,48.7038150700903
38,-2.67601953818975,-8.58285282738658,3.26916542410123,0.160725538703087,-4.58514111987338,4.9113785340285,-1.90532816689223,-8.63208718542199,4.72581014191753,NA,NA,-106.450811318463,48.8099833864942
39,-3.18563100559389,-9.28636690314882,2.90471359163357,-0.0116598814801973,-4.91782082176271,4.84478031439022,-1.70893061495899,-8.50004825943434,5.03296956768703,NA,NA,-105.111174299054,48.9034745389889
40,-3.71997281141729,-9.94741272658888,2.42788502703648,-0.196191260211436,-5.1765138130416,4.74317775077326,-1.51301614609978,-8.22810159981677,5.15361576761445,NA,NA,-103.767896388197,48.9842029518359
41,-4.28264028481039,-10.5795158539007,1.87263907305636,-0.400664553202115,-5.42012503983727,4.51327150411721,-1.31793659187942,-7.6686661097272,4.99520781855821,NA,NA,-102.421506196304,49.0521142768701
42,-4.86612761217591,-11.1960914341652,1.27809148252713,-0.610443404527581,-5.61997275747863,4.22930475072004,-1.03783582523972,-6.65504227144863,4.57180266489094,NA,NA,-101.072520869239,49.1071676856237
43,-5.52952825814103,-11.7201894195977,0.524883166707195,-0.881457454196451,-5.89461950791195,3.85189653984876,-0.509873116748567,-3.57186404769727,2.75435375795091,NA,NA,-99.7214769519869,49.1492955628535
44,-6.41203032671459,-12.8213792735733,-0.23088396339138,-1.25391606596929,-6.07619039002202,3.2385597554501,0.528842747985249,-2.91869648675779,4.52389847520663,NA,NA,-98.3689334255098,49.1784873265989
45,-6.4914842526417,-12.8766809254164,-0.45283675779937,-1.32229723913508,-6.10014509722802,3.10315815229675,-1.0642651209837,-4.1748084104325,2.22766459775174,NA,NA,-97.0154273891687,49.1947113733697
46,-6.98869816314874,-13.4855506281262,-0.864504923031525,-1.46860123285679,-6.37443275432945,2.99861265341246,-0.850425830641933,-3.70345506639811,2.16603259443557,NA,NA,-95.6615242485339,49.1979574268762
47,-7.62842660311,-14.7586616658965,-1.16300658303226,-1.47774965019236,-6.85942057792981,3.52739778054176,0.473088647496076,-3.2311032153333,4.95345623798983,NA,NA,-94.3077452671195,49.1882282867317
48,-1.12907916917179,-6.31593130815774,4.06481351550628,0.480067951798297,-3.95750484309413,5.01525687166663,-1.39803607316052,-4.95593826813671,2.089187158242,NA,NA,-70.5618618681648,46.8475096756011
49,-0.878628222405551,-5.37784014408732,3.36041916480884,0.345802646267456,-2.99533754196897,3.66181379090858,-1.8674019304295,-4.9307367841143,0.966649343370099,NA,NA,-69.3072560535944,46.6029571177955
50,-0.895542798703046,-5.472071306009,3.65013035634601,1.39168259666314,-1.45232392985103,4.32330439343387,-0.763515560010079,-3.96681891755101,2.51711644188675,NA,NA,-68.0621362436662,46.3471907168816
51,-3.40825847203783,-10.4799667130028,3.24906593915891,0.997648922554345,-3.70641693751288,5.75895651629697,-4.7919227077707,-12.5354692558016,2.25318058430169,NA,NA,-124.178879012635,45.3545182589243
52,-3.44831653286289,-9.99863883740861,2.63880865817165,1.03272000619408,-3.10325514459353,5.22286657779228,-4.82679150044141,-11.8001047015241,1.50123904772052,NA,NA,-122.953170983124,45.6118611005211
53,-3.53614769088914,-9.77234487628839,2.20553979884309,1.08026486104695,-2.70347084791085,4.92276505373128,-4.84485780694254,-11.3202498131584,0.983625817309644,NA,NA,-121.718175914643,45.8581812469937
54,-3.6475168161465,-9.54322512308303,1.72973687057725,1.13719037665519,-2.30578771813287,4.68877650000724,-4.69769066258268,-10.5972207191282,0.681036201306349,NA,NA,-120.474217274227,46.0933389368615
55,-3.69109387224931,-9.18680346195008,1.29619753220408,1.15658684348107,-1.98157760232902,4.40140154310141,-3.95464284892192,-9.08837576751597,0.793924445034428,NA,NA,-119.221617624861,46.3171975288635
56,-3.60575290004492,-8.48653662911878,0.823872862361357,1.21473428582465,-1.39592107997127,3.53374632274178,-2.03103030893558,-5.08144193612505,0.91968588673816,NA,NA,-117.960730956215,46.5296240200819
57,-2.65664602564205,-6.64848234694915,1.38014374866803,-1.19381028387297,-2.68444527676752,0.0931644051952401,0.919143725141517,-1.3174124811057,3.2603768169957,NA,NA,-116.691922996525,46.7304897212872
58,-2.99330669759625,-6.62703665185838,0.599090922572628,0.237587737528548,-1.59049792761101,2.28857215537966,-0.201374035735197,-3.03599835665132,2.64194398350691,NA,NA,-115.415574049453,46.9196677221897
59,-3.96841264996782,-7.2008907833281,-0.694922276033786,0.707603684675485,-0.743003075563564,2.4842440125153,-3.42413736188404,-6.73166313758653,-0.401295685389128,NA,NA,-114.132086348469,47.0970369578489
60,-1.76345261094138,-4.35860008083086,0.783285032953375,0.527500604870491,-0.665668576148362,2.06878546430676,-0.649638587613626,-4.34145000366122,2.55546126790593,NA,NA,-112.84186615986,47.2624872304639
61,-1.56450187065341,-5.62716777321231,2.60041069437028,0.601261691959959,-2.37181388132277,3.62952013678634,-2.17813602404389,-7.06681899138527,2.47319904453102,NA,NA,-111.54534124316,47.4159064774435
62,-1.51296886130024,-6.05391426264222,3.15803181422496,0.59640666283712,-2.89747076532879,4.11358875283674,-2.4174633183364,-7.82441881681559,2.72499151346624,NA,NA,-110.242950680317,47.5571913530339
63,-1.73350223606365,-6.59418187716546,3.26877407880281,0.512740722882963,-3.30424681299778,4.35020559005832,-2.3184442422572,-8.00085747171618,3.19601678239927,NA,NA,-108.935146487358,47.6862450692055
64,-2.15161548612816,-7.29506149311234,3.08329154938351,0.361405776414797,-3.72415738108289,4.46152918253428,-2.13051501207468,-8.04883767373575,3.66063931340552,NA,NA,-107.622393912519,47.8029801239973
65,-2.64283960735812,-8.04557944650264,2.7682889960128,0.187231098159004,-4.11817347172858,4.4844316221102,-1.92638601187957,-8.00871100672207,4.09847490563666,NA,NA,-106.305168819975,47.9073123211315
66,-3.16058555606817,-8.74028387171478,2.39636860780878,0.0030679288135042,-4.41151573756845,4.38948419212966,-1.73286463521182,-7.84677007988677,4.34708766250748,NA,NA,-104.983955639354,47.9991712513146
67,-3.697514886974,-9.37918414740136,1.95001343540085,-0.18466042810365,-4.69635540832809,4.25637981918359,-1.55977161995902,-7.57051239507551,4.43205681508264,NA,NA,-103.659251405998,48.0784890864749
68,-4.23797227943911,-10.0085308188927,1.41958724410583,-0.36997654237745,-4.93510843655008,4.05416069210581,-1.40022987963908,-7.16566723088983,4.33805975833092,NA,NA,-102.331558524705,48.1452102224919
69,-4.78440684227018,-10.5765732797655,0.84439800421426,-0.556168912840006,-5.09994922084108,3.80813126747274,-1.28352286408705,-6.64088888503664,4.02320752099901,NA,NA,-101.001385027133,48.1992851979385
70,-5.30723073874402,-11.1341520155389,0.34909929828515,-0.73530652146602,-5.21496069736028,3.5194203824726,-1.29228898540605,-5.97652819721252,3.35791061019946,NA,NA,-99.6692479541713,48.2406742527315
71,-5.66209043536937,-11.417464166911,-0.00182546532211569,-0.870413639708751,-5.19016097360525,3.13653956419584,-1.98577028557111,-4.72056956696447,0.830555481407749,NA,NA,-98.3356669779927,48.2693492469662
72,-6.7568409654693,-12.6282409318419,-1.28777106743124,-1.52744639359165,-5.50932012449216,2.24218354377971,-0.233150298798789,-3.38679655985168,3.06823391760221,NA,NA,-97.0011666035386,48.2852864652238
73,-6.75423922911449,-12.4338520747372,-1.46165295476615,-1.63332470535395,-5.45013099499632,1.9195977769968,-2.15821246209557,-4.74302455638461,0.35488092182996,NA,NA,-95.6662693519086,48.2884754768216
74,-7.09251220532204,-12.7234096006285,-1.96688630425576,-1.02019144662994,-5.01492239221857,2.8155595255199,-2.32318814030819,-4.73067962819754,-0.0484181845213211,NA,NA,-94.3315018396169,48.2789124504967
75,-7.80009412187421,-13.387609134261,-2.90006466222883,-0.436374878678724,-4.31272120902579,3.38525831045947,-1.79165397236488,-4.04929459851333,0.271615476139007,NA,NA,-92.997390137809,48.2566028128906
76,-8.12943326213288,-13.2979083118816,-3.59605250192738,1.15474004626582,-2.2274240248634,4.763912991281,-2.58458065145827,-4.75705090141499,-0.643331151290627,NA,NA,-91.6644655087382,48.2215646681103
77,-7.08530131909248,-12.0774529779952,-2.48876876306392,3.84360062120968,0.907784364275638,7.04134634909772,-3.46305248066513,-5.7053062612521,-1.44663692974208,NA,NA,-90.3332609530476,48.1738332005057
78,-5.69151500549354,-10.6596946986975,-0.990178488335322,1.08580868416593,-2.04143827852728,4.22470897503103,-6.81994548706414,-11.177091498085,-2.55701932348276,NA,NA,-89.0042539390201,48.1134276170105
79,-6.40312922643719,-11.6091952420103,-1.41664323762457,-0.706814440492166,-4.91293317569118,3.38089922764609,-6.97705650230663,-13.0138985874331,-1.51558011468566,NA,NA,-87.6779922829481,48.0404012489156
80,-6.88462108620184,-12.7757590637152,-1.2804718288592,-1.07253467809532,-6.0194909286752,3.7274137029315,-6.66768282310044,-13.814716304665,-0.0537012982355268,NA,NA,-86.3549771384183,47.9548095862599
81,-1.48729850085476,-5.730004001522,2.6335296994303,0.61916869462497,-2.80790593755717,4.29743321828524,-0.674684344764755,-3.99621011588887,2.63638821290352,NA,NA,-70.9027006384988,45.9771669400464
82,-1.2621917804556,-4.49218602771661,1.69309212414298,-0.0129344456094449,-1.82450286410547,1.96488446693668,-1.97181232271028,-4.75062004538093,0.447610740512587,NA,NA,-69.6631822161933,45.7364137978074
83,-2.63972435319424,-6.01975140446897,0.275513521686046,-0.220898896443583,-2.07482884791603,2.04525239270256,-3.34981827224498,-6.16144937363036,-0.951940833465813,NA,NA,-68.432791635546,45.4845661104195
84,-3.45654185474396,-6.40604283845268,-1.07278942792226,0.62343018404186,-2.29844664511299,3.65351227847513,-7.13126777668081,-10.9218206395945,-3.73044903635603,NA,NA,-67.2118376991686,45.221770223143
85,-3.48555214455544,-10.320085286781,2.98106540611653,0.895389120610505,-3.75676756167829,5.6223342949686,-4.58567921730638,-12.0839151791879,2.35574267749316,NA,NA,-123.810571054555,44.4947177637686
86,-3.54955331601873,-9.88387941508989,2.36836503917813,0.929239282508309,-3.22806086132778,5.16534715631022,-4.66282737155803,-11.4791494389416,1.5830899560026,NA,NA,-122.599118448898,44.7482627377056
87,-3.69803583546941,-9.70712514257263,1.89734837950019,0.980968427542722,-2.88275243353422,4.91041482920268,-4.82123886930619,-11.1379792053664,0.956947519387403,NA,NA,-121.378723900361,44.9909001656083
88,-3.98739488475252,-9.68417041547676,1.27424605416337,1.04980857993105,-2.44665751281217,4.62515450324006,-5.12101980864456,-10.9694171924682,0.135348320976827,NA,NA,-120.149691068532,45.2224985222062
89,-4.56878890887523,-9.95368480449116,0.323368864863512,1.10974196508148,-1.82253048996807,4.03991117202837,-5.88175298333887,-10.8833924205573,-1.85165541279971,NA,NA,-118.912344450706,45.4429306819675
90,-5.28865424861773,-10.2738512616789,-0.834867454995156,1.54331652496672,-0.232073238945628,3.75850388100192,-6.45954627107231,-10.7173481676053,-2.91264412819817,NA,NA,-117.667024450493,45.6520628861101
91,-3.70155757789272,-7.94341450854649,0.314607754178916,-0.872224902179909,-2.21897235679388,0.504664596063838,-3.97047101355835,-8.00869033480672,-0.568746175233431,NA,NA,-116.414082614044,45.8497815298647
92,-3.22476516591871,-7.03989639415753,0.506987782983707,1.01946746742859,-1.02284863720153,3.54806637693129,-1.85007519179885,-5.04792741712437,1.09235422964388,NA,NA,-115.153895433217,46.0359649024647
93,-2.47484677715358,-6.0368600914015,1.00535258985745,-0.709633924796777,-1.83399088465119,0.441366243298011,-3.15606737559468,-6.12341356322905,-0.311600683627189,NA,NA,-113.886838481153,46.2105027178984
94,-1.3683432617282,-4.53997898153524,1.82074661894059,0.47321377499324,-0.903999835300939,2.59733015618834,-2.08816468631728,-6.12794829732805,1.56622225379485,NA,NA,-112.613318458256,46.3732825876321
95,-1.4927012044169,-5.14182076427595,2.12645872926634,0.909747987406048,-0.958485355616748,3.16619918020196,-3.53830165304947,-7.97476877640592,0.454561674680891,NA,NA,-111.333743391348,46.5242070681126
96,-1.15670480284125,-5.42734011973714,3.29783858378665,0.828677061383706,-2.39903097609191,4.16167443423963,-2.93300633997308,-8.13736663135637,1.97607262918583,NA,NA,-110.048531846479,46.6631748214316
97,-1.48956326682455,-6.14860216848065,3.3368437298176,0.655990229656733,-2.99772420715647,4.36167739691889,-2.51011342490687,-8.01930116493424,2.77241699812705,NA,NA,-108.758125628156,46.7900977190569
98,-1.99771167971163,-6.93445350463997,3.03842883468791,0.447569650815867,-3.44432846844039,4.38065532544637,-2.18470494401762,-7.86480816350828,3.33716440140487,NA,NA,-107.462965624746,46.9048919556832
99,-2.55344522946323,-7.70454097655257,2.64461976802781,0.231342296014175,-3.87500204902602,4.29413487100514,-1.93345805576265,-7.76430409574489,3.81681737453118,NA,NA,-106.16351693014,47.0074830739936
100,-3.11850072786543,-8.50822968039785,2.19837310659791,0.0317338557226601,-4.17744272122108,4.20974067791962,-1.74338375010219,-7.62064779906521,4.06016728599628,NA,NA,-104.860235008944,47.0977980906832
101,-3.66139694994728,-9.12208669518631,1.73831316963446,-0.163800311955868,-4.45642038960073,4.05694120335737,-1.58558943793477,-7.43306336999463,4.17402380128712,NA,NA,-103.553602831978,47.1757766260873
102,-4.2020586346231,-9.71361931406098,1.2143138259624,-0.340371813224687,-4.66201151719702,3.863430337514,-1.45925804468491,-7.18133292230882,4.15922851200629,NA,NA,-102.244105919719,47.2413671018957
103,-4.74904631660661,-10.3108020661833,0.671364747033597,-0.502121893939292,-4.84671785504634,3.66696380857734,-1.39468917969019,-6.85609882991521,3.96385901396467,NA,NA,-100.932232562311,47.2945218067302
104,-5.26515036635514,-10.8563548666361,0.124838989958051,-0.640213092251965,-4.91783168213603,3.47828216907132,-1.41804766344842,-6.53578179786071,3.60941921618205,NA,NA,-99.6184700473596,47.3352051544233
105,-5.76455403012045,-11.3473300764063,-0.435013878784009,-0.702329057712489,-4.78474211396494,3.23006954794897,-1.61055931028982,-6.28619581531852,2.97004872565947,NA,NA,-98.3033256988446,47.3633898590921
106,-6.33724844867198,-11.8066269065197,-1.1758346522889,-0.603083814636774,-4.20593463871988,2.84319498128973,-1.65091966125365,-5.22601332062592,1.81085564272235,NA,NA,-96.9872989155872,47.3790544641413
107,-7.25545140524097,-12.7284523827065,-2.3070656266545,-0.371523460548949,-3.894859581306,3.07165535502462,-1.328547063317,-4.29088980192375,1.47558261732455,NA,NA,-95.6708914781791,47.3821879008367
108,-8.1589312595754,-13.5341125851454,-3.40272895184897,-0.881283660523331,-4.4604603586214,2.64051269653052,0.0627414372562186,-2.79143061745051,2.95644328114825,NA,NA,-94.3546107461381,47.3727883299767
109,-8.39074666300502,-13.4013885130388,-4.08001389858434,-0.305741012954143,-3.74524697152674,3.04130284541954,-1.48051139357391,-3.88324792959878,0.73828327198745,NA,NA,-93.0389611247777,47.3508624180115
110,-8.91209722208294,-13.7980290503461,-5.04154571326885,-0.264355102579945,-3.3747764364516,2.84310343772848,-2.9356961062908,-5.10701240210267,-1.14563640013522,NA,NA,-91.724446741076,47.3164242121662
111,-8.22718001365248,-12.7430847517515,-4.42118204643542,-0.606872439036816,-3.84683615532334,2.49864297699166,-4.95372838011551,-7.56266918695468,-2.62434664685498,NA,NA,-90.4115689367797,47.2695029069829
112,-8.62948758011429,-12.673810646887,-5.27529106553005,-1.44971608930668,-5.00818873669162,1.84357543433285,-4.29832062188877,-8.49450425812804,-0.354514700431434,NA,NA,-89.1008199145916,47.2101227809329
113,-6.6235269498209,-10.5511070028349,-3.11788143864612,-2.15339076981954,-6.04004481214402,1.41574681313395,-7.4560127197345,-11.8883873385001,-3.40760656822042,NA,NA,-87.7926967012489,47.1383314497345
114,-7.3706225770047,-11.5065734745663,-3.70286571495654,-1.42957207446294,-5.20415412913401,2.2017794150647,-6.35574207284965,-11.9154276787806,-1.24908685683989,NA,NA,-86.4876829031037,47.0541765986081
115,-6.822191374233,-10.0902810671222,-3.89237756448216,-0.42239204844489,-4.12577253478548,3.36016937025555,-6.27611126619655,-12.2079829671635,-0.720992889655024,NA,NA,-85.1862619184882,46.9577189915905
116,-5.47183532172691,-9.51876985030096,-1.75109044965912,0.379547175749786,-4.088954004709,5.03553184547826,-7.39410785461396,-12.9020246036554,-2.26863128819024,NA,NA,-83.8888917430575,46.8490191553907
117,-3.27893722789107,-7.03969255828429,0.294812756837127,-1.61213343898727,-3.86783600721355,0.454753497148138,-4.10779463967311,-8.20333895411802,-0.223186467734729,NA,NA,-72.4679660051332,45.3341179714632
118,-0.486801870084923,-3.40160587085658,2.409239638286,0.987724660941706,-1.35908065384978,3.43397912618861,-2.03156194409571,-5.16831915283413,1.04216652067768,NA,NA,-71.2347313233464,45.1080885259231
119,-3.75897836137981,-6.80059276155099,-1.02172444344746,-3.50277580364209,-5.39115546389138,-1.7109751479951,-2.19292341733866,-5.23647902243771,0.621294288395324,NA,NA,-70.0099758745498,44.8709568962281
120,-3.31456967842604,-6.1256827789587,-0.77246050877294,-1.70465200589927,-3.94733233841658,0.457501179151469,-2.70355810818356,-4.941887124047,-0.631680078125607,NA,NA,-68.7940137238503,44.6228529295662
121,-3.17890624747876,-5.49152964389191,-1.23367980740415,-1.05109030454661,-3.45526489536387,1.47851704816526,-2.82391453036628,-5.93786481317042,0.589365433007474,NA,NA,-67.5871353311431,44.3639094762467
122,-3.45440419857167,-11.0707767349421,3.85082050481948,0.702865421571443,-5.0099222247033,6.44184811901314,-4.06440175581318,-12.6458263831351,4.10836593300043,NA,NA,-124.640096898849,43.3749344598104
123,-3.48792500305589,-10.0081899416521,2.68072722602497,0.770630927757856,-3.84612883242861,5.41030640162001,-4.2650184013373,-11.480986312556,2.45880766944619,NA,NA,-123.451510147749,43.6355125318297
124,-3.57217830372314,-9.71329004723982,2.21292468816693,0.820664313512683,-3.38820755902391,5.10658290186217,-4.42682696333082,-11.1886563805523,1.79235051227386,NA,NA,-122.254018432239,43.8854267758358
125,-3.71643558821971,-9.5594709334469,1.76479042224862,0.866935373982054,-3.04465149859813,4.8440475366388,-4.66033049822629,-11.0141013076002,1.14094563780913,NA,NA,-121.047910314476,44.1245481240391
126,-4.0106640816001,-9.5647732237933,1.17146626517663,0.959038651480212,-2.61307450451184,4.61094592901475,-5.09490357527252,-11.0217180541582,0.207443550798914,NA,NA,-119.833479189901,44.3527471083302
127,-4.64334482398653,-9.85160315557423,0.073784933580023,1.17509784837547,-1.63430630136597,4.32012230609663,-6.03669813945114,-11.4134643792787,-1.45176101011345,NA,NA,-118.611045692422,44.5699054213012
128,-5.14293656870871,-9.88820185061519,-0.853089547468737,1.08191728919564,-0.498487088695898,2.96937403260874,-6.91957124244335,-11.7235358885916,-2.98310899179911,NA,NA,-117.38093648438,44.775903267959
129,-3.88514983901508,-7.75720552150366,-0.227948352788879,-0.725774908006502,-1.9858475420755,0.467771235905923,-5.50307470818976,-10.160472513205,-1.5499234008947,NA,NA,-116.143495509043,44.9706230593224
130,-4.08726829338628,-7.94185990007539,-0.559076149134256,1.03722156354655,-0.778114547316814,3.22037790278835,-4.57688668703457,-9.27318959012557,-0.445723124783574,NA,NA,-114.899083038688,45.1539549577359
131,-3.10761401532886,-6.31523762839842,-0.121448520016972,-0.179577670345247,-1.40344682229925,1.05715055723939,-4.76189260805001,-9.56988660824314,-0.584470310921677,NA,NA,-113.648066778663,45.3257936135533
132,-1.41375944495773,-4.49635769637029,1.63057371687005,-0.298696333660377,-1.2751860907684,0.714194968223079,-4.38856856306885,-9.05934917240285,-0.348559393176374,NA,NA,-112.390832534202,45.486034168998
133,1.15972613423215,-1.73830667190266,4.4138028716973,0.92986300251898,-0.147731741676108,2.10170779036645,-3.66264585030272,-7.48801063680442,-0.335147988775755,NA,NA,-111.127777763629,45.6345844219682
134,-0.144143627556909,-4.173136594598,4.17865370079257,1.14749751758731,-1.93304095972064,4.37944494475282,-3.22802260487999,-8.32498105600113,1.44767685755144,NA,NA,-109.859311193903,45.7713506492328
135,-1.08329449909288,-5.54533809213933,3.60649364049186,0.844798494136643,-2.69527506020026,4.47351677161952,-2.6313321015887,-8.08804226956946,2.51262314777278,NA,NA,-108.585852969427,45.8962493314652
136,-1.82652136328385,-6.62920144484149,3.04837243884522,0.53294670223493,-3.25308253850758,4.37279390577948,-2.20693894223275,-7.82349184479835,3.21614222077681,NA,NA,-107.307828686632,46.0092000026633
137,-2.47503128914177,-7.4976097563407,2.56399279767553,0.262969784616005,-3.69630535764919,4.22569256907592,-1.91759357836135,-7.67485809567451,3.66612778277678,NA,NA,-106.025684210415,46.1101359792789
138,-3.07719553593881,-8.32100087941431,2.07683240245983,0.0376521775138625,-4.08317332216745,4.09504871335953,-1.72905149030339,-7.49770565943068,3.92027406426575,NA,NA,-104.739862177153,46.1989853468259
139,-3.64830680078749,-8.97878334236468,1.59368488193418,-0.155860213712611,-4.33549414831014,3.95366621484469,-1.58645199057485,-7.34697258788005,4.08846200868962,NA,NA,-103.45082176241,46.2756917970743
140,-4.1845102746165,-9.58027368201955,1.07051176532574,-0.325858565633804,-4.54612860254859,3.77511599693688,-1.48185611491123,-7.16291000544263,4.10457721157568,NA,NA,-102.159030811349,46.340206393226
141,-4.71802081191997,-10.1707522327238,0.588314458099948,-0.470106783535941,-4.66531336348892,3.63462779240874,-1.41708109273147,-6.95242355918639,4.0564182870032,NA,NA,-100.864959980772,46.3924895008005
142,-5.24553284945667,-10.7328016864117,0.0153221456704064,-0.595120469721045,-4.77198135730724,3.47674495263999,-1.40064050501111,-6.78166167897566,3.91379231622425,NA,NA,-99.5690776844766,46.432502303479
143,-5.7910276570544,-11.2588987762766,-0.59000590397674,-0.680615620844768,-4.77397118121695,3.27915677393522,-1.39674317334984,-6.55733185630301,3.71764481522905,NA,NA,-98.2718678498018,46.4602195498466
144,-6.3977908912247,-11.8466346036304,-1.25866464058524,-0.707162872620206,-4.64293149619611,3.12693752280591,-1.29978018075283,-6.19169883849964,3.53948046491193,NA,NA,-96.9738104943814,46.4756267578932
145,-7.13880071745247,-12.5869250376181,-2.18665951265538,-0.762523067471699,-4.64153381313977,2.98111150011549,-0.978775544762642,-5.61961885445514,3.60924511072517,NA,NA,-95.6753878946385,46.4787090203694
146,-7.97231724321594,-13.2333972804288,-3.34091377445829,-1.03764946834209,-4.69605236797805,2.45561035415431,-0.335186878861726,-3.75095048528307,3.21400051386343,NA,NA,-94.37708991207,46.46946472606
147,-9.27774485563668,-14.5238271076395,-4.83308603265717,-1.50881065839156,-5.20671542452815,1.95395719837015,0.962958132438754,-2.52612924258027,4.84204714216332,NA,NA,-93.0793945823607,46.4479012479532
148,-10.0014733375187,-15.0658478670357,-5.79361998630717,-1.88208260279564,-5.52014954685353,1.45275948550458,0.578092627466483,-2.90279465874375,4.40052209716902,NA,NA,-91.7827876393318,46.4140315360846
149,-9.07858406214114,-13.4431181357054,-5.34031750598404,-2.32205257827187,-5.97272565864613,1.00931012669869,-2.26350898683184,-5.66049151519011,0.967865761154535,NA,NA,-90.4877530431245,46.3678791065479
150,-7.96101232677407,-12.0982484567059,-4.37590749258675,-3.21357738964005,-7.1754299694785,0.260669418818352,-3.28486396785229,-6.45009683730493,-0.458620479808142,NA,NA,-89.1947610865324,46.3094729286813
151,-8.06188334144902,-11.4950371243392,-5.05241819474108,-4.29061505477609,-7.93634788916518,-1.09074170905594,-6.15125994320195,-9.0891442200612,-3.5552147719837,NA,NA,-87.9042890182078,46.2388545353684
152,-8.2759379055688,-11.5282950020869,-5.62874438771792,-2.24578469643468,-5.75466664417808,1.0776678344361,-5.10640678552605,-10.1458990286189,-0.40114535476906,NA,NA,-86.6168021709846,46.1560692563891
153,-7.06563560360329,-9.97797800473699,-4.56830911761238,-0.355990529118445,-3.82817560260925,3.02327952164871,-4.95273671495876,-9.949377422595,-0.259446801204677,NA,NA,-85.3327636130219,46.0611724898309
154,-7.55634463245912,-10.8843396761847,-4.56977824866324,1.11547310403737,-1.67394480905818,4.14065943066737,-5.31412933369984,-9.40160189917345,-1.59850728565664,NA,NA,-84.0526239826261,45.9542234016105
155,-7.42653893265929,-13.2689588631419,-2.10105285381487,0.460095452254978,-4.13098243845071,5.22132280321936,-4.69417242496153,-11.5283681935696,1.74434174828002,NA,NA,-82.7768223819586,45.835290432552
156,-6.52075367460725,-10.8747819349005,-2.65355918996525,0.151075624324783,-1.64387587694145,2.08255082639622,-2.9147730699082,-7.92079365928841,1.76970341166659,NA,NA,-75.2368900936172,44.8746780255005
157,-5.64063305261725,-8.65245471312902,-2.86032777966176,-1.19889641734202,-3.03829712142988,0.462999387197113,-2.22758811971214,-6.3717318614588,1.73848795277473,NA,NA,-74.0030716676134,44.6743054964555
158,-5.21083611352174,-7.52813615809114,-3.17529348105724,-0.898273862564239,-2.13671391301581,0.262067808879278,-4.55918555936158,-7.2894267728798,-2.15855769485832,NA,NA,-72.7767576013691,44.4627145573286
159,-2.13012121360876,-3.4580736598417,-0.880391650356246,-0.434416881539666,-1.10824052255292,0.243691014432321,-3.48955674933083,-5.7490675620506,-1.41681945702942,NA,NA,-71.5582842479757,44.2400196661519
160,-1.99349026541013,-4.5059788315139,0.297142878388796,-2.35063149473281,-4.57884647226441,-0.287900460791516,-4.74254652847821,-8.45267067837004,-1.69246677277977,NA,NA,-70.3479740989494,44.006344721543
161,-2.38645331418503,-6.41100780144631,1.33296300180857,-1.79043026692211,-5.7324952102448,1.4446880417869,-3.74525710307584,-9.11718092121172,0.833181983101158,NA,NA,-69.1461340352417,43.7618125284244
162,-3.41176951971059,-10.4850468227657,3.34124100760006,0.624766470092415,-4.67105354614918,5.92250252098957,-3.89810887625815,-11.850463806243,3.67619250945457,NA,NA,-124.276589711141,42.5196635197032
163,-3.44727772066114,-9.85776042629778,2.64750443735667,0.653395061475461,-3.99851277441216,5.32661740176403,-3.9973816721194,-11.1739004838077,2.69486280285861,NA,NA,-123.101354873406,42.7766750863451
164,-3.50619936725376,-9.51363670091983,2.18165395002043,0.687983283287921,-3.60227015335165,5.05859301609024,-4.11539233579209,-10.8351841114608,2.13403703240481,NA,NA,-121.917537271614,43.0231200318388
165,-3.5868643294368,-9.33427427713321,1.85914059333076,0.711402924130674,-3.30937219273156,4.76635671023436,-4.28645931238972,-10.6233404505282,1.58244970538906,NA,NA,-120.72541232373,43.2588809867614
166,-3.70978968051732,-9.13195038731563,1.45869105495373,0.7406530613009,-2.99184862732308,4.56168112871566,-4.5374046955631,-10.5496989455163,0.961850819648131,NA,NA,-119.52527433195,43.4838385763568
167,-3.86358865733001,-8.96156287744623,0.946553085926834,0.763076609278656,-2.60753395592028,4.25365487425383,-4.86956183422956,-10.493676878323,0.197373796336865,NA,NA,-118.317423990685,43.6978732133452
168,-3.81979218970422,-8.44365801139545,0.578956226663068,0.639763491853415,-2.34221314384537,3.70841026205218,-5.01521074423636,-10.143920987315,-0.429202860067944,NA,NA,-117.102182087555,43.900876959445
169,-3.37461730588795,-6.90749565576891,0.113257402411206,0.3097647854774,-1.30262227606047,2.13601439053105,-4.62344941403287,-8.23741865815079,-1.40276834492112,NA,NA,-115.879884396032,44.0927371699208
170,-3.47801245600897,-6.41382214980594,-0.763984962846166,0.586571569781912,-0.558944200782685,1.64380772600918,-5.23680459594577,-9.52580910744833,-1.48063067902853,NA,NA,-114.65087541792,44.2733512581949
171,-1.60445516532128,-4.54032886391211,0.96993708134464,0.396292515537609,-1.01589612525449,2.18046881851454,-3.54461847111451,-7.78799719578952,0.322129078346499,NA,NA,-113.415513182435,44.4426182014882
172,-0.942484671505747,-2.67938249185324,0.708687066517318,0.774010864579232,-0.212734161373666,1.80839477355254,-4.33366032236386,-8.75011092348184,-0.532474402023404,NA,NA,-112.174172283697,44.6004395100756
173,3.13603882207129,0.820621335665684,5.62533832910231,4.55424610087214,2.98453129835311,6.30166516112451,-7.14293118925697,-11.2990170881181,-3.45123923167567,NA,NA,-110.927231728181,44.7467310200649
174,0.508978691833866,-3.35192789253422,4.69039658226469,1.97913073216547,-1.06649049038794,5.23792018786655,-3.70020330996353,-8.79937630987738,0.968531803087153,NA,NA,-109.675088052793,44.8814008716224
175,-0.87598888961574,-5.23193933753619,3.67940560252627,1.03590260429201,-2.46533665433832,4.63516568687205,-2.57022245507574,-7.96599471727318,2.51879103441537,NA,NA,-108.418143504939,45.0043708002791
176,-1.77468604668663,-6.45228062424314,3.0039446872508,0.569917076994656,-3.15577519888275,4.34681797134124,-2.08018132959773,-7.65766080073641,3.28877256526998,NA,NA,-107.156815397124,45.1155686612087
177,-2.47936818772192,-7.39755804398968,2.48175798730808,0.256744643575343,-3.63492261396497,4.19682490141389,-1.81561635895893,-7.52382662554768,3.70671004080699,NA,NA,-105.891526751483,45.214928513264
178,-3.08930272059402,-8.21194220199888,1.98964553064802,0.0222936978394063,-4.03285467096314,4.0523976670112,-1.65891975315954,-7.40036077343442,3.95263273742528,NA,NA,-104.622703703334,45.3023791456614
179,-3.64053716396075,-8.88722738355221,1.49863971086472,-0.163696258447181,-4.27725824041985,3.9094244228143,-1.53573739554121,-7.32458278573838,4.11374559961938,NA,NA,-103.350794249416,45.377878376678
180,-4.16900327380037,-9.49708365111932,1.00623880529225,-0.330753595029337,-4.49403596010759,3.74594282184174,-1.45951402211331,-7.19338569088767,4.15221142921323,NA,NA,-102.076240311248,45.4413738232402
181,-4.68939578084434,-10.0841559373744,0.511004003750477,-0.472287524148034,-4.62597022662666,3.60901367578173,-1.39480670576358,-7.03325862172154,4.18931703337237,NA,NA,-100.799495022197,45.4928270363301
182,-5.20431706025501,-10.607759236457,-0.0472761330779877,-0.590480493371776,-4.74634166508789,3.46153953022389,-1.35109264925119,-6.87549707192986,4.12872315315938,NA,NA,-99.5210149530259,45.5322021491702
183,-5.73154697209176,-11.1470173611757,-0.633157205772219,-0.698299143204087,-4.81730767032317,3.30910359654909,-1.29039293486922,-6.69745397365141,4.07438757522787,NA,NA,-98.2412566708248,45.5594780876157
184,-6.30048046887434,-11.6938692444103,-1.22351970897143,-0.786483007793278,-4.84937776576369,3.1515020578462,-1.16594656997357,-6.47614889301276,4.10405565401412,NA,NA,-96.9606863348268,45.5746399269759
185,-6.93940163188511,-12.3851662335776,-1.97377540533963,-0.92454093135673,-4.93639457755534,2.94753828039103,-0.940229717316949,-6.06535324984837,4.18576108628745,NA,NA,-95.6797638607442,45.5776739175358
186,-7.61303306996666,-13.0151158533497,-2.81034693329376,-1.15921031908189,-5.10823227793299,2.63002237574579,-0.611821522571697,-5.49376662848881,4.32784385377393,NA,NA,-94.3989607302688,45.5685765111325
187,-8.33669111470403,-13.6837491853382,-3.65651608843327,-1.48573908771915,-5.45386731131655,2.25920126598485,-0.249947214774556,-5.05416966552738,4.70300473538253,NA,NA,-93.1187380442572,45.547356777308
188,-8.75520122485763,-13.98949057932,-4.22845390283372,-1.82882064616456,-5.79594496829674,1.86127362625271,-0.545904366061674,-5.34447961459476,4.34680877001234,NA,NA,-91.8395573031073,45.5140265708204
189,-8.69744106790852,-13.7116193504245,-4.35212573843131,-2.24814054197752,-6.24713233836603,1.4146702330258,-1.4879934031511,-6.15202101507301,3.15345349513466,NA,NA,-90.5618885900968,45.4686066671807
190,-8.805540856804,-13.4811506740307,-4.78438192518253,-2.88251945779615,-7.01608918252244,0.769241924738154,-1.62880323330158,-5.23673499627485,1.9828512062917,NA,NA,-89.2861810587034,45.4111265823802
191,-8.76691617338038,-13.3090766888699,-4.91311988526471,-3.00411292971919,-6.98867821037,0.459681264918212,-2.92408469908159,-7.20075761980349,1.33801578846786,NA,NA,-88.012892801619,45.3416229621257
192,-8.20255058272389,-12.6610802995195,-4.31510779195706,-2.01840701456068,-5.86079125586052,1.51537010538213,-3.78629057776294,-9.00429139914457,1.19226497720844,NA,NA,-86.7424758441206,45.2601402546404
193,-7.53988620813444,-12.0529101120383,-3.46373436618717,-0.930319983935527,-4.73742530088609,2.77190826101816,-4.1299815334471,-9.53372890801052,0.996232237146418,NA,NA,-85.4753665010222,45.1667279586419
194,-7.41803476113256,-12.1747047487939,-3.15773927733318,-0.185971139751006,-3.94741427466352,3.61412728708758,-4.28877363978293,-9.80903064081331,0.955628333018072,NA,NA,-84.2120023908695,45.0614453161208
195,-7.2980299807124,-12.7460230769072,-2.32935052075882,-0.192595939439692,-4.46245225127732,4.16602177037295,-4.09997540760231,-10.4280146796169,1.95776716195086,NA,NA,-82.9528131922785,44.9443523593683
196,-7.18390193172888,-14.0439404194473,-0.794706410720963,-0.428898576172727,-5.8461486147643,5.02783834605688,-3.81360873593043,-11.7482955981804,3.83732138816834,NA,NA,-81.6982189720677,44.8155211950274
197,-6.76472507647183,-12.0010476976343,-2.11961223339169,-2.45525836790439,-5.65522879062438,0.507603454505686,-1.80963493897886,-8.55830453339736,4.70019741597654,NA,NA,-76.7338060848753,44.1844556492149
198,-6.16673979483554,-9.48904771536333,-3.26652077696846,-1.40422354496872,-3.8234969059685,0.825620936261675,-1.5109748694747,-6.1444536248616,2.88318722555361,NA,NA,-75.5081069676889,43.9982048098737
199,-3.18812333958649,-5.28984907010314,-1.18107655753973,-0.163471394549506,-2.24672885300359,1.87441347700865,-0.338739040310402,-3.97954002362177,3.2531981234341,NA,NA,-74.2892940880531,43.8007600593612
200,-2.13522225471977,-3.4616526045224,-0.897758670602183,-2.59104087872545,-4.38203757071809,-1.07989682863745,-1.27629027321667,-3.55625764624886,1.02162541813205,NA,NA,-73.0777070531219,43.5922274359447
201,-2.04741103827421,-4.34139871732346,0.115305323574444,-0.597508452194775,-2.44542037724325,1.20900081214061,-0.731604944890703,-3.50885986473022,2.04050775942735,NA,NA,-71.8736714521537,43.3727164462042
202,-2.81060365579167,-6.27187310122108,0.29113546146265,-0.565771209089399,-2.78991968040548,1.70567153234891,-1.98022794422813,-5.41489355749856,1.26107694041635,NA,NA,-70.677500330129,43.1423441390525
203,-3.36488856679681,-10.1845685870483,3.1877656850573,0.535448222995532,-4.60997844115925,5.74102587183031,-3.63550634808509,-11.4453281914811,3.7156482879431,NA,NA,-123.921927008605,41.6643956944455
204,-3.36690364870254,-9.59683170860449,2.62783801537394,0.543429042648995,-4.0855048490922,5.25440355604548,-3.6916898933192,-10.8069512403395,2.95638018094899,NA,NA,-122.759784447886,41.917995818072
205,-3.38161818463976,-9.34127478972757,2.29451069492074,0.558130452143827,-3.76144137554417,4.97200235032893,-3.764758151409,-10.4660194804847,2.55643808379864,NA,NA,-121.589366418942,42.1611250737791
206,-3.39977024706436,-9.08106517950576,2.02897573615794,0.558573790468119,-3.5158615953765,4.6948061237023,-3.83775404962869,-10.2615213217919,2.17135250815343,NA,NA,-120.410937451793,42.3936756539895
207,-3.38481409743404,-8.76675419945129,1.7883663206804,0.545484336955557,-3.29589035721221,4.48034878727454,-3.89535080753258,-9.98878085841697,1.70241086233451,NA,NA,-119.224781394301,42.6155315788474
208,-3.27039134228475,-8.31704367653638,1.58372602811226,0.508521489775923,-3.10199715517908,4.21054910942055,-3.89165750606325,-9.61499503085685,1.37467867999057,NA,NA,-118.031195652878,42.8265830550932
209,-2.87382626746122,-7.45883723239491,1.56482300929651,0.416999625782928,-2.92057018861725,3.81270041982287,-3.65460950137574,-8.91650147646832,1.16464679127056,NA,NA,-116.830488959124,43.026730245816
210,-1.81981673972118,-5.36264401162329,1.71706434220856,0.364304269239436,-2.39008874559651,3.27953992014093,-2.87790165538786,-7.03542521749993,0.742024565241669,NA,NA,-115.622986402491,43.2158614692986
211,-0.173034139998431,-1.99826463442247,1.6926809016325,1.16327307975289,0.510016418140063,1.84824061143204,-1.93916947104412,-4.42878808523507,0.519084904106317,NA,NA,-114.409021930846,43.3938824068634
212,-2.46268190546636,-4.25114493325374,-0.825980043546559,-0.778080615656798,-1.64645713216541,0.0309986841846101,-2.07480975292439,-6.01711871819404,1.65713567684306,NA,NA,-113.188945079662,43.5606971096854
213,0.264971306294027,-1.2898102718576,1.87522274629559,-1.72729665500762,-2.83722347046969,-0.632494719636184,-2.66171752654284,-6.63437813337681,0.671497368986232,NA,NA,-111.963110320733,43.7162144084173
214,1.54541630958318,-0.781143845647696,4.10000218158652,1.56663866224398,0.137733306545241,3.31940603278924,-0.873424495483666,-6.01785717726354,3.33125810956324,NA,NA,-110.731889348917,43.8603490890377
215,-0.0618779455421936,-3.91097288907899,4.02767149907755,1.18614126212785,-1.88419432567098,4.40317206394977,-1.89195050005066,-6.91128762442253,2.87812283873019,NA,NA,-109.495662449487,43.9930218257071
216,-1.14249170763645,-5.48250144100931,3.3368134286915,0.757142794329905,-2.72386927904806,4.35507938562028,-1.87623962138918,-7.19236787937667,3.25994867969472,NA,NA,-108.25481889395,44.1141550323677
217,-1.93446296572188,-6.57083429986476,2.79941811181176,0.436897798296423,-3.29038944841728,4.21266699592987,-1.73992439694992,-7.26016150396589,3.65053991728052,NA,NA,-107.009764880455,44.2236842383415
218,-2.58626765096519,-7.48664904227031,2.31282976109916,0.17595861802266,-3.74384779621009,4.11460207650343,-1.62269822246379,-7.31033491079233,3.90041658976528,NA,NA,-105.760903676018,44.3215397377488
219,-3.15541362190149,-8.24359624054047,1.82261551461003,-0.0319773719499773,-4.03824426641663,3.96766518606731,-1.52715594194114,-7.30165054201688,4.06652697164534,NA,NA,-104.508640620417,44.4076650336019
220,-3.67033369557109,-8.86264474653445,1.39277844046579,-0.195694853068332,-4.31266031102353,3.86871211169179,-1.45181837535713,-7.26678523133703,4.20727132650663,NA,NA,-103.253410877116,44.4820142938306
221,-4.16448430891299,-9.43795172963472,0.952637553481996,-0.343922494753188,-4.49215789674961,3.7316292042672,-1.40325356779188,-7.18628864215009,4.21871750291644,NA,NA,-101.995642611597,44.5445381338074
222,-4.66434113873889,-10.0114184819458,0.457153264539791,-0.480565103542411,-4.6324139396498,3.60606082800753,-1.35884955413272,-7.12032702582102,4.27089209309138,NA,NA,-100.735767833982,44.5952013368778
223,-5.15060645987283,-10.5154123436359,-0.0597761219007346,-0.590640432609439,-4.76026132542648,3.50741253575598,-1.31233484728881,-6.99536860077593,4.28099001351694,NA,NA,-99.4742241451228,44.6339732215115
224,-5.64168340524997,-11.0638733060518,-0.561629963324702,-0.702199374855333,-4.87146454765485,3.33432351942288,-1.24800760032815,-6.83425338551655,4.29871046864012,NA,NA,-98.2114577896882,44.6608305881316
225,-6.15036063521749,-11.6264444284205,-1.06408613061792,-0.828764413933674,-4.97641265192573,3.19152192142167,-1.15679499984946,-6.74116259365007,4.38044808486169,NA,NA,-96.9479124881699,44.6757567881909
226,-6.67067665341277,-12.1110401947453,-1.68119027265129,-0.985898772751845,-5.11415210052293,2.99092334360635,-1.02655843042662,-6.4902077808378,4.3819297428239,NA,NA,-95.6840230902804,44.6787409627886
227,-7.19818120207384,-12.6235125572938,-2.30606804947364,-1.17900632641241,-5.29043069260979,2.75585448473205,-0.891329014944191,-6.25479382236666,4.48088941041866,NA,NA,-94.4202492053578,44.6697862993377
228,-7.68177543166783,-13.0530570056505,-2.89325775040752,-1.42847501992608,-5.54429740067917,2.4652420098496,-0.836707198565338,-6.15119156324197,4.54243485578705,NA,NA,-93.1570328778525,44.6488934731438
229,-8.01707653910413,-13.3172892466138,-3.30523851552991,-1.6899573589163,-5.80078724632895,2.19898422508115,-1.06141710791152,-6.33525903646238,4.24646940134442,NA,NA,-91.8948193316484,44.6160750596533
230,-8.13027366187557,-13.3105795078692,-3.49995035122125,-1.9679234331634,-6.09073419634931,1.86830976942956,-1.53402335727998,-6.71686577209663,3.70775832603525,NA,NA,-90.6340558176997,44.5713534298675
231,-8.16916820854356,-13.2464241828148,-3.66202609746519,-2.22118597314662,-6.37479869444071,1.60528400395879,-1.92679738583822,-6.98660765819831,3.14257929156669,NA,NA,-89.3751799367013,44.5147545342663
232,-8.08482250617701,-13.0941771848776,-3.61494691336381,-2.18315057288526,-6.26899995973185,1.61344824604814,-2.60201668825468,-7.79547556521377,2.53137976960027,NA,NA,-88.1186345738319,44.4463146361658
233,-7.79285151786246,-12.7497240101277,-3.34469280881196,-1.73432757205586,-5.80000155051934,2.09710754628825,-3.15743805813709,-8.6387882408489,2.16640381863312,NA,NA,-86.8648383753044,44.3660704226495
234,-7.4627227049222,-12.4789106605447,-2.93116164849952,-1.17373277721013,-5.24906764348361,2.71027827039116,-3.48394454460873,-9.14181148483182,1.96651282633069,NA,NA,-85.6142209653254,44.2740700331965
235,-7.27966923357466,-12.4646912047812,-2.61387659969645,-0.748235988615747,-4.87784507216016,3.2852296410039,-3.62477270202145,-9.52496130425864,2.07344847031459,NA,NA,-84.3672058530588,44.1703729080487
236,-7.14561968152508,-12.6750786918718,-2.10580067819657,-0.620091674352556,-4.99317609700057,3.74780635350434,-3.59092399513704,-9.987335838281,2.55445799749933,NA,NA,-83.1242043153571,44.0550361055168
237,-7.0629506217959,-13.3545749365758,-1.25791790947817,-0.648744145123153,-5.6318110148857,4.31634746183453,-3.50956277444351,-10.8032038013092,3.52460455912013,NA,NA,-81.8856259624444,43.9281207594121
238,-6.03117068202637,-13.2079756571577,0.603409193146279,-1.79324142642635,-7.5224226709302,3.74672073595727,-1.92488916649465,-10.2649475761703,6.26363559044016,NA,NA,-79.4232805038828,43.6398707406051
239,-6.07489706771626,-12.2568583576044,-0.450942319123129,-1.89718002065222,-6.76261218343427,2.81406192731622,-1.86115980711442,-9.10168272203913,5.23750371939466,NA,NA,-78.2002773369179,43.4786932629911
240,-6.2658531782657,-11.2843708445718,-1.83292988133879,-2.11474270642556,-5.93270971405961,1.50233152047255,-1.74181035657281,-7.78106303309636,4.12711935076512,NA,NA,-76.9832123624678,43.3062646959397
241,-6.40528388372494,-10.3681014891252,-3.10868818849234,-2.24822479743454,-5.42415240389472,0.624697450530035,-1.51124866930186,-6.63642581013816,3.44304867756924,NA,NA,-75.772434664557,43.122677739609
242,-3.72962445574844,-6.63192747789526,-1.19114175751396,-1.35201547324291,-4.27116983827702,1.23563056497855,-1.41074672276768,-6.28626679519575,3.33337461797107,NA,NA,-74.5682882814499,42.9280278304991
243,-2.61347643769491,-4.04130448463227,-1.42533526407596,-2.22422964465071,-4.08395280247367,-0.578696079698314,-2.08306785296171,-6.67143192468162,2.23361635450363,NA,NA,-73.3711025977739,42.7224168251762
244,-1.76152756347612,-4.83872356317196,1.32976427190961,-0.731242166482759,-3.1607991417906,1.52861011323254,-1.60830055495443,-6.21900464455605,2.72446409583338,NA,NA,-72.1811937579873,42.5059481058465
245,-2.67739088743414,-7.09987109549792,1.43579227876316,-1.14569482269076,-3.81718943377401,1.48128471976387,-2.64059767675566,-7.52137833099626,1.72550771072066,NA,NA,-70.9988642825853,42.278730047737
246,-2.73234624554663,-9.28424521709646,3.58996159622773,-1.17920948118845,-6.13975396609244,3.66479321009776,-2.53022918805914,-10.0916474727059,4.66072739055839,NA,NA,-69.8244057151763,42.0408752559939
247,-3.28371346699737,-11.0196011140515,4.23076054745719,0.393839772054027,-5.65640019400332,6.50101404316293,-3.16763294173051,-12.171407357812,5.4870254510433,NA,NA,-124.716851005901,40.5483632947236
248,-3.30758888742192,-9.90425118512637,3.06273757391202,0.431459960751407,-4.61796510134955,5.48882687648439,-3.31525652106263,-10.9357190019335,3.90044266237507,NA,NA,-123.575793360719,40.80894619253
249,-3.29378575136451,-9.51878027303414,2.70077475418941,0.439730935939697,-4.23745678151853,5.14504689300738,-3.37009270684424,-10.4587904610401,3.38651354842853,NA,NA,-122.426496221548,41.0592761665368
250,-3.27005521302254,-9.20946405246634,2.45726940108203,0.440866506315855,-3.93862687205803,4.86411727468224,-3.397699758033,-10.1342910636205,2.98861705048623,NA,NA,-121.269205360262,41.2992313528186
251,-3.23368214280201,-8.90381005827942,2.24397716322257,0.413925489784454,-3.78475507455507,4.64075812329613,-3.38534788967957,-9.84303623268626,2.71252395276373,NA,NA,-120.104189269231,41.5287129658605
252,-3.14835504594944,-8.5164998548162,2.06497397870027,0.368663586717552,-3.61873252621762,4.38258280692591,-3.31802873424183,-9.48758884483837,2.46198109571448,NA,NA,-118.931719506468,41.7476069659488
253,-2.95798678409264,-8.01881215574929,2.00116474460786,0.291837405746021,-3.49101432204305,4.08879610322983,-3.16543246091717,-8.94927147540488,2.27866643799785,NA,NA,-117.752086773745,41.955809008191
254,-2.59234128936841,-7.33267206834815,2.04858986381378,0.13828756939197,-3.44583924053537,3.70262520426058,-2.846897575621,-8.26902254103346,2.30446950528335,NA,NA,-116.565593994127,42.1532228815568
255,-1.97619021248955,-6.24276531037076,2.27293483769614,-0.141533764738522,-3.44898406098394,3.11536216958543,-2.305100888262,-7.21418143347574,2.41100576240049,NA,NA,-115.372551217794,42.3397480780913
256,-1.28800244536634,-5.04417896046189,2.51952123157268,-0.803152789875928,-3.49998517286208,1.58460589972866,-1.74977140091649,-5.85710951378432,2.13082828378643,NA,NA,-114.173284556761,42.5152921222688
257,-0.010953563500454,-3.24092714827388,3.40051969044342,-1.52684522527884,-3.46072422859496,0.167085570807509,0.738309525573455,-2.34394836565606,4.2425991263415,NA,NA,-112.968130489046,42.6797656325449
258,-1.05829051477082,-3.33704008989699,1.24511396968295,-0.874052011175054,-2.19222440334028,0.45546461349517,-0.798575787500096,-4.17955572671418,2.6205198701272,NA,NA,-111.757434265478,42.8330836833794
259,-1.01971686216745,-3.62459734804202,1.60142958959038,0.138231423408714,-1.11076847426877,1.5075946684669,-0.667917183016648,-3.14066513436859,2.28005465132953,NA,NA,-110.541553500283,42.9751659990714
260,-1.1644465551843,-5.03202008801852,2.84689516637856,0.441193326503969,-2.63929118456944,3.60729095930164,-1.11631945377944,-5.78961041722948,3.49726581766069,NA,NA,-109.320853507492,43.1059322606383
261,-1.69031938717064,-6.00513324333469,2.74642924838691,0.392576498990903,-3.10476123816428,3.96221229790054,-1.3244225026492,-6.5638417123987,3.81937710959577,NA,NA,-108.095712300849,43.225315942627
262,-2.24876002859386,-6.89908766092838,2.44568549309731,0.237102486453161,-3.51138431407124,4.0160281064239,-1.39682704696668,-6.94602369222582,4.00179603553293,NA,NA,-106.866525568173,43.3332516474493
263,-2.77749420571666,-7.66456252262548,2.08550773647119,0.0611137022443323,-3.8603179344664,3.96856750268377,-1.4026288145454,-7.0891063681178,4.14058231777244,NA,NA,-105.633669533668,43.4296773695054
264,-3.26824069766336,-8.34513973732782,1.69916487831231,-0.102675019936003,-4.10585452055774,3.90588828203529,-1.37746544443606,-7.1610029665544,4.31111985387523,NA,NA,-104.397549231449,43.5145378915457
265,-3.73631750870115,-8.9749784650454,1.32982146060723,-0.240177597099005,-4.30723625772383,3.83074195529786,-1.34894221073368,-7.17379575702224,4.3912812349152,NA,NA,-103.158569068504,43.5877920652492
266,-4.19601496120229,-9.47712811611102,0.915371928259247,-0.373813508234262,-4.49216382469375,3.71388670327912,-1.33012383695008,-7.2193373271666,4.39770102659881,NA,NA,-101.917152845092,43.6493888658671
267,-4.64590033889205,-9.97793544544094,0.457053970796058,-0.496246668815167,-4.66884295082604,3.59832151989275,-1.30707885159089,-7.16860479522282,4.44444894844647,NA,NA,-100.673709151462,43.6993005965851
268,-5.08488373235497,-10.4576943561978,0.035333313977867,-0.604079244797403,-4.80785735310638,3.51529816570468,-1.27700500591046,-7.11332569660934,4.47906116209805,NA,NA,-99.4286641267082,43.7374952021568
269,-5.52863984330587,-10.9315972829845,-0.465667731835126,-0.711105358001466,-4.91101803502436,3.39567949567613,-1.23617969026789,-7.00069955746695,4.49858794331268,NA,NA,-98.1824461526275,43.7639463450631
270,-5.97159809190109,-11.4292186077794,-0.874873081420784,-0.846745276905612,-5.05606803844413,3.23454410616499,-1.19439551792091,-6.94856486619664,4.45961448070292,NA,NA,-96.935472505759,43.7786544967904
271,-6.40726335122389,-11.8321902774169,-1.38579551455975,-0.997158743795388,-5.17980815561365,3.05170799304359,-1.131040502088,-6.80935007003678,4.51402063793332,NA,NA,-95.6881725038036,43.7815979068381
272,-6.83739364590305,-12.2682707213818,-1.8589175408339,-1.15953595238069,-5.35443131979929,2.83989774376506,-1.101837454866,-6.76711505287334,4.51120469303797,NA,NA,-94.440978485695,43.7727759934994
273,-7.20442288173535,-12.5983622655303,-2.31209881101886,-1.34789717889829,-5.52351361410966,2.64651694008532,-1.14658265698674,-6.767112699699,4.44643301206916,NA,NA,-93.1943260587188,43.7521957316197
274,-7.46591614378216,-12.8455747419024,-2.58992954547535,-1.54500835279456,-5.74479277511357,2.44389427801603,-1.32331068002682,-6.88663592469567,4.26904576440788,NA,NA,-91.9486374693534,43.71986314953
275,-7.60633470021924,-12.9277468267345,-2.79868648798849,-1.72205784797029,-5.90870262680081,2.22149402087941,-1.6242670736624,-7.15718057057919,3.93971411407702,NA,NA,-90.7043402792528,43.675807744886
276,-7.66763449897035,-12.9553985198721,-2.89402147747994,-1.83265085080687,-6.04014331635774,2.14471055268192,-1.96644133805612,-7.47359156461649,3.52336581373002,NA,NA,-89.4618568386701,43.6200475836663
277,-7.61332382367156,-12.854760014874,-2.86402557835527,-1.78685829183536,-5.97348114571841,2.16311849604841,-2.39495813223512,-7.98757079363887,3.11714055104884,NA,NA,-88.2216097450467,43.5526178418474
278,-7.44999588296084,-12.6704628396152,-2.72897649706368,-1.56245764168699,-5.74557930016987,2.40123569071996,-2.76418778560875,-8.4582329930762,2.84027042626631,NA,NA,-86.9840116192471,43.473555549981
279,-7.25587778327284,-12.5219726884693,-2.48269422635313,-1.26143457518135,-5.45809935138384,2.7660408561571,-3.01673304643411,-8.90176295683447,2.62614265362899,NA,NA,-85.7494728795877,43.3829013497705
280,-7.09706976029735,-12.450608271306,-2.20021458568636,-1.01706498311162,-5.24814236700021,3.11265744433341,-3.12557625799341,-9.19417011749898,2.70965567037425,NA,NA,-84.5183956416989,43.2807164612886
281,-6.96824269105803,-12.5116989355078,-1.87964250782451,-0.9143643125069,-5.32181050700158,3.40407946208837,-3.14366857271653,-9.48755405709204,3.00336803371241,NA,NA,-83.2911767576013,43.1670487370145
282,-6.87063655461028,-12.9545794551332,-1.27924708043094,-0.898654770564732,-5.72656175369099,3.85238515409487,-3.09627913749521,-10.0840614105322,3.68340840768201,NA,NA,-82.0682089615206,43.0419669338457
283,-5.98853967102219,-12.2895539587555,-0.142913338607431,-1.69578650566657,-6.77362304755517,3.24163230379872,-1.97343560180548,-9.45243863930728,5.30020367245402,NA,NA,-79.6365542122071,42.7578235443058
284,-5.92250058771698,-11.5624827845539,-0.745791859559456,-1.76374335131105,-6.29713116105182,2.63065761798662,-1.89909503443362,-8.65162461226171,4.64337771302538,NA,NA,-78.428580520681,42.5989157923603
285,-5.81008232171054,-10.9856511757791,-1.15556073139835,-1.84358154442323,-5.98081323666504,2.08817996351538,-1.8086475372748,-8.00734617836903,4.19360545523731,NA,NA,-77.2263272037138,42.4288965544901
286,-5.43519301322612,-10.180866049163,-1.24877415027826,-1.84369812007387,-5.65624689849467,1.78094685012349,-1.72321173089466,-7.5401723328794,3.90407626992475,NA,NA,-76.0301284088443,42.2478515984656
287,-4.31115597400458,-8.65850698537144,-0.341350791614018,-1.60890642354802,-5.2368991969606,1.84222781653993,-1.73436745508004,-7.33630863173142,3.65905093075831,NA,NA,-74.8403200902003,42.0558709974918
288,-3.43974709232168,-7.5674227430476,0.445907233759441,-1.65270684464837,-5.15560882842317,1.659365470236,-1.93570976722929,-7.49692346535364,3.38378815683076,NA,NA,-73.6572194988189,41.8530517027769
289,-2.83143731077712,-7.31790660962077,1.51357012829302,-1.2432556724933,-4.90822116446094,2.30256390262916,-1.97159702826304,-7.73351802218034,3.5101144773935,NA,NA,-72.4811314762533,41.639490726904
290,-2.83539495367406,-8.03328739927016,2.13157041885104,-1.22306278021316,-5.22306688291705,2.71631318600233,-2.31282803478652,-8.542397898494,3.47075877224643,NA,NA,-71.3123538469143,41.4152916195476
291,-2.79343080996728,-9.49868261778981,3.73728818632908,-1.20382980662505,-6.47249692123066,3.95411767885736,-2.41766220510755,-10.3331095702162,5.12667272262867,NA,NA,-70.1511655789659,41.1805592398721
292,-3.24951794456545,-10.5141659026148,3.82810358976405,0.343679092649706,-5.37035987583222,6.05059692240777,-3.02360292958915,-11.4614385631543,5.12493477185438,NA,NA,-124.366668889219,39.6957602560734
293,-3.253747935018,-9.85082227961958,3.14468487442758,0.352008568249832,-4.70829378777855,5.45442098854349,-3.06567986141116,-10.6766245879482,4.18585017633508,NA,NA,-123.237911513173,39.9531280518351
294,-3.23746189149123,-9.41315407141942,2.82392823335689,0.35106210586861,-4.3629791651652,5.13624691802267,-3.07257375371625,-10.2416467303833,3.77395042282561,NA,NA,-122.101199729495,40.2003292092095
295,-3.20356204506941,-9.12330300118818,2.57708909721684,0.335549363358243,-4.14169930231992,4.87536542009649,-3.04989736024628,-9.85728819925398,3.46259207475277,NA,NA,-120.956775030807,40.4372490703231
296,-3.12673502201473,-8.78922545143392,2.41893313930167,0.292911312469096,-3.99965821726386,4.62713395472032,-2.9837622425739,-9.51676505865319,3.21369847253764,NA,NA,-119.804891082338,40.6637886852378
297,-3.01404728904934,-8.41476543618172,2.25649779383314,0.231177859482282,-3.84452440054402,4.3746638192269,-2.85371740821117,-9.07636086954682,3.07846488172062,NA,NA,-118.645824188768,40.8798455566876
298,-2.83759392412692,-7.97862713081981,2.22815594387529,0.135591442138504,-3.77496912196516,4.0959683120169,-2.62834690060185,-8.58701296583332,3.07459221752817,NA,NA,-117.479846281863,41.0853237663888
299,-2.56504108929494,-7.42783592370768,2.24628293469271,-0.0170933626606611,-3.73373287603786,3.72825659085512,-2.26466099074488,-7.92439529959649,3.16873670430989,NA,NA,-116.307253081711,41.2801256236472
300,-2.19844778213346,-6.76804183548263,2.34382294211096,-0.258502547296826,-3.7949937665757,3.24724307780302,-1.72125701799222,-6.96595770341287,3.38305003189479,NA,NA,-115.12834432174,41.4641609531531
301,-1.83499825253188,-6.04378994516394,2.41352901113545,-0.612408003957025,-3.8479213031789,2.50174307138635,-1.00240775092524,-5.80192382868327,3.75285193570155,NA,NA,-113.943437455959,41.6373394386979
302,-1.5747230045761,-5.19776933212264,2.1459784197299,-0.907836488960847,-3.26141704108868,1.15959374334949,0.0638219269142882,-3.8824234120107,4.1250014986535,NA,NA,-112.752863359626,41.7995771202851
303,-2.28033618463364,-4.50248316755665,-0.285085807843419,-0.945386226998728,-2.67097133036901,0.642988247404136,-0.154199827266699,-3.03289040248883,2.7750977507915,NA,NA,-111.556944775385,41.9507926877976
304,-1.59435395743103,-3.12723644654492,-0.0338734760731026,-0.199629939113454,-1.45803395366651,1.26393256048075,0.134863619571476,-2.53903742304209,3.18979340695519,NA,NA,-110.356034267495,42.0909116462797
305,-1.90396544460442,-5.75896148234249,1.99937407100094,0.0468094559893014,-3.05370759331037,3.18331126395617,-0.577643505424888,-5.24233978921426,4.11155113806832,NA,NA,-109.150488620773,42.2198627844944
306,-2.2137301671072,-6.59803626902248,2.20897876022423,0.113662689041459,-3.42760327066424,3.67782879124924,-0.937846614983313,-6.19874148491527,4.26272908210261,NA,NA,-107.940667478358,42.3375751957261
307,-2.58571808590904,-7.28130949580732,2.11184298578984,0.0545586375149823,-3.73127786573854,3.85040199495414,-1.1207248809103,-6.69707836337701,4.37397117965433,NA,NA,-106.726946326634,42.4439915701453
308,-2.9914386095439,-7.91611545952805,1.85200357397655,-0.0588070622675932,-4.00373102346899,3.86748409188537,-1.20859574042788,-6.95619217791576,4.43952368808279,NA,NA,-105.509697791703,42.5390543168276
309,-3.40885308663196,-8.5119508084284,1.55388075910332,-0.181340464368652,-4.2297193845729,3.83620913739659,-1.24438000138645,-7.12241216452423,4.5294371426439,NA,NA,-104.289309879784,42.6227131278166
310,-3.80968077075767,-9.0498901009205,1.24908775153258,-0.289753965893464,-4.42858243310276,3.78186607120845,-1.25411669888872,-7.18639849755631,4.56334247535303,NA,NA,-103.066177162309,42.6949157705262
311,-4.21657452781573,-9.50875538204249,0.924271366475836,-0.412518827156829,-4.58686362887933,3.707897324353,-1.27542405566435,-7.21540297480893,4.55220793013667,NA,NA,-101.840688736394,42.7556332782465
312,-4.62944952670312,-10.0218589350877,0.502143920826248,-0.526401106918095,-4.72621688985213,3.60089575268825,-1.2781358053135,-7.23888937820463,4.56212600146232,NA,NA,-100.613255821384,42.804826995459
313,-5.01988466632189,-10.4159458084717,0.100308016577212,-0.632569100037007,-4.84822793504959,3.50062848349667,-1.26559169154359,-7.24844251430173,4.58530074462451,NA,NA,-99.3842823482881,42.8424715138687
314,-5.41101254352724,-10.8461263499782,-0.311652573622349,-0.731203391888156,-4.97146780769296,3.42542480972521,-1.25603388612278,-7.18423246243305,4.56699038797056,NA,NA,-98.1541775260997,42.8685462874996
315,-5.8045737009909,-11.2644865703076,-0.694294506331859,-0.844330124675664,-5.07638048169567,3.30376644132663,-1.23026255570618,-7.13770086864735,4.55248846476383,NA,NA,-96.9233507319464,42.8830394587131
316,-6.17594329362768,-11.6399434857376,-1.08053195768242,-0.984356641308028,-5.22182560151608,3.14150926919615,-1.22188169350047,-7.11478796263904,4.59577640241196,NA,NA,-95.6922100953912,42.8859395914119
317,-6.53275424761785,-12.0109961614672,-1.48931717121436,-1.1219004398008,-5.35254168152997,2.95080713221816,-1.25282580547003,-7.11964931735185,4.51475049781908,NA,NA,-94.4611752895052,42.8772458689184
318,-6.81874511420055,-12.2518113981526,-1.79011295538878,-1.26938054561712,-5.49962977387407,2.79047439443269,-1.32032801985827,-7.10605110861953,4.4433919681229,NA,NA,-93.2306547085955,42.8569599636002
319,-7.04273841815647,-12.4807943713427,-2.04793472601284,-1.41442919168545,-5.68344456939574,2.65758642586351,-1.46990112190533,-7.25820118977656,4.28058381489069,NA,NA,-92.0010611132426,42.8250978321817
320,-7.18871985302677,-12.6028756945324,-2.24923372021072,-1.53503906425681,-5.79912886281532,2.54058204660536,-1.67038642061417,-7.44178634056812,4.08077287199855,NA,NA,-90.7728080284661,42.7816733584782
321,-7.25752998324582,-12.676331587305,-2.30623212327982,-1.58947892742508,-5.85664325079677,2.50625327058374,-1.93512911524054,-7.72510770157812,3.78963393519208,NA,NA,-89.546299405688,42.7267126099512
322,-7.22713327916511,-12.5979913259005,-2.34962645598198,-1.57069052724844,-5.83077706926943,2.51670525594642,-2.22618073917988,-8.08467558212389,3.5240799299599,NA,NA,-88.3219380381429,42.6602447903749
323,-7.1353638572911,-12.4884661943299,-2.22018994622993,-1.45511638278346,-5.72905982255295,2.65744892063059,-2.47191991177141,-8.37334775259612,3.34532761914489,NA,NA,-87.1001248449407,42.5823074529897
324,-7.01966565065044,-12.406199706725,-2.08493437812714,-1.29744261013916,-5.58533182008284,2.85134657733505,-2.66195456383745,-8.65744209208148,3.19309976532063,NA,NA,-85.8812603208715,42.4929406001126
325,-6.89008326632695,-12.3600502648221,-1.8937165292549,-1.16488354148665,-5.51508425134858,3.04238892280501,-2.746309098681,-8.91311536302679,3.23215620617489,NA,NA,-84.6657250251664,42.3921954325942
326,-6.75016378974513,-12.3076545666637,-1.69414028388475,-1.1098489636607,-5.55237353247664,3.1703708598062,-2.74317518135182,-9.09405156948332,3.34410806092372,NA,NA,-83.4539037129285,42.2801213255464
327,-6.57483832499947,-12.2069585207486,-1.38787026030496,-1.1522968917485,-5.68282318472607,3.21444818461244,-2.63330197312954,-9.09174599522537,3.60209771310905,NA,NA,-82.246177195223,42.1567819303924
328,-6.2507901546199,-12.1738073831581,-0.734171888973447,-1.34071952299468,-6.19116927803123,3.30701845854702,-2.31265989709194,-9.21374840219888,4.37137264457861,NA,NA,-81.0429093092304,42.0222406230526
329,-6.01396873814619,-11.6360507193819,-0.832444695471081,-1.52591874591232,-6.11813833503522,2.87769624933802,-2.09521744177624,-8.69883197751285,4.30158697362997,NA,NA,-79.8444546482191,41.876563949559
330,-5.8279465946736,-11.3490079550979,-0.76887329080729,-1.6178894261134,-6.09675247653827,2.68364439614633,-1.98118005130897,-8.50736253019632,4.35531065986193,NA,NA,-78.6511643630983,41.7198283788934
331,-5.60903301909191,-10.9003716402425,-0.750788974797192,-1.66414663249822,-6.00398090632737,2.42953656076789,-1.90427905756816,-8.22107462304665,4.20409891741746,NA,NA,-77.4633802864788,41.5521113546796
332,-5.23616265529606,-10.315317409716,-0.570242556625289,-1.66198570830421,-5.82983968236035,2.30217370532335,-1.85419115420871,-7.98618000283648,4.12410516918828,NA,NA,-76.2814340387216,41.3734948398519
333,-4.62279118723807,-9.55641128058441,-0.0760812293508686,-1.58501556939288,-5.67204836711497,2.31044216813189,-1.86098967728783,-7.96391159613182,3.99681225043379,NA,NA,-75.1056436530582,41.1840657562154
334,-4.01103978920073,-8.87995588174992,0.585225817752705,-1.53238921200672,-5.60321626254265,2.35276395383119,-1.93741985275449,-8.04209639485016,3.89500412601701,NA,NA,-73.9363196358531,40.9839148243017
335,-3.29971160996046,-8.74277450166766,1.97338039920678,-1.35695660726699,-5.8323483016666,2.97421630101978,-2.02467394657693,-8.7497009564306,4.4273344200467,NA,NA,-72.773758580985,40.7731342127787
336,-3.06696041099402,-9.39880722637385,3.05575232139991,-1.29166652687628,-6.39893329691781,3.67449874247233,-2.17015523442389,-9.78517953915862,5.14249613953432,NA,NA,-71.618249501135,40.5518241974476
337,-3.2037902720295,-10.4535330827565,3.86801867286923,0.288934042922388,-5.38082303170581,5.96491832289687,-2.85477338706706,-11.2401475294794,5.20832396363879,NA,NA,-124.02466717871,38.8424668401163
338,-3.20490566086799,-9.81182725914352,3.21477652861914,0.284059639143986,-4.85054230073578,5.43450054172266,-2.84307060308435,-10.5158626943228,4.49519301827409,NA,NA,-122.907985943425,39.0967675061304
339,-3.19326412833514,-9.43956164966414,2.8791457952646,0.27781127191737,-4.50021347668779,5.09950964772759,-2.80854918129223,-10.0355727775728,4.13643940050952,NA,NA,-121.783619133343,39.3409702251509
340,-3.15442165127353,-9.16784777504518,2.67405103910245,0.248273770863064,-4.31017406972682,4.84717953972978,-2.7399616690655,-9.63856556423825,3.89314637200401,NA,NA,-120.651806753046,39.5749805978363
341,-3.07136699624196,-8.81954863845135,2.56048659112167,0.198552481000796,-4.16488192687541,4.62745464261296,-2.63109292080874,-9.23950326114421,3.7689386518399,NA,NA,-119.51279218513,39.7987035291027
342,-2.96320557227404,-8.44375772369615,2.43974289483026,0.134727262927681,-4.07794110035019,4.39610389302093,-2.47213041027094,-8.78897816879651,3.64258096704699,NA,NA,-118.366840144988,40.012046616231
343,-2.82616774841421,-8.06941378414854,2.35920335988845,0.0440800197328894,-3.99855008105109,4.12724298056874,-2.21785193879631,-8.25606344806633,3.67300323866909,NA,NA,-117.214222868428,40.2149158315049
344,-2.62757695611792,-7.62508569244798,2.30480009918104,-0.0902640813115006,-3.96145873985279,3.79028202164457,-1.85606810478709,-7.63133776516653,3.79168435094008,NA,NA,-116.055222960757,40.4072198239495
345,-2.42010561612544,-7.19212956179531,2.30211717500704,-0.263623220988589,-3.97496454736438,3.40412584095291,-1.33024275559134,-6.79918538435689,4.02802492493339,NA,NA,-114.890134705471,40.5888730639049
346,-2.26658347443701,-6.71841408790682,2.16301247233294,-0.465616139514003,-3.93990503767368,2.94143481586244,-0.603973950498797,-5.68554391744206,4.50124718931443,NA,NA,-113.71926692808,40.7597899382393
347,-2.31339963502199,-6.34706456778808,1.68216605250837,-0.625329796963228,-3.6813816369006,2.32577464120676,0.44308079762512,-4.06873348132474,5.0798322825005,NA,NA,-112.542930205307,40.9198908281501
348,-3.02044567860427,-5.94541018279015,-0.497443882203919,-0.691469753788532,-1.61974031423638,0.0727216952356124,2.08895292162518,-0.332278003342871,5.04799791820909,NA,NA,-111.36144948593,41.06909979067
349,-3.16929790942252,-6.12615829498417,-0.539647759427701,-0.567322903789767,-1.44123887503443,0.228026025633484,0.0261119684347114,-4.01676942126764,4.04902169393873,NA,NA,-110.175158649969,41.2073448359788
350,-2.64068475040512,-6.77489866163509,1.3561448644901,-0.168109251719568,-3.30646143543232,2.95206941038813,-0.367578256311502,-5.29348063881007,4.57944242497413,NA,NA,-108.984400313954,41.3345568546214
351,-2.67718751668358,-7.22952009112739,1.77351549351602,-0.0598648971190363,-3.6373866884916,3.51785462739439,-0.706000998842873,-6.08079202503545,4.6590377721564,NA,NA,-107.789526802437,41.4506758964338
352,-2.9042610469014,-7.72099432357586,1.82948036861898,-0.0793098057457376,-3.90190311079555,3.75722148992299,-0.919645333112111,-6.52780138386997,4.65798498624371,NA,NA,-106.59089321746,41.5556414409199
353,-3.21167002720606,-8.23124180207827,1.68209208794242,-0.154451012839679,-4.11224570075031,3.83824551442734,-1.05758614613943,-6.82810104731181,4.67816481733949,NA,NA,-105.388866783082,41.6494033927703
354,-3.55973686891975,-8.7248685232367,1.46078068554107,-0.249008124105138,-4.3296415154485,3.81489906349796,-1.14788273566728,-7.0530152147396,4.6911589805517,NA,NA,-104.183816639022,41.7319112061745
355,-3.90042490216806,-9.17491668304344,1.1812149260478,-0.336132690168968,-4.50065631232966,3.79510464340238,-1.18634188141221,-7.18834704322339,4.68724175679719,NA,NA,-102.976127108277,41.8031169696211
356,-4.24999868081171,-9.59699104073642,0.900605616515684,-0.438637555531198,-4.59919451286391,3.69316078176372,-1.22411733505611,-7.20069491400838,4.64429688869192,NA,NA,-101.766174148434,41.8629927325748
357,-4.60232662237135,-10.0296974290828,0.573578244353545,-0.549730516322909,-4.75035676613459,3.59633135473643,-1.24947250921075,-7.27995815411001,4.65346811204893,NA,NA,-100.554346689676,41.911503280644
358,-4.95450298003701,-10.4227670516103,0.200245195014122,-0.653319864795985,-4.90679996358618,3.52108306791016,-1.2527894862093,-7.29133293109432,4.68206593015403,NA,NA,-99.3410346863698,41.9486254730008
359,-5.30181581661695,-10.7585614027512,-0.151294370217228,-0.743720400474286,-5.0174297637808,3.44834802409118,-1.25794996626171,-7.31943895273496,4.67170714721612,NA,NA,-98.1266346638523,41.9743378408648
360,-5.6418994223775,-11.1368497991584,-0.49594534234652,-0.847934413534853,-5.09829033248164,3.33784831312985,-1.25949438096263,-7.27701749835345,4.6516495795392,NA,NA,-96.9115395157956,41.9886267304627
361,-5.97093712693466,-11.4287422536736,-0.791217581846179,-0.966597891457282,-5.2397475612227,3.23386466756698,-1.28506711263107,-7.30324799656861,4.61419664169342,NA,NA,-95.6961446528039,41.991486078231
362,-6.26472105025685,-11.7414872553789,-1.07659354593709,-1.08307892584319,-5.35619610590856,3.0957438279941,-1.32458808859198,-7.30073998353186,4.58184740609894,NA,NA,-94.4808485830904,41.9829135492977
363,-6.51388114419232,-12.0115622972678,-1.38030974304773,-1.19299992548807,-5.44838064875593,2.96261855667154,-1.40946904871133,-7.31888167500827,4.45160852175001,NA,NA,-93.266052908834,41.9629091532816
364,-6.71250786592196,-12.2001264435208,-1.61329730390046,-1.30681135586514,-5.61427108736426,2.84108004260468,-1.52875168688901,-7.45964675672683,4.39257940870976,NA,NA,-92.0521452789278,41.9314906325088
365,-6.85037091484015,-12.3463858611653,-1.79346985116144,-1.39726502437392,-5.73609231190624,2.74180903801436,-1.68297905430145,-7.64055488075578,4.22469794284826,NA,NA,-90.839526788387,41.8886696516792
366,-6.91298232532378,-12.4115906106859,-1.85019621940969,-1.43651499584406,-5.7697251245405,2.73944811585551,-1.87845291894881,-7.87591849243137,3.99211150922168,NA,NA,-89.6285889024042,41.8344717157659
367,-6.91034359340861,-12.3888593096535,-1.85708376133469,-1.43066399973743,-5.78327275517865,2.74879885636109,-2.08163630579452,-8.14670640187422,3.88368298143122,NA,NA,-88.4197175457727,41.7689244091229
368,-6.86310628827407,-12.356031273613,-1.78699279020332,-1.38073560412974,-5.77376331030031,2.82032762060239,-2.26044946299727,-8.31772231229822,3.69268222955111,NA,NA,-87.2133024335968,41.692060123963
369,-6.78092840504745,-12.2385107734568,-1.70175161395611,-1.30117184021358,-5.70367438598938,2.90530889292339,-2.39815912744122,-8.55656669912875,3.62299456066471,NA,NA,-86.0097184343607,41.6039223021239
370,-6.69622154381,-12.239457055268,-1.58480591637241,-1.23268084854202,-5.64456685018068,3.05350941770164,-2.46905022068364,-8.7475383055599,3.63680247303063,NA,NA,-84.8093409789062,41.5045530421012
371,-6.56005184403643,-12.1418302356124,-1.41242245798495,-1.21170643849439,-5.69692557943419,3.10667584225025,-2.46459272451728,-8.80266829585661,3.69654074290383,NA,NA,-83.6125428482249,41.3940018941463
372,-6.39844711186986,-11.9859687142086,-1.208477722489,-1.2537261072044,-5.83093174445342,3.13144554606482,-2.3933357156444,-8.85344783799707,3.81822778047306,NA,NA,-82.4196830369011,41.2723284259948
373,-6.17393855237984,-11.8204910334816,-0.925026831359398,-1.34124291084614,-5.9517815091809,3.06631292035419,-2.23876061895521,-8.79922431090755,4.12757186968561,NA,NA,-81.2311182419823,41.1395912895322
374,-5.96894681997078,-11.5336768080697,-0.79559774391214,-1.44036784587569,-6.0544675697885,2.93234536103714,-2.10471602571256,-8.64950877411259,4.24007164705881,NA,NA,-80.047189593144,40.9958571056395
375,-5.77413630115467,-11.2933703786804,-0.659078557212079,-1.51493383440739,-6.08695992753815,2.82881608589013,-2.01443713986727,-8.62135194392383,4.31528126726594,NA,NA,-78.8682390611401,40.8411933649345
376,-5.56248423492948,-10.9949560333741,-0.524438495015648,-1.55420795091563,-6.04915187137802,2.73640766151664,-1.95219827439116,-8.43494949147475,4.36542556331889,NA,NA,-77.6945959284787,40.6756770333937
377,-5.2747632649076,-10.658528223791,-0.263996588780546,-1.56429273508858,-6.05602719734846,2.68623455589994,-1.90523352061772,-8.4008470892845,4.3451356578648,NA,NA,-76.5265788372098,40.499384451219
378,-4.93103587050291,-10.3565298113318,0.137706972169583,-1.53803980865596,-6.04900800382554,2.74615561008519,-1.90935140181641,-8.5027276881492,4.3904756616308,NA,NA,-75.3644980606552,40.3123952820703
379,-4.66277458343941,-10.4636310052584,0.826280872123362,-1.52473870827275,-6.35961335388167,3.09559685735771,-1.93814899783654,-8.925433672139,4.78232185918079,NA,NA,-74.2086542262029,40.114797506282
380,-3.15800607319431,-10.4754764464725,4.02327279908012,0.242293930517373,-5.5256804369247,6.01713896175773,-2.69286571235199,-11.2132144674733,5.58026691799163,NA,NA,-123.690575175088,37.9883530050156
381,-3.15750115001523,-9.82933742580331,3.36733682384349,0.22856689906787,-4.96481207169979,5.44930499336342,-2.64950303458774,-10.3840905532241,4.81533606460737,NA,NA,-122.585745468367,38.239691350883
382,-3.15567838472021,-9.45452039694308,3.03130343009986,0.206820866893038,-4.65452792563238,5.11115090207773,-2.5702814885739,-9.90248174014669,4.46872253425905,NA,NA,-121.47348888451,38.4810169528956
383,-3.11577580708594,-9.18003104212108,2.79609585903746,0.177815123982053,-4.47011413563241,4.87018770643079,-2.47476461949565,-9.46363919889058,4.27730557222695,NA,NA,-120.354038648524,38.712245495553
384,-3.04689962501612,-8.84912343690542,2.63363763063452,0.133161900873719,-4.32520600215236,4.65031213125115,-2.35073040301254,-9.04534611708777,4.13228555000639,NA,NA,-119.227631525795,38.9332683676049
385,-2.94896726316127,-8.52409953159433,2.5021215986324,0.0776909596447848,-4.22553467479809,4.38870829952274,-2.1680063655724,-8.56062170734552,4.08207699128972,NA,NA,-118.094522470213,39.1440086195691
386,-2.84031187841268,-8.17520126628047,2.43409578457882,-0.0019878943444148,-4.16465970905534,4.16123887704467,-1.92039266166089,-8.10311598467942,4.15067309521004,NA,NA,-116.954982492597,39.3443817106297
387,-2.70468876201931,-7.86295348124403,2.34867594341362,-0.108413631306568,-4.12343326140617,3.89354228501158,-1.58546758084446,-7.49398384001782,4.26019511015187,NA,NA,-115.809282161801,39.5342958913394
388,-2.58760516958411,-7.53751669732127,2.27150344690888,-0.235945636946171,-4.07425622985333,3.57369554222054,-1.12554987866767,-6.79476929872482,4.49149687487228,NA,NA,-114.657709939626,39.7136684469224
389,-2.47747417585641,-7.15036087217686,2.15445825611779,-0.347873031348994,-3.98021956945101,3.21781093037958,-0.526714471728965,-5.84273897514082,4.8357713423591,NA,NA,-113.500564444049,39.8824215502567
390,-2.39665247707389,-6.68985701620934,1.8370470850986,-0.412541285829138,-3.64299344036886,2.74579504611124,0.255202654573906,-4.55066243198689,5.18906016483286,NA,NA,-112.338143945367,40.0404788793236
391,-2.1653087489257,-5.49897415966287,0.812103251234481,-0.366626278488799,-1.54937127358445,0.853323368184032,1.26864523029691,-1.91705365141253,4.76501016998711,NA,NA,-111.170764411934,40.18776930806
392,-2.66617364955061,-6.34090678490684,0.473751202889146,0.117392681787913,-1.58082005764469,2.31540459457562,0.46374348380255,-4.166994340323,5.27813285086345,NA,NA,-109.998749984575,40.3242257181423
393,-2.79739017913731,-7.1724777478095,1.43513532538095,-0.0784925723351483,-3.36106576364817,3.22587460392412,-0.192845037493455,-5.35432051439347,5.0656916778036,NA,NA,-108.822429612141,40.4497773098035
394,-2.9348440681575,-7.66867205290668,1.64721336881906,-0.12842202767963,-3.78067532932912,3.55548836330571,-0.570933793987775,-6.08076433439379,4.98971360098209,NA,NA,-107.642143820197,40.5643699474026
395,-3.14378344969446,-8.08126192478703,1.66683773160015,-0.171619788033304,-4.04575697416698,3.72325645169027,-0.799323637281655,-6.4971090304031,4.91825184607652,NA,NA,-106.458235640887,40.6679518955742
396,-3.39435155199759,-8.4448415664274,1.53190013466325,-0.228610059415204,-4.2435488494246,3.78844250350034,-0.953683893110456,-6.82142058284274,4.8833508452028,NA,NA,-105.271059236609,40.7604693298299
397,-3.68753580584476,-8.88323296095048,1.38985487065001,-0.298499130698856,-4.4231617429058,3.78630972016339,-1.05851038653565,-7.00913298130286,4.87826384357126,NA,NA,-104.08097448227,40.8418772253529
398,-3.98462369025098,-9.27995306538829,1.1407072756822,-0.380870556966128,-4.58442362777013,3.77301131992671,-1.13148994644854,-7.19794541545424,4.84489880980481,NA,NA,-102.888343292226,40.9121347144876
399,-4.29157168890975,-9.67980709529395,0.88505903517042,-0.46658163360131,-4.68237732611427,3.70925158045366,-1.17697972707088,-7.25011636738585,4.80475199847019,NA,NA,-101.693534863631,40.9712072746865
400,-4.60679367420448,-10.0774998659268,0.599008024509602,-0.556703076321078,-4.79647662466927,3.61889692784236,-1.21629357723298,-7.29372742768491,4.82684058463082,NA,NA,-100.496920670694,41.0190657809495
401,-4.90251352330678,-10.3776218286147,0.329648078231423,-0.643203100095304,-4.91636811110041,3.56654221992136,-1.23543703834662,-7.35037958395108,4.83231299023655,NA,NA,-99.2988801756839,41.0556868237843
402,-5.21219032405947,-10.7440432944684,0.0497779961441182,-0.737666204346847,-5.03257332688527,3.52009483573566,-1.25645854714619,-7.39931078057701,4.76902955922464,NA,NA,-98.0997890019451,41.0810524766069
403,-5.50633647507397,-11.0495762471504,-0.250676762051768,-0.836646295671525,-5.15386336477851,3.3955205070064,-1.28156669880466,-7.42099693139277,4.75118946673213,NA,NA,-96.900029261422,41.0951476604923
404,-5.777760532566,-11.3100422222268,-0.478120078018534,-0.941713624283268,-5.28608557246343,3.30808631287364,-1.31979704032132,-7.43891952142389,4.66646009213224,NA,NA,-95.6999824523253,41.0979674220134
405,-6.03514504455893,-11.5396187036554,-0.746453867353248,-1.04385933945394,-5.37911241938299,3.18012132958489,-1.36880118304221,-7.45226690341884,4.63830197417379,NA,NA,-94.5000225027118,41.0895118518794
406,-6.25449393900184,-11.7627549055,-1.01483571083797,-1.12580533178756,-5.48846447430599,3.10839345682219,-1.4456885951426,-7.55248629711023,4.54310173582962,NA,NA,-93.3005547598557,41.0697780913334
407,-6.43073689479532,-11.9680700172404,-1.24013768315179,-1.21076383687505,-5.59275011545823,3.02757449394896,-1.53883259370717,-7.67032938166521,4.50194583382507,NA,NA,-92.1019394546199,41.0387822324557
408,-6.56004464992387,-12.1048980408687,-1.40225583102566,-1.28375268605895,-5.66471610435907,2.94153937212563,-1.66711898140849,-7.78936435736884,4.34413033381421,NA,NA,-90.9045686463151,40.9965395761819
409,-6.62084600062802,-12.1753165468255,-1.47008105908737,-1.33307232060344,-5.76616995047555,2.94218604149988,-1.82226786420123,-7.97636105391021,4.23212085062501,NA,NA,-89.7088101887789,40.9430683142658
410,-6.64209115974755,-12.2186194945736,-1.45528553498309,-1.34088287415802,-5.7736429026949,2.91383396005005,-1.96332035359282,-8.16584805903157,4.14079889030583,NA,NA,-88.5150437818865,40.8783975984254
411,-6.62053123718287,-12.2185079154044,-1.42217845109113,-1.32329090733005,-5.79017992815535,2.98355644369503,-2.0943663362763,-8.3520693791007,4.01009612299573,NA,NA,-87.323639297194,40.8025615909423
412,-6.56387306918518,-12.1446263216349,-1.35014152299905,-1.28732784721036,-5.76616190092605,3.02492258830618,-2.20398036276727,-8.50255919753363,3.94965702051666,NA,NA,-86.134963841458,40.7155940766201
413,-6.50060922794399,-12.139338244921,-1.26314858674049,-1.25656998215773,-5.74604588508828,3.09122270001741,-2.26053117670184,-8.69697639214293,3.96085955229757,NA,NA,-84.9493777694851,40.6175391591221
414,-6.39117217746668,-12.0276125924744,-1.12064694051922,-1.26218997418354,-5.8381508810895,3.1222426401685,-2.26935729337886,-8.71771441896033,4.02914347774837,NA,NA,-83.7672382885002,40.5084429773383
415,-6.26407181425437,-11.8924999049396,-1.04774290874902,-1.29363428053001,-5.91822111392516,3.10727413787303,-2.23139996104596,-8.73949795985914,4.059918919687,NA,NA,-82.5888945111626,40.3883613812353
416,-6.09166874963257,-11.7196856207123,-0.827899332006058,-1.34209505893156,-5.99072412944297,3.09922953297552,-2.14376591476702,-8.72171942394908,4.21243040756919,NA,NA,-81.4146844466061,40.2573492311621
417,-5.93151920690393,-11.5389696323734,-0.672139114954602,-1.39513491412638,-6.04107743628622,3.05695512165304,-2.06841958093125,-8.68692923334568,4.32872200172501,NA,NA,-80.2449461441666,40.1154701580989
418,-5.75843412031424,-11.3881853639047,-0.486238197959977,-1.44723418272923,-6.10741332966006,3.00919546045063,-2.00501466822554,-8.68569751826199,4.47161774897911,NA,NA,-79.0800084521777,39.9627891903775
419,-5.57530668942727,-11.213430307169,-0.314406301227269,-1.48211101743801,-6.17831411828121,2.99245093105947,-1.95281987762539,-8.67718867145632,4.56093346107699,NA,NA,-77.9201832427106,39.7993758387588
420,-5.36686843327825,-11.0546145931321,-0.0508638583614473,-1.49453610176338,-6.23569652460463,3.02269748650414,-1.91820357120894,-8.7168204720624,4.61272381299134,NA,NA,-76.7657864466883,39.6253048987876
421,-5.16777984285638,-11.0087046253566,0.302490993339397,-1.48866011258236,-6.36206817181372,3.1413668295839,-1.9220246421463,-8.89341733682319,4.77420587619432,NA,NA,-75.6171147550378,39.4406542768368
422,-5.03076309205638,-11.3119989284663,0.921169175677737,-1.48759840502653,-6.71008091419461,3.53259058405768,-1.93504567958499,-9.44048087672049,5.24781913888819,NA,NA,-74.4744641371131,39.2455035256483
423,-3.13612571096876,-10.9573741994289,4.57403652196068,0.209644572342061,-5.96702864666404,6.41193111574654,-2.57396473441951,-11.7069949534131,6.32634412914265,NA,NA,-123.364139802869,37.133237709461
424,-3.1318015533682,-9.85358967735168,3.54107484142155,0.178528028983058,-5.108933622806,5.46121656860471,-2.45993559999041,-10.3136796398917,5.15027739523402,NA,NA,-122.270940439918,37.3817316655807
425,-3.12925261288189,-9.48054527732567,3.11687665724322,0.151134812836896,-4.80367445047228,5.14400888350731,-2.35602843319439,-9.71190213286991,4.83725778329385,NA,NA,-121.170556370058,37.6202990460882
426,-3.09359347184121,-9.20782571233435,2.90201245037621,0.117673372014013,-4.61819198121058,4.86171747175424,-2.25952232060464,-9.2954256623502,4.65419520198349,NA,NA,-120.063216515436,37.8488565238208
427,-3.03615111314479,-8.90718296618874,2.71130437720765,0.0732170396182253,-4.47300510605702,4.65004878751501,-2.12781274962662,-8.89886675930436,4.5079280137177,NA,NA,-118.949164906707,38.0672969781992
428,-2.96120992534866,-8.61158633308044,2.57902178827295,0.0252271679513332,-4.41875094945996,4.44774391168803,-1.94844662740008,-8.50471221206452,4.48930733142393,NA,NA,-117.828634808273,38.2755478091655
429,-2.88930240495041,-8.35489542295689,2.47987995729002,-0.0432070902300485,-4.33865414626979,4.20838838378091,-1.70837346124349,-8.02410397612655,4.52533319283928,NA,NA,-116.701898442097,38.4735261614019
430,-2.80270108084769,-8.06157850902234,2.39702371330099,-0.120835693407184,-4.26765315564506,4.01209904228448,-1.42401955316127,-7.53679451640192,4.60307949810846,NA,NA,-115.569216507636,38.6611511293628
431,-2.72244797938731,-7.83444042442535,2.31927240742083,-0.213323353369501,-4.22604197269837,3.77047957775963,-1.06195562544223,-6.92499220584675,4.76731867129592,NA,NA,-114.430864334256,38.8383413992471
432,-2.65560358316039,-7.55287790113105,2.21385944243158,-0.280710163198248,-4.0987687321106,3.50093344773196,-0.628706665906932,-6.26378395713205,5.00857699489266,NA,NA,-113.287134549627,39.0050231809484
433,-2.61749385446792,-7.30796132613559,2.02553046804877,-0.308514699597104,-3.91709896682212,3.24764664806844,-0.144768394846815,-5.48929210817559,5.27080394102651,NA,NA,-112.138316914213,39.1611262238652
434,-2.6125204544111,-7.09025052524193,1.73023956552892,-0.264085861666098,-3.55724901799049,3.01216030025351,0.22343150543941,-4.78805719304812,5.41201481441153,NA,NA,-110.984716291787,39.3065802889194
435,-2.80823552260404,-7.31139813924811,1.54912307522188,-0.131083051833998,-3.49706740798693,3.24527604605478,0.0249218151533415,-5.22611190927865,5.38496959465158,NA,NA,-109.826648326472,39.4413270905346
436,-2.96624893930121,-7.66877205193549,1.60914225750749,-0.156344585608438,-3.76294405964331,3.4755857125954,-0.297370582394575,-5.77469601465125,5.24820909219465,NA,NA,-108.664425877166,39.5652914364816
437,-3.11838907477582,-8.0097257598136,1.65781337938133,-0.193044083511736,-4.01976906379204,3.63928861476238,-0.561315059912457,-6.27166573645933,5.21774296946165,NA,NA,-107.498379620196,39.6784269898166
438,-3.31789957762528,-8.36773354026209,1.58459361613119,-0.23130205652121,-4.187570970073,3.77066512119101,-0.762413058878224,-6.60151043738984,5.12219188156261,NA,NA,-106.328849223869,39.7806861639027
439,-3.54591459174943,-8.67275273977111,1.46205590275188,-0.285332330204533,-4.40385514958095,3.82040386102187,-0.907793872347051,-6.87357164610971,5.06106137734649,NA,NA,-105.156164121953,39.8720145010301
440,-3.79103873635674,-9.05079301778785,1.34196317701282,-0.336254451362415,-4.50233106793457,3.78895991195686,-1.01584908458886,-7.07466833931475,5.00838734108006,NA,NA,-103.980677204383,39.9523738001415
441,-4.05079639442648,-9.37733396801463,1.13900722945028,-0.406125274871942,-4.61384636203882,3.79097718062726,-1.08987010035157,-7.24423355575006,4.95860233369436,NA,NA,-102.802738668306,40.0217208316808
442,-4.32443760060539,-9.72708139659501,0.934918432511946,-0.485217427341839,-4.71696692572202,3.74218687625587,-1.13787428492338,-7.26274161602198,4.92937590534547,NA,NA,-101.622700582812,40.0800264655784
443,-4.59462183398184,-10.0630423526245,0.680723356086905,-0.560889943699155,-4.80689763691753,3.64953259043462,-1.17434015677103,-7.34280955168258,4.95727041769532,NA,NA,-100.440924837769,40.1272612847441
444,-4.86559004912584,-10.374911655342,0.412208665261115,-0.63922835926181,-4.94475797114772,3.61555712190595,-1.20963561968322,-7.41823481098481,4.91010748864078,NA,NA,-99.2577747951668,40.1634055044929
445,-5.14238679738895,-10.68811905793,0.173535511950399,-0.728266829274655,-5.048145259993,3.54365166862916,-1.25685599284376,-7.47093286667787,4.86928565844659,NA,NA,-98.0736130638335,40.1884389212326
446,-5.39891712271155,-11.0078480251328,-0.0613700939169503,-0.824174863329091,-5.19413731098783,3.45068788574243,-1.29476157194103,-7.49547147495487,4.81801145742597,NA,NA,-96.8888070694395,40.2023503597627
447,-5.6307466311735,-11.214860749215,-0.28667270318892,-0.910820712260041,-5.27986845389055,3.37742049246575,-1.33626180142749,-7.51828989132557,4.76823681189558,NA,NA,-95.7037246441612,40.2051329417067
448,-5.85625507485843,-11.4231127180544,-0.512321731677938,-0.994991026775382,-5.4031631538102,3.30441520817411,-1.390261578018,-7.61489328033359,4.71210578738486,NA,NA,-94.5187325079532,40.1967870721733
449,-6.04601339588723,-11.5865341113358,-0.684211202807283,-1.07143496281874,-5.49989697298313,3.27119377436766,-1.45684911091522,-7.7114868023123,4.6597647985743,NA,NA,-93.3342014057342,40.1773131918377
450,-6.19952613711995,-11.7927025474599,-0.898848571726415,-1.14465635176976,-5.5516465493838,3.1840107516051,-1.53910691946703,-7.78698060805853,4.59224864021675,NA,NA,-92.1504974387415,40.1467208385896
451,-6.32207066550931,-11.906541659414,-1.03963633579938,-1.21264002201233,-5.67576250311178,3.12298160333922,-1.64531364103347,-7.97069266130357,4.48231098048952,NA,NA,-90.9679923341251,40.1050265786383
452,-6.3776558444545,-11.9660919439806,-1.09482987199505,-1.26162728540865,-5.77075259033612,3.08938580101285,-1.7558438282666,-8.0771612565453,4.41937613936889,NA,NA,-89.787043447119,40.0522523996091
453,-6.40853153074474,-12.0167310506285,-1.09895268665077,-1.28018238250207,-5.77872012852289,3.07556636482943,-1.86960994196322,-8.19858159113428,4.35030163931483,NA,NA,-88.6080093209986,39.9884213180666
454,-6.4128536910125,-12.0679393252674,-1.10472037405028,-1.28119801662967,-5.81064900112496,3.10686555110211,-1.96834811109472,-8.30275234905264,4.2857201790454,NA,NA,-87.431250321447,39.913563387544
455,-6.37536906142677,-12.0378994710707,-1.02730591342231,-1.26134797167405,-5.80352136209385,3.15650150805409,-2.04573071872307,-8.47562627315838,4.20856208173798,NA,NA,-86.2571201639262,39.8277180118406
456,-6.32124246060743,-12.0265572255064,-0.980533363652034,-1.26459153959211,-5.86443281228488,3.17289354152042,-2.09432716888773,-8.62482462031593,4.22282270249678,NA,NA,-85.0859688685511,39.7309164528084
457,-6.24305749412906,-11.9627920982259,-0.856590449349888,-1.27679880050258,-5.90492849265958,3.17636104889881,-2.11998895017393,-8.68212553574287,4.21913002236465,NA,NA,-83.9181388324194,39.6232115518933
458,-6.14873273298499,-11.847086299625,-0.773379235661095,-1.29614490489997,-5.99054547003944,3.1895707817952,-2.10370068985616,-8.74744226562907,4.31084828210612,NA,NA,-82.7539664461255,39.5046515597834
459,-6.017254755588,-11.7455168405495,-0.640779233615062,-1.32517020080755,-6.06344761380483,3.20926347014034,-2.06621643731324,-8.76848275357195,4.38725896803837,NA,NA,-81.5937793077488,39.3752901198459
460,-5.89757931127746,-11.6914139536582,-0.529541558549491,-1.36553209801609,-6.09265501106869,3.21305501694563,-2.01795480361257,-8.83058869868659,4.51800318035355,NA,NA,-80.4379043381719,39.2351846493327
461,-5.76120062925079,-11.5174189172709,-0.336133563650126,-1.39786634884051,-6.17371258357606,3.22089553489553,-1.98278808777104,-8.82271624212806,4.63439839106694,NA,NA,-79.2866582266095,39.084399215757
462,-5.6172062329464,-11.4006567007657,-0.13138139889728,-1.42820277285412,-6.28024713829596,3.20862896735806,-1.95847958446422,-8.8714689585727,4.71641739880248,NA,NA,-78.1403458907661,38.9229990413948
463,-5.46481365202614,-11.3191829208498,0.0852764736574552,-1.44342916931865,-6.41513646066792,3.29761348795701,-1.92586186059919,-8.94663503797607,4.89505253262474,NA,NA,-76.9992644478365,38.751053696057
464,-5.33587461196015,-11.4357710784003,0.430567913041026,-1.44626994303551,-6.56352130812348,3.4569502891181,-1.92437737422716,-9.1973613651789,5.12481655878119,NA,NA,-75.8637108585641,38.568638201777
465,-5.26332444446006,-11.8998210012335,1.04527103839469,-1.44675884574802,-6.96451862870989,3.81839822628873,-1.93391041348756,-9.76517620021444,5.61727963353678,NA,NA,-74.7339714696923,38.3758256984646
466,-3.12179583745594,-10.2315259961804,3.8409865843251,0.126323262874834,-5.48741324088625,5.74244238430348,-2.24402040990405,-10.4212158659035,5.84702688975231,NA,NA,-121.963316797246,36.5227297641207
467,-3.1165024952954,-9.61440622948816,3.23491322791212,0.0995307979237304,-5.00959939232986,5.23177059868975,-2.16577202044986,-9.66478768203402,5.2627590404365,NA,NA,-120.874579671004,36.7586500509818
468,-3.09137309895601,-9.28327110321558,2.93670712456386,0.0681294653307031,-4.78969106074571,4.90319634755019,-2.0690215547407,-9.17344360835218,5.03584002020793,NA,NA,-119.779122344335,36.9846443508705
469,-3.03978622190661,-9.01850265071996,2.81100521673977,0.0262350877982873,-4.65126203182246,4.70633294670933,-1.9372291197433,-8.84403431680173,4.9006747950357,NA,NA,-118.677173928102,37.2006086078164
470,-2.99221794673915,-8.73933328488499,2.64449951139301,-0.0243074145289052,-4.56301701004165,4.49592957026577,-1.76377635975171,-8.44380483137042,4.87492443605721,NA,NA,-117.568969347457,37.4064704640047
471,-2.94507434440563,-8.52787377182572,2.52178021999583,-0.0766101025004608,-4.52437307617373,4.32093027748309,-1.56128182305388,-8.0628686203242,4.86948948934638,NA,NA,-116.454763068425,37.602159059994
472,-2.88917825866211,-8.32586595990918,2.46735631529058,-0.136129604570243,-4.42975348619656,4.12276767662529,-1.32236640359759,-7.61631829174083,4.97049065444319,NA,NA,-115.334821629858,37.7875907063225
473,-2.85189497200648,-8.14685676425089,2.34511116178304,-0.205247351018711,-4.36725467433427,3.94689547909716,-1.0442461088192,-7.121430195684,5.02609838500513,NA,NA,-114.209402997868,37.9626925335056
474,-2.82423790824385,-7.94525276687688,2.25118923999771,-0.246324871353981,-4.27063348093759,3.74579810182188,-0.742825570062283,-6.68096087957224,5.19760173573864,NA,NA,-113.078793489228,38.1273911027606
475,-2.81823983146631,-7.81044090952497,2.14228922011611,-0.27015552932895,-4.17912744591321,3.60417335016244,-0.451481132151951,-6.197370628152,5.33420223498447,NA,NA,-111.943272280348,38.281622014064
476,-2.85891355637918,-7.76396520462671,1.97434514365314,-0.25555458669777,-4.03497812239262,3.49024220943735,-0.262582869118717,-5.90648097026919,5.45553831448396,NA,NA,-110.803140045422,38.4253197327179
477,-2.97240012975441,-7.87237590323842,1.82617138527421,-0.217833591645129,-4.01683265283929,3.59908072467795,-0.306132630855092,-5.93202313072278,5.42250341676108,NA,NA,-109.658693064788,38.558423728445
478,-3.11841452363001,-8.09322225725341,1.75864073486146,-0.217420381121552,-4.13103179851567,3.6941446516527,-0.447427233653522,-6.22551487009329,5.39615140019376,NA,NA,-108.510246384219,38.6808734741312
479,-3.26684198929894,-8.32112436160662,1.70333132214718,-0.247105725389261,-4.25948902280494,3.71646933721042,-0.612460826989638,-6.49622192709479,5.31839479840894,NA,NA,-107.358107471698,38.7926179451893
480,-3.45621409242705,-8.63816263888098,1.58484331300165,-0.280430716803827,-4.36956184984176,3.7905073744974,-0.761008807974425,-6.76153800433173,5.29484221528983,NA,NA,-106.202606631269,38.8936110471824
481,-3.65898358873332,-8.90231471526745,1.4958918127241,-0.324764538274123,-4.48815984734437,3.8221775292008,-0.887965938172728,-6.95802888702121,5.23178222475455,NA,NA,-105.044072025927,38.9838054906408
482,-3.87616978288688,-9.18779974357324,1.3106458457091,-0.378426398188653,-4.61179761150788,3.84553640161067,-0.984561030745983,-7.14017546802103,5.16489997276048,NA,NA,-103.882833972763,39.063159676498
483,-4.10797920256458,-9.50385315047978,1.17540114625013,-0.433131405557646,-4.68968342439985,3.82644059983892,-1.05234112190705,-7.28667616137141,5.11489270653906,NA,NA,-102.719230463248,39.1316384707988
484,-4.34593406049378,-9.81670718873727,0.999226357513566,-0.497582976376254,-4.80350323729287,3.79672487313608,-1.10832277590028,-7.37471120290216,5.10579537338773,NA,NA,-101.553605201575,39.1892102475581
485,-4.58568717308636,-10.1330269547224,0.753907329756946,-0.573991806535579,-4.86233647450241,3.74350276408769,-1.14808608535888,-7.47284255976841,5.09905363365064,NA,NA,-100.386305270081,39.2358501161527
486,-4.82191833785346,-10.4226432391949,0.573982051433412,-0.64791891215029,-4.99328053014126,3.67647843945586,-1.20023827874149,-7.53381582541511,5.03076203351429,NA,NA,-99.2176799101368,39.2715368784843
487,-5.06427522320605,-10.6824279469685,0.341971364745208,-0.722109595230588,-5.12029837479384,3.57539401362704,-1.24925052396984,-7.58869767444836,5.00575753834005,NA,NA,-98.0480803590827,39.2962534340166
488,-5.27991585338606,-10.9231813969984,0.145596697365423,-0.809397742032044,-5.21909504665449,3.51443781220505,-1.29808271178048,-7.61507376003983,4.94341446250665,NA,NA,-96.8778602753395,39.3099892385922
489,-5.49858315087709,-11.1100713422933,-0.102899679446429,-0.887418258842464,-5.29433434643987,3.47040804104239,-1.34110710586155,-7.68817819450571,4.8558688996179,NA,NA,-95.7073739921315,39.312736656183
490,-5.69487322870953,-11.323290234628,-0.266536856591064,-0.965552393372957,-5.40445929956306,3.41160889395805,-1.40181035237429,-7.76004852567794,4.7769634483121,NA,NA,-94.536975812285,39.3044948614665
491,-5.87151204915665,-11.5038874471581,-0.475738495195871,-1.03358328712491,-5.52934842108588,3.37847694245968,-1.46231350910771,-7.82499001993347,4.73443833862851,NA,NA,-93.367019578954,39.2852677919423
492,-6.0059020705021,-11.6369037169875,-0.615770186354835,-1.09826566882281,-5.58077378976481,3.30352889910502,-1.53096709351483,-7.88303268167315,4.67246670061038,NA,NA,-92.1978615363494,39.2550630413775
493,-6.11383399416602,-11.778205599412,-0.753716277099907,-1.16123341031941,-5.67982617936094,3.25184778824469,-1.61116316144306,-8.02333720249615,4.65247971508905,NA,NA,-91.0298572592328,39.2138964848205
494,-6.17793801583726,-11.8537324316221,-0.841980273986632,-1.19860967767184,-5.74986764225077,3.22687847860565,-1.6936101837075,-8.16937231082543,4.57768979876993,NA,NA,-89.8633544742128,39.1617860665734
495,-6.21247852263145,-11.8839536191347,-0.86573635022969,-1.22349674750137,-5.78824429772918,3.21631289173347,-1.78756429887652,-8.29251141485716,4.511191768701,NA,NA,-88.6986950427581,39.0987594942317
496,-6.2296138575551,-11.9160922730462,-0.828651664838267,-1.23613370737788,-5.83947868513687,3.24239242915568,-1.8584151741134,-8.33821672964155,4.48339403586294,NA,NA,-87.5362327291951,39.0248355889654
497,-6.20361551594398,-11.9458690937357,-0.770758687662621,-1.24051191044214,-5.88351200801317,3.25750197372182,-1.92606381762859,-8.52729710761291,4.4734839904395,NA,NA,-86.3763011353176,38.9400578804009
498,-6.17672116204098,-11.9069485299203,-0.753896281105415,-1.25144183958581,-5.92830353337452,3.29591488052754,-1.98307143398445,-8.6038090890308,4.44734620632961,NA,NA,-85.2192398083647,38.844460273732
499,-6.11885076456016,-11.8972861544883,-0.630766855045637,-1.26880736165403,-5.96045799107808,3.26106865263391,-2.01062115557767,-8.75768158888978,4.4513837433619,NA,NA,-84.0653801095545,38.738083711298
500,-6.04814529258122,-11.8467331901166,-0.570653899839843,-1.29065989334221,-6.03251232153957,3.318904656291,-2.00914118780761,-8.79543585752988,4.55463764865418,NA,NA,-82.9150496017059,38.6209788255593
501,-5.95816745330466,-11.7976874435276,-0.434831471153903,-1.31580183430058,-6.09112717861535,3.32389831541721,-2.00517900396796,-8.85696922769542,4.57705607388145,NA,NA,-81.7685622955321,38.4931948041475
502,-5.85770225386507,-11.7551372798832,-0.319942876690138,-1.33770244059751,-6.15211070646471,3.34781239954537,-1.98056737442303,-8.93777567529269,4.7152285544069,NA,NA,-80.6262337606023,38.3547878664613
503,-5.75656085938966,-11.6658109689507,-0.206707019214867,-1.37095104160224,-6.27385078265426,3.3370450509808,-1.96283187038057,-8.98648823655607,4.83084735676916,NA,NA,-79.4883728759915,38.2058182537914
504,-5.64522099372272,-11.6119077445886,-0.0118318064029439,-1.38810128192069,-6.3559456512489,3.37141332190469,-1.95188718330343,-9.07348286464597,4.90561625577282,NA,NA,-78.3552703640717,38.0463448601077
505,-5.53762003001013,-11.6328863098739,0.230942060821098,-1.40984374938119,-6.52658879998473,3.48106034462317,-1.93114063685332,-9.23521152461072,5.10851018290843,NA,NA,-77.2272208587285,37.87643549677
506,-5.45758097589356,-11.7546365758137,0.596874483750113,-1.41770966917954,-6.78551141430498,3.68054104549647,-1.93214313736688,-9.48263079036396,5.28997527034331,NA,NA,-76.1045034109448,37.6961609191856
507,-5.40400636485237,-12.2998390244108,1.15694444192433,-1.41153518178818,-7.1430550909982,4.08621507264737,-1.92593316574968,-10.0717091582495,5.89533335388679,NA,NA,-74.9873987742512,37.5055916781847
508,-3.10965617716635,-10.8068131329251,4.42258358129539,0.0948372922191786,-6.05064004145798,6.24608525967963,-2.12248778396443,-11.0577467776557,6.72443925320689,NA,NA,-121.662638085093,35.6625308438152
509,-3.10767177990115,-9.76094831773999,3.35709645595855,0.0529287454164263,-5.23996646581825,5.32153913898837,-2.00061468467238,-9.65650643704894,5.62862830942279,NA,NA,-120.58533287474,35.8959078141616
510,-3.0837020312382,-9.40437754082177,3.05529397762426,0.0261464623170668,-5.00383963926357,5.04554832687873,-1.90734169705091,-9.21018542711327,5.39293879253515,NA,NA,-119.501521961124,36.1194344555924
511,-3.04595246189192,-9.14466937895945,2.87235156290143,-0.0130543318187923,-4.82826805952555,4.82133335208607,-1.77921505135581,-8.79555231667011,5.28826671388228,NA,NA,-118.411436232228,36.3330276026651
512,-3.02188183365545,-8.89560523833703,2.71850807398962,-0.0563435328394797,-4.72473981617503,4.61222115975366,-1.62377222587507,-8.42616177603226,5.23463840205957,NA,NA,-117.315303694894,36.5366063417174
513,-2.99221614483077,-8.73028080594083,2.64775665521284,-0.105143558009087,-4.60179159748265,4.41043969894957,-1.45952030692556,-8.10508516419929,5.18085529198791,NA,NA,-116.2133725082,36.7300989226248
514,-2.96567153104471,-8.53877828012614,2.49886078598953,-0.151929463394591,-4.56005425590199,4.24011357126599,-1.26763965016686,-7.75010859300903,5.22930187049318,NA,NA,-115.105896338569,36.9134261328976
515,-2.94678126548008,-8.38630718632793,2.41669332891569,-0.20708420325943,-4.49855242996089,4.08333793935005,-1.05980184942794,-7.37294667123849,5.27781364919215,NA,NA,-113.993137669056,37.086526449283
516,-2.94705283823864,-8.27219821092186,2.3359004292416,-0.241695372184014,-4.45451615527328,3.95297579295198,-0.837095694695563,-7.0123864704619,5.35368219005492,NA,NA,-112.875360805283,37.2493280291278
517,-2.97661962210587,-8.23488942190948,2.19812515763646,-0.259447329234502,-4.38908353124948,3.8577310437884,-0.644467780782239,-6.7124631828043,5.44276048573273,NA,NA,-111.752845455242,37.4017670620493
518,-3.03685014813629,-8.24946642596245,2.04622485031536,-0.266672891677151,-4.31877640269615,3.79464196062331,-0.520703419561035,-6.50838429739737,5.49707574566665,NA,NA,-110.62587640612,37.5437825048112
519,-3.13060931570117,-8.33394414055897,1.90871092418171,-0.254769225261028,-4.3083560068955,3.8083268438269,-0.518174933330723,-6.47109859935521,5.4924673090417,NA,NA,-109.49474479043,37.6753176673013
520,-3.25481761292897,-8.47418824986384,1.81541044656623,-0.254602915449881,-4.35264450863052,3.85801694566305,-0.581497469181807,-6.56990436210416,5.44610277782683,NA,NA,-108.359753418836,37.7963175306898
521,-3.39507018771055,-8.65535588761089,1.7166428822336,-0.278349240821911,-4.44903150600315,3.82591742141617,-0.68118095112862,-6.77773837903821,5.42575036452869,NA,NA,-107.221201750999,37.906729199834
522,-3.56460035066125,-8.85544051920374,1.63116369767774,-0.309527465320666,-4.53800621359482,3.88676855477006,-0.78567642992121,-6.92533929007739,5.39722742164694,NA,NA,-106.079403702253,38.0065108227328
523,-3.74426724926852,-9.09804501951754,1.51781669788835,-0.35551808846713,-4.62481939277882,3.89740252734206,-0.877420937152922,-7.08009988976727,5.3663361825289,NA,NA,-104.934684147493,38.0956200471449
524,-3.93890162595266,-9.33822858990929,1.31771913604324,-0.404920014424085,-4.71703099660915,3.88637420757549,-0.967745107877132,-7.24244004829164,5.30595205619612,NA,NA,-103.78735330854,38.1740155516912
525,-4.15348033633057,-9.6610658083756,1.18994296307534,-0.457445473492185,-4.77982274771368,3.87553277435309,-1.03491905825283,-7.35811164069204,5.26881107424132,NA,NA,-102.637745435024,38.2416599587625
526,-4.37173726111638,-9.91966220397405,0.988323553766949,-0.512469493755343,-4.88931279535297,3.81985955102077,-1.08472890889657,-7.46459515636135,5.28271162795645,NA,NA,-101.486185949486,38.2985307288224
527,-4.58300786373658,-10.1890388876738,0.815325048469339,-0.580273140274889,-4.98705988507502,3.80660186691856,-1.13094832063524,-7.52404978251922,5.19246598875302,NA,NA,-100.333011826432,38.3446012177633
528,-4.79518458557493,-10.494098110362,0.653993406233476,-0.647952018450825,-5.07201111255341,3.7667644312588,-1.18060615465861,-7.63302324703902,5.15690643391549,NA,NA,-99.1785602223057,38.379851189393
529,-5.00239417198381,-10.7131692493953,0.487589567424984,-0.719667311696352,-5.1303665528975,3.65821125206942,-1.23638324003934,-7.6916225475311,5.11392381990749,NA,NA,-98.0231689990501,38.4042651351409
530,-5.19291929645111,-10.8719982948453,0.304477073648396,-0.794057235663563,-5.22541146586725,3.60255292045044,-1.29659856717286,-7.72628595364602,5.03885126676684,NA,NA,-96.8671796584544,38.4178319140735
531,-5.38768531084019,-11.0560208968866,0.102257283818916,-0.867711452768768,-5.33949988801577,3.53476808043608,-1.35058002942847,-7.80942680674081,4.95832173198679,NA,NA,-95.7109328012382,38.4205468639626
532,-5.56985323362125,-11.2783820584802,-0.0742278608432471,-0.942883766710325,-5.45933062399012,3.46938677201381,-1.40520411000426,-7.84979245352818,4.90036152532487,NA,NA,-94.5547730329334,38.4124052219911
533,-5.7308902204535,-11.4159263899344,-0.244545149414195,-1.00964597901924,-5.53209423050972,3.44124680942216,-1.46190606114802,-7.94499066179255,4.82563269403241,NA,NA,-93.3990396329599,38.3934131075646
534,-5.85683673139413,-11.5301447067888,-0.390914927784415,-1.06408018752991,-5.6065692143087,3.40938901993029,-1.52301300676679,-8.02380217919433,4.78574138229959,NA,NA,-92.2440747815653,38.363578337748
535,-5.95072563798664,-11.6561094903473,-0.458170856809467,-1.11172851957584,-5.68805562835323,3.37425819640033,-1.59287566238089,-8.08930085737454,4.73852202053242,NA,NA,-91.0902207445828,38.3229155180324
536,-6.02627810184892,-11.7761016280608,-0.534222779452174,-1.15335302717162,-5.78520757211137,3.37625297790178,-1.6617116159591,-8.20239512868333,4.68090787701948,NA,NA,-89.937814287283,38.2714405142085
537,-6.07226969546397,-11.8148255017568,-0.565442129573794,-1.1817217559373,-5.83220583896225,3.33949194319152,-1.73339964432628,-8.34552903335509,4.71357961042702,NA,NA,-88.7871865883385,38.2091795679962
538,-6.09084001683689,-11.8565663146754,-0.57826755269543,-1.20484859517605,-5.89187019957342,3.36524503137826,-1.7895338135553,-8.42233243364489,4.71631743142753,NA,NA,-87.6386757528329,38.1361525051646
539,-6.07820975279703,-11.8853915410377,-0.538124115603817,-1.21929906239675,-5.97237302760857,3.3353694151758,-1.84876490854356,-8.53623577549823,4.66247517003662,NA,NA,-86.4926073540341,38.0523977996748
540,-6.05937145785473,-11.8450921694097,-0.512298632755417,-1.23641879265998,-6.01842972391025,3.36260292952715,-1.89309896365367,-8.71475174946956,4.64254778914715,NA,NA,-85.3493065114026,37.9579486932014
541,-6.02127054379681,-11.8751122090155,-0.430405707714127,-1.25282472166216,-6.03016516531771,3.36611186487323,-1.9228318678078,-8.78483994530507,4.67038397295164,NA,NA,-84.2090954411049,37.8528455052283
542,-5.97207848024465,-11.86183796901,-0.354946370831923,-1.27713440333366,-6.12006093690926,3.40913280718105,-1.94648296610787,-8.8600265110036,4.75814888533849,NA,NA,-83.0722855019255,37.737133194436
543,-5.89963873243719,-11.8246964204119,-0.284682117902125,-1.304221375424,-6.20084532864735,3.42782243186466,-1.94766275132044,-8.96554417432273,4.80353430184923,NA,NA,-81.9391860941472,37.6108595901945
544,-5.8315648953264,-11.8338516731912,-0.193941454112299,-1.31815319878603,-6.25067090842751,3.42244660310113,-1.95338009754336,-9.06353123684272,4.91003396835134,NA,NA,-80.8100992716109,37.474078655353
545,-5.75255000194709,-11.7918515759791,-0.0456837436253553,-1.33902040075175,-6.36363247883377,3.49104504888866,-1.9432019060576,-9.14175501052733,5.04348462758046,NA,NA,-79.6853184209332,37.3268448504166
546,-5.66664544517749,-11.7903432600497,0.161982524244793,-1.35898422213593,-6.47691375016905,3.5709257044784,-1.9427557576491,-9.27408407285995,5.1525613439813,NA,NA,-78.5651377299824,37.1692169128821
547,-5.59706449140716,-11.9184963462008,0.355836650598268,-1.37356515972251,-6.63406164389938,3.67082600988321,-1.93296756933361,-9.49329100486248,5.28641004214067,NA,NA,-77.4498330833081,37.0012570112371
548,-5.54034858526497,-12.0720646945635,0.689060465219197,-1.37411708317935,-6.92743413328581,3.92013496574485,-1.93220801828323,-9.7475136413206,5.56908448507637,NA,NA,-76.3396773005736,36.8230338616193
549,-5.50854165361943,-12.5772590143139,1.2915070395107,-1.3728987749808,-7.33585387662261,4.30782225646814,-1.92861990080915,-10.4324751215008,6.24718172842732,NA,NA,-75.2349523677552,36.6346159610231
550,-3.10664886187132,-10.1147418266891,3.69131270209941,-0.00540945135880071,-5.61599271682251,5.62040893629929,-1.80154030609433,-9.90744934630155,6.33897833884607,NA,NA,-120.302590776607,35.0319080612148
551,-3.10431696552428,-9.63124619641655,3.27392756359571,-0.0198473511918043,-5.20034087997033,5.19512975119545,-1.74481984168841,-9.29035824041274,5.81999843891341,NA,NA,-119.230199494328,35.253077098854
552,-3.07291661989202,-9.32360627959366,3.03769499033456,-0.0520797271917053,-4.99276516997646,4.96033728842497,-1.6521383577784,-8.84703950107293,5.63111881050874,NA,NA,-118.151738936509,35.4643909262371
553,-3.05915198421809,-9.06993739761901,2.8728468902936,-0.0876164233662449,-4.88837011578098,4.73126555426274,-1.51315175879711,-8.54216705188755,5.5410580562904,NA,NA,-117.067438641068,35.6657758068516
554,-3.04976812520513,-8.92357778105479,2.73428472004775,-0.119930025522093,-4.78188279563472,4.56195474398667,-1.38005808922324,-8.20990734414208,5.48868703561969,NA,NA,-115.9775300731,35.8571589949447
555,-3.04291326083801,-8.73823223857334,2.5970320465907,-0.158552272864991,-4.67008717259341,4.39112107159347,-1.22748182924743,-7.8828405422932,5.46132194261855,NA,NA,-114.882266614617,36.0384807480857
556,-3.04121369603864,-8.63963893647715,2.46550817024013,-0.209681146730203,-4.632092024556,4.2077507530206,-1.05914927906167,-7.58140362776723,5.42547980276509,NA,NA,-113.781889418405,36.209661329931
557,-3.05604619409243,-8.58467122243552,2.37544850457818,-0.243736191348639,-4.59926903780857,4.1244930035534,-0.895623383189662,-7.30605129359184,5.50589020484983,NA,NA,-112.676670132679,36.3706439340947
558,-3.09291494179982,-8.58867449064638,2.27028743318222,-0.264433533575292,-4.55919569216694,4.05052360623191,-0.766316007052355,-7.04703025379344,5.53583616103093,NA,NA,-111.566874236892,36.5213650906732
559,-3.15724140452955,-8.60773833916862,2.12114156927091,-0.277580923205249,-4.53186273686303,3.97197816633227,-0.676115430340039,-6.92186102551291,5.5491154146775,NA,NA,-110.452777127526,36.6617694629001
560,-3.25568903762848,-8.66979678251774,2.00748768422322,-0.283164417053968,-4.50790861257947,3.95021964030824,-0.661273051549328,-6.9302471375404,5.53065328817733,NA,NA,-109.33466178757,36.7918036274834
561,-3.37953522691056,-8.78806516594198,1.86962670197557,-0.286204951603966,-4.56971505853602,4.02333200136049,-0.684241519569449,-6.94415443010146,5.50530465730364,NA,NA,-108.212816832847,36.9114129398742
562,-3.50733463532664,-8.9016022567001,1.76160541519329,-0.313725189932456,-4.62071434173746,4.00613999290197,-0.759442897257789,-7.04484065577128,5.49959789583983,NA,NA,-107.087542286182,37.0205493451879
563,-3.65771819587718,-9.08616829499722,1.631653612392,-0.344513618099582,-4.69696246927965,3.98767012604904,-0.82810594323872,-7.1080223045618,5.50752419876404,NA,NA,-105.959132755568,37.119170536019
564,-3.82768399737796,-9.33327302750457,1.52492314378813,-0.384367203308587,-4.78818967520067,3.98453359416341,-0.898184264196783,-7.25255006630401,5.52140784909851,NA,NA,-104.827902891441,37.2072367968329
565,-4.01193895019104,-9.50197695959266,1.34027877595402,-0.430717412565968,-4.86241679060333,3.93888256424049,-0.95335939170307,-7.3672550487185,5.44876393216203,NA,NA,-103.694155486083,37.2847171399654
566,-4.19911914633842,-9.77582454293572,1.2095854815571,-0.477210257855444,-4.89980054402437,3.94329825910804,-1.02021345029641,-7.44892469866784,5.39093037177837,NA,NA,-102.558210832804,37.3515676833009
567,-4.38808662921157,-10.0430416746767,1.05448876586347,-0.529972866760383,-4.98729687442723,3.92026460060756,-1.07904628242907,-7.56367824176252,5.38754004967605,NA,NA,-101.420382928987,37.4077669518579
568,-4.58843113604724,-10.3120051712847,0.893449180856722,-0.584028400887527,-5.06626616681879,3.86712601283975,-1.12575742446321,-7.68124960915711,5.33558664407005,NA,NA,-100.280996301427,37.4532960064895
569,-4.77209489397484,-10.5506755469122,0.751797766277568,-0.652111487562264,-5.18702574355575,3.79088332974699,-1.1804720318233,-7.81184968510129,5.25536268246978,NA,NA,-99.1403803655908,37.488127794232
570,-4.95754993245623,-10.740305619188,0.582107483610252,-0.713544823672475,-5.23328296307505,3.75995362895152,-1.23613624730296,-7.78418960253538,5.17719639721827,NA,NA,-97.9988566265981,37.5122514357631
571,-5.12112572035164,-10.874902682611,0.404852586881033,-0.782646729557311,-5.30962054574108,3.70777800866429,-1.29095269186956,-7.85438611553061,5.11169597763411,NA,NA,-96.856758037379,37.5256561411825
572,-5.2944857380932,-11.0772586811116,0.269705116942437,-0.852681033203467,-5.40663848279934,3.62024800576657,-1.34518728615828,-7.88793616403753,5.0665386533757,NA,NA,-95.7144128201398,37.5283384001339
573,-5.46094959797296,-11.2400457009073,0.114166046074891,-0.920448411625146,-5.46373063458805,3.55512550694601,-1.39458799456895,-7.94220973279745,5.01494784882608,NA,NA,-94.5721440592926,37.5202937895389
574,-5.61016655728146,-11.351881455687,-0.0235472179022628,-0.975055971507398,-5.52632256833954,3.53302933149735,-1.46318256351557,-8.05393674741742,4.94601321369655,NA,NA,-93.4302899326995,37.5015272369665
575,-5.7359468552482,-11.4989473079769,-0.157044671953487,-1.03076785041138,-5.62421843717776,3.54072772273581,-1.51297294179798,-8.14459677661262,4.9109605479367,NA,NA,-92.2891787158639,37.472046992223
576,-5.82950453964227,-11.6175339362316,-0.265231224388048,-1.07275866028731,-5.71984215474068,3.5126878550875,-1.58174534500778,-8.27277200411044,4.87489921596954,NA,NA,-91.1491373682446,37.431866867467
577,-5.89490846923785,-11.6930869024739,-0.329752087481504,-1.12065039138132,-5.82446860606195,3.4789852572701,-1.63169690601699,-8.30825571318922,4.86302918240812,NA,NA,-90.0104907932009,37.3809994378495
578,-5.95141443602667,-11.7731431105256,-0.378006066692331,-1.15263402758352,-5.87920122741437,3.47652270920883,-1.68847878822709,-8.44619849242441,4.83903331184431,NA,NA,-88.8735629644813,37.3194699063328
579,-5.97397761110947,-11.8212388719787,-0.31125829185952,-1.169487355408,-5.93195464540289,3.48352602177797,-1.74522255039644,-8.54887211599328,4.84053059734474,NA,NA,-87.7386760931953,37.2473004911942
580,-5.97469158438008,-11.8526412684245,-0.32394377843551,-1.19201423008003,-5.99427748156729,3.44802937700958,-1.79216812567942,-8.66476304115061,4.84200987317616,NA,NA,-86.6061456296575,37.164524450563
581,-5.9695071773299,-11.8666313485694,-0.337458250801715,-1.21424848484108,-6.06929461199213,3.50508095069573,-1.83629601307338,-8.7657620530733,4.84235314652889,NA,NA,-85.4762862507707,37.0711745439806
582,-5.94536616969554,-11.88008716053,-0.281679461070695,-1.23729422684505,-6.1335019277631,3.5246629494172,-1.85582221928737,-8.77661456117612,4.8781428916732,NA,NA,-84.3494084272059,36.9672917375404
583,-5.91239547691632,-11.8767434515768,-0.19052756068004,-1.25715827547768,-6.20372247898942,3.54800619810576,-1.87177559647357,-8.91696394800241,4.92958192671336,NA,NA,-83.2258116661339,36.8529122762995
584,-5.84399607364557,-11.8651048596173,-0.118224122393138,-1.28155987904156,-6.29626844865941,3.56151405604093,-1.88828686070948,-9.04769937790353,5.04011765201666,NA,NA,-82.1057962855944,36.7280855142713
585,-5.78701626842448,-11.8740950400609,-0.0184756762655207,-1.30119569839105,-6.39066523395926,3.5852301234466,-1.89881160132403,-9.19316455710514,5.16505640653109,NA,NA,-80.9896553568726,36.5928588630763
586,-5.73373279066046,-11.8699448215936,0.103424444303566,-1.31603382381768,-6.4856986406907,3.62117949742334,-1.91380075372418,-9.35381870133511,5.21513152360918,NA,NA,-79.8776732937981,36.4472883764282
587,-5.6747223839556,-11.9544234746658,0.301397905782082,-1.32088433431098,-6.62850798425017,3.74224404057969,-1.92462307458539,-9.45794371671149,5.32386752000013,NA,NA,-78.7701306682196,36.2914295214887
588,-5.63654028351597,-12.1078614853644,0.506220637774531,-1.33085713191555,-6.79610349972213,3.90464095501928,-1.93073085495351,-9.69854149468639,5.47586533868852,NA,NA,-77.6673005161407,36.1253403081565
589,-5.60225990780221,-12.3229483391364,0.861068490145059,-1.33998708472414,-7.06610593095545,4.15975374853941,-1.92456369075785,-10.057488533204,5.86375721174923,NA,NA,-76.569445967277,35.9490790398563
590,-5.56824859472807,-12.9216980735019,1.49732091408345,-1.34123039585081,-7.58129788394648,4.64279196092487,-1.9267237542903,-10.7734537043887,6.54323458586968,NA,NA,-75.4768283533307,35.7627187035339
591,-3.1126200678685,-10.4086137356375,4.08457835887316,-0.0354312331216416,-5.94440923173917,5.86310609665547,-1.68160246639342,-10.223598145853,6.89132236827524,NA,NA,-120.02613654133,34.1664962429658
592,-3.11081145579612,-9.85371817061232,3.54698995488288,-0.0483784138885736,-5.45296782464286,5.38296258806755,-1.62490430051055,-9.52143954153079,6.30784908317543,NA,NA,-118.964949047009,34.3854061396851
593,-3.10224360023375,-9.52089639862032,3.21572809872027,-0.0723578872711595,-5.24817749396816,5.11682087461338,-1.54462453913334,-9.08167074985626,6.02402983345207,NA,NA,-117.897888054186,34.5945337015146
594,-3.09819112693007,-9.29339086653506,3.0335928425811,-0.109314759752027,-5.10041148664681,4.8801260914817,-1.42742370082631,-8.62681250507674,5.87634396679067,NA,NA,-116.825177471489,34.7938141247035
595,-3.1061527072323,-9.10486401445177,2.81323970141157,-0.142400516000292,-4.95920025383138,4.67772836941107,-1.3148583549387,-8.35732106639521,5.75793115938138,NA,NA,-115.747047988938,34.9831808868647
596,-3.11793235278985,-8.95910020410725,2.74041029952247,-0.176273738586882,-4.84934709301828,4.52973477576723,-1.18977083524318,-8.05922148956072,5.69706112616705,NA,NA,-114.663736271027,35.1625657203732
597,-3.1292762935645,-8.88316002769258,2.60561794505939,-0.218025027956495,-4.85564397108659,4.39283805227405,-1.06893477703477,-7.77380092780771,5.64133962376537,NA,NA,-113.575486327155,35.3319114580904
598,-3.15278322799908,-8.82370196460253,2.46319709377142,-0.24825162515627,-4.80757849270854,4.29929658597386,-0.941655328035152,-7.55931307307827,5.62416681668912,NA,NA,-112.482556777768,35.4911508855669
599,-3.19643025281977,-8.83744928359306,2.35526355598397,-0.271835634602031,-4.75882223984473,4.25047521767277,-0.837164507379649,-7.37692299660181,5.67273414827889,NA,NA,-111.385204137064,35.6402291144279
600,-3.27439097930747,-8.87457442845961,2.22676201377956,-0.290566637020397,-4.7257336367193,4.17220516548886,-0.772599817026011,-7.25142302512896,5.64888163805016,NA,NA,-110.283695559501,35.7790906685353
601,-3.36693142120312,-8.95727169895442,2.096596325992,-0.30133389073679,-4.72266611110148,4.12729027606881,-0.755833206987322,-7.22056549918259,5.63725723851076,NA,NA,-109.178307857342,35.9076846356341
602,-3.47995644960116,-9.03903212020793,1.92973927876048,-0.315616508315356,-4.7457769032085,4.1059599807888,-0.762751269735094,-7.23549747868601,5.6409812822621,NA,NA,-108.069316837298,36.0259633119086
603,-3.6019928096066,-9.15979546526438,1.8278135287273,-0.346455375590961,-4.81571791715718,4.08358907571928,-0.814800950374225,-7.28391341958732,5.61449951887118,NA,NA,-106.957014864548,36.133879337387
604,-3.74702217535358,-9.33538735164323,1.67978123067832,-0.378366976682316,-4.86056719735258,4.11379945147598,-0.872399071426646,-7.34256242357297,5.57432407782964,NA,NA,-105.841689149214,36.2313911468949
605,-3.90669616905564,-9.51432466489258,1.54480749045644,-0.419646608434237,-4.91906638552293,4.06301523525922,-0.921662867630519,-7.43546273420017,5.58816882657679,NA,NA,-104.723636010913,36.3184629216187
606,-4.06654448366113,-9.71650025408018,1.37606032482713,-0.463450957820814,-4.99466825629723,4.02011752884495,-0.957657304417538,-7.48465509883624,5.55952485688917,NA,NA,-103.603156184361,36.3950594861517
607,-4.22682039600153,-9.89849276416653,1.24849251480653,-0.506308700706805,-5.04961967452431,3.99061244307004,-1.01396561237356,-7.59075129038509,5.5018429312376,NA,NA,-102.480554240713,36.4611501488424
608,-4.40571540765723,-10.1485174019694,1.10406228973217,-0.545852871976144,-5.09999374532627,3.99964242550439,-1.06918353453576,-7.71012137749379,5.51857518311091,NA,NA,-101.356139402595,36.5167115383577
609,-4.58270592101832,-10.3464120508026,0.982117277824391,-0.600601765509122,-5.16183093858675,3.94785082049624,-1.11391165393335,-7.77243629127453,5.43554037720759,NA,NA,-100.230217342821,36.5617170529393
610,-4.7435571608704,-10.5409963641751,0.868479069772107,-0.648287074235105,-5.24808080200956,3.90942354626627,-1.17513741915333,-7.8687468478161,5.32989286146074,NA,NA,-99.1031081466468,36.5961508838878
611,-4.92132643072467,-10.7373242411129,0.69680055302526,-0.706990594344004,-5.29844844253181,3.82647660570188,-1.24548879697138,-7.93589372290081,5.23000673944561,NA,NA,-97.97512382986,36.6199978976237
612,-5.07403784797455,-10.8751833697804,0.562407356227051,-0.778266566714398,-5.35261592284025,3.75818903482315,-1.29155544850584,-8.01315600062152,5.16461575362466,NA,NA,-96.8465832366941,36.6332474968347
613,-5.22812559324848,-11.0316257440738,0.384660690550658,-0.842165955307309,-5.44345636838078,3.69305372008588,-1.34154289645213,-8.06795556333495,5.16433100998138,NA,NA,-95.7178054313627,36.6358950864565
614,-5.37959796340397,-11.1997538646725,0.248648360284703,-0.89593354057116,-5.51387098765425,3.68498297127844,-1.40117422171421,-8.19580461010303,5.10639379844192,NA,NA,-94.5890993693622,36.6279457447866
615,-5.51689922936012,-11.3395770409821,0.138758745470178,-0.954612663759641,-5.60732423098984,3.65869747594411,-1.45354989465,-8.19558580837264,5.0471818934841,NA,NA,-93.4607988549087,36.6093969291428
616,-5.63511248415057,-11.4557111011929,0.000454618662595865,-0.999262135422157,-5.65266134854238,3.63599415923989,-1.50232032783335,-8.22501800942332,5.05078237799041,NA,NA,-92.3332113962127,36.5802555949369
617,-5.71581376348366,-11.567128199203,-0.0855363378535748,-1.03995228332847,-5.73523832258508,3.60844390340511,-1.55291760124161,-8.27136594577509,5.03579953696417,NA,NA,-91.2066571253456,36.5405345975734
618,-5.79119815241495,-11.6841684100734,-0.114392131385743,-1.08817976528852,-5.83753728636215,3.59037299436366,-1.60252945176637,-8.41289002964556,5.01902549674425,NA,NA,-90.0814490964747,36.490251352068
619,-5.84517675213627,-11.7756205484508,-0.112358968917438,-1.11842496745475,-5.91542513517248,3.59163004479265,-1.63855030403267,-8.47502290046458,5.01421941338087,NA,NA,-88.9579002873176,36.4294205043187
620,-5.87849142797723,-11.8177243330735,-0.128895842425077,-1.13799615330138,-5.9723175715921,3.60244962502258,-1.69266528502394,-8.61156701672877,5.01256659428845,NA,NA,-87.8363208121425,36.3580733327893
621,-5.88270625075558,-11.8152379130473,-0.147896832097321,-1.15903967793067,-6.04177128400907,3.60629231791898,-1.73979657366855,-8.74955088552919,5.01755060853621,NA,NA,-86.7170145279256,36.2762347558494
622,-5.88119294748563,-11.850953765051,-0.130664538983914,-1.18307580997503,-6.13085242337201,3.63437244023154,-1.78696446628508,-8.81958314324297,5.04352126722804,NA,NA,-85.600287763351,36.1839370134053
623,-5.86465593876473,-11.8956305818312,-0.103301183123055,-1.20526951179324,-6.19751232637599,3.67509983831154,-1.80114400227036,-8.90316925398431,5.07065618883723,NA,NA,-84.4864366967876,36.081218143254
624,-5.8480766855074,-11.9416959813759,0.0126676184196219,-1.23306216968084,-6.26423361305884,3.68810322202415,-1.81468483636015,-8.99168723006062,5.14594964378181,NA,NA,-83.3757543007893,35.9681156892377
625,-5.8035771531807,-11.9716018851309,0.0549882399686527,-1.25370045153119,-6.39506113048784,3.71812594518407,-1.83154309445825,-9.11177609359202,5.20192525670842,NA,NA,-82.2685305541749,35.8446742725125
626,-5.76365647222624,-11.9737667110346,0.148595307738077,-1.27371837688924,-6.47004873238726,3.75620221052296,-1.84510022940777,-9.30400679111522,5.31624799104166,NA,NA,-81.1650469273391,35.7109377876521
627,-5.72309735834142,-12.0276586466572,0.227317680257755,-1.29349852052705,-6.60518393693394,3.8352751015008,-1.8696452334807,-9.44534800120422,5.39854780365471,NA,NA,-80.0655817732434,35.5669609294259
628,-5.67608861824878,-12.100424322866,0.50977644728305,-1.30353114771903,-6.74406672040853,3.94960266833193,-1.88847300764909,-9.59911314303175,5.47087346236706,NA,NA,-78.9704081276645,35.412796109555
629,-5.65523971519539,-12.3297787217216,0.71399792609997,-1.31084424577445,-6.95813083547737,4.13105779568247,-1.902636881848,-9.9098716236298,5.72055099877224,NA,NA,-77.8797851380037,35.2484958376365
630,-5.63399383927852,-12.660455491916,1.09988735366039,-1.32274494768339,-7.27917494781492,4.4437602909279,-1.90658688906859,-10.3739531577325,6.10009415593284,NA,NA,-76.7939731044321,35.0741222988729
631,-5.60388921980964,-13.5746185607093,2.06804433129327,-1.32778655282274,-8.09347744143568,5.17861851074206,-1.92009143718868,-11.4444985142788,7.21804588681803,NA,NA,-75.7132230142061,34.8897383052878
632,-3.10866555144991,-11.0506746839543,4.70702054336905,-0.0474256041081578,-6.45229709212185,6.40334309502737,-1.61057808824862,-10.9536986004802,7.70450238014438,NA,NA,-119.755767711857,33.2995266771737
633,-3.11638104201155,-10.129901648463,3.82666451359755,-0.06440271393655,-5.74930325791214,5.65259604841385,-1.55026698030492,-9.88400522434698,6.73358480223544,NA,NA,-118.705572132918,33.516262079008
634,-3.12463508735619,-9.77819903892889,3.43150544028259,-0.0902161269688947,-5.48987043842923,5.29628530284225,-1.45974254753614,-9.27895517715354,6.41296705833277,NA,NA,-117.649689716217,33.7232936288822
635,-3.12857193486169,-9.4932642131292,3.22069501867898,-0.125168094572295,-5.31712727889039,5.0385365411178,-1.3516177763062,-8.83168851344914,6.19293987980886,NA,NA,-116.588339544561,33.9205553561383
636,-3.14766551235374,-9.32651483213944,2.97353043343973,-0.1610494540401,-5.14196712664201,4.83644551934249,-1.25107792257132,-8.47784754673178,5.97926476671925,NA,NA,-115.521748159785,34.1079848738004
637,-3.17186008853308,-9.21272951573911,2.8590306022637,-0.192773697654949,-5.05525465174576,4.67487575006155,-1.14663380613552,-8.15041620749974,5.89080142075935,NA,NA,-114.4501433785,34.2855219466443
638,-3.19109295059661,-9.10557031167854,2.7347811538684,-0.231585171938939,-5.01744249000991,4.5620246023795,-1.05536383142731,-7.99174729452457,5.83508041275566,NA,NA,-113.373766698282,34.4531033661059
639,-3.22447948716011,-9.07555373289858,2.56062783935926,-0.258570302053246,-4.95746215146799,4.46507052800107,-0.972195433256191,-7.80977098570196,5.78769609197089,NA,NA,-112.292865879915,34.6106732761876
640,-3.2847510353956,-9.0667708339102,2.4101025669995,-0.278193490543961,-4.93727696059816,4.3694273998063,-0.891104446919709,-7.64476815582304,5.79422815961715,NA,NA,-111.207687031943,34.7581768218737
641,-3.36371858272481,-9.07828111775285,2.3073850803171,-0.290993834220071,-4.92881989577366,4.32654577804707,-0.836737461819367,-7.52162726660099,5.80815723759064,NA,NA,-110.118495266948,34.8955608956508
642,-3.45433186501638,-9.21181770699609,2.20161777682067,-0.306518624682942,-4.91781650273989,4.29861712022466,-0.811244356464298,-7.47407592158861,5.80440349658688,NA,NA,-109.025554704559,35.0227765030052
643,-3.55508708225115,-9.25270589953567,2.020149027821,-0.331526117397997,-4.95007899176825,4.28619984560073,-0.821243774884214,-7.459019177269,5.81432957451195,NA,NA,-107.929135090049,35.1397781586986
644,-3.67964550113068,-9.37733626282327,1.88151358513135,-0.364612990605237,-4.98225255113873,4.21380605784902,-0.859903893304159,-7.50291903632639,5.71914725655867,NA,NA,-106.829513440832,35.2465236306665
645,-3.83169527399652,-9.55316857478301,1.69933849172454,-0.407724351017207,-5.06786369822633,4.21825827477258,-0.900725621428798,-7.54291645849388,5.70773819996397,NA,NA,-105.726972594357,35.3429738755778
646,-3.96974776655947,-9.71190280629265,1.60842695600554,-0.450375543771828,-5.11721829051736,4.17236324433575,-0.943222573715194,-7.57753775707115,5.68470178599136,NA,NA,-104.621798300476,35.429092902366
647,-4.12354557605983,-9.88716912902403,1.43791296917739,-0.489565537689078,-5.10218776002905,4.09509957796525,-0.972351762065378,-7.5880070223558,5.64484610835322,NA,NA,-103.514280052647,35.5048478297149
648,-4.26620274912366,-10.0401842786033,1.31451086821888,-0.532512325607405,-5.18593601557838,4.07796845656275,-1.02457077293855,-7.66595703147297,5.56037861299366,NA,NA,-102.404712979181,35.5702117788851
649,-4.41690955398767,-10.2211032902118,1.19660155982583,-0.568165777325937,-5.23094125746766,4.03677198014377,-1.07436590418522,-7.77974611648535,5.5908619943432,NA,NA,-101.293394757491,35.625156518245
650,-4.57350825243297,-10.3883672357093,1.0691448430605,-0.617461728136346,-5.28647564449256,3.99946085950088,-1.13476531440732,-7.88446982041886,5.52340768555494,NA,NA,-100.18062547812,35.669663486866
651,-4.72436145621954,-10.5879197653817,0.981178527870638,-0.659139493532381,-5.29235854157844,3.95525065681754,-1.17774998560911,-7.97168654990533,5.45167918799658,NA,NA,-99.0667079701669,35.7037145552923
652,-4.89202843050028,-10.7885062257448,0.814463048618183,-0.708925405098739,-5.34378534320042,3.89347608128841,-1.24981639309693,-8.04492188167888,5.31595864456438,NA,NA,-97.9519459884714,35.7272963047346
653,-5.03775942529787,-10.900566764575,0.680976930949238,-0.773581996770714,-5.44882086520194,3.83100345804782,-1.29556302341228,-8.15382723211101,5.20055536876816,NA,NA,-96.8366480045183,35.7403992996318
654,-5.18180461222838,-11.0834865723776,0.491356627272946,-0.826758429928487,-5.49202094331241,3.79783639513539,-1.34103470373152,-8.15919405942644,5.2224349044248,NA,NA,-95.7211160345087,35.7430163204157
655,-5.31651640637892,-11.2352752168038,0.35335474677464,-0.871146453654931,-5.5460883806067,3.7482704285349,-1.39738132517134,-8.28149933284961,5.18165371602993,NA,NA,-94.6056610064898,35.7351583636162
656,-5.44291560762562,-11.3598503866297,0.278793147575586,-0.920117941578953,-5.60794078253666,3.73643935105681,-1.44162030078336,-8.31148243137029,5.20548734445137,NA,NA,-93.4905895765965,35.7168133598825
657,-5.54176548777919,-11.4372490148731,0.18589160510368,-0.969876029537982,-5.72566563270181,3.71365989397302,-1.48613813556245,-8.34477476487525,5.18889791050847,NA,NA,-92.3762127222775,35.6879946515624
658,-5.6270971364711,-11.545398310301,0.0901524650396525,-1.01806937786431,-5.78451132830389,3.70946781314707,-1.52395032773795,-8.39135190889877,5.17389089106008,NA,NA,-91.2628300138707,35.6487141854069
659,-5.70307085922577,-11.6351269739308,0.0522038976368401,-1.06003726568113,-5.88487642252661,3.69005852767798,-1.5721793057925,-8.47292986304955,5.14991112167823,NA,NA,-90.1507477421055,35.5989898372738
660,-5.75108394206674,-11.7597942987014,0.0375019338004574,-1.08980269344883,-5.93617481619593,3.69147021484237,-1.62233532270327,-8.59144577166732,5.12449122850624,NA,NA,-89.0402678671287,35.5388307555967
661,-5.78520146219827,-11.8140400981812,0.0756941020145325,-1.115311162145,-5.99429471603804,3.72635097727972,-1.65815322397396,-8.71346234430768,5.16250432803447,NA,NA,-87.9316871575939,35.4682688985767
662,-5.80523827396005,-11.8830206050185,0.0703136968752727,-1.13857468765103,-6.09253412506752,3.73083323432598,-1.70293227957646,-8.85545409404347,5.17086902316646,NA,NA,-86.8253040844332,35.3873275624262
663,-5.80538676120514,-11.8846408131617,0.0605045599942954,-1.15308654050505,-6.15928126226939,3.7402840859535,-1.73497432244586,-8.94206560621478,5.21046292097952,NA,NA,-85.7214097162494,35.2960391411054
664,-5.80052172620477,-11.9848737567429,0.092822115134829,-1.17209811904253,-6.25294567364339,3.78646140338154,-1.7586684868347,-9.00431686845793,5.30163896574715,NA,NA,-84.6202929301209,35.1944357417502
665,-5.79189382172628,-12.0342978181509,0.185821516306712,-1.19277715246746,-6.35908541598849,3.86182176648722,-1.76349157157025,-9.09862122551983,5.35017244880996,NA,NA,-83.5222368547706,35.0825561825678
666,-5.76538833906038,-12.1007182845798,0.243522640231411,-1.21741555339811,-6.46102579124678,3.90131511513844,-1.77892260042706,-9.24268619410835,5.41548019668055,NA,NA,-82.4275225235468,34.9604413945872
667,-5.740964632241,-12.1234420228802,0.349758950457297,-1.2361959053682,-6.56050662004819,3.95896723280762,-1.80204399090954,-9.45989241690391,5.47389621287221,NA,NA,-81.3364211947235,34.8281313360714
668,-5.71475523885566,-12.1720118379019,0.421655201913389,-1.25760853792792,-6.68394453763746,4.03284534725956,-1.8355703033283,-9.58705871794946,5.53988518203352,NA,NA,-80.2492034789188,34.6856809849614
669,-5.68944241606681,-12.3307808921676,0.651301572093238,-1.27266741505868,-6.84654929674177,4.16299921571733,-1.86248594900643,-9.81989308334177,5.69663641407081,NA,NA,-79.166132768045,34.533139454012
670,-5.67357517315515,-12.6140435355056,0.955883645684892,-1.28852060560367,-7.17908066762923,4.41437699103448,-1.89037425790315,-10.1915448458771,6.03514754548685,NA,NA,-78.0874581116755,34.3705582313875
671,-5.65516734830689,-13.4544731702528,1.84833916084186,-1.30699175095006,-7.83104798202129,5.05773295749413,-1.90028602050809,-11.1632467099913,7.06186691157212,NA,NA,-77.0134395853254,34.1979912013965
672,-3.11059787117535,-10.9920653110016,4.68791093437681,-0.0868381775751041,-6.49731547122334,6.34930666825101,-1.49157833153179,-10.7596541054094,7.80533572332458,NA,NA,-118.45187810382,32.6454945275466
673,-3.1289232247281,-10.2957425490915,3.99299189713767,-0.10343822038705,-5.92836524800162,5.7068971749446,-1.411769111069,-9.91486283322479,7.15488827430691,NA,NA,-117.40695980481,32.8505123765459
674,-3.14570480435691,-9.80031149403391,3.51281670905857,-0.133721214077629,-5.58225851472588,5.30244406611447,-1.29291692459541,-9.14885942681094,6.64141954406247,NA,NA,-116.356749393639,33.0458373349885
675,-3.16979605110136,-9.64207407203597,3.29264931041866,-0.165029186500186,-5.40454876615674,5.0768718598451,-1.21094937660517,-8.79029066399953,6.3479216782063,NA,NA,-115.301460360369,33.2314089515716
676,-3.20566693544805,-9.44487530191704,3.02286157580049,-0.216536956577074,-5.30692563146499,4.88068502663235,-1.1267748994697,-8.40894922306792,6.15226854555168,NA,NA,-114.241326933326,33.4071729217273
677,-3.23874751067802,-9.36875691682837,2.91670062479974,-0.242953134202556,-5.19720059385793,4.73092514313734,-1.04225326362394,-8.14238128650768,6.1004969207802,NA,NA,-113.176576341102,33.5730659529794
678,-3.29551913036951,-9.35392461548162,2.73870680356235,-0.264610045849629,-5.13857743335618,4.64112616130697,-0.974434347733998,-7.98829506113559,6.0261595550154,NA,NA,-112.107448416824,33.7290335441835
679,-3.36075226882418,-9.38128301967188,2.54963327053185,-0.285940466436434,-5.14450663917009,4.5646808660545,-0.91876780390943,-7.9021142362019,6.0449005317533,NA,NA,-111.034188507601,33.8750260438921
680,-3.43551539337033,-9.42302403860211,2.46151049832147,-0.3041522015152,-5.12522290842221,4.49847612718503,-0.88469562279146,-7.78910687088628,5.99124451611562,NA,NA,-109.95704579015,34.0109928229485
681,-3.53024408911983,-9.45895602233369,2.30730583460442,-0.323046841799559,-5.1370329932878,4.43703606322418,-0.859366792002687,-7.72900600715952,5.98013861239417,NA,NA,-108.87627972884,34.1368883865764
682,-3.63949850171476,-9.53536576255363,2.07748834493285,-0.353506220748474,-5.1640312404426,4.38561395378973,-0.858557659325697,-7.6403307949832,5.9249034178618,NA,NA,-107.792152551364,34.2526687772856
683,-3.76362855993677,-9.61991878481036,1.95840560135516,-0.393017551871139,-5.17669197020521,4.34192371342973,-0.889889671606058,-7.69737421927108,5.90613634406086,NA,NA,-106.704932526035,34.3582941498966
684,-3.89981469255853,-9.76762015635862,1.78219663477879,-0.431809358843208,-5.2320058574671,4.28443637247035,-0.917387183621364,-7.6832184170502,5.88462541430312,NA,NA,-105.614890091814,34.453727140488
685,-4.03011740662725,-9.88626245502891,1.65179576192195,-0.476348348403713,-5.23894588992779,4.23214485716211,-0.950529628724068,-7.73633309822986,5.79625006606263,NA,NA,-104.52230422908,34.538933848633
686,-4.16461080681737,-10.0052334229231,1.50307996868976,-0.519284963798381,-5.29738700770445,4.19398246602683,-0.987505616631987,-7.75863823286093,5.74613800748433,NA,NA,-103.427455278723,34.6138832306841
687,-4.30069526271604,-10.1563144349849,1.3732102983084,-0.555973347962034,-5.32473732777319,4.19926005985678,-1.03852305147014,-7.83714386739954,5.67169049619556,NA,NA,-102.330623434408,34.6785483650452
688,-4.44057392946421,-10.3266964230112,1.23679679339622,-0.592722464625701,-5.37170705393634,4.12612733938024,-1.09136270867085,-7.93139098186982,5.69208904341966,NA,NA,-101.232102292344,34.7329055858472
689,-4.57508353759036,-10.45689997981,1.18598939984859,-0.635253200222271,-5.41270658422197,4.10401602004607,-1.15451801038286,-8.03949794659324,5.60226587188574,NA,NA,-100.132180812428,34.776934091496
690,-4.72361098732677,-10.6570016387557,1.0593059851343,-0.669695172293214,-5.43124549759948,4.08314269017458,-1.20267284985356,-8.13742133591795,5.51215176776318,NA,NA,-99.0311502260404,34.810617880447
691,-4.86880335982663,-10.8254583967134,0.930364542358327,-0.714381225755437,-5.44686314593303,3.98011023835472,-1.2542805543113,-8.20890936189861,5.42233466951588,NA,NA,-97.92930558465,34.8339467558551
692,-5.00074517084223,-10.9647208058027,0.814288134337945,-0.767295718875326,-5.52023053588576,3.91875543281932,-1.29440900624254,-8.27547237505554,5.34156429637455,NA,NA,-96.8269397009582,34.8469100101894
693,-5.13948476952931,-11.1141825711064,0.639432770459039,-0.812575617711926,-5.5603834509521,3.89375075896174,-1.34231018159053,-8.33781636788457,5.29541153930344,NA,NA,-95.7243493341121,34.8495025793325
694,-5.25655060806086,-11.2266186188694,0.522095480994258,-0.856584292384286,-5.5994948628083,3.85130879666967,-1.39559954183423,-8.43312810600456,5.27972958437572,NA,NA,-94.6218373027716,34.8417249776994
695,-5.36701063475299,-11.387420193892,0.437840308985937,-0.903069213800267,-5.67652685072474,3.84632168959354,-1.44610775573192,-8.39913231071171,5.27059155198859,NA,NA,-93.5196944964226,34.8235763143187
696,-5.46735680200478,-11.4834222515715,0.337611190786712,-0.94715435341866,-5.74240405594576,3.83905713522055,-1.48488262198991,-8.45261152680355,5.27796180586575,NA,NA,-92.4182197555327,34.7950682171791
697,-5.54912667705427,-11.5655748645804,0.276765877176628,-0.987464341690116,-5.83351887067184,3.8103160292254,-1.52143603492078,-8.48435182550896,5.25409009715314,NA,NA,-91.3177039649991,34.7562112546357
698,-5.61839565202688,-11.6637667599157,0.242071844347049,-1.02411615147735,-5.92709490812485,3.78531612865947,-1.5563365140949,-8.61699335760372,5.27084599162488,NA,NA,-90.2184444734102,34.7070151933426
699,-5.67717964634114,-11.7580993141422,0.213928287066612,-1.05776754917421,-5.9991535930123,3.8046068231987,-1.59648595621308,-8.68245214065836,5.27729262283805,NA,NA,-89.1207337749995,34.6475014862421
700,-5.71590761889049,-11.8485625303336,0.218979541669199,-1.08681486880284,-6.06701167983597,3.82039083564533,-1.64115500913951,-8.79256990998271,5.269315650852,NA,NA,-88.024857612169,34.5776921517986
701,-5.73660279798592,-11.921628131906,0.250509623110774,-1.10962733629529,-6.14775577349873,3.84488543536147,-1.67134696261834,-8.89116771919157,5.31328535851134,NA,NA,-86.9311042062443,34.4976107173387
702,-5.75402134333052,-11.9910344042166,0.277248874782745,-1.12584064531544,-6.23046994661719,3.90234612553193,-1.68469338811948,-9.06337421122334,5.42443677816062,NA,NA,-85.839752487359,34.407286264616
703,-5.75315300459163,-12.039013129223,0.311567065343504,-1.13388173761315,-6.34743541013425,3.95941561553557,-1.71629955972358,-9.16631499589299,5.47614263234419,NA,NA,-84.7510872429644,34.3067544618372
704,-5.74932928800715,-12.1311498490832,0.388282129656942,-1.15692605372882,-6.44124360343121,4.00470146798553,-1.73268920028738,-9.24578490263593,5.48876597390118,NA,NA,-83.665379114307,34.1960440521244
705,-5.73286496030211,-12.2009544088194,0.417871735461242,-1.18512928862458,-6.52230761407849,4.06410356010255,-1.75222186284754,-9.44255555024778,5.55336423804361,NA,NA,-82.5828997212192,34.075199436067
706,-5.72336281938504,-12.2805643145026,0.483358013359339,-1.21333341581999,-6.6124111065731,4.10455227286773,-1.76958026462819,-9.64688748003347,5.63270138820652,NA,NA,-81.5039127201187,33.9442609078414
707,-5.71125829264947,-12.3431188737095,0.690039863911818,-1.23087260250991,-6.81212864721899,4.2559942316628,-1.79629734356704,-9.81452703280768,5.76065661199599,NA,NA,-80.4286797769703,33.8032753325303
708,-5.69284735755932,-12.6541027131473,0.960384651226518,-1.24593579159489,-7.08827805076674,4.44802410576202,-1.82680296112173,-10.1178033068162,6.0481245253331,NA,NA,-79.3574530661827,33.6522892252346
709,-5.68109443378391,-13.4021496430806,1.80220373618064,-1.26423849417988,-7.80293501976042,5.07716075389881,-1.85421386967003,-11.1239174407534,6.99830546004484,NA,NA,-78.2904822660197,33.4913521980324
710,-3.16582546861442,-10.7917242040598,4.49443178916687,-0.153732059287874,-6.40416894058656,6.12284658841277,-1.2373728189113,-10.2643157522312,7.78092740301368,NA,NA,-116.130230750013,32.1695014344233
711,-3.19138083487663,-10.233708437252,3.84552857181604,-0.18394359051378,-5.88427617175895,5.53571591044623,-1.17818340236065,-9.41593764428084,7.04203463053711,NA,NA,-115.086026396862,32.3532940133539
712,-3.23472062742711,-9.84515763295995,3.36169594384276,-0.225149577564969,-5.55647476643593,5.15283635145545,-1.09317361904015,-8.79264127654774,6.60887049487297,NA,NA,-114.037128939674,32.5273552020581
713,-3.27000941057621,-9.66967165464404,3.17270086263332,-0.254575793442145,-5.49546530965881,4.97862646708217,-1.03442415490829,-8.51625145547329,6.45095052649091,NA,NA,-112.983764859903,32.6916276112211
714,-3.33714674048554,-9.65339896103967,2.9290565542483,-0.274893742516589,-5.40016225759231,4.86132789537972,-0.972736691176013,-8.27375407043736,6.37619968292128,NA,NA,-111.926168334523,32.8460595126934
715,-3.40849835185277,-9.63965636120492,2.80673061439827,-0.291436440640589,-5.38874886839316,4.7508564402979,-0.923634413236804,-8.18280042646949,6.2985812602522,NA,NA,-110.864572364379,32.9906041233626
716,-3.4894232956884,-9.70072002619266,2.62033924064998,-0.314358765705224,-5.38722172926868,4.67588483966623,-0.888200217293476,-8.04428654245243,6.27523969384482,NA,NA,-109.799223026468,33.1252140281523
717,-3.58830371505413,-9.67734609160165,2.44390786786033,-0.344805051514312,-5.3683627884174,4.62068863190185,-0.879275580858481,-7.94615858547075,6.22823917006583,NA,NA,-108.730369715669,33.249844224397
718,-3.70202889640485,-9.72070638221369,2.24040696298171,-0.381624821731117,-5.35402334380758,4.51929394605089,-0.877246310550307,-7.87865072965355,6.18776126472814,NA,NA,-107.658266697578,33.3644545195476
719,-3.82177939956936,-9.83763672070552,2.07119382907195,-0.424134485022243,-5.37842992454604,4.43110601260515,-0.908952060282548,-7.85207363829978,6.08984428878645,NA,NA,-106.583171959116,33.4690053726413
720,-3.95769372878621,-9.96512489321896,1.87018965100165,-0.458719297364925,-5.41831405652373,4.3956136041818,-0.938470359571954,-7.85326112047372,6.03116766554918,NA,NA,-105.505352049694,33.56346401548
721,-4.09174005857711,-10.0611624071825,1.72357826732709,-0.502388747458945,-5.41503995555002,4.31686127632629,-0.965898081478908,-7.94621613270673,5.98534722356516,NA,NA,-104.42507354702,33.6477969462214
722,-4.21621497787476,-10.1621538042198,1.57898770019469,-0.551725553123237,-5.43095074484315,4.28301479206888,-0.999759254069871,-7.95734067596433,5.94207317994227,NA,NA,-103.342606611435,33.7219742727259
723,-4.33475430496964,-10.2632463153775,1.42646820590786,-0.585298839577461,-5.46699456948621,4.25284798585509,-1.04807819482561,-8.02130125944377,5.86046456977384,NA,NA,-102.258226119147,33.7859720689396
724,-4.46399236855176,-10.4371403513938,1.33405476784536,-0.615812975704021,-5.48928909524951,4.21723944979768,-1.1075137996811,-8.15328705707127,5.81641458345844,NA,NA,-101.172213041616,33.8397649411581
725,-4.58060113630968,-10.5737328775137,1.29319177715394,-0.659416597401679,-5.51208930391612,4.16349361373031,-1.1666575511958,-8.24006683996743,5.70536063759101,NA,NA,-100.084846390624,33.8833355318816
726,-4.71982715620135,-10.7589985620185,1.17805262066294,-0.692030949392931,-5.55940464503955,4.14278930057301,-1.2041006027459,-8.30172696012273,5.61854540796768,NA,NA,-98.9964083694874,33.9166691178214
727,-4.85029061290144,-10.8697898299662,1.03987684551687,-0.727837538464441,-5.58799028429971,4.09125304800133,-1.25217152047306,-8.34251863976256,5.55931304807368,NA,NA,-97.9071824929901,33.939754932982
728,-4.97936865026525,-11.0353146749494,0.878183015993062,-0.765235955493407,-5.62007196673277,4.04584207076704,-1.28697515575076,-8.41891102378798,5.52150834154482,NA,NA,-96.8174544661051,33.9525817632668
729,-5.11151408718226,-11.1754326654806,0.784453754549608,-0.80845121705719,-5.64021107498381,3.98253246728727,-1.33122697344946,-8.48403684362051,5.48373116606888,NA,NA,-95.7275124988413,33.9551473713053
730,-5.21728976716897,-11.3052888029492,0.647594858153123,-0.84673175551468,-5.67240733819674,3.95211924528539,-1.38457270103947,-8.60024166094984,5.428219009947,NA,NA,-94.63764199485,33.9474503011663
731,-5.315683682875,-11.4195636716184,0.546435237586654,-0.890046510059139,-5.73364568860405,3.97665785921525,-1.42648801239306,-8.60201322473777,5.42816847510055,NA,NA,-93.5481296996546,33.9294924632574
732,-5.40572778820012,-11.504198936853,0.476265933508926,-0.934290464935757,-5.80835991567327,3.94244616221473,-1.47167611599355,-8.58099322621231,5.38484083734576,NA,NA,-92.4592613667222,33.9012813130538
733,-5.47884691221063,-11.5522834546364,0.46075847490145,-0.971087956429134,-5.87500111290032,3.92026403321599,-1.51060236554021,-8.67174849706834,5.42302502936499,NA,NA,-91.3713215710726,33.8628277041948
734,-5.54823666684151,-11.6844796415074,0.446847376192274,-0.999686009667579,-5.95104766095776,3.93638042324553,-1.53519458968027,-8.78574868647355,5.43796368473826,NA,NA,-90.2845950296556,33.8141422577973
735,-5.61921487880205,-11.7735794620161,0.390433657647251,-1.03521517683459,-6.04018454880269,3.91272369675044,-1.56643091672008,-8.84768048928056,5.44694183311376,NA,NA,-89.1993638320021,33.7552444966108
736,-5.66919737348716,-11.9103527712579,0.352497765047834,-1.05978139594733,-6.13509931704406,3.92830695025857,-1.60711880037415,-8.87889049531062,5.4654337773935,NA,NA,-88.115904597508,33.6861566115233
737,-5.69433439484865,-11.9925310093005,0.406476365110321,-1.07533770723349,-6.21230069520929,3.98920510668695,-1.64126122068327,-8.94666229604243,5.46000335676187,NA,NA,-87.0344967314845,33.6068980030177
738,-5.70630810264477,-12.0464831359903,0.466741016348118,-1.09426734963422,-6.31854453941791,4.07900897086921,-1.66440684182619,-9.12298894454175,5.57129599073921,NA,NA,-85.9554133753244,33.5174985457128
739,-5.72296011551316,-12.1540584285816,0.550714991625782,-1.10728722320832,-6.40357524880226,4.0964989637201,-1.68682588811301,-9.28499157306092,5.55911204352456,NA,NA,-84.8789235527341,33.4179901108821
740,-5.71900384401461,-12.2451736032346,0.587296647196784,-1.12481405509176,-6.50362856274439,4.18964122737117,-1.69986863575752,-9.44069843536807,5.66322098137511,NA,NA,-83.8052919528626,33.3084027135569
741,-5.70808948122231,-12.3310809899378,0.60198706369549,-1.15222734329793,-6.63776871464145,4.26672710206143,-1.70942792071798,-9.5601634003747,5.78010369672958,NA,NA,-82.7347821525948,33.1887769558534
742,-5.70315031240387,-12.4425010902652,0.73655955775378,-1.18182009170919,-6.79049473094861,4.33924442593953,-1.71872450630103,-9.76362268168178,5.88563930710651,NA,NA,-81.6676503377851,33.0591513414736
743,-5.70556197871236,-12.5756653131466,0.936051445080837,-1.19495096160019,-6.96357217232849,4.4607367012667,-1.74434578187588,-9.98723053309507,6.12318460053585,NA,NA,-80.6041452859298,32.9195670750299
744,-5.69823132952067,-13.4439186914618,1.76936171114597,-1.22230534453007,-7.72952536247392,5.12422032474095,-1.79195185796466,-11.0112258790001,7.0681046154047,NA,NA,-79.5445171782623,32.7700708955299
745,-3.26141171313698,-10.8675987760671,4.32463303470733,-0.248863193943022,-6.42777812015516,6.00592645853566,-1.06484769148631,-10.0489838169264,7.83004759139244,NA,NA,-113.837394306416,31.6459049480797
746,-3.29591486718532,-10.3206923184099,3.71436202390031,-0.26312780129826,-5.98465250912497,5.48984325715762,-1.02598971192957,-9.26683754139817,7.17920453934708,NA,NA,-112.795190412232,31.8086231276158
747,-3.37076456402128,-10.0223833628208,3.31246286802382,-0.284868566741962,-5.72676911137635,5.12072697259529,-0.957754199004565,-8.72236321558517,6.82139749123398,NA,NA,-111.748883872014,31.9615829387714
748,-3.44468808855224,-10.0076329000295,3.11016912778904,-0.307992055773686,-5.72538699133566,5.0302487030221,-0.917760142902061,-8.57515210756352,6.72631807979522,NA,NA,-110.698710195839,32.1047398258897
749,-3.52702123986012,-9.9885062581936,2.85387421177344,-0.326704339475788,-5.6423947675061,4.91504253611555,-0.889693199829647,-8.4039534141707,6.63386104986347,NA,NA,-109.644904989782,32.2380489411709
750,-3.63368857252441,-10.0182719105838,2.62557210021936,-0.348273955464215,-5.62459014650412,4.8048940158163,-0.883713143302653,-8.2589884285562,6.53595341659668,NA,NA,-108.587709574732,32.3614671203778
751,-3.75776064360955,-9.98337996248626,2.41358666868399,-0.394910439908923,-5.5721401248013,4.66859275276354,-0.880142822225875,-8.18941024091814,6.45471965206128,NA,NA,-107.527370167889,32.4749549234747
752,-3.8874512963661,-10.0724665931785,2.15952060836025,-0.442760313148981,-5.59745364192426,4.58299941467227,-0.900980966117261,-8.05672746725579,6.39009338158754,NA,NA,-106.464140762435,32.5784778359336
753,-4.0255233141525,-10.1981611486568,2.00181536413658,-0.477324010629292,-5.58963720964196,4.50610546842992,-0.944793686280156,-8.15073690331535,6.26934396895201,NA,NA,-105.398273911397,32.672002209677
754,-4.13836919493097,-10.257077218174,1.82398439098698,-0.522999743246035,-5.60468555927835,4.41767802665581,-0.980440374369928,-8.16805948777656,6.16440192843504,NA,NA,-104.330032445637,32.7554982750351
755,-4.25139898323705,-10.3244179624813,1.68137287747368,-0.562895902762178,-5.59942784883119,4.37855491779538,-1.02666855511775,-8.14952863163881,6.07869693831195,NA,NA,-103.259672062575,32.8289345141816
756,-4.35524472172798,-10.4327466585473,1.59094249282798,-0.606941161527784,-5.58273881188822,4.34141051608081,-1.06618167395395,-8.23219387296005,5.97574945826684,NA,NA,-102.187465848771,32.8922910082234
757,-4.48502572136425,-10.5959729823433,1.48561826635903,-0.642037509685289,-5.61988967059623,4.32553961290789,-1.1264360987748,-8.29762435938807,5.87334685786738,NA,NA,-101.113679486847,32.945545638673
758,-4.60144216509739,-10.708236390002,1.39126450739545,-0.677470734427899,-5.65004089606716,4.24529368877198,-1.18349824736507,-8.40768242281208,5.80359159966503,NA,NA,-100.038583745589,32.9886785130209
759,-4.72605935643137,-10.8393548015003,1.26161188965529,-0.705715826840106,-5.68588070566808,4.22402874435512,-1.21849513207523,-8.48217739824031,5.74111209123811,NA,NA,-98.9624536059061,33.0216776262313
760,-4.85089459948639,-10.9947972493134,1.16649704986214,-0.732008098718647,-5.67756163484123,4.19693848335282,-1.26215042914713,-8.54594157328546,5.67777879943876,NA,NA,-97.8855633040747,33.0445296220363
761,-4.9663279571737,-11.1402001677323,1.04462370967048,-0.762271722812077,-5.70640170621644,4.17686813783705,-1.29102967316798,-8.58221268099904,5.65416720216801,NA,NA,-96.8081874431372,33.0572268034515
762,-5.08906811207867,-11.2671911362645,0.878438763101027,-0.805748692489724,-5.74258394575479,4.1300421337267,-1.32932603647682,-8.62062858506763,5.58453648404072,NA,NA,-95.7306031166704,33.0597666389608
763,-5.19397331347278,-11.4054410843365,0.82121025828231,-0.846405002732607,-5.74340362628157,4.08523655314645,-1.37728478213243,-8.70613782753099,5.58546774001644,NA,NA,-94.6530886695218,33.0521478715802
764,-5.27828298784033,-11.5071108652102,0.728847512114406,-0.88358191906931,-5.81334215879267,4.06333504378206,-1.41735300545901,-8.75709901740029,5.52201466585927,NA,NA,-93.5759204103261,33.0343703962874
765,-5.36321942092364,-11.6053150845868,0.631431751377071,-0.920534393511302,-5.85919488015831,4.05157881121941,-1.4540990656672,-8.76962836762789,5.55058150988666,NA,NA,-92.4993740906601,33.0064435248212
766,-5.4274779813454,-11.6699542832187,0.654075365235598,-0.950181134041508,-5.96525863680091,4.06434708952431,-1.48815693482365,-8.83667977313121,5.58343131080639,NA,NA,-91.4237263954127,32.9683762441561
767,-5.50377641549651,-11.720726769628,0.598740052957677,-0.973330133183003,-5.9989252934755,4.04006059878034,-1.51582694987914,-8.88202136157825,5.61139352903423,NA,NA,-90.3492503196104,32.9201807345056
768,-5.56840909592573,-11.8808115905129,0.588392750395392,-1.00475132552611,-6.08553709694728,4.04894842360176,-1.54465524423724,-8.91740328522611,5.64316729233263,NA,NA,-89.2762186596696,32.8618736521532
769,-5.62273657824025,-11.9679290319261,0.593306600453059,-1.03756412451193,-6.18931063300104,4.07997350886898,-1.57205171272757,-9.00831500498199,5.64601291265475,NA,NA,-88.2049010059731,32.7934754567078
770,-5.66462822338679,-12.0783272890871,0.596098536768819,-1.05422662253452,-6.26499280169155,4.14300262716231,-1.61100539006012,-9.09957946715915,5.67123278974608,NA,NA,-87.1355661122617,32.7150050059478
771,-5.68688278960011,-12.1798767083622,0.607149447373625,-1.06565469521856,-6.34449353168527,4.22552889645565,-1.64078207619223,-9.25737075806759,5.74515248530153,NA,NA,-86.0684783819145,32.626491579767
772,-5.69799965946033,-12.319181424847,0.712199506183153,-1.08594122841839,-6.49488738246181,4.28920299339466,-1.66429734680743,-9.42936927271621,5.77113998439128,NA,NA,-85.0038983416293,32.5279646812729
773,-5.70120732524042,-12.4250176701686,0.7897300019642,-1.10198556971878,-6.60122913559313,4.32085044784388,-1.6680780480335,-9.63707315651309,5.90730188699966,NA,NA,-83.9420830441051,32.4194532572963
774,-5.70441114655002,-12.5400370740322,0.898118367068041,-1.11937649584668,-6.75820056580485,4.41032441981326,-1.6667982132092,-9.76331925144985,6.04682729214277,NA,NA,-82.8832857379118,32.3009943330884
775,-5.70110828629173,-12.6912641619699,1.07395210396735,-1.13860920915496,-6.92694464684862,4.54586606244902,-1.65756663224371,-10.0083877178891,6.2469440410333,NA,NA,-81.8277536614297,32.1726256850511
776,-5.70035271720992,-13.0675558478746,1.45951503622444,-1.15852212829579,-7.26031808613211,4.85097694507976,-1.65681116698124,-10.509690562496,6.75808390132609,NA,NA,-80.7757291200381,32.0343840489595
777,-3.42504473805053,-11.1118498924632,4.305011494729,-0.307446664703388,-6.66823856567613,5.98702456891859,-0.922426187921609,-9.95062192738679,8.13291288437075,NA,NA,-111.575468462577,31.0754377465306
778,-3.4666096426416,-10.6459515487595,3.73520146488161,-0.314086403391044,-6.26265807582644,5.60680516674238,-0.900427278198929,-9.32418168571207,7.50031665503303,NA,NA,-110.536481268194,31.2172666316762
779,-3.54452756701701,-10.5454601168043,3.4035249343282,-0.328982662749431,-6.12005392628969,5.39246787787906,-0.890485110959004,-9.07947210073634,7.28103643579478,NA,NA,-109.493979937214,31.3493258792959
780,-3.65429497146045,-10.5412665578513,3.1667192937477,-0.353411682736405,-6.04251676840139,5.23892858436246,-0.883990114884748,-8.89291940000188,7.14093172424912,NA,NA,-108.448193705726,31.4715805259419
781,-3.78554575573321,-10.5014028580602,2.85070256499207,-0.405424468275573,-5.98452170811224,5.08479046523623,-0.876698516421731,-8.73074996610537,7.0120886385839,NA,NA,-107.399369263344,31.5839962810105
782,-3.94522075338398,-10.386786417422,2.37840816376566,-0.463073750389491,-5.84599015045156,4.82730970208564,-0.905534667301967,-8.50477293428902,6.74926873943076,NA,NA,-106.347746273466,31.6865352536215
783,-4.07691761936392,-10.445811931707,2.19495045037546,-0.497137263571381,-5.81827135377005,4.70774881857701,-0.957205603555113,-8.53668389973391,6.63010469587368,NA,NA,-105.293573993566,31.7791655810601
784,-4.18432781670435,-10.543180366735,2.03413758451674,-0.543140258870376,-5.77909848675642,4.59270902911319,-0.99712961022375,-8.49603348145383,6.47582166845218,NA,NA,-104.237102894503,31.8618586128421
785,-4.28844709838514,-10.558324178558,1.85313762298698,-0.587538351264741,-5.8114419536708,4.54074629690562,-1.03823267461152,-8.4078194146519,6.28647216582987,NA,NA,-103.178586070048,31.9345878505908
786,-4.39421784140193,-10.651430369558,1.69978399695894,-0.622559761851119,-5.76031995640661,4.48002901766166,-1.08886739290321,-8.4650506885076,6.12797637428208,NA,NA,-102.118284810935,31.9973304541004
787,-4.51463702573919,-10.7383538925606,1.60490921667092,-0.657979507392319,-5.74977704489576,4.41457944888388,-1.15405889279278,-8.56106696076183,6.02347657880106,NA,NA,-101.056452975703,32.0500666164775
788,-4.62996655533101,-10.8552498143089,1.49182129728941,-0.688013853801735,-5.75360757504443,4.38151981563421,-1.20993549649243,-8.64703706149298,5.93822310566553,NA,NA,-99.9933574320077,32.0927795991547
789,-4.74198102149988,-10.9732135690736,1.36200457305263,-0.717422413569052,-5.78968017099502,4.31943899248618,-1.23448046536404,-8.69499823269314,5.90678517099162,NA,NA,-98.9292599273357,32.1254561213571
790,-4.85862485555336,-11.1086782192473,1.27003054199373,-0.743953578704977,-5.82939382317191,4.30505650351233,-1.27563226294859,-8.74567529086574,5.85175946342187,NA,NA,-97.864429132849,32.1480853605769
791,-4.96003732163634,-11.2085125992303,1.15204604446986,-0.764485519433406,-5.83964393535177,4.25331244717675,-1.30154828762909,-8.79145623870756,5.84863147402545,NA,NA,-96.7991277736952,32.1606587449227
792,-5.06154785514477,-11.3448297102162,1.00164459795089,-0.799373848763192,-5.8266516837196,4.2208536815741,-1.340589451323,-8.775579790856,5.79271176035706,NA,NA,-95.7336245251084,32.1631736635527
793,-5.1554662796827,-11.4743873144257,0.947873285622036,-0.835925486844628,-5.83494965770791,4.19251983117622,-1.38472744315393,-8.86952721941901,5.76895931219249,NA,NA,-94.6681883984092,32.1556285482587
794,-5.24045763663752,-11.6061988026587,0.935150676478978,-0.87292953888373,-5.88409479139548,4.17659346143994,-1.42299936848704,-8.93824501473657,5.72034589249013,NA,NA,-93.6030868952831,32.1380256023399
795,-5.32030490726997,-11.664630732767,0.846620939180456,-0.902485255211684,-5.95818189833284,4.17060764308073,-1.44940777267091,-8.95038382076298,5.70625785551859,NA,NA,-92.5385887665323,32.1103712375884
796,-5.39327617038028,-11.7780453916018,0.832477327255062,-0.931128736560859,-6.05166987051228,4.16716906582345,-1.48762552014724,-9.02044129187683,5.72875850588164,NA,NA,-91.4749572778092,32.0726750822359
797,-5.46689452684939,-11.8455007922589,0.777998807889055,-0.957402374825619,-6.12583020493791,4.18901833705473,-1.50977014838175,-9.02875953400105,5.73468757324933,NA,NA,-90.4124602116912,32.0249475356968
798,-5.53133916501421,-11.9827206803974,0.805537324958754,-0.989608155477598,-6.18667585193299,4.19928940592057,-1.54213221132623,-9.13457803149225,5.82822977136036,NA,NA,-89.351358815336,31.9672054728945
799,-5.59183587480183,-12.0898646085164,0.732945800600468,-1.01390219934228,-6.27680744291734,4.24032174168272,-1.55092484907202,-9.16713876712464,5.86792870943515,NA,NA,-88.2919151330561,31.8994669356114
800,-5.6372902330947,-12.1866481698747,0.740003132534383,-1.03019518831456,-6.37849044700225,4.26360392450985,-1.58127423768076,-9.26388219242854,5.96459594167303,NA,NA,-87.2343896070177,31.8217527396474
801,-5.67672473222174,-12.3545053132118,0.836562653018239,-1.04974464507672,-6.50583888049497,4.34639982140144,-1.60452360107969,-9.46173146818478,6.04728131562898,NA,NA,-86.1790366091299,31.7340882768591
802,-5.68092160618872,-12.4743820267808,0.889900142286724,-1.07084909198768,-6.63364858785251,4.40622770400319,-1.62043159825713,-9.57787038297295,6.0396325349763,NA,NA,-85.1261097160248,31.6365015190406
803,-5.69195234622558,-12.6088605437042,1.00386983524818,-1.08558184254293,-6.78041651577533,4.50493265077686,-1.6315750616258,-9.85750746446196,6.16992295363861,NA,NA,-84.0758533052752,31.5290207400367
804,-5.70605940986436,-12.7666456043091,1.14269339050318,-1.10212586074163,-6.95001386497783,4.60346130307638,-1.61566081172536,-10.1065626637884,6.35473500941902,NA,NA,-83.0285193894619,31.4116802852153
805,-5.70675561552848,-12.9988970815644,1.35814613046262,-1.12005066379799,-7.1443971280086,4.7595487204943,-1.61345021066157,-10.4233703448131,6.65955093675344,NA,NA,-81.98434533522,31.2845136334057
806,-5.71141851274085,-13.4504456683287,1.79514828091718,-1.12860280769795,-7.49945588612529,5.13611016126159,-1.61617030701782,-10.9775770058205,7.1823797671596,NA,NA,-80.943571063257,31.1475643195976
807,-4.04340022796875,-11.5105393928345,3.35139481924109,-0.499177503802441,-6.73196156439996,5.62198617475231,-0.930260886853896,-9.7903444703823,7.88694992870962,NA,NA,-106.233903913442,30.7930011802926
808,-4.13262193137729,-10.913223628461,2.58637851725923,-0.525704516325226,-6.21959960067786,5.07742908423348,-0.970510636244213,-9.09133720748725,7.07694072364443,NA,NA,-105.191173719878,30.8847732504244
809,-4.21884245082114,-10.8639726625243,2.33379915161254,-0.558787244906985,-6.05369195727392,4.8823911262006,-1.00033370513784,-8.92993320913243,6.84779960426602,NA,NA,-104.146221590366,30.9666989001472
810,-4.31321779635409,-10.8547595878088,2.12865714013628,-0.598274501900406,-6.07612604380764,4.76021617196133,-1.04575913083773,-8.8487274639085,6.59025177330497,NA,NA,-103.099290495635,31.0387495377939
811,-4.42781981798234,-10.8502004625436,1.89717020604185,-0.632920278181689,-5.98046391969243,4.66481609878875,-1.10700731367336,-8.81449256878027,6.39417856862223,NA,NA,-102.050631317018,31.1009036403587
812,-4.55413212038906,-10.9111682390121,1.70225395603948,-0.657328713834102,-5.91605799907817,4.57402068170349,-1.16903296835167,-8.83965439779603,6.20368566940024,NA,NA,-101.000493918412,31.1531456419892
813,-4.65161805836957,-10.9994807577211,1.63253871886424,-0.688626504563754,-5.9020820369415,4.50693433319648,-1.22842641204514,-8.94136164515758,6.1442395771149,NA,NA,-99.9491316307318,31.1954575369752
814,-4.75801720820085,-11.1491471036541,1.57629687879514,-0.712975080083311,-5.91417880635801,4.49739565820068,-1.26532317946335,-8.97835223996159,6.02843006634786,NA,NA,-98.8968017882416,31.2278250724367
815,-4.85943306910643,-11.2149942289965,1.44950118180744,-0.736195299387394,-5.9678428112414,4.40297168613917,-1.30738337857269,-8.96446565073249,5.99039000811003,NA,NA,-97.8437607398471,31.2502407857477
816,-4.95532927805387,-11.335305722763,1.31979392637097,-0.762482597225978,-5.93187793125928,4.38105881086154,-1.34029977765392,-8.97941868247084,6.00624212783828,NA,NA,-96.7902670030458,31.2626954955233
817,-5.03887095148353,-11.4616395169594,1.23688915016196,-0.791804304390976,-5.94052170821817,4.34765415559251,-1.37010561257323,-9.04024229917853,5.96069010191808,NA,NA,-95.7365789741952,31.2651864277473
818,-5.13027217743532,-11.5354134394705,1.13634286794137,-0.831049818257431,-5.92297540597251,4.3002778642803,-1.39816872553184,-9.05674637869366,5.93049301253795,NA,NA,-94.6829536361488,31.2577131642446
819,-5.22505300941269,-11.6903621496941,1.06561770156066,-0.857137210070222,-5.98410463006796,4.32540124694345,-1.42740187511959,-9.10017554153439,5.89499526535308,NA,NA,-93.6296505556532,31.2402792611563
820,-5.30747416502927,-11.8126575401521,1.02947622654219,-0.884303607538492,-6.06132877657762,4.34206152463234,-1.44549262958085,-9.17170668578262,5.90687488747924,NA,NA,-92.5769338640609,31.2128818201598
821,-5.3790003125162,-11.9386374068089,1.00389221853895,-0.911026529853908,-6.13819407364539,4.32564768953148,-1.47917797410158,-9.22260501994378,5.90038794293837,NA,NA,-91.5250556026908,31.1755414441662
822,-5.44841230975709,-12.0415170044045,0.945809387046405,-0.948657934004842,-6.24111530784627,4.36968903367321,-1.51589532873883,-9.3126578575529,5.97747965886585,NA,NA,-90.4742733085068,31.1282628871063
823,-5.50731363607597,-12.1508673168748,0.960021996571767,-0.977494531435877,-6.34391165844129,4.37671265159145,-1.53573269669606,-9.31675560886789,6.04032239704894,NA,NA,-89.4248416057857,31.0710619965013
824,-5.55918072793471,-12.2226276250472,0.934951277439255,-1.00344571115111,-6.40026674697135,4.43088259808226,-1.55766302626177,-9.4672180812753,6.10828742165175,NA,NA,-88.3770120651239,31.0039561434681
825,-5.60637271647153,-12.3747978817151,1.02443561931806,-1.02523015575623,-6.54263351467685,4.46794964609103,-1.57601002029214,-9.57411598734422,6.24360475543344,NA,NA,-87.3310388393641,30.9269644437951
826,-5.64845245130276,-12.5695032559071,1.07669385985404,-1.047929792116,-6.66736530448039,4.5420083698504,-1.59341272529083,-9.72221023404347,6.33017523962424,NA,NA,-86.2871674206158,30.8401145867847
827,-5.66789954983484,-12.7122405164393,1.16891913495071,-1.06495005433098,-6.82429218056702,4.60583093663439,-1.60961995143999,-9.96095721883167,6.398303592646,NA,NA,-85.2456413167257,30.7434279376412
828,-5.6927021082194,-12.9005043355096,1.31486530948635,-1.07754645452707,-6.96876427405732,4.7245175410793,-1.61243371235398,-10.2305265968398,6.54361305973436,NA,NA,-84.2067053342269,30.6369346283635
829,-5.71867592458781,-13.1167600346396,1.42876790333026,-1.09060880018434,-7.13395788513882,4.84050829484679,-1.59551485284053,-10.4810157731586,6.78269659264564,NA,NA,-83.1705938009628,30.5206648527131
830,-5.72737295957093,-13.3657677511345,1.705912438096,-1.10962807265081,-7.39350470706381,5.00287269377745,-1.59758565776506,-10.8393228746779,7.05639245653877,NA,NA,-82.1375416668753,30.3946546309007
831,-5.73942090372079,-13.9082800260242,2.12827390821405,-1.11634904254433,-7.78995115226277,5.35050517477978,-1.59601827977379,-11.4234277540769,7.64366520244682,NA,NA,-81.1077781224943,30.2589416930088
832,-4.19862801963393,-11.9709475782438,3.51554049666614,-0.543910351012071,-7.04194628326205,5.9024583722319,-0.998639190771532,-10.3049943622042,8.1869389962804,NA,NA,-105.091000570475,29.9886613568333
833,-4.26030938703097,-11.4303440106527,2.83756739459741,-0.562583491283317,-6.5571312345358,5.38591298424202,-1.01931751845584,-9.60026780704536,7.46754228653255,NA,NA,-104.057317997957,30.0698488245623
834,-4.33681463140913,-11.3281299283995,2.5674991034899,-0.596192661829111,-6.42713277434267,5.1347093770809,-1.04189507637077,-9.39795029847487,7.16655608476183,NA,NA,-103.021718440221,30.1412522345985
835,-4.45851939140665,-11.3383325797666,2.32373243671911,-0.637082870806518,-6.34815681344442,4.99533207097621,-1.12028674417185,-9.36150096416719,6.89309681992243,NA,NA,-101.98444715802,30.2028487864283
836,-4.6123168437902,-11.2160471227551,1.95123037458936,-0.664825105181219,-6.10443452421014,4.72155970750098,-1.20774192970342,-9.19011138867835,6.45824977889072,NA,NA,-100.945755692911,30.2546108421076
837,-4.70246135828537,-11.2976396280836,1.86911205969865,-0.692189898634292,-6.10326425318297,4.6731071307783,-1.26069229408868,-9.28014329447999,6.3509042021452,NA,NA,-99.9058731826072,30.2965351092689
838,-4.78187401491696,-11.3530763150423,1.76217866592814,-0.713068127132508,-6.08136186733094,4.6920327485515,-1.29967616684995,-9.30878942165257,6.29556643755405,NA,NA,-98.8650539522963,30.3286072271536
839,-4.86166885593197,-11.4176874411436,1.66593637313178,-0.733413889945539,-6.09474516940989,4.63979551542182,-1.32780326455802,-9.27657694295109,6.25356007803185,NA,NA,-97.8235465946411,30.3508165209493
840,-4.94277145565516,-11.5040579616308,1.55722612848736,-0.7563028635077,-6.09188999846609,4.58259222294534,-1.36712412007354,-9.29133749308686,6.22416352217225,NA,NA,-96.7816012828175,30.3631571353753
841,-5.02644286038696,-11.6116867615595,1.43681515994247,-0.787091971610461,-6.06548470784205,4.49526931956306,-1.39718411262968,-9.25337533869153,6.1546369551967,NA,NA,-95.7394673180897,30.36562686893
842,-5.1085961291653,-11.7172428556306,1.32064933001111,-0.81692607616973,-6.05044811510841,4.4701638149126,-1.42879104578588,-9.29343338093856,6.12605034415747,NA,NA,-94.6973953640965,30.3582210695963
843,-5.19582491238202,-11.8758007568101,1.28204476986003,-0.849563431874217,-6.12662579538439,4.45610320150991,-1.44264903551267,-9.40197402111993,6.11198227212667,NA,NA,-93.6556361445698,30.3409446883299
844,-5.28882705720825,-12.0439282778955,1.2988556633524,-0.875505580660805,-6.21463565230731,4.49180192338854,-1.45674484238258,-9.47975860608079,6.19199216093511,NA,NA,-92.6144401135275,30.3137998957627
845,-5.3739528002886,-12.1736221410173,1.22216850616696,-0.908477087818169,-6.31586109210911,4.51842423229432,-1.49207631614097,-9.54034636385145,6.1876965681321,NA,NA,-91.5740571732259,30.2767986741923
846,-5.43339436113334,-12.2681682291953,1.17986521338398,-0.939040260236496,-6.45087285074372,4.59045782745526,-1.52107974371707,-9.60381194795239,6.26658213216033,NA,NA,-90.5347342522646,30.2299505969596
847,-5.48899151184842,-12.3624804051782,1.25684768726026,-0.980565646462387,-6.56584936855351,4.64626965060532,-1.53375822879328,-9.67699142161442,6.33923489155508,NA,NA,-89.4967206756629,30.1732690179632
848,-5.53808571602329,-12.4972151076054,1.31082010223951,-0.997910210125217,-6.6558762928928,4.68610877664355,-1.56421645932042,-9.79421149557905,6.49356864717503,NA,NA,-88.4602585391847,30.1067672387357
849,-5.59579268871488,-12.8382160853316,1.45454761961032,-1.02740891668372,-6.91034640316482,4.81996477635037,-1.58153630632488,-10.0964055760951,6.72525533662194,NA,NA,-87.4255885341334,30.0304753957623
850,-5.64228231568315,-13.0114086965783,1.55419881571473,-1.04717660598158,-7.06619651169529,4.89413272746607,-1.59297984613786,-10.257183676844,6.86370660066997,NA,NA,-86.3929516189877,29.944398272617
851,-5.67279618382513,-13.175905164996,1.6602139216603,-1.06478749506895,-7.23923804004016,5.01512529868859,-1.59802565023102,-10.4658209989602,7.0372688556758,NA,NA,-85.3625855729206,29.8485747694758
852,-5.69879735044366,-13.4031240768735,1.77715853646811,-1.07735771433211,-7.34762782556523,5.09802185198533,-1.60022654352043,-10.7672552134665,7.11978216877847,NA,NA,-84.3347298107358,29.7430273275091
853,-5.74092840519685,-13.5827279477402,1.82714758374162,-1.0885357023601,-7.45636232876892,5.15449524458191,-1.59311692676939,-11.0253710981892,7.25590324970204,NA,NA,-83.3096065808924,29.6277846482538
854,-5.76221895509567,-13.9058541689869,2.14479669553037,-1.0997358433245,-7.69662602245399,5.34027002350166,-1.57840628128907,-11.4420634222439,7.59264770847415,NA,NA,-82.2874472652973,29.5028808411313
855,-5.7798800238597,-14.3790381407952,2.56218254829836,-1.10455707957259,-8.07357964082997,5.68734268257255,-1.57539203129813,-12.0150089849496,8.11151837064466,NA,NA,-81.2684708861615,29.3683499635391
856,-5.78628976355489,-15.5217214845705,3.69378843566015,-1.0875902335627,-9.02199578904119,6.64967965414454,-1.56510184780277,-13.2936605038287,9.55657919886177,NA,NA,-80.2528985379793,29.2242284815985
857,-4.28589753009714,-12.7322028627241,4.08435114838055,-0.575988240074967,-7.58163267125736,6.43901226517438,-1.02113266090585,-11.0416475428128,8.92064169170707,NA,NA,-103.970332729672,29.1711345184768
858,-4.30345123862318,-12.715609604757,4.00700815583815,-0.586916008830669,-7.56700797605294,6.34710962767274,-1.02492776764873,-10.9554255950489,8.80683764769406,NA,NA,-102.945823694478,29.2419107503682
859,-4.71487586347555,-12.0490786334807,2.61454596556822,-0.685427853484768,-6.69746602844664,5.31632950299025,-1.27429930366527,-10.1660396542451,7.32974207175508,NA,NA,-100.892206006231,29.3542821339543
860,-4.75860004934245,-11.747243040061,2.1929371129752,-0.701584580296539,-6.38722178670699,4.98895645690536,-1.29081991823345,-9.79912280669747,6.8597405666775,NA,NA,-99.8635538433568,29.3958378918731
861,-4.81099051011113,-11.642403872111,1.99725116851656,-0.713874910171511,-6.28844344194771,4.87040996270432,-1.32005643487666,-9.76714512776772,6.70232765813208,NA,NA,-98.8339955170184,29.4276273597761
862,-4.86608422198058,-11.6904870934968,1.95462430391848,-0.729076868024141,-6.2700073331454,4.79600871077231,-1.34877988820311,-9.65488212840081,6.59169477144659,NA,NA,-97.8037712093334,29.4496414766614
863,-4.92683678422024,-11.7454863862826,1.85511315423663,-0.750808931842164,-6.25819687848312,4.75231088999756,-1.37971394971213,-9.66435554882508,6.48012124657613,NA,NA,-96.7731222235808,29.4618719470509
864,-5.00004385573221,-11.8490797535447,1.74931521191669,-0.776117490146308,-6.27748151577699,4.77044650652834,-1.40472633054897,-9.61019699778133,6.49627728334456,NA,NA,-95.7422934190831,29.4643186321203
865,-5.07127728576252,-11.9674287381402,1.69863432957334,-0.804262555496818,-6.25824968999946,4.75047122613262,-1.43475380216362,-9.66860700560823,6.47326092174398,NA,NA,-94.7115246549036,29.4569778903576
866,-5.17557976465002,-12.3044257207344,1.78789910457366,-0.840941702722812,-6.47393124968419,4.85573895462237,-1.44636591460088,-9.88164430491654,6.67986668878211,NA,NA,-93.6810578695653,29.4398516907835
867,-5.27492615629599,-12.5065587518087,1.81129127130701,-0.871099669424397,-6.60644729834038,4.9114701812408,-1.46092951590163,-9.97607106065977,6.79041949142526,NA,NA,-92.6511375648389,29.4129484837211
868,-5.36716719604966,-12.6859363054368,1.76672447517495,-0.905584791996022,-6.72269225334979,4.93701285897409,-1.48466190095826,-10.0635164991441,6.80217044208934,NA,NA,-91.6219979760643,29.3762713439853
869,-5.43391870136957,-12.8219250664235,1.73599660402274,-0.936798640178509,-6.89453417162822,5.01988089750009,-1.51234239943452,-10.1994757774762,6.92817819421803,NA,NA,-90.5938864631691,29.329835496974
870,-5.47841547853261,-13.0073504286637,1.85440989257223,-0.967289315911443,-7.09210187501491,5.15931516629477,-1.51454273806079,-10.4039823556622,7.1561353776023,NA,NA,-89.5670427921306,29.273652339948
871,-5.50776908082135,-13.5189649460579,2.32702158415235,-0.97772472045549,-7.54650361820448,5.54481129720847,-1.54193380509513,-10.9662995457791,7.75973776349984,NA,NA,-88.5417045145063,29.2077355032546
872,-5.77859597121213,-14.8144334878912,2.88981490591321,-1.10129936633338,-8.4302489246471,6.07584943479652,-1.58881969439121,-12.3619688343747,8.62717685243468,NA,NA,-83.4456570528557,28.7328723714034
873,-5.79820726631633,-14.5973432391695,2.67705100160674,-1.10026650561847,-8.20105449315297,5.85634024016169,-1.58185489882628,-12.2065971203445,8.35847575626071,NA,NA,-82.4341679113987,28.609029601256
874,-5.80736634221767,-14.8968842288262,3.01685699830444,-1.09594601438038,-8.44654535102988,6.05112048659518,-1.57045439383528,-12.5914903597312,8.73754731245827,NA,NA,-81.4257589214284,28.4756302741436
875,-5.80209153504372,-15.4215487055641,3.61782200298066,-1.08284647592018,-8.920345669337,6.5394594726384,-1.56383534320219,-13.3449708385063,9.44342764935548,NA,NA,-80.4206503145145,28.3327141664549
876,-4.7604143633856,-12.8871871490497,3.32983446979414,-0.697921016017432,-7.34896953404291,5.95917365740767,-1.2879113714605,-11.127973948227,8.2523744216031,NA,NA,-100.839799170516,28.4519846347817
877,-4.79120649759745,-12.1440631593728,2.53736791037899,-0.709943140129548,-6.70377946330757,5.30284453179184,-1.31921121477608,-10.3579391690724,7.38279775505489,NA,NA,-99.8221410586447,28.4931897923187
878,-4.81986768039849,-12.0637229320076,2.42866383065337,-0.715810375177563,-6.57213436518159,5.16974002709226,-1.34582749295405,-10.2286769722868,7.15137966046116,NA,NA,-98.8036037532023,28.5247088807883
879,-4.85808437143278,-12.0388908031805,2.35731880609744,-0.728021849302495,-6.52882199980568,5.10570679460902,-1.36789626764358,-10.1591690118855,7.02957953717803,NA,NA,-97.7844205006506,28.5465353882343
880,-4.90583656499434,-12.0505713867266,2.24804307371682,-0.742293070823082,-6.49456281483282,5.06316116038914,-1.38586274110212,-10.1235398042827,6.92016392813339,NA,NA,-96.7648271835526,28.5586625642858
881,-4.97759463531056,-12.3910203825275,2.37272787916977,-0.772334677534224,-6.75335030108861,5.25407351181902,-1.41836843896233,-10.3040880596145,7.20024193757606,NA,NA,-95.7450594404413,28.5610887774951
882,-5.01951534543528,-13.0103827573823,2.83038524836337,-0.788159893945245,-7.14735305177643,5.64648259759588,-1.43781806424541,-10.8812359157438,7.7457215801933,NA,NA,-94.7253496516552,28.5538106653276
883,-5.81800162348657,-15.5320113968233,3.60497022285455,-1.09622067143943,-9.01964020456654,6.60200583268414,-1.58159132979551,-13.4638791819272,9.55467814609868,NA,NA,-82.5778001011611,27.7129348158714
884,-5.8242123646917,-15.4620626788535,3.56658707303866,-1.09271864284212,-8.95351725401118,6.52845861569026,-1.57622074272241,-13.4308786028365,9.45644537079443,NA,NA,-81.5797498080299,27.5806225765842
885,-5.82121364492804,-15.7911657756239,3.97344392564987,-1.08188812847236,-9.24222501523706,6.83226926654598,-1.5552296434508,-13.9214665659552,9.89045791538759,NA,NA,-80.5848967856478,27.4388599433824
886,-5.82146116921751,-16.8677287184428,5.04706151303176,-1.08518752956787,-10.0518503452632,7.68644496316162,-1.55290748054762,-15.0800480099361,11.1274819055651,NA,NA,-79.5934442932274,27.2876851795014
887,-4.82065195686499,-12.9238896245112,3.29039290254333,-0.715537105454701,-7.27397679050979,5.81638820563841,-1.34745312895805,-11.2310555483602,8.21990954697675,NA,NA,-99.7816056004002,27.5884209095092
888,-4.8250015908271,-12.5443007302469,3.013256595158,-0.720102234217099,-6.9738340479356,5.53220074084799,-1.35995477777832,-10.9049410453801,7.74053623458393,NA,NA,-98.7738559594508,27.6196803654525
889,-4.85351540158589,-12.5340108379056,2.93836288820027,-0.72572189661989,-6.92152076026217,5.52588832690594,-1.37832348105305,-10.8635699006902,7.65570421291046,NA,NA,-97.7654811441418,27.6413270736729
890,-4.87142417898513,-12.8529660619597,3.1442979109992,-0.729151104962406,-7.12492250914048,5.7587110264917,-1.38432709572188,-11.1080259211749,7.95770423597824,NA,NA,-96.7567093281511,27.6533554899831
891,-5.8242183462199,-16.3560349882631,4.40506740205545,-1.10123231135671,-9.67477455624759,7.27384927406315,-1.58852234273584,-14.3788838678453,10.5434618575191,NA,NA,-82.7184446400312,26.8144392584395
892,-5.82503717027942,-16.0150420507292,4.14099132327845,-1.09239867101967,-9.39516177860311,7.03040598664043,-1.58402554392079,-14.1409263662613,10.148825865044,NA,NA,-81.7305465487477,26.6831660478232
893,-5.82660509211874,-16.2743527959615,4.47424906716941,-1.08399041792608,-9.58875907800005,7.21183514681817,-1.56578941535648,-14.4387507329569,10.4443956437904,NA,NA,-80.745748026708,26.5425084849531
894,-5.82952886832098,-16.8674377308707,4.96317163556051,-1.08794105184292,-10.026531257763,7.62741117257247,-1.55711141831494,-15.0741358624631,11.0473038720297,NA,NA,-79.7642440538776,26.3925027330855
895,-4.82449470005057,-13.6544840219325,4.0345413689169,-0.723093257240141,-7.90421729442412,6.46238896849476,-1.35432601304794,-12.1483215540353,9.12877491770706,NA,NA,-99.7419201953412,26.6813602201636
896,-4.825211059613,-13.028723541377,3.55564578679352,-0.72676042141405,-7.38371789748698,5.99809971911481,-1.37672243825598,-11.5583266794373,8.37181510303741,NA,NA,-98.7447346457662,26.7123724146124
897,-4.84473562189279,-13.1069919590697,3.5282460436679,-0.729004163172684,-7.41896642378495,6.02191608564298,-1.39975131319371,-11.5499579620253,8.35396688713996,NA,NA,-97.7469409873041,26.7338467365782
898,-4.85361785371166,-13.4241070661093,3.83630507921775,-0.72171594904711,-7.68977727207567,6.29691565235078,-1.40488092975842,-11.9210259836916,8.7215556177676,NA,NA,-96.7487635710306,26.7457778544979
899,-5.83593282348077,-16.9224462235782,5.02264121348251,-1.09571464878941,-10.0870958184394,7.75589058073844,-1.5828052836097,-14.9806122640739,11.0828313461901,NA,NA,-81.878244686014,25.7831008713119
900,-5.82565925181736,-16.8593516240954,5.09182443925007,-1.08537094920416,-10.0492711468322,7.71852374940708,-1.5840583236953,-15.0153911800993,11.0431606925941,NA,NA,-80.9033047976919,25.6435018135794
901,-5.82524597164792,-17.23433638584,5.37453377304368,-1.08122526524808,-10.3325818629225,8.00925028180863,-1.5748941863427,-15.3663840652911,11.4845048107234,NA,NA,-79.9315578597677,25.4946134628712
902,-4.83169506855895,-14.0477453065374,4.51797447512508,-0.737303603655922,-8.25734447444323,6.84331035715414,-1.3917365396626,-12.7011863314337,9.50063967044664,NA,NA,-98.716210420344,25.8026137935416
903,-4.83567971180913,-13.8074080857265,4.26457816901157,-0.731942486900586,-8.02365317125586,6.62589548449473,-1.403238325961,-12.3804714360861,9.19687717429394,NA,NA,-97.7287863742879,25.8239260818634
904,-4.84412617455428,-14.2956432495462,4.61618199307867,-0.718129218741026,-8.33957502257783,7.00465345206778,-1.40980619693477,-12.8723623362973,9.68093013877888,NA,NA,-96.7409844529545,25.8357647579242
905,-5.84506228583575,-19.2834053099252,7.2923817269248,-1.090943661674,-11.9909718755541,9.68881497635596,-1.58473569498635,-17.5079592298238,13.812260288107,NA,NA,-82.9911318916856,25.0095908443845
906,-5.84934292804496,-17.7323267139224,5.80880465224587,-1.10052006585782,-10.7572411325159,8.358138819437,-1.58640221910728,-15.8739267570682,12.0403454560112,NA,NA,-82.0229437252732,24.8802638701045
907,-5.83241769364221,-17.4937705553188,5.65281896808113,-1.08462428022283,-10.5958201999577,8.18758812810037,-1.59229717606455,-15.6237897621677,11.797460547207,NA,NA,-81.0576693487307,24.7416782746969
908,-5.82379223977358,-17.8545790532928,5.96517419752609,-1.08286594994858,-10.8901568035011,8.48234285875842,-1.59012940662031,-16.005656036499,12.1920454017095,NA,NA,-80.0954929633818,24.5938615514206
