x50,y50,lon,lat,total_count,in_range
-1950000,3185000,-122.749194297365,49.1868671048878,0,FALSE
-2100000,3135000,-124.489391406407,48.3601320162984,0,FALSE
-2000000,3135000,-123.207339945658,48.6225827983547,0,FALSE
-1950000,3135000,-122.562442819728,48.7494891062452,0,FALSE
-1900000,3135000,-121.915024980145,48.8734874561575,0,FALSE
-1850000,3135000,-121.265128723774,48.994555393664,1,TRUE
-1800000,3135000,-120.612805474797,49.1126837672064,11,TRUE
-1750000,3135000,-119.958104358564,49.2278348396007,5,TRUE
-2100000,3085000,-124.293377787665,47.926568736824,0,FALSE
-2050000,3085000,-123.657540480218,48.0581188146871,0,FALSE
-2000000,3085000,-123.019144537295,48.186821189378,0,FALSE
-1950000,3085000,-122.378231526427,48.3126534437615,0,FALSE
-1900000,3085000,-121.734848991715,48.435596934352,0,FALSE
-1850000,3085000,-121.089036419193,48.555629878705,2,TRUE
-1800000,3085000,-120.440842673788,48.672733234681,4,TRUE
-1750000,3085000,-119.790313872131,48.7868865773491,35,TRUE
-1700000,3085000,-119.137500463454,48.8980721978474,9,TRUE
-1650000,3085000,-118.482453966982,49.0062653448723,2,TRUE
-1600000,3085000,-117.825219759276,49.1114538833663,7,TRUE
-1550000,3085000,-117.165854351124,49.213617147949,6,TRUE
-2100000,3035000,-124.099964395352,47.4934257344026,0,FALSE
-2050000,3035000,-123.467970072329,47.6238961621237,0,FALSE
-2000000,3035000,-122.833465819377,47.7515348505743,0,FALSE
-1950000,3035000,-122.196495251938,47.8763215113421,0,FALSE
-1900000,3035000,-121.557099819076,47.9982336362951,0,FALSE
-1850000,3035000,-120.915324882767,48.117254393936,0,TRUE
-1800000,3035000,-120.27121456213,48.2333626190998,7,TRUE
-1750000,3035000,-119.624814650583,48.3465402327626,8,TRUE
-1700000,3035000,-118.976175551119,48.4567680841763,4,FALSE
-1650000,3035000,-118.325346401563,48.564029742441,4,TRUE
-1600000,3035000,-117.672375597358,48.6683051194705,4,TRUE
-1550000,3035000,-117.017316446554,48.7695743758115,14,TRUE
-1500000,3035000,-116.360221072417,48.8678199767522,5,TRUE
-1450000,3035000,-115.701143087202,48.9630258969627,4,TRUE
-1400000,3035000,-115.040136094933,49.0551758980945,3,TRUE
-1350000,3035000,-114.377255928809,49.1442541785679,15,TRUE
-1300000,3035000,-113.712561201883,49.2302453010975,47,TRUE
2100000,3035000,-67.9000250105137,47.4934264776634,3,TRUE
-2100000,2985000,-123.90910482387,47.060666387882,0,FALSE
-2050000,2985000,-123.28091026409,47.1900838166437,0,FALSE
-2000000,2985000,-122.650254590656,47.3166860139761,0,FALSE
-1950000,2985000,-122.017180535465,47.4404518461417,0,FALSE
-1900000,2985000,-121.38173212877,47.5613594571599,0,FALSE
-1850000,2985000,-120.743949213934,47.6793926503527,0,TRUE
-1800000,2985000,-120.103874647752,47.7945312948367,0,TRUE
-1750000,2985000,-119.461555666864,47.9067580193303,0,TRUE
-1700000,2985000,-118.817041217104,48.0160542279665,0,FALSE
-1650000,2985000,-118.170381383063,48.1224031571419,9,TRUE
-1600000,2985000,-117.521623369245,48.2257868101742,101,TRUE
-1550000,2985000,-116.870816677498,48.3261864091953,17,TRUE
-1500000,2985000,-116.218015973647,48.4235822996474,10,TRUE
-1450000,2985000,-115.56326990492,48.5179625451974,4,TRUE
-1400000,2985000,-114.906637134378,48.6093093924158,0,TRUE
-1350000,2985000,-114.248169681455,48.6976058532625,10,TRUE
-1300000,2985000,-113.587922894349,48.7828372654218,281,TRUE
-1250000,2985000,-112.925954282071,48.8649870003599,1,TRUE
-1200000,2985000,-112.262323652943,48.9440419182307,0,FALSE
-1150000,2985000,-111.597088955517,49.0199886045093,0,FALSE
-1100000,2985000,-110.930299500929,49.092807398951,0,FALSE
-1050000,2985000,-110.262024903585,49.1624886658511,1,FALSE
-1000000,2985000,-109.592335607711,49.229020169769,0,FALSE
2000000,2985000,-69.3497434925368,47.3166834397276,4,TRUE
2050000,2985000,-68.7190892921395,47.190084100331,10,TRUE
2100000,2985000,-68.0908928553389,47.0606651056672,18,TRUE
2150000,2985000,-67.4651983439585,46.9284486236964,6,TRUE
-2150000,2935000,-124.342727144176,46.4970832553958,0,FALSE
-2100000,2935000,-123.72074659714,46.6282578399477,0,FALSE
-2050000,2935000,-123.096310401764,46.7566479632288,0,FALSE
-2000000,2935000,-122.469463838129,46.8822360983555,0,FALSE
-1950000,2935000,-121.840247928893,47.0050027689066,0,FALSE
-1900000,2935000,-121.208696652315,47.1249312186619,0,FALSE
-1850000,2935000,-120.574861976244,47.2420031643778,1,FALSE
-1800000,2935000,-119.938776625044,47.3561976198011,0,FALSE
-1750000,2935000,-119.300492293375,47.4674979216647,0,FALSE
-1700000,2935000,-118.660055990516,47.5758863711073,0,FALSE
-1650000,2935000,-118.017514067676,47.68134777365,25,TRUE
-1600000,2935000,-117.372920136676,47.7838610764382,85,TRUE
-1550000,2935000,-116.726314268227,47.8834122922538,29,TRUE
-1500000,2935000,-116.077755087246,47.9799818698788,6,TRUE
-1450000,2935000,-115.427287835665,48.0735557608927,1,TRUE
-1400000,2935000,-114.774974410224,48.1641173770118,3,TRUE
-1350000,2935000,-114.120865028685,48.2516520248398,10,TRUE
-1300000,2935000,-113.465009639246,48.3361436908319,71,TRUE
-1250000,2935000,-112.807466634735,48.4175783877576,1,TRUE
-1200000,2935000,-112.14829449756,48.4959417518997,0,FALSE
-1150000,2935000,-111.487548848466,48.5712194405497,0,FALSE
-1100000,2935000,-110.825289270301,48.6433965027861,0,FALSE
-1050000,2935000,-110.161574890617,48.7124617159973,0,FALSE
-1000000,2935000,-109.496468646603,48.7783999733438,0,FALSE
-950000,2935000,-108.830026222145,48.8412046561816,0,FALSE
-900000,2935000,-108.16230956164,48.9008579444801,0,FALSE
-850000,2935000,-107.493395159889,48.9573499576627,12,FALSE
-800000,2935000,-106.823311005254,49.0106696713678,0,FALSE
-750000,2935000,-106.152156667735,49.0608164945375,1,FALSE
-700000,2935000,-105.479992810071,49.1077733970027,0,FALSE
-650000,2935000,-104.806865989136,49.1515283872925,0,FALSE
-600000,2935000,-104.132855499805,49.1920783173635,1,FALSE
50000,2935000,-95.3206353008994,49.4246537982582,0,TRUE
100000,2935000,-94.6413159797165,49.4197691644798,0,TRUE
2000000,2935000,-69.5305289572354,46.8822366835495,14,TRUE
2050000,2935000,-68.9036837191155,46.7566505633992,8,TRUE
2100000,2935000,-68.2792539113464,46.6282572225885,5,TRUE
2150000,2935000,-67.6572724385743,46.4970843359059,13,TRUE
-2150000,2885000,-124.153147969917,46.0660070848613,0,FALSE
-2100000,2885000,-123.534841328266,46.1961644357868,0,FALSE
-2050000,2885000,-122.914128785432,46.3235504182303,0,FALSE
-2000000,2885000,-122.291047481948,46.4481507139875,0,FALSE
-1950000,2885000,-121.665644220693,46.5699471161707,0,FALSE
-1900000,2885000,-121.037953920974,46.6889201849288,0,FALSE
-1850000,2885000,-120.40801747751,46.8050525069455,0,FALSE
-1800000,2885000,-119.775877298694,46.9183249863319,0,FALSE
-1750000,2885000,-119.141581849918,47.0287215778343,0,FALSE
-1700000,2885000,-118.505174998424,47.136224514391,0,FALSE
-1650000,2885000,-117.866704919148,47.2408178782891,2,FALSE
-1600000,2885000,-117.226219771308,47.3424850688003,100,TRUE
-1550000,2885000,-116.583766817315,47.4412092581095,46,TRUE
-1500000,2885000,-115.939397629601,47.5369728113951,10,TRUE
-1450000,2885000,-115.293161243123,47.6297603798853,5,TRUE
-1400000,2885000,-114.645111768531,47.7195572370623,10,TRUE
-1350000,2885000,-113.995301264843,47.8063489294944,0,TRUE
-1300000,2885000,-113.343781962921,47.890121558013,0,TRUE
-1250000,2885000,-112.690610518949,47.9708590123778,2,TRUE
-1200000,2885000,-112.035840782544,48.048549086942,2,FALSE
-1150000,2885000,-111.379532138961,48.1231767878965,0,FALSE
-1100000,2885000,-110.721738982758,48.1947288259881,0,FALSE
-1050000,2885000,-110.062520900654,48.2631927388236,0,FALSE
-1000000,2885000,-109.401937039644,48.3285558597963,0,FALSE
-950000,2885000,-108.740046739616,48.3908079141358,0,FALSE
-900000,2885000,-108.076908219285,48.449939696739,0,FALSE
-850000,2885000,-107.412587066948,48.505935287017,1,FALSE
-800000,2885000,-106.747141699654,48.5587873145078,0,FALSE
-750000,2885000,-106.080638011766,48.6084862381833,0,FALSE
-700000,2885000,-105.413138026013,48.655021624958,0,FALSE
-650000,2885000,-104.744703388572,48.6983867024283,1,FALSE
-600000,2885000,-104.075401018172,48.7385739045185,0,FALSE
-550000,2885000,-103.405296944724,48.7755726819534,0,FALSE
-500000,2885000,-102.734451266843,48.8093776896219,6,FALSE
-450000,2885000,-102.062934125053,48.8399839148001,0,FALSE
-400000,2885000,-101.390806404747,48.8673844104542,4,FALSE
-350000,2885000,-100.718143786867,48.8915713891201,2,FALSE
-300000,2885000,-100.04500567428,48.9125444540545,1,TRUE
-250000,2885000,-99.3714619452169,48.9302971389214,0,TRUE
-150000,2885000,-98.0234203876525,48.9561312225334,0,TRUE
-100000,2885000,-97.3490605422279,48.9642073126465,0,TRUE
-50000,2885000,-96.6745640527728,48.9690518567947,1,TRUE
0,2885000,-96.0000064893933,48.9706680856778,1,TRUE
50000,2885000,-95.3254455388272,48.9690550637277,0,TRUE
100000,2885000,-94.6509499954298,48.9642128624833,0,TRUE
1950000,2885000,-70.3343511214951,46.5699500753741,10,TRUE
2000000,2885000,-69.7089436445446,46.4481548004831,11,TRUE
2050000,2885000,-69.0858685956939,46.3235551326322,27,TRUE
2100000,2885000,-68.4651588887034,46.1961684346516,31,TRUE
2150000,2885000,-67.8468570793633,46.0660136069417,9,TRUE
-2150000,2835000,-123.966007739587,45.6351958572938,0,FALSE
-2100000,2835000,-123.351342582529,45.7643587641034,0,FALSE
-2050000,2835000,-122.734314669015,45.8907662864064,0,FALSE
-2000000,2835000,-122.114960495627,46.0144025626275,0,FALSE
-1950000,2835000,-121.493331727408,46.1352475811016,0,FALSE
-1900000,2835000,-120.869453525473,46.2532878405927,0,FALSE
-1850000,2835000,-120.243373902671,46.3685031521601,0,FALSE
-1800000,2835000,-119.615134554676,46.4808764732146,0,FALSE
-1750000,2835000,-118.984781159526,46.5903908802944,0,FALSE
-1700000,2835000,-118.352357522705,46.6970301236069,0,FALSE
-1650000,2835000,-117.71791068899,46.8007779901175,1,FALSE
-1600000,2835000,-117.081487575634,46.9016186184269,124,TRUE
-1550000,2835000,-116.443136033377,46.9995353119642,4,TRUE
-1500000,2835000,-115.802904751804,47.094512472278,3,TRUE
-1450000,2835000,-115.160845736921,47.1865339418036,6,TRUE
-1400000,2835000,-114.517008587968,47.2755858069188,1,TRUE
-1350000,2835000,-113.871445050628,47.3616548062373,1,TRUE
-1300000,2835000,-113.224207399955,47.4447256103121,0,TRUE
-1250000,2835000,-112.575350261847,47.5247839547667,5,TRUE
-1200000,2835000,-111.924928927009,47.6018169236374,1,FALSE
-1150000,2835000,-111.27299749329,47.6758117659898,1,FALSE
-1100000,2835000,-110.619612725404,47.7467550429965,0,FALSE
-1050000,2835000,-109.964831170176,47.8146333138399,0,FALSE
-1000000,2835000,-109.308711362193,47.8794362628276,0,FALSE
-950000,2835000,-108.6513120483,47.9411531574938,0,FALSE
-900000,2835000,-107.992691893929,47.9997729188431,1,FALSE
-850000,2835000,-107.332912055377,48.0552833835314,0,FALSE
-800000,2835000,-106.672031972892,48.1076757168689,1,FALSE
-750000,2835000,-106.010114074686,48.1569408061238,0,FALSE
-700000,2835000,-105.347220483236,48.2030710034329,0,FALSE
-650000,2835000,-104.683412903156,48.2460566174759,0,FALSE
-600000,2835000,-104.018754669619,48.2858893153622,0,FALSE
-550000,2835000,-103.353309457619,48.3225628834279,0,FALSE
-500000,2835000,-102.687141004958,48.3560695435567,0,FALSE
-450000,2835000,-102.020313874948,48.3864049044909,0,FALSE
-400000,2835000,-101.352891440655,48.4135621124951,4,FALSE
-350000,2835000,-100.684939981041,48.4375354833297,2,FALSE
-300000,2835000,-100.016527218412,48.4583211486208,0,FALSE
-250000,2835000,-99.3477157576692,48.4759171103027,2,FALSE
-200000,2835000,-98.6785717942889,48.4903184128158,1,TRUE
-150000,2835000,-98.0091610849095,48.5015216972278,1,TRUE
-100000,2835000,-97.3395555124943,48.5095250795801,0,TRUE
-50000,2835000,-96.6698115965973,48.5143275163239,0,TRUE
0,2835000,-96.0000039201961,48.5159308092361,1,TRUE
50000,2835000,-95.3301960390057,48.5143309353046,3,TRUE
100000,2835000,-94.6604508757051,48.5095282213004,1,TRUE
150000,2835000,-93.9908380770121,48.5015239659039,4,TRUE
200000,2835000,-93.3214253392893,48.4903201870313,4,TRUE
250000,2835000,-92.6522759066935,48.475915935041,1,TRUE
300000,2835000,-91.9834602721287,48.4583175724916,5,TRUE
400000,2835000,-90.6471165275859,48.4135638055177,4,TRUE
550000,2835000,-88.6466915320881,48.3225626176597,96,TRUE
1950000,2835000,-70.506668638906,46.1352523753917,1,TRUE
2000000,2835000,-69.8850338348487,46.0144072259477,12,TRUE
2050000,2835000,-69.2656832950739,45.8907710876627,80,TRUE
2100000,2835000,-68.6486564041498,45.7643644904214,54,TRUE
2150000,2835000,-68.0339922602737,45.6352042746021,4,TRUE
2200000,2835000,-67.4217284444601,45.5033085389255,13,TRUE
-2200000,2785000,-124.38997074155,45.073705590573,0,FALSE
-2150000,2785000,-123.781267248108,45.2046176331853,0,FALSE
-2100000,2785000,-123.170204054294,45.3328080172888,0,FALSE
-2050000,2785000,-122.556822048144,45.45825935181,0,FALSE
-2000000,2785000,-121.941159763896,45.5809533858978,0,FALSE
-1950000,2785000,-121.323257862868,45.7008718899002,0,FALSE
-1900000,2785000,-120.703153437061,45.8180002889014,0,FALSE
-1850000,2785000,-120.080888987401,45.9323201204755,0,FALSE
-1800000,2785000,-119.456506067719,46.0438154381111,0,FALSE
-1750000,2785000,-118.830049766138,46.152469381733,1,FALSE
-1700000,2785000,-118.201563406335,46.2582657048174,5,TRUE
-1650000,2785000,-117.571092422831,46.3611883685102,0,TRUE
-1600000,2785000,-116.938683807989,46.461222370979,7,TRUE
-1550000,2785000,-116.304384196972,46.5583517046871,2,TRUE
-1500000,2785000,-115.668241638533,46.6525615767592,1,TRUE
-1450000,2785000,-115.030306303664,46.7438354709386,1,TRUE
-1400000,2785000,-114.390629531162,46.832160286886,8,TRUE
-1350000,2785000,-113.749260122114,46.9175251022855,13,TRUE
-1300000,2785000,-113.106252006275,46.9999121378804,0,TRUE
-1250000,2785000,-112.461655084182,47.0793087013163,3,TRUE
-1200000,2785000,-111.81552397549,47.1557019468843,0,FALSE
-1150000,2785000,-111.167913824152,47.2290796286847,0,FALSE
-1100000,2785000,-110.51888041329,47.2994283650466,0,FALSE
-1050000,2785000,-109.868478507139,47.3667366106989,0,FALSE
-1000000,2785000,-109.216765325715,47.4309931506038,0,FALSE
-950000,2785000,-108.563797686698,47.4921882169885,0,FALSE
-900000,2785000,-107.909635411257,47.5503096374228,0,FALSE
-850000,2785000,-107.254336407699,47.6053476157171,0,FALSE
-800000,2785000,-106.597960766393,47.6572932255493,0,FALSE
-700000,2785000,-105.282217934438,47.7518703483029,0,FALSE
-650000,2785000,-104.622973858119,47.7944858664582,0,FALSE
-600000,2785000,-103.962894873036,47.8339743825041,2,FALSE
-550000,2785000,-103.302048140939,47.8703311766659,0,FALSE
-500000,2785000,-102.640490790603,47.9035479230808,1,FALSE
-400000,2785000,-101.315505768706,47.9605404832261,1,FALSE
-350000,2785000,-100.65220343919,47.984305264697,0,FALSE
-300000,2785000,-99.9884473692496,48.0049104357337,1,FALSE
-250000,2785000,-99.324303103584,48.0223530220059,0,FALSE
-200000,2785000,-98.6598330133486,48.0366278684214,2,FALSE
-100000,2785000,-97.3301776630708,48.0556672305879,0,TRUE
-50000,2785000,-96.665122546838,48.0604279296598,1,TRUE
0,2785000,-96.0000015147631,48.0620158119491,0,TRUE
50000,2785000,-95.3348823145924,48.0604298280833,1,TRUE
100000,2785000,-94.6698233026246,48.0556684658759,0,TRUE
150000,2785000,-94.0048959270843,48.0477350463897,1,TRUE
200000,2785000,-93.3401645214236,48.0366281538403,0,TRUE
250000,2785000,-92.6756942817593,48.0223511455104,4,TRUE
300000,2785000,-92.0115504398173,48.0049117563328,21,TRUE
350000,2785000,-91.3477975209589,47.9843065564997,16,TRUE
400000,2785000,-90.6845036809804,47.9605399161754,78,TRUE
450000,2785000,-90.0217221165395,47.9336226989668,34,TRUE
500000,2785000,-89.3595260117118,47.9035575485126,74,TRUE
550000,2785000,-88.6979622211281,47.870332034353,64,FALSE
1950000,2785000,-70.6767402542768,45.7008752966752,3,TRUE
2000000,2785000,-70.0588362662863,45.5809568985751,27,TRUE
2050000,2785000,-69.443173730937,45.4582639237871,55,TRUE
2100000,2785000,-68.8297909872228,45.332814591009,8,TRUE
2150000,2785000,-68.2187269301224,45.2046259432757,5,TRUE
2200000,2785000,-67.6100186718221,45.0737155823609,9,TRUE
2250000,2785000,-67.003702269256,44.9401012433577,9,TRUE
-2200000,2735000,-124.204066766455,44.6442928387483,0,FALSE
-2150000,2735000,-123.598884793806,44.7742411610018,0,FALSE
-2100000,2735000,-122.991385593519,44.9014820245376,0,FALSE
-2050000,2735000,-122.381610451635,45.0259975067049,0,FALSE
-2000000,2735000,-121.769598303553,45.1477708009647,0,FALSE
-1950000,2735000,-121.155386605955,45.2667842628785,0,FALSE
-1900000,2735000,-120.539013978403,45.3830231035166,0,FALSE
-1850000,2735000,-119.920522487896,45.4964690887269,0,FALSE
-1800000,2735000,-119.299950450764,45.6071089260427,0,FALSE
-1750000,2735000,-118.67734907159,45.7149211773955,0,TRUE
-1700000,2735000,-118.052754825589,45.8198942656716,0,TRUE
-1650000,2735000,-117.426212950884,45.9220115461018,0,TRUE
-1600000,2735000,-116.797770522828,46.0212594619409,0,TRUE
-1550000,2735000,-116.167475553311,46.1176211802185,0,TRUE
-1500000,2735000,-115.535374198856,46.2110823086983,2,TRUE
-1450000,2735000,-114.901513572401,46.3016269092517,0,TRUE
-1400000,2735000,-114.265944462349,46.3892456788843,25,TRUE
-1350000,2735000,-113.628715560547,46.4739211444767,10,TRUE
-1300000,2735000,-112.989881418549,46.5556400293361,0,TRUE
-1250000,2735000,-112.349491918944,46.6343911984023,12,TRUE
-1200000,2735000,-111.707601287673,46.7101626793575,2,FALSE
-1150000,2735000,-111.064255249239,46.7829366534123,0,FALSE
-1100000,2735000,-110.419516396059,46.8527062469476,0,FALSE
-1050000,2735000,-109.773437282828,46.9194585954706,0,FALSE
-1000000,2735000,-109.126073329897,46.9831825089554,1,FALSE
-950000,2735000,-108.477480593446,47.0438683605884,0,FALSE
-900000,2735000,-107.827716111141,47.1015044337372,0,FALSE
-850000,2735000,-107.17683916057,47.1560817135921,0,FALSE
-800000,2735000,-106.524908396853,47.2075932477495,0,FALSE
-750000,2735000,-105.871979921511,47.2560254121453,0,FALSE
-700000,2735000,-105.218112306263,47.3013733917853,0,FALSE
-650000,2735000,-104.563367442743,47.3436276155121,0,FALSE
-600000,2735000,-103.907806140899,47.3827812200939,0,FALSE
-550000,2735000,-103.25149503606,47.4188298611419,0,FALSE
-500000,2735000,-102.5944865415,47.4517641194342,0,FALSE
-450000,2735000,-101.936847578737,47.4815793944936,0,FALSE
-400000,2735000,-101.278638743776,47.5082698888487,2,FALSE
-350000,2735000,-100.619921785345,47.531830613475,3,FALSE
-300000,2735000,-99.9607593580472,47.5522594231968,0,FALSE
-250000,2735000,-99.3012171828397,47.5695522684754,1,FALSE
-200000,2735000,-98.6413562480692,47.5837051809371,0,FALSE
-100000,2735000,-97.3209349605268,47.6025815730419,0,FALSE
-50000,2735000,-96.6605002482872,47.6073015223553,2,TRUE
0,2735000,-96.0000015309552,47.6088744950346,5,TRUE
50000,2735000,-95.3395024197597,47.6073017280822,0,TRUE
100000,2735000,-94.6790673591999,47.6025817953093,0,TRUE
150000,2735000,-94.0187598863008,47.5947160640657,0,TRUE
200000,2735000,-93.3586432756584,47.5837062006271,1,TRUE
250000,2735000,-92.6987836625179,47.5695488190079,2,TRUE
300000,2735000,-92.0392406177524,47.5522583542852,7,TRUE
350000,2735000,-91.380080170463,47.5318319865671,87,TRUE
400000,2735000,-90.7213647962847,47.5082714380863,27,TRUE
550000,2735000,-88.7485083943932,47.4188291245675,0,TRUE
600000,2735000,-88.0921950487924,47.3827812490345,1,FALSE
650000,2735000,-87.4366364956474,47.3436263704981,0,FALSE
1900000,2735000,-71.4609849289288,45.3830240963321,6,TRUE
1950000,2735000,-70.8446113305664,45.2667870166081,25,TRUE
2000000,2735000,-70.2303972745836,45.1477740738739,37,TRUE
2050000,2735000,-69.6183834728863,45.0260023279712,2,TRUE
2100000,2735000,-69.0086087274,44.9014884763742,4,TRUE
2150000,2735000,-68.4011099872722,44.7742499377212,17,TRUE
2200000,2735000,-67.7959203736645,44.6443029250288,4,TRUE
2250000,2735000,-67.1930813361053,44.5116647668273,3,TRUE
-2200000,2685000,-124.02051480128,44.2150317416184,0,FALSE
-2150000,2685000,-123.418816042547,44.3440382879704,0,FALSE
-2100000,2685000,-122.814843428474,44.470350691824,0,FALSE
-2050000,2685000,-122.208638098869,44.5939513810901,0,FALSE
-2000000,2685000,-121.600236644277,44.7148259298732,0,FALSE
-1950000,2685000,-120.989674867264,44.832955205107,0,FALSE
-1900000,2685000,-120.376993724368,44.9483240139106,0,FALSE
-1850000,2685000,-119.762232840091,45.0609166959533,0,FALSE
-1800000,2685000,-119.145432122642,45.1707220336069,0,TRUE
-1750000,2685000,-118.526639956393,45.2777105217296,0,TRUE
-1700000,2685000,-117.90589287711,45.3818812010994,0,TRUE
-1650000,2685000,-117.283235541405,45.4832124352776,0,TRUE
-1600000,2685000,-116.658712322516,45.5816923347954,0,TRUE
-1550000,2685000,-116.032373562756,45.6773045017994,3,TRUE
-1500000,2685000,-115.404263735294,45.7700349845895,0,TRUE
-1450000,2685000,-114.774428189128,45.8598698483463,0,TRUE
-1400000,2685000,-114.142918787608,45.9467992917977,3,TRUE
-1350000,2685000,-113.509780049327,46.0308013550754,16,TRUE
-1300000,2685000,-112.875069121501,46.1118702559755,5,TRUE
-1250000,2685000,-112.238833155574,46.1899909150082,1,TRUE
-1200000,2685000,-111.601125368422,46.2651537364283,0,TRUE
-1150000,2685000,-110.961991642417,46.3373407404143,2,FALSE
-1100000,2685000,-110.321492639281,46.4065460013088,2,FALSE
-1050000,2685000,-109.67968083317,46.4727568614002,0,FALSE
-1000000,2685000,-109.036610290447,46.5359615895037,0,FALSE
-950000,2685000,-108.392335024281,46.5961503138845,0,FALSE
-800000,2685000,-106.452850999408,46.7585286621145,0,FALSE
-700000,2685000,-105.154881925766,46.8515326779544,0,FALSE
-650000,2685000,-104.504577696201,46.8934355070488,0,FALSE
-600000,2685000,-103.853473997981,46.9322633813244,0,FALSE
-550000,2685000,-103.201633980413,46.9680107310446,0,FALSE
-500000,2685000,-102.549113998863,47.0006697792495,1,FALSE
-450000,2685000,-101.895975389504,47.0302354303254,0,FALSE
-400000,2685000,-101.242279675501,47.0567022194857,0,FALSE
-350000,2685000,-100.588086898593,47.0800669034272,3,FALSE
-300000,2685000,-99.9334552098243,47.1003247860925,0,FALSE
-250000,2685000,-99.2784500304491,47.1174689307301,0,FALSE
-200000,2685000,-98.6231351464366,47.1315018356793,2,FALSE
-150000,2685000,-97.9675719068131,47.1424198448578,0,FALSE
-100000,2685000,-97.3118191767245,47.1502192226611,0,FALSE
-50000,2685000,-96.6559415088405,47.154899325762,0,FALSE
0,2685000,-96.0000014210416,47.1564591286036,1,TRUE
50000,2685000,-95.3440610906269,47.1548997101512,1,TRUE
100000,2685000,-94.6881835301603,47.1502194986402,1,TRUE
150000,2685000,-94.0324313689751,47.1424200620507,1,TRUE
200000,2685000,-93.3768684788266,47.1315042772383,3,TRUE
250000,2685000,-92.7215517641475,47.1174662695802,8,TRUE
300000,2685000,-92.0665480964572,47.1003219121314,2,TRUE
350000,2685000,-91.411919140626,47.080066671644,5,TRUE
400000,2685000,-90.7577259305449,47.0567033821203,0,TRUE
450000,2685000,-90.1040287406303,47.0302362568669,0,TRUE
500000,2685000,-89.4508880345843,47.0006687913631,0,TRUE
550000,2685000,-88.7983682463696,46.9680095197817,1,TRUE
600000,2685000,-88.1465282163012,46.9322626269099,6,TRUE
650000,2685000,-87.4954270990378,46.8934339352375,0,TRUE
750000,2685000,-86.1956834870506,46.8065582004305,0,TRUE
800000,2685000,-85.5471601323746,46.7585277987179,0,TRUE
850000,2685000,-84.8996139174757,46.7074451795175,5,TRUE
900000,2685000,-84.2530916965949,46.6533170768607,157,TRUE
1800000,2685000,-72.8545671804252,45.1707175557146,5,TRUE
1850000,2685000,-72.2377690339484,45.0609176362494,25,TRUE
1900000,2685000,-71.623004821057,44.9483239475011,89,TRUE
1950000,2685000,-71.0103245125402,44.8329569723512,80,TRUE
2000000,2685000,-70.3997618876306,44.7148280484738,21,TRUE
2050000,2685000,-69.7913570766929,44.59395582406,0,TRUE
2100000,2685000,-69.1851491926563,44.4703556289223,8,TRUE
2150000,2685000,-68.5811796096497,44.3440438142203,7,TRUE
2200000,2685000,-67.9794674536805,44.2150381678463,8,TRUE
-2250000,2635000,-124.435259844348,43.6551450404467,0,FALSE
-2200000,2635000,-123.839272783142,43.7858946602512,0,FALSE
-2150000,2635000,-123.241020315883,43.9139794798716,0,FALSE
-2100000,2635000,-122.640537782803,44.0393844095719,0,FALSE
-2050000,2635000,-122.03786421662,44.1620926639831,0,FALSE
-2000000,2635000,-121.433033753022,44.2820878708636,0,FALSE
-1950000,2635000,-120.826085969434,44.3993522314136,0,FALSE
-1900000,2635000,-120.217046733838,44.5138749510824,0,FALSE
-1850000,2635000,-119.60598149038,44.6256300455052,0,FALSE
-1800000,2635000,-118.992911031464,44.7346124653438,0,FALSE
-1750000,2635000,-118.377883270453,44.8408046703262,0,TRUE
-1700000,2635000,-117.76093970986,44.9441908865936,0,TRUE
-1650000,2635000,-117.14211868524,45.0447555045143,0,TRUE
-1600000,2635000,-116.521472289047,45.1424853304165,0,TRUE
-1550000,2635000,-115.899043609178,45.2373659678815,9,TRUE
-1500000,2635000,-115.274877219715,45.3293836389977,0,TRUE
-1450000,2635000,-114.649020118067,45.4185251857264,0,TRUE
-1400000,2635000,-114.021519900845,45.5047781306659,0,TRUE
-1350000,2635000,-113.392423274916,45.5881268522259,8,TRUE
-1300000,2635000,-112.761782717815,45.668560394512,9,TRUE
-1250000,2635000,-112.129648168408,45.7460666303337,6,TRUE
-1200000,2635000,-111.496069838998,45.8206357339976,9,TRUE
-1150000,2635000,-110.861095209611,45.8922511477705,10,FALSE
-1100000,2635000,-110.224782157076,45.9609058296223,2,FALSE
-1050000,2635000,-109.587183587157,46.0265880653974,0,FALSE
-1000000,2635000,-108.948350095295,46.0892871535362,0,FALSE
-950000,2635000,-108.308334979104,46.1489918211042,0,FALSE
-900000,2635000,-107.667194804247,46.2056944121081,0,FALSE
-850000,2635000,-107.024986253858,46.2593863081284,0,FALSE
-750000,2635000,-105.7375878523,46.3577008589868,0,FALSE
-650000,2635000,-104.44658632987,46.4438657847237,0,FALSE
-600000,2635000,-103.799880629665,46.4823768425392,0,FALSE
-550000,2635000,-103.152453606005,46.5178301367164,0,FALSE
-500000,2635000,-102.504359482585,46.5502197979077,1,FALSE
-450000,2635000,-101.85566038883,46.5795422962742,0,FALSE
-400000,2635000,-101.206415784053,46.6057914666366,0,FALSE
-350000,2635000,-100.556682467185,46.628963215207,9,FALSE
-300000,2635000,-99.906521694385,46.6490530153275,0,FALSE
-250000,2635000,-99.2559953477371,46.6660548781921,0,FALSE
-200000,2635000,-98.6051635662372,46.6799708083337,0,FALSE
-150000,2635000,-97.9540875570149,46.6907978109598,0,FALSE
-100000,2635000,-97.3028278126196,46.6985332884095,1,FALSE
-50000,2635000,-96.6514455641382,46.7031750500181,2,FALSE
0,2635000,-96.0000010904203,46.7047219548205,0,FALSE
50000,2635000,-95.3485573458101,46.7031756401496,0,FALSE
100000,2635000,-94.6971758116025,46.6985336119984,0,TRUE
150000,2635000,-94.0459175605674,46.6908001888111,1,TRUE
200000,2635000,-93.3948418488602,46.6799740599345,0,TRUE
250000,2635000,-92.7440076170511,46.6660547812718,0,TRUE
300000,2635000,-92.0934826192274,46.6490521845855,0,TRUE
350000,2635000,-91.443322066733,46.6289622768778,0,TRUE
400000,2635000,-90.7935895603699,46.6057909450744,0,TRUE
450000,2635000,-90.1443444585238,46.5795422320653,0,TRUE
500000,2635000,-89.495641467529,46.5502179985882,1,TRUE
550000,2635000,-88.8475490096495,46.5178274876557,5,TRUE
600000,2635000,-88.2001219559999,46.4823737145273,20,TRUE
650000,2635000,-87.5534181875996,46.4438629758044,9,TRUE
700000,2635000,-86.9074986216507,46.4023015077598,3,TRUE
750000,2635000,-86.2624209173718,46.3576961835589,0,TRUE
800000,2635000,-85.6182444965821,46.3100560057281,0,TRUE
850000,2635000,-84.9750218889303,46.2593857530883,2,TRUE
900000,2635000,-84.3328128514277,46.2056954551487,5,TRUE
950000,2635000,-83.6916711082702,46.148994515225,33,TRUE
1650000,2635000,-74.8578824783345,45.0447534768746,11,TRUE
1700000,2635000,-74.2390646929974,44.9441892239489,1,TRUE
1750000,2635000,-73.6221190079452,44.8408043371509,1,TRUE
1800000,2635000,-73.0070899103365,44.7346122701868,22,TRUE
1850000,2635000,-72.3940193534542,44.6256304954353,72,TRUE
1900000,2635000,-71.7829490331442,44.5138718581006,64,TRUE
1950000,2635000,-71.1739155676505,44.3993521111248,147,TRUE
2000000,2635000,-70.5669648684642,44.2820880757187,11,TRUE
2050000,2635000,-69.9621320691256,44.1620946888982,2,TRUE
2100000,2635000,-69.3594555418116,44.0393876523552,6,TRUE
2150000,2635000,-68.7589754580731,43.9139798197076,0,FALSE
-2250000,2585000,-124.252908473791,43.2270138462449,0,FALSE
-2200000,2585000,-123.660293648403,43.3568514186214,0,FALSE
-2150000,2585000,-123.065454068782,43.4840375295328,0,FALSE
-2100000,2585000,-122.468425913477,43.6085557269216,0,FALSE
-2050000,2585000,-121.869244798062,43.7303900754646,0,FALSE
-2000000,2585000,-121.26794712867,43.8495258225942,0,FALSE
-1950000,2585000,-120.664572876065,43.9659463536115,0,FALSE
-1900000,2585000,-120.059152706567,44.0796339638302,0,FALSE
-1850000,2585000,-119.451730816066,44.1905785131093,0,FALSE
-1800000,2585000,-118.842346861236,44.2987621238231,0,FALSE
-1750000,2585000,-118.23104212482,44.4041712787145,0,FALSE
-1700000,2585000,-117.617856879124,44.5067917758198,0,FALSE
-1650000,2585000,-117.002831918647,44.6066069866651,0,TRUE
-1600000,2585000,-116.386015924015,44.7036044928699,1,TRUE
-1550000,2585000,-115.76745079886,44.7977710589561,5,TRUE
-1500000,2585000,-115.14718133241,44.8890928217192,0,TRUE
-1450000,2585000,-114.525253602517,44.9775571495783,0,TRUE
-1400000,2585000,-113.901713752693,45.0631504965151,0,TRUE
-1350000,2585000,-113.276610256061,45.1458605536931,3,TRUE
-1300000,2585000,-112.649991533319,45.2256746420955,4,TRUE
-1250000,2585000,-112.021907387769,45.3025808168921,11,TRUE
-1200000,2585000,-111.392409141963,45.3765718394876,60,TRUE
-1150000,2585000,-110.761541185407,45.4476302633058,10,FALSE
-1100000,2585000,-110.129361108498,45.5157474428831,4,FALSE
-1050000,2585000,-109.495920215788,45.5809124526407,0,FALSE
-1000000,2585000,-108.861268109255,45.6431176039352,0,FALSE
-950000,2585000,-108.225458573855,45.702350907151,0,FALSE
-900000,2585000,-107.588546037115,45.758604479281,0,FALSE
-800000,2585000,-106.311635393222,45.8621392935758,0,FALSE
-750000,2585000,-105.671747519476,45.9094006884005,0,FALSE
-700000,2585000,-105.030975802231,45.9536485852384,0,FALSE
-650000,2585000,-104.389377789826,45.994875455949,0,FALSE
-600000,2585000,-103.747013091109,46.0330760149376,0,FALSE
-550000,2585000,-103.103938656988,46.0682424148413,0,FALSE
-500000,2585000,-102.460211451063,46.1003702302156,0,FALSE
-450000,2585000,-101.815892108238,46.1294551472885,0,FALSE
-400000,2585000,-101.171036857448,46.1554914362802,0,FALSE
-350000,2585000,-100.525704177243,46.1784749455065,0,FALSE
-300000,2585000,-99.8799527116104,46.1984010510192,0,FALSE
-250000,2585000,-99.2338432124079,46.2152646648242,0,FALSE
-150000,2585000,-97.9407861780077,46.2398070726171,0,FALSE
-100000,2585000,-97.2939583467935,46.2474793741938,0,FALSE
-50000,2585000,-96.6470106353728,46.2520833643563,0,FALSE
0,2585000,-96.0000032917079,46.2536177096566,0,FALSE
50000,2585000,-95.3529946443367,46.2520835749349,0,FALSE
100000,2585000,-94.7060464989191,46.2474799488756,0,FALSE
150000,2585000,-94.0592177182096,46.2398094337721,0,FALSE
200000,2585000,-93.4125690161058,46.2290708287537,0,FALSE
250000,2585000,-92.7661585785116,46.2152657736705,0,TRUE
300000,2585000,-92.1200494235309,46.1984005549255,0,TRUE
350000,2585000,-91.474298934321,46.1784739258995,0,TRUE
400000,2585000,-90.8289662145582,46.1554906304032,0,TRUE
450000,2585000,-90.1841103875549,46.1294542868697,2,TRUE
500000,2585000,-89.5397896731285,46.100368656793,3,TRUE
550000,2585000,-88.8960649763765,46.0682394388238,1,TRUE
600000,2585000,-88.2529902973846,46.0330705462279,0,TRUE
650000,2585000,-87.6106259196848,45.9948702297207,0,TRUE
700000,2585000,-86.9690301666637,45.9536425228983,0,TRUE
750000,2585000,-86.3282593160172,45.9093946534514,0,TRUE
800000,2585000,-85.6883710248135,45.8621350446412,0,TRUE
850000,2585000,-85.0494174511804,45.811868636415,2,TRUE
900000,2585000,-84.4114585469051,45.7586053340633,0,TRUE
950000,2585000,-83.7745472136896,45.7023527990046,0,TRUE
1600000,2585000,-75.613984086982,44.7036027269212,3,TRUE
1650000,2585000,-74.997167718211,44.6066050335809,0,TRUE
1700000,2585000,-74.3821449942201,44.506789421891,9,TRUE
1750000,2585000,-73.7689588899771,44.4041712809705,8,TRUE
1800000,2585000,-73.157654155756,44.298761588991,50,TRUE
1850000,2585000,-72.5482698612843,44.190578652805,101,TRUE
1900000,2585000,-71.9408481310075,44.0796341005252,63,TRUE
1950000,2585000,-71.3354244189059,43.9659451531973,71,TRUE
2000000,2585000,-70.7320490133694,43.8495249221951,6,TRUE
2050000,2585000,-70.130750482445,43.7303904946378,2,TRUE
2100000,2585000,-69.5315688426904,43.6085563526399,0,TRUE
-2300000,2535000,-124.659877861159,42.6673615238219,0,FALSE
-2250000,2535000,-124.072813443484,42.7989311719667,0,FALSE
-2200000,2535000,-123.483536704118,42.927876777403,0,FALSE
-2150000,2535000,-122.8920755644,43.0541829913565,0,FALSE
-2100000,2535000,-122.298466131454,43.1778341761775,0,FALSE
-2050000,2535000,-121.702742684467,43.2988148591941,0,FALSE
-2000000,2535000,-121.104940698047,43.4171102395834,0,FALSE
-1950000,2535000,-120.505099799194,43.5327059284347,0,FALSE
-1900000,2535000,-119.903253430596,43.6455836964082,0,FALSE
-1850000,2535000,-119.299442171233,43.7557312276321,0,FALSE
-1800000,2535000,-118.693704307175,43.8631340890973,0,FALSE
-1750000,2535000,-118.0860809753,43.9677789938819,0,FALSE
-1700000,2535000,-117.47661149292,44.0696508273094,0,FALSE
-1650000,2535000,-116.865339521023,44.1687338772073,0,FALSE
-1600000,2535000,-116.252309048834,44.2650163946775,0,TRUE
-1550000,2535000,-115.637562865664,44.358485874481,1,TRUE
-1500000,2535000,-115.021144193633,44.4491283822314,0,TRUE
-1450000,2535000,-114.40309872423,44.5369309506555,0,TRUE
-1400000,2535000,-113.783472432459,44.6218817094677,3,TRUE
-1350000,2535000,-113.162312767383,44.7039676519605,3,TRUE
-1300000,2535000,-112.539668903814,44.783176808501,3,TRUE
-1250000,2535000,-111.91558586033,44.8594980846902,6,TRUE
-1200000,2535000,-111.290114607084,44.9329241030284,18,TRUE
-1150000,2535000,-110.663302305625,45.0034382707282,78,TRUE
-1100000,2535000,-110.035201559448,45.0710303440364,149,FALSE
-1050000,2535000,-109.405868264151,45.135693329813,26,FALSE
-1000000,2535000,-108.775342393561,45.197416665488,0,FALSE
-950000,2535000,-108.143685415987,45.2561899812953,0,FALSE
-900000,2535000,-107.51094696052,45.312004604036,0,FALSE
-850000,2535000,-106.877183457072,45.3648550618344,0,FALSE
-800000,2535000,-106.242446901694,45.4147302906616,0,FALSE
-750000,2535000,-105.606785883298,45.4616184884286,0,FALSE
-700000,2535000,-104.970265699178,45.505514531226,0,FALSE
-650000,2535000,-104.332937579388,45.5464186713641,0,FALSE
-600000,2535000,-103.69485494552,45.5843158699742,0,FALSE
-550000,2535000,-103.056076260757,45.6192043069073,0,FALSE
-500000,2535000,-102.416659183483,45.6510777224386,0,FALSE
-450000,2535000,-101.77666006091,45.679931248203,0,FALSE
-400000,2535000,-101.136136443223,45.7057602220247,0,FALSE
-350000,2535000,-100.495144785648,45.7285602872183,0,FALSE
-250000,2535000,-99.2119942263307,45.7650547225171,0,FALSE
-200000,2535000,-98.5699471959023,45.7787467769656,0,FALSE
-150000,2535000,-97.9276644371316,45.7894030376252,0,FALSE
-100000,2535000,-97.2852098600236,45.7970134743167,1,FALSE
-50000,2535000,-96.6426353029181,45.8015800881187,0,FALSE
0,2535000,-95.9999997828899,45.803103121032,0,FALSE
50000,2535000,-95.3573687387833,45.8015801899856,0,FALSE
100000,2535000,-94.7147949783268,45.7970132623741,0,FALSE
150000,2535000,-94.0723381865323,45.7894036504222,0,FALSE
200000,2535000,-93.430057174947,45.7787514602379,0,FALSE
250000,2535000,-92.7880089330394,45.7650581740919,0,FALSE
300000,2535000,-92.1462584717692,45.7483281394993,0,FALSE
350000,2535000,-91.504857225548,45.7285588990547,0,FALSE
400000,2535000,-90.8638658592237,45.7057590464341,0,FALSE
450000,2535000,-90.2233418640865,45.6799299956426,1,FALSE
500000,2535000,-89.5833423846974,45.651075919042,0,TRUE
550000,2535000,-88.9439240376559,45.619201755334,1,TRUE
600000,2535000,-88.3051462808225,45.5843111277556,0,TRUE
650000,2535000,-87.6670659301327,45.5464136575359,0,TRUE
700000,2535000,-87.0297375718231,45.5055115743115,0,TRUE
800000,2535000,-85.7575606822231,45.4147237192874,0,FALSE
850000,2535000,-85.1228215240955,45.3648515680317,0,FALSE
900000,2535000,-84.4890559770809,45.3120046844483,0,FALSE
950000,2535000,-83.8563187970819,45.2561902140513,0,FALSE
1000000,2535000,-83.2246617589547,45.1974155921894,0,FALSE
1550000,2535000,-76.3624400641775,44.3584851192762,1,TRUE
1600000,2535000,-75.7476909873557,44.2650152147975,1,TRUE
1650000,2535000,-75.1346601488476,44.1687320357042,2,TRUE
1700000,2535000,-74.5233891861717,44.0696482940199,13,TRUE
1750000,2535000,-73.9139194629817,43.9677786572675,5,TRUE
1800000,2535000,-73.3062956765717,43.86313359001,41,TRUE
1850000,2535000,-72.7005580818272,43.7557309238421,138,TRUE
1900000,2535000,-72.096745405244,43.6455824307873,82,TRUE
1950000,2535000,-71.4948985248964,43.5327032721944,12,TRUE
2000000,2535000,-70.8950539585084,43.4171102411319,6,TRUE
2050000,2535000,-70.2972525240066,43.2988150397333,0,TRUE
-2300000,2485000,-124.478734103208,42.2401837380402,0,FALSE
-2250000,2485000,-123.894935447862,42.3708703031329,0,FALSE
-2200000,2485000,-123.308962807828,42.4989447302874,0,FALSE
-2150000,2485000,-122.720845874191,42.6243915622295,0,FALSE
-2100000,2485000,-122.130621013468,42.7471943655932,0,FALSE
-2050000,2485000,-121.538319107923,42.8673401061752,0,FALSE
-2000000,2485000,-120.943977452531,42.9848136049231,0,FALSE
-1950000,2485000,-120.347633806713,43.099601072013,0,FALSE
-1900000,2485000,-119.749321916602,43.2116892278885,0,FALSE
-1850000,2485000,-119.14907978727,43.3210586187932,0,FALSE
-1800000,2485000,-118.546947196049,43.4276984280987,0,FALSE
-1750000,2485000,-117.942964693378,43.5315957962254,0,FALSE
-1700000,2485000,-117.337170833912,43.6327356590418,0,FALSE
-1650000,2485000,-116.729607758094,43.7311045347748,0,FALSE
-1600000,2485000,-116.12031900192,43.8266891231278,3,TRUE
-1550000,2485000,-115.509346271096,43.9194772621029,0,TRUE
-1500000,2485000,-114.896733551418,44.0094559300545,1,TRUE
-1450000,2485000,-114.282524899195,44.0966126165839,2,TRUE
-1400000,2485000,-113.666766123631,44.1809357386755,4,TRUE
-1350000,2485000,-113.049502322059,44.2624126142002,6,TRUE
-1300000,2485000,-112.430782400274,44.3410318458983,1,TRUE
-1250000,2485000,-111.810649827634,44.4167791744156,31,TRUE
-1200000,2485000,-111.189160078257,44.4896471530197,116,TRUE
-1150000,2485000,-110.566351563484,44.5596381394927,39,TRUE
-1100000,2485000,-109.942281756302,44.6267200072128,8,FALSE
-1050000,2485000,-109.316999429174,44.6908926966992,3,FALSE
-1000000,2485000,-108.690550536324,44.7521441581841,0,FALSE
-950000,2485000,-108.062992665469,44.8104686875657,20,FALSE
-900000,2485000,-107.43437659811,44.8658559511148,66,FALSE
-850000,2485000,-106.804754390788,44.9182976912942,0,FALSE
-800000,2485000,-106.174178180902,44.9677885231702,0,FALSE
-750000,2485000,-105.542694531254,45.0143150927066,0,FALSE
-650000,2485000,-104.277248274571,45.0984566276161,0,FALSE
-600000,2485000,-103.64339204343,45.1360596800785,0,FALSE
-550000,2485000,-103.008853580603,45.1706765707171,0,FALSE
-500000,2485000,-102.373688746931,45.2023012892253,0,FALSE
-300000,2485000,-99.8278844435773,45.2987887727029,0,FALSE
-250000,2485000,-99.1904326834546,45.3153840520456,0,FALSE
-200000,2485000,-98.5526931530032,45.3289694428607,0,FALSE
-100000,2485000,-97.2765795153337,45.347091840291,0,FALSE
-50000,2485000,-96.6383196167791,45.3516223767993,0,FALSE
0,2485000,-96.0000025939509,45.3531336913344,0,FALSE
50000,2485000,-95.3616857768393,45.3516236598178,0,FALSE
100000,2485000,-94.7234262259111,45.3470928615892,0,FALSE
150000,2485000,-94.0852822210821,45.3395424549334,0,FALSE
200000,2485000,-93.4473110752318,45.3289737958295,0,FALSE
250000,2485000,-92.8095686515521,45.3153881622798,0,FALSE
300000,2485000,-92.1721119300988,45.2987892147721,0,FALSE
350000,2485000,-91.5350035204986,45.2791766699607,0,FALSE
400000,2485000,-90.8982964948691,45.2565549585609,0,FALSE
450000,2485000,-90.2620471071384,45.2309273564032,0,FALSE
500000,2485000,-89.6263108616934,45.2022983055802,0,FALSE
550000,2485000,-88.9911461265617,45.1706736691245,0,FALSE
600000,2485000,-88.3566082006763,45.1360533624573,0,FALSE
650000,2485000,-87.7227545288492,45.0984539803818,0,FALSE
700000,2485000,-87.0896376733413,45.0578686849942,0,FALSE
800000,2485000,-85.8258324757265,44.9677819107355,0,FALSE
850000,2485000,-85.1952521666459,44.9182948907943,0,FALSE
900000,2485000,-84.5656261744149,44.8658546454855,0,FALSE
950000,2485000,-83.9370092824233,44.8104680668709,0,FALSE
1000000,2485000,-83.3094513370789,44.7521439286566,0,FALSE
1550000,2485000,-76.4906556468446,43.9194767671956,0,TRUE
1600000,2485000,-75.8796823277778,43.8266880223484,0,TRUE
1650000,2485000,-75.2703931717895,43.7311027812755,1,TRUE
1700000,2485000,-74.6628303396871,43.632734681026,6,TRUE
1750000,2485000,-74.0570367160181,43.5315963738007,8,TRUE
1800000,2485000,-73.4530532043718,43.4276991027857,4,TRUE
1850000,2485000,-72.8509212587371,43.3210583242021,60,TRUE
1900000,2485000,-72.2506779925283,43.2116874301947,42,TRUE
1950000,2485000,-71.6523647669208,43.0996007467112,19,TRUE
2000000,2485000,-71.0560185015014,42.98481471806,15,TRUE
2050000,2485000,-70.4616770632392,42.8673404343718,0,TRUE
-2300000,2435000,-124.299793014567,41.8129859629171,0,FALSE
-2250000,2435000,-123.719230079603,41.942807569111,0,FALSE
-2200000,2435000,-123.136530913111,42.0700292366841,0,FALSE
-2150000,2435000,-122.55172534765,42.1946362667832,0,FALSE
-2100000,2435000,-121.964850658415,42.3166093221003,0,FALSE
-2050000,2435000,-121.375937053386,42.4359396493062,0,FALSE
-2000000,2435000,-120.78501980935,42.5526113193677,0,FALSE
-1950000,2435000,-120.192134588635,42.6666100838523,0,FALSE
-1900000,2435000,-119.597318120281,42.7779205912088,0,FALSE
-1850000,2435000,-119.000607697898,42.886529426726,0,FALSE
-1800000,2435000,-118.402041726802,42.9924232335391,0,FALSE
-1750000,2435000,-117.801657952137,43.0955919225439,0,FALSE
-1700000,2435000,-117.199499253185,43.1960177787904,0,FALSE
-1650000,2435000,-116.59560321101,43.2936878484815,0,FALSE
-1600000,2435000,-115.990013070743,43.3885900388682,0,FALSE
-1550000,2435000,-115.382770076014,43.4807125720167,2,TRUE
-1500000,2435000,-114.773918404995,43.5700430764301,4,TRUE
-1450000,2435000,-114.163501427333,43.6565691833324,23,TRUE
-1400000,2435000,-113.551563177535,43.7402787046076,10,TRUE
-1350000,2435000,-112.93815036137,43.821160634908,0,TRUE
-1300000,2435000,-112.323306033627,43.8992041394788,20,TRUE
-1250000,2435000,-111.707079475952,43.974396823416,26,TRUE
-1200000,2435000,-111.089517958523,44.046729682195,13,TRUE
-1150000,2435000,-110.470664190897,44.1161945853347,53,TRUE
-1100000,2435000,-109.850573551368,44.1827771781268,0,FALSE
-1050000,2435000,-109.229291973988,44.2464694691603,0,FALSE
-1000000,2435000,-108.606870624056,44.3072628286715,0,FALSE
-950000,2435000,-107.983359034682,44.3651485502396,0,FALSE
-900000,2435000,-107.358812082343,44.4201195918522,52,FALSE
-850000,2435000,-106.733278918328,44.4721647364724,13,FALSE
-800000,2435000,-106.106807276766,44.5212784180588,0,FALSE
-750000,2435000,-105.479450351754,44.5674514284228,0,FALSE
-700000,2435000,-104.851262660311,44.6106775531333,0,FALSE
-650000,2435000,-104.222298643712,44.6509513150347,0,FALSE
-600000,2435000,-103.592612077389,44.6882679661603,0,FALSE
-550000,2435000,-102.962257006008,44.7226190782774,0,FALSE
-500000,2435000,-102.331288809721,44.7540010531252,0,FALSE
-400000,2435000,-101.067728644467,44.8078379746932,0,FALSE
-350000,2435000,-100.435247047686,44.8302846416862,0,FALSE
-300000,2435000,-99.8023710161818,44.8497452760281,0,FALSE
-250000,2435000,-99.1691588283527,44.8662159376443,1,FALSE
-200000,2435000,-98.5356679905053,44.8796962664634,0,FALSE
-150000,2435000,-97.9019513188133,44.890183480852,0,FALSE
-100000,2435000,-97.2680637861592,44.8976758022749,0,FALSE
-50000,2435000,-96.6340618099593,44.902171516468,0,FALSE
0,2435000,-96.0000039781746,44.9036691552166,0,FALSE
50000,2435000,-95.3659439764718,44.9021707432471,0,FALSE
100000,2435000,-94.7319425897252,44.8976765029219,0,FALSE
150000,2435000,-94.0980533150952,44.8901847877043,0,FALSE
200000,2435000,-93.4643336401291,44.8796977541268,0,FALSE
250000,2435000,-92.8308393923178,44.8662162294061,0,FALSE
300000,2435000,-92.1976245028985,44.8497451127653,0,FALSE
350000,2435000,-91.5647478858583,44.8302842826653,0,FALSE
400000,2435000,-90.932267934586,44.8078366517165,0,FALSE
450000,2435000,-90.300237463557,44.7824075186052,0,FALSE
500000,2435000,-89.6687094846518,44.7539990240963,0,FALSE
550000,2435000,-89.0377414589825,44.7226167010406,0,FALSE
600000,2435000,-88.4073979858244,44.6882599740984,0,FALSE
650000,2435000,-87.7777076832524,44.6509508710378,0,FALSE
700000,2435000,-87.1487453713771,44.6106755720904,0,FALSE
750000,2435000,-86.5205584466946,44.5674478671363,0,FALSE
800000,2435000,-85.8932002685499,44.5212722727185,0,FALSE
850000,2435000,-85.2667287117388,44.472160616912,0,FALSE
900000,2435000,-84.6411897879158,44.4201168741066,0,FALSE
950000,2435000,-84.0166393117299,44.3651480781522,0,FALSE
1000000,2435000,-83.3931286993545,44.3072640236882,0,FALSE
1050000,2435000,-82.7707054788493,44.2464711606626,0,FALSE
1550000,2435000,-76.6172320991998,43.4807112989759,0,FALSE
1600000,2435000,-76.0099889155423,43.3885890595625,0,TRUE
1650000,2435000,-75.4043983543817,43.2936866755937,0,TRUE
1700000,2435000,-74.8005019980691,43.1960170152874,1,TRUE
1750000,2435000,-74.198342428856,43.0955932326429,2,TRUE
1800000,2435000,-73.5979595890574,42.9924262557409,2,TRUE
1850000,2435000,-72.9993933692596,42.8865313302364,59,TRUE
1900000,2435000,-72.4026818113356,42.777921670976,40,TRUE
1950000,2435000,-71.8078661765002,42.6666103833826,17,TRUE
2000000,2435000,-71.2149800875281,42.5526120433965,4,TRUE
2050000,2435000,-70.6240623751125,42.4359395804545,0,TRUE
-2300000,2385000,-124.123015095427,41.3857456742146,0,FALSE
-2250000,2385000,-123.545662209067,41.5147220871272,0,FALSE
-2200000,2385000,-122.966203773679,41.6411088964435,0,FALSE
-2150000,2385000,-122.384678405906,41.7648910121543,0,FALSE
-2100000,2385000,-121.801119370831,41.8860540313994,0,FALSE
-2050000,2385000,-121.21555811498,42.0045868967739,0,FALSE
-2000000,2385000,-120.628028650522,42.1204731872136,0,FALSE
-1950000,2385000,-120.038566724943,42.2337009472006,0,FALSE
-1900000,2385000,-119.447208573581,42.3442538225147,0,FALSE
-1850000,2385000,-118.853991132043,42.4521193305116,0,FALSE
-1800000,2385000,-118.258952110756,42.5572842232911,0,FALSE
-1750000,2385000,-117.662129596051,42.6597363378639,0,FALSE
-1700000,2385000,-117.063562434467,42.7594655681618,0,FALSE
-1650000,2385000,-116.463292430526,42.856453022324,0,FALSE
-1600000,2385000,-115.861358854957,42.9506888592608,0,FALSE
-1550000,2385000,-115.257803181503,43.0421615712422,0,FALSE
-1500000,2385000,-114.652668961121,43.1308584922524,0,TRUE
-1450000,2385000,-114.045998932382,43.2167676588969,24,TRUE
-1400000,2385000,-113.437837611848,43.2998789589846,3,TRUE
-1350000,2385000,-112.828227413669,43.3801800559254,0,TRUE
-1300000,2385000,-112.217212958241,43.457660330175,0,TRUE
-1250000,2385000,-111.604842734884,43.5323090825256,20,TRUE
-1200000,2385000,-110.991161093688,43.604116470305,1290,TRUE
-1150000,2385000,-110.376216433854,43.6730727467328,215,TRUE
-1100000,2385000,-109.760055685521,43.7391683698958,11,FALSE
-1050000,2385000,-109.142727933187,43.8023926853567,0,FALSE
-1000000,2385000,-108.524279708303,43.8627376636732,0,FALSE
-950000,2385000,-107.904765500066,43.92019624727,0,FALSE
-900000,2385000,-107.284235079899,43.9747585210165,19,FALSE
-850000,2385000,-106.66273806328,44.0264160330045,5,FALSE
-800000,2385000,-106.04031956644,44.0751638659214,0,FALSE
-750000,2385000,-105.417034236851,44.1209911582654,0,FALSE
-700000,2385000,-104.792932773384,44.163891634734,0,FALSE
-650000,2385000,-104.168071180809,44.2038644359555,0,FALSE
-600000,2385000,-103.542499876349,44.2409010462438,1,FALSE
-550000,2385000,-102.916273994842,44.2749938376026,0,FALSE
-400000,2385000,-101.034203011294,44.3595679828513,0,FALSE
-350000,2385000,-100.405892854845,44.3818441954252,0,FALSE
-300000,2385000,-99.7771966414374,44.4011571155924,0,FALSE
-250000,2385000,-99.1481698514951,44.4175036218852,0,FALSE
-200000,2385000,-98.5188671448141,44.430882497134,0,FALSE
-150000,2385000,-97.8893514952142,44.4412880269706,0,FALSE
-100000,2385000,-97.2596627478571,44.4487242442195,0,FALSE
-50000,2385000,-96.6298612576074,44.4531848953922,0,FALSE
0,2385000,-96.0000040903485,44.4546724496233,0,FALSE
50000,2385000,-95.370146465681,44.4531860890471,0,FALSE
100000,2385000,-94.740346067035,44.4487248298461,0,FALSE
150000,2385000,-94.1106560088257,44.4412894706312,0,FALSE
200000,2385000,-93.4811308444086,44.430883482826,0,FALSE
250000,2385000,-92.8518280934797,44.417502924392,0,FALSE
300000,2385000,-92.2228012619033,44.4011562788399,0,FALSE
350000,2385000,-91.5941042750878,44.3818440915806,0,FALSE
400000,2385000,-90.9657936511094,44.3595673852819,0,FALSE
450000,2385000,-90.3379241138861,44.3343301678861,0,FALSE
500000,2385000,-89.7105487450734,44.3061371898518,0,FALSE
550000,2385000,-89.0837226194973,44.2749918001032,0,FALSE
600000,2385000,-88.457500524608,44.2408996327079,0,FALSE
650000,2385000,-87.8319336592926,44.2038659372093,0,FALSE
700000,2385000,-87.2070741963443,44.1638938144974,0,FALSE
750000,2385000,-86.5829741294574,44.1209894138398,0,FALSE
800000,2385000,-85.9596872559204,44.0751580407176,0,FALSE
850000,2385000,-85.3372677950277,44.026412755057,0,FALSE
900000,2385000,-84.7157652775283,43.9747552417506,0,FALSE
950000,2385000,-84.0952307995225,43.9201944963963,0,FALSE
1000000,2385000,-83.4757152385779,43.8627372814623,0,FALSE
1050000,2385000,-82.8572688376635,43.8023916852152,0,FALSE
1350000,2385000,-79.1717776627592,43.3801770995923,0,FALSE
1400000,2385000,-78.5621662659167,43.2998757814537,0,FALSE
1450000,2385000,-77.9540030197454,43.2167651733008,0,FALSE
1500000,2385000,-77.3473329378042,43.1308552706144,0,FALSE
1550000,2385000,-76.7421985510594,43.0421594335968,0,FALSE
1600000,2385000,-76.1386426011461,42.9506877621942,0,FALSE
1650000,2385000,-75.5367087879982,42.8564520982316,0,FALSE
1700000,2385000,-74.9364376943273,42.7594650487798,0,FALSE
1750000,2385000,-74.3378709173592,42.6597403797989,0,FALSE
1800000,2385000,-73.7410489819077,42.557287008748,0,FALSE
1850000,2385000,-73.1460089299208,42.4521210494956,18,FALSE
1900000,2385000,-72.5527918934419,42.3442545476635,98,FALSE
1950000,2385000,-71.9614346016644,42.2337015241572,16,FALSE
2000000,2385000,-71.3719725456766,42.1204748425518,0,FALSE
2050000,2385000,-70.7844432667298,42.0045880626455,0,FALSE
2100000,2385000,-70.1988813401593,41.8860550202977,0,FALSE
2150000,2385000,-69.6153205613226,41.7648903511242,0,FALSE
-2350000,2335000,-124.520458302906,40.8277361077426,0,FALSE
-2300000,2335000,-123.94837058608,40.9584414761506,0,FALSE
-2250000,2335000,-123.374190860632,41.086587203603,0,FALSE
-2200000,2335000,-122.797944824109,41.2121568989196,0,FALSE
-2150000,2335000,-122.21966642,41.3351325162636,0,FALSE
-2100000,2335000,-121.639389495145,41.4555026111077,0,FALSE
-2050000,2335000,-121.05714496609,41.573254224988,0,FALSE
-2000000,2335000,-120.472969444732,41.6883739109113,0,FALSE
-1950000,2335000,-119.886894620832,41.8008476675629,0,FALSE
-1900000,2335000,-119.298958188704,41.9106602041234,0,FALSE
-1850000,2335000,-118.70919625547,42.0177989548729,0,FALSE
-1800000,2335000,-118.117645365253,42.1222518270971,0,FALSE
-1750000,2335000,-117.524343589303,42.2240059119183,0,FALSE
-1700000,2335000,-116.929330323346,42.3230508229242,0,FALSE
-1650000,2335000,-116.332644601301,42.4193713239551,0,FALSE
-1600000,2335000,-115.734325985165,42.5129554451451,0,FALSE
-1550000,2335000,-115.134415438201,42.6037923377862,0,FALSE
-1500000,2335000,-114.532955781011,42.6918702856469,0,FALSE
-1450000,2335000,-113.929988696882,42.7771771325797,0,TRUE
-1400000,2335000,-113.325557796279,42.859702751895,0,TRUE
-1350000,2335000,-112.719706079477,42.9394365784853,29,TRUE
-1300000,2335000,-112.112476692354,43.0163669827586,2,TRUE
-1250000,2335000,-111.503915596722,43.0904840906579,2,TRUE
-1200000,2335000,-110.894069029749,43.1617780614914,15,TRUE
-1150000,2335000,-110.282984473574,43.2302405334548,5,TRUE
-1100000,2335000,-109.670705371682,43.2958576721997,13,FALSE
-1050000,2335000,-109.057280029593,43.3586252713675,0,FALSE
-1000000,2335000,-108.442757810671,43.4185337124392,2,FALSE
-950000,2335000,-107.827191031147,43.475574191662,0,FALSE
-900000,2335000,-107.210627884503,43.5297384752614,0,FALSE
-850000,2335000,-106.593113506428,43.5810178819534,0,FALSE
-800000,2335000,-105.974697230273,43.6294074699222,0,FALSE
-750000,2335000,-105.355431500077,43.6748993123552,0,FALSE
-700000,2335000,-104.735364660126,43.7174824361332,0,FALSE
-650000,2335000,-104.114554495852,43.7571615463913,0,FALSE
-600000,2335000,-103.493043020247,43.793925111338,0,FALSE
-550000,2335000,-102.870895029962,43.8277636004593,0,FALSE
-500000,2335000,-102.248156942157,43.8586763573586,0,FALSE
-450000,2335000,-101.624879610023,43.8866593993558,0,FALSE
-400000,2335000,-101.0011176152,43.9117078423856,0,FALSE
-350000,2335000,-100.376924179341,43.9338180721027,0,FALSE
-300000,2335000,-99.752352973455,43.952986426783,0,FALSE
-250000,2335000,-99.1274566560977,43.9692108984244,0,FALSE
-200000,2335000,-98.5022919076589,43.9824862935775,0,FALSE
-150000,2335000,-97.8769221617602,43.9928135799739,0,FALSE
-100000,2335000,-97.2513703937739,44.0001962171865,0,FALSE
-50000,2335000,-96.6257144311107,44.0046248497574,0,FALSE
0,2335000,-96.0000045271075,44.0061020155715,0,FALSE
50000,2335000,-95.3742948133121,44.0046264238259,0,FALSE
100000,2335000,-94.7486401864933,44.0001991532955,0,FALSE
150000,2335000,-94.1230923162609,43.9928201198208,0,FALSE
200000,2335000,-93.497708138545,43.982492302117,0,FALSE
250000,2335000,-92.8725416631377,43.9692105240072,0,FALSE
300000,2335000,-92.2476458489914,43.9529857662972,0,FALSE
350000,2335000,-91.6230748352814,43.9338178408607,0,FALSE
400000,2335000,-90.9988800154384,43.9117071774105,0,FALSE
450000,2335000,-90.3751177396842,43.8866586363764,0,FALSE
500000,2335000,-89.7518404660509,43.8586752596119,0,FALSE
550000,2335000,-89.1291017833013,43.8277615178139,0,FALSE
600000,2335000,-88.5069541418784,43.7939219834206,0,FALSE
650000,2335000,-87.885449188676,43.7571621547334,0,FALSE
750000,2335000,-86.6445745320247,43.6748970319939,0,FALSE
800000,2335000,-86.0253083665238,43.6294020725753,0,FALSE
850000,2335000,-85.4068896891306,43.581014547234,0,FALSE
900000,2335000,-84.7893725448955,43.5297342881498,0,FALSE
950000,2335000,-84.1728035514061,43.4755722024465,0,FALSE
1000000,2335000,-83.557232917664,43.4185319257601,0,FALSE
1050000,2335000,-82.9427123846411,43.3586243670017,0,FALSE
1100000,2335000,-82.3292895808435,43.2958583760665,0,FALSE
1350000,2335000,-79.2803014596892,42.9394352434673,0,FALSE
1400000,2335000,-78.6744457955075,42.8597005402605,0,FALSE
1450000,2335000,-78.0700134348836,42.7771746497504,0,FALSE
1500000,2335000,-77.4670467853463,42.691867514706,0,FALSE
1550000,2335000,-76.8655855712035,42.603790451948,0,FALSE
1600000,2335000,-76.2656750074016,42.5129541266567,0,FALSE
1650000,2335000,-75.6673557791055,42.4193700611343,0,FALSE
1700000,2335000,-75.0706691304985,42.3230505742433,0,FALSE
1750000,2335000,-74.475655236044,42.2240089571719,0,FALSE
1800000,2335000,-73.8823550882418,42.1222534641115,0,FALSE
1850000,2335000,-73.2908034531097,42.0178001271581,26,FALSE
1900000,2335000,-72.7010412022829,41.9106602199159,8,FALSE
1950000,2335000,-72.1131053229347,41.8008479286835,2,FALSE
2000000,2335000,-71.527031333273,41.6883761753918,0,FALSE
2050000,2335000,-70.9428545276003,41.573256838562,0,FALSE
2100000,2335000,-70.3606105337034,41.4555047681293,0,FALSE
2150000,2335000,-69.7803327938386,41.3351335974697,0,FALSE
-2350000,2285000,-124.344811030458,40.4011642688476,0,FALSE
-2300000,2285000,-123.775824823381,40.531046497176,0,FALSE
-2250000,2285000,-123.204785582006,40.6583812233938,0,FALSE
-2200000,2285000,-122.631718198733,40.7831505112712,0,FALSE
-2150000,2285000,-122.056653555684,40.9053376895466,0,FALSE
-2100000,2285000,-121.479626911473,41.0249312642051,0,FALSE
-2050000,2285000,-120.90066317915,41.1419199641535,0,FALSE
-2000000,2285000,-120.319806035801,41.256288205124,0,FALSE
-1950000,2285000,-119.737083728192,41.3680231882423,0,FALSE
-1900000,2285000,-119.152533545154,41.4771120027983,0,FALSE
-1850000,2285000,-118.566190830353,41.5835400511279,0,FALSE
-1800000,2285000,-117.978091397531,41.6872974290041,0,FALSE
-1750000,2285000,-117.38827161496,41.7883685553823,0,FALSE
-1650000,2285000,-116.203629398749,41.9824136247028,1,FALSE
-1600000,2285000,-115.608884952096,42.0753609724391,0,FALSE
-1550000,2285000,-115.01257825729,42.1655763589631,0,FALSE
-1500000,2285000,-114.414750407728,42.2530490835486,83,FALSE
-1450000,2285000,-113.815442855092,42.3377675600178,3,FALSE
-1400000,2285000,-113.2146984706,42.419721218099,1,TRUE
-1350000,2285000,-112.612560242519,42.4988994123537,29,TRUE
-1300000,2285000,-112.009070954656,42.5752926426614,5,TRUE
-1250000,2285000,-111.404274261227,42.6488905960846,8,TRUE
-1200000,2285000,-110.798217972273,42.7196842309693,9,TRUE
-1150000,2285000,-110.190943799606,42.7876630149683,5,TRUE
-1100000,2285000,-109.582499689753,42.8528151708467,30,FALSE
-1050000,2285000,-108.972930266934,42.9151350552992,4,FALSE
-1000000,2285000,-108.362287083933,42.9746150528814,1,FALSE
-950000,2285000,-107.75061504563,43.03124606569,0,FALSE
-900000,2285000,-107.137967611415,43.0850203210551,0,FALSE
-850000,2285000,-106.524389638858,43.1359341384258,0,FALSE
-800000,2285000,-105.909923823519,43.1839744873888,0,FALSE
-750000,2285000,-105.294625262361,43.2291376286059,0,FALSE
-700000,2285000,-104.678544251498,43.2714154555778,0,FALSE
-650000,2285000,-104.061732999717,43.3108045745595,0,FALSE
-600000,2285000,-103.444234216972,43.347298663589,0,FALSE
-550000,2285000,-102.826107578203,43.3808910763032,0,FALSE
-500000,2285000,-102.207403097494,43.4115778703741,0,FALSE
-450000,2285000,-101.588170619955,43.4393556460803,0,FALSE
-400000,2285000,-100.968463394093,43.464220321348,0,FALSE
-350000,2285000,-100.348332582402,43.4861685206499,0,FALSE
-250000,2285000,-99.1070136895021,43.5213009737818,0,FALSE
-200000,2285000,-98.485932178677,43.534477271445,0,FALSE
-150000,2285000,-97.8646393588023,43.5447311308879,0,FALSE
-100000,2285000,-97.2431840866422,43.5520584474388,0,FALSE
-50000,2285000,-96.621621329627,43.5564547242932,1,FALSE
0,2285000,-96.0000036690754,43.5579210310682,0,FALSE
50000,2285000,-95.3783871095893,43.5564567296268,0,FALSE
100000,2285000,-94.7568236894259,43.5520621762163,0,FALSE
150000,2285000,-94.1353647038839,43.5447389570713,0,FALSE
200000,2285000,-93.5140701917013,43.5344856806831,0,FALSE
250000,2285000,-92.8929850175705,43.5213042355099,0,FALSE
300000,2285000,-92.2721658377833,43.5051982915578,0,FALSE
350000,2285000,-91.6516637669193,43.4861697688068,0,FALSE
400000,2285000,-91.0315341763751,43.46422103599,0,FALSE
450000,2285000,-90.4118270301657,43.4393564197164,0,FALSE
500000,2285000,-89.7925944872258,43.4115773647962,0,FALSE
550000,2285000,-89.1738906518439,43.380889171782,0,FALSE
600000,2285000,-88.555765374689,43.3472957229288,0,FALSE
650000,2285000,-87.9382704441646,43.3108027869717,0,FALSE
750000,2285000,-86.705376260367,43.2291349353085,0,FALSE
800000,2285000,-86.0900794192018,43.1839684567261,0,FALSE
850000,2285000,-85.4756134758829,43.1359293363155,0,FALSE
900000,2285000,-84.8620300627749,43.0850188664586,0,FALSE
950000,2285000,-84.2493778951961,43.0312436513465,0,FALSE
1000000,2285000,-83.6377044112541,42.9746121486221,0,FALSE
1050000,2285000,-83.0270602792329,42.9151322252979,0,FALSE
1100000,2285000,-82.4174912983544,42.8528125277379,0,FALSE
1350000,2285000,-79.3874457051549,42.4988997844457,0,FALSE
1400000,2285000,-78.7853031610022,42.4197191624788,0,FALSE
1450000,2285000,-78.1845590234893,42.3377656493441,0,FALSE
1500000,2285000,-77.585251698451,42.25304712339,0,FALSE
1550000,2285000,-76.9874231941908,42.1655750747728,0,FALSE
1600000,2285000,-76.3911148482372,42.0753602416788,0,FALSE
1650000,2285000,-75.7963700044267,41.9824124620145,0,FALSE
1700000,2285000,-75.2032278648415,41.8867454260314,0,FALSE
1750000,2285000,-74.6117276720641,41.7883710570704,0,FALSE
1800000,2285000,-74.0219090880101,41.6872982902718,0,FALSE
1850000,2285000,-73.4338091418098,41.5835411257897,2,FALSE
1900000,2285000,-72.8474650421567,41.477112665235,0,FALSE
1950000,2285000,-72.2629140792827,41.368024903722,0,FALSE
2000000,2285000,-71.6801926254774,41.2562908190238,0,FALSE
-2350000,2235000,-124.171254284613,39.9744593789265,0,FALSE
-2300000,2235000,-123.60534078737,40.1035365288595,0,FALSE
-2250000,2235000,-123.037408713547,40.2300793716311,0,FALSE
-2200000,2235000,-122.46748760948,40.3540665693753,0,FALSE
-2150000,2235000,-121.895604837704,40.4754839513603,0,FALSE
-2100000,2235000,-121.321792456882,40.5943181229692,0,FALSE
-2050000,2235000,-120.746081297596,40.7105594798376,0,FALSE
-2000000,2235000,-120.168507053611,40.8241923898096,0,FALSE
-1950000,2235000,-119.589099954932,40.9352051382463,0,FALSE
-1900000,2235000,-119.007902378516,41.0435828418406,0,FALSE
-1850000,2235000,-118.424942610981,41.1493165397934,0,FALSE
-1800000,2235000,-117.840256546695,41.2523926630105,0,FALSE
-1750000,2235000,-117.253880305387,41.3527983680882,0,FALSE
-1700000,2235000,-116.665853819411,41.4505209284989,0,FALSE
-1650000,2235000,-116.076216826557,41.5455512102766,1,FALSE
-1600000,2235000,-115.48500637125,41.6378759245124,2,FALSE
-1550000,2235000,-114.892263269215,41.7274848434247,1,FALSE
-1500000,2235000,-114.298025217819,41.8143660803145,0,FALSE
-1450000,2235000,-113.702335261937,41.8985096103371,4,FALSE
-1400000,2235000,-113.105238751938,41.9799045445942,2,FALSE
-1350000,2235000,-112.506767818374,42.0585399196457,1,TRUE
-1300000,2235000,-111.906973776594,42.1344061711328,0,TRUE
-1250000,2235000,-111.305893884186,42.2074963261937,7,TRUE
-1200000,2235000,-110.703580859138,42.2777988800144,2,TRUE
-1150000,2235000,-110.100071224189,42.345304462356,1,TRUE
-1100000,2235000,-109.495418486021,42.4100045574667,1,FALSE
-1050000,2235000,-108.889657956902,42.4718888924363,6,FALSE
-1000000,2235000,-108.282844288401,42.530951285396,0,FALSE
-950000,2235000,-107.675022920097,42.5871832658952,1,FALSE
-900000,2235000,-107.066242805251,42.6405779292044,0,FALSE
-850000,2235000,-106.456546593062,42.6911298585678,0,FALSE
-800000,2235000,-105.845983436981,42.7388300158236,0,FALSE
-750000,2235000,-105.234602322379,42.7836722728004,0,FALSE
-700000,2235000,-104.62245461147,42.8256501289507,0,FALSE
-650000,2235000,-104.009590378816,42.8647575565869,0,FALSE
-600000,2235000,-103.396055931881,42.9009892647205,0,FALSE
-550000,2235000,-102.781899769935,42.9343397326846,0,FALSE
-500000,2235000,-102.167176915903,42.964806643946,0,FALSE
-450000,2235000,-101.551937554182,42.9923848350385,0,FALSE
-400000,2235000,-100.936233013343,43.0170699204288,0,FALSE
-350000,2235000,-100.320112884805,43.0388587416897,0,FALSE
-300000,2235000,-99.7036310694902,43.0577485704394,0,FALSE
-250000,2235000,-99.086836550348,43.0737377717957,0,FALSE
-200000,2235000,-98.4697821036073,43.0868213483819,0,FALSE
-150000,2235000,-97.8525220488659,43.0970003233521,0,FALSE
-100000,2235000,-97.2351036770339,43.1042736662528,0,FALSE
-50000,2235000,-96.6175793796742,43.1086381747221,0,FALSE
0,2235000,-96.0000027932168,43.110093524957,0,FALSE
50000,2235000,-95.3824260943648,43.1086397392848,0,FALSE
100000,2235000,-94.7649021254336,43.1042772446131,0,FALSE
150000,2235000,-94.1474823165294,43.0970062513428,0,FALSE
200000,2235000,-93.5302185233949,43.0868266005274,0,FALSE
250000,2235000,-92.91316267366,43.0737412711056,0,FALSE
300000,2235000,-92.2963665039778,43.0577525324902,0,FALSE
350000,2235000,-91.6798836627971,43.0388620195904,0,FALSE
400000,2235000,-91.0637642622312,43.0170717806786,0,FALSE
450000,2235000,-90.4480593339381,42.9923851360867,0,FALSE
500000,2235000,-89.8328215782781,42.96480648965,0,FALSE
550000,2235000,-89.2181007242988,42.9343386810115,0,FALSE
600000,2235000,-88.6039467784915,42.9009856838597,0,FALSE
650000,2235000,-87.990410375009,42.8647544486037,0,FALSE
800000,2235000,-86.1540179587559,42.7388249054174,0,FALSE
850000,2235000,-85.5434544057167,42.6911257374778,0,FALSE
900000,2235000,-84.9337564388829,42.6405757185643,0,FALSE
950000,2235000,-84.3249701850943,42.5871798551574,0,FALSE
1000000,2235000,-83.7171468787503,42.5309461748277,0,FALSE
1050000,2235000,-83.1103336439512,42.471882566502,0,FALSE
1100000,2235000,-82.5045775162444,42.4099972986452,0,FALSE
1250000,2235000,-80.694106319015,42.2074948855185,0,FALSE
1300000,2235000,-80.0930310730507,42.1344048736815,0,FALSE
1350000,2235000,-79.4932364169284,42.0585373533276,0,FALSE
1400000,2235000,-78.8947667250941,41.9799021322542,0,FALSE
1450000,2235000,-78.2976662627463,41.8985075500649,0,FALSE
1500000,2235000,-77.701975046807,41.814365012185,0,FALSE
1550000,2235000,-77.1077386588353,41.7274840858409,0,FALSE
1600000,2235000,-76.5149937444631,41.6378760240049,0,FALSE
1650000,2235000,-75.9237825348688,41.5455515597447,0,FALSE
1700000,2235000,-75.3341450408351,41.4505214324453,0,FALSE
1750000,2235000,-74.7461199639167,41.3527986032127,0,FALSE
1800000,2235000,-74.1597447856239,41.2523936507265,0,FALSE
1850000,2235000,-73.5750583174482,41.1493181708023,0,FALSE
1900000,2235000,-72.9920957354453,41.0435852080352,0,FALSE
1950000,2235000,-72.4108940956281,40.9352060874148,0,FALSE
2000000,2235000,-71.831488467534,40.824194688586,0,FALSE
-2350000,2185000,-123.999733566185,39.5476014243938,0,FALSE
-2300000,2185000,-123.436872530838,39.6758969002107,0,FALSE
-2250000,2185000,-122.872026185297,39.8016610788641,0,FALSE
-2200000,2185000,-122.305218646532,39.9248830087714,0,FALSE
-2150000,2185000,-121.736486761354,40.0455463375169,0,FALSE
-2100000,2185000,-121.165859601791,40.1636379445593,0,FALSE
-2050000,2185000,-120.5933676963,40.2791471199882,0,FALSE
-2000000,2185000,-120.019042114107,40.3920606021666,0,FALSE
-1950000,2185000,-119.442917747194,40.5023668270398,0,FALSE
-1900000,2185000,-118.865032973934,40.6100515523276,0,FALSE
-1850000,2185000,-118.285418755055,40.7151045097535,0,FALSE
-1800000,2185000,-117.704108694749,40.8175132091655,0,FALSE
-1750000,2185000,-117.121140214287,40.9172658733729,0,FALSE
-1700000,2185000,-116.536552818459,41.0143505753549,0,FALSE
-1600000,2185000,-115.362663740991,41.2004734501362,0,FALSE
-1550000,2185000,-114.77344067336,41.2894883753314,1,FALSE
-1500000,2185000,-114.18275291216,41.3757911929983,0,FALSE
-1450000,2185000,-113.590640022488,41.4593723586973,0,FALSE
-1400000,2185000,-112.997142933155,41.5402212591203,0,FALSE
-1350000,2185000,-112.402300377641,41.6183271841567,0,FALSE
-1300000,2185000,-111.806157067383,41.693681068377,34,TRUE
-1250000,2185000,-111.20875371608,41.7662744536107,6,TRUE
-1200000,2185000,-110.610136629169,41.8360956074426,12,TRUE
-1150000,2185000,-110.010350543811,41.9031377469323,9,TRUE
-1100000,2185000,-109.409437433322,41.9673948764628,0,FALSE
-1050000,2185000,-108.80744186055,42.0288532027815,0,FALSE
-1000000,2185000,-108.204411007697,42.0875079545148,0,FALSE
-950000,2185000,-107.600391298335,42.1433508848012,0,FALSE
-900000,2185000,-106.995428278851,42.1963753131345,0,FALSE
-850000,2185000,-106.389568747796,42.2465741381364,0,FALSE
-800000,2185000,-105.782858775266,42.2939408887601,0,FALSE
-750000,2185000,-105.175347545731,42.3384696516096,0,FALSE
-700000,2185000,-104.567082821554,42.3801536407594,0,FALSE
-650000,2185000,-103.958112467705,42.4189854727072,0,FALSE
-600000,2185000,-103.348490143062,42.4549581861965,0,FALSE
-550000,2185000,-102.738259464392,42.4880759754313,0,FALSE
-500000,2185000,-102.127468590518,42.5183287803452,0,FALSE
-450000,2185000,-101.516172071001,42.5457116169147,0,FALSE
-400000,2185000,-100.904418820913,42.5702221286899,0,FALSE
-350000,2185000,-100.29225840872,42.5918567546617,0,FALSE
-300000,2185000,-99.6797407767676,42.6106124776966,0,FALSE
-250000,2185000,-99.0669198143452,42.6264880460399,0,FALSE
-200000,2185000,-98.4538431246549,42.6394794140072,0,FALSE
-150000,2185000,-97.8405623081411,42.6495862104452,0,FALSE
-100000,2185000,-97.2271288125681,42.6568064851874,0,FALSE
-50000,2185000,-96.6135902963884,42.6611397355194,1,FALSE
0,2185000,-96.000000871725,42.6625848225807,0,FALSE
50000,2185000,-95.3864114974524,42.6611410941318,0,FALSE
100000,2185000,-94.7728743891555,42.6568099313688,0,FALSE
150000,2185000,-94.1594404389818,42.6495906206246,0,FALSE
200000,2185000,-93.5461576778504,42.6394823321319,0,FALSE
250000,2185000,-92.9330796681009,42.6264904337,0,FALSE
300000,2185000,-92.3202562750361,42.6106155539699,0,FALSE
350000,2185000,-91.707741986362,42.591857888245,0,FALSE
400000,2185000,-91.0955861956479,42.5702214743169,0,FALSE
450000,2185000,-90.4838258226339,42.5457117813157,0,FALSE
500000,2185000,-89.8725308990673,42.5183295556086,0,FALSE
550000,2185000,-89.261742258933,42.4880754171291,0,FALSE
600000,2185000,-88.6515101459047,42.4549580049924,0,FALSE
650000,2185000,-88.0418840833571,42.4189802935566,0,FALSE
800000,2185000,-86.2171401979068,42.2939366923422,0,FALSE
850000,2185000,-85.6104297937401,42.2465707436581,0,FALSE
900000,2185000,-85.0045698392715,42.1963720145552,0,FALSE
950000,2185000,-84.3996053786389,42.143347063072,0,FALSE
1000000,2185000,-83.7955837721266,42.0875020684083,0,FALSE
1050000,2185000,-83.1925519273141,42.0288463977796,0,FALSE
1200000,2185000,-81.3898624063219,41.8360906829731,0,FALSE
1250000,2185000,-80.7912447757393,41.7662675102293,0,FALSE
1300000,2185000,-80.1938461996531,41.6936764720709,0,FALSE
1350000,2185000,-79.5977036031804,41.6183233923471,0,FALSE
1400000,2185000,-79.0028612888247,41.5402179506298,0,FALSE
1450000,2185000,-78.4093623944832,41.4593701353407,0,FALSE
1500000,2185000,-77.8172481755259,41.3757903363611,0,FALSE
1550000,2185000,-77.2265604388445,41.2894879933174,0,FALSE
1600000,2185000,-76.6373384292811,41.2004734178005,0,FALSE
1650000,2185000,-76.0496207306754,41.1087574356421,0,FALSE
1700000,2185000,-75.4634494854672,41.0143517367744,0,FALSE
1750000,2185000,-74.8788604621204,40.9172673302446,0,FALSE
1800000,2185000,-74.2958924208644,40.8175149955055,0,FALSE
1850000,2185000,-73.7145828935485,40.7151053020187,0,FALSE
1900000,2185000,-73.1349664689371,40.6100518431325,0,FALSE
-2350000,2135000,-123.830233530299,39.1205681970955,0,FALSE
-2300000,2135000,-123.270391537514,39.2481008566173,0,FALSE
-2250000,2135000,-122.70859590381,39.3731052697247,0,FALSE
-2200000,2135000,-122.144877109365,39.4955768845533,0,FALSE
-2150000,2135000,-121.57926455611,39.6155017361316,0,FALSE
-2100000,2135000,-121.011789908076,39.7328658519578,0,FALSE
-2050000,2135000,-120.442483657613,39.8476584617465,0,FALSE
-2000000,2135000,-119.871375321286,39.9598667120816,0,FALSE
-1950000,2135000,-119.298501597568,40.0694814165775,0,FALSE
-1900000,2135000,-118.723894318455,40.1764891121201,0,FALSE
-1850000,2135000,-118.14758888067,40.2808767876732,0,FALSE
-1800000,2135000,-117.569618916779,40.3826336188766,0,FALSE
-1750000,2135000,-116.990020917524,40.4817478184071,0,FALSE
-1700000,2135000,-116.408831003295,40.578208103469,0,FALSE
-1650000,2135000,-115.826086529838,40.67200354049,1,FALSE
-1600000,2135000,-115.241825018029,40.7631245705605,0,FALSE
-1550000,2135000,-114.656084415665,40.8515597028577,0,FALSE
-1500000,2135000,-114.068908225238,40.9372979213279,0,FALSE
-1400000,2135000,-112.890389902494,41.1006426615481,0,FALSE
-1350000,2135000,-112.29913232838,41.1782303243797,0,FALSE
-1300000,2135000,-111.70659825914,41.2530824601715,43,TRUE
-1250000,2135000,-111.112828967095,41.3251903546144,6,TRUE
-1200000,2135000,-110.517866714772,41.394543713023,1,TRUE
-1150000,2135000,-109.921756153489,41.4611343751848,0,FALSE
-1100000,2135000,-109.324539228095,41.5249547030918,1,FALSE
-1050000,2135000,-108.726262102664,41.5859977329736,0,FALSE
-1000000,2135000,-108.126968334503,41.6442547946475,0,FALSE
-950000,2135000,-107.526702862469,41.6997167583921,0,FALSE
-900000,2135000,-106.925511507754,41.7523790437693,0,FALSE
-850000,2135000,-106.323440479132,41.8022336797733,1,FALSE
-800000,2135000,-105.720536292875,41.8492753552481,0,FALSE
-750000,2135000,-105.11684603813,41.8934968967008,0,FALSE
-700000,2135000,-104.512415728092,41.9348924630259,0,FALSE
-650000,2135000,-103.907293372288,41.9734549511528,0,FALSE
-600000,2135000,-103.301531305108,42.0091805645535,0,FALSE
-550000,2135000,-102.695173181181,42.0420678360319,0,FALSE
-500000,2135000,-102.088267072771,42.0721099060995,0,FALSE
-450000,2135000,-101.480863364692,42.099302705154,0,FALSE
-400000,2135000,-100.873011482113,42.1236424423642,0,FALSE
-350000,2135000,-100.264760283828,42.1451263884691,0,FALSE
-300000,2135000,-99.6561583123574,42.1637516158194,0,FALSE
-250000,2135000,-99.0472579890429,42.1795163496433,0,FALSE
-200000,2135000,-98.4381078735362,42.1924172425376,0,FALSE
-150000,2135000,-97.8287561638481,42.2024530077076,0,FALSE
-100000,2135000,-97.2192555076909,42.2096219336609,0,FALSE
-50000,2135000,-96.6096528810494,42.2139251434417,0,FALSE
0,2135000,-96.0000002763985,42.2153598930781,0,FALSE
50000,2135000,-95.3903466327675,42.213926215422,0,FALSE
100000,2135000,-94.7807438722781,42.2096250233554,0,FALSE
150000,2135000,-94.171242605002,42.2024574372508,0,FALSE
200000,2135000,-93.5618900060397,42.1924198052216,0,FALSE
250000,2135000,-92.9527412060119,42.1795174639118,0,FALSE
300000,2135000,-92.3438390913047,42.163753230809,0,FALSE
350000,2135000,-91.7352361488055,42.1451271141327,0,FALSE
400000,2135000,-91.1269815280062,42.1236326398356,0,FALSE
450000,2135000,-90.5191350276188,42.0993005011544,0,FALSE
500000,2135000,-89.9117315375256,42.0721077676114,0,FALSE
550000,2135000,-89.3048258140806,42.0420669560049,0,FALSE
600000,2135000,-88.6984662631794,42.009179559125,0,FALSE
650000,2135000,-88.0927013306653,41.9734507245703,0,FALSE
700000,2135000,-87.4875816836113,41.9348858584509,0,FALSE
750000,2135000,-86.8831541473602,41.8934910083703,0,FALSE
800000,2135000,-86.2794630908236,41.849270826513,0,FALSE
850000,2135000,-85.6765591416879,41.8022302772169,0,FALSE
900000,2135000,-85.0744872426851,41.752375640806,0,FALSE
950000,2135000,-84.4732955827634,41.6997127497671,0,FALSE
1000000,2135000,-83.8730303749317,41.6442485731641,0,FALSE
1050000,2135000,-83.273734123734,41.585994584106,0,FALSE
1100000,2135000,-82.675459788029,41.5249532935439,0,FALSE
1150000,2135000,-82.0782445470137,41.4611294598724,0,FALSE
1200000,2135000,-81.4821354246067,41.3945374921267,0,FALSE
1250000,2135000,-80.8871743446647,41.3251850236009,0,FALSE
1300000,2135000,-80.2934039017085,41.253078169042,0,FALSE
1350000,2135000,-79.7008696187384,41.1782263659185,0,FALSE
1400000,2135000,-79.1096123973017,41.1006393205037,0,FALSE
1450000,2135000,-78.5196738479368,41.0203252873071,0,FALSE
1500000,2135000,-77.9310948390466,40.9372949487497,0,FALSE
1550000,2135000,-77.3439164328388,40.8515585906348,0,FALSE
1600000,2135000,-76.7581770397292,40.7631249205226,0,FALSE
1650000,2135000,-76.1739139061867,40.672005321987,0,FALSE
1700000,2135000,-75.5911694571375,40.5782091623732,0,FALSE
1750000,2135000,-75.009979667572,40.4817489481822,0,FALSE
1800000,2135000,-74.4303823905334,40.3826345666706,0,FALSE
1850000,2135000,-73.8524138757403,40.2808784858244,0,FALSE
-2350000,2085000,-123.662716044885,38.6933460818684,0,FALSE
-2300000,2085000,-123.105861857,38.8201265380956,0,FALSE
-2250000,2085000,-122.547090622224,38.9443874232071,0,FALSE
-2200000,2085000,-121.98642892689,39.0661252941535,0,FALSE
-2150000,2085000,-121.423906727278,39.1853274774138,0,FALSE
-2100000,2085000,-120.859554085473,39.3019805247116,0,FALSE
-2050000,2085000,-120.293400057119,39.416072726905,0,FALSE
-2000000,2085000,-119.725476401272,39.5275919034267,0,FALSE
-1950000,2085000,-119.155816842049,39.6365292936913,0,FALSE
-1900000,2085000,-118.584452453438,39.7428709081932,0,FALSE
-1850000,2085000,-118.011423477187,39.8466086690779,0,FALSE
-1800000,2085000,-117.436758152505,39.9477279641505,0,FALSE
-1750000,2085000,-116.860494128002,40.0462177620808,0,FALSE
-1700000,2085000,-116.282664733609,40.1420675505964,0,FALSE
-1650000,2085000,-115.703309541626,40.2352662150786,0,FALSE
-1600000,2085000,-115.122464706847,40.3258043380714,0,FALSE
-1550000,2085000,-114.540167624078,40.4136709013707,0,FALSE
-1500000,2085000,-113.956458762416,40.4988557847195,0,FALSE
-1450000,2085000,-113.371375494214,40.5813489038244,0,FALSE
-1400000,2085000,-112.784956302402,40.6611404971984,0,FALSE
-1350000,2085000,-112.197242137904,40.7382216136144,0,FALSE
-1300000,2085000,-111.60827506494,40.8125836018646,540,TRUE
-1250000,2085000,-111.018094906379,40.8842168298241,70,TRUE
-1200000,2085000,-110.426744985701,40.9531131945692,24,TRUE
-1150000,2085000,-109.834266981855,41.0192645938366,9,FALSE
-1100000,2085000,-109.240703093556,41.0826603302673,0,FALSE
-1050000,2085000,-108.646096957963,41.1432937368645,0,FALSE
-1000000,2085000,-108.05049536343,41.2011600327219,0,FALSE
-950000,2085000,-107.453939460414,41.2562508480672,0,FALSE
-900000,2085000,-106.856474378115,41.3085582936967,3,FALSE
-850000,2085000,-106.258145661708,41.3580770848031,151,FALSE
-800000,2085000,-105.658999922076,41.404801409304,39,FALSE
-750000,2085000,-105.059084019658,41.4487232013348,18,FALSE
-700000,2085000,-104.458441677202,41.4898367731618,0,FALSE
-650000,2085000,-103.857121159615,41.5281376885191,11,FALSE
-600000,2085000,-103.255169764254,41.5636213009578,0,FALSE
-550000,2085000,-102.6526345777,41.5962826853183,0,FALSE
-500000,2085000,-102.049562970611,41.6261187821863,0,FALSE
-450000,2085000,-101.446003077906,41.653125294856,0,FALSE
-350000,2085000,-100.237611375302,41.6986342555173,0,FALSE
-300000,2085000,-99.6328767320348,41.7171319157603,0,FALSE
-250000,2085000,-99.0278474336738,41.7327885078298,0,FALSE
-200000,2085000,-98.4225729507064,41.7456007528254,0,FALSE
-150000,2085000,-97.8171017808337,41.755567119667,0,FALSE
-100000,2085000,-97.2114832979608,41.7626868766637,0,FALSE
-50000,2085000,-96.6057666084595,41.7669599721443,0,FALSE
0,2085000,-95.9999997908394,41.7683847545171,0,FALSE
50000,2085000,-95.3942322204956,41.7669608752067,0,FALSE
100000,2085000,-94.7885145721856,41.76268987589,0,FALSE
150000,2085000,-94.1828950941236,41.7555703595678,0,FALSE
200000,2085000,-93.5774241597198,41.7456014872017,0,FALSE
250000,2085000,-92.972157468499,41.7327933325977,0,FALSE
300000,2085000,-92.3671196805572,41.717131735191,0,FALSE
350000,2085000,-91.762384654135,41.698635807596,0,FALSE
400000,2085000,-91.1579926387,41.6772992006161,0,FALSE
450000,2085000,-90.5539927797859,41.653124463658,0,FALSE
500000,2085000,-89.9504342773497,41.6261171428944,0,FALSE
550000,2085000,-89.3473630429014,41.5962805633915,0,FALSE
600000,2085000,-88.7448271808693,41.5636180166506,0,FALSE
650000,2085000,-88.1428750788689,41.528134059689,0,FALSE
700000,2085000,-87.5415544832262,41.4898318814503,0,FALSE
750000,2085000,-86.9409155461556,41.4487173717973,0,FALSE
800000,2085000,-86.340998439139,41.404795956968,0,FALSE
850000,2085000,-85.7418522967221,41.3580737639751,0,FALSE
900000,2085000,-85.14352363836,41.3085559026143,0,FALSE
950000,2085000,-84.546058542417,41.256247701223,0,FALSE
1000000,2085000,-83.9495042780897,41.2011550680201,0,FALSE
1050000,2085000,-83.3539009294497,41.1432891080465,0,FALSE
1100000,2085000,-82.7592950910338,41.0826540670097,0,FALSE
1150000,2085000,-82.1657342404062,41.0192573618665,0,FALSE
1200000,2085000,-81.5732570930706,40.9531066939875,0,FALSE
1250000,2085000,-80.9819061631311,40.8842115594602,0,FALSE
1300000,2085000,-80.391726008641,40.8125789500913,0,FALSE
1350000,2085000,-79.8027586521673,40.7382177076904,0,FALSE
1400000,2085000,-79.2150445838516,40.6611366047548,0,FALSE
1450000,2085000,-78.6286248387913,40.5813446196981,0,FALSE
1500000,2085000,-78.0435406055485,40.4988522593314,0,FALSE
1550000,2085000,-77.4598319636216,40.4136696122462,0,FALSE
1600000,2085000,-76.8775365242361,40.3258043934526,0,FALSE
1650000,2085000,-76.2966906851591,40.2352681117132,0,FALSE
1700000,2085000,-75.7173353441607,40.1420678180444,0,FALSE
1750000,2085000,-75.1395072682444,40.0462191737689,0,FALSE
1800000,2085000,-74.5632453661536,39.9477300534554,0,FALSE
1850000,2085000,-73.9885799213721,39.8466116751779,0,FALSE
-2300000,2035000,-122.94325189644,38.3919570548252,0,FALSE
-2250000,2035000,-122.38747635901,38.5154884180015,0,FALSE
-2200000,2035000,-121.829840005016,38.6365069298483,0,FALSE
-2150000,2035000,-121.270378235928,38.7550002992508,0,FALSE
-2100000,2035000,-120.709118129371,38.8709595773421,0,FALSE
-2050000,2035000,-120.14608771844,38.9843672792189,0,FALSE
-2000000,2035000,-119.581318903364,39.095212230593,0,FALSE
-1950000,2035000,-119.014834008131,39.2034818777557,0,FALSE
-1900000,2035000,-118.446680870765,39.3091774192862,0,FALSE
-1850000,2035000,-117.876892668994,39.4122759412012,0,FALSE
-1800000,2035000,-117.305496879997,39.5127702936428,0,FALSE
-1750000,2035000,-116.732528877832,39.6106501280782,0,FALSE
-1700000,2035000,-116.158024859605,39.7059025999548,0,FALSE
-1650000,2035000,-115.582022153928,39.7985169777203,0,FALSE
-1600000,2035000,-115.004556069694,39.8884849173292,0,FALSE
-1550000,2035000,-114.425663855597,39.9757957629731,0,FALSE
-1500000,2035000,-113.845385913076,40.060439981256,0,FALSE
-1450000,2035000,-113.263758489781,40.1424067889652,0,FALSE
-1400000,2035000,-112.68081790351,40.2216872720648,0,FALSE
-1350000,2035000,-112.096605471908,40.2982735601588,0,FALSE
-1300000,2035000,-111.511164150686,40.3721557172223,183,TRUE
-1250000,2035000,-110.924532316737,40.4433255564854,20,TRUE
-1200000,2035000,-110.336751067485,40.5117747644432,4,TRUE
-1150000,2035000,-109.747862572294,40.5774945048426,4,FALSE
-1100000,2035000,-109.157908368446,40.6404753061641,3,FALSE
-1050000,2035000,-108.566929640695,40.7007091967044,0,FALSE
-1000000,2035000,-107.974975268839,40.7581943412157,0,FALSE
-950000,2035000,-107.382084389228,40.8129212642875,2,FALSE
-900000,2035000,-106.78830021479,40.8648831041466,16,FALSE
-850000,2035000,-106.193670449777,40.9140735584832,50,FALSE
-800000,2035000,-105.598236458589,40.9604866520144,71,FALSE
-750000,2035000,-105.002047579579,41.0041170728256,16,FALSE
-700000,2035000,-104.405146599934,41.0449547035276,0,FALSE
-650000,2035000,-103.807579397748,41.0829987619307,0,FALSE
-600000,2035000,-103.209392411887,41.1182463056592,0,FALSE
-550000,2035000,-102.610633651444,41.1506882932047,0,FALSE
-500000,2035000,-102.011348023101,41.1803234873886,0,FALSE
-450000,2035000,-101.411582750506,41.2071476172712,0,FALSE
-400000,2035000,-100.81138623592,41.2311576868689,0,FALSE
-350000,2035000,-100.210805687387,41.252349920389,0,FALSE
-300000,2035000,-99.6098888311491,41.2707223446415,0,FALSE
-250000,2035000,-99.0086830026036,41.2862723948464,0,FALSE
-200000,2035000,-98.4072356825609,41.2989979261061,0,FALSE
-150000,2035000,-97.8055952166783,41.3088967954282,0,FALSE
-100000,2035000,-97.2038112261438,41.3159683508555,0,FALSE
-50000,2035000,-96.6019290730334,41.3202117614132,0,FALSE
0,2035000,-95.9999999747707,41.3216269314511,0,FALSE
50000,2035000,-95.3980673281778,41.320212930471,0,FALSE
100000,2035000,-94.7961830042359,41.3159718484025,0,FALSE
150000,2035000,-94.1943970499945,41.3089001537902,0,FALSE
200000,2035000,-93.5927604945662,41.2989986790713,0,FALSE
250000,2035000,-92.9913150535049,41.2862711761343,0,FALSE
300000,2035000,-92.390106413103,41.2707224057563,0,FALSE
350000,2035000,-91.7891888348602,41.2523502388232,0,FALSE
400000,2035000,-91.1886105700678,41.2311592787777,0,FALSE
450000,2035000,-90.5884131623489,41.2071467838548,0,FALSE
500000,2035000,-89.9886492283756,41.1803213705957,0,FALSE
550000,2035000,-89.3893645061458,41.150685262807,0,FALSE
600000,2035000,-88.7906050326168,41.1182414427469,0,FALSE
650000,2035000,-88.1924181904551,41.0829958643342,0,FALSE
700000,2035000,-87.5948520401994,41.0449507445195,0,FALSE
750000,2035000,-86.9979504863633,41.0041110249919,0,FALSE
800000,2035000,-86.401760776087,40.9604816513121,0,FALSE
850000,2035000,-85.8063276654119,40.9140709863585,0,FALSE
900000,2035000,-85.2116965569178,40.8648817268227,0,FALSE
950000,2035000,-84.6179140678798,40.8129195953773,0,FALSE
1000000,2035000,-84.0250223949193,40.7581907565993,0,FALSE
1050000,2035000,-83.4330677059646,40.7007060692143,0,FALSE
1100000,2035000,-82.8420915683014,40.6404688063032,0,FALSE
1150000,2035000,-82.2521397333044,40.5774868498973,0,FALSE
1200000,2035000,-81.6632500990401,40.5117672816464,0,FALSE
1250000,2035000,-81.0754685861499,40.4433195237712,0,FALSE
1300000,2035000,-80.4888361863317,40.3721509236894,0,FALSE
1350000,2035000,-79.9033938308382,40.298269924662,0,FALSE
1400000,2035000,-79.3191855492902,40.2216850728918,0,FALSE
1450000,2035000,-78.7362452381326,40.1424044201111,0,FALSE
1500000,2035000,-78.1546154621405,40.0604375294154,0,FALSE
1550000,2035000,-77.5743355351567,39.9757942727885,0,FALSE
1600000,2035000,-76.9954440987028,39.8884842273644,0,FALSE
1650000,2035000,-76.4179780539914,39.7985178598822,0,FALSE
1700000,2035000,-75.8419740897964,39.7059038021301,0,FALSE
1750000,2035000,-75.2674722483198,39.6106525090247,0,FALSE
1800000,2035000,-74.694507045032,39.512774373955,0,FALSE
1850000,2035000,-74.1231127255737,39.412281018079,0,FALSE
-2300000,1985000,-122.782532224607,37.9635699994887,0,FALSE
-2250000,1985000,-122.229721557943,38.0863862663611,0,FALSE
-2200000,1985000,-121.675084022103,38.2066995349746,0,FALSE
-2150000,1985000,-121.118648880469,38.3245013196838,0,FALSE
-2100000,1985000,-120.560445218711,38.4397786370028,0,FALSE
-2050000,1985000,-120.000501586312,38.5525178539998,0,FALSE
-2000000,1985000,-119.438851221188,38.6627056874447,0,FALSE
-1950000,1985000,-118.875523282093,38.770325994218,0,FALSE
-1900000,1985000,-118.310548138233,38.8753808700388,0,FALSE
-1850000,1985000,-117.743964029369,38.9778531757349,0,FALSE
-1800000,1985000,-117.175803429074,39.0777384415265,0,FALSE
-1750000,1985000,-116.60609833559,39.1750197610824,0,FALSE
-1700000,1985000,-116.03488432774,39.2696875250826,0,FALSE
-1650000,1985000,-115.462198103918,39.3617314218723,0,FALSE
-1600000,1985000,-114.888074290888,39.4511414371526,0,FALSE
-1550000,1985000,-114.312548781304,39.5379088503115,0,FALSE
-1500000,1985000,-113.735661731644,39.6220230142384,0,FALSE
-1450000,1985000,-113.157450547494,39.7034758584504,0,FALSE
-1400000,1985000,-112.577950698666,39.7822574734597,0,FALSE
-1350000,1985000,-111.997200935055,39.8583600354677,1,FALSE
-1300000,1985000,-111.415243384041,39.9317719896599,5,FALSE
-1250000,1985000,-110.832117503902,40.0024878241874,0,FALSE
-1200000,1985000,-110.247863439335,40.0704996825133,1,FALSE
-1150000,1985000,-109.662522571738,40.1357977822807,0,FALSE
-1100000,1985000,-109.076136542689,40.1983725726375,0,FALSE
-1050000,1985000,-108.488743400164,40.2582176112428,0,FALSE
-1000000,1985000,-107.900391442214,40.315330998135,0,FALSE
-950000,1985000,-107.311121341113,40.3697016072877,0,FALSE
-900000,1985000,-106.720974122848,40.4213250032604,90,FALSE
-850000,1985000,-106.129996789063,40.4701946699446,360,FALSE
-800000,1985000,-105.538229266375,40.5163044104533,751,FALSE
-750000,1985000,-104.945723200783,40.5596469372605,5,FALSE
-700000,1985000,-104.352516050117,40.6002176720346,0,FALSE
-650000,1985000,-103.758655954783,40.6380116334836,0,FALSE
-600000,1985000,-103.164188731741,40.6730251022718,0,FALSE
-550000,1985000,-102.569158843597,40.7052531640152,0,FALSE
-500000,1985000,-101.973612546179,40.7346922099892,0,FALSE
-400000,1985000,-100.781153866078,40.785189007096,0,FALSE
-350000,1985000,-100.184337162395,40.8062406295202,0,FALSE
-300000,1985000,-99.5871898396094,40.824490841399,0,FALSE
-250000,1985000,-98.98975910119,40.8399371815082,0,FALSE
-200000,1985000,-98.392091212711,40.8525779710646,0,FALSE
-150000,1985000,-97.7942341531286,40.8624109429076,0,FALSE
-100000,1985000,-97.1962352036402,40.8694353803302,0,FALSE
-50000,1985000,-96.5981409377595,40.8736502579269,0,FALSE
0,1985000,-96.0000007312002,40.8750559472895,0,FALSE
50000,1985000,-95.4018587266732,40.8736486598982,0,FALSE
100000,1985000,-94.8037670038875,40.8694378916125,0,FALSE
150000,1985000,-94.205760849872,40.8624132133923,0,FALSE
200000,1985000,-93.6079056567951,40.852580205255,0,FALSE
250000,1985000,-93.0102375738423,40.8399383832308,0,FALSE
300000,1985000,-92.4128054644957,40.8244910322086,0,FALSE
350000,1985000,-91.8156578315992,40.8062395456137,0,FALSE
400000,1985000,-91.2188423544875,40.7851891898294,0,FALSE
450000,1985000,-90.6224036239038,40.7613372727015,0,FALSE
500000,1985000,-90.0263866512612,40.7346905859555,0,FALSE
550000,1985000,-89.430840642175,40.7052490885429,0,FALSE
600000,1985000,-88.8358098894117,40.6730195871523,0,FALSE
650000,1985000,-88.2413429120776,40.6380072090045,0,FALSE
700000,1985000,-87.6474819721801,40.6002125041591,0,FALSE
750000,1985000,-87.0542747064052,40.5596418329825,0,FALSE
800000,1985000,-86.4617663369542,40.516299874798,0,FALSE
850000,1985000,-85.8700011327463,40.4701921976592,0,FALSE
900000,1985000,-85.2790235002518,40.4213237761053,0,FALSE
950000,1985000,-84.6888779196553,40.3696994967957,0,FALSE
1000000,1985000,-84.0996076433718,40.3153276031953,0,FALSE
1050000,1985000,-83.5112558187529,40.2582139022616,0,FALSE
1100000,1985000,-82.9238657498303,40.1983659984748,0,FALSE
1150000,1985000,-82.3374783443942,40.1357897076137,0,FALSE
1200000,1985000,-81.7521362185143,40.0704923794543,0,FALSE
1250000,1985000,-81.1678825423918,40.0024816743691,0,FALSE
1300000,1985000,-80.5847561807606,39.9317666014856,0,FALSE
1350000,1985000,-80.0027993031531,39.8583551706361,0,FALSE
1400000,1985000,-79.4220523109026,39.7822538176007,0,FALSE
1450000,1985000,-78.8425505857689,39.7034730073902,0,FALSE
1500000,1985000,-78.2643372308713,39.6220214094694,0,FALSE
1550000,1985000,-77.6874479892754,39.5379074702579,0,FALSE
1600000,1985000,-77.1119242186726,39.45114030518,0,FALSE
1650000,1985000,-76.5378000800905,39.3617316604829,0,FALSE
1700000,1985000,-75.9651127099712,39.269690561918,0,FALSE
1750000,1985000,-75.3939000523234,39.1750223324852,0,FALSE
1800000,1985000,-74.8241961012087,39.0777451537825,0,FALSE
-2300000,1935000,-122.623668112272,37.5349449938601,0,FALSE
-2250000,1935000,-122.073796325726,37.6570603996769,0,FALSE
-2200000,1935000,-121.522126949778,37.7766864241958,0,FALSE
-2150000,1935000,-120.968688760974,37.8938067687359,0,FALSE
-2100000,1935000,-120.413514052507,38.0084190206457,0,FALSE
-2050000,1935000,-119.856625898289,38.1204972605624,0,FALSE
-2000000,1935000,-119.298062864115,38.2300359712764,0,FALSE
-1950000,1935000,-118.737856534291,38.3370258156989,0,FALSE
-1900000,1935000,-118.17602356908,38.4414595841179,0,FALSE
-1850000,1935000,-117.61261366508,38.5433235499014,0,FALSE
-1800000,1935000,-117.047654280587,38.6426082691921,0,FALSE
-1750000,1935000,-116.481177478512,38.7393040874625,0,FALSE
-1700000,1935000,-115.913218259808,38.8333992406646,0,FALSE
-1650000,1935000,-115.343811047463,38.924883922783,0,FALSE
-1600000,1935000,-114.772991115411,39.0137474851297,0,FALSE
-1550000,1935000,-114.20079703736,39.0999841294191,0,FALSE
-1500000,1935000,-113.627264368057,39.1835804019434,0,FALSE
-1450000,1935000,-113.052430148458,39.26452965841,0,FALSE
-1400000,1935000,-112.476330724702,39.3428230976595,0,FALSE
-1350000,1935000,-111.899004736166,39.4184509905598,0,FALSE
-1300000,1935000,-111.320491708783,39.4914045546608,3,FALSE
-1250000,1935000,-110.740831745608,39.561676318633,0,FALSE
-1200000,1935000,-110.160063881318,39.6292607666099,0,FALSE
-1150000,1935000,-109.578231044669,39.6941477493535,0,FALSE
-1100000,1935000,-108.995368083085,39.7563277062227,0,FALSE
-1050000,1935000,-108.411517549069,39.8157897802714,0,FALSE
-1000000,1935000,-107.8267263069,39.8725389911402,3,FALSE
-950000,1935000,-107.241029586204,39.9265610616934,10,FALSE
-900000,1935000,-106.65447886542,39.9778530065854,4,FALSE
-850000,1935000,-106.067110267552,40.0264104424822,144,FALSE
-800000,1935000,-105.478968667215,40.0722211759544,639,FALSE
-750000,1935000,-104.890096369955,40.1152852060354,1,FALSE
-700000,1935000,-104.300539380007,40.1555938770246,0,FALSE
-650000,1935000,-103.710341129347,40.1931430774148,0,FALSE
-600000,1935000,-103.11954674006,40.2279287968978,0,FALSE
-550000,1935000,-102.528200827677,40.2599473910481,0,FALSE
-500000,1935000,-101.93634656537,40.2891947872915,0,FALSE
-450000,1935000,-101.344030591347,40.3156678406871,0,FALSE
-400000,1935000,-100.751299349585,40.339361763282,0,FALSE
-350000,1935000,-100.158199148733,40.3602759608875,0,FALSE
-300000,1935000,-99.5647744941128,40.3784068032156,0,FALSE
-250000,1935000,-98.9710713803168,40.3937519908336,0,FALSE
-200000,1935000,-98.3771362611752,40.4063095740919,0,FALSE
-150000,1935000,-97.7830146988886,40.4160784913325,0,FALSE
-100000,1935000,-97.1887541570391,40.423056768127,0,FALSE
-50000,1935000,-96.5944011185876,40.4272439894598,0,FALSE
0,1935000,-96.0000012890441,40.4286400952172,0,FALSE
50000,1935000,-95.4055999273248,40.4272442528837,0,FALSE
100000,1935000,-94.8112446390131,40.4230587004956,0,FALSE
150000,1935000,-94.2169841516177,40.4160801363387,0,FALSE
200000,1935000,-93.6228633441973,40.4063116095802,0,FALSE
250000,1935000,-93.0289268574164,40.3937535471906,0,FALSE
300000,1935000,-92.4352214567961,40.3784065042673,0,FALSE
350000,1935000,-91.8417978387848,40.3602746068058,0,FALSE
400000,1935000,-91.2486989826183,40.3393601357424,0,FALSE
450000,1935000,-90.6559682846348,40.3156634238774,0,FALSE
500000,1935000,-90.0636554126588,40.289192031028,0,FALSE
550000,1935000,-89.4718014061427,40.2599434767306,0,FALSE
600000,1935000,-88.8804533481883,40.2279241276301,0,FALSE
650000,1935000,-88.2896598693043,40.193138337477,0,FALSE
700000,1935000,-87.6994593490053,40.1555878242249,0,FALSE
750000,1935000,-87.1099013142209,40.1152801727035,0,FALSE
800000,1935000,-86.5210293974959,40.0722179551778,0,FALSE
850000,1935000,-85.932886031529,40.0264099518923,0,FALSE
900000,1935000,-85.3455181131884,39.9778532345042,0,FALSE
950000,1935000,-84.7589666276372,39.9265598294091,0,FALSE
1000000,1935000,-84.173274017208,39.8725349458722,0,FALSE
1050000,1935000,-83.5884823808739,39.8157862244547,0,FALSE
1100000,1935000,-83.0046354367257,39.7563182693443,0,FALSE
1150000,1935000,-82.4217725756021,39.6941386781572,0,FALSE
1200000,1935000,-81.8399360490713,39.6292542535375,0,FALSE
1250000,1935000,-81.2591677805634,39.5616717021746,0,FALSE
1300000,1935000,-80.6795074787893,39.4914001750963,0,FALSE
1350000,1935000,-80.1009952396478,39.4184469614771,0,FALSE
1400000,1935000,-79.5236705152205,39.3428198247567,0,FALSE
1450000,1935000,-78.9475705846105,39.2645275645551,0,FALSE
1500000,1935000,-78.3727352785565,39.1835793546546,0,FALSE
1550000,1935000,-77.7992011055306,39.0999831654397,0,FALSE
1600000,1935000,-77.2270047573642,39.0137476642052,0,FALSE
1650000,1935000,-76.6561853794786,38.9248835073096,0,FALSE
1700000,1935000,-76.0867778652023,38.8333994755725,0,FALSE
1750000,1935000,-75.5188179293353,38.7393060047301,0,FALSE
1800000,1935000,-74.9523411215532,38.6426128168568,0,FALSE
-2300000,1885000,-122.466629439657,37.1060612827742,0,FALSE
-2250000,1885000,-121.919668155202,37.2274900459823,0,FALSE
-2200000,1885000,-121.370937388204,37.3464397359792,0,FALSE
-2150000,1885000,-120.820470670138,37.4628968564868,0,FALSE
-2100000,1885000,-120.268292485687,37.576855144032,0,FALSE
-2050000,1885000,-119.714434708173,37.688288396013,0,FALSE
-2000000,1885000,-119.158931349382,37.7971949049215,0,FALSE
-1950000,1885000,-118.601806188404,37.9035662208724,0,FALSE
-1900000,1885000,-118.043090400698,38.0073891290205,0,FALSE
-1850000,1885000,-117.482816824566,38.1086564763443,0,FALSE
-1800000,1885000,-116.92102285557,38.2073560585449,0,FALSE
-1750000,1885000,-116.357739115691,38.3034782611846,0,FALSE
-1700000,1885000,-115.792998987033,38.3970134321499,0,FALSE
-1650000,1885000,-115.226835364484,38.4879512626047,0,FALSE
-1600000,1885000,-114.659284977069,38.576281945738,0,FALSE
-1550000,1885000,-114.090386443671,38.661997664394,0,FALSE
-1500000,1885000,-113.520169166593,38.7450869504825,0,FALSE
-1450000,1885000,-112.948673858324,38.8255436710753,0,FALSE
-1400000,1885000,-112.375937095007,38.9033582988473,0,FALSE
-1350000,1885000,-111.801995550797,38.978522373953,0,FALSE
-1300000,1885000,-111.226888086356,39.0510271638571,0,FALSE
-1250000,1885000,-110.650654017562,39.120865666405,0,FALSE
-1200000,1885000,-110.073332118418,39.1880329377621,0,FALSE
-1150000,1885000,-109.494963023334,39.2525144303843,0,FALSE
-1100000,1885000,-108.915581537422,39.3143043552501,0,FALSE
-1050000,1885000,-108.335236655259,39.3733976164057,1,FALSE
-1000000,1885000,-107.753962467665,39.4297902249419,4,FALSE
-950000,1885000,-107.171801491968,39.4834739278268,0,FALSE
-900000,1885000,-106.588801977915,39.5344426395234,69,FALSE
-850000,1885000,-106.004996072895,39.5826917516443,343,FALSE
-800000,1885000,-105.420433632994,39.6282109702619,127,FALSE
-750000,1885000,-104.835155420848,39.6710005135731,1,FALSE
-700000,1885000,-104.249204397828,39.7110534623202,0,FALSE
-650000,1885000,-103.662623447437,39.7483635679917,0,FALSE
-550000,1885000,-102.487748483449,39.8147409518072,0,FALSE
-500000,1885000,-101.899542261258,39.8438007974613,0,FALSE
-450000,1885000,-101.310882751402,39.8701037825741,0,FALSE
-400000,1885000,-100.721815445681,39.8936458361485,0,FALSE
-350000,1885000,-100.132385225555,39.9144252183,0,FALSE
-300000,1885000,-99.5426369079792,39.9324396128638,0,FALSE
-250000,1885000,-98.9526157385532,39.9476858621757,0,FALSE
-200000,1885000,-98.3623663188764,39.9601624851619,0,FALSE
-150000,1885000,-97.771934333841,39.9698683629144,0,FALSE
-100000,1885000,-97.1813659624017,39.9768017684784,0,FALSE
-50000,1885000,-96.5907068414121,39.9809620285078,0,FALSE
0,1885000,-96.0000010297987,39.98234861623,0,FALSE
50000,1885000,-95.4092949589402,39.9809622794431,0,FALSE
100000,1885000,-94.8186356160357,39.9768027486937,0,FALSE
150000,1885000,-94.2280659865835,39.9698691402513,0,FALSE
200000,1885000,-93.6376329717451,39.9601634421683,0,FALSE
250000,1885000,-93.0473825574765,39.9476866777061,0,FALSE
300000,1885000,-92.4573599262971,39.932439589078,0,FALSE
350000,1885000,-91.8676117262951,39.9144245969723,0,FALSE
400000,1885000,-91.278183761852,39.8936446533187,0,FALSE
450000,1885000,-90.6891176132872,39.8701012502943,0,FALSE
500000,1885000,-90.1004604212585,39.8437982627399,0,FALSE
550000,1885000,-89.512255063775,39.8147370767261,0,FALSE
600000,1885000,-88.9245463810931,39.782923320216,0,FALSE
650000,1885000,-88.3373788725638,39.7483581538262,0,FALSE
700000,1885000,-87.7507969498578,39.7110483908374,0,FALSE
750000,1885000,-87.1648453492298,39.6709977205051,0,FALSE
800000,1885000,-86.5795664781131,39.6282098763392,0,FALSE
850000,1885000,-85.9949949381487,39.5826871197956,0,FALSE
900000,1885000,-85.4111973680051,39.5344410246514,0,FALSE
950000,1885000,-84.8281948838622,39.4834712357044,0,FALSE
1000000,1885000,-84.2460372535879,39.4297870835745,0,FALSE
1050000,1885000,-83.6647631026431,39.3733939172116,0,FALSE
1100000,1885000,-83.0844181873319,39.3142979494313,0,FALSE
1150000,1885000,-82.5050394046948,39.2525061194544,0,FALSE
1200000,1885000,-81.9266685926509,39.1880249982706,0,FALSE
1250000,1885000,-81.3493458694599,39.1208611494962,0,FALSE
1300000,1885000,-80.7731110080254,39.0510232861058,0,FALSE
1350000,1885000,-80.1980026474503,38.9785185439246,0,FALSE
1400000,1885000,-79.6240646723563,38.9033565164241,0,FALSE
1450000,1885000,-79.0513273349135,38.8255421927726,0,FALSE
1500000,1885000,-78.4798313641558,38.7450858745151,0,FALSE
1550000,1885000,-77.9096143373732,38.6619954431788,0,FALSE
1600000,1885000,-77.3407118594013,38.576280014479,0,FALSE
1650000,1885000,-76.7731594077919,38.4879494132949,0,FALSE
1700000,1885000,-76.2069957003547,38.3970122482274,0,FALSE
1750000,1885000,-75.6422528100138,38.3034787091279,0,FALSE
1800000,1885000,-75.0789669069861,38.2073591124008,0,FALSE
-2250000,1835000,-121.767305618949,36.7976580406147,0,FALSE
-2200000,1835000,-121.221485689894,36.9159439597686,0,FALSE
-2150000,1835000,-120.673960418997,37.0317509229458,0,FALSE
-2100000,1835000,-120.124752710441,37.1450682691747,0,FALSE
-2050000,1835000,-119.573895207319,37.2558714059741,0,FALSE
-2000000,1835000,-119.021416969512,37.3641597960097,0,FALSE
-1950000,1835000,-118.467343391705,37.4699214090511,0,FALSE
-1900000,1835000,-117.911709324647,37.5731463666341,0,FALSE
-1850000,1835000,-117.354544258175,37.6738288992829,0,FALSE
-1700000,1835000,-115.674203046748,37.9605054223636,0,FALSE
-1650000,1835000,-115.111250048077,38.0509081515254,0,FALSE
-1600000,1835000,-114.546932551688,38.1387172349133,0,FALSE
-1550000,1835000,-113.98128861424,38.2239227565533,0,FALSE
-1500000,1835000,-113.414353215971,38.3065167577552,0,FALSE
-1450000,1835000,-112.84616021659,38.3864913322248,0,FALSE
-1400000,1835000,-112.276747140961,38.4638379294876,0,FALSE
-1350000,1835000,-111.706151442071,38.5385479619481,0,FALSE
-1300000,1835000,-111.134411581319,38.610614316853,0,FALSE
-1250000,1835000,-110.561563812781,38.6800280734446,0,FALSE
-1200000,1835000,-109.987647334705,38.7467822813013,0,FALSE
-1150000,1835000,-109.412701984497,38.8108703613156,0,FALSE
-1100000,1835000,-108.836765716324,38.8722816736809,0,FALSE
-1050000,1835000,-108.259881699426,38.9310140708376,4,FALSE
-1000000,1835000,-107.682085653524,38.9870561550967,0,FALSE
-950000,1835000,-107.103415161161,39.0404087947803,103,FALSE
-900000,1835000,-106.523922369266,39.0910629083992,29,FALSE
-850000,1835000,-105.943641460323,39.139009322844,39,FALSE
-800000,1835000,-105.362615768643,39.1842460843658,23,FALSE
-750000,1835000,-104.780887722694,39.2267675507065,6,FALSE
-700000,1835000,-104.198498743916,39.2665690423356,0,FALSE
-650000,1835000,-103.615491135177,39.3036448585935,0,FALSE
-600000,1835000,-103.031908034995,39.3379920776347,0,FALSE
-550000,1835000,-102.447793936461,39.3696053429251,0,FALSE
-500000,1835000,-101.863190710098,39.3984815752796,0,FALSE
-450000,1835000,-101.278142650473,39.4246183569614,0,FALSE
-400000,1835000,-100.692694486385,39.4480117504932,0,FALSE
-350000,1835000,-100.106889682455,39.4686595084793,0,FALSE
-300000,1835000,-99.5207725290108,39.4865592560011,0,FALSE
-250000,1835000,-98.9343874027252,39.5017086488931,0,FALSE
-200000,1835000,-98.3477787578398,39.5141060335835,0,FALSE
-150000,1835000,-97.760991143216,39.5237501803114,0,FALSE
-100000,1835000,-97.1740689612026,39.5306398892069,0,FALSE
-50000,1835000,-96.5870575488136,39.5347740257903,0,FALSE
0,1835000,-96.000001078306,39.5361519092634,0,FALSE
50000,1835000,-95.412943327705,39.5347731626766,0,FALSE
100000,1835000,-94.8259337427661,39.530640574529,0,FALSE
150000,1835000,-94.2390098090156,39.5237509657567,0,FALSE
200000,1835000,-93.6522209592978,39.5141070581773,0,FALSE
250000,1835000,-93.0656111010788,39.5017096578297,0,FALSE
300000,1835000,-92.4792250972399,39.4865590917305,0,FALSE
350000,1835000,-91.893107183293,39.4686585500176,0,FALSE
400000,1835000,-91.3073047048418,39.4480111766206,0,FALSE
450000,1835000,-90.7218581288131,39.4246172726319,0,FALSE
500000,1835000,-90.1368125602362,39.3984796543055,0,FALSE
550000,1835000,-89.5522104300218,39.3696015364482,0,FALSE
600000,1835000,-88.9680927877597,39.3379912721463,0,FALSE
650000,1835000,-88.3845105092375,39.3036443782439,0,FALSE
700000,1835000,-87.8015038151459,39.266564826209,0,FALSE
750000,1835000,-87.2191140645132,39.2267642940414,0,FALSE
800000,1835000,-86.6373840183515,39.1842436375564,0,FALSE
850000,1835000,-86.0563551491707,39.1390059793004,0,FALSE
900000,1835000,-85.4760772917737,39.0910599688058,0,FALSE
950000,1835000,-84.8965809901006,39.0404073600517,0,FALSE
1000000,1835000,-84.3179144109538,38.9870549844925,0,FALSE
1050000,1835000,-83.7401184505823,38.931008599951,0,FALSE
1100000,1835000,-83.1632337787842,38.8722768100447,0,FALSE
1150000,1835000,-82.5872977436254,38.8108638305176,0,FALSE
1200000,1835000,-82.0123517324623,38.7467770165544,0,FALSE
1250000,1835000,-81.4384355595134,38.6800234354932,0,FALSE
1300000,1835000,-80.8655873788094,38.6106103131287,0,FALSE
1350000,1835000,-80.293845557462,38.5385448565634,0,FALSE
1400000,1835000,-79.7232541782089,38.4638368144742,0,FALSE
1450000,1835000,-79.1538413130148,38.3864904284665,0,FALSE
1500000,1835000,-78.5856478568713,38.3065157417074,0,FALSE
1550000,1835000,-78.0187108560715,38.2239209007511,0,FALSE
1600000,1835000,-77.4530664979517,38.1387146125206,0,FALSE
1650000,1835000,-76.8887486801186,38.0509060486506,0,FALSE
1700000,1835000,-76.3257932317844,37.9605034834342,0,FALSE
1750000,1835000,-75.7642341608296,37.8675184664266,0,FALSE
1800000,1835000,-75.2041078428094,37.7719562888343,0,FALSE
-2250000,1785000,-121.616679282374,36.3675412345058,0,FALSE
-2200000,1785000,-121.07374688984,36.485179099396,0,FALSE
-2150000,1785000,-120.529131025162,36.6003466422895,0,FALSE
-2100000,1785000,-119.982865042117,36.7130322533484,0,FALSE
-2050000,1785000,-119.434975632971,36.8232174019111,0,FALSE
-2000000,1785000,-118.885490295863,36.9309014804053,0,FALSE
-1950000,1785000,-118.33444131573,37.0360723065838,0,FALSE
-1900000,1785000,-117.781855653589,37.1387139517599,0,FALSE
-1850000,1785000,-117.22776724484,37.2388242975528,0,FALSE
-1800000,1785000,-116.672205841537,37.3363889773532,0,FALSE
-1750000,1785000,-116.11520794775,37.4314018892755,0,FALSE
-1700000,1785000,-115.556803857771,37.5238526772856,0,FALSE
-1650000,1785000,-114.997026383745,37.6137314740291,0,FALSE
-1600000,1785000,-114.435907737833,37.7010288679805,0,FALSE
-1550000,1785000,-113.873484631527,37.7857364239602,0,FALSE
-1500000,1785000,-113.309794278432,37.8678452753571,0,FALSE
-1450000,1785000,-112.744866125949,37.9473482713427,0,FALSE
-1400000,1785000,-112.178739755522,38.0242372493075,0,FALSE
-1350000,1785000,-111.611452488608,38.0985036349327,0,FALSE
-1300000,1785000,-111.043041648597,38.1701393081544,0,FALSE
-1250000,1785000,-110.47354219247,38.2391382475713,0,FALSE
-1200000,1785000,-109.902992550273,38.3054919610429,0,FALSE
-1150000,1785000,-109.33143174358,38.3691924394088,0,FALSE
-1100000,1785000,-108.758900192758,38.4302337142361,0,FALSE
-1050000,1785000,-108.185436953713,38.4886110301113,0,FALSE
-1000000,1785000,-107.611076141954,38.5443150840386,1,FALSE
-950000,1785000,-107.035857146631,38.5973396057948,4,FALSE
-900000,1785000,-106.459830378089,38.6476826784603,45,FALSE
-850000,1785000,-105.883032326581,38.6953379085553,4,FALSE
-800000,1785000,-105.305501746264,38.7402976627333,8,FALSE
-750000,1785000,-104.727283343919,38.782559066598,9,FALSE
-700000,1785000,-104.148411769414,38.822112936919,0,FALSE
-650000,1785000,-103.568933254901,38.8589592921378,0,FALSE
-600000,1785000,-102.98889222204,38.8930934761573,0,FALSE
-550000,1785000,-102.408327584158,38.9245112026893,0,FALSE
-500000,1785000,-101.827283876666,38.95320853457,0,FALSE
-450000,1785000,-101.245803062012,38.9791826024557,0,FALSE
-400000,1785000,-100.663929805368,39.0024307383647,0,FALSE
-350000,1785000,-100.081706674085,39.0229497641443,0,FALSE
-300000,1785000,-99.4991766480412,39.0407377162598,0,FALSE
-250000,1785000,-98.9163831210819,39.0557927439208,0,FALSE
-200000,1785000,-98.3333702003507,39.0681126391052,0,FALSE
-150000,1785000,-97.7501818414835,39.0776961969159,0,FALSE
-100000,1785000,-97.1668611781858,39.0845431256697,0,FALSE
-50000,1785000,-96.5834531946263,39.0886515341538,0,FALSE
0,1785000,-96.0000011060059,39.0900209845547,0,FALSE
50000,1785000,-95.4165477216834,39.0886511667388,0,FALSE
100000,1785000,-94.8331400147463,39.0845429966717,0,FALSE
150000,1785000,-94.2498195501136,39.077696981361,0,FALSE
200000,1785000,-93.6666298490637,39.0681131308587,0,FALSE
250000,1785000,-93.0836160009701,39.0557928277817,0,FALSE
300000,1785000,-92.500822134794,39.0407372304058,0,FALSE
350000,1785000,-91.9182913837145,39.022947928215,0,FALSE
400000,1785000,-91.3360689229624,39.0024292636412,0,FALSE
450000,1785000,-90.7541970744382,38.979180179512,0,FALSE
500000,1785000,-90.1727189748702,38.9532050660175,0,FALSE
550000,1785000,-89.5916750432641,38.9245064468363,0,FALSE
600000,1785000,-89.0111092138753,38.8930930160212,0,FALSE
650000,1785000,-88.4310676320179,38.8589584857049,0,FALSE
700000,1785000,-87.8515905312002,38.8221082640541,0,FALSE
750000,1785000,-87.2727199005546,38.7825527309749,0,FALSE
800000,1785000,-86.6944974148787,38.7402933958013,0,FALSE
850000,1785000,-86.1169656291897,38.6953347355348,0,FALSE
900000,1785000,-85.5401655786905,38.6476811803138,0,FALSE
950000,1785000,-84.9641370932502,38.5973385277209,0,FALSE
1000000,1785000,-84.3889236660657,38.5443111097432,0,FALSE
1050000,1785000,-83.8145643963193,38.4886063844073,0,FALSE
1100000,1785000,-83.241099182288,38.4302298770184,0,FALSE
1150000,1785000,-82.6685668146513,38.369188139854,0,FALSE
1200000,1785000,-82.0970059683973,38.3054869906862,0,FALSE
1250000,1785000,-81.5264563609662,38.2391338622559,0,FALSE
1300000,1785000,-80.956956591859,38.1701359834128,0,FALSE
1350000,1785000,-80.3885422612834,38.0985005293722,0,FALSE
1400000,1785000,-79.8212606780146,38.0242362907492,0,FALSE
1450000,1785000,-79.2551352001733,37.9473476881126,0,FALSE
1500000,1785000,-78.6902079075592,37.8678444330285,0,FALSE
1550000,1785000,-78.1265150739453,37.7857345594211,0,FALSE
1600000,1785000,-77.5640924476963,37.7010265194398,0,FALSE
1650000,1785000,-77.0029746713201,37.6137291675347,0,FALSE
1700000,1785000,-76.4431959935797,37.5238511216106,0,FALSE
1750000,1785000,-75.8847911630919,37.4314013909803,0,FALSE
-2250000,1735000,-121.467759594097,35.9371235247899,0,FALSE
-2200000,1735000,-120.92768746814,36.0541256025312,0,FALSE
-2150000,1735000,-120.385956584145,36.1686663996461,0,FALSE
-2100000,1735000,-119.842602923506,36.280733762591,0,FALSE
-2050000,1735000,-119.297652134667,36.390317887659,0,FALSE
-2000000,1735000,-118.751133410341,36.4974085954548,0,FALSE
-1950000,1735000,-118.203077754993,36.6019941734222,0,FALSE
-1900000,1735000,-117.653507979823,36.7040647990004,0,FALSE
-1850000,1735000,-117.10246240297,36.8036150209285,0,FALSE
-1800000,1735000,-116.549970196804,36.9006311346505,0,FALSE
-1750000,1735000,-115.99606360489,36.9951080552256,0,FALSE
-1700000,1735000,-115.440779071854,37.0870314707712,0,FALSE
-1650000,1735000,-114.884141652171,37.1763975049429,0,FALSE
-1600000,1735000,-114.326187153248,37.2631941539259,0,FALSE
-1550000,1735000,-113.766950510584,37.347414275375,0,FALSE
-1500000,1735000,-113.206468225498,37.4290488971246,0,FALSE
-1450000,1735000,-112.644770340966,37.5080903733626,0,FALSE
-1400000,1735000,-112.081895167284,37.5845316491369,0,FALSE
-1350000,1735000,-111.517879517654,37.6583635494936,0,FALSE
-1300000,1735000,-110.952759384482,37.7295792105154,0,FALSE
-1250000,1735000,-110.386570214106,37.7981711636885,0,FALSE
-1200000,1735000,-109.819349280259,37.8641324853642,0,FALSE
-1150000,1735000,-109.251135548244,37.9274558570235,0,FALSE
-1100000,1735000,-108.68196849097,37.9881351064589,0,FALSE
-1050000,1735000,-108.111884516559,38.0461629566719,0,FALSE
-1000000,1735000,-107.540918612131,38.1015350484587,53,FALSE
-950000,1735000,-106.969115060283,38.1542412219608,22,FALSE
-900000,1735000,-106.396513705963,38.2042814448047,6,FALSE
-850000,1735000,-105.823154687203,38.2516502419397,2,FALSE
-800000,1735000,-105.249078200769,38.296337815393,0,FALSE
-750000,1735000,-104.674323256757,38.3383430870029,0,FALSE
-700000,1735000,-104.098930560757,38.377658528265,0,FALSE
-650000,1735000,-103.522939603836,38.4142806716164,0,FALSE
-600000,1735000,-102.946397728652,38.4482059607964,0,FALSE
-550000,1735000,-102.369341334163,38.4794315332147,0,FALSE
-500000,1735000,-101.791813899286,38.5079540439909,0,FALSE
-450000,1735000,-101.21385813818,38.5337692360873,0,FALSE
-400000,1735000,-100.635516207516,38.5568746294218,0,FALSE
-350000,1735000,-100.056830327513,38.5772675871979,0,FALSE
-300000,1735000,-99.4778438221358,38.5949463465789,0,FALSE
-250000,1735000,-98.8985985425472,38.6099093556946,0,FALSE
-200000,1735000,-98.3191376622497,38.6221538797201,0,FALSE
-150000,1735000,-97.7395043026467,38.6316778924307,0,FALSE
-100000,1735000,-97.1597414790565,38.6384826888564,0,FALSE
-50000,1735000,-96.5798923962017,38.6425657759698,0,FALSE
0,1735000,-95.9999998638756,38.6439272854211,0,FALSE
50000,1735000,-95.4201070519391,38.642566016596,0,FALSE
100000,1735000,-94.8402585975881,38.6384830997318,0,FALSE
150000,1735000,-94.2604965054048,38.6316787109167,0,FALSE
200000,1735000,-93.6808628506176,38.6221536069106,0,FALSE
250000,1735000,-93.1014014532363,38.6099087053127,0,FALSE
300000,1735000,-92.5221554609082,38.5949457692849,0,FALSE
350000,1735000,-91.9431682996998,38.5772661979285,0,FALSE
400000,1735000,-91.364484315187,38.5568734527286,0,FALSE
450000,1735000,-90.7861426077573,38.5337660368925,0,FALSE
500000,1735000,-90.2081873343886,38.507949145914,0,FALSE
550000,1735000,-89.630660556633,38.4794265776807,0,FALSE
600000,1735000,-89.0536035066278,38.4482046619552,0,FALSE
650000,1735000,-88.4770600246409,38.4142777207677,0,FALSE
700000,1735000,-87.9010710254719,38.3776518210217,0,FALSE
750000,1735000,-87.3256774602334,38.3383366605081,0,FALSE
800000,1735000,-86.7509208641275,38.2963330726241,0,FALSE
850000,1735000,-86.1768417298081,38.2516457404702,0,FALSE
900000,1735000,-85.603482269296,38.2042794929868,0,FALSE
950000,1735000,-85.030880785681,38.1542390299794,0,FALSE
1000000,1735000,-84.4590793827702,38.101529855074,0,FALSE
1050000,1735000,-83.8881159614098,38.0461589118067,0,FALSE
1100000,1735000,-83.3180310223913,37.9881307740731,0,FALSE
1150000,1735000,-82.7488622912377,37.9274518549757,0,FALSE
1200000,1735000,-82.1806485594736,37.864128500826,0,FALSE
1250000,1735000,-81.6134280460972,37.7981674941136,0,FALSE
1300000,1735000,-81.0472388402185,37.7295758742897,0,FALSE
1350000,1735000,-80.4821168925326,37.6583612100497,0,FALSE
1400000,1735000,-79.9181000135288,37.5845305417176,0,FALSE
1450000,1735000,-79.3552262310328,37.508089792426,0,FALSE
1500000,1735000,-78.793530074993,37.4290473438348,0,FALSE
1550000,1735000,-78.2330461583817,37.3474120785945,0,FALSE
1600000,1735000,-77.673808314699,37.2631906353926,0,FALSE
1650000,1735000,-77.1158538457225,37.1763940598152,0,FALSE
1700000,1735000,-76.5592128356871,37.0870285012564,0,FALSE
1750000,1735000,-76.0039231132181,36.9951046736241,0,FALSE
-2250000,1685000,-121.320525502346,35.5063786403465,0,FALSE
-2200000,1685000,-120.783281173013,35.6227603797609,0,FALSE
-2150000,1685000,-120.244407036838,35.7366886647519,0,FALSE
-2100000,1685000,-119.703937318013,35.8481539305409,0,FALSE
-2050000,1685000,-119.161895241028,35.957145983131,0,FALSE
-2000000,1685000,-118.618311837791,36.0636538270157,0,FALSE
-1950000,1685000,-118.073218577352,36.1676697527911,0,FALSE
-1900000,1685000,-117.526638880894,36.269180408265,0,FALSE
-1850000,1685000,-116.978602747251,36.368181949218,0,FALSE
-1800000,1685000,-116.429149696992,36.4646617483595,0,FALSE
-1750000,1685000,-115.8783057854,36.5586127664572,0,FALSE
-1700000,1685000,-115.326103045079,36.6500192268713,0,FALSE
-1650000,1685000,-114.772573377522,36.7388836669291,0,FALSE
-1600000,1685000,-114.217748710068,36.8251903242512,0,FALSE
-1550000,1685000,-113.661664839005,36.9089334535589,0,FALSE
-1500000,1685000,-113.104354008504,36.9901044469127,0,FALSE
-1450000,1685000,-112.545852926063,37.0686939812578,0,FALSE
-1400000,1685000,-111.986193252563,37.1446966586708,0,FALSE
-1350000,1685000,-111.425412267137,37.2181041438607,0,FALSE
-1300000,1685000,-110.863546076473,37.2889077717677,0,FALSE
-1250000,1685000,-110.300629717323,37.3571019394121,0,FALSE
-1200000,1685000,-109.736699907027,37.4226797913744,0,FALSE
-1150000,1685000,-109.171795036409,37.4856330358237,0,FALSE
-1100000,1685000,-108.6059522899,37.5459571849071,0,FALSE
-1050000,1685000,-108.039208318683,37.6036427370119,2,FALSE
-1000000,1685000,-107.471599693738,37.6586900208738,65,FALSE
-950000,1685000,-106.903171237272,37.7110863934746,15,FALSE
-900000,1685000,-106.333955618741,37.7608301443974,6,FALSE
-850000,1685000,-105.763995156641,37.8079161227741,0,FALSE
-800000,1685000,-105.193332156904,37.8523404605098,0,FALSE
-750000,1685000,-104.622002598029,37.8940941282009,0,FALSE
-700000,1685000,-104.050043923644,37.9331771364309,0,FALSE
-650000,1685000,-103.477503884636,37.9695817134734,0,FALSE
-600000,1685000,-102.904416961142,38.0033018600806,0,FALSE
-550000,1685000,-102.330826023536,38.0343392739024,0,FALSE
-500000,1685000,-101.756773332708,38.0626895060686,0,FALSE
-450000,1685000,-101.182299106602,38.0883495283081,0,FALSE
-400000,1685000,-100.607445877035,38.1113163145588,0,FALSE
-350000,1685000,-100.032255136895,38.1315865135126,0,FALSE
-300000,1685000,-99.456769184908,38.149158540346,0,FALSE
-250000,1685000,-98.8810290843475,38.1640309951534,0,FALSE
-200000,1685000,-98.3050773604088,38.1762012378967,0,FALSE
-150000,1685000,-97.7289562410919,38.1856679162305,0,FALSE
-100000,1685000,-97.1527086155639,38.1924307359127,0,FALSE
-50000,1685000,-96.5763755032822,38.1964890620207,0,FALSE
0,1685000,-96.0000001544646,38.1978430777335,0,FALSE
50000,1685000,-95.4236254483668,38.1964905705243,0,FALSE
100000,1685000,-94.8472926020817,38.1924316534925,0,FALSE
150000,1685000,-94.2710443114133,38.1856681784001,0,FALSE
200000,1685000,-93.6949231298389,38.1762007547521,0,FALSE
250000,1685000,-93.1189711550852,38.1640300264058,0,FALSE
300000,1685000,-92.5432308905442,38.1491573558603,0,FALSE
350000,1685000,-91.967745144101,38.1315842506308,0,FALSE
400000,1685000,-91.3925548547143,38.1113157720987,0,FALSE
450000,1685000,-90.8177019617699,38.0883479842282,0,FALSE
500000,1685000,-90.2432289011057,38.0626871737045,0,FALSE
550000,1685000,-89.6691764593537,38.0343360060202,0,FALSE
600000,1685000,-89.0955850132865,38.0032993386613,0,FALSE
650000,1685000,-88.5224979238612,37.9695752749745,0,FALSE
700000,1685000,-87.9499558078189,37.9331700199916,0,FALSE
750000,1685000,-87.3779985877382,37.8940888270925,0,FALSE
800000,1685000,-86.8066663924412,37.8523352130966,0,FALSE
850000,1685000,-86.2360003143847,37.8079133148489,0,FALSE
900000,1685000,-85.6660394050247,37.7608279327084,0,FALSE
950000,1685000,-85.0968244634374,37.7110836237749,0,FALSE
1000000,1685000,-84.5283960789027,37.658685953989,0,FALSE
1050000,1685000,-83.9607898519872,37.6036412133461,0,FALSE
1100000,1685000,-83.3940460253063,37.5459534030333,0,FALSE
1150000,1685000,-82.8282026125349,37.4856294498711,0,FALSE
1200000,1685000,-82.2632970148001,37.4226755086359,0,FALSE
1250000,1685000,-81.6993688475088,37.357098073661,0,FALSE
1300000,1685000,-81.1364538669877,37.2889046996379,0,FALSE
1350000,1685000,-80.5745865963876,37.2181012820425,0,FALSE
1400000,1685000,-80.0138039802622,37.1446944693791,0,FALSE
1450000,1685000,-79.4541444350916,37.068692574917,0,FALSE
1500000,1685000,-78.8956424587054,36.9901023708882,0,FALSE
1550000,1685000,-78.3383322093111,36.9089318695609,0,FALSE
1600000,1685000,-77.7822472051658,36.8251882325663,0,FALSE
1650000,1685000,-77.2274226081719,36.7388805118009,0,FALSE
1700000,1685000,-76.6738912806861,36.6500168548855,0,FALSE
1750000,1685000,-76.1216866070457,36.5586067035782,0,FALSE
-2200000,1635000,-120.640501177217,35.1910631457404,0,FALSE
-2150000,1635000,-120.104458626096,35.3043936221958,0,FALSE
-2100000,1635000,-119.566842326002,35.4152692160313,0,FALSE
-2050000,1635000,-119.027681215144,35.5236790088125,0,FALSE
-2000000,1635000,-118.487005130265,35.6296197234874,0,FALSE
-1950000,1635000,-117.944842291612,35.7330752182068,0,FALSE
-1900000,1635000,-117.401221185199,35.8340375350455,0,FALSE
-1850000,1635000,-116.856169176458,35.9325007260074,0,FALSE
-1800000,1635000,-116.309720068748,36.0284548396865,0,FALSE
-1750000,1635000,-115.76190420614,36.1218904079105,0,FALSE
-1700000,1635000,-115.212757186242,36.2127975588864,0,FALSE
-1650000,1635000,-114.662300701024,36.3011703038302,0,FALSE
-1600000,1635000,-114.110571340924,36.3869960584497,0,FALSE
-1550000,1635000,-113.557605297267,36.4702715409453,0,FALSE
-1500000,1635000,-113.003434510093,36.5509872249798,0,FALSE
-1450000,1635000,-112.448092770227,36.629136076123,0,FALSE
-1400000,1635000,-111.891613210595,36.7047082118895,0,FALSE
-1350000,1635000,-111.334030628286,36.7777000326499,0,FALSE
-1300000,1635000,-110.775382919805,36.8481007177618,0,FALSE
-1250000,1635000,-110.215702681364,36.9159053160639,0,FALSE
-1200000,1635000,-109.655027214832,36.9811080371995,0,FALSE
-1150000,1635000,-109.093392504319,37.0437002390177,0,FALSE
-1100000,1635000,-108.530836570704,37.1036769434155,0,FALSE
-1050000,1635000,-107.967395857889,37.1610302815154,1,FALSE
-1000000,1635000,-107.403108557624,37.2157566129955,0,FALSE
-950000,1635000,-106.838011820175,37.2678491717506,2,FALSE
-900000,1635000,-106.272142802708,37.3173029771175,5,FALSE
-850000,1635000,-105.705542661201,37.3641132852844,0,FALSE
-800000,1635000,-105.138250983489,37.4082756096234,0,FALSE
-750000,1635000,-104.570306863815,37.4497850807654,0,FALSE
-700000,1635000,-104.00174161367,37.488640575252,0,FALSE
-650000,1635000,-103.432610861972,37.5248292831074,0,FALSE
-600000,1635000,-102.862939725215,37.5583522596561,0,FALSE
-550000,1635000,-102.292772753098,37.5892066578069,0,FALSE
-500000,1635000,-101.722152701285,37.6173887347554,0,FALSE
-450000,1635000,-101.151118862104,37.6428969345517,0,FALSE
-400000,1635000,-100.579712705733,37.6657287071082,0,FALSE
-350000,1635000,-100.007975596826,37.6858794453734,0,FALSE
-300000,1635000,-99.4359486977534,37.7033469384519,0,FALSE
-250000,1635000,-98.8636716703275,37.7181303068927,0,FALSE
-200000,1635000,-98.2911865374135,37.730228039371,0,FALSE
-150000,1635000,-97.718536220261,37.73963810765,0,FALSE
-100000,1635000,-97.1457613091772,37.7463602438425,0,FALSE
-50000,1635000,-96.5729042993836,37.7503942129141,0,FALSE
0,1635000,-96.0000050179904,37.7517403743083,0,FALSE
50000,1635000,-95.4271025670121,37.7503958020136,0,FALSE
100000,1635000,-94.8542421186353,37.7463612021167,0,FALSE
150000,1635000,-94.2814652792754,37.7396378145334,0,FALSE
200000,1635000,-93.7088137138941,37.7302267529592,0,FALSE
250000,1635000,-93.1363290458039,37.7181286237171,0,FALSE
300000,1635000,-92.5640522009421,37.7033445854129,0,FALSE
350000,1635000,-91.9920250079431,37.6858763663182,0,FALSE
400000,1635000,-91.420287893752,37.6657283644099,0,FALSE
450000,1635000,-90.84888230061,37.6428971140606,0,FALSE
500000,1635000,-90.2778492408208,37.6173884055055,0,FALSE
550000,1635000,-89.7072287118524,37.5892039154994,0,FALSE
600000,1635000,-89.1370631568903,37.5583504778486,0,FALSE
650000,1635000,-88.5673916643392,37.524824969822,0,FALSE
700000,1635000,-87.9982552693836,37.4886343762356,0,FALSE
750000,1635000,-87.4296935050877,37.4497825942367,0,FALSE
800000,1635000,-86.8617458393516,37.4082734692825,0,FALSE
850000,1635000,-86.2944527135197,37.3641117336315,0,FALSE
900000,1635000,-85.7278527056111,37.3173011257792,0,FALSE
950000,1635000,-85.1619845980091,37.2678463755672,0,FALSE
1000000,1635000,-84.5968886776617,37.2157535203765,0,FALSE
1050000,1635000,-84.0326015247392,37.1610274225196,0,FALSE
1100000,1635000,-83.4691608116711,37.1036730174524,0,FALSE
1150000,1635000,-82.9066044315399,37.0436965753034,0,FALSE
1200000,1635000,-82.3449696845314,36.9811032496171,0,FALSE
1250000,1635000,-81.784297209592,36.9159014195585,0,FALSE
1300000,1635000,-81.2246177272639,36.8480985416688,0,FALSE
1350000,1635000,-80.6659692697725,36.7776973354741,0,FALSE
1400000,1635000,-80.1083876627968,36.7047066266104,0,FALSE
1450000,1635000,-79.5519074871431,36.6291329658147,0,FALSE
1500000,1635000,-78.9965650413201,36.5509854228907,0,FALSE
1550000,1635000,-78.4423930085021,36.4702704296688,0,FALSE
1600000,1635000,-77.889427066047,36.386993986206,0,FALSE
1650000,1635000,-77.3376999996936,36.301165759172,0,FALSE
1700000,1635000,-76.7872462545024,36.21279509099,0,FALSE
1750000,1635000,-76.2380955766117,36.1218886578712,0,FALSE
1800000,1635000,-75.6902805655905,36.0284530525981,0,FALSE
-2200000,1585000,-120.499321058193,34.7590173969319,0,FALSE
-2150000,1585000,-119.966079228884,34.8717609618603,0,FALSE
-2100000,1585000,-119.431290193519,34.9820588606754,0,FALSE
-2050000,1585000,-118.894983255619,35.0899031517091,0,FALSE
-2000000,1585000,-118.357184714834,35.1952837685268,0,FALSE
-1950000,1585000,-117.81792527242,35.2981915349679,0,FALSE
-1900000,1585000,-117.277230892441,35.3986178458375,0,FALSE
-1850000,1585000,-116.735131633468,35.4965538176455,0,FALSE
-1800000,1585000,-116.191657289476,35.5919904456063,0,FALSE
-1750000,1585000,-115.646840186707,35.6849220080461,0,FALSE
-1700000,1585000,-115.100710224779,35.775336778691,0,FALSE
-1650000,1585000,-114.553296690908,35.8632288728353,0,FALSE
-1600000,1585000,-114.00463147131,35.9485867176332,0,FALSE
-1550000,1585000,-113.454750463613,36.0314051373525,0,FALSE
-1500000,1585000,-112.903685522039,36.1116762494753,0,FALSE
-1450000,1585000,-112.351468295261,36.1893914688363,0,FALSE
-1400000,1585000,-111.798134444966,36.2645431143953,0,FALSE
-1350000,1585000,-111.243717019646,36.3371271253742,0,FALSE
-1300000,1585000,-110.688250976546,36.4071342930314,0,FALSE
-1250000,1585000,-110.131770995339,36.4745581327368,0,FALSE
-1200000,1585000,-109.574313367078,36.5393930433195,0,FALSE
-1150000,1585000,-109.015911810143,36.6016330183676,0,FALSE
-1100000,1585000,-108.456605947696,36.6612692173196,0,FALSE
-1050000,1585000,-107.896430876523,36.7182962299437,1,FALSE
-1000000,1585000,-107.335425495635,36.7727100035122,0,FALSE
-950000,1585000,-106.7736235916,36.8245053238777,0,FALSE
-900000,1585000,-106.211063259007,36.8736758535516,0,FALSE
-850000,1585000,-105.647784606247,36.9202173019744,0,FALSE
-800000,1585000,-105.083826224892,36.9641247084817,0,FALSE
-750000,1585000,-104.51922523878,37.0053939083029,0,FALSE
-700000,1585000,-103.954019398967,37.0440224417933,0,FALSE
-650000,1585000,-103.388249277228,37.0800027593658,0,FALSE
-600000,1585000,-102.821954748207,37.1133325367308,0,FALSE
-550000,1585000,-102.255172393476,37.1440081133174,0,FALSE
-500000,1585000,-101.687946601011,37.1720262628155,0,FALSE
-450000,1585000,-101.12031206835,37.1973856438789,0,FALSE
-400000,1585000,-100.552311313388,37.2200834217572,0,FALSE
-350000,1585000,-99.983986910462,37.2401191579964,0,FALSE
-300000,1585000,-99.4153776726553,37.2574840737166,0,FALSE
-250000,1585000,-98.8465228757931,37.2721803259271,0,FALSE
-200000,1585000,-98.2774634210124,37.2842074407509,0,FALSE
-150000,1585000,-97.7082413859105,37.2935623467629,0,FALSE
-100000,1585000,-97.1388968683087,37.3002449073886,0,FALSE
-50000,1585000,-96.569470966042,37.3042552182227,0,FALSE
0,1585000,-96.0000057546056,37.3055920938311,0,FALSE
50000,1585000,-95.4305362684899,37.3042549138054,0,FALSE
100000,1585000,-94.8611074400515,37.3002445318064,0,FALSE
150000,1585000,-94.2917609430705,37.2935608934937,0,FALSE
200000,1585000,-93.7225380375971,37.284205307357,0,FALSE
250000,1585000,-93.1534789220867,37.2721782322732,0,FALSE
300000,1585000,-92.5846239367591,37.2574814779678,0,FALSE
350000,1585000,-92.0160138087733,37.2401150384,0,FALSE
400000,1585000,-91.4476893271576,37.2200844432963,0,FALSE
450000,1585000,-90.8796900094625,37.1973865338224,0,FALSE
500000,1585000,-90.3120564696823,37.1720263364377,0,FALSE
550000,1585000,-89.7448283982281,37.1440054924986,0,FALSE
600000,1585000,-89.1780461640314,37.1133310021403,0,FALSE
650000,1585000,-88.6117505479129,37.0800005622728,0,FALSE
700000,1585000,-88.0459804021073,37.0440196564762,0,FALSE
750000,1585000,-87.4807747090921,37.0053924632785,0,FALSE
800000,1585000,-86.9161736069405,36.9641264178975,0,FALSE
850000,1585000,-86.3522139241805,36.9202188285545,0,FALSE
900000,1585000,-85.7889350360137,36.873677053135,0,FALSE
950000,1585000,-85.2263756159418,36.8245058880963,0,FALSE
1000000,1585000,-84.6645738166316,36.7727104106137,0,FALSE
1050000,1585000,-84.1035667955928,36.7182950605941,0,FALSE
1100000,1585000,-83.5433920439093,36.661266965423,0,FALSE
1150000,1585000,-82.9840862615769,36.6016308175618,0,FALSE
1200000,1585000,-82.4256862681311,36.5393924555381,0,FALSE
1250000,1585000,-81.8682293210565,36.4745584424105,0,FALSE
1300000,1585000,-81.3117480347957,36.4071329824264,0,FALSE
1350000,1585000,-80.7562843022207,36.3371259426258,0,FALSE
1400000,1585000,-80.2018663173731,36.2645428212289,0,FALSE
1450000,1585000,-79.648531663632,36.1893894294665,0,FALSE
1500000,1585000,-79.0963147122629,36.1116740383318,0,FALSE
1550000,1585000,-78.5452488191798,36.0314040541387,0,FALSE
1600000,1585000,-77.9953665002695,35.9485832619638,0,FALSE
1650000,1585000,-77.4467033388421,35.8632239329419,0,FALSE
1700000,1585000,-76.8992896670794,35.7753329582041,0,FALSE
1750000,1585000,-76.3531586244761,35.6849180753757,0,FALSE
1800000,1585000,-75.8083422732242,35.5919897473185,0,FALSE
1850000,1585000,-75.2648687631397,35.4965485692973,0,FALSE
-2200000,1535000,-120.359711474622,34.3266040957378,0,FALSE
-2150000,1535000,-119.829247657229,34.4387714888648,0,FALSE
-2100000,1535000,-119.297259020941,34.5485046647455,0,FALSE
-2050000,1535000,-118.763777681398,34.6557933848417,0,FALSE
-2000000,1535000,-118.22882896177,34.7606273169702,0,FALSE
-1950000,1535000,-117.692441364928,34.862998485486,0,FALSE
-1900000,1535000,-117.154645493716,34.9628988925177,0,FALSE
-1850000,1535000,-116.61546804858,35.0603195345697,0,FALSE
-1800000,1535000,-116.074938759922,35.1552527189005,0,FALSE
-1750000,1535000,-115.533087596655,35.247688615524,0,FALSE
-1700000,1535000,-114.989945720177,35.3376191524306,0,FALSE
-1650000,1535000,-114.445542247272,35.425040096585,0,FALSE
-1600000,1535000,-113.899909158775,35.5099400431861,0,FALSE
-1550000,1535000,-113.353079809738,35.5923111216016,0,FALSE
-1500000,1535000,-112.805087638428,35.6721459165291,0,FALSE
-1450000,1535000,-112.255962568822,35.749437194768,0,FALSE
-1400000,1535000,-111.705738991469,35.8241783196714,0,FALSE
-1350000,1535000,-111.154451756418,35.8963642702305,0,FALSE
-1300000,1535000,-110.602132366459,35.9659855303486,0,FALSE
-1250000,1535000,-110.048817229266,36.0330367726786,0,FALSE
-1200000,1535000,-109.494541154853,36.0975117458489,0,FALSE
-1150000,1535000,-108.939339695804,36.1594040820921,0,FALSE
-1100000,1535000,-108.383245841781,36.2187086351275,0,FALSE
-1050000,1535000,-107.826300011206,36.2754177513427,0,FALSE
-1000000,1535000,-107.268536149658,36.3295261320616,0,FALSE
-950000,1535000,-106.709990918875,36.3810291508216,0,FALSE
-900000,1535000,-106.150701969511,36.4299223561118,0,FALSE
-850000,1535000,-105.59070676086,36.4761999486176,1,FALSE
-800000,1535000,-105.03004255509,36.5198589203398,0,FALSE
-750000,1535000,-104.468747081963,36.5608942654214,0,FALSE
-700000,1535000,-103.906859269975,36.5993008469651,0,FALSE
-650000,1535000,-103.344415646845,36.6350756325931,0,FALSE
-600000,1535000,-102.781454127286,36.6682158693756,0,FALSE
-550000,1535000,-102.218020584928,36.6987151539251,0,FALSE
-500000,1535000,-101.654146871443,36.7265754091162,0,FALSE
-450000,1535000,-101.089872887487,36.7517922672488,0,FALSE
-400000,1535000,-100.525237636161,36.7743585194834,0,FALSE
-350000,1535000,-99.960284557623,36.7942771631393,0,FALSE
-300000,1535000,-99.3950530582765,36.8115422601857,0,FALSE
-250000,1535000,-98.8295789280441,36.8261551247671,0,FALSE
-200000,1535000,-98.2639044573573,36.8381127926994,0,FALSE
-150000,1535000,-97.6980692725974,36.8474140827407,0,FALSE
-100000,1535000,-97.1321142868097,36.8540580950939,0,FALSE
-50000,1535000,-96.5660790327495,36.8580433687311,0,FALSE
0,1535000,-96.0000055395136,36.8593716632506,0,FALSE
50000,1535000,-95.433928700234,36.8580429563505,0,FALSE
100000,1535000,-94.8678897709143,36.8540562775172,0,FALSE
150000,1535000,-94.3019335864864,36.8474117884082,0,FALSE
200000,1535000,-93.7360987645903,36.8381105587276,0,FALSE
250000,1535000,-93.1704251854446,36.8261531335357,0,FALSE
300000,1535000,-92.6049508924504,36.8115404256947,0,FALSE
350000,1535000,-92.0397175333212,36.7942742762808,0,FALSE
400000,1535000,-91.4747645236363,36.774356714699,0,FALSE
450000,1535000,-90.9101310962446,36.7517900574896,0,FALSE
500000,1535000,-90.3458569409682,36.7265752374367,0,FALSE
550000,1535000,-89.7819821263641,36.698718845608,0,FALSE
600000,1535000,-89.2185449750875,36.6682173494384,0,FALSE
650000,1535000,-88.6555854886195,36.6350779117584,0,FALSE
700000,1535000,-88.0931427504458,36.5993026242576,0,FALSE
750000,1535000,-87.5312531505558,36.5608949118617,0,FALSE
800000,1535000,-86.9699566883087,36.5198597623391,0,FALSE
850000,1535000,-86.4092920881415,36.4762012843665,0,FALSE
900000,1535000,-85.8492966330935,36.429922199284,0,FALSE
950000,1535000,-85.2900074213484,36.3810287770516,0,FALSE
1000000,1535000,-84.7314631409637,36.3295251928501,0,FALSE
1050000,1535000,-84.1736997998781,36.2754152504823,0,FALSE
1100000,1535000,-83.6167528218304,36.2187067431644,0,FALSE
1150000,1535000,-83.0606605774572,36.1594033534605,0,FALSE
1200000,1535000,-82.5054584360916,36.0975110405877,0,FALSE
1250000,1535000,-81.9511829952983,36.0330372200622,0,FALSE
1300000,1535000,-81.3978665836015,35.9659842399407,0,FALSE
1350000,1535000,-80.8455475686098,35.8963615851627,0,FALSE
1400000,1535000,-80.2942598031607,35.8241769283958,0,FALSE
1450000,1535000,-79.7440365404023,35.7494355632394,0,FALSE
1500000,1535000,-79.1949111686915,35.6721432743519,0,FALSE
1550000,1535000,-78.6469172722698,35.5923078776292,0,FALSE
1600000,1535000,-78.1000887263762,35.5099369181378,0,FALSE
1650000,1535000,-77.55445686527,35.4250372031147,0,FALSE
1700000,1535000,-77.010051416529,35.3376145712361,0,FALSE
1750000,1535000,-76.466909447238,35.2476852281264,0,FALSE
1800000,1535000,-75.9250603728544,35.1552498004411,0,FALSE
1850000,1535000,-75.3845320392248,35.0603157200063,0,FALSE
-2200000,1485000,-120.221650971953,33.893802818768,0,FALSE
-2150000,1485000,-119.693935547313,34.0054073203159,0,FALSE
-2100000,1485000,-119.164720348013,34.1145874824983,0,FALSE
-2050000,1485000,-118.634038281697,34.2213308503812,0,FALSE
-2000000,1485000,-118.101911555934,34.3256297381982,0,FALSE
-1950000,1485000,-117.5683697919,34.4274758057376,0,FALSE
-1900000,1485000,-117.033441649794,34.5268609216823,0,FALSE
-1850000,1485000,-116.497155507081,34.62377611689,0,FALSE
-1800000,1485000,-115.959540959271,34.7182149128617,0,FALSE
-1750000,1485000,-115.420622980834,34.8101652171363,0,FALSE
-1700000,1485000,-114.880438261179,34.8996238710717,0,FALSE
-1650000,1485000,-114.339015518368,34.9865837472527,0,FALSE
-1600000,1485000,-113.796382635678,35.0710338455517,0,FALSE
-1550000,1485000,-113.252573941741,35.1529661612331,0,FALSE
-1500000,1485000,-112.707621292042,35.2323746661169,0,FALSE
-1450000,1485000,-112.161555182177,35.3092528943213,0,FALSE
-1400000,1485000,-111.614408382407,35.3835931544281,0,FALSE
-1350000,1485000,-111.066215389334,35.4553885789574,0,FALSE
-1250000,1485000,-109.966824143502,35.5913186367974,0,FALSE
-1200000,1485000,-109.415694647572,35.6554411684259,0,FALSE
-1150000,1485000,-108.863655465869,35.7169939752153,0,FALSE
-1100000,1485000,-108.310740276709,35.775971643083,0,FALSE
-1050000,1485000,-107.75698621721,35.832369146771,0,FALSE
-1000000,1485000,-107.202429149054,35.8861787956377,0,FALSE
-950000,1485000,-106.647104236565,35.9373967488001,0,FALSE
-900000,1485000,-106.091048142614,35.986018886316,0,FALSE
-850000,1485000,-105.534298033721,36.0320396324202,0,FALSE
-800000,1485000,-104.976891067639,36.0754549029749,0,FALSE
-750000,1485000,-104.41886335073,36.1162604012456,0,FALSE
-700000,1485000,-103.860253075309,36.1544521329577,0,FALSE
-650000,1485000,-103.301097361167,36.190026613463,0,FALSE
-600000,1485000,-102.741435853407,36.2229805374949,0,FALSE
-550000,1485000,-102.18130560822,36.2533090208269,0,FALSE
-500000,1485000,-101.620744916612,36.281011088848,0,FALSE
-450000,1485000,-101.059790871373,36.3060842712441,0,FALSE
-400000,1485000,-100.49848334082,36.3285240341524,0,FALSE
-350000,1485000,-99.9368623998579,36.3483287603395,0,FALSE
-300000,1485000,-99.3749660614251,36.3654975157175,0,FALSE
-250000,1485000,-98.8128340044752,36.380027863524,0,FALSE
-200000,1485000,-98.2505045769046,36.3919176870947,0,FALSE
-150000,1485000,-97.6880166670922,36.4011658891981,0,FALSE
-100000,1485000,-97.1254119069631,36.4077724120654,0,FALSE
-50000,1485000,-96.5627273875511,36.4117356951008,0,FALSE
0,1485000,-96.0000035229559,36.4130558441198,0,FALSE
50000,1485000,-95.4372808154133,36.4117334747889,0,FALSE
100000,1485000,-94.8745938710034,36.4077716930655,0,FALSE
150000,1485000,-94.3119857496778,36.4011649271267,0,FALSE
200000,1485000,-93.7494989307337,36.3919158633224,0,FALSE
250000,1485000,-93.1871705951982,36.3800259602073,0,FALSE
300000,1485000,-92.625036720253,36.3654960071479,0,FALSE
350000,1485000,-92.0631409282478,36.3483281360974,0,FALSE
400000,1485000,-91.5015200138157,36.3285233459528,0,FALSE
450000,1485000,-90.9402129404065,36.3060837538424,0,FALSE
500000,1485000,-90.3792595469785,36.2810115720766,0,FALSE
550000,1485000,-89.8186975216506,36.2533106896199,0,FALSE
600000,1485000,-89.2585662891573,36.2229808654131,0,FALSE
650000,1485000,-88.6989048341164,36.1900261616749,0,FALSE
700000,1485000,-88.1397493437217,36.1544525575695,0,FALSE
750000,1485000,-87.5811374897104,36.11626049814,0,FALSE
800000,1485000,-87.0231089243485,36.0754544545779,0,FALSE
850000,1485000,-86.465701415425,36.0320397216239,0,FALSE
900000,1485000,-85.9089516278553,35.9860175112388,0,FALSE
950000,1485000,-85.3528948944812,35.9373957703171,0,FALSE
1000000,1485000,-84.7975703324527,35.8861775346642,0,FALSE
1050000,1485000,-84.243013091292,35.8323672815938,0,FALSE
1100000,1485000,-83.6892594496592,35.7759737946458,0,FALSE
1150000,1485000,-83.1363449071774,35.7169934214441,0,FALSE
1200000,1485000,-82.5843050756251,35.6554407230065,0,FALSE
1250000,1485000,-82.0331755556442,35.5913182839654,0,FALSE
1300000,1485000,-81.4829901897866,35.5246287729476,0,FALSE
1350000,1485000,-80.933783034234,35.4553838092915,0,FALSE
1400000,1485000,-80.3855898688004,35.3835886992349,0,FALSE
1450000,1485000,-79.8384435429095,35.3092499334041,0,FALSE
1500000,1485000,-79.2923788535272,35.2323770669389,0,FALSE
1550000,1485000,-78.7474231111035,35.1529670681838,0,FALSE
1600000,1485000,-78.2036124807492,35.071034167692,0,FALSE
1650000,1485000,-77.6609802441363,34.9865828692101,0,FALSE
1700000,1485000,-77.1195564638156,34.8996237944585,0,FALSE
1750000,1485000,-76.5793725395406,34.8101647126565,0,FALSE
1800000,1485000,-76.0404570747271,34.718211784583,0,FALSE
-2050000,1435000,-118.505742028753,33.7864955359964,0,FALSE
-2000000,1435000,-117.976409450099,33.8902698312888,0,FALSE
-1950000,1435000,-117.445685523191,33.9916019601256,0,FALSE
-1900000,1435000,-116.913597357918,34.0904826165812,0,FALSE
-1850000,1435000,-116.38017368938,34.1869032788928,0,FALSE
-1800000,1435000,-115.845442907512,34.2808573187975,0,FALSE
-1750000,1435000,-115.309432956206,34.372336136639,0,FALSE
-1700000,1435000,-114.772170502606,34.4613320904226,0,FALSE
-1650000,1435000,-114.233696989054,34.5478403141468,0,FALSE
-1600000,1435000,-113.694033841816,34.6318486093444,0,FALSE
-1550000,1435000,-113.153212776267,34.7133519075307,0,FALSE
-1500000,1435000,-112.611267564101,34.792343162084,0,FALSE
-1450000,1435000,-112.068226945178,34.8688157181312,0,FALSE
-1400000,1435000,-111.524123228454,34.9427627987649,0,FALSE
-1350000,1435000,-110.978992007988,35.0141759654531,0,FALSE
-1300000,1435000,-110.432865008918,35.0830501763881,0,FALSE
-1250000,1435000,-109.885775898221,35.1493796909951,0,FALSE
-1200000,1435000,-109.337758142007,35.2131579669901,0,FALSE
-1150000,1435000,-108.788846376337,35.274378398346,0,FALSE
-1100000,1435000,-108.239074076688,35.3330373448718,0,FALSE
-1050000,1435000,-107.688476374469,35.3891276677341,0,FALSE
-1000000,1435000,-107.137089597355,35.4426451466085,0,FALSE
-950000,1435000,-106.584948474436,35.4935841073255,0,FALSE
-900000,1435000,-106.032089018118,35.5419411166861,0,FALSE
-850000,1435000,-105.478547094062,35.5877099149066,0,FALSE
-800000,1435000,-104.924359408657,35.6308866823159,0,FALSE
-750000,1435000,-104.369562351226,35.6714679087133,0,FALSE
-700000,1435000,-103.814192246273,35.7094492593695,0,FALSE
-650000,1435000,-103.258286350591,35.7448271099921,0,FALSE
-600000,1435000,-102.701884207174,35.777599231587,0,FALSE
-550000,1435000,-102.145020059526,35.8077604009421,0,FALSE
-500000,1435000,-101.587733140353,35.835309005874,0,FALSE
-450000,1435000,-101.030061172776,35.8602421202753,0,FALSE
-400000,1435000,-100.472042194845,35.8825573306733,0,FALSE
-350000,1435000,-99.9137142741606,35.9022516978281,0,FALSE
-300000,1435000,-99.3551154422346,35.9193251654332,0,FALSE
-250000,1435000,-98.7962860172635,35.9337747011069,0,FALSE
-200000,1435000,-98.2372622057591,35.9455975240352,0,FALSE
-150000,1435000,-97.6780827989275,35.9547949456106,0,FALSE
-100000,1435000,-97.1187886516638,35.9613642587101,0,FALSE
-50000,1435000,-96.5594167120217,35.9653052684446,0,FALSE
0,1435000,-96.0000043331894,35.966616701937,0,FALSE
50000,1435000,-95.4405930997989,35.9653027636543,0,FALSE
100000,1435000,-94.8812170925123,35.9613648495338,0,FALSE
150000,1435000,-94.3219210061119,35.9547943741364,0,FALSE
200000,1435000,-93.762741380889,35.9455958550181,0,FALSE
250000,1435000,-93.2037173248933,35.9337723516038,0,FALSE
300000,1435000,-92.6448874316559,35.9193230487163,0,FALSE
350000,1435000,-92.0862892832933,35.9022503081906,0,FALSE
400000,1435000,-91.5279612617575,35.8825557947505,0,FALSE
450000,1435000,-90.9699418854903,35.8602407245265,0,FALSE
500000,1435000,-90.4122695446643,35.8353077489323,0,FALSE
550000,1435000,-89.8549823840794,35.8077616144651,0,FALSE
600000,1435000,-89.2981182420334,35.7775994510503,0,FALSE
650000,1435000,-88.7417156076411,35.7448278931762,0,FALSE
700000,1435000,-88.1858097928598,35.7094496972282,0,FALSE
750000,1435000,-87.6304388409877,35.6714678651581,0,FALSE
800000,1435000,-87.0756409686606,35.6308863779787,0,FALSE
850000,1435000,-86.5214531003408,35.5877099108872,0,FALSE
900000,1435000,-85.9679111627807,35.5419411497116,0,FALSE
950000,1435000,-85.4150508505386,35.4935843207934,0,FALSE
1000000,1435000,-84.8629101157471,35.4426449892532,0,FALSE
1050000,1435000,-84.311523131791,35.3891274706342,0,FALSE
1100000,1435000,-83.7609255444776,35.3330366966655,0,FALSE
1150000,1435000,-83.2111532608676,35.2743780300642,0,FALSE
1200000,1435000,-82.6622412041694,35.213156811881,0,FALSE
1250000,1435000,-82.1142233849484,35.149378437559,0,FALSE
1300000,1435000,-81.5671336894524,35.0830455089462,0,FALSE
1350000,1435000,-81.0210049970387,35.0141699945639,0,FALSE
1400000,1435000,-80.4758738182589,34.9427564464307,0,FALSE
1450000,1435000,-79.9317715846687,34.8688121034172,0,FALSE
1500000,1435000,-79.3887318881921,34.7923388639016,0,FALSE
1550000,1435000,-78.8467841170817,34.7133495137566,0,FALSE
1600000,1435000,-78.3059607433674,34.6318469435622,0,FALSE
1650000,1435000,-77.7662960470092,34.5478370175567,0,FALSE
1700000,1435000,-77.2278208023556,34.4613305660683,0,FALSE
-2150000,1385000,-119.427772739378,33.1374782527346,0,FALSE
-2050000,1385000,-118.378863077995,33.3512682091478,0,FALSE
-2000000,1385000,-117.852298151916,33.4545303877315,0,FALSE
-1950000,1385000,-117.324365154702,33.5553584988056,0,FALSE
-1900000,1385000,-116.795088419421,33.6537452146128,0,FALSE
-1850000,1385000,-116.264499687735,33.7496808110027,0,FALSE
-1800000,1385000,-115.732623747392,33.8431614503861,0,FALSE
-1750000,1385000,-115.199491311272,33.9341760488637,0,FALSE
-1700000,1385000,-114.665129339488,34.0227209511091,0,FALSE
-1650000,1385000,-114.12957004123,34.1087850082303,0,FALSE
-1600000,1385000,-113.592842296365,34.192362639385,0,FALSE
-1550000,1385000,-113.054978310057,34.2734450522045,0,FALSE
-1500000,1385000,-112.516007556459,34.3520273426145,0,FALSE
-1450000,1385000,-111.975960361523,34.4281028225627,0,FALSE
-1400000,1385000,-111.434867934494,34.5016640763694,0,FALSE
-1350000,1385000,-110.89276519233,34.5727031817576,0,FALSE
-1300000,1385000,-110.349683514812,34.6412161359197,0,FALSE
-1250000,1385000,-109.805655235543,34.7071961996599,0,FALSE
-1200000,1385000,-109.260714762477,34.7706362895738,0,FALSE
-1100000,1385000,-108.168232329891,34.8898792722208,0,FALSE
-1050000,1385000,-107.620756428518,34.9456705673493,0,FALSE
-1000000,1385000,-107.072504584138,34.9989016804811,0,FALSE
-950000,1385000,-106.523510191805,35.0495675549204,0,FALSE
-900000,1385000,-105.973811499492,35.0976629639283,0,FALSE
-850000,1385000,-105.423442199382,35.1431865541514,0,FALSE
-800000,1385000,-104.87243732517,35.1861308013561,0,FALSE
-750000,1385000,-104.320833933008,35.226492361513,0,FALSE
-700000,1385000,-103.768667448459,35.2642673518134,0,FALSE
-650000,1385000,-103.215974949966,35.2994545221623,0,FALSE
-600000,1385000,-102.662790734796,35.3320489157562,0,FALSE
-550000,1385000,-102.109156179241,35.3620456382509,0,FALSE
-500000,1385000,-101.555106428601,35.3894436135557,0,FALSE
-450000,1385000,-101.000678502402,35.414240211478,0,FALSE
-400000,1385000,-100.445909027968,35.4364331267079,0,FALSE
-350000,1385000,-99.8908360256249,35.4560200592788,0,FALSE
-300000,1385000,-99.335497082208,35.4729985169356,0,FALSE
-250000,1385000,-98.7799297890549,35.4873681262919,0,FALSE
-200000,1385000,-98.2241737325735,35.4991271743311,0,FALSE
-150000,1385000,-97.6682653861037,35.5082742354019,0,FALSE
-100000,1385000,-97.1122423520973,35.514808199082,0,FALSE
-50000,1385000,-96.5561437388071,35.5187291120124,0,FALSE
0,1385000,-96.0000022057857,35.5200302223174,0,FALSE
50000,1385000,-95.443864886231,35.5187253685783,0,FALSE
100000,1385000,-94.8877663381796,35.5148076610173,0,FALSE
150000,1385000,-94.3317413814633,35.5082742791783,0,FALSE
200000,1385000,-93.7758311250654,35.4991260038987,0,FALSE
250000,1385000,-93.2200729053355,35.4873666237196,0,FALSE
300000,1385000,-92.6645063120916,35.4729962759275,0,FALSE
350000,1385000,-92.1091675799286,35.4560172420277,0,FALSE
400000,1385000,-91.5540937582833,35.4364310428865,0,FALSE
450000,1385000,-90.9993242351097,35.4142382935767,0,FALSE
500000,1385000,-90.4448948965379,35.3894414532328,0,FALSE
550000,1385000,-89.8908442897559,35.3620457069761,0,FALSE
600000,1385000,-89.3372094912917,35.3320475705286,0,FALSE
650000,1385000,-88.7840277511609,35.2994551687425,0,FALSE
700000,1385000,-88.2313340851408,35.2642696679466,0,FALSE
750000,1385000,-87.6791677920791,35.2264934383287,0,FALSE
800000,1385000,-87.1275635152368,35.1861319031922,0,FALSE
850000,1385000,-86.5765583669794,35.1431879581596,0,FALSE
900000,1385000,-86.0261881246298,35.097665583186,0,FALSE
950000,1385000,-85.4764885101142,35.049569103318,0,FALSE
1000000,1385000,-84.9274953412433,34.9989027633398,0,FALSE
1050000,1385000,-84.3792431971841,34.9456712257586,0,FALSE
1100000,1385000,-83.831767283839,34.8898793047745,0,FALSE
1150000,1385000,-83.2851023555894,34.8315324798884,0,FALSE
1200000,1385000,-82.7392829302026,34.7706358897601,0,FALSE
1250000,1385000,-82.1943426235192,34.7071946856835,0,FALSE
1300000,1385000,-81.6503138627729,34.6412115005431,0,FALSE
1350000,1385000,-81.1072319871746,34.5726967365249,0,FALSE
1400000,1385000,-80.5651294524765,34.501657176785,0,FALSE
1450000,1385000,-80.0240397030619,34.4280976822536,0,FALSE
1500000,1385000,-79.4839923493213,34.3520239138224,0,FALSE
1550000,1385000,-78.9450191183095,34.2734423576157,0,FALSE
1600000,1385000,-78.407152742662,34.1923599581087,0,FALSE
1650000,1385000,-77.8704243880754,34.1087815990797,0,FALSE
-2100000,1335000,-118.775828658759,32.810457996514,0,FALSE
-2050000,1335000,-118.253380599941,32.9156322006137,0,FALSE
-1950000,1335000,-117.204387117588,33.1187242954338,0,FALSE
-1900000,1335000,-116.677895785336,33.216626566473,0,FALSE
-1850000,1335000,-116.150112591075,33.3120883542981,0,FALSE
-1800000,1335000,-115.621061663344,33.4051033600795,0,FALSE
-1750000,1335000,-115.090776492319,33.4956649008546,0,FALSE
-1700000,1335000,-114.559283142112,33.5837673204564,0,FALSE
-1650000,1335000,-114.026609498567,33.6693984662873,0,FALSE
-1600000,1335000,-113.492788263156,33.7525536576866,0,FALSE
-1550000,1335000,-112.957850848959,33.833224100703,0,FALSE
-1500000,1335000,-112.421822171563,33.9114064257621,0,FALSE
-1450000,1335000,-111.884736330093,33.9870926593503,0,FALSE
-1400000,1335000,-111.346624248387,34.0602757187535,0,FALSE
-1350000,1335000,-110.80751785571,34.1309491554197,0,FALSE
-1300000,1335000,-110.267448756806,34.1991072412411,0,FALSE
-1250000,1335000,-109.726448905431,34.2647448190591,0,FALSE
-1200000,1335000,-109.184552390603,34.3278553675671,0,FALSE
-1150000,1335000,-108.641791875718,34.3884341465022,0,FALSE
-1100000,1335000,-108.09820055825,34.446475141075,0,FALSE
-1050000,1335000,-107.553812235856,34.5019736640885,0,FALSE
-1000000,1335000,-107.008660813991,34.5549248673452,0,FALSE
-950000,1335000,-106.462780515686,34.605323839874,0,FALSE
-900000,1335000,-105.916205166242,34.6531655662939,0,FALSE
-850000,1335000,-105.368971540773,34.6984472266568,0,FALSE
-800000,1335000,-104.821114170179,34.7411631995624,0,FALSE
-750000,1335000,-104.272668017294,34.7813099973128,0,FALSE
-700000,1335000,-103.723669405993,34.8188848525235,0,FALSE
-650000,1335000,-103.174152125955,34.8538826891437,0,FALSE
-600000,1335000,-102.624152691766,34.8863020231561,0,FALSE
-550000,1335000,-102.0737104264,34.9161371509686,0,FALSE
-500000,1335000,-101.522858984218,34.9433894576984,0,FALSE
-450000,1335000,-100.971636666903,34.968052656359,0,FALSE
-400000,1335000,-100.420079281112,34.9901265265278,0,FALSE
-350000,1335000,-99.8682229438764,35.0096070085857,0,FALSE
-300000,1335000,-99.31610522343,35.0264940995635,0,FALSE
-250000,1335000,-98.7637647987717,35.0407865600315,0,FALSE
-200000,1335000,-98.2112388711643,35.0524815306331,0,FALSE
-150000,1335000,-97.6585613784533,35.0615795275285,0,FALSE
-100000,1335000,-97.1057711512965,35.0680785074981,0,FALSE
-50000,1335000,-96.5529063606817,35.0719788723976,0,FALSE
0,1335000,-96.0000010795768,35.073277534028,0,FALSE
50000,1335000,-95.4470991105357,35.0719771661328,0,FALSE
100000,1335000,-94.8942354962693,35.0680787731582,0,FALSE
150000,1335000,-94.341445252439,35.061579804822,0,FALSE
200000,1335000,-93.7887673568577,35.0524808825893,0,FALSE
250000,1335000,-93.2362387830204,35.0407847847452,0,FALSE
300000,1335000,-92.6838982441855,35.0264916760369,0,FALSE
350000,1335000,-92.1317811439414,35.0096047624606,0,FALSE
400000,1335000,-91.5799237384939,34.9901251349075,0,FALSE
450000,1335000,-91.0283654228187,34.9680512487583,0,FALSE
500000,1335000,-90.4771417827683,34.9433873718506,0,FALSE
550000,1335000,-89.926290515894,34.916136173099,0,FALSE
600000,1335000,-89.3758481462348,34.8862997698649,0,FALSE
650000,1335000,-88.8258508134135,34.8538813159535,0,FALSE
700000,1335000,-88.2763334537777,34.8188840621696,0,FALSE
750000,1335000,-87.7273336315731,34.781310046278,0,FALSE
800000,1335000,-87.1788876033357,34.7411632883676,0,FALSE
850000,1335000,-86.6310304669292,34.6984474998139,0,FALSE
900000,1335000,-86.0837947805033,34.6531656803896,0,FALSE
950000,1335000,-85.5372205017244,34.6053248515217,0,FALSE
1000000,1335000,-84.9913394266981,34.5549259769389,0,FALSE
1050000,1335000,-84.4461872346819,34.5019748497104,0,FALSE
1100000,1335000,-83.9017979866702,34.4464739616831,0,FALSE
1150000,1335000,-83.3582065617986,34.3884321718038,0,FALSE
1200000,1335000,-82.815446103034,34.3278529368939,0,FALSE
1250000,1335000,-82.2735494262174,34.2647409634662,0,FALSE
1300000,1335000,-81.7325499661634,34.1991033425694,0,FALSE
1350000,1335000,-81.1924806133233,34.130943083472,0,FALSE
1400000,1335000,-80.6533743124824,34.0602697703887,0,FALSE
1450000,1335000,-80.1152640641881,33.9870880620301,0,FALSE
1500000,1335000,-79.5781758992338,33.9114029011545,0,FALSE
1550000,1335000,-79.0421471860311,33.8332211600364,0,FALSE
1600000,1335000,-78.5072064960227,33.7525491020311,0,FALSE
-1950000,1285000,-117.085730169618,32.6816807041755,0,FALSE
-1900000,1285000,-116.56199615377,32.7791084259241,0,FALSE
-1850000,1285000,-116.036989802464,32.8741060975922,0,FALSE
-1800000,1285000,-115.51073482617,32.9666663170515,0,FALSE
-1750000,1285000,-114.983268593925,33.0567824511373,0,FALSE
-1700000,1285000,-114.454614167313,33.1444506231974,0,FALSE
-1650000,1285000,-113.924800014156,33.2296586309986,0,FALSE
-1550000,1285000,-112.861810372469,33.3926690425664,0,FALSE
-1500000,1285000,-112.328695120545,33.4704586287609,0,FALSE
-1450000,1285000,-111.794540206084,33.5457635401588,0,FALSE
-1400000,1285000,-111.259376409527,33.6185758235214,0,FALSE
-1350000,1285000,-110.723233771606,33.6888917551517,0,FALSE
-1300000,1285000,-110.186144622864,33.756703373537,0,FALSE
-1250000,1285000,-109.648140985157,33.8220058432921,0,FALSE
-1200000,1285000,-109.109255123049,33.8847936372035,0,FALSE
-1150000,1285000,-108.569520149676,33.9450614330219,0,FALSE
-1100000,1285000,-108.02896696265,34.0028034560688,0,FALSE
-1050000,1285000,-107.487631300169,34.0580158535381,0,FALSE
-1000000,1285000,-106.945545484858,34.1106920221309,0,FALSE
-950000,1285000,-106.402742545833,34.1608292806177,0,FALSE
-900000,1285000,-105.859257535406,34.2084224034453,0,FALSE
-850000,1285000,-105.315124809317,34.2534677064663,0,FALSE
-800000,1285000,-104.77037914461,34.2959603967738,0,FALSE
-750000,1285000,-104.225054354293,34.3358967485288,0,FALSE
-700000,1285000,-103.679186998348,34.3732736266162,0,FALSE
-650000,1285000,-103.132809780773,34.4080874333742,0,FALSE
-600000,1285000,-102.585959415477,34.4403361727755,0,FALSE
-550000,1285000,-102.038671717734,34.4700156193348,0,FALSE
-500000,1285000,-101.490983281778,34.4971232227703,0,FALSE
-450000,1285000,-100.942930332067,34.5216556687899,0,FALSE
-400000,1285000,-100.394548195611,34.5436118676922,0,FALSE
-350000,1285000,-99.8458724143889,34.5629897001792,0,FALSE
-300000,1285000,-99.2969398205644,34.5797872170757,0,FALSE
-250000,1285000,-98.747788816785,34.5940038243214,0,FALSE
-200000,1285000,-98.1984527029459,34.6056376103397,0,FALSE
-150000,1285000,-97.6489688922019,34.6146868865901,0,FALSE
-100000,1285000,-97.0993744874501,34.6211509683161,0,FALSE
-50000,1285000,-96.5497067125684,34.6250303235462,0,FALSE
0,1285000,-96.0000017495528,34.6263230034967,0,FALSE
50000,1285000,-95.4502980533909,34.6250302562414,0,FALSE
100000,1285000,-94.9006315889058,34.6211518207181,0,FALSE
150000,1285000,-94.3510370459451,34.6146866822427,0,FALSE
200000,1285000,-93.8015535770568,34.6056364757268,0,FALSE
250000,1285000,-93.2522172947385,34.5940024605588,0,FALSE
300000,1285000,-92.7030648388457,34.5797861661422,0,FALSE
350000,1285000,-92.1541322243611,34.5629888422478,0,FALSE
400000,1285000,-91.6054552176338,34.5436114347149,0,FALSE
450000,1285000,-91.0570717313057,34.5216544949502,0,FALSE
500000,1285000,-90.5090168559756,34.4971216152765,0,FALSE
550000,1285000,-89.961329044512,34.470013663999,0,FALSE
600000,1285000,-89.4140422866036,34.440334623904,0,FALSE
650000,1285000,-88.8671927306447,34.408086621259,0,FALSE
700000,1285000,-88.3208158817868,34.373274004553,0,FALSE
750000,1285000,-87.7749469436546,34.3358961532397,0,FALSE
800000,1285000,-87.229622234188,34.2959597476733,0,FALSE
850000,1285000,-86.6848755920825,34.253466745234,0,FALSE
900000,1285000,-86.1407406102256,34.2084215222392,0,FALSE
950000,1285000,-85.5972564368723,34.160829427557,0,FALSE
1000000,1285000,-85.0544547059197,34.1106932016777,0,FALSE
1050000,1285000,-84.5123681056928,34.0580162572544,0,FALSE
1100000,1285000,-83.9710321979741,34.0028021968996,0,FALSE
1150000,1285000,-83.4304798496802,33.9450592045648,0,FALSE
1200000,1285000,-82.8907442073884,33.8847914024763,0,FALSE
1250000,1285000,-82.3518589310657,33.8220027837834,0,FALSE
1300000,1285000,-81.8138556068591,33.7566998513055,0,FALSE
1350000,1285000,-81.2767663340565,33.6888867197068,0,FALSE
1400000,1285000,-80.7406234495254,33.618571079512,0,FALSE
1450000,1285000,-80.2054586470052,33.5457585457046,0,FALSE
1500000,1285000,-79.6713024496764,33.4704542643428,0,FALSE
1550000,1285000,-79.1381867148651,33.3926639882567,0,FALSE
-1850000,1235000,-115.92511013045,32.4357137266682,0,FALSE
-1800000,1235000,-115.401628518611,32.5278291179919,0,FALSE
-1750000,1235000,-114.87695070361,32.6175089002403,0,FALSE
-1700000,1235000,-114.351105127697,32.7047511977919,0,FALSE
-1650000,1235000,-113.824119281969,32.7895451916339,0,FALSE
-1600000,1235000,-113.296015789912,32.871884197012,0,FALSE
-1550000,1235000,-112.76684185911,32.9517563785084,0,FALSE
-1500000,1235000,-112.236609813541,33.0291624003842,0,FALSE
-1450000,1235000,-111.705353577708,33.1040937149557,0,FALSE
-1400000,1235000,-111.173105715643,33.1765445671325,0,FALSE
-1350000,1235000,-110.639896118137,33.2465093280629,0,FALSE
-1300000,1235000,-110.105755228715,33.3139818185119,0,FALSE
-1250000,1235000,-109.570715123043,33.3789567094964,0,FALSE
-1200000,1235000,-109.034807722991,33.4414281069599,0,FALSE
-1150000,1235000,-108.498064819704,33.5013910712591,0,FALSE
-1100000,1235000,-107.960517687665,33.5588402421682,0,FALSE
-1050000,1235000,-107.422200473941,33.6137710770384,0,FALSE
-1000000,1235000,-106.883146069268,33.6661797288591,0,FALSE
-950000,1235000,-106.343387420432,33.7160611811115,0,FALSE
-900000,1235000,-105.802957907001,33.7634108646115,0,FALSE
-850000,1235000,-105.261892242205,33.8082253640039,0,FALSE
-800000,1235000,-104.720222973395,33.8504993980479,0,FALSE
-750000,1235000,-104.177984880402,33.8902298992773,0,FALSE
-700000,1235000,-103.635212431988,33.9274136668033,0,FALSE
-650000,1235000,-103.091939485918,33.9620477117765,0,FALSE
-600000,1235000,-102.548203327246,33.9941291306598,0,FALSE
-550000,1235000,-102.004034769387,34.023654866074,0,FALSE
-500000,1235000,-101.45947372339,34.050620845391,0,FALSE
-450000,1235000,-100.914553721052,34.0750259869534,0,FALSE
-400000,1235000,-100.369310296341,34.0968678370284,0,FALSE
-350000,1235000,-99.8237784237026,34.1161445734903,0,FALSE
-300000,1235000,-99.2779949177017,34.1328548612292,0,FALSE
-250000,1235000,-98.7319943795401,34.1469971525292,0,FALSE
-200000,1235000,-98.1858129765298,34.1585701444237,0,FALSE
-150000,1235000,-97.6394864357308,34.1675718029541,0,FALSE
-100000,1235000,-97.0930517599123,34.1740018067693,0,FALSE
-50000,1235000,-96.5465449101864,34.1778603215102,0,FALSE
0,1235000,-96.0000022210664,34.1791464660542,0,FALSE
50000,1235000,-95.4534601091758,34.1778602926,0,FALSE
100000,1235000,-94.9069536810111,34.1740021250479,0,FALSE
150000,1235000,-94.360518201157,34.1675709390984,0,FALSE
200000,1235000,-93.8141929795514,34.1585685575394,0,FALSE
250000,1235000,-93.2680115851324,34.1469958480805,0,FALSE
300000,1235000,-92.7220109138448,34.1328535261309,0,FALSE
350000,1235000,-92.1762260127996,34.1161434421819,0,FALSE
400000,1235000,-91.6306933232934,34.0968667930565,0,FALSE
450000,1235000,-91.0854486818004,34.075024651551,0,FALSE
500000,1235000,-90.5405275074146,34.0506187852931,0,FALSE
550000,1235000,-89.9959658021667,34.023652219827,0,FALSE
600000,1235000,-89.4517993955376,33.9941273231568,0,FALSE
650000,1235000,-88.9080620564726,33.9620464842071,0,FALSE
700000,1235000,-88.3647885615144,33.9274142688313,0,FALSE
750000,1235000,-87.8220165750068,33.8902297148276,0,FALSE
800000,1235000,-87.279778698614,33.850498870114,0,FALSE
850000,1235000,-86.7381082081425,33.8082242829644,0,FALSE
900000,1235000,-86.1970414196955,33.7634107391217,0,FALSE
950000,1235000,-85.6566133931193,33.7160618771471,0,FALSE
1000000,1235000,-85.1168542377013,33.6661809896461,0,FALSE
1050000,1235000,-84.5777988512148,33.6137728042803,0,FALSE
1100000,1235000,-84.0394821446914,33.5588393317875,0,FALSE
1150000,1235000,-83.5019361155906,33.5013890446335,0,FALSE
1200000,1235000,-82.9651928944359,33.4414259651853,0,FALSE
1250000,1235000,-82.4292855694321,33.3789543776608,0,FALSE
1300000,1235000,-81.8942460936099,33.3139795383203,0,FALSE
1350000,1235000,-81.3601042886488,33.2465052245062,0,FALSE
1400000,1235000,-80.826894349214,33.1765404701434,0,FALSE
1450000,1235000,-80.2946449642189,33.1040891842101,0,FALSE
1500000,1235000,-79.7633888987693,33.0291572494724,0,FALSE
1550000,1235000,-79.2331555240572,32.9517506314397,0,FALSE
-1700000,1185000,-114.248734264047,32.2646496782136,0,FALSE
-1650000,1185000,-113.724544877402,32.3490404042689,0,FALSE
-1600000,1185000,-113.199270524772,32.4309812972898,0,FALSE
-1550000,1185000,-112.672925830291,32.5104665020733,0,FALSE
-1500000,1185000,-112.145546122416,32.5874969187896,0,FALSE
-1450000,1185000,-111.61715981253,32.6620627045051,0,FALSE
-1400000,1185000,-111.087797910886,32.7341595658608,0,FALSE
-1350000,1185000,-110.557489501524,32.8037800725611,0,FALSE
-1300000,1185000,-110.02626494096,32.8709212380707,0,FALSE
-1250000,1185000,-109.494156912319,32.9355753196754,0,FALSE
-1200000,1185000,-108.961194948428,32.9977372155406,0,FALSE
-1150000,1185000,-108.427411447801,33.0574021431136,0,FALSE
-1100000,1185000,-107.892838649916,33.1145654104405,0,FALSE
-1050000,1185000,-107.357506905948,33.169221199601,0,FALSE
-1000000,1185000,-106.821451361278,33.2213663866458,0,FALSE
-950000,1185000,-106.284703184588,33.2709972714445,0,FALSE
-900000,1185000,-105.747295385848,33.3181083918177,0,FALSE
-850000,1185000,-105.209262341794,33.3626962106251,0,FALSE
-800000,1185000,-104.670636225742,33.4047570250487,0,FALSE
-750000,1185000,-104.131450213429,33.4442863128061,0,FALSE
-700000,1185000,-103.59173888489,33.4812815122532,0,FALSE
-650000,1185000,-103.051534974376,33.5157396477875,0,FALSE
-600000,1185000,-102.510874840977,33.5476577767367,0,FALSE
-550000,1185000,-101.969792526569,33.5770319703207,0,FALSE
-500000,1185000,-101.428323512156,33.6038600377551,0,FALSE
-450000,1185000,-100.886501039125,33.6281401410039,0,FALSE
-400000,1185000,-100.344360229041,33.649869989223,0,FALSE
-350000,1185000,-99.8019365657066,33.6690477124081,0,FALSE
-300000,1185000,-99.2592644432464,33.6856713780343,0,FALSE
-250000,1185000,-98.7163801707098,33.6997419688402,0,FALSE
-200000,1185000,-98.1733180777493,33.7112552318109,0,FALSE
-150000,1185000,-97.6301131176857,33.7202109072633,0,FALSE
-100000,1185000,-97.0868019098934,33.7266076583854,0,FALSE
-50000,1185000,-96.5434194281099,33.7304462990262,0,FALSE
0,1185000,-96.0000022682672,33.7317256851502,0,FALSE
50000,1185000,-95.4565854371484,33.7304461229512,0,FALSE
100000,1185000,-94.9132040355676,33.726607038181,0,FALSE
150000,1185000,-94.3698924645148,33.7202099410144,0,FALSE
200000,1185000,-93.8266883731207,33.7112536925688,0,FALSE
250000,1185000,-93.2836256136141,33.6997402361254,0,FALSE
300000,1185000,-92.74074025436,33.6856705580439,0,FALSE
350000,1185000,-92.1980676627272,33.6690462993336,0,FALSE
400000,1185000,-91.655643018798,33.649868342823,0,FALSE
450000,1185000,-91.1135015820354,33.628138175093,0,FALSE
500000,1185000,-90.5716783707302,33.6038572607252,0,FALSE
550000,1185000,-90.0302081054821,33.5770287786673,0,FALSE
600000,1185000,-89.4891261589023,33.5476544815312,0,FALSE
650000,1185000,-88.948466128794,33.5157373548633,0,FALSE
700000,1185000,-88.408262812509,33.4812817737034,0,FALSE
750000,1185000,-87.8685513093215,33.4442865685176,0,FALSE
800000,1185000,-87.3293644049872,33.4047569350494,0,FALSE
850000,1185000,-86.7907368927517,33.3626959514788,0,FALSE
900000,1185000,-86.2527031205159,33.3181083127532,0,FALSE
950000,1185000,-85.7152967918639,33.2709976555866,0,FALSE
1000000,1185000,-85.178549009064,33.2213672035041,0,FALSE
1050000,1185000,-84.6424921308643,33.1692220339119,0,FALSE
1100000,1185000,-84.1071613819229,33.1145636277313,0,FALSE
1150000,1185000,-83.5725890640538,33.0573997665075,0,FALSE
1200000,1185000,-83.0388058173774,32.9977346888993,0,FALSE
1250000,1185000,-82.5058443687071,32.9355728199655,0,FALSE
1300000,1185000,-81.9737362809501,32.8709187562118,0,FALSE
1350000,1185000,-81.442512612646,32.8037795330718,0,FALSE
1400000,1185000,-80.9122026876585,32.7341557864329,0,FALSE
1450000,1185000,-80.3828393848453,32.6620583520331,0,FALSE
1500000,1185000,-79.8544523229282,32.5874917808192,0,FALSE
-1650000,1135000,-113.626072757095,31.9081217097386,0,FALSE
-1600000,1135000,-113.103585618153,31.9896728154539,0,FALSE
-1550000,1135000,-112.580045910824,32.0687790306194,0,FALSE
-1500000,1135000,-112.055488495088,32.1454406560611,0,FALSE
-1450000,1135000,-111.529941820681,32.2196492854889,0,FALSE
-1400000,1135000,-111.003435005935,32.2913991324764,0,FALSE
-1350000,1135000,-110.475997576255,32.3606842928976,0,FALSE
-1300000,1135000,-109.947659263752,32.4274997837332,0,FALSE
-1250000,1135000,-109.418451596009,32.4918395576725,0,FALSE
-1200000,1135000,-108.888404323179,32.5536989441695,0,FALSE
-1150000,1135000,-108.357548775108,32.6130710563384,0,FALSE
-1100000,1135000,-107.825916750265,32.6699542577,0,FALSE
-1050000,1135000,-107.293538728163,32.7243410514231,0,FALSE
-1000000,1135000,-106.7604490526,32.7762293281364,0,FALSE
-950000,1135000,-106.226679203262,32.8256149311652,0,FALSE
-900000,1135000,-105.69225888845,32.8724922963426,0,FALSE
-850000,1135000,-105.157225641399,32.9168584497551,0,FALSE
-800000,1135000,-104.6216089789,32.9587101806515,0,FALSE
-750000,1135000,-104.085441341246,32.9980423601899,0,FALSE
-700000,1135000,-103.548756133205,33.0348508840669,0,FALSE
-650000,1135000,-103.011587711895,33.0691382724712,0,FALSE
-600000,1135000,-102.473972216881,33.1008945186323,0,FALSE
-550000,1135000,-101.935940670727,33.1301209793258,0,FALSE
-500000,1135000,-101.397528014398,33.156814932797,0,FALSE
-450000,1135000,-100.858767230747,33.1809734853319,0,FALSE
-400000,1135000,-100.319693520521,33.2025939855015,0,FALSE
-350000,1135000,-99.780342767027,33.2216750491001,0,FALSE
-300000,1135000,-99.2407476324663,33.2382153775032,0,FALSE
-250000,1135000,-98.7009444197394,33.2522149015689,0,FALSE
-200000,1135000,-98.1609659391461,33.2636697781311,0,FALSE
-150000,1135000,-97.6208475942543,33.2725797174077,0,FALSE
-100000,1135000,-97.0806242981895,33.2789445434952,0,FALSE
-50000,1135000,-96.5403310683572,33.2827632435796,0,FALSE
0,1135000,-96.0000032102807,33.2840362994955,0,FALSE
50000,1135000,-95.4596758505975,33.2827634837692,0,FALSE
100000,1135000,-94.9193828471583,33.2789446128136,0,FALSE
150000,1135000,-94.3791594352273,33.2725796523404,0,FALSE
200000,1135000,-93.8390409657256,33.2636680125193,0,FALSE
250000,1135000,-93.29906236672,33.2522128462283,0,FALSE
300000,1135000,-92.7592574110858,33.2382142462839,0,FALSE
350000,1135000,-92.219661789125,33.2216736807409,0,FALSE
400000,1135000,-91.68031008476,33.2025922876103,0,FALSE
450000,1135000,-91.1412371286802,33.1809717983277,0,FALSE
500000,1135000,-90.602476158634,33.1568134518306,0,FALSE
550000,1135000,-90.0640625859032,33.130119852653,0,FALSE
600000,1135000,-89.5260305139213,33.1008932417239,0,FALSE
650000,1135000,-88.9884134608755,33.0691363949554,0,FALSE
700000,1135000,-88.4512452141383,33.0348529096281,0,FALSE
750000,1135000,-87.9145602936933,32.9980421314257,0,FALSE
800000,1135000,-87.3783923968066,32.9587097881839,0,FALSE
850000,1135000,-86.8427740210513,32.9168586131438,0,FALSE
900000,1135000,-86.3077388399068,32.8724924715412,0,FALSE
950000,1135000,-85.7733202396588,32.8256152532083,0,FALSE
1000000,1135000,-85.2395503681375,32.7762299851772,0,FALSE
1050000,1135000,-84.7064598684821,32.7243421405505,0,FALSE
1100000,1135000,-84.1740832328555,32.6699528309539,0,FALSE
1150000,1135000,-83.6424520013868,32.613069351857,0,FALSE
1200000,1135000,-83.1115969118453,32.5536959791992,0,FALSE
1250000,1135000,-82.5815499695662,32.4918371523489,0,FALSE
1300000,1135000,-82.0523419659144,32.4274979405836,0,FALSE
1350000,1135000,-81.5240020545617,32.3606825408013,0,FALSE
1400000,1135000,-80.9965637992606,32.2913949821518,0,FALSE
1450000,1135000,-80.4700553981281,32.2196446089107,0,FALSE
-1500000,1085000,-111.966420771554,31.7029746051531,0,FALSE
-1450000,1085000,-111.443683807425,31.7768336251364,0,FALSE
-1400000,1085000,-110.920002644385,31.8482437067626,0,FALSE
-1350000,1085000,-110.395405936975,31.9171998734052,0,FALSE
-1300000,1085000,-109.869923778726,31.9836966268451,0,FALSE
-1250000,1085000,-109.343585256913,32.047728099796,0,FALSE
-1200000,1085000,-108.816421235691,32.1092902574787,0,FALSE
-1150000,1085000,-108.288462666821,32.1683775923311,0,FALSE
-1100000,1085000,-107.759740864303,32.2249865664499,0,FALSE
-1050000,1085000,-107.230285738631,32.2791106222686,0,FALSE
-1000000,1085000,-106.700129612048,32.3307467146121,0,FALSE
-950000,1085000,-106.169304213192,32.3798923005982,0,FALSE
-900000,1085000,-105.637840234763,32.4265416137639,0,FALSE
-850000,1085000,-105.105771207104,32.4706912108155,0,FALSE
-800000,1085000,-104.573130058693,32.512337679849,0,FALSE
-750000,1085000,-104.039948223294,32.5514776555157,0,FALSE
-700000,1085000,-103.506254723886,32.5881037939283,0,FALSE
-650000,1085000,-102.97208943891,32.6222224877826,0,FALSE
-600000,1085000,-102.437483004823,32.6538221041264,0,FALSE
-550000,1085000,-101.90246758716,32.6829041729159,0,FALSE
-500000,1085000,-101.367077214764,32.7094661512506,0,FALSE
-450000,1085000,-100.831345500171,32.7335050098029,0,FALSE
-400000,1085000,-100.295305802863,32.7550185151525,0,FALSE
-350000,1085000,-99.758993150159,32.7740047057322,0,FALSE
-300000,1085000,-99.2224394420279,32.7904634568066,0,FALSE
-250000,1085000,-98.6856823804366,32.8043931111908,0,FALSE
-200000,1085000,-98.1487532870853,32.8157904599632,0,FALSE
-150000,1085000,-97.6116864408385,32.8246565590547,0,FALSE
-100000,1085000,-97.0745164727973,32.8309893443944,0,FALSE
-50000,1085000,-96.5372776704389,32.8347890531122,0,FALSE
0,1085000,-96.000003649369,32.836055847576,0,FALSE
50000,1085000,-95.4627312404573,32.8347899090539,0,FALSE
100000,1085000,-94.9254917217939,32.8309893068662,0,FALSE
150000,1085000,-94.3883211156723,32.8246556304176,0,FALSE
200000,1085000,-93.8512525327061,32.815789578325,0,FALSE
250000,1085000,-93.3143223649043,32.8043910604385,0,FALSE
300000,1085000,-92.7775646070068,32.7904620699775,0,FALSE
350000,1085000,-92.2410117195894,32.7740041047788,0,FALSE
400000,1085000,-91.7046984891052,32.7550167836026,0,FALSE
450000,1085000,-91.1686590351213,32.7335029157675,0,FALSE
500000,1085000,-90.6329266459233,32.7094642000665,0,FALSE
550000,1085000,-90.0975355071255,32.6829026661313,0,FALSE
600000,1085000,-89.5625196234712,32.6538205586402,0,FALSE
650000,1085000,-89.0279108205249,32.6222206010651,0,FALSE
700000,1085000,-88.4937448749169,32.5881062865733,0,FALSE
750000,1085000,-87.9600536015114,32.551475990597,0,FALSE
800000,1085000,-87.4268707592362,32.5123364318032,0,FALSE
850000,1085000,-86.8942277732379,32.4706898290366,0,FALSE
900000,1085000,-86.3621579157889,32.4265405720882,0,FALSE
950000,1085000,-85.8306961395194,32.3798913872272,0,FALSE
1000000,1085000,-85.299871143195,32.3307476842264,0,FALSE
1050000,1085000,-84.7697144596955,32.2791112380987,0,FALSE
1100000,1085000,-84.2402597124436,32.2249852394858,0,FALSE
1150000,1085000,-83.7115380386706,32.1683760773721,0,FALSE
1200000,1085000,-83.1835797603349,32.1092881465779,0,FALSE
1250000,1085000,-82.6564162133439,32.0477257477334,0,FALSE
1300000,1085000,-82.1300775332539,31.9836935853486,0,FALSE
1350000,1085000,-81.6045932623501,31.9171957750818,0,FALSE
1400000,1085000,-81.0799938363659,31.8482375830134,0,FALSE
-1450000,1035000,-111.358370553187,31.3335942599127,0,FALSE
-1400000,1035000,-110.837486184554,31.4046729724685,0,FALSE
-1350000,1035000,-110.31570141587,31.4733059663071,0,FALSE
-1300000,1035000,-109.793044498498,31.5394897919886,0,FALSE
-1250000,1035000,-109.269547170604,31.6032199394747,0,FALSE
-1200000,1035000,-108.745234722514,31.6644908866926,0,FALSE
-1150000,1035000,-108.220140354396,31.7232993530827,0,FALSE
-1100000,1035000,-107.694297862753,31.7796396545456,0,FALSE
-1050000,1035000,-107.167733305593,31.8335067730408,0,FALSE
-1000000,1035000,-106.640478454806,31.8848976266284,0,FALSE
-950000,1035000,-106.1125661219,31.9338080773793,0,FALSE
-900000,1035000,-105.584026252736,31.9802334519832,0,FALSE
-850000,1035000,-105.054890388786,32.0241710328862,0,FALSE
-800000,1035000,-104.525191605842,32.0656167397147,0,FALSE
-750000,1035000,-103.994961030325,32.10456756307,0,FALSE
-700000,1035000,-103.464229298105,32.1410186132336,0,FALSE
-650000,1035000,-102.933032830919,32.174970623539,0,FALSE
-600000,1035000,-102.401403705383,32.206417784244,0,FALSE
-550000,1035000,-101.869369750934,32.2353574699273,0,FALSE
-500000,1035000,-101.336967876248,32.2617897219308,0,FALSE
-450000,1035000,-100.804230856892,32.2857112139865,0,FALSE
-400000,1035000,-100.271191707936,32.3071195596657,0,FALSE
-350000,1035000,-99.7378831299251,32.326013353164,0,FALSE
-300000,1035000,-99.2043381284496,32.3423916841875,0,FALSE
-250000,1035000,-98.6705925094052,32.3562528578356,0,FALSE
-200000,1035000,-98.1366780670935,32.3675949262768,0,FALSE
-150000,1035000,-97.6026287236637,32.3764170951289,0,FALSE
-100000,1035000,-97.0684770352618,32.3827190191995,0,FALSE
-50000,1035000,-96.5342576243909,32.3865003369365,0,FALSE
0,1035000,-96.0000043215295,32.3877606463077,0,FALSE
50000,1035000,-95.4657512547775,32.3865001119646,0,FALSE
100000,1035000,-94.9315318722756,32.3827183266129,0,FALSE
150000,1035000,-94.3973797687574,32.3764159412363,0,FALSE
200000,1035000,-93.8633291808558,32.3675932264655,0,FALSE
250000,1035000,-93.3294137826427,32.3562499820744,0,FALSE
300000,1035000,-92.7956673558102,32.3423893509973,0,FALSE
350000,1035000,-92.2621226115771,32.3260114767706,0,FALSE
400000,1035000,-91.7288136712081,32.307117479603,0,FALSE
450000,1035000,-91.1957726999846,32.2857092821678,0,FALSE
500000,1035000,-90.6630354628516,32.2617875296738,0,FALSE
550000,1035000,-90.1306335808086,32.2353550539734,0,FALSE
600000,1035000,-89.598599701194,32.2064141590293,0,FALSE
650000,1035000,-89.0669671847098,32.1749670678071,0,FALSE
700000,1035000,-88.5357696133051,32.1410180247535,0,FALSE
750000,1035000,-88.0050383877324,32.1045644242185,0,FALSE
800000,1035000,-87.4748091718453,32.0656138258691,0,FALSE
850000,1035000,-86.9451088436728,32.0241685806041,0,FALSE
900000,1035000,-86.415973727457,31.9802315799391,0,FALSE
950000,1035000,-85.8874349765324,31.933806222533,0,FALSE
1000000,1035000,-85.3595238561502,31.8848968204375,0,FALSE
1050000,1035000,-84.8322683803352,31.8335072654656,0,FALSE
1100000,1035000,-84.3057022918039,31.7796386600278,0,FALSE
1150000,1035000,-83.7798591572427,31.723297766775,0,FALSE
1200000,1035000,-83.2547662422939,31.6644889036048,0,FALSE
1250000,1035000,-82.7304555258525,31.603218792078,0,FALSE
1300000,1035000,-82.2069558028118,31.539485462935,0,FALSE
1350000,1035000,-81.684299586541,31.4733005539112,0,FALSE
1400000,1035000,-81.1625137790258,31.4046656770855,0,FALSE
-1250000,985000,-109.196313869593,31.1582942240265,0,FALSE
-1200000,985000,-108.674829550724,31.2192796023064,0,FALSE
-1150000,985000,-108.152571193179,31.2778140687269,0,FALSE
-950000,985000,-106.056455039343,31.4873389850554,0,FALSE
-900000,985000,-105.530806518408,31.5335458457788,0,FALSE
-850000,985000,-105.004572439037,31.577275667219,0,FALSE
-750000,985000,-103.950473999643,31.6572900904421,0,FALSE
-700000,985000,-103.422672100449,31.6935689501722,0,FALSE
-650000,985000,-102.894410502194,31.7273583743455,0,FALSE
-600000,985000,-102.365724386575,31.7586547215091,0,FALSE
-550000,985000,-101.836640987615,31.7874568072559,0,FALSE
-500000,985000,-101.307195304252,31.8137623060526,0,FALSE
-450000,985000,-100.777419547796,31.8375692852421,0,FALSE
-400000,985000,-100.247346581027,31.8588751538761,0,FALSE
-350000,985000,-99.7170087033233,31.8776780744541,0,FALSE
-300000,985000,-99.1864387992356,31.8939770421173,0,FALSE
-250000,985000,-98.6556712758873,31.9077711603539,0,FALSE
-200000,985000,-98.1247379631476,31.9190590227891,0,FALSE
-150000,985000,-97.5936713184114,31.9278388719487,0,FALSE
-100000,985000,-97.062504520463,31.9341105845969,0,FALSE
-50000,985000,-96.5312714140207,31.9378739358621,0,FALSE
0,985000,-96.000004796681,31.9391284395957,0,FALSE
50000,985000,-95.4687379895941,31.9378736536233,0,FALSE
100000,985000,-94.9375046027689,31.9341100163135,0,FALSE
150000,985000,-94.4063373230853,31.9278382016948,0,FALSE
200000,985000,-93.8752680429563,31.9190593121071,0,FALSE
250000,985000,-93.3443354620242,31.9077695205972,0,FALSE
300000,985000,-92.8135671515487,31.8939753681288,0,FALSE
350000,985000,-92.2829973606654,31.8776758960298,0,FALSE
400000,985000,-91.7526584329366,31.8588728357164,0,FALSE
450000,985000,-91.2225848534295,31.8375672055312,0,FALSE
500000,985000,-90.6928088749432,31.8137599884378,0,FALSE
550000,985000,-90.1633627548444,31.78745421042,0,FALSE
600000,985000,-89.6342787281871,31.7586518655448,0,FALSE
650000,985000,-89.1055896038555,31.7273544651915,0,FALSE
700000,985000,-88.5773279031497,31.6935665249966,0,FALSE
750000,985000,-88.0495252205099,31.6572851460664,0,FALSE
800000,985000,-87.522214349453,31.618520623913,0,FALSE
850000,985000,-86.9954263893671,31.5772721671061,0,FALSE
900000,985000,-86.4691935983385,31.5335420615059,0,FALSE
950000,985000,-85.9435445493895,31.4873356533064,0,FALSE
1000000,985000,-85.4185136068268,31.4386564670485,0,FALSE
1050000,985000,-84.8941314137016,31.3875084168588,0,FALSE
1100000,985000,-84.3704248691437,31.3338918845087,0,FALSE
1150000,985000,-83.8474278252552,31.2778152846025,0,FALSE
1200000,985000,-83.325171371086,31.2192800587413,0,FALSE
1250000,985000,-82.8036836748092,31.1582915447164,0,FALSE
1300000,985000,-82.2829951279681,31.0948541712141,0,FALSE
1350000,985000,-81.7631348069836,31.0289747759755,0,FALSE
1400000,985000,-81.2441309713903,30.9606566127015,0,FALSE
-950000,935000,-106.000962087346,31.0404619577141,0,FALSE
-900000,935000,-105.478175203106,31.0864533628663,0,FALSE
-850000,935000,-104.954809462353,31.1299817212597,0,FALSE
-800000,935000,-104.430902938017,31.1710391371283,0,FALSE
-750000,935000,-103.906480326185,31.2096238769671,0,FALSE
-700000,935000,-103.381574641082,31.2457330858851,0,FALSE
-650000,935000,-102.856217548373,31.2793637690006,0,FALSE
-600000,935000,-102.330440425488,31.3105131930399,0,FALSE
-550000,935000,-101.8042749828,31.3391799917833,0,FALSE
-500000,935000,-101.277752885885,31.3653620876465,0,FALSE
-450000,935000,-100.750905324033,31.3890570636295,0,FALSE
-400000,935000,-100.22376559686,31.410262502671,0,FALSE
-350000,935000,-99.6963656657252,31.4289770287057,0,FALSE
-300000,935000,-99.1687381423982,31.4451990753511,0,FALSE
-250000,935000,-98.6409149881401,31.4589269894946,0,FALSE
-200000,935000,-98.1129290582022,31.4701615224088,0,FALSE
-150000,935000,-97.5848123344517,31.4789001757189,0,FALSE
-100000,935000,-97.0565975541786,31.4851420757592,0,FALSE
-50000,935000,-96.5283177388684,31.488887617993,0,FALSE
0,935000,-96.0000053956644,31.4901358014957,0,FALSE
50000,935000,-95.4716912654455,31.4888873251643,0,FALSE
100000,935000,-94.9434112054226,31.4851418108647,0,FALSE
150000,935000,-94.4151955290186,31.4788996005608,0,FALSE
200000,935000,-93.8870754295783,31.4701636301289,0,FALSE
250000,935000,-93.3590915472249,31.4589256562096,0,FALSE
300000,935000,-92.8312679912432,31.4451954977097,0,FALSE
350000,935000,-92.3036397789783,31.4289736833122,0,FALSE
400000,935000,-91.7762391568658,31.4102599252569,0,FALSE
450000,935000,-91.249099972739,31.3890546951174,0,FALSE
500000,935000,-90.7222524380051,31.365359874366,0,FALSE
550000,935000,-90.1957293702033,31.3391780873264,0,FALSE
600000,935000,-89.6695628364082,31.3105108562505,0,FALSE
650000,935000,-89.1437849173328,31.279360383324,0,FALSE
700000,935000,-88.6184256138414,31.2457308863766,0,FALSE
750000,935000,-88.0935200066911,31.2096191254318,0,FALSE
800000,935000,-87.569096803279,31.1710343268281,0,FALSE
850000,935000,-87.0451885695716,31.1299784899842,0,FALSE
900000,935000,-86.5218253691388,31.086453222473,0,FALSE
950000,935000,-85.9990387518713,31.0404604585246,0,FALSE
1000000,935000,-85.4768575733255,30.992007541927,0,FALSE
1050000,935000,-84.9553154813964,30.9410936022528,0,FALSE
1100000,935000,-84.4344387969802,30.8877243643678,0,FALSE
1150000,935000,-83.9142606914562,30.8319054331785,0,FALSE
1200000,935000,-83.3948082549436,30.77363877543,0,FALSE
1250000,935000,-82.8761143377287,30.712925609554,0,FALSE
1300000,935000,-82.3582057965738,30.6497783451857,0,FALSE
1350000,935000,-81.8411121189694,30.5841984335657,0,FALSE
1400000,935000,-81.3248607486689,30.5161896204632,0,FALSE
-850000,885000,-104.905593566049,30.6822702976026,0,FALSE
-800000,885000,-104.384534214072,30.7231400786699,0,FALSE
-750000,885000,-103.862968139633,30.7615473483847,0,FALSE
-700000,885000,-103.340926617755,30.7974917424131,0,FALSE
-650000,885000,-102.81844202434,30.8309677755834,0,FALSE
-600000,885000,-102.295543930317,30.86197213419,0,FALSE
-550000,885000,-101.772264342896,30.890506477454,0,FALSE
-500000,885000,-101.248634109093,30.9165672577381,0,FALSE
-450000,885000,-100.724683192454,30.9401530027924,0,FALSE
-400000,885000,-100.200444747154,30.9612601503341,0,FALSE
-350000,885000,-99.6759505240439,30.9798875254177,0,FALSE
-300000,885000,-99.1512321744323,30.9960338461101,0,FALSE
-250000,885000,-98.6263215485023,31.0096982841511,0,FALSE
-200000,885000,-98.1012505427671,31.0208802560497,0,FALSE
-150000,885000,-97.5760513529326,31.0295786047086,0,FALSE
-100000,885000,-97.0507567989698,31.0357914193697,0,FALSE
-50000,885000,-96.5253971737227,31.0395187418621,0,FALSE
0,885000,-96.0000057469242,31.0407612467823,0,FALSE
50000,885000,-95.4746121387478,31.039519384522,0,FALSE
100000,885000,-94.9492519491577,31.0357910250605,0,FALSE
150000,885000,-94.4239550385499,31.0295775767765,0,FALSE
200000,885000,-93.8987543276035,31.0208816312121,0,FALSE
250000,885000,-93.3736836474232,31.0096981143336,0,FALSE
300000,885000,-92.8487736154518,30.9960310713166,0,FALSE
350000,885000,-92.3240550793894,30.9798839485496,0,FALSE
400000,885000,-91.7995605796177,30.9612567016355,0,FALSE
450000,885000,-91.2753223308242,30.9401500445548,0,FALSE
500000,885000,-90.751371227063,30.9165651958819,0,FALSE
550000,885000,-90.2277397359544,30.8905047579505,0,FALSE
600000,885000,-89.7044590260532,30.861970076042,0,FALSE
650000,885000,-89.1815602251886,30.8309626174634,0,FALSE
700000,885000,-88.6590729048102,30.7974883491753,0,FALSE
750000,885000,-88.1370313729025,30.7615421795086,0,FALSE
800000,885000,-87.6154654577397,30.7231343088276,0,FALSE
850000,885000,-87.0944053730896,30.6822655453487,0,FALSE
900000,885000,-86.5738822898272,30.6389387943053,0,FALSE
950000,885000,-86.0539243946608,30.5931575665917,0,FALSE
1000000,885000,-85.534564245136,30.5449247636292,0,FALSE
1050000,885000,-85.0158317847376,30.4942427006516,0,FALSE
1100000,885000,-84.4977552850033,30.4411151120643,0,FALSE
1150000,885000,-83.9803657344286,30.3855467055654,0,FALSE
1200000,885000,-83.4636905185922,30.3275416737866,0,FALSE
1250000,885000,-82.9477600970883,30.267104291835,0,FALSE
1300000,885000,-82.4326024271211,30.2042397552312,0,FALSE
1350000,885000,-81.9182462031706,30.1389513098296,0,FALSE
1400000,885000,-81.4047194561905,30.0712441108803,0,FALSE
-850000,835000,-104.85691305731,30.2341211308556,0,FALSE
-800000,835000,-104.338671008213,30.2748063056004,0,FALSE
-750000,835000,-103.819931916698,30.3130400783538,0,FALSE
-700000,835000,-103.300723093944,30.3488229095152,0,FALSE
-650000,835000,-102.781078242489,30.3821487277949,0,FALSE
-600000,835000,-102.261024319692,30.413013079876,0,FALSE
-550000,835000,-101.74060052567,30.4414178190779,0,FALSE
-500000,835000,-101.219832396652,30.4673578484418,0,FALSE
-450000,835000,-100.698748167258,30.4908358709746,0,FALSE
-400000,835000,-100.177379583038,30.5118461968118,0,FALSE
-350000,835000,-99.6557595293273,30.5303876531892,0,FALSE
-300000,835000,-99.1339184339875,30.5464597798235,0,FALSE
-250000,835000,-98.61188893685,30.560062233505,0,FALSE
-200000,835000,-98.0897010885478,30.5711925340316,0,FALSE
-150000,835000,-97.5673858775091,30.5798520119729,0,FALSE
-100000,835000,-97.0449802075206,30.5860344324985,0,FALSE
-50000,835000,-96.5225087986173,30.5897457463992,0,FALSE
0,835000,-96.0000049244153,30.5909830085552,0,FALSE
50000,835000,-95.4775011513482,30.5897464136659,0,FALSE
100000,835000,-94.9550289262795,30.5860351662539,0,FALSE
150000,835000,-94.4326195241037,30.5798495258029,0,FALSE
200000,835000,-93.9103047144458,30.5711929464304,0,FALSE
250000,835000,-93.3881172947664,30.5600604596642,0,FALSE
300000,835000,-92.8660870251372,30.5464573481094,0,FALSE
350000,835000,-92.3442460333819,30.5303841530749,0,FALSE
400000,835000,-91.8226255343198,30.5118414254252,0,FALSE
450000,835000,-91.3012562403651,30.4908310195695,0,FALSE
500000,835000,-90.7801703905458,30.4673538396933,0,FALSE
550000,835000,-90.2593986021093,30.4414122601315,0,FALSE
600000,835000,-89.7389726876885,30.4130071465027,0,FALSE
650000,835000,-89.2189228899177,30.3821405565056,0,FALSE
700000,835000,-88.6992777163243,30.348817290709,0,FALSE
750000,835000,-88.1800689551286,30.3130324931657,0,FALSE
800000,835000,-87.6613276013937,30.2747990735302,0,FALSE
850000,835000,-87.1430864658474,30.2341145157074,0,FALSE
900000,835000,-86.6253715235093,30.1909817287197,0,FALSE
950000,835000,-86.108213556787,30.1454057565871,0,FALSE
1000000,835000,-85.5916432942411,30.09738796031,0,FALSE
1050000,835000,-85.0756908807158,30.0469319318758,0,FALSE
1100000,835000,-84.5603853922411,29.994041296923,0,FALSE
1150000,835000,-84.0457544465209,29.9387199949383,0,FALSE
1200000,835000,-83.5318263070031,29.880971612691,0,FALSE
1250000,835000,-83.0186312217768,29.8208005512599,0,FALSE
1300000,835000,-82.5061972317178,29.7582135495642,0,FALSE
1350000,835000,-81.9945512814566,29.6932100129107,0,FALSE
1400000,835000,-81.4837209473373,29.6257990589101,0,FALSE
1450000,835000,-80.9737355722706,29.555982785696,0,FALSE
-850000,785000,-104.808761343133,29.7855097321022,0,FALSE
-800000,785000,-104.293306402217,29.8260138300762,0,FALSE
-750000,785000,-103.777362363096,29.8640782780161,0,FALSE
-700000,785000,-103.260956214605,29.8997021058237,0,FALSE
-650000,785000,-102.744118618293,29.9328805023956,0,FALSE
-600000,785000,-102.226880879815,29.963611824611,0,FALSE
-550000,785000,-101.709282764376,29.991890359383,0,FALSE
-500000,785000,-101.191346693742,30.0177129388303,0,FALSE
-450000,785000,-100.673096132786,30.0410826305792,0,FALSE
-400000,785000,-100.154566405062,30.0619978705162,0,FALSE
-350000,785000,-99.6357881558404,30.0804555981873,0,FALSE
-300000,785000,-99.1167942833684,30.096456513302,0,FALSE
-250000,785000,-98.5976143429112,30.1099973238356,0,FALSE
-200000,785000,-98.0782792411907,30.1210770948143,0,FALSE
-150000,785000,-97.5588188532419,30.1296947305738,0,FALSE
-100000,785000,-97.0392656901749,30.1358516509407,0,FALSE
-50000,785000,-96.5196506313366,30.1395463229424,0,FALSE
0,785000,-96.0000047017984,30.1407783300976,0,FALSE
50000,785000,-95.4803585708982,30.1395467977303,0,FALSE
100000,785000,-94.9607432017778,30.1358521628686,0,FALSE
150000,785000,-94.4411900556961,30.1296944699148,0,FALSE
200000,785000,-93.9217299750765,30.1210755697678,0,FALSE
250000,785000,-93.402393144335,30.1099936622622,0,FALSE
300000,785000,-92.8832124139285,30.0964524461031,0,FALSE
350000,785000,-92.364216533402,30.0804521306092,0,FALSE
400000,785000,-91.8454387069175,30.061992292249,0,FALSE
450000,785000,-91.3269080796043,30.0410760314259,0,FALSE
500000,785000,-90.8086553871621,30.0177038540655,0,FALSE
550000,785000,-90.2907129679427,29.9918779660031,0,FALSE
600000,785000,-89.7731097430834,29.9636002048382,0,FALSE
650000,785000,-89.2558771627032,29.9328726836808,0,FALSE
1000000,785000,-85.6481061585621,29.6493779094355,0,FALSE
1050000,785000,-85.1349044386975,29.5991431680661,0,FALSE
1100000,785000,-84.6223399002046,29.5464840370933,0,FALSE
1200000,785000,-83.5992291840938,29.433906844311,0,FALSE
1250000,785000,-83.088740807862,29.3739984234851,0,FALSE
1300000,785000,-82.5790014523764,29.3116807698313,0,FALSE
1350000,785000,-82.0700386598433,29.2469576355768,0,FALSE
1400000,785000,-81.5618791132243,29.1798350724411,0,FALSE
1450000,785000,-81.0545489539878,29.1103178267254,0,FALSE
1500000,785000,-80.5480772781046,29.0384096567356,0,FALSE
-800000,735000,-104.24843275735,29.3767442259506,0,FALSE
-750000,735000,-103.73525577283,29.4146426747984,0,FALSE
-700000,735000,-103.221620744792,29.4501079226187,0,FALSE
-650000,735000,-102.707561167288,29.483140874151,0,FALSE
-500000,735000,-101.163171964048,29.5676036367421,0,FALSE
-450000,735000,-100.647724125335,29.5908706813664,0,FALSE
-400000,735000,-100.132001935379,29.6116938855967,0,FALSE
-350000,735000,-99.6160357490963,29.6300707225583,0,FALSE
-300000,735000,-99.0998564986783,29.646000695081,0,FALSE
-250000,735000,-98.5834950100766,29.6594816303794,0,FALSE
-200000,735000,-98.0669806988438,29.6705128902733,0,FALSE
-150000,735000,-97.5503418667881,29.6790926504678,0,FALSE
-100000,735000,-97.0336129462071,29.6852216107258,0,FALSE
-50000,735000,-96.5168241588318,29.6888994083576,0,FALSE
0,735000,-96.00000457928,29.690125435342,0,FALSE
50000,735000,-95.4831848886756,29.688899600955,0,FALSE
100000,735000,-94.9663952710773,29.6852210310597,0,FALSE
150000,735000,-94.4496669132181,29.6790907262955,0,FALSE
200000,735000,-93.9330288034085,29.6705083452591,0,FALSE
250000,735000,-93.4165144766214,29.6594764427409,0,FALSE
300000,735000,-92.9001536302601,29.6459958420258,0,FALSE
350000,735000,-92.3839726133763,29.6300651216358,0,FALSE
400000,735000,-91.8680049654569,29.6116867505068,0,FALSE
450000,735000,-91.3522816894831,29.5908623960055,0,FALSE
500000,735000,-90.8368316475728,29.5675925175403,0,FALSE
550000,735000,-90.3216865443163,29.5418814094393,0,FALSE
600000,735000,-89.806875851041,29.5137286573061,0,FALSE
650000,735000,-89.2924288494395,29.4831366356653,0,FALSE
1300000,735000,-82.6510319710548,28.8646210399025,0,FALSE
1350000,735000,-82.144724542297,28.8001735550443,0,FALSE
1400000,735000,-81.639205096664,28.733333546128,0,FALSE
1450000,735000,-81.1345042830356,28.6641076763973,0,FALSE
1500000,735000,-80.6306487036429,28.5925008499504,0,FALSE
-750000,685000,-103.693599971963,28.9647080799233,0,FALSE
-700000,685000,-103.182710229643,29.000019817009,0,FALSE
-650000,685000,-102.671400374702,29.0329118771205,0,FALSE
-500000,685000,-101.135300716014,29.1170103649767,0,FALSE
-450000,685000,-100.622625559623,29.1401783419416,0,FALSE
-400000,685000,-100.109680971077,29.1609119284538,0,FALSE
-350000,685000,-99.596496684387,29.1792097453208,0,FALSE
-300000,685000,-99.0831022016804,29.1950702308438,0,FALSE
-250000,685000,-98.5695282856114,29.2084923257791,0,FALSE
-200000,685000,-98.0558040985275,29.2194758250461,0,FALSE
-150000,685000,-97.5419584428483,29.228018690475,0,FALSE
-100000,685000,-97.0280227335869,29.2341209013664,0,FALSE
-50000,685000,-96.5140287215311,29.2377822521138,0,FALSE
0,685000,-96.0000043735499,29.2390035627324,0,FALSE
50000,685000,-95.485979819843,29.2377827435161,0,FALSE
100000,685000,-94.971985786905,29.2341202338204,0,FALSE
150000,685000,-94.4580509695948,29.2280162003824,0,FALSE
500000,685000,-90.8647022642341,29.1170010779722,0,FALSE
550000,685000,-90.352325887825,29.091400799762,0,FALSE
600000,685000,-89.8402781388904,29.0633693591805,0,FALSE
650000,685000,-89.3285883957917,29.0329090113958,0,FALSE
1300000,685000,-82.7222971405217,28.4170139168801,0,FALSE
1350000,685000,-82.218617911603,28.3528349956929,0,FALSE
1400000,685000,-81.7157113308659,28.2862703466674,0,FALSE
1450000,685000,-81.213615756173,28.2173324415958,0,FALSE
1500000,685000,-80.7123496737838,28.1460205573016,0,FALSE
1550000,685000,-80.211939961776,28.0723405101276,0,FALSE
-450000,635000,-100.597795702405,28.6889847264954,0,FALSE
-400000,635000,-100.087599487598,28.7096306404462,0,FALSE
-350000,635000,-99.5771669324778,28.7278507439008,0,FALSE
-300000,635000,-99.0665280002855,28.7436436301357,0,FALSE
-250000,635000,-98.5557126473017,28.7570082660958,0,FALSE
-200000,635000,-98.0447477606671,28.7679453344934,0,FALSE
-150000,635000,-97.5336646940799,28.7764521010427,0,FALSE
-100000,635000,-97.0224936462717,28.7825281998272,0,FALSE
-50000,635000,-96.511263833689,28.7861741498465,0,FALSE
0,635000,-96.0000055182329,28.7873900222169,0,FALSE
50000,635000,-95.4887460329361,28.7861747796046,0,FALSE
1300000,635000,-82.7928094602993,27.9688383359597,0,FALSE
1350000,635000,-82.2917284759522,27.9049208539148,0,FALSE
1400000,635000,-81.7914148301889,27.8386305659966,0,FALSE
1450000,635000,-81.2918960293951,27.7699719441316,0,FALSE
1500000,635000,-80.7931941020579,27.6989484445707,0,FALSE
1550000,635000,-80.2953350817355,27.6255652795426,0,FALSE
-450000,585000,-100.573229786619,28.2372688094091,0,FALSE
-400000,585000,-100.065753522076,28.2578289515616,0,FALSE
-350000,585000,-99.5580439393376,28.2759729922857,0,FALSE
-300000,585000,-99.0501311431167,28.2916996996386,0,FALSE
-250000,585000,-98.5420436231256,28.3050082333964,0,FALSE
-200000,585000,-98.0338099067007,28.3158989455835,0,FALSE
-150000,585000,-97.5254600981659,28.3243699210955,0,FALSE
-100000,585000,-97.0170236295517,28.3304210686619,0,FALSE
-50000,585000,-96.5085286251398,28.3340525867516,0,FALSE
1300000,585000,-82.8625822302835,27.520076810239,0,FALSE
1350000,585000,-82.3640785297951,27.4564169038259,0,FALSE
1400000,585000,-81.8663289697325,27.390392306977,0,FALSE
1450000,585000,-81.3693597298875,27.3220074009497,0,FALSE
1500000,585000,-80.8731964885905,27.2512653306468,0,FALSE
1550000,585000,-80.3778630910702,27.1781722969404,0,FALSE
1600000,585000,-79.8833878756479,27.1027336691281,0,FALSE
-400000,535000,-100.044133027668,27.8054843570639,0,FALSE
-350000,535000,-99.5391240138479,27.8235552729227,0,FALSE
-300000,535000,-99.0339075847051,27.8392166301334,0,FALSE
-250000,535000,-98.528519887574,27.8524702954439,0,FALSE
-200000,535000,-98.0229883331874,27.8633163526042,0,FALSE
-150000,535000,-97.5173429168428,27.8717528238148,0,FALSE
-100000,535000,-97.0116115078152,27.8777795754135,0,FALSE
1350000,535000,-82.4356729681498,27.0072984189171,0,FALSE
1400000,535000,-81.9404609466694,26.9415334409338,0,FALSE
1450000,535000,-81.4460177719363,26.8734162200707,0,FALSE
1500000,535000,-80.9523687021415,26.8029512134075,0,FALSE
1550000,535000,-80.4595363554111,26.7301420920672,0,FALSE
1600000,535000,-79.9675472816093,26.6549957034871,0,FALSE
-350000,485000,-99.5204046074186,27.370576241251,0,FALSE
-300000,485000,-99.0178569204531,27.3861740053616,0,FALSE
-250000,485000,-98.5151398002737,27.3993741386359,0,FALSE
-200000,485000,-98.0122817620573,27.4101752558493,0,FALSE
-150000,485000,-97.5093117805358,27.4185765757907,0,FALSE
-100000,485000,-97.0062567769103,27.4245794445246,0,FALSE
1400000,485000,-82.0138248868113,26.4920351462497,0,FALSE
1450000,485000,-81.5218825626252,26.4241804909822,0,FALSE
1500000,485000,-81.0307221478174,26.3539855816055,0,FALSE
1550000,485000,-80.5403660147583,26.2814551317152,0,FALSE
1600000,485000,-80.0508389524276,26.2065926790963,0,FALSE
-350000,435000,-99.5018828626211,26.9170141873947,0,FALSE
-300000,435000,-99.0019757387583,26.932549952619,0,FALSE
-250000,435000,-98.5019010217126,26.9456977105529,0,FALSE
-200000,435000,-98.0016885535042,26.956455643173,0,FALSE
-150000,435000,-97.5013649630696,26.9648230106817,0,FALSE
1450000,435000,-81.5969665981995,25.9742800972288,0,FALSE
1500000,435000,-81.1082708365835,25.9043496093687,0,FALSE
1550000,435000,-80.620367536807,25.8320909902072,0,FALSE
1600000,435000,-80.1332801448937,25.7575081730444,0,FALSE
-300000,385000,-98.9862600046789,26.4783233629719,0,FALSE
-250000,385000,-98.4888013224739,26.4914205063188,0,FALSE
-200000,385000,-97.9912064449009,26.5021368731518,0,FALSE
-150000,385000,-97.4935033037056,26.510471868983,0,FALSE
-100000,385000,-96.9957184197887,26.5164253759371,0,FALSE
1500000,385000,-81.1850277610521,25.4540236656065,0,FALSE
1550000,385000,-80.6995528954309,25.3820304369245,0,FALSE
1600000,385000,-80.2148823837648,25.3077210444334,0,FALSE
-250000,335000,-98.4758346805276,26.0365197513855,0,FALSE
-200000,335000,-97.9808330542661,26.0471964427684,0,FALSE
-150000,335000,-97.4857233570066,26.0554992050073,0,FALSE
-100000,335000,-96.9905322354235,26.0614297680167,0,FALSE
1500000,335000,-81.2610056819506,25.0029846568401,0,FALSE
1550000,335000,-80.777934092967,24.9312529080252,0,FALSE
1600000,335000,-80.2956559711537,24.8572117060537,0,FALSE
1450000,285000,-81.8176583577047,24.6203842285197,0,FALSE
1500000,285000,-81.3362124820482,24.5512136127451,0,FALSE
