"cell100","link_occ_intercept_mean","link_occ_intercept_q025","link_occ_intercept_q975","MWMT_effect_mean","MWMT_effect_q025","MWMT_effect_q975","MCMT_effect_mean","MCMT_effect_q025","MCMT_effect_q975","x","y","lon","lat"
1,-4.2423766229149,-9.75305745166052,0.872118754518904,0.801070933055279,-1.77118028240885,3.43235657638906,-1.78341583433372,-7.42798361696117,3.64408859800753,-1975000,3210000,-123.169325592467,49.3418514172384
2,-4.24771139006177,-9.12117435207664,0.232673727080367,0.627436070414848,-1.66924639552446,2.9545651618897,-1.74960600788868,-6.71182686080264,3.03142565970691,-2175000,3110000,-125.34278383401,47.9398318622962
3,-4.24567130766013,-8.67717999354841,-0.194563621403506,0.681493384296376,-1.28371210891681,2.68385222112414,-1.76073352784646,-6.096735779239,2.370178442587,-2075000,3110000,-124.072494736524,48.2097010749556
4,-4.23802569279941,-8.36655158950824,-0.474973409216952,0.802813576155031,-0.854005338718827,2.52573677836651,-1.78740196777175,-5.57906545569537,1.75344108465254,-1975000,3110000,-122.791789339332,48.4681839714966
5,-4.21773303296676,-7.93504922846909,-0.732592738887702,1.03559346788026,-0.0220505018587771,2.30963652497678,-1.84115632926197,-4.82391800660214,0.465222316457269,-1875000,3110000,-121.501009306634,48.7151138832371
6,-3.2023028839531,-6.26032416214792,-0.279146125421231,0.738235335047555,0.178929938781651,1.23922227554421,-0.217734650883834,-5.00610392448247,2.71558597505906,-1775000,3110000,-120.200515518212,48.950330479974
7,-4.34236500975242,-7.21987582308983,-1.52840739585443,0.544592559448044,-0.637099924431507,1.74584972654028,-1.06631398875129,-4.08319337345848,1.82079104455338,-1675000,3110000,-118.890692449359,49.173665496168
8,-3.47403763924244,-6.66781311311136,-0.387368851239718,-0.0979372324871669,-1.3863915388473,1.4103866506666,-0.0149629380999843,-2.9425485419098,2.69654792479461,-1575000,3110000,-117.57193502443,49.3849715064046
9,-4.25141797602883,-8.70675062511782,-0.135117871878874,0.577299870649477,-1.50384283062233,2.64224648421807,-1.73272433770487,-6.21517100249821,2.53579948617444,-2175000,3010000,-124.944602195595,47.0768315721678
10,-4.25727302277542,-8.37254467435856,-0.505887284281716,0.615516373497415,-1.1778936496587,2.42975843276952,-1.74899998064963,-5.67360968321861,1.98793812441929,-2075000,3010000,-123.689487635121,47.3423221219025
11,-4.2581063387973,-8.07405247750777,-0.732085412534694,0.69387708892873,-0.850192354435489,2.2898084041736,-1.76030999886397,-5.22473811211941,1.53704147005505,-1975000,3010000,-122.424349185026,47.5965515324135
12,-4.22491949236395,-7.76306375259293,-0.918668302630203,0.815734449215559,-0.451736373347529,2.15939929359469,-1.6340566376441,-4.64383629534352,1.22629512234416,-1875000,3010000,-121.149526306278,47.839361849303
13,-3.89313486408775,-6.94254933758799,-0.974448857980193,0.913482451868316,0.0435807388034127,1.90602091055052,-0.719827273562913,-3.12087096856565,1.64480633860093,-1775000,3010000,-119.865365081081,48.0705979891592
14,-3.44530187459284,-6.2043597108944,-0.965087227948983,0.921996303961844,-0.160033312223308,2.07187094157064,0.66764757915722,-1.41917022547873,2.99598797971711,-1675000,3010000,-118.572236234479,48.2901120225146
15,-3.59532154057987,-6.18158019643448,-1.1569028789096,1.01505208290455,0.258596178460485,1.82989466765708,1.1627743568537,-0.584163903423595,3.1092193549617,-1575000,3010000,-117.270533071915,48.4977609801067
16,-3.37715220565928,-6.08847269828212,-0.809801087087511,0.0827975871801314,-0.884968767411473,1.08650882039739,-0.634238006077484,-2.88506347349129,1.49476146296839,-1475000,3010000,-115.960661041074,48.6933941718837
17,-3.62512266721567,-6.29173316217679,-1.16060066983475,0.176063591427189,-0.617828652418234,0.956060665647137,-1.98393409775006,-4.71560027009311,0.521494463989404,-1375000,3010000,-114.643049676115,48.8768826533956
18,-3.03487730804499,-5.41480734650133,-0.65977408221753,0.153420632801151,-0.493197484901729,0.829670938980572,-0.933022979622879,-3.47651759291375,1.55845547542089,-1275000,3010000,-113.318137223694,49.0480950400485
19,-3.36850922976121,-6.15343936045831,-0.731210595907819,-0.143446931902072,-1.56771688097995,1.24105362591506,-0.738043372498169,-3.83904908373096,2.37184228479335,-1175000,3010000,-111.986386874357,49.2069044582452
20,-3.95377659869413,-6.69505463237344,-1.46507635896968,-0.382957741131012,-1.97206243147773,1.15078996769203,-0.486408158082412,-3.66672558136476,2.81590864213258,-1075000,3010000,-110.648254645755,49.3531978006547
21,-3.94101061696334,-7.4532304862927,-0.69250234850618,-0.362519249376436,-2.292055953638,1.5155278176614,-0.602759540368415,-4.46205189562763,3.34842657352305,-975000,3010000,-109.304253844539,49.4868615079761
22,-1.54518527048337,-4.98581449331796,2.02124500117138,0.431225360504545,-1.70997923423732,2.67728103512641,-1.27672696870243,-3.2905879901937,0.805220751096933,2025000,3010000,-68.9418484895862,47.4708524086458
23,-1.46867164575833,-4.96128636547826,2.02535558046808,0.705346032587403,-1.43335791693511,2.9222850471765,-1.32772613292692,-3.38903655716989,0.753300021805451,2125000,3010000,-67.6816786508927,47.210973594439
24,-4.24206864629958,-8.51178826183735,-0.361836481694276,0.491551223473548,-1.4809253470297,2.45669500254065,-1.70458177201831,-5.95855162950765,2.33343998037529,-2175000,2910000,-124.556771259415,46.2151445142847
25,-4.26267971873627,-8.17900223906737,-0.680956942698467,0.509812105679365,-1.21898181388935,2.25373604758804,-1.74500552491432,-5.51655505001878,1.81997665076794,-2075000,2910000,-123.316508091049,46.476464425411
26,-4.31712393599564,-7.97333120468655,-0.952565271262481,0.548904171503253,-0.977437300210924,2.08309610569269,-1.86666125497785,-5.17825230365263,1.27239722344122,-1975000,2910000,-122.066597318278,46.7266416222802
27,-4.51974601936317,-7.87077273679494,-1.38380920696216,0.619907601525942,-0.589068652486665,1.90724883095309,-2.22688112146929,-4.63947934431396,0.044649072261927,-1875000,2910000,-120.807383290054,46.9655337435543
28,-3.9499194291053,-7.07595682873202,-1.00917983190038,0.550197813535731,-0.682850054733801,1.80739713942862,-1.01877153312817,-3.66978093491378,1.61619616429908,-1775000,2910000,-119.539181916033,47.1929905096932
29,-3.31065878076352,-5.99218774764295,-0.772774819219918,0.504855574792506,-0.650151217419315,1.66933138773717,0.381557075585587,-1.38603583565329,2.25411015614419,-1675000,2910000,-118.262362517152,47.4088723985633
30,-3.67878404272266,-6.29926145644628,-1.16298652731141,0.201789559272585,-0.608499130067649,0.998783584039269,1.51813675715362,0.0432801680090588,3.14664485535396,-1575000,2910000,-116.977305416189,47.6130445359909
31,-3.34091075672463,-5.86640195922882,-0.918774030073697,-0.359233059410596,-1.23394455088395,0.413797246069119,0.0438525147069668,-1.79446799242899,1.90820882726461,-1475000,2910000,-115.684400453992,47.8053694530831
32,-3.58339849482079,-5.9416634335929,-1.39949574709156,0.373745011795306,-0.550111928550264,1.33111596747513,-0.816899483479942,-2.80858776688558,1.25327759742166,-1375000,2910000,-114.384063627296,47.9857192724675
33,-2.90996063085036,-5.04386777976408,-0.897246246530699,-0.073042921761755,-0.768206920036373,0.654775649904097,-0.694259153261503,-3.21199162188405,1.82102577968612,-1275000,2910000,-113.07671707658,48.1539750061968
34,-3.11601285186717,-5.38422204625046,-1.00692400176423,-0.203747481128139,-1.45268063996505,1.00331684941082,-0.780131776682441,-3.30427326093044,1.70233253446029,-1175000,2910000,-111.762803161925,48.3100205882903
35,-3.59114281124002,-6.208149282691,-1.15817824835563,-0.311416017321139,-1.71902880562789,1.03805614361686,-0.845200923363996,-3.70951916158144,2.03029629841116,-1075000,2910000,-110.442781289464,48.4537426271522
36,-3.92509892347609,-6.68811738636968,-1.36191846884933,-0.349369763245246,-1.80973250148692,1.0616660742327,-0.731335375707304,-3.62059965053776,2.18661994999439,-975000,2910000,-109.117119896649,48.5850413786676
37,-4.38911817929526,-7.1190638541921,-1.87817059938131,-0.430677245480694,-1.88250449956611,0.960390706804794,-0.232368164108088,-2.45252128527548,2.05114982891672,-875000,2910000,-107.78628448641,48.7038150700903
38,-4.19484024748968,-7.16057572570291,-1.41158642764734,-0.352210093275388,-1.92469862625667,1.2143317614211,-0.743505097355209,-3.18385642793678,1.73775222550688,-775000,2910000,-106.450811318463,48.8099833864942
39,-3.82997539099987,-6.91192196543723,-0.847323618073,-0.226396064963006,-1.84248699192987,1.40481981631013,-1.62877768953343,-4.3852972851496,1.12204763629619,-675000,2910000,-105.111174299054,48.9034745389889
40,-3.68751045065645,-6.89410650511506,-0.568434488737042,-0.151663310028451,-1.8520574885739,1.54054849247302,-2.27467109157992,-4.88816979501818,0.372381130191765,-575000,2910000,-103.767896388197,48.9842029518359
41,-4.03837643758661,-7.18160520342959,-0.90970735862634,-0.229110405687167,-1.99395164922333,1.53668360210579,-1.88964262550984,-3.8597691494552,0.0257294263313856,-475000,2910000,-102.421506196304,49.0521142768701
42,-4.51647983729566,-7.81194251606497,-1.23165845340088,-0.35453966850818,-2.13394968405965,1.43111200358642,-1.31510855119227,-3.07180915670215,0.453099630417952,-375000,2910000,-101.072520869239,49.1071676856237
43,-4.87794301761773,-8.35198897503814,-1.44670994123751,-0.407972907469215,-2.27151468413655,1.44483809043035,-0.87993854189468,-2.7223230086332,1.03454590403828,-275000,2910000,-99.7214769519869,49.1492955628535
44,-5.05920972001621,-8.64270180237468,-1.5121518150529,-0.486301506078556,-2.38846463603581,1.37323832269279,-1.00493086678604,-3.80712821011039,1.75724187701315,-175000,2910000,-98.3689334255098,49.1784873265989
45,-5.2657912734273,-8.90585524172692,-1.67158838124489,-0.516690866966529,-2.48036586909491,1.41132496898966,-0.885788146479911,-2.6919615308557,1.03529882174514,-75000,2910000,-97.0154273891687,49.1947113733697
46,-5.39644944773223,-9.14120678605113,-1.66116421504234,-0.502214067738609,-2.53657572116624,1.50223583573514,-0.907973983247608,-2.67383674813284,0.97575828524796,25000,2910000,-95.6615242485339,49.1979574268762
47,-5.44334246258267,-9.53488033274886,-1.45964859164922,-0.464868644738453,-2.67484231218409,1.72688856631604,-1.34490820733041,-4.61313471837571,1.91017095541143,125000,2910000,-94.3077452671195,49.1882282867317
48,-1.70785272588635,-4.74466142805691,1.45957447019502,0.0830921673914389,-1.84513429166888,2.07061443194869,-1.37873817197615,-3.47503941973589,0.842558007754479,1925000,2910000,-70.5618618681648,46.8475096756011
49,-1.68545849986167,-4.22603154196935,0.94360546387007,0.155198785897471,-1.51864818553028,1.80818481715061,-1.54408269108594,-3.16848310631169,0.118236115925706,2025000,2910000,-69.3072560535944,46.6029571177955
50,-1.70143693726471,-4.3425411568878,0.927493720224929,0.50435835988383,-1.1837201727172,2.20276154335438,-1.08076927192162,-3.03659298883948,0.887784456360637,2125000,2910000,-68.0621362436662,46.3471907168816
51,-4.22992383722945,-8.38359729311705,-0.461644838187223,0.389178917708861,-1.52354329645571,2.320000021678,-1.64251559531889,-5.80791870898625,2.31894694934241,-2175000,2810000,-124.178879012635,45.3545182589243
52,-4.23972451588926,-8.02879173093166,-0.767555337584945,0.388444946960297,-1.31743252359218,2.09938577159464,-1.66954781215599,-5.34364132221075,1.84994503275156,-2075000,2810000,-122.953170983124,45.6118611005211
53,-4.25254295496611,-7.82175223997022,-0.979989591705929,0.385549793581922,-1.16660223696334,1.93686605047833,-1.73905839501136,-5.06316517322456,1.43466996450855,-1975000,2810000,-121.718175914643,45.8581812469937
54,-4.26276073715896,-7.60662290371757,-1.15577075084092,0.34965660527556,-1.04919853126691,1.75605198798032,-1.78788644936039,-4.71147348957324,1.02043610678807,-1875000,2810000,-120.474217274227,46.0933389368615
55,-4.0749539015453,-7.2073228426287,-1.15803130706985,0.17625191805424,-0.994100723555087,1.35996176460724,-1.4991587297786,-3.55990655365092,0.496190439676477,-1775000,2810000,-119.221617624861,46.3171975288635
56,-3.61478995371788,-6.45638869411845,-0.922759886490698,-0.0368000235038643,-1.20660295436152,1.09853670976247,-0.471332599292703,-2.00336717198242,1.06745106118796,-1675000,2810000,-117.960730956215,46.5296240200819
57,-3.10571071736634,-5.81747530099139,-0.607272349458222,-0.578390073916237,-1.46112526033967,0.204323023536635,0.889196669617534,-0.445594847863079,2.42108364411789,-1575000,2810000,-116.691922996525,46.7304897212872
58,-3.53627158212212,-5.97843605884955,-1.27120960091331,-0.0709716339792829,-1.05223790783441,0.94948993081042,-0.249057717734468,-2.05410795054397,1.63350392435503,-1475000,2810000,-115.415574049453,46.9196677221897
59,-4.76709907255445,-6.96658538764486,-2.6452131735819,0.376369495872224,-0.424556643887516,1.28064213910948,-2.58836382277496,-4.74577616414752,-0.562240511400071,-1375000,2810000,-114.132086348469,47.0970369578489
60,-2.61733885838803,-4.35168995911544,-0.933917934147883,-0.289179520197815,-0.969422496927543,0.48886946037249,-0.800960270238026,-2.97356876321011,1.43656721468321,-1275000,2810000,-112.84186615986,47.2624872304639
61,-3.33431766037015,-5.56460463624856,-1.26829743907996,-0.434130116036072,-1.52799036770454,0.603689154296032,-1.71890366463434,-4.04701071181636,0.441284646260851,-1175000,2810000,-111.54534124316,47.4159064774435
62,-3.36926937398417,-5.84774053256905,-1.033312778592,-0.31040916620559,-1.59033226034487,0.93579636707205,-1.37783079029505,-4.17753725505059,1.32482734250727,-1075000,2810000,-110.242950680317,47.5571913530339
63,-3.78327603081805,-6.36524263792951,-1.39337225921137,-0.289397507598572,-1.57530601832469,0.982004829003915,-1.2481614707318,-4.05172639121735,1.48920350685575,-975000,2810000,-108.935146487358,47.6862450692055
64,-4.1269181494543,-6.65993042516433,-1.84165058081646,-0.460592825538969,-1.61161926128374,0.639976618612206,-0.964871306462688,-3.66854853185792,1.74265621415778,-875000,2810000,-107.622393912519,47.8029801239973
65,-3.95041861207076,-6.62528612489126,-1.42575700686782,-0.348008434589217,-1.59047283343183,0.85797748894828,-1.09777879708601,-3.89210612551212,1.58683724263171,-775000,2810000,-106.305168819975,47.9073123211315
66,-3.87487632081345,-6.76135554094243,-1.1104281418189,-0.275151163569302,-1.69332023940787,1.14308065034693,-1.40194316130802,-4.35667191086583,1.48209844669481,-675000,2810000,-104.983955639354,47.9991712513146
67,-3.88906690330277,-6.67351881314155,-1.15546516336088,-0.216901399224601,-1.53915431759387,1.09499722827749,-1.69180293866506,-4.53011373908506,1.10221981283941,-575000,2810000,-103.659251405998,48.0784890864749
68,-4.16514406734159,-7.09941678935759,-1.27061663958579,-0.264381193348286,-1.7633812622712,1.18046207410115,-1.58869234694206,-4.11312115206466,0.893251150678194,-475000,2810000,-102.331558524705,48.1452102224919
69,-4.59365482299468,-7.59384391249546,-1.62875292245153,-0.346699855765169,-1.88845853032292,1.19747858638465,-1.1387812977564,-2.86402797333043,0.594292745020416,-375000,2810000,-101.001385027133,48.1992851979385
70,-4.57810125238448,-7.74581252476982,-1.48917088586419,-0.304531206197031,-1.93728348876866,1.27056156004242,-1.80458371387611,-3.52481005162087,-0.113188469679208,-275000,2810000,-99.6692479541713,48.2406742527315
71,-5.04729434004831,-8.24444263316004,-1.8743087021213,-0.541552897863196,-2.23100655314732,1.04548416910424,-1.24291377482603,-2.87493246326834,0.371355299863241,-175000,2810000,-98.3356669779927,48.2693492469662
72,-5.29355694625022,-8.60850881447907,-2.03362509391386,-0.531560343814789,-2.26047072712758,1.14421597330951,-0.966951842414999,-2.84996014043418,0.929988224968699,-75000,2810000,-97.0011666035386,48.2852864652238
73,-5.25642671412265,-8.5144632347404,-2.02835447423414,-0.463543879124123,-2.22907529013844,1.31802704488771,-1.63914040320212,-3.12904646370168,-0.192902437736192,25000,2810000,-95.6662693519086,48.2884754768216
74,-5.48702220014826,-8.72358074853856,-2.16273479527718,-0.431420445886537,-2.18988352632522,1.33159965781524,-1.77394684169144,-3.22111381922911,-0.305780962840339,125000,2810000,-94.3315018396169,48.2789124504967
75,-5.95745991797105,-9.25724199912746,-2.72337392159798,-0.356209369248956,-2.12935432829808,1.43483771491028,-0.976700479241883,-2.30900032621432,0.306713320956116,225000,2810000,-92.997390137809,48.2566028128906
76,-5.88047207124491,-8.94570427364904,-2.97427295298805,-0.0325048809569778,-1.72680438804161,1.73200628162162,-1.55643492392311,-2.83823962576023,-0.366636629700091,325000,2810000,-91.6644655087382,48.2215646681103
77,-5.07952936238394,-7.75465190570316,-2.53469751757344,0.478715666773818,-1.06926976089018,2.18150101100878,-1.95008026569112,-3.1048109866238,-0.859500919238936,425000,2810000,-90.3332609530476,48.1738332005057
78,-3.40874360883323,-5.82449072903068,-1.07246833355894,-0.709864781406877,-2.39597753577028,0.942966410613947,-3.51630805840867,-5.72794009398259,-1.42082766316421,525000,2810000,-89.0042539390201,48.1134276170105
79,-4.48111761898689,-7.40173376488197,-1.65485031762184,-0.827486971630885,-2.78093681651934,1.0277208198918,-4.01461331195459,-7.44243828816122,-0.798738291043062,625000,2810000,-87.6779922829481,48.0404012489156
80,-4.85350295910943,-8.3260013941841,-1.5710082241125,-0.79570384829739,-2.99232437648761,1.31666308923775,-3.9315202478082,-8.12282430038171,-0.00619670129235342,725000,2810000,-86.3549771384183,47.9548095862599
81,-2.0717197376019,-4.6392932018993,0.450324163793419,0.0208797545025915,-1.51472040531261,1.64211727894731,-0.541666148308438,-2.52871225353444,1.54114973888608,1925000,2810000,-70.9027006384988,45.9771669400464
82,-1.90798740559398,-3.86832845824773,0.121136869892552,-0.149010346270934,-1.35242844107336,1.07360706034433,-1.67281426890291,-3.24804049174304,-0.111720663942585,2025000,2810000,-69.6631822161933,45.7364137978074
83,-2.65421364054657,-4.60985458433448,-0.774711892705415,-0.256603609982574,-1.45221374717123,1.01919949992939,-2.70949530699715,-4.2802802479341,-1.14398924156357,2125000,2810000,-68.432791635546,45.4845661104195
84,-2.87258998274002,-4.67543974519154,-1.3050517986634,0.0736861048523095,-1.51954491912907,1.71502986656361,-5.17311164593031,-7.93526798820782,-2.77788550708039,2225000,2810000,-67.2118376991686,45.221770223143
85,-4.20835653216571,-8.23808954441045,-0.555755470748867,0.281618855148843,-1.62300712316983,2.17354707170511,-1.53776919268152,-5.61584369987431,2.36138783894949,-2175000,2710000,-123.810571054555,44.4947177637686
86,-4.20763823022627,-7.88143467379635,-0.824592419596604,0.280343957998022,-1.42114909682899,1.96965409597117,-1.56406613950473,-5.20191320092915,1.91539767362605,-2075000,2710000,-122.599118448898,44.7482627377056
87,-4.20536562231051,-7.7099919817433,-0.976041182430668,0.26214355710336,-1.33563810653123,1.82643276115841,-1.6159378986904,-4.98405369010876,1.57712188515974,-1975000,2710000,-121.378723900361,44.9909001656083
88,-4.19731150092591,-7.55871288203214,-1.10712295413985,0.21958883037355,-1.27118974455864,1.68257423789713,-1.68022066126639,-4.75751034170494,1.24509468479578,-1875000,2710000,-120.149691068532,45.2224985222062
89,-4.2100780162204,-7.30313733130756,-1.3298310215561,0.130872669299684,-1.23896364391932,1.5021877800051,-1.81921382353653,-4.39356506361078,0.384995013974217,-1775000,2710000,-118.912344450706,45.4429306819675
90,-3.86914417092937,-6.8037767406707,-1.16304324328411,-0.0419480036026334,-1.32284289939475,1.20293705835989,-1.11646180387571,-3.78611333791605,1.46332770554354,-1675000,2710000,-117.667024450493,45.6520628861101
91,-3.64413916812329,-6.24392643393713,-1.23774835109827,-0.196923187873431,-1.12472707918713,0.834243143193039,-0.709573506227182,-3.2447145387589,1.58593478474474,-1575000,2710000,-116.414082614044,45.8497815298647
92,-3.32068743443093,-5.76153309374678,-1.04043635345266,-0.203310628253903,-1.40647177559462,0.964585691905018,-0.813892337035518,-2.90113419540171,1.1135361717112,-1475000,2710000,-115.153895433217,46.0359649024647
93,-3.15240024212138,-5.33560296044558,-1.09710734193828,-0.376821740713965,-1.10525994979308,0.33992556845849,-1.95455414232431,-3.98859684669065,-0.0167568445712167,-1375000,2710000,-113.886838481153,46.2105027178984
94,-2.70178482067652,-4.69056471905051,-0.767369849801367,-0.00702974613489867,-0.750374374134224,0.816541182472223,-1.60578145601795,-4.03253692530407,0.673325058832723,-1275000,2710000,-112.613318458256,46.3732825876321
95,-2.89086171537061,-4.91502375473962,-0.921500502880971,0.0219397603414277,-0.89352309613518,0.963411547942071,-2.34583413023104,-4.87394726742675,-0.0684520286368193,-1175000,2710000,-111.333743391348,46.5242070681126
96,-2.76358727110601,-4.9934897978321,-0.616354927025819,-0.212380360370375,-1.25765176571586,0.893706381612878,-1.70854745686538,-4.45445450098032,0.848629429153133,-1075000,2710000,-110.048531846479,46.6631748214316
97,-3.71230194936593,-6.00537709571357,-1.61307524472934,-0.0395288251411256,-1.03714516813082,1.03925702575881,-1.91723823035388,-4.53904839844244,0.396860488652813,-975000,2710000,-108.758125628156,46.7900977190569
98,-3.64171697109211,-6.19684817714758,-1.24738369741819,-0.291477365422732,-1.55371231112593,0.968428939468909,-1.33006937744196,-4.19883932835059,1.42759596930487,-875000,2710000,-107.462965624746,46.9048919556832
99,-3.69952772272852,-6.4022053445266,-1.10872265572339,-0.329258737423356,-1.67105719728684,1.00381326990377,-1.18010496107255,-4.12872705346021,1.68442110296975,-775000,2710000,-106.16351693014,47.0074830739936
100,-3.82072867006172,-6.64848507421795,-1.12812609266446,-0.313196678519095,-1.71158273796258,1.09139788058729,-1.21202003663896,-4.20840023725612,1.71548103157763,-675000,2710000,-104.860235008944,47.0977980906832
101,-4.0339432020202,-6.87356455287237,-1.27531549225803,-0.318556062264584,-1.72871344862495,1.08884081160146,-1.25378500792882,-4.20555236514523,1.63964852231051,-575000,2710000,-103.553602831978,47.1757766260873
102,-4.48890334606114,-7.2541830911349,-1.8205104151192,-0.44509059184904,-1.81874771746705,0.886723204207187,-1.01672590639076,-3.69774805162504,1.64162119406518,-475000,2710000,-102.244105919719,47.2413671018957
103,-4.4659529829693,-7.25903741173375,-1.67113285978895,-0.286065632652849,-1.67775677892938,1.12810605406909,-1.44928741061883,-3.61672550387481,0.64368960784512,-375000,2710000,-100.932232562311,47.2945218067302
104,-4.49915494047998,-7.51407168846336,-1.65049603579859,-0.254522958631673,-1.77705887691442,1.2723330007904,-1.90983568581905,-4.23570251405936,0.37163900235907,-275000,2710000,-99.6184700473596,47.3352051544233
105,-5.01973417686516,-8.0108348812943,-2.07527806471541,-0.453293527523645,-1.99671379164566,1.08032791877196,-1.21553771532574,-3.34797167425909,0.855083060368236,-175000,2710000,-98.3033256988446,47.3633898590921
106,-5.33541117421906,-8.43623080448504,-2.26547640654319,-0.478014386158915,-2.08815447003519,1.08987159164601,-1.07396465702912,-3.08182900887993,0.869758644759755,-75000,2710000,-96.9872989155872,47.3790544641413
107,-5.77457850376785,-8.91346783810529,-2.67940958060226,-0.436324591384216,-2.08530602323906,1.20163554514204,-0.732450546350697,-2.366984323795,0.862568688318544,25000,2710000,-95.6708914781791,47.3821879008367
108,-6.27948977810878,-9.46849158880315,-3.11270295421121,-0.59642263099438,-2.27315722494312,1.05270402127952,0.129160667408533,-1.68031888952,1.97398723272878,125000,2710000,-94.3546107461381,47.3727883299767
109,-6.22857152380004,-9.22745263473697,-3.2795878282827,-0.409350804053587,-2.02912549168364,1.23772707098981,-0.732226197771262,-2.17627126939293,0.646978532336638,225000,2710000,-93.0389611247777,47.3508624180115
110,-6.33783962008119,-9.04235482716285,-3.6957284802572,-0.349129845334247,-1.94474449818678,1.23564305973148,-1.66084825778951,-2.892574245403,-0.474852995902435,325000,2710000,-91.724446741076,47.3164242121662
111,-5.47026113703149,-8.13701952686386,-2.96921144778945,-0.452687119582557,-2.05728123807708,1.13051692202396,-2.99815486153403,-4.49466661712858,-1.53126801827888,425000,2710000,-90.4115689367797,47.2695029069829
112,-6.1642206916955,-8.60855124040169,-3.85255546725074,-0.910557230360473,-2.61358163981722,0.682987770965331,-2.2845352587819,-4.60576096008698,0.061257277059976,525000,2710000,-89.1008199145916,47.2101227809329
113,-5.19406516774746,-7.34294280109007,-3.19624487239077,-0.983527501350188,-2.77757099590873,0.687402360025665,-4.60078025885216,-7.27603343231064,-1.9340906706831,625000,2710000,-87.7926967012489,47.1383314497345
114,-5.22537315421907,-7.78952480563299,-2.80173208421419,-0.758343718151842,-2.56013962300404,0.97181438650018,-3.84905901769288,-7.09743809606938,-0.78521292721983,725000,2710000,-86.4876829031037,47.0541765986081
115,-5.13676702721409,-7.25530785631747,-3.13371986328897,-0.382822192846935,-2.16599908013682,1.44787590704893,-3.39815749478531,-6.96822259517641,-0.0351128302226749,825000,2710000,-85.1862619184882,46.9577189915905
116,-3.42382669737952,-5.89298190707362,-0.885154409393742,-0.254380942031019,-2.33422196848728,1.89446466734135,-4.2494614740433,-7.66606629777886,-0.681135336521577,925000,2710000,-83.8888917430575,46.8490191553907
117,-2.76652639030537,-5.06097781543534,-0.616641354696927,-1.02404184952533,-2.3283515444163,0.18190826277891,-2.51006028928625,-5.13201664313643,-0.0757720303443746,1825000,2710000,-72.4679660051332,45.3341179714632
118,-1.29362829478067,-3.24376804245744,0.61545707556549,-0.0533219638653153,-1.20966618535628,1.1684475876466,-1.26413865500816,-3.13773671217,0.593839796656872,1925000,2710000,-71.2347313233464,45.1080885259231
119,-2.72556256417804,-4.5535540406206,-1.02242947825494,-0.981972656769598,-2.31717882803441,0.246776081294251,-2.14940124995478,-3.90233442364357,-0.495008196722754,2025000,2710000,-70.0099758745498,44.8709568962281
120,-3.57285066103859,-5.25698142781065,-1.98308579018384,-0.932012224567039,-2.18248396727328,0.26593499631877,-1.98228415396933,-3.650178067763,-0.360447912878675,2125000,2710000,-68.7940137238503,44.6228529295662
121,-2.99775243586243,-4.78003825790991,-1.41397986600667,-0.563232477979088,-2.08333695278044,0.984530678031116,-2.28388969358669,-4.52473389179062,0.0314834625410285,2225000,2710000,-67.5871353311431,44.3639094762467
122,-4.17553909781408,-8.72402018043225,-0.00239059786264917,0.138953459737105,-2.1784032765206,2.39750504468092,-1.33484634535879,-6.17617338316576,3.35362961253288,-2275000,2610000,-124.640096898849,43.3749344598104
123,-4.18308353227132,-8.05448328464461,-0.63948021950792,0.178688519231443,-1.70928084673511,2.01653760990202,-1.40508029109641,-5.3686593037,2.39786714415079,-2175000,2610000,-123.451510147749,43.6355125318297
124,-4.18009330361166,-7.81995890415954,-0.852255719454901,0.179752934562848,-1.533675747832,1.87257644694893,-1.44193975223616,-5.13274077538736,2.08875613123238,-2075000,2610000,-122.254018432239,43.8854267758358
125,-4.16680181804929,-7.66064136527294,-0.954534339434484,0.164897014416557,-1.45882973790085,1.74961381728939,-1.46680990789049,-4.90059911034092,1.81546079330703,-1975000,2610000,-121.047910314476,44.1245481240391
126,-4.13486916428634,-7.46202740961836,-1.06672975391882,0.125620356622795,-1.40448294802342,1.64034056044854,-1.49648204943465,-4.71898967885386,1.57096057432193,-1875000,2610000,-119.833479189901,44.3527471083302
127,-4.09018360407596,-7.21497792791315,-1.20115670680348,0.0564891106090574,-1.37871448054171,1.47218161775862,-1.53102807043811,-4.522777301628,1.32490314419561,-1775000,2610000,-118.611045692422,44.5699054213012
128,-4.00062266452119,-6.89400290697529,-1.31586471211536,-0.0537924052320654,-1.35948184647331,1.2227755357728,-1.47101001665897,-4.36895648677551,1.32599624093222,-1675000,2610000,-117.38093648438,44.775903267959
129,-4.0851512033121,-6.45218646325976,-1.86449470165026,-0.161321701308721,-1.01003092200703,0.691719414864269,-1.72864535538734,-4.48768774465989,1.0566537706332,-1575000,2610000,-116.143495509043,44.9706230593224
130,-3.56587156698075,-6.07979593245897,-1.25371371556002,0.0204544496051622,-1.14249420341888,1.14763736520657,-1.49121972762556,-4.20441574286153,1.09468837201949,-1475000,2610000,-114.899083038688,45.1539549577359
131,-2.96600310728395,-5.1206016563983,-0.979668247206982,-0.0514464563868057,-0.834317936248402,0.725183126126838,-1.70565079848148,-4.42423614301398,0.824607344194614,-1375000,2610000,-113.648066778663,45.3257936135533
132,-2.18011596798273,-4.07892206334891,-0.381300307752572,-0.117409840529586,-0.792414040058127,0.595163528982894,-2.01967970188194,-4.58970781723813,0.332860774045109,-1275000,2610000,-112.390832534202,45.486034168998
133,-1.38900518912096,-3.0367502641204,0.30248528941761,0.67085185446824,0.0828373360066563,1.29561107911419,-2.50443108506715,-4.32544828228191,-0.876774009201382,-1175000,2610000,-111.127777763629,45.6345844219682
134,-2.33319712724827,-4.46467727833129,-0.211561097222572,0.276849929456998,-0.405943518762396,1.12006610643388,-2.04150553772838,-4.69507787224382,0.304652591868434,-1075000,2610000,-109.859311193903,45.7713506492328
135,-2.83441902852056,-5.19914046583254,-0.552640905469985,-0.0354007849850146,-1.22509249058446,1.16169137642014,-1.63795990684854,-4.43272433914456,1.03430093506952,-975000,2610000,-108.585852969427,45.8962493314652
136,-3.03224609569331,-5.54943455198454,-0.601515726307401,-0.338148152874228,-1.58626776059677,0.895500145951403,-1.24377573820988,-4.16899069101787,1.58710129498237,-875000,2610000,-107.307828686632,46.0092000026633
137,-3.38161776612096,-6.06316359721849,-0.816520884109573,-0.362675074184222,-1.6940935592451,0.967818138882549,-1.08135749503574,-4.05806727473477,1.8385781389203,-775000,2610000,-106.025684210415,46.1101359792789
138,-3.68608270448372,-6.44885705578932,-1.02785178625386,-0.335594169570599,-1.74158852205233,1.06218397499074,-1.04975459199256,-4.07213704452696,1.95214571811659,-675000,2610000,-104.739862177153,46.1989853468259
139,-3.93982734900002,-6.77318219589589,-1.19793153545215,-0.298809007632549,-1.71588736049377,1.1065736058219,-1.0992965032456,-4.15355803066506,1.86387634961234,-575000,2610000,-103.45082176241,46.2756917970743
140,-4.07537430712984,-6.80912644609132,-1.44468621434684,-0.224164114039969,-1.56850480736833,1.12592215910471,-1.22120263205263,-4.14560637334713,1.58191898607632,-475000,2610000,-102.159030811349,46.340206393226
141,-4.3348921151588,-7.15391513515801,-1.6614062284686,-0.248714665494441,-1.56510686540268,1.0974355000238,-1.34138716665708,-3.65577187597489,0.915536430821689,-375000,2610000,-100.864959980772,46.3924895008005
142,-4.71152765346863,-7.70358052760876,-1.82198874895702,-0.371602744494653,-1.87537335580264,1.12277311287438,-1.20927659778559,-4.01576279271856,1.54853159674048,-275000,2610000,-99.5690776844766,46.432502303479
143,-5.17886470422027,-8.26277844658554,-2.23214002554058,-0.550539909970837,-2.10472706571401,0.971402773684754,-0.720909260047128,-3.46713721811069,2.01103436795755,-175000,2610000,-98.2718678498018,46.4602195498466
144,-5.7999182370123,-8.90999138644022,-2.82353101542222,-0.807114181775658,-2.32043822809652,0.621224869120466,0.177861002171854,-1.98366794926254,2.39842832023657,-75000,2610000,-96.9738104943814,46.4756267578932
145,-5.83880961723756,-9.03274995127562,-2.79618785399221,-0.640854087010119,-2.25800484713442,0.921436928487427,-0.297242078403109,-2.8778517281222,2.35514742131842,25000,2610000,-95.6753878946385,46.4787090203694
146,-6.10080935577954,-9.27897221199359,-3.07951038425369,-0.647656985649204,-2.27810866571862,0.939701921983429,-0.162170276128968,-2.16954545830976,1.97502578767256,125000,2610000,-94.37708991207,46.46946472606
147,-6.09247452842113,-9.26298861303761,-3.13370969969976,-0.576839162347373,-2.19935341914488,1.0379501888452,-0.791904026628575,-3.36862642533015,1.78930047455539,225000,2610000,-93.0793945823607,46.4479012479532
148,-6.12787173660708,-9.14391583084362,-3.2984408726887,-0.6043390461501,-2.24308055457901,0.989756636044187,-1.34751261190999,-3.92281750173847,1.19335231831668,325000,2610000,-91.7827876393318,46.4140315360846
149,-6.14183006605572,-8.87333523558351,-3.56084709846738,-0.808629979094748,-2.4570584605448,0.732988746517141,-1.59451935136245,-3.56724878366801,0.33541695349468,425000,2610000,-90.4877530431245,46.3678791065479
150,-6.32700541013094,-8.82397345981962,-3.89848318205585,-1.09926828376935,-2.80433488474217,0.482520522810717,-1.77104752529274,-3.60288710421313,-0.00244268720927792,525000,2610000,-89.1947610865324,46.3094729286813
151,-6.35973116627216,-8.49511100843107,-4.36008556591633,-1.38060498837304,-3.14423311132389,0.185078816759448,-4.726437616267,-6.60507881039473,-2.96558476930388,625000,2610000,-87.9042890182078,46.2388545353684
152,-5.70708695552598,-7.86701657285358,-3.73605183964779,-0.86744306073583,-2.61875423370093,0.765673972854914,-3.4765584476275,-6.43506378479219,-0.718901410685907,725000,2610000,-86.6168021709846,46.1560692563891
153,-5.0200114115188,-7.05516269145901,-3.13742687148635,-0.48298040513574,-2.20407693057247,1.22673850566309,-2.91996017166305,-6.0042155596915,0.0311294644193131,825000,2610000,-85.3327636130219,46.0611724898309
154,-4.96177617789611,-7.08744881435658,-2.82804833120626,-0.1536116078016,-1.83696917133382,1.58309686775279,-2.06407448162341,-4.99003064236146,0.886081786540358,925000,2610000,-84.0526239826261,45.9542234016105
155,-4.99442722021962,-8.47534570968753,-1.72132086612061,-0.311002385891224,-2.42886368288787,1.87572713580432,-2.02513105427711,-6.21180185426642,2.08878506045212,1025000,2610000,-82.7768223819586,45.835290432552
156,-3.71826382148307,-6.47307680029868,-1.12280609039821,-0.483041397593606,-1.75591453976379,0.773400492439775,-1.73226757909725,-5.08854594963164,1.47168409365348,1625000,2610000,-75.2368900936172,44.8746780255005
157,-4.69852416841009,-6.76068673886647,-2.82928137463875,-1.06192189114336,-2.22914460992428,0.0222949069232468,-0.618202349612135,-3.24943855500971,1.99175474412676,1725000,2610000,-74.0030716676134,44.6743054964555
158,-3.97365052922033,-5.7143312756155,-2.39163017953224,-1.0166464295293,-1.90054058155061,-0.201121464347253,-2.37306502488612,-4.24261716524831,-0.648756200467069,1825000,2610000,-72.7767576013691,44.4627145573286
159,-1.9610225759968,-3.03108557947883,-0.991328560075912,-0.466491570528279,-1.06022637130822,0.173314854014399,-2.14883901056834,-3.8763884438342,-0.556654411307015,1925000,2610000,-71.5582842479757,44.2400196661519
160,-2.84903313793642,-4.49419293795606,-1.31406822539531,-1.15205362147594,-2.35506230421028,-0.0521680075797485,-2.64841356400613,-4.98495882146962,-0.595630150593774,2025000,2610000,-70.3479740989494,44.006344721543
161,-2.93149591142676,-5.28847314921257,-0.693919445778062,-0.899443222677755,-2.55610332445859,0.62724480209556,-2.18295376454014,-5.32632939060771,0.611288728977703,2125000,2610000,-69.1461340352417,43.7618125284244
162,-4.17501992032618,-8.45450921288375,-0.308703297524538,0.0963937437268947,-2.0257412553885,2.17471462979777,-1.26704369739727,-5.74932395644265,3.10931966396681,-2275000,2510000,-124.276589711141,42.5196635197032
163,-4.17706577038685,-8.04832045435034,-0.68539421488438,0.10917086482262,-1.77859405806688,1.9486617502421,-1.29733504471382,-5.31198145982934,2.55249199087932,-2175000,2510000,-123.101354873406,42.7766750863451
164,-4.15921284133734,-7.78210737597145,-0.869410415631853,0.104278234425486,-1.65854861809189,1.8245518065818,-1.3125963277251,-5.02072396963141,2.25518510991103,-2075000,2510000,-121.917537271614,43.0231200318388
165,-4.12850569742914,-7.58219227291267,-0.956846392625531,0.0913819540714631,-1.557309580962,1.70716714496442,-1.31219514292017,-4.79976100170559,2.058094440051,-1975000,2510000,-120.72541232373,43.2588809867614
166,-4.0709881487633,-7.38750692666191,-1.03023125788164,0.0654331669771297,-1.50212632659606,1.60847688564721,-1.30935551381384,-4.60486619986691,1.85944717363808,-1875000,2510000,-119.52527433195,43.4838385763568
167,-4.00857511074635,-7.11012217731178,-1.13845284693778,0.0202205014407623,-1.44691969165019,1.46066262421541,-1.33722859909208,-4.44361993698387,1.65297533925179,-1775000,2510000,-118.317423990685,43.6978732133452
168,-3.97988070978222,-6.8542965217672,-1.28943008726985,-0.0582027105204535,-1.40584862890258,1.25798653657891,-1.52246904318077,-4.41421163695192,1.23098709845223,-1675000,2510000,-117.102182087555,43.900876959445
169,-4.22257829090195,-6.71692955771304,-1.85401618012257,-0.229453592039219,-1.27326802096455,0.782377129511294,-2.48327605111474,-4.61409328438068,-0.472211589205455,-1575000,2510000,-115.879884396032,44.0927371699208
170,-3.8927381967985,-6.01265273654064,-1.9121575257676,0.501822874938036,-0.287981947773933,1.27581247654814,-1.72703419855112,-4.25229202080445,0.584734553865925,-1475000,2510000,-114.65087541792,44.2733512581949
171,-2.69267286301349,-4.51754141667272,-0.995550942672456,0.162303169139158,-0.635940152421534,1.02783402703247,-1.13552776810975,-3.65530127630391,1.23647527072057,-1375000,2510000,-113.415513182435,44.4426182014882
172,-1.78799877357798,-3.19402737044468,-0.424319341544025,0.398227009180401,-0.305054708786206,1.10971237434473,-1.30078972607922,-3.72903052215348,0.976853745288598,-1275000,2510000,-112.174172283697,44.6004395100756
173,-0.730025866558757,-2.26092590177298,0.839496034678011,2.15534186117917,1.2614001177404,3.14935034116851,-1.874148177122,-4.0143958388596,0.0962581829437033,-1175000,2510000,-110.927231728181,44.7467310200649
174,-2.41698004733759,-4.19286088693003,-0.718503796072662,0.701655293911793,0.144886715817223,1.31022978149582,-2.28618633701885,-4.422405281315,-0.494045834897975,-1075000,2510000,-109.675088052793,44.8814008716224
175,-2.24646919145125,-4.17097861802522,-0.577844945602132,-0.0462324135623744,-1.05569017958977,1.0558769766895,-1.35898831880557,-4.10755090488443,1.27192045770267,-975000,2510000,-108.418143504939,45.0043708002791
176,-2.27501098713798,-4.61307424125637,-0.049327156065383,-0.65723068302246,-1.38731806168843,0.157027321286092,-0.92641711761459,-3.82148900057389,2.13049659453007,-875000,2510000,-107.156815397124,45.1155686612087
177,-3.1046688905866,-5.71549598268562,-0.582180191049686,-0.448694747829326,-1.73181593554945,0.80564319738213,-0.815884286380265,-3.74906374169738,2.09860278095009,-775000,2510000,-105.891526751483,45.214928513264
178,-3.60497276756483,-6.34777372878406,-0.968108778014146,-0.371080460609974,-1.77892467173852,1.02310430514728,-0.804785030185245,-3.79810439274597,2.17249651224447,-675000,2510000,-104.622703703334,45.3023791456614
179,-3.9468518175219,-6.77603861587056,-1.20235930312784,-0.333216463055641,-1.76986483916318,1.11066386775337,-0.859920813751166,-3.91982856005877,2.15879450411456,-575000,2510000,-103.350794249416,45.377878376678
180,-4.22327510287904,-7.09278698247867,-1.44734391033317,-0.319941741000457,-1.75908512746935,1.12234079823035,-0.934710216361863,-3.9589654952808,2.05342125319313,-475000,2510000,-102.076240311248,45.4413738232402
181,-4.49951393700947,-7.45726785331127,-1.65908667281965,-0.35174321673871,-1.81345595120623,1.1173077225011,-0.971551715626262,-3.89002998068544,1.94123935782533,-375000,2510000,-100.799495022197,45.4928270363301
182,-4.82588020730704,-7.8609093841207,-1.94744710011191,-0.440680537181493,-1.96315477150732,1.06559723975816,-0.884676095084858,-3.85932278819097,2.07730938776274,-275000,2510000,-99.5210149530259,45.5322021491702
183,-5.18491609969306,-8.29695301861823,-2.23648833811189,-0.565755233429212,-2.12234250781926,0.945718836631907,-0.643446847389494,-3.59978453270166,2.31866222109434,-175000,2510000,-98.2412566708248,45.5594780876157
184,-5.54364699116352,-8.6703719694658,-2.57465540960666,-0.684573088769281,-2.24739202848221,0.827852800003742,-0.358399079479369,-3.24232477202895,2.56715050559504,-75000,2510000,-96.9606863348268,45.5746399269759
185,-5.70682615808041,-8.88848887213546,-2.72131995912583,-0.661771919796988,-2.25756799045089,0.891365742147749,-0.460843669863612,-3.34437079384709,2.4899189302833,25000,2510000,-95.6797638607442,45.5776739175358
186,-5.85330700391566,-9.0205383731032,-2.86443023926679,-0.653105720278432,-2.27559183960271,0.922512308705479,-0.579761499904737,-3.43280121596948,2.32588537540926,125000,2510000,-94.3989607302688,45.5685765111325
187,-5.90969913888302,-9.09197556472475,-2.94758519825904,-0.640299326653809,-2.27249280140109,0.939679738689972,-0.92673623848651,-3.82724068513633,1.97915935407749,225000,2510000,-93.1187380442572,45.547356777308
188,-5.94148083599793,-9.0319478183644,-3.0901857117123,-0.677660072199101,-2.32837963014783,0.922475187263871,-1.32907924855124,-4.1797549535035,1.49530370005252,325000,2510000,-91.8395573031073,45.5140265708204
189,-5.91055770123204,-8.81350031002244,-3.29507060797416,-0.776386854670546,-2.45787218132537,0.814556554995414,-1.75187194670482,-4.1533501272732,0.652454276263772,425000,2510000,-90.5618885900968,45.4686066671807
190,-6.24234805187953,-9.08941583700829,-3.62287152770701,-0.939570227811847,-2.64042112528681,0.68919909757578,-1.6384417760163,-3.93303195321504,0.658423287722365,525000,2510000,-89.2861810587034,45.4111265823802
191,-5.97470898678039,-8.7994056394337,-3.41425772096716,-0.990499473538031,-2.71632864426392,0.631955794048068,-2.82287706203561,-5.70701405041524,-0.130215785379876,625000,2510000,-88.012892801619,45.3416229621257
192,-5.60561212311098,-8.38061726731469,-3.08811710613818,-0.801438534515549,-2.53501415833396,0.854995347065047,-2.76488064829741,-5.91066312154549,0.202861144228326,725000,2510000,-86.7424758441206,45.2601402546404
193,-5.24853998383799,-7.99720721022556,-2.69236521204023,-0.597239960184041,-2.32787878247676,1.11295553191705,-2.4958543420664,-5.78776627166923,0.681403820604195,825000,2510000,-85.4753665010222,45.1667279586419
194,-5.08938538184169,-7.95588767378621,-2.40260557603905,-0.449755687718424,-2.23105923962145,1.33625685741474,-2.14666086242384,-5.51612708129191,1.1792512559123,925000,2510000,-84.2120023908695,45.0614453161208
195,-5.02814444974594,-8.3129627710712,-1.96340266402291,-0.464481591710787,-2.41631604966688,1.46902616704033,-1.99536331880427,-5.78691155826063,1.72431306061181,1025000,2510000,-82.9528131922785,44.9443523593683
196,-5.00594018170521,-9.08093264653939,-1.20650514946644,-0.521055640488034,-2.83468585017705,1.81813305598228,-1.91963266583485,-6.60846485042809,2.65218013134731,1125000,2510000,-81.6982189720677,44.8155211950274
197,-5.41306978004931,-8.61998342705241,-2.6045665897055,-1.73585954336027,-3.41054115425772,-0.228754212738875,-0.76526532955577,-4.82600381493826,3.26868851566029,1525000,2510000,-76.7338060848753,44.1844556492149
198,-4.67107153232123,-6.93082969923709,-2.59304853392256,-1.14894834249872,-2.42548931744691,0.0687606364274709,-0.370951014355936,-3.3035347217111,2.60569606051054,1625000,2510000,-75.5081069676889,43.9982048098737
199,-3.32130257325817,-4.95189540253338,-1.82877420532374,-0.773119128475768,-1.92751842091973,0.381006968970832,0.266532198887168,-2.00513831531959,2.55225232517869,1725000,2510000,-74.2892940880531,43.8007600593612
200,-2.44999099572945,-3.57647503921901,-1.4185911674251,-1.40790703596466,-2.4907377496432,-0.489318942209038,-1.13245339322694,-2.97710217630781,0.599747428036089,1825000,2510000,-73.0777070531219,43.5922274359447
201,-2.23899538484826,-3.63546078538348,-0.924028554643592,-0.571525170572362,-1.60462426272055,0.427343806679672,-0.18690642067311,-2.14429954240869,1.76653715099434,1925000,2510000,-71.8736714521537,43.3727164462042
202,-2.491930494695,-4.58428521855723,-0.630174353619363,-0.597593865212014,-1.79714794233,0.68887517736547,-0.149876210251446,-2.55562351143664,2.23514472813479,2025000,2510000,-70.677500330129,43.1423441390525
203,-4.18418647561745,-8.34662443708865,-0.420518763020569,0.0411577018889408,-2.02954509148207,2.05860523835632,-1.18148173948132,-5.56632952770057,3.08075455192018,-2275000,2410000,-123.921927008605,41.6643956944455
204,-4.17918909644441,-8.00371909678314,-0.692413048919958,0.0440428531483844,-1.84213831243596,1.87303105605697,-1.18743552851269,-5.2045571591761,2.65428624663312,-2175000,2410000,-122.759784447886,41.917995818072
205,-4.14809897546073,-7.77565986416482,-0.862858372495736,0.0414972661296739,-1.7170070539218,1.7695362289384,-1.1845316852402,-4.92398199357315,2.38896801997218,-2075000,2410000,-121.589366418942,42.1611250737791
206,-4.09608489034593,-7.54791554006251,-0.948369200333496,0.0314791964646265,-1.65352940511249,1.66555272307991,-1.15640214692517,-4.68045493791208,2.24884671172183,-1975000,2410000,-120.410937451793,42.3936756539895
207,-4.01331289845913,-7.30862447357664,-1.00414147605655,0.0162416534306153,-1.57598607944,1.56137854827934,-1.09534098553578,-4.39668460734873,2.10380130769471,-1875000,2410000,-119.224781394301,42.6155315788474
208,-3.88288705571086,-7.01158610658208,-1.02417824326581,0.00692166199866019,-1.49170841842051,1.4728907898313,-0.985960781671007,-4.08026329694436,2.02513274469127,-1775000,2410000,-118.031195652878,42.8265830550932
209,-3.67002274457904,-6.52658471316399,-1.00998089442643,0.0340283818880444,-1.35202814329483,1.39975243090103,-0.800233014442471,-3.59687763875507,1.9602957755471,-1675000,2410000,-116.830488959124,43.026730245816
210,-3.3313803732299,-5.73880297855353,-1.07519079722311,0.171531348652984,-1.06201123338531,1.37126620634957,-0.474728644268004,-2.74286921124002,1.7320006234039,-1575000,2410000,-115.622986402491,43.2158614692986
211,-2.39643275507559,-4.02327981229852,-0.826595207267837,0.878844956933151,0.366415403927328,1.43158586412333,1.10754403735183,-0.947112781585362,3.39365931260582,-1475000,2410000,-114.409021930846,43.3938824068634
212,-2.55886637013414,-4.0022414586463,-1.18233636755674,-0.492928228688898,-1.18937543592998,0.221381563566167,-0.255297222895061,-2.60080193920138,2.04900983051602,-1375000,2410000,-113.188945079662,43.5606971096854
213,-1.5520333728211,-2.82208526078995,-0.316094101409448,-0.196166266248011,-1.04517189829448,0.631716585254802,0.459690818273194,-1.61792966985307,2.61856964645496,-1275000,2410000,-111.963110320733,43.7162144084173
214,-0.641829473246818,-1.95912896055049,0.83490313420429,0.703378779358758,0.00541162227699429,1.51168934650831,1.16197253531376,-1.04477287831979,3.32430740040617,-1175000,2410000,-110.731889348917,43.8603490890377
215,-2.07547127512341,-4.07151339507298,-0.141835263579725,0.359148492852595,-0.270830398552689,1.02601598869359,-0.922988506540922,-3.47411208414776,1.61219722458275,-1075000,2410000,-109.495662449487,43.9930218257071
216,-2.41273731917299,-4.62474201055237,-0.238005112492477,-0.0832252106014246,-1.20399364512114,1.01727802926711,-0.898898087923929,-3.54795675474758,1.70606953053668,-975000,2410000,-108.25481889395,44.1141550323677
217,-2.25912183111282,-4.28127406452499,-0.373578249236093,-0.481294126112812,-1.0958685333005,0.0931589080705611,-0.431968375254199,-2.32133292838551,1.42004251049796,-875000,2410000,-107.009764880455,44.2236842383415
218,-3.14677044745606,-5.69447698675857,-0.692036866822953,-0.40567288223272,-1.68318283044765,0.840753068097928,-0.458826071102354,-3.23677027839969,2.32290063055618,-775000,2410000,-105.760903676018,44.3215397377488
219,-3.67643345152588,-6.43186570154525,-1.05113502863371,-0.359888027405585,-1.75752987476134,1.02966994812514,-0.4985520204177,-3.46449245074056,2.47638449101612,-675000,2410000,-104.508640620417,44.4076650336019
220,-4.04097634259858,-6.88897540894888,-1.32831251698377,-0.349064543578263,-1.78963228098904,1.08844831684199,-0.587213327300049,-3.63692130685692,2.46707586269942,-575000,2410000,-103.253410877116,44.4820142938306
221,-4.33842506182209,-7.2536223830397,-1.54493365172387,-0.363680651861716,-1.83611559014159,1.10309890211478,-0.688027072790437,-3.73927387959908,2.37744744219934,-475000,2410000,-101.995642611597,44.5445381338074
222,-4.61545736419253,-7.60866381050271,-1.76679396295423,-0.402582961678042,-1.8898340982495,1.08412175089383,-0.739160216399485,-3.81192356891547,2.34558654804761,-375000,2410000,-100.735767833982,44.5952013368778
223,-4.90231441047683,-7.9408847550784,-1.99197366350584,-0.479812934478611,-1.99769446154063,1.01652604060238,-0.721013574665859,-3.81049028096818,2.38852599194557,-275000,2410000,-99.4742241451228,44.6339732215115
224,-5.19004417624309,-8.28564990612434,-2.28321544744363,-0.585092165431287,-2.11034727980178,0.889935768082352,-0.613650895266962,-3.67560206412089,2.49473607423919,-175000,2410000,-98.2114577896882,44.6608305881316
225,-5.47260303218292,-8.60949694154258,-2.55315979305667,-0.687607968799107,-2.18347470794284,0.76132652325408,-0.50535990504414,-3.56053588911344,2.59113861356572,-75000,2410000,-96.9479124881699,44.6757567881909
226,-5.60196855147635,-8.761938128175,-2.63109394124994,-0.671511409101401,-2.22292994021966,0.833459022865963,-0.599014778567203,-3.62078156002246,2.50071560589864,25000,2410000,-95.6840230902804,44.6787409627886
227,-5.69316537238865,-8.90932812378645,-2.73644734572435,-0.660902042480738,-2.25642620675458,0.886883310603034,-0.764660737205802,-3.81214193547199,2.33675720943324,125000,2410000,-94.4202492053578,44.6697862993377
228,-5.75566890432379,-8.96422525671805,-2.81835859910725,-0.664592236244191,-2.29024929947279,0.917492224051141,-1.01138268955228,-4.07088157755123,2.05019886432759,225000,2410000,-93.1570328778525,44.6488934731438
229,-5.78873683773301,-8.97927333123893,-2.90427374036474,-0.691810193416589,-2.35815679025035,0.913567691823332,-1.29537783166496,-4.39107651546929,1.7277017984057,325000,2410000,-91.8948193316484,44.6160750596533
230,-5.79159858300988,-8.89585351551557,-2.9816372632828,-0.747824889894711,-2.44740064321449,0.871174619680378,-1.56536477584914,-4.57431748636503,1.40018717390195,425000,2410000,-90.6340558176997,44.5713534298675
231,-5.84376785876879,-8.89552879488925,-3.04809385959187,-0.814705924327946,-2.52736086789931,0.813720998709113,-1.75261726871554,-4.76649652507308,1.16793936171881,525000,2410000,-89.3751799367013,44.5147545342663
232,-5.7050682576871,-8.72698864524617,-2.96158077802455,-0.830858477770437,-2.56281242044679,0.82360583798908,-2.17036523155038,-5.30564490648229,0.866606493858602,625000,2410000,-88.1186345738319,44.4463146361658
233,-5.49067556416297,-8.51194123725289,-2.76454432641491,-0.753390273946977,-2.50835531476083,0.950647305747534,-2.26348579840242,-5.54048675217807,0.914534780796354,725000,2410000,-86.8648383753044,44.3660704226495
234,-5.27604892351922,-8.297379168063,-2.50202411077696,-0.652727881215749,-2.41560040975772,1.07642357408803,-2.1766297955188,-5.59062675937425,1.08533092889142,825000,2410000,-85.6142209653254,44.2740700331965
235,-5.12131345144901,-8.23911279001647,-2.23640525741157,-0.580614795670891,-2.38579090114313,1.22015126593743,-2.02387054284777,-5.54282516273835,1.40207754164817,925000,2410000,-84.3672058530588,44.1703729080487
236,-5.02639946599663,-8.37233869834008,-1.93566447518631,-0.568239876007901,-2.47464068531471,1.32273330796572,-1.91191498566107,-5.69667869635543,1.75884862995707,1025000,2410000,-83.1242043153571,44.0550361055168
237,-4.97933411695176,-8.7885495116132,-1.49655381208508,-0.581202505982753,-2.69426283214824,1.52337486758204,-1.8391614264759,-6.13510400993593,2.32202479266128,1125000,2410000,-81.8856259624444,43.9281207594121
238,-4.33397201531776,-8.56680327911949,-0.356931204112609,-1.06686465738287,-3.40280633548811,1.22432465832746,-0.878505627114449,-5.73041262340745,3.91685612491016,1325000,2410000,-79.4232805038828,43.6398707406051
239,-4.34764426670881,-8.02891201647781,-0.938123276519363,-1.12976411630616,-3.14713831141132,0.819503457493569,-0.80868090418309,-5.05798327980313,3.38839706544935,1425000,2410000,-78.2002773369179,43.4786932629911
240,-4.4640197076841,-7.55386872996604,-1.68948293443614,-1.27279458055843,-2.95810790037211,0.314949844463985,-0.708742512291805,-4.35984122194607,2.87470548774621,1525000,2410000,-76.9832123624678,43.3062646959397
241,-4.00335199445047,-6.69296643036345,-1.58277959214569,-1.1257934886381,-2.63312676454723,0.305735881881313,-0.49309731241076,-3.74045356016027,2.70645190722381,1625000,2410000,-75.772434664557,43.122677739609
242,-3.21814564631059,-5.17207783654207,-1.51262646270154,-1.04026926522792,-2.36580685411536,0.214575956479373,-0.272176356488194,-3.18233617917356,2.63171065177142,1725000,2410000,-74.5682882814499,42.9280278304991
243,-2.34796879581723,-3.39527161615889,-1.39852085594969,-1.20885935653952,-2.26839058232651,-0.25677334359515,-0.445177343446394,-2.93792871405536,1.96723807304692,1825000,2410000,-73.3711025977739,42.7224168251762
244,-2.2255644926531,-4.08416796262517,-0.483238368167745,-0.530303579512729,-1.71195156800569,0.683230457905129,0.289086506013094,-2.1940553742489,2.6772317276639,1925000,2410000,-72.1811937579873,42.5059481058465
245,-2.48038145901572,-5.11385010721124,-0.0451339692782314,-0.773411677268707,-2.20316439861954,0.632950993638008,-0.391836170041982,-3.10963405787258,2.11289320122656,2025000,2410000,-70.9988642825853,42.278730047737
246,-2.48261515537181,-6.34896395906782,1.14955454282828,-0.817361332500823,-2.97024118589324,1.26749269266866,-0.456910585726251,-4.78580374900905,3.74270805945408,2125000,2410000,-69.8244057151763,42.0408752559939
247,-4.20043989670256,-8.89395264748648,0.129726305148341,-0.0324686222957663,-2.46187678296755,2.32037496085535,-1.07948250371405,-6.23141554321452,3.98310080678001,-2375000,2310000,-124.716851005901,40.5483632947236
248,-4.19395502468221,-8.23518118784941,-0.526632945802733,-0.0110848492053095,-2.04310718174268,1.95630979480198,-1.1012339019542,-5.41629169985902,3.09476021642083,-2275000,2310000,-123.575793360719,40.80894619253
249,-4.18380005912843,-7.99912769661665,-0.737353326706598,-0.00696809045113481,-1.87432176866606,1.82194060698184,-1.10518408192312,-5.11857979640866,2.76287107049367,-2175000,2310000,-122.426496221548,41.0592761665368
250,-4.14988552871612,-7.7867816221491,-0.851708710914982,-0.0114128424711994,-1.80982491001947,1.73755191595479,-1.08554030645671,-4.82985533166174,2.54870258117969,-2075000,2310000,-121.269205360262,41.2992313528186
251,-4.09407770904509,-7.56672999690934,-0.936002164196278,-0.0200553112151983,-1.72205885409119,1.64333311180825,-1.03310744392963,-4.57869142342375,2.4089961917596,-1975000,2310000,-120.104189269231,41.5287129658605
252,-3.9994221798293,-7.3021399914518,-0.955532751231544,-0.0365873893413003,-1.64322727891122,1.53208024078056,-0.929027713795794,-4.25079806943933,2.30776784456215,-1875000,2310000,-118.931719506468,41.7476069659488
253,-3.82983779360362,-6.95930170124681,-0.958054878542964,-0.0356237337032861,-1.54617603079078,1.46874750721091,-0.719996704995107,-3.75249904645912,2.25807013220242,-1775000,2310000,-117.752086773745,41.955809008191
254,-3.49489340352424,-6.27662846585651,-0.89909193898073,0.00584427402815904,-1.40097670674531,1.37783345740563,-0.220971719038594,-2.5736943461615,2.12724892084889,-1675000,2310000,-116.565593994127,42.1532228815568
255,-3.15239134055187,-5.75962419006526,-0.665098508653213,0.0549751092011481,-1.23417053404818,1.3533258685217,0.255384618026573,-2.24842743340849,2.86101687133231,-1575000,2310000,-115.372551217794,42.3397480780913
256,-2.42113609018123,-4.69142004993066,-0.15825762514942,0.132603503219011,-1.00036275553991,1.27475409032808,1.51972001732228,-0.133121836775322,3.30528306655499,-1475000,2310000,-114.173284556761,42.5152921222688
257,-2.26381689275981,-4.32302892204021,-0.223838569584878,-0.446650234048326,-1.44649379928132,0.465038045816581,0.869804000556659,-0.984045727298488,2.89273886398473,-1375000,2310000,-112.968130489046,42.6797656325449
258,-2.25900096905688,-3.83193174986551,-0.718286844509111,-0.507716856211123,-1.35682893087197,0.319287184544797,0.0339807935128745,-1.96480223356644,2.05121206468765,-1275000,2310000,-111.757434265478,42.8330836833794
259,-2.24254832957667,-3.86959479628371,-0.625435943912746,-0.010426557930064,-0.704424842096437,0.739276893408136,-0.429736360671573,-2.28207535252398,1.52730730823378,-1175000,2310000,-110.541553500283,42.9751659990714
260,-2.94888934347102,-4.74441144757902,-1.43960300330412,0.0722100718670443,-0.514589808503254,0.584728111182685,-1.83577037843925,-3.97658051205413,0.528289504771122,-1075000,2310000,-109.320853507492,43.1059322606383
261,-3.06682570120216,-5.08110917851567,-1.17207434697137,-0.175968732083397,-1.17198009133351,0.715506901436252,-0.876684484560877,-3.44869319910654,1.60772785124146,-975000,2310000,-108.095712300849,43.225315942627
262,-3.17142735497756,-5.56938827988296,-0.881301010248713,-0.355149209989285,-1.55503231743289,0.815424416017673,-0.354471048964963,-3.0128938769065,2.30817316564048,-875000,2310000,-106.866525568173,43.3332516474493
263,-3.54696054859771,-6.12396338717931,-1.07438186553418,-0.3169289271063,-1.63321237241737,0.976674687167533,-0.0894225979587058,-2.87029642800826,2.78740480619699,-775000,2310000,-105.633669533668,43.4296773695054
264,-3.91279438072044,-6.65482847266927,-1.28329503176862,-0.322073595146466,-1.70077604046359,1.05083461654068,-0.149348915748189,-3.08024286565412,2.84304224156614,-675000,2310000,-104.397549231449,43.5145378915457
265,-4.21837652252929,-7.06076219110239,-1.47538768869154,-0.343589216246187,-1.776036170709,1.10140589172127,-0.333419833070687,-3.35993041215846,2.74367007546275,-575000,2310000,-103.158569068504,43.5877920652492
266,-4.47583008569574,-7.41173139176053,-1.67013420873916,-0.377415770203539,-1.85610648473795,1.0912765795863,-0.481420326081533,-3.55570222198302,2.63300055142173,-475000,2310000,-101.917152845092,43.6493888658671
267,-4.71573738989938,-7.74335327201381,-1.84130225389179,-0.427849752601308,-1.93940022710277,1.05250001752307,-0.584419700166873,-3.71781365522986,2.58826320489464,-375000,2310000,-100.673709151462,43.6993005965851
268,-4.95649702336997,-8.0473247291674,-2.06524198718015,-0.498137423703075,-1.96911924037841,0.972095619719635,-0.61359962508783,-3.76115553321721,2.56724601334829,-275000,2310000,-99.4286641267082,43.7374952021568
269,-5.2154914482282,-8.30268994986525,-2.32769221637038,-0.60926805132511,-2.05065885827825,0.795163296782133,-0.571102381839006,-3.69915878206795,2.61457427465906,-175000,2310000,-98.1824461526275,43.7639463450631
270,-5.55359758494955,-8.58124084746546,-2.74772430317966,-0.807032495619429,-2.00805553881149,0.304313767351225,-0.454984136777785,-3.4799462516439,2.70735905482704,-75000,2310000,-96.935472505759,43.7786544967904
271,-5.53579974850159,-8.67665456261169,-2.62051234257024,-0.684712953318073,-2.17293668883981,0.737248333715121,-0.670035284475936,-3.80156862338338,2.56163620551045,25000,2310000,-95.6881725038036,43.7815979068381
272,-5.58105721644719,-8.79610983809427,-2.61325210675143,-0.657567626422267,-2.244027438184,0.881515322192084,-0.846982185304563,-4.00955650910425,2.36681152553282,125000,2310000,-94.440978485695,43.7727759934994
273,-5.61824896625501,-8.83423007749616,-2.67389671656862,-0.666383495911353,-2.31316529537746,0.919172733483064,-1.03996795854783,-4.237028471896,2.19966841484843,225000,2310000,-93.1943260587188,43.7521957316197
274,-5.63832164531315,-8.8354374158975,-2.73075551897711,-0.683370031539908,-2.35419960920508,0.947036560433862,-1.2580620047043,-4.45220274250204,1.93293999670089,325000,2310000,-91.9486374693534,43.71986314953
275,-5.63359633979045,-8.79429504492737,-2.74578842992765,-0.71691826563593,-2.41395814139098,0.926061005445558,-1.46184054198677,-4.65428678354297,1.71172446102738,425000,2310000,-90.7043402792528,43.675807744886
276,-5.61590699529,-8.76260101323749,-2.73861979885199,-0.749364325198317,-2.48221271201724,0.917209032855438,-1.6494110249817,-4.8982875092951,1.556560175718,525000,2310000,-89.4618568386701,43.6200475836663
277,-5.52327905863005,-8.62478279636939,-2.65763820390885,-0.757715187392556,-2.51587028565331,0.928219138736671,-1.85538061972422,-5.18306281469588,1.37120741720189,625000,2310000,-88.2216097450467,43.5526178418474
278,-5.38676140823842,-8.50111212055378,-2.54741667066758,-0.723662322162343,-2.49869846509806,0.975180567326006,-1.93815526672098,-5.31515049006879,1.37348935069662,725000,2310000,-86.9840116192471,43.473555549981
279,-5.23593110793319,-8.37802969425602,-2.3683142168756,-0.679867978267532,-2.45711361275183,1.06605822399703,-1.92350671710994,-5.42651145011541,1.4336056308674,825000,2310000,-85.7494728795877,43.3829013497705
280,-5.0974324624918,-8.30270166027088,-2.13888500746261,-0.645883903537409,-2.45443214148961,1.12683598314037,-1.84794787722959,-5.42850826265944,1.63410183502602,925000,2310000,-84.5183956416989,43.2807164612886
281,-4.98468216367991,-8.35099253014306,-1.90751859542838,-0.638583714124067,-2.52216901219385,1.19134054213639,-1.7648543130904,-5.48707030932279,1.83414382512826,1025000,2310000,-83.2911767576013,43.1670487370145
282,-4.90922192282308,-8.59674422766956,-1.56810274693894,-0.647341804760576,-2.69363717039376,1.3476401424781,-1.6889817922318,-5.74286170921311,2.28552691138572,1125000,2310000,-82.0682089615206,43.0419669338457
283,-4.31672099925003,-8.07315919759366,-0.799168524210263,-1.00920675492569,-3.08575424715938,1.01194286843191,-0.933438805510272,-5.27297356355738,3.29464396755127,1325000,2310000,-79.6365542122071,42.7578235443058
284,-4.24439876013063,-7.63543104880626,-1.10208123552493,-1.0493857113846,-2.93653228048616,0.766525015155929,-0.861817643095883,-4.80840147652175,2.9838431196712,1425000,2310000,-78.428580520681,42.5989157923603
285,-4.09507994458025,-7.20998939148433,-1.2550930057671,-1.08940604713201,-2.81450752423162,0.567694688783249,-0.768326636969822,-4.40929869815155,2.79271288314524,1525000,2310000,-77.2263272037138,42.4288965544901
286,-3.65921425363075,-6.5244445769101,-1.02204747281268,-1.0502890964042,-2.66319280755222,0.504681775110323,-0.647956337412826,-4.06259295169429,2.66767051917574,1625000,2310000,-76.0301284088443,42.2478515984656
287,-2.89921977630703,-5.42292896989759,-0.534844617864029,-0.996757994575944,-2.51336515962541,0.474040436918159,-0.562343848649904,-3.77112142251199,2.51259104607568,1725000,2310000,-74.8403200902003,42.0558709974918
288,-1.57007473688401,-3.49177969105209,0.288138120697864,-0.932175218508037,-2.239200595228,0.341614645734989,-0.598990918121962,-3.30172092353064,1.90873343131279,1825000,2310000,-73.6572194988189,41.8530517027769
289,-2.41447905684058,-4.79276922758863,-0.252759835362966,-1.03477627894312,-2.49813814016504,0.315949259814852,-0.874093957842698,-3.69246805607458,1.75180634720915,1925000,2310000,-72.4811314762533,41.639490726904
290,-2.45916522415776,-5.43479276039994,0.366037480679495,-0.896573948061962,-2.67103512735156,0.776284865015906,-0.608992938090933,-4.06003793684663,2.73656490971608,2025000,2310000,-71.3123538469143,41.4152916195476
291,-2.47278989101243,-6.38592554463132,1.27539271907124,-0.858797515930821,-3.09542925131363,1.30632529053687,-0.530578635085841,-5.03458459562922,3.86828746414219,2125000,2310000,-70.1511655789659,41.1805592398721
292,-4.21175484356185,-8.66004197784531,-0.122681163600999,-0.0521638288563492,-2.31884459436292,2.15312352863009,-1.04958066032255,-5.89664688768428,3.63957043924549,-2375000,2210000,-124.366668889219,39.6957602560734
293,-4.21464122953171,-8.29431206210843,-0.53085876230287,-0.0452590055247883,-2.08432421015943,1.93169632029059,-1.05541170802149,-5.40566591436434,3.13887945054769,-2275000,2210000,-123.237911513173,39.9531280518351
294,-4.21155198249759,-8.04579000633022,-0.725842820287965,-0.0493628242625084,-1.94230371375261,1.79485449520347,-1.04686639071707,-5.07323242162691,2.85778451571891,-2175000,2210000,-122.101199729495,40.2003292092095
295,-4.17994232653101,-7.82976006498952,-0.83076379500901,-0.0537182000129769,-1.85387782772753,1.70298723586675,-1.02884870249258,-4.84961903447812,2.64777960333855,-2075000,2210000,-120.956775030807,40.4372490703231
296,-4.12870491582296,-7.62314735574362,-0.925826393268503,-0.068641162494657,-1.77793427146705,1.60224825787926,-0.980605066535949,-4.56685804594384,2.49247523561844,-1975000,2210000,-119.804891082338,40.6637886852378
297,-4.05446143696237,-7.37081853572239,-0.9990705741702,-0.0925875392958671,-1.71962145777752,1.49173699358291,-0.887144210733709,-4.23234239109552,2.39255749998664,-1875000,2210000,-118.645824188768,40.8798455566876
298,-3.93613094618805,-7.08849580012832,-1.03040082902318,-0.120190103582702,-1.65632981066806,1.37346389453233,-0.722166678516258,-3.78047630551575,2.27634836468388,-1775000,2210000,-117.479846281863,41.0853237663888
299,-3.69646517198217,-6.52745333772229,-1.08048813489177,-0.146752973163531,-1.56897950740299,1.24660853939255,-0.368126800479351,-2.8279880850998,1.99068454675739,-1675000,2210000,-116.307253081711,41.2801256236472
300,-3.3647436029414,-5.85120284097805,-0.974492296476987,-0.101953526808653,-1.27911177992017,1.14671472124258,0.20638680262013,-1.94186654336839,2.43669756143142,-1575000,2210000,-115.12834432174,41.4641609531531
301,-3.37816111770269,-5.76678170518349,-1.11891123547765,-0.29241588146175,-1.50560715909035,0.827811441607762,0.142517922327122,-2.02549274815394,2.35879611321345,-1475000,2210000,-113.943437455959,41.6373394386979
302,-2.97498170691468,-5.22294998560116,-0.856344907093821,-0.399866169642616,-1.51727422818787,0.612017057563382,0.503363649393833,-1.64490783959946,2.7830297848397,-1375000,2210000,-112.752863359626,41.7995771202851
303,-2.91233261532529,-4.49250024201911,-1.39745263226964,-0.475010732392882,-1.48386281366366,0.438799122866053,0.203825215105572,-1.64650940796644,2.09234460015259,-1275000,2210000,-111.556944775385,41.9507926877976
304,-2.55125765245001,-3.82042743886886,-1.26543815241343,-0.271640645808854,-1.09585858399037,0.589219292127416,0.0354117371282082,-1.92565265077049,2.09663780095131,-1175000,2210000,-110.356034267495,42.0909116462797
305,-3.6434211130622,-5.58082580070846,-1.83267321583262,-0.200363245678263,-0.974202136974109,0.733876689285691,-0.271109754333448,-2.41584680809408,2.02320588352874,-1075000,2210000,-109.150488620773,42.2198627844944
306,-3.75885791469002,-5.89362460046167,-1.72994016085335,-0.323399993916343,-1.47084208781063,0.76788326166222,-0.314987600005232,-2.89516399153148,2.28992828266703,-975000,2210000,-107.940667478358,42.3375751957261
307,-3.82380670225091,-6.24400168094925,-1.52451186657401,-0.441065003521075,-1.65936512355504,0.74542521671205,-0.0243700448593336,-2.69940045220587,2.70662032637356,-875000,2210000,-106.726946326634,42.4439915701453
308,-3.96008716909306,-6.5206363666623,-1.54291649676743,-0.199944916365404,-1.46608377903981,1.08721928129018,0.630160216152893,-2.0406424100191,3.46961503801999,-775000,2210000,-105.509697791703,42.5390543168276
309,-4.21190162817118,-6.95592870713813,-1.62277906893917,-0.260850733180624,-1.58458332251376,1.07569214372562,0.286080283334997,-2.47684096157459,3.18967337658147,-675000,2210000,-104.289309879784,42.6227131278166
310,-4.4453359875129,-7.3255448573791,-1.73483588265817,-0.324817251072486,-1.74248392312436,1.09437360117642,-0.0846148459771491,-3.04676360245348,2.97971373354447,-575000,2210000,-103.066177162309,42.6949157705262
311,-4.63876164533899,-7.63563938106376,-1.8237473453141,-0.374810912613902,-1.85488053288396,1.08268176647262,-0.341614092460507,-3.42510369797565,2.83990191814563,-475000,2210000,-101.840688736394,42.7556332782465
312,-4.8180015501631,-7.90945925176257,-1.94689872188448,-0.426038578320754,-1.93057658410407,1.03940295242131,-0.49476166281182,-3.64507651757511,2.73218033974834,-375000,2210000,-100.613255821384,42.804826995459
313,-4.99241306280119,-8.11398319694139,-2.09411938813547,-0.481818565434713,-1.97602832167066,0.989294756640234,-0.575156743613465,-3.77736104514796,2.71134946226777,-275000,2210000,-99.3842823482881,42.8424715138687
314,-5.15789956188299,-8.28349881494973,-2.2954313774165,-0.534391185639231,-1.97093755887612,0.856394895003715,-0.615482492764622,-3.82957888420729,2.69856505902359,-175000,2210000,-98.1541775260997,42.8685462874996
315,-5.26430943608222,-8.35387877489348,-2.44007380005054,-0.541755623500549,-1.6911293866279,0.516045438808385,-0.654000489975094,-3.86947408177131,2.59092311681419,-75000,2210000,-96.9233507319464,42.8830394587131
316,-5.40892160714924,-8.62265129675052,-2.48813814940658,-0.604482586601794,-2.08046501978107,0.823096981328872,-0.772743949957154,-4.01202459065957,2.5575260757609,25000,2210000,-95.6922100953912,42.8859395914119
317,-5.47628424849517,-8.70818714757601,-2.51141114098714,-0.62337314031177,-2.21049618592954,0.916298366210129,-0.913944378759665,-4.2057730055329,2.43597686825143,125000,2210000,-94.4611752895052,42.8772458689184
318,-5.50417524809754,-8.74594485119241,-2.54412824779945,-0.645682076269686,-2.28323412802755,0.952818553533641,-1.06874408544537,-4.34801084980028,2.24021371460592,225000,2210000,-93.2306547085955,42.8569599636002
319,-5.51585476314751,-8.74754842417881,-2.55541814961063,-0.663673798664943,-2.35889517750628,0.973961152798195,-1.23057170516367,-4.54876816619415,2.10765823124325,325000,2210000,-92.0010611132426,42.8250978321817
320,-5.50459182580899,-8.71589901326909,-2.55845974583938,-0.687444105562771,-2.41645112636151,0.974441934772424,-1.38814047028666,-4.72294862388837,1.96591442448122,425000,2210000,-90.7728080284661,42.7816733584782
321,-5.46391375245907,-8.69385104986353,-2.51998517981281,-0.708531927533048,-2.45516365448676,0.972736819924026,-1.52924042077379,-4.88587234467543,1.82293665267578,525000,2210000,-89.546299405688,42.7267126099512
322,-5.39194535625683,-8.58467780993757,-2.44097325067585,-0.716103781245722,-2.48091225345835,0.981824076475669,-1.6680417826679,-5.10913629690949,1.72729038319142,625000,2210000,-88.3219380381429,42.6602447903749
323,-5.28767659046536,-8.48220316042102,-2.39602328297872,-0.708682494489377,-2.47314509412516,0.995069519264459,-1.72696216645611,-5.2020274358654,1.70627164843908,725000,2210000,-87.1001248449407,42.5823074529897
324,-5.17085937141271,-8.40217131834788,-2.21307407761583,-0.695496467501259,-2.46350193184893,1.03143924911778,-1.72843066224575,-5.24754766251884,1.72661241983427,825000,2210000,-85.8812603208715,42.4929406001126
325,-5.05154035613112,-8.33022840581404,-2.05682197084436,-0.686037355025319,-2.50288530840647,1.07901486481647,-1.68391309421137,-5.28684671937533,1.80006329845356,925000,2210000,-84.6657250251664,42.3921954325942
326,-4.9179917912074,-8.24490001423293,-1.88341064032609,-0.691029404044431,-2.52617554628473,1.08827923869733,-1.60339380140356,-5.27955253049998,1.94428754774064,1025000,2210000,-83.4539037129285,42.2801213255464
327,-4.78452110045503,-8.16961413084888,-1.68155541687129,-0.724842816265185,-2.58782853047371,1.09132443457741,-1.46614157593933,-5.23956890042518,2.17048297783269,1125000,2210000,-82.246177195223,42.1567819303924
328,-4.58661635276953,-8.14862516870337,-1.32689485083213,-0.819659769154768,-2.77608197291818,1.08063841116207,-1.24185927065079,-5.28209648001156,2.64695541343224,1225000,2210000,-81.0429093092304,42.0222406230526
329,-4.38160889743774,-7.74540137778038,-1.2512111190076,-0.919146176709301,-2.78801074797,0.884707384861131,-1.04766376066886,-4.88178467621227,2.70797699993679,1325000,2210000,-79.8444546482191,41.876563949559
330,-4.21565494389661,-7.53248233447688,-1.15481089750902,-0.963784115909659,-2.80398536814849,0.783736009997183,-0.944745620282077,-4.72520152522943,2.75001068445532,1425000,2210000,-78.6511643630983,41.7198283788934
331,-3.99484829035594,-7.15519307538425,-1.04247481979979,-0.990867697616207,-2.75440800131761,0.708713398820268,-0.853699878133103,-4.52047799819186,2.73757519877233,1525000,2210000,-77.4633802864788,41.5521113546796
332,-3.64551719780101,-6.6584004379969,-0.820995589017825,-0.990773808032869,-2.72288660662845,0.637932650877669,-0.774227437262608,-4.32956643156717,2.66091888600542,1625000,2210000,-76.2814340387216,41.3734948398519
333,-3.16015473446203,-6.03071629747952,-0.464552553610284,-0.970930014152194,-2.65172282378282,0.632805684565484,-0.720324035972646,-4.14319052348758,2.60050769853202,1725000,2210000,-75.1056436530582,41.1840657562154
334,-2.62269650406725,-5.37605646160508,-0.0270856873789609,-0.952016029404677,-2.60259120371397,0.617905894853582,-0.709781019888018,-4.04334892905695,2.53138256387878,1825000,2210000,-73.9363196358531,40.9839148243017
335,-2.51128672662856,-5.60443017291848,0.427228734094548,-0.972530509025919,-2.78862252620942,0.782020312082494,-0.743372513574922,-4.42614390040369,2.82502503986204,1925000,2210000,-72.773758580985,40.7731342127787
336,-2.48708235966639,-6.15326420457902,1.02031871410157,-0.93158656775332,-3.03319712861762,1.12589106005547,-0.674969053569732,-4.95506744919471,3.48907368442172,2025000,2210000,-71.618249501135,40.5518241974476
337,-4.23258030786883,-8.69231602931179,-0.146252555207655,-0.0695610800145131,-2.32571909724251,2.10269139992069,-1.02472765714601,-5.78715121678758,3.6345994966877,-2375000,2110000,-124.02466717871,38.8424668401163
338,-4.23324600631409,-8.35730041529965,-0.514272187661412,-0.0645486246031074,-2.11927366127654,1.92605081373543,-1.02375213327327,-5.35593454644101,3.21102640955427,-2275000,2110000,-122.907985943425,39.0967675061304
339,-4.23913934169434,-8.13344062949358,-0.707926259671536,-0.0739749329236045,-1.99106198534698,1.7926851701525,-1.01479375921894,-5.08072939909279,2.90097260348357,-2175000,2110000,-121.783619133343,39.3409702251509
340,-4.22602620151964,-7.91877841473748,-0.872586523111631,-0.085843973891955,-1.90601337583466,1.69135356308134,-0.99314620930301,-4.8666777980394,2.73956175297076,-2075000,2110000,-120.651806753046,39.5749805978363
341,-4.20269060806276,-7.73283216670577,-0.973849454693004,-0.105076153548639,-1.84492991263946,1.58558742927724,-0.951776311464157,-4.59465197359195,2.57177989261769,-1975000,2110000,-119.51279218513,39.7987035291027
342,-4.16685225204806,-7.53048402795374,-1.05902973618667,-0.138565917564628,-1.78818848146789,1.47177672815583,-0.912522765666197,-4.33561603544956,2.44944395848761,-1875000,2110000,-118.366840144988,40.012046616231
343,-4.16003049660478,-7.36580901900494,-1.18991714279675,-0.200045649216674,-1.76140946576666,1.29920949952708,-0.901990623358092,-4.02923386302426,2.16983158994488,-1775000,2110000,-117.214222868428,40.2149158315049
344,-4.25451030229309,-7.1735231794734,-1.55663416524791,-0.344727434334214,-1.72702898543101,0.985216090592519,-1.11110098158254,-3.59992349698525,1.29031594861811,-1675000,2110000,-116.055222960757,40.4072198239495
345,-3.89469308992002,-6.75328194213575,-1.19140514905702,-0.261152336031376,-1.64700673173459,1.0944207976173,-0.359651103855351,-3.13777556129762,2.43623574421703,-1575000,2110000,-114.890134705471,40.5888730639049
346,-3.76643488944503,-6.50563477847373,-1.19154340862739,-0.327489557968294,-1.67180112046588,0.964817947717436,-0.0078727419849056,-2.74298128419444,2.7846318822548,-1475000,2110000,-113.71926692808,40.7597899382393
347,-3.59850962855751,-6.13491158149628,-1.21197807673897,-0.406325561147222,-1.63262510663876,0.754296754274024,0.476006489989297,-2.06303626421956,3.12249379630739,-1375000,2110000,-112.542930205307,40.9198908281501
348,-3.43339054986217,-5.29669918268017,-1.59368117777392,-0.38623443248404,-0.967025004294941,0.131496140813825,1.55055633143502,-0.0652118982146313,3.30396327446145,-1275000,2110000,-111.36144948593,41.06909979067
349,-4.01004268127383,-5.86199012999367,-2.2882547463418,-0.430094657449595,-0.970772849652426,0.0663739002093428,0.278105789957486,-2.03158056250702,2.60526576637588,-1175000,2110000,-110.175158649969,41.2073448359788
350,-4.72594048731816,-6.80946725336855,-2.81121058383408,-0.533688457563024,-1.59957416345277,0.49982696978089,-0.364013706369855,-2.87679449765377,2.1897755731298,-1075000,2110000,-108.984400313954,41.3345568546214
351,-4.62246804372654,-7.0113830956511,-2.42291348902235,-0.525810645682854,-1.70705404486875,0.615754336181717,-0.220239260588628,-2.88069051359448,2.50512704098816,-975000,2110000,-107.789526802437,41.4506758964338
352,-4.39826769641937,-6.47214100478767,-2.48197164492063,-0.887134147578742,-1.69816669337955,-0.140272011777217,-0.0704799777076665,-2.38251807527314,2.33020725193202,-875000,2110000,-106.59089321746,41.5556414409199
353,-4.25082143508368,-6.38597889594553,-2.22417254178855,0.220591249172254,-0.765579529645407,1.28087272314123,2.33085668164199,0.457834855188188,4.39094936866046,-775000,2110000,-105.388866783082,41.6494033927703
354,-4.53286472375855,-7.16417648792558,-2.13252725041835,-0.201555198716954,-1.35871472308725,0.933688287723317,0.745292502613407,-1.41118355718601,3.09252903313775,-675000,2110000,-104.183816639022,41.7319112061745
355,-4.70107028840547,-7.63429230893354,-1.99601459387645,-0.316914440432108,-1.72427202427209,1.05731291081864,0.0471856956979987,-2.82309047907589,3.06747291743639,-575000,2110000,-102.976127108277,41.8031169696211
356,-4.81727728322985,-7.8846316449636,-1.98799392943311,-0.373218768599681,-1.84527726712822,1.07955183187201,-0.288871443489379,-3.37242870202767,2.9000830395787,-475000,2110000,-101.766174148434,41.8629927325748
357,-4.93361172552169,-8.08559933184922,-2.04925259143806,-0.419291470477487,-1.93421054120984,1.07249475330917,-0.47452106046926,-3.69233982304803,2.82096109463768,-375000,2110000,-100.554346689676,41.911503280644
358,-5.04504473632767,-8.20799572583839,-2.13172910922923,-0.466940744048076,-2.00065594682452,1.0309144151104,-0.5837950047014,-3.84277481991866,2.77805410061534,-275000,2110000,-99.3410346863698,41.9486254730008
359,-5.1568959959947,-8.36350076573586,-2.23155108215814,-0.500574022798745,-2.01967631312435,0.975338752862996,-0.672395726338569,-3.96865046699271,2.71664078535857,-175000,2110000,-98.1266346638523,41.9743378408648
360,-5.25316011377464,-8.47449813597377,-2.33231008720719,-0.529332336150426,-2.00786740149529,0.905341167338802,-0.743043514650802,-4.04624298000808,2.66113934103156,-75000,2110000,-96.9115395157956,41.9886267304627
361,-5.344085321306,-8.60882547511863,-2.37349687220699,-0.566414524701646,-2.12684064384355,0.96136672083683,-0.838646405447412,-4.16921593390408,2.5437414204658,25000,2110000,-95.6961446528039,41.991486078231
362,-5.40191928325206,-8.70492810382146,-2.41379555611112,-0.591581417562469,-2.22492822552489,0.985684896818715,-0.954541801101138,-4.30314318645207,2.41940021316934,125000,2110000,-94.4808485830904,41.9829135492977
363,-5.42044632489258,-8.68639689745477,-2.39327160996624,-0.619331179750756,-2.28891966482123,1.01197625760591,-1.0745838953674,-4.46095830213169,2.35431056941307,225000,2110000,-93.266052908834,41.9629091532816
364,-5.42335381524346,-8.71772725988347,-2.39874912928586,-0.640768592124964,-2.34789558479036,1.02627754650109,-1.20684116609827,-4.60585230732341,2.20964999196629,325000,2110000,-92.0521452789278,41.9314906325088
365,-5.40296191648689,-8.70343589360105,-2.40072164091124,-0.661234165272904,-2.38773009905399,1.0322324353728,-1.33026888834121,-4.74300538998112,2.13372760443754,425000,2110000,-90.839526788387,41.8886696516792
366,-5.35985346307109,-8.63360279762434,-2.36440247929339,-0.680977382882653,-2.43793936574948,1.02879545310376,-1.4377218629166,-4.90520078293493,2.02152372313926,525000,2110000,-89.6285889024042,41.8344717157659
367,-5.29510009772479,-8.5900275613588,-2.29534857355371,-0.690409258270612,-2.47484079164072,1.0392905834372,-1.52793819762784,-5.04288570359768,1.96819180827344,625000,2110000,-88.4197175457727,41.7689244091229
368,-5.21109033698732,-8.51458022577704,-2.20458622217089,-0.697948951534555,-2.48169006234368,1.04967858678407,-1.57276985542287,-5.10891125857312,1.94254455042494,725000,2110000,-87.2133024335968,41.692060123963
369,-5.10905556499811,-8.40007004492563,-2.09874941111941,-0.698535476426881,-2.48823052651988,1.06397873234046,-1.57544207368819,-5.16598967529865,1.95974735551192,825000,2110000,-86.0097184343607,41.6039223021239
370,-4.99873596703286,-8.31797519365188,-1.95787741473616,-0.702557475327882,-2.52105737867389,1.07645074514431,-1.54881040318236,-5.18412339781592,2.01729040320007,925000,2110000,-84.8093409789062,41.5045530421012
371,-4.87371767799885,-8.23069167020505,-1.82566995608665,-0.720943148425832,-2.56484561019163,1.06132977803891,-1.47486403217617,-5.16988545395533,2.14259881318942,1025000,2110000,-83.6125428482249,41.3940018941463
372,-4.73698060458743,-8.11140483639091,-1.65000503907283,-0.748944221338028,-2.60256367031877,1.04829628330037,-1.35936153878794,-5.10617666252903,2.26312365231076,1125000,2110000,-82.4196830369011,41.2723284259948
373,-4.57980873327276,-7.97109265222636,-1.44763716205079,-0.808896557267228,-2.68803799435741,0.999815492789939,-1.22569716524877,-5.00379071872046,2.47036857233559,1225000,2110000,-81.2311182419823,41.1395912895322
374,-4.4012878551784,-7.74947626172548,-1.30320479575294,-0.866618237169999,-2.72019052974486,0.919736527147918,-1.10128113849878,-4.87384368618905,2.58838376473711,1325000,2110000,-80.047189593144,40.9958571056395
375,-4.23226920792043,-7.56061398456873,-1.15831398526334,-0.90520860970696,-2.75504177637153,0.853358389858244,-1.00867010258451,-4.80732313415109,2.71128937001232,1425000,2110000,-78.8682390611401,40.8411933649345
376,-4.03058815951052,-7.30647127528336,-1.0177781924638,-0.929440030063003,-2.7419145083685,0.791309218235377,-0.932155263664569,-4.68359141902554,2.69380923228639,1525000,2110000,-77.6945959284787,40.6756770333937
377,-3.77243428511331,-7.00136217985113,-0.77638001823072,-0.938240122115637,-2.75204326586485,0.77135471111294,-0.868941881091986,-4.60103725368259,2.74256654121949,1625000,2110000,-76.5265788372098,40.499384451219
378,-3.47253504729078,-6.6934474127842,-0.465430503825754,-0.934954968663433,-2.75542061976039,0.800750064340016,-0.824261325890853,-4.56798641661631,2.8271264958798,1725000,2110000,-75.3644980606552,40.3123952820703
379,-3.23810770750063,-6.64507828338734,-0.0321731142588142,-0.933545645058076,-2.86937238828338,0.939026478273668,-0.802007893834478,-4.75652068051091,3.08772232791728,1825000,2110000,-74.2086542262029,40.114797506282
380,-4.25798467300293,-8.77919867675415,-0.124893097571043,-0.0814182676700455,-2.3624873222108,2.12507259825027,-1.00333982516523,-5.84917707278826,3.73563268723765,-2375000,2010000,-123.690575175088,37.9883530050156
381,-4.26707247121011,-8.43247306016351,-0.468268880524112,-0.0857500259704323,-2.14207710032542,1.90325714434193,-1.00304603884357,-5.37281834310036,3.27476417084635,-2275000,2010000,-122.585745468367,38.239691350883
382,-4.28271647711541,-8.20546118298459,-0.725129107115141,-0.0888323750977507,-2.03127812201004,1.80585805351385,-0.990763998610434,-5.10417415937765,2.98468480232334,-2175000,2010000,-121.47348888451,38.4810169528956
383,-4.27955023087717,-7.97805080763697,-0.880102173508216,-0.101677560765473,-1.96024389651796,1.69212402091797,-0.969583165703813,-4.86668680542225,2.81673621617473,-2075000,2010000,-120.354038648524,38.712245495553
384,-4.27128659494009,-7.83465011187327,-0.995931201293275,-0.119793445136741,-1.88144856436005,1.59886239791065,-0.940076407534018,-4.65153250269614,2.703157524842,-1975000,2010000,-119.227631525795,38.9332683676049
385,-4.26893678199326,-7.70457710233072,-1.1001309362705,-0.152421816583093,-1.84148595941941,1.48794117046914,-0.906481731728106,-4.42076898102854,2.53091852350823,-1875000,2010000,-118.094522470213,39.1440086195691
386,-4.2810731653515,-7.55915584482892,-1.24910780278863,-0.199581456221345,-1.81185293028961,1.35486590753707,-0.876340571186446,-4.19282008488286,2.35074026166077,-1775000,2010000,-116.954982492597,39.3443817106297
387,-4.2908479584093,-7.4152424552284,-1.37865127395752,-0.260810363384439,-1.77818173263866,1.22078011372843,-0.830807185786704,-3.94492829158732,2.25196612046856,-1675000,2010000,-115.809282161801,39.5342958913394
388,-4.20319551715146,-7.22842762327938,-1.39268678574578,-0.274227180348775,-1.74582160688448,1.15040238372227,-0.540196335263724,-3.5922150718351,2.47553439377132,-1575000,2010000,-114.657709939626,39.7136684469224
389,-4.1868764469681,-7.04953914393367,-1.52096827111793,-0.347915261654179,-1.72608104516373,0.994227145259408,-0.304712830254339,-3.1769866050366,2.58534412882379,-1475000,2010000,-113.500564444049,39.8824215502567
390,-4.24603225513348,-6.81886983322536,-1.83902797291557,-0.517617673597793,-1.69620920401393,0.545865753641481,-0.13267444562029,-2.46663795152366,2.11149884576232,-1375000,2010000,-112.338143945367,40.0404788793236
391,-3.71899666402452,-5.69817892392294,-1.71261161835059,-0.41724335012197,-1.14310367992575,0.39020912760697,1.40490161979258,-0.556766618524939,3.38787164861977,-1275000,2010000,-111.170764411934,40.18776930806
392,-4.12590621235273,-6.16750384414799,-2.28520835997644,-0.237023884347776,-1.01861795094098,0.725285000946644,0.780672826166638,-1.80799840496777,3.4831551780899,-1175000,2010000,-109.998749984575,40.3242257181423
393,-5.36493009160892,-7.5043140747047,-3.42705717476177,-0.497032867787217,-1.5101018508546,0.412944096739023,-0.363425940103711,-2.88295742586797,2.22532216951224,-1075000,2010000,-108.822429612141,40.4497773098035
394,-5.6209593556796,-7.83711053136487,-3.63261078195044,-0.350045044356749,-1.2595088066133,0.578714363124174,-0.127796582908773,-2.61601157201612,2.49855079956116,-975000,2010000,-107.642143820197,40.5643699474026
395,-4.07174766194945,-6.1026002462502,-2.21907641120261,-0.907068267351276,-1.57579198318971,-0.280810651629275,1.2282205453786,-0.869569888636605,3.55194863556905,-875000,2010000,-106.458235640887,40.6679518955742
396,-5.20887528864285,-7.58821007872831,-3.0634220674186,-0.612359531604687,-1.20872518223027,-0.0815928879085632,0.751244893072691,-0.845819400912833,2.45421157351443,-775000,2010000,-105.271059236609,40.7604693298299
397,-5.04362797434122,-7.91641602815471,-2.4637707302306,-0.404697278042268,-1.67677530335137,0.822548338455245,0.148778170018358,-2.46079921774232,2.93358384705484,-675000,2010000,-104.08097448227,40.8418772253529
398,-5.0033585383352,-8.03636083150304,-2.24086635981822,-0.370335362909603,-1.78989725440469,1.01138123036168,-0.189912121648832,-3.13860705732515,2.86390656638122,-575000,2010000,-102.888343292226,40.9121347144876
399,-5.01634811165285,-8.17285350899357,-2.14309690944541,-0.384504613311287,-1.85964920996706,1.07465300856097,-0.400753046214784,-3.51207025168475,2.82392109589626,-475000,2010000,-101.693534863631,40.9712072746865
400,-5.06052823793115,-8.27743316738741,-2.15422673525616,-0.414225203853674,-1.94119677366484,1.0956618023049,-0.542931598879563,-3.78933096533939,2.79349367333018,-375000,2010000,-100.496920670694,41.0190657809495
401,-5.11085022520143,-8.40456137653405,-2.17584482959934,-0.450459750373649,-2.01840063079212,1.0947223160766,-0.651998599851017,-3.9706808319892,2.72402807218473,-275000,2010000,-99.2988801756839,41.0556868237843
402,-5.18269834718818,-8.4937798185322,-2.20499300715588,-0.482981480105404,-2.05026406170455,1.05609134914247,-0.732156950327319,-4.07533659321885,2.72068640449494,-175000,2010000,-98.0997890019451,41.0810524766069
403,-5.2484078027037,-8.59122600617628,-2.25633909677354,-0.515113661808335,-2.10482865566831,1.05217597815281,-0.800830012082944,-4.18913052596517,2.65510357283619,-75000,2010000,-96.900029261422,41.0951476604923
404,-5.30976129764716,-8.64730246675921,-2.29884522274052,-0.544051709725547,-2.17207235954602,1.06523089125548,-0.882911147192698,-4.30450284625161,2.57942703414855,25000,2010000,-95.6999824523253,41.0979674220134
405,-5.34918096606497,-8.68220063898894,-2.32096936052677,-0.569457836863935,-2.23979459127397,1.06443293635463,-0.986468301108412,-4.38116204501253,2.47393988630941,125000,2010000,-94.5000225027118,41.0895118518794
406,-5.35996751044228,-8.67628445211395,-2.32562808154443,-0.596947709361478,-2.29476423180236,1.05907082572113,-1.08540819222842,-4.52090447592331,2.41962990719306,225000,2010000,-93.3005547598557,41.0697780913334
407,-5.35485398574882,-8.68027740978749,-2.29866105287291,-0.617622965040825,-2.3374251352754,1.06953521659545,-1.18981249543197,-4.6548629215748,2.31447210989962,325000,2010000,-92.1019394546199,41.0387822324557
408,-5.32837552227032,-8.63236385456169,-2.29830816822592,-0.635526247793814,-2.39555363741867,1.08247280470367,-1.28837206782222,-4.80515781047468,2.24043224609223,425000,2010000,-90.9045686463151,40.9965395761819
409,-5.28291933439633,-8.6104110046593,-2.23846770952946,-0.655389155664613,-2.44093031801169,1.08630208328951,-1.36686653125918,-4.87832079704794,2.13921934256723,525000,2010000,-89.7088101887789,40.9430683142658
410,-5.22233897686981,-8.56332700586239,-2.16269790476309,-0.669901929602667,-2.46433949782637,1.09550921696728,-1.42962708059854,-4.98554701957759,2.12748079843928,625000,2010000,-88.5150437818865,40.8783975984254
411,-5.14577913500472,-8.52581400056031,-2.07347039151289,-0.684250953960065,-2.49455565980871,1.08477821087436,-1.45262113814192,-5.05325379977295,2.10185400954888,725000,2010000,-87.323639297194,40.8025615909423
412,-5.05468758374711,-8.45131152353894,-1.98715480888379,-0.695322003283758,-2.52219508847561,1.07503849287963,-1.45334577594657,-5.11822818774361,2.12078337930531,825000,2010000,-86.134963841458,40.7155940766201
413,-4.96173844407995,-8.34549755499497,-1.85673624461889,-0.706258958563882,-2.53298514490729,1.08970567454394,-1.43141723903309,-5.12367057641115,2.20588562227296,925000,2010000,-84.9493777694851,40.6175391591221
414,-4.84658209678276,-8.23772304468545,-1.73127173926809,-0.727229501621181,-2.55963436596291,1.05452912351013,-1.3763262591536,-5.10234891481415,2.28428434146061,1025000,2010000,-83.7672382885002,40.5084429773383
415,-4.71947553718608,-8.11303978894314,-1.59112233002956,-0.755239098264152,-2.59874283197119,1.03302909019627,-1.29868819594208,-5.04703511507229,2.38860881663861,1125000,2010000,-82.5888945111626,40.3883613812353
416,-4.576204926026,-7.98271085181544,-1.41380119946103,-0.794120237610594,-2.66236385616988,1.00593977585365,-1.21270092786729,-4.99053582103428,2.49967614235961,1225000,2010000,-81.4146844466061,40.2573492311621
417,-4.42454694965802,-7.83558343081132,-1.27403893886291,-0.833609719587737,-2.71131377198685,0.966326417780491,-1.12830465803776,-4.93888418242404,2.62019796841126,1325000,2010000,-80.2449461441666,40.1154701580989
418,-4.27003311933757,-7.66708387045625,-1.12549317886954,-0.863038266717636,-2.74300245148698,0.938156635982962,-1.05592627796885,-4.90912359914021,2.71251102160504,1425000,2010000,-79.0800084521777,39.9627891903775
419,-4.09949155917822,-7.51467748219898,-0.976118716166715,-0.883625522986306,-2.74691199346923,0.901019254993625,-0.992509784203137,-4.87400465603635,2.78225417840635,1525000,2010000,-77.9201832427106,39.7993758387588
420,-3.91902161120434,-7.36790711311648,-0.777838918860979,-0.896231727911083,-2.77650320690718,0.901820848594403,-0.943422927934637,-4.81951852091485,2.8641212028865,1625000,2010000,-76.7657864466883,39.6253048987876
421,-3.74155647332633,-7.21149463604319,-0.522456595252065,-0.904195193722491,-2.82720910981656,0.953060681294262,-0.908281356456837,-4.89437353122732,2.99099027560482,1725000,2010000,-75.6171147550378,39.4406542768368
422,-3.61875100282251,-7.3762956703383,-0.114385784981264,-0.906525424456716,-2.9861215447212,1.11735030580925,-0.884554965980661,-5.15860204058599,3.32601292753533,1825000,2010000,-74.4744641371131,39.2455035256483
423,-4.28159382971576,-9.12254129981875,0.170601263330514,-0.0866476842546717,-2.54670914504714,2.31031668295466,-0.985212233002515,-6.18761095362231,4.15708858407698,-2375000,1910000,-123.364139802869,37.133237709461
424,-4.30658086184958,-8.5178868836476,-0.440723722454451,-0.0950211132478227,-2.20087738075544,1.94542248520464,-0.986790869638071,-5.40051439364074,3.39059550305236,-2275000,1910000,-122.270940439918,37.3817316655807
425,-4.32762043204017,-8.27207844553804,-0.676179038100109,-0.102562323359058,-2.0741867350214,1.81721778196174,-0.983227884027924,-5.14920440486186,3.10619881980576,-2175000,1910000,-121.170556370058,37.6202990460882
426,-4.33990606104952,-8.06515676572288,-0.863277985531905,-0.111651611962559,-1.99467772543894,1.72968059333022,-0.964026484682451,-4.91541168779344,2.92023622200896,-2075000,1910000,-120.063216515436,37.8488565238208
427,-4.35541413510056,-7.94324934960265,-1.00828048853299,-0.126610725884201,-1.9136981419042,1.62176207133104,-0.935606164596997,-4.73915104929061,2.77371937710615,-1975000,1910000,-118.949164906707,38.0672969781992
428,-4.36803179831,-7.84365459539403,-1.13679467216355,-0.15036319158047,-1.86582684993148,1.53725963377095,-0.900861930228247,-4.51511571026963,2.63400369413521,-1875000,1910000,-117.828634808273,38.2755478091655
429,-4.39213083443865,-7.73330919996025,-1.29690106428596,-0.183938908333999,-1.83364226995654,1.41347838969461,-0.858457462089318,-4.33382102173715,2.55122439627097,-1775000,1910000,-116.701898442097,38.4735261614019
430,-4.41806580825453,-7.63968387753994,-1.4270554985421,-0.216164272785586,-1.79778042203228,1.33471345368666,-0.786080670111777,-4.09978967839007,2.49431979524305,-1675000,1910000,-115.569216507636,38.6611511293628
431,-4.44167197916746,-7.57047750505276,-1.53449593731368,-0.237080410070171,-1.75652368024398,1.25431489604465,-0.658910215288067,-3.86631894343559,2.53124192412659,-1575000,1910000,-114.430864334256,38.8383413992471
432,-4.51040628513429,-7.51699293115474,-1.71757424720227,-0.270422812259868,-1.74186766718268,1.14958563329091,-0.529203002528581,-3.60977433906582,2.51931848554209,-1475000,1910000,-113.287134549627,39.0050231809484
433,-4.66930276891806,-7.51563079141909,-2.02426308643435,-0.284316501948009,-1.61532934148993,1.02884141982267,-0.428685483512332,-3.28696969663229,2.4155683943362,-1375000,1910000,-112.138316914213,39.1611262238652
434,-4.97509255188698,-7.45585995122359,-2.69476921366594,-0.153411274990941,-1.15740284591545,0.938045401280953,-0.358211798103043,-2.81087394210489,2.08116253436648,-1275000,1910000,-110.984716291787,39.3065802889194
435,-4.98250810624404,-7.5825345296065,-2.59496182390009,-0.256405142929389,-1.4506409006856,0.938562221880928,-0.239195274191474,-2.96346954851239,2.5266291982941,-1175000,1910000,-109.826648326472,39.4413270905346
436,-5.35557666978139,-7.88442167029989,-3.09097203565684,-0.457253707883535,-1.53803930484191,0.535830423490688,-0.487350115744963,-2.89333399862145,1.92120159656991,-1075000,1910000,-108.664425877166,39.5652914364816
437,-4.92001442200135,-7.07471445665785,-2.92041601551539,-0.597766495048888,-1.32702081315506,0.0812590116056749,0.244047479439245,-1.83528938977357,2.40718316551177,-975000,1910000,-107.498379620196,39.6784269898166
438,-3.8065928826056,-6.03949451653648,-1.62843204590562,-0.559632661858765,-1.25370294972514,0.123906163451519,1.66113790275405,-1.10803831702782,4.55389123064769,-875000,1910000,-106.328849223869,39.7806861639027
439,-5.87827938274939,-8.84401609982128,-3.43817589968358,-0.59710261306283,-1.30173155008538,-0.0203753030380653,-1.56958644716612,-3.40092758167817,0.388684922223506,-775000,1910000,-105.156164121953,39.8720145010301
440,-5.44609747389854,-8.54219923686892,-2.72862231810173,-0.430284236779645,-1.7370480715148,0.806135504649167,-0.701347613651558,-3.43974734402646,2.15211965498228,-675000,1910000,-103.980677204383,39.9523738001415
441,-5.26706775802766,-8.46477224765397,-2.40340310115735,-0.38305134441844,-1.82624557807819,1.02205766995395,-0.556679148436936,-3.57723791650633,2.5395606768742,-575000,1910000,-102.802738668306,40.0217208316808
442,-5.19148712092916,-8.43998372967051,-2.2612023641779,-0.388063067660119,-1.91161894106184,1.10335530509628,-0.582110759254673,-3.75918711726935,2.68853142296459,-475000,1910000,-101.622700582812,40.0800264655784
443,-5.17876379649122,-8.49247984034801,-2.19412598650768,-0.406072799356281,-1.97618846036667,1.1336562167381,-0.653192664535053,-3.94588766745766,2.70461685648165,-375000,1910000,-100.440924837769,40.1272612847441
444,-5.18337435773298,-8.51565779812686,-2.19221163441399,-0.432635376417826,-2.0320607784113,1.12835786853481,-0.72639000146266,-4.09824463604942,2.70880751098948,-275000,1910000,-99.2577747951668,40.1634055044929
445,-5.21404817556702,-8.55959496616192,-2.18666832581666,-0.464731978620024,-2.08739779882428,1.12654456252671,-0.796244614657704,-4.22970961187878,2.71426518777627,-175000,1910000,-98.0736130638335,40.1884389212326
446,-5.25144108457012,-8.63661355799056,-2.23984916247628,-0.496246488169219,-2.1478776902391,1.12097905952501,-0.855555236921901,-4.32406162071146,2.6669337647957,-75000,1910000,-96.8888070694395,40.2023503597627
447,-5.28803194384396,-8.66820181206141,-2.252917196247,-0.526302519985105,-2.19558704211296,1.10980876902545,-0.921385080746125,-4.41328235167417,2.62231476582178,25000,1910000,-95.7037246441612,40.2051329417067
448,-5.31262609018879,-8.72655390550311,-2.25019300611015,-0.551711526597773,-2.27412592087252,1.11408477594442,-1.0115400823315,-4.49085650849133,2.51634449096626,125000,1910000,-94.5187325079532,40.1967870721733
449,-5.31709072165646,-8.7077334068378,-2.20711141749588,-0.576938059397989,-2.30849595778027,1.11787712647227,-1.09856933928885,-4.63924949553326,2.49392242831247,225000,1910000,-93.3342014057342,40.1773131918377
450,-5.30196931547824,-8.69792300997252,-2.21303285079693,-0.598567702103292,-2.35728135419111,1.12387621110938,-1.17750751469059,-4.76271067170597,2.39886670831689,325000,1910000,-92.1504974387415,40.1467208385896
451,-5.26950121013721,-8.64491344105041,-2.16267151338693,-0.618940530646991,-2.39052650698529,1.10974009929401,-1.25159127106722,-4.87493808373119,2.37065581297879,425000,1910000,-90.9679923341251,40.1050265786383
452,-5.21977555202652,-8.62685869641762,-2.12254702461561,-0.636869024393289,-2.43285265675216,1.11565242346057,-1.31890982745702,-4.93972001306401,2.28712492605039,525000,1910000,-89.787043447119,40.0522523996091
453,-5.16470123762763,-8.59055277966752,-2.05609348919371,-0.656160553114919,-2.47716627070751,1.11243286382106,-1.3622116672076,-4.99477536981395,2.21475964831437,625000,1910000,-88.6080093209986,39.9884213180666
454,-5.09688672745791,-8.54159228977271,-1.97576157435569,-0.673684072354165,-2.50062706605244,1.09434653716412,-1.36963293206183,-5.02988397747249,2.24315112459133,725000,1910000,-87.431250321447,39.913563387544
455,-5.02035949894526,-8.47069850013603,-1.87786845516736,-0.687055305283545,-2.53538380070495,1.09727908498444,-1.36348067696137,-5.03920650876953,2.27373499667123,825000,1910000,-86.2571201639262,39.8277180118406
456,-4.93478962885887,-8.38042574718704,-1.76979308451856,-0.698719323751481,-2.55986241282205,1.09477520953449,-1.34502596377405,-5.07128893520551,2.33713822112807,925000,1910000,-85.0859688685511,39.7309164528084
457,-4.82598967029555,-8.27671988491647,-1.66184282002457,-0.719801899213973,-2.58388013406175,1.09382958589518,-1.30870682390205,-5.06624099348881,2.39180741312358,1025000,1910000,-83.9181388324194,39.6232115518933
458,-4.70832965259397,-8.17402212734714,-1.51405100964644,-0.746047251596562,-2.61569431042903,1.07718123429646,-1.25555028401307,-5.03147586186497,2.44824049041715,1125000,1910000,-82.7539664461255,39.5046515597834
459,-4.58513392490338,-8.03622133494168,-1.38139609492457,-0.778672889133045,-2.65667300577718,1.03987450031236,-1.20296519587143,-5.00678522267955,2.55118539100917,1225000,1910000,-81.5937793077488,39.3752901198459
460,-4.45344309480343,-7.91892286133618,-1.2512316870825,-0.809225793129414,-2.71842389914828,1.01694907457079,-1.15117615340579,-5.02435121192023,2.64008011605773,1325000,1910000,-80.4379043381719,39.2351846493327
461,-4.31462781224235,-7.8096572004739,-1.09943770727617,-0.831287887716328,-2.75126764184491,1.00738517685525,-1.09515358857448,-5.01217351213718,2.71442319880165,1425000,1910000,-79.2866582266095,39.084399215757
462,-4.18051905427372,-7.70749484396356,-0.923494843257097,-0.850269213691186,-2.75570783938812,0.991233765266275,-1.04291259842048,-5.02607958497049,2.81778083426567,1525000,1910000,-78.1403458907661,38.9229990413948
463,-4.05595131929925,-7.67590674607411,-0.730820168110715,-0.866016056919205,-2.80155459008342,1.00598587868803,-1.00109555567295,-5.06498718170871,2.94297216284036,1625000,1910000,-76.9992644478365,38.751053696057
464,-3.94453384934342,-7.664088089966,-0.5401260442884,-0.867305649114574,-2.87578462461334,1.08440710358088,-0.970055125007917,-5.16022376173243,3.12170992975141,1725000,1910000,-75.8637108585641,38.568638201777
465,-3.87072467139587,-7.8500137917083,-0.174131259023078,-0.870305230835174,-3.05639434245743,1.26122914420509,-0.951345917763313,-5.45440020780976,3.47592411284204,1825000,1910000,-74.7339714696923,38.3758256984646
466,-4.36278040268625,-8.68731492083558,-0.292863730793008,-0.103523808055909,-2.32177993928676,2.08052601482986,-0.969233717618071,-5.63287833085211,3.64742890097326,-2275000,1810000,-121.963316797246,36.5227297641207
467,-4.3871157529096,-8.37530243094249,-0.677757099473626,-0.111515222707106,-2.13236681266615,1.87011461140911,-0.965134703849333,-5.19241255600824,3.21835969488822,-2175000,1810000,-120.874579671004,36.7586500509818
468,-4.41101066378291,-8.22212006532279,-0.874511506947317,-0.119767469769044,-2.03627291465106,1.76461691477094,-0.951084165474927,-4.95972464977677,2.99779414671556,-2075000,1810000,-119.779122344335,36.9846443508705
469,-4.43272168691414,-8.10416105742913,-1.05567411057265,-0.128371614459825,-1.95782218550763,1.65964454706757,-0.932637081895348,-4.80445186334907,2.8573597043473,-1975000,1810000,-118.677173928102,37.2006086078164
470,-4.46501678532345,-8.00341815369749,-1.20184639723192,-0.148050614116421,-1.92198503197074,1.57247200929072,-0.910523941568417,-4.62455282149383,2.73557159581344,-1875000,1810000,-117.568969347457,37.4064704640047
471,-4.50255054902348,-7.92080421133002,-1.34543698536082,-0.165491326039348,-1.86617779625125,1.4967526420191,-0.86661706478908,-4.43210868743592,2.65802344329153,-1775000,1810000,-116.454763068425,37.602159059994
472,-4.55398571591613,-7.86958317156009,-1.48567230559402,-0.183884547018092,-1.83604807401515,1.43138645610099,-0.820907594445032,-4.2656900786044,2.58683235162379,-1675000,1810000,-115.334821629858,37.7875907063225
473,-4.62673462544363,-7.83134275131116,-1.63447467697707,-0.195001863212332,-1.77545567447002,1.34850957057735,-0.767644571317042,-4.11770798756608,2.56728109075744,-1575000,1810000,-114.209402997868,37.9626925335056
474,-4.74870422649468,-7.88261880699025,-1.8698297163247,-0.208645956993556,-1.72521922477927,1.28645880857283,-0.714439181006636,-3.96545851789425,2.50660127552843,-1475000,1810000,-113.078793489228,38.1273911027606
475,-4.92331664073703,-7.98112478599249,-2.15014537068783,-0.192097461977072,-1.63403805686488,1.22301593145702,-0.694072498336663,-3.80958438543467,2.41012726038075,-1375000,1810000,-111.943272280348,38.281622014064
476,-5.17681754183433,-8.08433672042494,-2.52682033735955,-0.149006586426988,-1.48904341655204,1.17974225195688,-0.738071830981762,-3.70451473860844,2.20523366415257,-1275000,1810000,-110.803140045422,38.4253197327179
477,-5.46979756484761,-8.28592771697475,-2.91518454607172,-0.170878755796757,-1.43640514740978,1.09798307366107,-0.893695559216551,-3.75154475396962,1.94879150181861,-1175000,1810000,-109.658693064788,38.558423728445
478,-5.9984747407547,-8.46812605277495,-3.75036000798606,-0.259456448742562,-1.14081804545777,0.72294206832441,-1.32306912613475,-3.85615123947534,1.09794754506877,-1075000,1810000,-108.510246384219,38.6808734741312
479,-6.44545717378291,-8.85296356548901,-4.32256302349494,-0.664237863367244,-1.27080440348126,-0.14852624117705,-1.74345086318575,-3.95550258551716,0.446100302830387,-975000,1810000,-107.358107471698,38.7926179451893
480,-5.52155917583884,-8.24228047075902,-2.99865044155794,-0.541989472273392,-1.23978840786394,0.117129753974158,-0.822507576804935,-2.90513561028188,1.1808427120139,-875000,1810000,-106.202606631269,38.8936110471824
481,-5.94366838706593,-9.11621626573711,-3.18234891790686,-0.267498313875578,-0.898598748173224,0.324108846650861,-0.874035684402757,-2.72808023333227,1.07730859269653,-775000,1810000,-105.044072025927,38.9838054906408
482,-5.60267561087323,-8.79499168776258,-2.769372197945,-0.333164600967066,-1.64530673043622,0.952496645981146,-0.830519216934413,-3.66587686889474,2.08278890266135,-675000,1810000,-103.882833972763,39.063159676498
483,-5.41357652770952,-8.65314960089504,-2.49798124985511,-0.350845553308621,-1.81450150654473,1.08316126631119,-0.755853919641171,-3.86441839110057,2.41510464454939,-575000,1810000,-102.719230463248,39.1316384707988
484,-5.31408457278374,-8.59360828078945,-2.33776467478909,-0.373718541423197,-1.91162028313545,1.13626250481086,-0.742591255288383,-3.9803176541407,2.53362756622948,-475000,1810000,-101.553605201575,39.1892102475581
485,-5.26830962296608,-8.61266341197737,-2.2560833201938,-0.398202311595812,-1.99088602045383,1.16334927646717,-0.765438713260293,-4.10401891628691,2.64294299738516,-375000,1810000,-100.386305270081,39.2358501161527
486,-5.24263689450784,-8.59561830603597,-2.17916908241063,-0.422957739612167,-2.04869346627659,1.17820310910349,-0.806950028588966,-4.2282069756656,2.66390877769669,-275000,1810000,-99.2176799101368,39.2715368784843
487,-5.24370663096949,-8.65798052252299,-2.17995585464701,-0.452075858566772,-2.09661677901363,1.16670578399123,-0.863229803131059,-4.35462507717064,2.70188555091242,-175000,1810000,-98.0480803590827,39.2962534340166
488,-5.26015647984195,-8.73008734259543,-2.16422338635124,-0.483133517684486,-2.15506885956817,1.16462843544566,-0.913753839426755,-4.44532895435469,2.66037902513781,-75000,1810000,-96.8778602753395,39.3099892385922
489,-5.27450618631223,-8.72061372669188,-2.13885769340341,-0.510073732476751,-2.23214664278689,1.1559153220393,-0.958228795805043,-4.50859313348146,2.63540949731065,25000,1810000,-95.7073739921315,39.312736656183
490,-5.28420935190145,-8.72938886596551,-2.16859736661808,-0.537342324658461,-2.28411180472555,1.16639561284831,-1.02479677571105,-4.57271377500803,2.57557821427561,125000,1810000,-94.536975812285,39.3044948614665
491,-5.27586958801155,-8.71809753506353,-2.12113156606862,-0.559936198302509,-2.33596586578212,1.16192678892803,-1.09539161132262,-4.6974200256616,2.55917531823143,225000,1810000,-93.367019578954,39.2852677919423
492,-5.25817284912179,-8.67941968857416,-2.10489583420818,-0.58057070415287,-2.35250706726764,1.16734466074466,-1.16132082158295,-4.8075864301282,2.49807924230296,325000,1810000,-92.1978615363494,39.2550630413775
493,-5.22306378723188,-8.65639340100146,-2.07533826228753,-0.606735269457086,-2.39215628428985,1.1528901631899,-1.22335377361156,-4.89700348099118,2.46395803868376,425000,1810000,-91.0298572592328,39.2138964848205
494,-5.17388914923415,-8.61813549548023,-2.0305223147413,-0.627005455263472,-2.43562698636367,1.13113059035055,-1.26416815164748,-4.9393928726303,2.41072207660202,525000,1810000,-89.8633544742128,39.1617860665734
495,-5.11706164717612,-8.58968569324393,-1.93964940383659,-0.644369579780336,-2.48742224395583,1.13119141631292,-1.30220746058226,-4.97095913305287,2.37025785931299,625000,1810000,-88.6986950427581,39.0987594942317
496,-5.05815318066762,-8.54470334163135,-1.89145950159092,-0.662887120257518,-2.51198325595102,1.13852586046107,-1.30756804379134,-4.99465843634691,2.36101604623932,725000,1810000,-87.5362327291951,39.0248355889654
497,-4.99074471819881,-8.490118284191,-1.77940760525981,-0.67838578799579,-2.54016529635893,1.13367241591715,-1.30719286322833,-5.06299947097853,2.40466863479203,825000,1810000,-86.3763011353176,38.9400578804009
498,-4.91421408343344,-8.42049427586074,-1.70308214242174,-0.691526770338138,-2.55577473586292,1.13699301220808,-1.2908100840245,-5.0701158924399,2.42975278485692,925000,1810000,-85.2192398083647,38.844460273732
499,-4.81377798363184,-8.32231511477091,-1.56076874122478,-0.712020739919048,-2.60125134571615,1.13831512870206,-1.26743207050347,-5.08861763939674,2.47603853146244,1025000,1810000,-84.0653801095545,38.738083711298
500,-4.71363103126327,-8.24499944528594,-1.46616726970271,-0.741075002802414,-2.642453410183,1.11870429808504,-1.23049855474705,-5.06480941312823,2.50522344739179,1125000,1810000,-82.9150496017059,38.6209788255593
501,-4.60546385221606,-8.11779106208976,-1.33518116420388,-0.76799059846886,-2.67898415505159,1.10841795065128,-1.18763718564097,-5.0959160709601,2.63174609165865,1225000,1810000,-81.7685622955321,38.4931948041475
502,-4.49993480967476,-8.0414824082443,-1.21558514114709,-0.791745118679927,-2.71984842456334,1.09266986449063,-1.15329326386759,-5.0539061625342,2.65416421077266,1325000,1810000,-80.6262337606023,38.3547878664613
503,-4.38145582341668,-7.96044164079353,-1.07576593336536,-0.808390830687463,-2.77356601697756,1.0692029040869,-1.10480002587077,-5.09189379047015,2.80654854903182,1425000,1810000,-79.4883728759915,38.2058182537914
504,-4.26983111727268,-7.91112573057336,-0.911917254585801,-0.824000096189234,-2.79029047046309,1.085707600553,-1.07080311551675,-5.20956384102695,2.92121579617085,1525000,1810000,-78.3552703640717,38.0463448601077
505,-4.17659925530847,-7.91892311094189,-0.727029258045331,-0.838161185792814,-2.83012383590244,1.11685100700575,-1.04353367407596,-5.25994700047647,3.01940788088704,1625000,1810000,-77.2272208587285,37.87643549677
506,-4.09889511917546,-7.96044755147778,-0.524228366284563,-0.843506689576633,-2.92813609661275,1.19579237807517,-1.02623078550327,-5.42796859692158,3.22351820679258,1725000,1810000,-76.1045034109448,37.6961609191856
507,-4.04929798887729,-8.20070163210712,-0.192481334990117,-0.847104101457564,-3.08742406330029,1.34822438001608,-1.0018791705789,-5.72767265131226,3.57936551566926,1825000,1810000,-74.9873987742512,37.5055916781847
508,-4.40226323622992,-9.07241407046227,-0.023442041379441,-0.112083399008211,-2.54270992847968,2.27794384050496,-0.952532157894329,-6.02277079281805,4.06266154946869,-2275000,1710000,-121.662638085093,35.6625308438152
509,-4.44955454171508,-8.48474966937506,-0.671878961823777,-0.117708022160024,-2.21496896468217,1.93566573031307,-0.948433284965636,-5.31353375694879,3.34923177391021,-2175000,1710000,-120.58533287474,35.8959078141616
510,-4.47826796092818,-8.34958604268984,-0.876594294078875,-0.120814406342841,-2.09356362315704,1.82256845868863,-0.940770491865029,-5.06769375175989,3.11484816225474,-2075000,1710000,-119.501521961124,36.1194344555924
511,-4.52051441699865,-8.25740564768324,-1.05648741834302,-0.130855316403874,-2.02558263645667,1.71437219606788,-0.936611414617905,-4.8799830263905,2.95968970166318,-1975000,1710000,-118.411436232228,36.3330276026651
512,-4.55971083675516,-8.14250267812783,-1.25299173198649,-0.143537486077251,-1.98625261822768,1.63746447039767,-0.922439148916967,-4.74595013256246,2.83684633276021,-1875000,1710000,-117.315303694894,36.5366063417174
513,-4.60754453294896,-8.07836026870209,-1.36150994202729,-0.147128857501051,-1.91118639455049,1.58021469791533,-0.89900395183504,-4.59203945305279,2.72807640226218,-1775000,1710000,-116.2133725082,36.7300989226248
514,-4.675482537876,-8.08487997390284,-1.52156709760919,-0.153830117593792,-1.84195612111652,1.51268682203111,-0.879097152065725,-4.48331058353966,2.62899050369409,-1675000,1710000,-115.105896338569,36.9134261328976
515,-4.77589217873461,-8.08388140173623,-1.71448949152271,-0.160450123385155,-1.79514797423204,1.45265736758852,-0.862928532774444,-4.35385305142806,2.54874671143039,-1575000,1710000,-113.993137669056,37.086526449283
516,-4.91873802776143,-8.16467214201781,-1.94446899131604,-0.161467718098919,-1.7305011274017,1.38857024532626,-0.857574790689594,-4.2571271645533,2.50061731915264,-1475000,1710000,-112.875360805283,37.2493280291278
517,-5.10004102406057,-8.28918199989154,-2.20553445726256,-0.134163630587664,-1.64438350978433,1.35571878224934,-0.893592675105196,-4.1512915809142,2.36334600568602,-1375000,1710000,-111.752845455242,37.4017670620493
518,-5.35716010367686,-8.44256494605759,-2.55802049449274,-0.0836817324465568,-1.50962466838762,1.33231167652245,-1.00859491321189,-4.11659954229701,2.09195437408145,-1275000,1710000,-110.62587640612,37.5437825048112
519,-5.71459007940549,-8.73816546336954,-2.99173525942996,-0.00109314319210355,-1.28665081471446,1.29853321211392,-1.26865105088321,-4.22302444496487,1.65045508565902,-1175000,1710000,-109.49474479043,37.6753176673013
520,-6.27634123059961,-9.14138088509386,-3.74957000563318,0.218577807759525,-0.501033773182505,1.0848664220301,-1.78895276518158,-4.40094743149299,0.620977228783142,-1075000,1710000,-108.359753418836,37.7963175306898
521,-5.8498389047338,-8.46801997966315,-3.63036766543314,-0.593129879752529,-1.1272316181126,-0.129800260951252,-1.83944738791707,-4.38094881861258,0.462018205372549,-975000,1710000,-107.221201750999,37.906729199834
522,-5.50851993401228,-8.12821047329042,-3.27618567672312,-0.349015876848994,-1.10972554205832,0.451419664508451,-1.37432804309066,-3.92838172263667,1.03809289368288,-875000,1710000,-106.079403702253,38.0065108227328
523,-5.69337255349861,-8.7784678896422,-2.95200480058885,-0.25442224854548,-1.49220511453319,0.966796953231032,-1.11698745911607,-3.89959595266103,1.71074149416513,-775000,1710000,-104.934684147493,38.0956200471449
524,-5.59052316553066,-8.84562930355655,-2.7116487755437,-0.283376968292897,-1.67565111255808,1.09424864400871,-0.987093153949848,-4.02125715499475,2.08705317918973,-675000,1710000,-103.78735330854,38.1740155516912
525,-5.46869601672476,-8.75622746211793,-2.50228640070046,-0.316863776930459,-1.81252681524777,1.16615516848253,-0.902972721251928,-4.10525236734869,2.34122813932609,-575000,1710000,-102.637745435024,38.2416599587625
526,-5.3771685927794,-8.72705613060752,-2.35512121780094,-0.350084890472142,-1.91743486205503,1.22040359640212,-0.875239861413553,-4.19818282683355,2.49679430016959,-475000,1710000,-101.486185949486,38.2985307288224
527,-5.31788421447572,-8.69791784020749,-2.24625862689765,-0.382700528088376,-1.99355759119135,1.22110836242668,-0.867854666089046,-4.28165510767167,2.61510552726292,-375000,1710000,-100.333011826432,38.3446012177633
528,-5.28357371529252,-8.70238424922288,-2.19957399781319,-0.409972140671202,-2.07859101182407,1.23365986844947,-0.891961856789992,-4.39310918534442,2.66671542345636,-275000,1710000,-99.1785602223057,38.379851189393
529,-5.27399324856245,-8.73944134847888,-2.16146846177146,-0.438951219617078,-2.13529485547637,1.23072081626128,-0.921764049657952,-4.46756527865324,2.69281505973698,-175000,1710000,-98.0231689990501,38.4042651351409
530,-5.27074004648165,-8.74595995511209,-2.14379607713231,-0.471836526127122,-2.1940810554222,1.22056633925604,-0.955811114742144,-4.5358128807961,2.70321645963984,-75000,1710000,-96.8671796584544,38.4178319140735
531,-5.27299446084935,-8.76550065150891,-2.11360466927496,-0.496695332750579,-2.2424856457376,1.21669759661652,-0.99719205173856,-4.60131335770537,2.69389180264631,25000,1710000,-95.7109328012382,38.4205468639626
532,-5.26917840571549,-8.75754845272581,-2.09501777699218,-0.523745127403741,-2.2906085449945,1.20705523442869,-1.04010100542534,-4.66718001020937,2.66658777527522,125000,1710000,-94.5547730329334,38.4124052219911
533,-5.25494985173898,-8.75734202481494,-2.05729228324469,-0.544292367093408,-2.34750180777505,1.22657900067785,-1.09892041502726,-4.7426483224186,2.62183441548337,225000,1710000,-93.3990396329599,38.3934131075646
534,-5.22811024116657,-8.74814590895307,-2.00632160144697,-0.56876036658623,-2.37147486434718,1.20143889533337,-1.14953316842623,-4.85461097804605,2.57200374521614,325000,1710000,-92.2440747815653,38.363578337748
535,-5.18747369389011,-8.69235175878375,-1.9998985645288,-0.593821066643362,-2.41174653491202,1.2050279196377,-1.19675749072396,-4.91739672532788,2.56182395966079,425000,1710000,-91.0902207445828,38.3229155180324
536,-5.13709330884054,-8.60892217054608,-1.94370640242861,-0.618280393240066,-2.47568500978578,1.19268046796112,-1.2362833411282,-4.94647705584401,2.48543250148612,525000,1710000,-89.937814287283,38.2714405142085
537,-5.09541971013476,-8.61481848652926,-1.86793429791703,-0.637323798546606,-2.5021596702039,1.17429533033543,-1.26235107907042,-4.97881471231186,2.48693719124845,625000,1710000,-88.7871865883385,38.2091795679962
538,-5.03850470481163,-8.59998809863086,-1.8104019077056,-0.656439458592814,-2.55530268511992,1.17934519851686,-1.26041872002426,-4.98438189751114,2.4971952611721,725000,1710000,-87.6386757528329,38.1361525051646
539,-4.98460313437914,-8.57235108263132,-1.73212593266963,-0.672415300802848,-2.55879498917597,1.18080272275426,-1.26264368444531,-5.03138027314269,2.49322666198531,825000,1710000,-86.4926073540341,38.0523977996748
540,-4.90299821599888,-8.46734322210577,-1.5969326158693,-0.687743598423772,-2.57694039196922,1.18172786255254,-1.24846331709392,-5.0828985376336,2.48785305813833,925000,1710000,-85.3493065114026,37.9579486932014
541,-4.81509561703476,-8.41237888932815,-1.49163118121432,-0.710513862708433,-2.60668889264533,1.15906041953328,-1.23402276325377,-5.10370171632685,2.56240810422981,1025000,1710000,-84.2090954411049,37.8528455052283
542,-4.72789510781068,-8.31413302129437,-1.38686077347185,-0.734120686985092,-2.65173943974089,1.16173694085111,-1.21329099939503,-5.13489855111574,2.5772030281522,1125000,1710000,-83.0722855019255,37.737133194436
543,-4.64250443530104,-8.25027014558744,-1.25837709526797,-0.757553134762388,-2.68024854686137,1.1555523037182,-1.18315191288823,-5.14923881053895,2.66213279774779,1225000,1710000,-81.9391860941472,37.6108595901945
544,-4.5478520614373,-8.17498161931962,-1.15127413335581,-0.774316126521769,-2.7353430654628,1.14123980200294,-1.14521320887463,-5.17889868979779,2.7595073035768,1325000,1710000,-80.8100992716109,37.474078655353
545,-4.4460190287364,-8.16451027756087,-1.02345615111308,-0.791826950675426,-2.79447865642901,1.1436401094087,-1.1144896254672,-5.21567299223017,2.87876828780895,1425000,1710000,-79.6853184209332,37.3268448504166
546,-4.35209878433283,-8.11773399074642,-0.88207842950895,-0.80659503696805,-2.8342942678478,1.17090719318969,-1.08470349846878,-5.30978314914271,2.98953940374248,1525000,1710000,-78.5651377299824,37.1692169128821
547,-4.27873084453264,-8.11846901109315,-0.724214403956358,-0.817499246881228,-2.88884871469272,1.20041879690753,-1.07109377065607,-5.41423109171277,3.1227361929162,1625000,1710000,-77.4498330833081,37.0012570112371
548,-4.21721266258219,-8.19987965373059,-0.50727138945685,-0.826367558969317,-2.98511318963507,1.2936123095244,-1.05928587430342,-5.60215495480464,3.31333980230319,1725000,1710000,-76.3396773005736,36.8230338616193
549,-4.18095237913726,-8.45802515354754,-0.192572851353921,-0.829225247774435,-3.17704836887506,1.44806883395911,-1.04999955952042,-5.98858624021779,3.68907136863279,1825000,1710000,-75.2349523677552,36.6346159610231
550,-4.53107568071705,-8.78225847027051,-0.525434083773665,-0.120220974635384,-2.33476054550781,2.04687987651455,-0.942280439756319,-5.59278800054498,3.59775805541864,-2175000,1610000,-120.302590776607,35.0319080612148
551,-4.55289915380758,-8.53992020640565,-0.843673862134152,-0.123182037929481,-2.17634121672735,1.88772983789232,-0.948796912394313,-5.27564421175089,3.25985216240767,-2075000,1610000,-119.230199494328,35.253077098854
552,-4.59228775045502,-8.38843582724674,-1.03000068161819,-0.127331414401095,-2.0988873626295,1.78171359920165,-0.94637244901485,-5.05586551884693,3.05100591261284,-1975000,1610000,-118.151738936509,35.4643909262371
553,-4.63806872167605,-8.31124413082189,-1.22364048810039,-0.135870207875338,-2.03428335546032,1.71459889635203,-0.940812859233145,-4.87959533536805,2.91907332379265,-1875000,1610000,-117.067438641068,35.6657758068516
554,-4.69634223619005,-8.25967539016017,-1.36813696193658,-0.130239717427755,-1.93701416293301,1.65913037739783,-0.93426422417263,-4.76970880340511,2.80065093750699,-1775000,1610000,-115.9775300731,35.8571589949447
555,-4.77891659030773,-8.27822989833053,-1.53087827249377,-0.128203162037562,-1.87597739700238,1.60284005722118,-0.928730892565397,-4.66716993808952,2.6926941432714,-1675000,1610000,-114.882266614617,36.0384807480857
556,-4.88490743358663,-8.31623393874382,-1.75982320113326,-0.131755032859239,-1.82117215835984,1.52842438080551,-0.938440263256745,-4.5446146462307,2.59603221728558,-1575000,1610000,-113.781889418405,36.209661329931
557,-5.02513550258795,-8.40653301321621,-1.98663983212529,-0.125438182595997,-1.74721072323527,1.46670101787875,-0.958174017428912,-4.50017340376614,2.47140066378214,-1475000,1610000,-112.676670132679,36.3706439340947
558,-5.20428141998941,-8.53337761382392,-2.22550603664459,-0.0996406533663195,-1.66302109313021,1.4438679301917,-1.01616165957018,-4.41000152033292,2.30513062175977,-1375000,1610000,-111.566874236892,36.5213650906732
559,-5.43249279363184,-8.6855358500422,-2.51158692645091,-0.0546472591564244,-1.5329029621607,1.42155785402769,-1.14728425526406,-4.40212592158819,2.05528814977051,-1275000,1610000,-110.452777127526,36.6617694629001
560,-5.73991019923002,-8.90801797235341,-2.93766957376011,0.0282968989597396,-1.32860147984591,1.38842819083646,-1.37942128057376,-4.39270454235123,1.61354036423239,-1175000,1610000,-109.33466178757,36.7918036274834
561,-6.17003336976176,-9.14214771100692,-3.55579778369846,0.161278256892715,-0.866583407433804,1.1990883597974,-1.76497562938626,-4.02946455733938,0.483639711871595,-1075000,1610000,-108.212816832847,36.9114129398742
562,-6.43975883867776,-9.31735719081182,-3.89750632779977,0.389192907634916,-0.388243931557056,1.29907278952425,-1.85412459546647,-4.60314415801209,0.70752570793284,-975000,1610000,-107.087542286182,37.0205493451879
563,-5.9024549549035,-8.76939586937053,-3.52898288250186,0.100589384915324,-0.770629517314378,1.16411106075115,-1.44545575223317,-4.40043983778578,1.4461454895416,-875000,1610000,-105.959132755568,37.119170536019
564,-5.72089003927334,-8.89359533128716,-2.9201772740567,-0.122839087163293,-1.46134423378284,1.21519683034058,-1.22976126360843,-4.31121901105628,1.84798217975905,-775000,1610000,-104.827902891441,37.2072367968329
565,-5.59862602461405,-8.90385564173318,-2.64221997904029,-0.224168629627613,-1.70347369138003,1.23025452289183,-1.09256609419565,-4.30149688226745,2.13393855767566,-675000,1610000,-103.694155486083,37.2847171399654
566,-5.49851613500125,-8.87194081919185,-2.4711901857002,-0.283752237839274,-1.84260342216056,1.25566291080514,-1.01036574966058,-4.34058598950024,2.32155567626057,-575000,1610000,-102.558210832804,37.3515676833009
567,-5.41768735681662,-8.83020605645319,-2.33264200047587,-0.330702123182281,-1.95822204834739,1.2739781757039,-0.977847551922758,-4.3944383869887,2.46157922588987,-475000,1610000,-101.420382928987,37.4077669518579
568,-5.36076114720912,-8.81685602291976,-2.22924602346454,-0.367652095531488,-2.02820208595792,1.27369505275267,-0.964416420684334,-4.46138086691654,2.58621072909121,-375000,1610000,-100.280996301427,37.4532960064895
569,-5.32363539997461,-8.78984615829761,-2.1573248603196,-0.399169398994976,-2.09258068605291,1.26965719177416,-0.96809012855322,-4.49288984418901,2.67558816551542,-275000,1610000,-99.1403803655908,37.488127794232
570,-5.29314780933096,-8.79111845922665,-2.12074528467164,-0.430124736713395,-2.1560568025716,1.27593676952073,-0.974466562545142,-4.56835682809168,2.68425137393682,-175000,1610000,-97.9988566265981,37.5122514357631
571,-5.28011821229931,-8.81329812364943,-2.08135099230687,-0.461539758410311,-2.22485210001232,1.23987831260644,-0.984517532462206,-4.60706873229068,2.72854102274708,-75000,1610000,-96.856758037379,37.5256561411825
572,-5.27122820799973,-8.78891482312403,-2.0495502367213,-0.490317323226221,-2.28382742747803,1.24724585864377,-1.01476431705446,-4.68443074008567,2.70983313724053,25000,1610000,-95.7144128201398,37.5283384001339
573,-5.25360095273072,-8.7578112699976,-2.03410551133338,-0.514024270181621,-2.31184877260782,1.25340855790684,-1.05628672487636,-4.70777577173471,2.7027243956113,125000,1610000,-94.5721440592926,37.5202937895389
574,-5.23363634392662,-8.75601484286663,-1.99623455042192,-0.534539437977568,-2.35364976813379,1.26491732081287,-1.09324351928171,-4.79478124771413,2.66313787456065,225000,1610000,-93.4302899326995,37.5015272369665
575,-5.2070914580483,-8.76471389045736,-1.94380322313122,-0.562906577963066,-2.3855772981734,1.22985037074408,-1.13445352332438,-4.86635959929055,2.63632573747459,325000,1610000,-92.2891787158639,37.472046992223
576,-5.16404153539155,-8.71877301414243,-1.89622125051405,-0.584958193260852,-2.42982877268511,1.25049804071628,-1.17281565001336,-4.9218564518412,2.63833514798372,425000,1610000,-91.1491373682446,37.431866867467
577,-5.10723860307646,-8.69388361520067,-1.81519919491785,-0.608010741587875,-2.46380049822877,1.24417448561179,-1.20445139019618,-4.98297841249666,2.58471888749104,525000,1610000,-90.0104907932009,37.3809994378495
578,-5.07068639942491,-8.62567393525,-1.80087812408074,-0.630519644616649,-2.51667816025216,1.2409521662786,-1.22473787158083,-4.98610585083509,2.59853242893813,625000,1610000,-88.8735629644813,37.3194699063328
579,-5.02273429796214,-8.61613616776035,-1.72276065413648,-0.646311915548862,-2.53976420329015,1.24790302412235,-1.232132883899,-5.03740866229977,2.58458188477674,725000,1610000,-87.7386760931953,37.2473004911942
580,-4.97319030266473,-8.59510097103331,-1.65331585231815,-0.665719455759838,-2.55700235131387,1.22274846075381,-1.22287532689148,-5.10564867087197,2.6135602905555,825000,1610000,-86.6061456296575,37.164524450563
581,-4.90293158826091,-8.53079055218562,-1.51835707804289,-0.679934009115554,-2.56755434216723,1.22193122047593,-1.20948027135538,-5.12518677985665,2.65630056595274,925000,1610000,-85.4762862507707,37.0711745439806
582,-4.82179291575397,-8.44991102651398,-1.41641111543501,-0.70213301076712,-2.6325028240061,1.2012363717419,-1.20152824828058,-5.16906948814247,2.63043948065272,1025000,1610000,-84.3494084272059,36.9672917375404
583,-4.74503662639774,-8.39543527156525,-1.32515130012719,-0.723044440933942,-2.66648817463848,1.19378504404548,-1.18502684884291,-5.1861388826856,2.68627647140933,1125000,1610000,-83.2258116661339,36.8529122762995
584,-4.67001522803146,-8.36269027616598,-1.22367114625601,-0.739424941596991,-2.71091438389952,1.19593691945374,-1.17284046871011,-5.25043454156342,2.7724404931398,1225000,1610000,-82.1057962855944,36.7280855142713
585,-4.59524547874405,-8.28885898937834,-1.1045793820156,-0.755576506112344,-2.76740017799174,1.2239924176218,-1.15551798077446,-5.28271295339947,2.84351498197763,1325000,1610000,-80.9896553568726,36.5928588630763
586,-4.5094713802984,-8.28830561523931,-0.982763808981236,-0.773076816552607,-2.82927985235002,1.221084232202,-1.12463092495046,-5.31146450662962,2.92575365266871,1425000,1610000,-79.8776732937981,36.4472883764282
587,-4.43203155698319,-8.29546422657727,-0.829987076015355,-0.792314760748259,-2.88165562369238,1.24561993948593,-1.1094348742825,-5.41147423601736,3.05819962806288,1525000,1610000,-78.7701306682196,36.2914295214887
588,-4.36466270544016,-8.31700903021069,-0.670109671240488,-0.802608910515708,-2.9433672167989,1.27731246850284,-1.08461844493685,-5.55382422064242,3.25445264905953,1625000,1610000,-77.6673005161407,36.1253403081565
589,-4.31072765900253,-8.46809812982213,-0.453446780611718,-0.813697260743638,-3.04473355451548,1.36153540077603,-1.08178083804165,-5.7950580542125,3.46055747709482,1725000,1610000,-76.569445967277,35.9490790398563
590,-4.27009603472522,-8.76800476460005,-0.100216216773351,-0.819263364927558,-3.25415801990262,1.53866812953425,-1.07370096974907,-6.22042698795266,3.90573798258591,1825000,1610000,-75.4768283533307,35.7627187035339
591,-4.58792244075834,-9.04750717624903,-0.347784284052036,-0.118185288009127,-2.44759789321649,2.15812440310751,-0.947641307043359,-5.85377161555788,3.89350100299021,-2175000,1510000,-120.02613654133,34.1664962429658
592,-4.61253951802606,-8.71202487361927,-0.725227759449723,-0.119704497043482,-2.26155314779593,1.95805369949526,-0.962392499894065,-5.45468281327557,3.42441675168879,-2075000,1510000,-118.964949047009,34.3854061396851
593,-4.65057544432698,-8.5564549607915,-0.982890751391444,-0.12246571949822,-2.15901099299652,1.86741069919571,-0.964144947162872,-5.22550834031401,3.20470998982069,-1975000,1510000,-117.897888054186,34.5945337015146
594,-4.70301712171948,-8.46902408601911,-1.18342802675167,-0.125628368335271,-2.07958124389722,1.77357884295219,-0.967473456466595,-5.06620420101052,3.0600021168198,-1875000,1510000,-116.825177471489,34.7938141247035
595,-4.77175190584712,-8.42736200373747,-1.36897938099653,-0.125158264976632,-1.99118912300242,1.71390776450521,-0.974417434873033,-4.94655905238466,2.89722463650368,-1775000,1510000,-115.747047988938,34.9831808868647
596,-4.85324897001526,-8.44380521405275,-1.54074719898359,-0.119324134011906,-1.91311949392729,1.6671427001344,-0.976773431094307,-4.82301231212179,2.82325455247051,-1675000,1510000,-114.663736271027,35.1625657203732
597,-4.95931456312312,-8.49222125433824,-1.73293293313066,-0.116448292474908,-1.85362497469792,1.59910722509362,-0.988525885949006,-4.76482183747556,2.71157063186089,-1575000,1510000,-113.575486327155,35.3319114580904
598,-5.08628785917318,-8.54832603217559,-1.95154763685862,-0.106445058599029,-1.77287421549985,1.56478431606908,-1.02839631675899,-4.62898336549024,2.5552730156575,-1475000,1510000,-112.482556777768,35.4911508855669
599,-5.2475979758489,-8.68421715918942,-2.17291804301371,-0.0844668958704322,-1.67360592345103,1.51668944045814,-1.09914638014169,-4.58193296296127,2.36450531484833,-1375000,1510000,-111.385204137064,35.6402291144279
600,-5.44127526471714,-8.77381908560672,-2.43358959081294,-0.0483381530901061,-1.61186715023607,1.50720860001763,-1.20113185875233,-4.55927130034094,2.1272257190189,-1275000,1510000,-110.283695559501,35.7790906685353
601,-5.64817783887941,-8.94705518819375,-2.71165796293849,0.00755452184657781,-1.46575751926393,1.47401109869008,-1.34969662472534,-4.55649855453216,1.85335894819171,-1175000,1510000,-109.178307857342,35.9076846356341
602,-5.86350835554692,-9.10767064382578,-2.99490013431521,0.069918692165979,-1.29904832925021,1.44942913044462,-1.51833268933289,-4.54990294737462,1.52979420447889,-1075000,1510000,-108.069316837298,36.0259633119086
603,-5.95893203750126,-9.19368039586996,-3.11736216384178,0.11825643167607,-1.20589820716196,1.46644919356589,-1.54283765323976,-4.6506098326582,1.52836133226563,-975000,1510000,-106.957014864548,36.133879337387
604,-5.80889383961259,-9.06451104119712,-2.95934048067288,0.014254798332482,-1.34502955668362,1.40514562774228,-1.39868591842506,-4.5722284459395,1.78257414443283,-875000,1510000,-105.841689149214,36.2313911468949
605,-5.68169311146449,-9.02902747271812,-2.7368522224987,-0.10654995802943,-1.58569089650483,1.3685914335233,-1.26146954844649,-4.54351865897547,2.01912119013721,-775000,1510000,-104.723636010913,36.3184629216187
606,-5.58052946095262,-8.9800319048044,-2.54112786186552,-0.193130329977574,-1.74864925908237,1.35190679998473,-1.14666863331234,-4.49314786486221,2.20701005096427,-675000,1510000,-103.603156184361,36.3950594861517
607,-5.49646722751071,-8.97017292672735,-2.39974250162357,-0.25917775955919,-1.85702992281125,1.3486815383313,-1.07813776484326,-4.50660657233227,2.35260009006042,-575000,1510000,-102.480554240713,36.4611501488424
608,-5.42813736624037,-8.91297217858817,-2.26644733509171,-0.308607820206363,-1.96109214470912,1.33476092984605,-1.03704887941268,-4.53334820289792,2.465060338588,-475000,1510000,-101.356139402595,36.5167115383577
609,-5.3774512236719,-8.8906110606,-2.20733664310144,-0.355595016049588,-2.04077511796925,1.32435832527813,-1.0256010666325,-4.60837297937984,2.57879027563981,-375000,1510000,-100.230217342821,36.5617170529393
610,-5.34635499974694,-8.87906797936196,-2.15357588735496,-0.389246114243635,-2.09380035648582,1.3342985835547,-1.01967054276358,-4.66081796847412,2.63216824351072,-275000,1510000,-99.1031081466468,36.5961508838878
611,-5.31651581662001,-8.89097097349889,-2.07427177565195,-0.423222499418562,-2.18104292464067,1.31502068770156,-1.01096281045151,-4.6912796658432,2.70098510196874,-175000,1510000,-97.97512382986,36.6199978976237
612,-5.29361599939816,-8.85782130217559,-2.03924508145559,-0.453082698081449,-2.24209369300232,1.29123936061909,-1.02120887642689,-4.74876472993075,2.74361343641206,-75000,1510000,-96.8465832366941,36.6332474968347
613,-5.26858304741161,-8.81734096123627,-1.99855210493104,-0.480232099530858,-2.30239863120439,1.29416708497689,-1.03952841369178,-4.75459365441748,2.73031564427168,25000,1510000,-95.7178054313627,36.6358950864565
614,-5.24015694038413,-8.78534750071416,-1.94973984322523,-0.50290902317264,-2.34261983810601,1.29778939861962,-1.07037192210927,-4.8210145913029,2.74051854572572,125000,1510000,-94.5890993693622,36.6279457447866
615,-5.21893818487232,-8.80108285127139,-1.94987148615357,-0.529783407887799,-2.35781953903693,1.29221289884447,-1.09397308847596,-4.84392814888762,2.73410894347759,225000,1510000,-93.4607988549087,36.6093969291428
616,-5.18587027664922,-8.77292783023478,-1.90523080613697,-0.554608942260961,-2.40540315828597,1.28245915694137,-1.122706679775,-4.91125032444459,2.71648750077625,325000,1510000,-92.3332113962127,36.5802555949369
617,-5.14559960756531,-8.75190874135811,-1.83964829819849,-0.57784946946056,-2.42876946308422,1.27409706373935,-1.15191847135256,-4.93956388476966,2.71376656710837,425000,1510000,-91.2066571253456,36.5405345975734
618,-5.08875690579283,-8.69887300626195,-1.76799574540647,-0.599616814824953,-2.47437252346058,1.2820245192046,-1.18507454048357,-5.01529538511126,2.65768020280748,525000,1510000,-90.0814490964747,36.490251352068
619,-5.05870837886134,-8.65468361373668,-1.71218850208794,-0.623326969454747,-2.5156741466958,1.28052253294651,-1.19499490283539,-5.032187330485,2.6823308911381,625000,1510000,-88.9579002873176,36.4294205043187
620,-5.00883707009887,-8.67782867552554,-1.64302803609536,-0.641778759525972,-2.5324094995866,1.27274892001041,-1.19952494790566,-5.08563749723846,2.66988339052034,725000,1510000,-87.8363208121425,36.3580733327893
621,-4.95384827590332,-8.64616688573465,-1.52320855141833,-0.656462935572971,-2.56755079163623,1.24869056093446,-1.19117068218721,-5.1209245660009,2.69962248561628,825000,1510000,-86.7170145279256,36.2762347558494
622,-4.89234954205333,-8.59293284964656,-1.42982803640814,-0.673405782951134,-2.58268641102317,1.25522829431138,-1.18462518678173,-5.14438310704636,2.71158418841855,925000,1510000,-85.600287763351,36.1839370134053
623,-4.8250426559574,-8.53067552696365,-1.33109923754781,-0.693399332796014,-2.64346513284673,1.24747302130921,-1.18067195707093,-5.18952641164889,2.73497874040572,1025000,1510000,-84.4864366967876,36.081218143254
624,-4.75479194592786,-8.51245058928979,-1.23055829438538,-0.710963007148721,-2.68998649043513,1.24451494852712,-1.18502852349507,-5.26724214713374,2.76427323831508,1125000,1510000,-83.3757543007893,35.9681156892377
625,-4.69751868888544,-8.44325373037892,-1.15325369005223,-0.729489518070956,-2.73997809697705,1.24981614548192,-1.17779812118846,-5.32221311228079,2.84319929670821,1225000,1510000,-82.2685305541749,35.8446742725125
626,-4.63752481881761,-8.43907246127518,-1.0873417753384,-0.745865507793022,-2.78938053377365,1.27419197092193,-1.16474519894145,-5.37603470809303,2.91569965320929,1325000,1510000,-81.1650469273391,35.7109377876521
627,-4.56394700485413,-8.41890863900116,-0.950784139787345,-0.759265804023278,-2.84376166624024,1.28085849358037,-1.14670984464762,-5.41781517186602,3.04066797000222,1425000,1510000,-80.0655817732434,35.5669609294259
628,-4.49497618875194,-8.42538031726428,-0.791722094118169,-0.775156196178858,-2.93111519667564,1.31818488925157,-1.12553651622928,-5.48775624484692,3.18231957116915,1525000,1510000,-78.9704081276645,35.412796109555
629,-4.43576436871439,-8.54080545460404,-0.602941401800769,-0.789225799763674,-3.01936086128213,1.35548153592344,-1.11368434046228,-5.66403812425533,3.35062821795449,1625000,1510000,-77.8797851380037,35.2484958376365
630,-4.37646822300731,-8.6928272160951,-0.382137395775889,-0.80219087772081,-3.14502826632243,1.45675661813183,-1.10655919672956,-5.95703023390414,3.65211950547056,1725000,1510000,-76.7939731044321,35.0741222988729
631,-4.32228008187205,-9.20222841191051,0.193689087407701,-0.812491309303284,-3.44041029820844,1.74579091695225,-1.08825351388029,-6.62604932895437,4.31764378380131,1825000,1510000,-75.7132230142061,34.8897383052878
632,-4.61720692099814,-9.43533255671172,-0.0627566986876632,-0.117833744438282,-2.64359503606841,2.37735385442431,-0.948575323062296,-6.30881468533024,4.33500649798264,-2175000,1410000,-119.755767711857,33.2995266771737
633,-4.65834059460248,-8.94820629119651,-0.614902097121861,-0.113703505155631,-2.33979785814768,2.08836135697286,-0.962212949717638,-5.72104825566699,3.6883746296936,-2075000,1410000,-118.705572132918,33.516262079008
634,-4.69989257765517,-8.76919182357789,-0.885294670463879,-0.115082952088901,-2.22487311248632,1.96046987309728,-0.977733371419492,-5.47340967527856,3.39242825051338,-1975000,1410000,-117.649689716217,33.7232936288822
635,-4.76073232749062,-8.66599157992368,-1.13559367381092,-0.11909801258717,-2.1275297740004,1.85628877371858,-0.996757085729808,-5.30393695095546,3.18128614412681,-1875000,1410000,-116.588339544561,33.9205553561383
636,-4.83895742229107,-8.59704022362939,-1.33982344312301,-0.117220898022532,-2.03098410082849,1.78023447817269,-1.01265701629884,-5.12272443500135,3.01965726526759,-1775000,1410000,-115.521748159785,34.1079848738004
637,-4.91681985223253,-8.62516607255964,-1.53137803213246,-0.111684136673432,-1.95044596595198,1.71910633564671,-1.01643664976601,-5.00465367827934,2.90703589031005,-1675000,1410000,-114.4501433785,34.2855219466443
638,-5.00868021774375,-8.59503465013606,-1.69424278557562,-0.1070870751812,-1.89732020601828,1.66647475190485,-1.03852319603373,-4.90529954959336,2.76927950120152,-1575000,1410000,-113.373766698282,34.4531033661059
639,-5.1265214624995,-8.67979901325084,-1.89318943626901,-0.0991515489416669,-1.83320888404244,1.62946568452384,-1.07341216042247,-4.80812197909227,2.63744666239074,-1475000,1410000,-112.292865879915,34.6106732761876
640,-5.26110893072064,-8.78337556936885,-2.10825954415749,-0.0826501422177582,-1.76397170371164,1.59858189390696,-1.14174894721707,-4.71850974251691,2.43546137887061,-1375000,1410000,-111.207687031943,34.7581768218737
641,-5.41269419569544,-8.88121428281509,-2.29793564510664,-0.0571322974464662,-1.70629997000616,1.58729587352387,-1.21135728462803,-4.71275092807562,2.2521112778493,-1275000,1410000,-110.118495266948,34.8955608956508
642,-5.55259395060156,-9.00278179155534,-2.47775212992713,-0.0282916577094505,-1.6096881012201,1.55587514818215,-1.3020370329017,-4.67548925510984,2.12250857414434,-1175000,1410000,-109.025554704559,35.0227765030052
643,-5.68019029480564,-9.08438063907465,-2.64465359030276,-0.000829924273838346,-1.54834044280792,1.54498276015114,-1.3876973113622,-4.73611085354872,1.96710068521651,-1075000,1410000,-107.929135090049,35.1397781586986
644,-5.73428204580769,-9.13080204507229,-2.71358783978824,0.00602928563842177,-1.49310513861778,1.52743288134542,-1.39836624951823,-4.72525377348222,1.95086120238075,-975000,1410000,-106.829513440832,35.2465236306665
645,-5.69004881784811,-9.07536631219965,-2.6558840973827,-0.0458225071519221,-1.56779415183677,1.50464870126793,-1.34333508444924,-4.70161332197693,2.01083694847996,-875000,1410000,-105.726972594357,35.3429738755778
646,-5.62402456146861,-9.07563322902819,-2.53111984273856,-0.120511235501011,-1.700100500527,1.45324153777479,-1.2565346326767,-4.68513163779643,2.15359760797462,-775000,1410000,-104.621798300476,35.429092902366
647,-5.55433366852674,-9.06937668211847,-2.43194186773189,-0.19116657162389,-1.81036907740971,1.42151794929348,-1.17161781515731,-4.63914242315161,2.30852898674214,-675000,1410000,-103.514280052647,35.5048478297149
648,-5.48686507492025,-8.98266800134327,-2.30638261075943,-0.250670297920982,-1.9227231407425,1.40975612798449,-1.11830552128107,-4.6259672344006,2.4194606619667,-575000,1410000,-102.404712979181,35.5702117788851
649,-5.4302070688964,-9.00649512339143,-2.22160185640015,-0.302921529282327,-1.99938962672252,1.37434738302078,-1.07675292584447,-4.66296803977322,2.50240178279596,-475000,1410000,-101.293394757491,35.625156518245
650,-5.38767292493116,-8.95905102563799,-2.12957084092137,-0.342317079665132,-2.07809527907475,1.37933680417654,-1.06027475356718,-4.73385629700979,2.618706769785,-375000,1410000,-100.18062547812,35.669663486866
651,-5.35547364667396,-8.97623877841532,-2.05824928858845,-0.379073774980124,-2.13452124758437,1.37163630463517,-1.05132097501127,-4.74773976354091,2.66452425314583,-275000,1410000,-99.0667079701669,35.7037145552923
652,-5.3159961903687,-8.93077295384626,-2.01050851800819,-0.41588427741015,-2.18995682516328,1.35227462430253,-1.0489745726937,-4.81622776344456,2.71190360553089,-175000,1410000,-97.9519459884714,35.7272963047346
653,-5.28493873853566,-8.92229410654764,-1.95622409597761,-0.448082011855613,-2.26574310098034,1.33904757466968,-1.05511333968375,-4.82387033744028,2.73715199319807,-75000,1410000,-96.8366480045183,35.7403992996318
654,-5.26662534727904,-8.8785340229773,-1.93076007864832,-0.472360999270826,-2.3062474122548,1.33165517886396,-1.07038191466408,-4.85786348732055,2.78833548829741,25000,1410000,-95.7211160345087,35.7430163204157
655,-5.23633146148505,-8.87318909150851,-1.91838094083058,-0.497149213204589,-2.34754516576182,1.32436429819551,-1.08695812765407,-4.87507358065131,2.79824090163695,125000,1410000,-94.6056610064898,35.7351583636162
656,-5.20445285139493,-8.83823549243149,-1.86545024455733,-0.524470558123587,-2.38954666826872,1.3249676441917,-1.09974921204171,-4.91022858653201,2.79911219327699,225000,1410000,-93.4905895765965,35.7168133598825
657,-5.16950818135314,-8.79477816766361,-1.8353030244008,-0.549024156799628,-2.42646350183354,1.33601379828972,-1.12070718591678,-4.93484063293691,2.80176581726005,325000,1410000,-92.3762127222775,35.6879946515624
658,-5.13424374470368,-8.74134797878786,-1.7868939188664,-0.57323870310573,-2.46794315868082,1.3102151246775,-1.13958329665998,-4.99184421574441,2.8000106171391,425000,1410000,-91.2628300138707,35.6487141854069
659,-5.08298563336845,-8.71287944608023,-1.71020904439339,-0.59261402222748,-2.49663728800843,1.3026430126211,-1.16574806036986,-5.0801020337313,2.73925857877142,525000,1410000,-90.1507477421055,35.5989898372738
660,-5.03897258751823,-8.69578947362693,-1.64050845697586,-0.615444545670391,-2.52102803335671,1.29302664281761,-1.17118316248098,-5.11471159967236,2.7450624242301,625000,1410000,-89.0402678671287,35.5388307555967
661,-4.99631796744942,-8.6910114223363,-1.55895125698475,-0.632877427832842,-2.55699568930407,1.30865255309802,-1.17315586040846,-5.1315670328542,2.78355336336679,725000,1410000,-87.9316871575939,35.4682688985767
662,-4.94069589092759,-8.69737534606183,-1.46626594852892,-0.649430004452073,-2.57595498464146,1.28645347534951,-1.17162218176212,-5.16673590911014,2.80061066040959,825000,1410000,-86.8253040844332,35.3873275624262
663,-4.89009052894319,-8.69135912663753,-1.33764818253937,-0.667560398680647,-2.62750032294854,1.29792290883466,-1.16643404445199,-5.18393108851094,2.85990452241492,925000,1410000,-85.7214097162494,35.2960391411054
664,-4.83097953819592,-8.65453024391531,-1.28527180849945,-0.687458056561907,-2.66898520876839,1.30471747331971,-1.17414764582949,-5.26438473486689,2.86932932244454,1025000,1410000,-84.6202929301209,35.1944357417502
665,-4.77161025658643,-8.62269164254982,-1.18045765381192,-0.702318841496434,-2.71514299169323,1.29876136811133,-1.17611846174632,-5.29791340427477,2.90936390901571,1125000,1410000,-83.5222368547706,35.0825561825678
666,-4.7221517529501,-8.55838818057581,-1.09071870030553,-0.720088554125275,-2.76893990886789,1.30498830367284,-1.17186929015073,-5.34416667640353,2.97333109810232,1225000,1410000,-82.4275225235468,34.9604413945872
667,-4.66973223304601,-8.54516105071651,-1.00733881031854,-0.733911848084248,-2.82686681249136,1.33938843491547,-1.16236109228497,-5.41335783865863,3.03138043813309,1325000,1410000,-81.3364211947235,34.8281313360714
668,-4.61126744246919,-8.54473373152009,-0.891842239453005,-0.746451729918808,-2.88804735173807,1.35113337065933,-1.14873739204877,-5.50424391022702,3.14089500137077,1425000,1410000,-80.2492034789188,34.6856809849614
669,-4.5524793332015,-8.58003215383199,-0.748915460433932,-0.760674230187097,-2.96174304670397,1.38429323384676,-1.13477536562132,-5.64043773023638,3.29415613861672,1525000,1410000,-79.166132768045,34.533139454012
670,-4.50057487590775,-8.74244674084776,-0.540643343264498,-0.776442162278742,-3.10433960044622,1.48016874140024,-1.13484554531853,-5.87908833878036,3.53307644230581,1625000,1410000,-78.0874581116755,34.3705582313875
671,-4.43914856455518,-9.1716923888059,-0.0117624635102886,-0.789945751648472,-3.37238901442577,1.73132250606432,-1.12633874256333,-6.47078629258995,4.15237243543188,1725000,1410000,-77.0134395853254,34.1979912013965
672,-4.69789822552085,-9.49208429078783,-0.215098505143335,-0.114120471546424,-2.60025874167217,2.37259391527336,-0.976024108402786,-6.30149958024755,4.27370244187582,-2075000,1310000,-118.45187810382,32.6454945275466
673,-4.73733446584375,-9.15099334618327,-0.664471948711555,-0.113815117774465,-2.3575817396953,2.1335703645129,-0.994240272335548,-5.85901536779285,3.77411839721335,-1975000,1310000,-117.40695980481,32.8505123765459
674,-4.80978310185395,-8.87572860509619,-0.997628918076501,-0.116384856266957,-2.19409494803243,1.94623606089508,-1.02282913106839,-5.52608994135171,3.34387314874659,-1875000,1310000,-116.356749393639,33.0458373349885
675,-4.88699619323955,-8.81995979946084,-1.24028442756114,-0.116008745143502,-2.11157989156842,1.87337149496934,-1.03676129918556,-5.36141901571727,3.20293252657105,-1775000,1310000,-115.301460360369,33.2314089515716
676,-4.96828765835077,-8.76861913273772,-1.47849014036658,-0.112165465190427,-2.03923219959345,1.79375011812781,-1.05209017527601,-5.20710982387762,2.99583548267592,-1675000,1310000,-114.241326933326,33.4071729217273
677,-5.05158328698553,-8.7726244797465,-1.64269895925187,-0.104371763555578,-1.95380243140175,1.75098995218584,-1.07130835840895,-5.04707578400151,2.92641380756949,-1575000,1310000,-113.176576341102,33.5730659529794
678,-5.14925933716157,-8.81641346349676,-1.79830764866845,-0.0974489986423526,-1.91542157869047,1.70797255708223,-1.10272605295581,-4.93949178201731,2.74075576545582,-1475000,1310000,-112.107448416824,33.7290335441835
679,-5.26059637973316,-8.88512916049588,-2.00361969167631,-0.085070520571437,-1.85711742529524,1.66823205831417,-1.14963161515978,-4.84561554379398,2.62917165237048,-1375000,1310000,-111.034188507601,33.8750260438921
680,-5.37950085637345,-8.9448758812438,-2.16437598171743,-0.0743557286084801,-1.80779631277489,1.64732881757463,-1.19906799030356,-4.82504979436909,2.43732938345232,-1275000,1310000,-109.95704579015,34.0109928229485
681,-5.4844364820457,-8.99810392911939,-2.3164744146659,-0.0596397872091617,-1.74609283851823,1.62460197468873,-1.25700633966269,-4.80668992449284,2.31549523147648,-1175000,1310000,-108.87627972884,34.1368883865764
682,-5.57092027735474,-9.10204189919954,-2.39588733313712,-0.0530033291864383,-1.70088255557283,1.60609303434043,-1.30464566403566,-4.81271421888883,2.26089430062879,-1075000,1310000,-107.792152551364,34.2526687772856
683,-5.60535455134139,-9.13704916380106,-2.43818694167319,-0.060472604183528,-1.69844569975487,1.56987256933523,-1.30968675671378,-4.80694789150892,2.22923984867326,-975000,1310000,-106.704932526035,34.3582941498966
684,-5.60192763446068,-9.1151390957707,-2.44753275669247,-0.0921320826641398,-1.73137576803895,1.55929202747379,-1.28596124412778,-4.82734818418021,2.25978312556075,-875000,1310000,-105.614890091814,34.453727140488
685,-5.56556336589802,-9.11653646843942,-2.37606335303827,-0.143104564075852,-1.80245739878942,1.50917349717701,-1.24227739735741,-4.83382675340241,2.32834542114134,-775000,1310000,-104.52230422908,34.538933848633
686,-5.51614558136538,-9.08605303332142,-2.27663392134491,-0.194658054658375,-1.88403351676564,1.49577653012377,-1.18708455923468,-4.81313372872075,2.43580120987821,-675000,1310000,-103.427455278723,34.6138832306841
687,-5.46452971036798,-9.05279686964036,-2.18256078397902,-0.247089020715499,-1.96173242425127,1.47796301291723,-1.13375451820706,-4.76716638043262,2.5303034394594,-575000,1310000,-102.330623434408,34.6785483650452
688,-5.42268985274926,-9.03971634052676,-2.10047838457565,-0.295467765836364,-2.02280503112636,1.44655731812168,-1.09697200133689,-4.79218389319861,2.62403833875196,-475000,1310000,-101.232102292344,34.7329055858472
689,-5.38770358224087,-9.07000767415672,-2.03340588043256,-0.337322133387113,-2.09545772743271,1.45516980878625,-1.07877293988798,-4.8133685481389,2.67539192313962,-375000,1310000,-100.132180812428,34.776934091496
690,-5.35467397013272,-9.05760750488533,-2.00173835342174,-0.371132282866933,-2.16959044628691,1.42148755777912,-1.07400786062053,-4.87568257536784,2.68574519204769,-275000,1310000,-99.0311502260404,34.810617880447
691,-5.31731054462277,-9.03383253683093,-1.96373696154071,-0.407950365591888,-2.22465591260524,1.41602719908409,-1.06816628811585,-4.89840879062646,2.76716207292438,-175000,1310000,-97.92930558465,34.8339467558551
692,-5.28910613728754,-9.01505075549111,-1.89287144512599,-0.440124465232205,-2.28625098811369,1.39646619680843,-1.07336933516274,-4.92894074262194,2.82841798191237,-75000,1310000,-96.8269397009582,34.8469100101894
693,-5.26535439848715,-8.9923180860901,-1.8799423987155,-0.468848496930411,-2.33492362727509,1.3874299481904,-1.08624820303123,-4.9563481325078,2.84030039220469,25000,1310000,-95.7243493341121,34.8495025793325
694,-5.23422423170432,-8.9474254380615,-1.84108840153932,-0.492839410385243,-2.36024244684737,1.37820580608208,-1.09959810992014,-4.96652213596024,2.84667119546722,125000,1310000,-94.6218373027716,34.8417249776994
695,-5.20556477941302,-8.88991526296195,-1.82467529862735,-0.523090733617653,-2.40539069449403,1.35916157767664,-1.11843296814887,-4.9922438017231,2.85361474795093,225000,1310000,-93.5196944964226,34.8235763143187
696,-5.16824653944696,-8.88751865780646,-1.79492571527918,-0.547690397603841,-2.43992712325857,1.35523277716343,-1.12687793553402,-5.05477458467868,2.85842305883115,325000,1310000,-92.4182197555327,34.7950682171791
697,-5.12748985945425,-8.80584346975965,-1.7451872783527,-0.569133045903969,-2.47535335457371,1.33637076130705,-1.13037456615904,-5.07604233381084,2.87553543494054,425000,1310000,-91.3177039649991,34.7562112546357
698,-5.07950908048938,-8.7871920534654,-1.63318796988662,-0.591675875373687,-2.51863475528859,1.332027693745,-1.14712390374063,-5.10568241756841,2.85058665643709,525000,1310000,-90.2184444734102,34.7070151933426
699,-5.03314585925693,-8.74351428167567,-1.57532873174334,-0.610747802686077,-2.54749522513682,1.32299220298493,-1.15198684716859,-5.15289818615785,2.86843620401502,625000,1310000,-89.1207337749995,34.6475014862421
700,-4.98647524083001,-8.74404711383856,-1.47855503073646,-0.629438672939727,-2.58008785901991,1.33756898308586,-1.15776540892751,-5.19112722364072,2.87448664679207,725000,1310000,-88.024857612169,34.5776921517986
701,-4.93767387003651,-8.76574070417096,-1.39395359339291,-0.643948819220557,-2.62314354248052,1.33929131888273,-1.1618786191197,-5.23345039028559,2.88266998049144,825000,1310000,-86.9311042062443,34.4976107173387
702,-4.8939927948583,-8.7679122075856,-1.28247562064518,-0.66391976764799,-2.65263016487379,1.33715924269446,-1.16821563933836,-5.27553097067915,2.95899996845983,925000,1310000,-85.839752487359,34.407286264616
703,-4.83867831662363,-8.76205026626565,-1.19823467218693,-0.679973814560566,-2.71093445068735,1.35376567348626,-1.17828755690811,-5.33965593147317,2.98856803525652,1025000,1310000,-84.7510872429644,34.3067544618372
704,-4.78851967941433,-8.74771553054839,-1.1315933652839,-0.69519020673273,-2.73931776596173,1.35942074946993,-1.17574768135744,-5.39224746232574,3.0361767147668,1125000,1310000,-83.665379114307,34.1960440521244
705,-4.74494178157467,-8.71913546548622,-1.02534430875242,-0.70742129804406,-2.79953410639891,1.37064031829314,-1.16376412390749,-5.45161768875727,3.08839030446879,1225000,1310000,-82.5828997212192,34.075199436067
706,-4.70500402419495,-8.7241405258768,-0.937266723829483,-0.718914326335851,-2.85137446928743,1.38253451940854,-1.16164803805154,-5.50155411831267,3.13761828772282,1325000,1310000,-81.5039127201187,33.9442609078414
707,-4.65400930638527,-8.71974407261923,-0.82894108104922,-0.735592960330286,-2.90894137448292,1.44263422154408,-1.1547644301864,-5.61745207008614,3.2855673864922,1425000,1310000,-80.4286797769703,33.8032753325303
708,-4.59972119681254,-8.7921694622806,-0.654698299844776,-0.747525859688196,-3.0378053173739,1.52198960553099,-1.14910817175882,-5.85233339516203,3.520239360998,1525000,1310000,-79.3574530661827,33.6522892252346
709,-4.549020374987,-9.23942058611365,-0.153589431970929,-0.761749457066235,-3.33871682201135,1.76746732003518,-1.14586783049962,-6.46457617141188,4.0511628474107,1625000,1310000,-78.2904822660197,33.4913521980324
710,-4.87130124501506,-9.50205172154109,-0.541514230863223,-0.112201034890576,-2.53169795075501,2.29625349746116,-1.0504063992172,-6.20077352948409,3.99731828549346,-1875000,1210000,-116.130230750013,32.1695014344233
711,-4.92817431284746,-9.17938217100749,-1.00047331550813,-0.108823136206922,-2.28501898537429,2.07226274038584,-1.06144069592572,-5.74047193489799,3.53966441235045,-1775000,1210000,-115.086026396862,32.3532940133539
712,-5.0185388932535,-8.98169251973598,-1.36249467781638,-0.10629355167893,-2.11270391915567,1.91529614452452,-1.07331170296174,-5.43289519882941,3.2219471490235,-1675000,1210000,-114.037128939674,32.5273552020581
713,-5.09018051477519,-8.95921114406761,-1.53458412497107,-0.100773904070254,-2.04665823080772,1.85769609672432,-1.08131739032774,-5.27209564115974,3.09901238715911,-1575000,1210000,-112.983764859903,32.6916276112211
714,-5.17656115436745,-8.9493158830654,-1.71989080462564,-0.102601724206069,-1.99996381774126,1.79319155629252,-1.10510705829989,-5.08994541075879,2.89016099337294,-1475000,1210000,-111.926168334523,32.8460595126934
715,-5.26697548038069,-9.01024800704564,-1.87563557625111,-0.0902893722697686,-1.95428735997082,1.76800968176878,-1.14709590947784,-4.99875545398435,2.73892255324181,-1375000,1210000,-110.864572364379,32.9906041233626
716,-5.35460965091354,-9.03105613772661,-2.03504966248936,-0.0879068917686024,-1.91034122803545,1.72603498056856,-1.18382656381269,-4.94945389529564,2.63579422645536,-1275000,1210000,-109.799223026468,33.1252140281523
717,-5.42632976277509,-9.08336087604947,-2.14616725652029,-0.084329639740185,-1.86546031066588,1.69480485494175,-1.22319605698975,-4.93862553412891,2.50767682050228,-1175000,1210000,-108.730369715669,33.249844224397
718,-5.49741264115849,-9.13781144122146,-2.26359564792463,-0.0916481044871549,-1.83654074642239,1.64971851128599,-1.25484678169666,-4.93861382766731,2.452882280369,-1075000,1210000,-107.658266697578,33.3644545195476
719,-5.531168406564,-9.15689129777785,-2.30371971570598,-0.104321117324123,-1.82871125685579,1.62495911283651,-1.26770625711772,-4.96136315696078,2.42172195050459,-975000,1210000,-106.583171959116,33.4690053726413
720,-5.54087563252271,-9.14996679429367,-2.26781586942993,-0.128003745989957,-1.85375116673423,1.58859698009996,-1.24758952698541,-4.94183775812434,2.44416311479302,-875000,1210000,-105.505352049694,33.56346401548
721,-5.52043679436797,-9.16564188870472,-2.21575997626801,-0.162724180623415,-1.90718521743348,1.57625388810046,-1.22105843586287,-4.94049853080931,2.45188924736918,-775000,1210000,-104.42507354702,33.6477969462214
722,-5.48634286660814,-9.17896435580182,-2.15554574743413,-0.206741302411693,-1.95527294776675,1.56223075158068,-1.17271568128759,-4.9028508345056,2.55476994339141,-675000,1210000,-103.342606611435,33.7219742727259
723,-5.44742543622131,-9.16981483786051,-2.09023213636609,-0.2510817430599,-2.01600929010533,1.54267455088118,-1.1318320201802,-4.9156195509756,2.63853718527104,-575000,1210000,-102.258226119147,33.7859720689396
724,-5.41602610100713,-9.16205339106373,-2.01693013468655,-0.293225232974757,-2.08850170733334,1.51174162652795,-1.11601943959863,-4.92074368589123,2.67388388422167,-475000,1210000,-101.172213041616,33.8397649411581
725,-5.38402494574568,-9.16680610291324,-1.95893722829631,-0.330725396272818,-2.13955147796132,1.50213239018798,-1.09809607252655,-4.93226891804114,2.70175141960803,-375000,1210000,-100.084846390624,33.8833355318816
726,-5.35092080012391,-9.12020114304738,-1.92850516975768,-0.366466294214788,-2.1883476995412,1.47049080897465,-1.08918078177782,-4.95594061497239,2.7238262092396,-275000,1210000,-98.9964083694874,33.9166691178214
727,-5.3289040181294,-9.13987150924508,-1.91501941416044,-0.404039345003472,-2.26721456149543,1.46126475665738,-1.08834874599207,-4.97572842332251,2.79886663774531,-175000,1210000,-97.9071824929901,33.939754932982
728,-5.29257595259586,-9.10661723937978,-1.83993808036966,-0.435604974630658,-2.29700880958729,1.44063777357574,-1.0963798840452,-5.05802363136715,2.8273103776646,-75000,1210000,-96.8174544661051,33.9525817632668
729,-5.2632132128202,-9.05627274323082,-1.78629058235313,-0.465033031778997,-2.33705616570476,1.43054378667753,-1.10356326151917,-5.04666658603324,2.87053407516794,25000,1210000,-95.7275124988413,33.9551473713053
730,-5.23545469148221,-9.0333042332211,-1.77749308042798,-0.49093094054904,-2.3965214654025,1.41891154650362,-1.11097929318708,-5.04077064075259,2.88070950863647,125000,1210000,-94.63764199485,33.9474503011663
731,-5.19914479764919,-8.99533872711856,-1.76501301580267,-0.518798026069867,-2.43248902315843,1.42460279086767,-1.1152897084945,-5.08892342823781,2.93051842366276,225000,1210000,-93.5481296996546,33.9294924632574
732,-5.15634908355575,-8.94643075812466,-1.72359851268671,-0.543634406921642,-2.47742661682572,1.39268979603587,-1.12311854652603,-5.12139911761856,2.98762882554545,325000,1210000,-92.4592613667222,33.9012813130538
733,-5.11541500687541,-8.89277186115707,-1.64625341239373,-0.565510421903233,-2.49416940629413,1.36226436797715,-1.11807853762071,-5.12855529533665,2.9815109997725,425000,1210000,-91.3713215710726,33.8628277041948
734,-5.07124657509556,-8.82855977155709,-1.56737607129932,-0.587080792879771,-2.55745433452926,1.36616078376285,-1.12204700828294,-5.15766214370497,2.99415819043,525000,1210000,-90.2845950296556,33.8141422577973
735,-5.01982199539872,-8.79894512641005,-1.48501501486957,-0.609042359546013,-2.58650135774474,1.36736614637043,-1.12962793989989,-5.18965000820643,2.97404030490336,625000,1210000,-89.1993638320021,33.7552444966108
736,-4.97479819113275,-8.79473520531786,-1.408963366268,-0.628589870448904,-2.6162791256562,1.37111394991135,-1.14506417568915,-5.25901656520732,2.97509157937436,725000,1210000,-88.115904597508,33.6861566115233
737,-4.92716629799258,-8.80035058855597,-1.30246321241344,-0.642215277095793,-2.66161828821649,1.36613689823838,-1.15059158411692,-5.27636434758001,2.97157314368771,825000,1210000,-87.0344967314845,33.6068980030177
738,-4.88349261408806,-8.81362321965731,-1.21881337944988,-0.657718744971605,-2.70327658320837,1.39249216228858,-1.15150256676907,-5.35289181215577,3.06578842025392,925000,1210000,-85.9554133753244,33.5174985457128
739,-4.84843191421858,-8.82303743887329,-1.15096217626055,-0.671913094817022,-2.75371157764841,1.4109763691638,-1.15730734842216,-5.36524590048269,3.11727152467281,1025000,1210000,-84.8789235527341,33.4179901108821
740,-4.80807454762731,-8.8558100216367,-1.0713715742825,-0.688113748183682,-2.80909467173326,1.42071625703616,-1.15993823132105,-5.43371056165317,3.18228587465299,1125000,1210000,-83.8052919528626,33.3084027135569
741,-4.76273398691604,-8.86433416375912,-0.988971825322736,-0.699368838548668,-2.84340842602111,1.45054363566463,-1.15584946528583,-5.47890907712461,3.24817989596075,1225000,1210000,-82.7347821525948,33.1887769558534
742,-4.72085256001876,-8.85546162687374,-0.873836605722633,-0.707354824120926,-2.89212206157193,1.47196987419412,-1.14979159901559,-5.56789615115824,3.26566204695867,1325000,1210000,-81.6676503377851,33.0591513414736
743,-4.67644039163326,-8.90360322090311,-0.745639267690382,-0.713246869066652,-2.96747714277856,1.5443460483518,-1.14968640410702,-5.75493852811555,3.42940013462061,1425000,1210000,-80.6041452859298,32.9195670750299
744,-4.63624673425476,-9.31983505391872,-0.243248858991366,-0.727138343783991,-3.27264344990315,1.80195556582736,-1.14859619856868,-6.42620683345029,4.00238825117729,1525000,1210000,-79.5445171782623,32.7700708955299
745,-5.07418962638505,-9.62863560469423,-0.859143899849414,-0.102362056996891,-2.45371263096404,2.25814561912911,-1.08804240313539,-6.1099266697927,3.93263653503286,-1675000,1110000,-113.837394306416,31.6459049480797
746,-5.11682824025365,-9.32204880797154,-1.24715887430976,-0.0987501822008355,-2.24303906939237,2.0453897347211,-1.09387704065357,-5.61166283249846,3.46081948653162,-1575000,1110000,-112.795190412232,31.8086231276158
747,-5.19796741870497,-9.16411214676073,-1.53107434442315,-0.0972572224261809,-2.12230016122679,1.92140201191856,-1.11213577280935,-5.32832071510503,3.12633086676885,-1475000,1110000,-111.748883872014,31.9615829387714
748,-5.27258787521603,-9.1603092794401,-1.71067949303897,-0.0940215050970765,-2.07452873385482,1.88130921295213,-1.14118519733806,-5.23459655308261,2.95904543564847,-1375000,1110000,-110.698710195839,32.1047398258897
749,-5.34553914154418,-9.14429480577968,-1.86024717267103,-0.101574807607597,-2.05156734768581,1.83327722553736,-1.17119575456604,-5.1645526668154,2.84370001916888,-1275000,1110000,-109.644904989782,32.2380489411709
750,-5.40064590800113,-9.21393380899888,-1.98353050543614,-0.104071712886132,-2.00466523755459,1.78387252531072,-1.20123728871118,-5.12893788840681,2.72421397447346,-1175000,1110000,-108.587709574732,32.3614671203778
751,-5.44689341001121,-9.19924606851986,-2.07646941962152,-0.112598642604734,-1.97122780328913,1.72764163817629,-1.22728696251463,-5.11165372924454,2.65295720506509,-1075000,1110000,-107.527370167889,32.4749549234747
752,-5.48135558411654,-9.21815791907908,-2.08924246143497,-0.132775510317872,-1.96212546739838,1.68439089105982,-1.23021149018824,-5.08154927098798,2.65284910107211,-975000,1110000,-106.464140762435,32.5784778359336
753,-5.49449776362378,-9.23912364408103,-2.0978625190211,-0.157466532544618,-1.97971096980901,1.65107934421263,-1.20960991175996,-5.03735004304439,2.64324189257707,-875000,1110000,-105.398273911397,32.672002209677
754,-5.49182589445337,-9.24937554705387,-2.09314616167577,-0.184046322042552,-2.00897670196943,1.6536151407692,-1.18987878519314,-5.06635709135353,2.65028961980083,-775000,1110000,-104.330032445637,32.7554982750351
755,-5.46565902864724,-9.23149598992143,-2.03888357056204,-0.224066253324794,-2.05184687014232,1.62052484355744,-1.16355183667473,-5.0299640470263,2.67791754337266,-675000,1110000,-103.259672062575,32.8289345141816
756,-5.43434861504318,-9.26391338877376,-1.99780671251586,-0.262956988395773,-2.10434595798794,1.59062805028553,-1.13199765053468,-5.02123785775634,2.75964834332669,-575000,1110000,-102.187465848771,32.8922910082234
757,-5.40639904654886,-9.21814745021846,-1.95231700151101,-0.29919680791002,-2.13777706551878,1.58094199838641,-1.12270391525281,-5.06213226011323,2.80019380784016,-475000,1110000,-101.113679486847,32.945545638673
758,-5.38063741525966,-9.24896233767311,-1.8880001653412,-0.332851889289951,-2.18610248143318,1.56156827332936,-1.11290808935628,-5.0848609350085,2.80182767850189,-375000,1110000,-100.038583745589,32.9886785130209
759,-5.34684228114553,-9.21728860193309,-1.84488574506546,-0.365755736200025,-2.24038332788733,1.52275168616011,-1.09932144357182,-5.0879039508652,2.82432249806114,-275000,1110000,-98.9624536059061,33.0216776262313
760,-5.32507374037966,-9.21813490188966,-1.79704047222863,-0.401774486022322,-2.299153458631,1.50194774087914,-1.10212396835524,-5.1223295515308,2.85677963162223,-175000,1110000,-97.8855633040747,33.0445296220363
761,-5.29617205219413,-9.1926334904606,-1.77807228618483,-0.431848424023491,-2.35040568998451,1.4814830239976,-1.10131573602768,-5.14080750243763,2.92055593455574,-75000,1110000,-96.8081874431372,33.0572268034515
762,-5.27046382234962,-9.14939289881692,-1.74492856573469,-0.464272786998229,-2.3926751677232,1.45474303305993,-1.10839173193199,-5.13527061845049,2.93737125169909,25000,1110000,-95.7306031166704,33.0597666389608
763,-5.23016571755647,-9.12787613118114,-1.69743608479266,-0.494241350476098,-2.41985553479767,1.45552598402353,-1.10846999133298,-5.15464610797253,2.95728038047562,125000,1110000,-94.6530886695218,33.0521478715802
764,-5.1971321511569,-9.06567562112168,-1.68347433144598,-0.519163179469004,-2.47874940261072,1.44857526884489,-1.11340258896934,-5.17735743742071,3.00347739147989,225000,1110000,-93.5759204103261,33.0343703962874
765,-5.15854329380072,-9.03748049845333,-1.64151318387654,-0.540532318109392,-2.51281155707859,1.43402568070121,-1.10769237813397,-5.20071677693877,3.05886762477911,325000,1110000,-92.4993740906601,33.0064435248212
766,-5.11487645708023,-8.99441153257898,-1.56799728075461,-0.564546630810531,-2.53890718360936,1.40985660867924,-1.10931915557247,-5.2365712979173,3.0685763187477,425000,1110000,-91.4237263954127,32.9683762441561
767,-5.06245109788601,-8.91159883047191,-1.50767015172202,-0.583197057392053,-2.57153077152558,1.42164640990499,-1.11056668286831,-5.24226194628836,3.08509891359426,525000,1110000,-90.3492503196104,32.9201807345056
768,-5.01578365849531,-8.9078691440089,-1.40808793724623,-0.607505125466087,-2.61725164334268,1.40563701661362,-1.1157853298286,-5.26047665613307,3.07504355777379,625000,1110000,-89.2762186596696,32.8618736521532
769,-4.97138731602796,-8.87429098593255,-1.29912223083516,-0.628412413305119,-2.65618589941308,1.40366195248415,-1.13407301962096,-5.30303086580933,3.10233849719278,725000,1110000,-88.2049010059731,32.7934754567078
770,-4.92724723506765,-8.90110285016338,-1.17741708076694,-0.641733825586068,-2.69835455605556,1.41391112736,-1.12951871706147,-5.37090322862913,3.12348048717541,825000,1110000,-87.1355661122617,32.7150050059478
771,-4.88657509424454,-8.91510923461942,-1.10905582305168,-0.657637911892433,-2.75174803217474,1.45797736400289,-1.13434641627665,-5.39780815867547,3.15993326693933,925000,1110000,-86.0684783819145,32.626491579767
772,-4.85848679516807,-8.91478226218999,-1.05255226105729,-0.670959792159433,-2.81319232628488,1.47699055920102,-1.13231554018549,-5.43011061771503,3.24102200719631,1025000,1110000,-85.0038983416293,32.5279646812729
773,-4.81699666604281,-8.95532019081818,-0.953622694999727,-0.681894899237282,-2.86341627239046,1.49740711014824,-1.1377402662839,-5.51291724560416,3.31220035871075,1125000,1110000,-83.9420830441051,32.4194532572963
774,-4.77599512783538,-8.95660485731997,-0.877160071883512,-0.691057010001524,-2.90941923345692,1.51259557686967,-1.1379880295539,-5.63468923665023,3.39675664016958,1225000,1110000,-82.8832857379118,32.3009943330884
775,-4.73784933711131,-9.02341045446592,-0.741550355777121,-0.697023916110092,-2.96905662742254,1.56790978159414,-1.14073669319244,-5.75225053387802,3.5037171841443,1325000,1110000,-81.8277536614297,32.1726256850511
776,-4.70979967839752,-9.22250408674831,-0.516526141936208,-0.697287270767195,-3.11930231884592,1.71333808425675,-1.13943363588993,-6.01110395694801,3.78762926507437,1425000,1110000,-80.7757291200381,32.0343840489595
777,-5.2400652786959,-9.83091584094832,-0.990372092339449,-0.092869497035057,-2.47908757881628,2.30122645631531,-1.11623720859526,-6.08958245076962,3.8702888545746,-1475000,1010000,-111.575468462577,31.0754377465306
778,-5.28411976674842,-9.52854281160531,-1.37445553467447,-0.0948312169265737,-2.31435461729455,2.08719699768349,-1.1437415417134,-5.70454664275921,3.45263820902621,-1375000,1010000,-110.536481268194,31.2172666316762
779,-5.34073205702335,-9.48654551045441,-1.54667495399254,-0.105009991260936,-2.24776960813871,2.00971133724323,-1.15845919643497,-5.55767523479942,3.28812645569731,-1275000,1010000,-109.493979937214,31.3493258792959
780,-5.3904023841919,-9.49042396339992,-1.66681383143468,-0.112787142705138,-2.20636556399562,1.94972544811371,-1.18620434243905,-5.50751338688837,3.10237555613798,-1175000,1010000,-108.448193705726,31.4715805259419
781,-5.43702073372029,-9.49974213137511,-1.78155052811648,-0.124682221844974,-2.16256345769956,1.88459615580842,-1.21754295460336,-5.48308546111378,3.03752698094096,-1075000,1010000,-107.399369263344,31.5839962810105
782,-5.46080519673314,-9.39501099663969,-1.93263724145061,-0.153965897644356,-2.11340680302504,1.79139626542561,-1.20258355999617,-5.32149568073671,2.93629583880244,-975000,1010000,-106.347746273466,31.6865352536215
783,-5.47194159543132,-9.36994680845042,-1.95444613533563,-0.178339012856705,-2.10630946493124,1.76699869205089,-1.18612471938869,-5.23081146580632,2.89378924562542,-875000,1010000,-105.293573993566,31.7791655810601
784,-5.46917370829799,-9.36260542442527,-1.94455110963577,-0.201230434357837,-2.121518492815,1.72511959389713,-1.17414843353839,-5.21141890863549,2.86098969966476,-775000,1010000,-104.237102894503,31.8618586128421
785,-5.44622751230606,-9.35239927961398,-1.90956138519925,-0.238949959230026,-2.15487965942783,1.70057633256657,-1.15617323698031,-5.21372919971585,2.91613962619093,-675000,1010000,-103.178586070048,31.9345878505908
786,-5.42243889222129,-9.3454808518969,-1.9003164107185,-0.272991957815808,-2.17587181547856,1.65468571733959,-1.13768954055798,-5.15585789972361,2.9084239693621,-575000,1010000,-102.118284810935,31.9973304541004
787,-5.40313274196868,-9.34795131762752,-1.87202651191655,-0.30685701139611,-2.21415068332767,1.6245163357955,-1.12503782841025,-5.18900562362833,2.92268236975404,-475000,1010000,-101.056452975703,32.0500666164775
788,-5.37686150878052,-9.31602538238124,-1.79587732591598,-0.340994943861303,-2.26234717522941,1.58885274143311,-1.11221587872726,-5.17422750153479,2.92127637150984,-375000,1010000,-99.9933574320077,32.0927795991547
789,-5.35199976968134,-9.31803455524351,-1.75340830114187,-0.374849902043129,-2.29697675422925,1.5726901020138,-1.10391201075825,-5.1937798505625,2.95633104895134,-275000,1010000,-98.9292599273357,32.1254561213571
790,-5.32818798782314,-9.28472169156443,-1.71874666982934,-0.408038984700843,-2.35115423639235,1.54607681934075,-1.10526084554008,-5.2344184494923,2.96228905490492,-175000,1010000,-97.864429132849,32.1480853605769
791,-5.29710879376871,-9.27719816719786,-1.70530189135831,-0.43239547235118,-2.39426916866338,1.5208974694509,-1.1063258772427,-5.25184922982374,2.99866665893671,-75000,1010000,-96.7991277736952,32.1606587449227
792,-5.26165423234306,-9.23985230424452,-1.64988990779793,-0.462070853401977,-2.4396650362503,1.50080796913621,-1.11302456815213,-5.24507367110159,3.02521653855536,25000,1010000,-95.7336245251084,32.1631736635527
793,-5.22059710584588,-9.19364209663083,-1.6205807588722,-0.491117141785797,-2.47969007287102,1.48157521400449,-1.1095969817235,-5.25728942616684,3.07397113972356,125000,1010000,-94.6681883984092,32.1556285482587
794,-5.18700280648561,-9.14753944306865,-1.61241503774263,-0.517445012167687,-2.51355061418896,1.47722528620122,-1.11055752185495,-5.29628161391737,3.10317181247124,225000,1010000,-93.6030868952831,32.1380256023399
795,-5.14991303236988,-9.07765595790597,-1.56632189969137,-0.54177546950222,-2.54235756924457,1.46854773328785,-1.110878916272,-5.32227567242464,3.16262619517851,325000,1010000,-92.5385887665323,32.1103712375884
796,-5.10993090204186,-9.0497583608234,-1.50334101588397,-0.56317509617949,-2.5746436721422,1.46287155070625,-1.11232103793609,-5.31639849223247,3.18168400996406,425000,1010000,-91.4749572778092,32.0726750822359
797,-5.05708305619377,-9.00165131368903,-1.42812792182395,-0.583901508537808,-2.64417581288922,1.46272175586134,-1.11209426899654,-5.34662801653467,3.19516143622016,525000,1010000,-90.4124602116912,32.0249475356968
798,-5.01729208116832,-9.00531865584058,-1.31154527587977,-0.605971130433313,-2.67513958858542,1.44861231625201,-1.11117501071352,-5.35832848649839,3.21005576626313,625000,1010000,-89.351358815336,31.9672054728945
799,-4.98003754701981,-8.98165787513682,-1.20357427809033,-0.624088297559636,-2.70879909985652,1.46070013890261,-1.11842995457517,-5.40311439926294,3.2390116109037,725000,1010000,-88.2919151330561,31.8994669356114
800,-4.93122440872581,-8.99932907184407,-1.11535603837103,-0.64135245162447,-2.7725139895825,1.47275780362819,-1.11817982281493,-5.47278555245988,3.24188182955119,825000,1010000,-87.2343896070177,31.8217527396474
801,-4.88989855049629,-8.98199316247337,-1.02011468938072,-0.658093907046061,-2.81405693068615,1.48889921831698,-1.11749645667037,-5.48356013434375,3.34125926840793,925000,1010000,-86.1790366091299,31.7340882768591
802,-4.84620145321201,-9.05304889990425,-0.905122267581594,-0.669969327565886,-2.89908054026932,1.52702957981409,-1.1208171419363,-5.55240605592233,3.35542978194885,1025000,1010000,-85.1261097160248,31.6365015190406
803,-4.80829470482222,-9.0804368962529,-0.819834804547724,-0.678793781537428,-2.93364669992869,1.56775815726427,-1.12508228594687,-5.64621377561197,3.45997140235007,1125000,1010000,-84.0758533052752,31.5290207400367
804,-4.77321564044891,-9.09991781591368,-0.74986996856817,-0.6806649207599,-2.9966995130686,1.60128714993988,-1.11949512458277,-5.77850391573872,3.63149499635082,1225000,1010000,-83.0285193894619,31.4116802852153
805,-4.73956554554987,-9.20661231617051,-0.580171969006644,-0.686846367448633,-3.05889130096894,1.69399462779792,-1.13376982827961,-5.92879281927527,3.7345619077899,1325000,1010000,-81.98434533522,31.2845136334057
806,-4.71641356021902,-9.43036947000505,-0.312471768330871,-0.687834837928229,-3.21894960065347,1.82834746410207,-1.13454529172903,-6.21922726080868,4.03262137085773,1425000,1010000,-80.943571063257,31.1475643195976
807,-5.45200491383813,-9.9991980036481,-1.34243920891305,-0.175456053893873,-2.50222355485954,2.15264958698835,-1.17606164755796,-6.04618921285328,3.72460939923444,-975000,910000,-106.233903913442,30.7930011802926
808,-5.46069154480243,-9.62980366154303,-1.69684314990172,-0.198364811612597,-2.29356496309195,1.91196247457721,-1.16224586912219,-5.56823905980797,3.26293779620187,-875000,910000,-105.191173719878,30.8847732504244
809,-5.44765325916591,-9.56207512721949,-1.711684772758,-0.22509124785337,-2.27231383622141,1.83983924005686,-1.15795389877236,-5.47248059498414,3.11368055739066,-775000,910000,-104.146221590366,30.9666989001472
810,-5.44176007582722,-9.5434418074451,-1.70457304795325,-0.249787678487329,-2.256044784232,1.79686149914167,-1.14835813788239,-5.39247748880731,3.09842069668255,-675000,910000,-103.099290495635,31.0387495377939
811,-5.41403010530574,-9.51248653382765,-1.71899878883032,-0.279735076346151,-2.26868041548612,1.73465293273533,-1.13860647061161,-5.35081005040325,3.08212602127574,-575000,910000,-102.050631317018,31.1009036403587
812,-5.39441255773722,-9.50490148118161,-1.70993810614027,-0.314157179531595,-2.28596821564182,1.6896833344381,-1.1257511758686,-5.28271815662567,3.08972553017115,-475000,910000,-101.000493918412,31.1531456419892
813,-5.36890932967483,-9.43572352279775,-1.68808734994005,-0.348643602267667,-2.3345495091789,1.66150714871545,-1.11165880251293,-5.29592048407096,3.09845845353918,-375000,910000,-99.9491316307318,31.1954575369752
814,-5.35227689676708,-9.41727920791545,-1.67266663755185,-0.381274214442282,-2.37483489390896,1.61797761836312,-1.1070422136586,-5.32423850790982,3.12400996900637,-275000,910000,-98.8968017882416,31.2278250724367
815,-5.32956234920762,-9.42206029886308,-1.64888469773246,-0.409483614124744,-2.41299693953632,1.59618332994019,-1.10845591298445,-5.339494993437,3.09659284077348,-175000,910000,-97.8437607398471,31.2502407857477
816,-5.30359759525862,-9.41486361878182,-1.6060207449144,-0.435747696518693,-2.44510374176429,1.58633360055045,-1.11626369575579,-5.40647157932527,3.09314219692999,-75000,910000,-96.7902670030458,31.2626954955233
817,-5.25975496715746,-9.34161476005634,-1.58469856791132,-0.457121132571131,-2.48555974745596,1.57814973567046,-1.1189131626351,-5.40395329454309,3.12435522640576,25000,910000,-95.7365789741952,31.2651864277473
818,-5.21690551266648,-9.30396208416474,-1.53742461827674,-0.485511509013816,-2.53806175880673,1.56683861544066,-1.10963719464774,-5.40429308658325,3.16365955195957,125000,910000,-94.6829536361488,31.2577131642446
819,-5.18268936443107,-9.24264824618468,-1.52254388747275,-0.513904229848277,-2.57242408602536,1.54548286254948,-1.10277439694254,-5.39963272217813,3.22661558918116,225000,910000,-93.6296505556532,31.2402792611563
820,-5.14389758654339,-9.18201279072562,-1.48044728561362,-0.539581798063721,-2.60398909845948,1.53784777974351,-1.10887406895251,-5.41676940574648,3.2992011500922,325000,910000,-92.5769338640609,31.2128818201598
821,-5.10715953149796,-9.17464657041506,-1.43650293044585,-0.562135740376248,-2.65259303059974,1.51906250151897,-1.10606345885101,-5.42452984441025,3.30521169027253,425000,910000,-91.5250556026908,31.1755414441662
822,-5.06485685713785,-9.15930627309768,-1.33496641204256,-0.583517369830491,-2.71457331943205,1.53352928076672,-1.11068464480452,-5.46375547197419,3.34871502915994,525000,910000,-90.4742733085068,31.1282628871063
823,-5.02282405909087,-9.1203704309618,-1.19105438035194,-0.601732376752837,-2.73775690200188,1.53243933269599,-1.11408229641771,-5.49919660080877,3.36298086568214,625000,910000,-89.4248416057857,31.0710619965013
824,-4.97525452698832,-9.11581183395012,-1.10426360267859,-0.621197072383237,-2.77972182251155,1.53643649930518,-1.11575085118212,-5.4929880638167,3.38607099165477,725000,910000,-88.3770120651239,31.0039561434681
825,-4.92938362832068,-9.15845953167145,-1.01464278965911,-0.63731666335572,-2.83197991506612,1.54460453059114,-1.11910254383158,-5.57840564127824,3.40987871586745,825000,910000,-87.3310388393641,30.9269644437951
826,-4.88118032860336,-9.16734868078291,-0.897861817098465,-0.655079435807831,-2.88986782114197,1.57501254833219,-1.11038003863851,-5.63512866739057,3.48971513757599,925000,910000,-86.2871674206158,30.8401145867847
827,-4.83776507357672,-9.17036210011992,-0.780260658723132,-0.66844908927498,-2.9450214324491,1.62083718469733,-1.11314363280651,-5.71675389012284,3.55479131253017,1025000,910000,-85.2456413167257,30.7434279376412
828,-4.79360659587332,-9.16135913719591,-0.665727484869753,-0.675430672527062,-3.02398045378522,1.66173793719152,-1.10951747841333,-5.83255429380744,3.68106857266785,1125000,910000,-84.2067053342269,30.6369346283635
829,-4.75590369830818,-9.22817559920379,-0.514046110787558,-0.677595327485182,-3.09520558697102,1.73106507317249,-1.11318947917568,-6.00823319683072,3.83819735645181,1225000,910000,-83.1705938009628,30.5206648527131
830,-4.72854557163429,-9.35712271109242,-0.352262227118812,-0.680828023593156,-3.17553117244254,1.81854648511341,-1.11375597727651,-6.15909695146693,4.0150247533061,1325000,910000,-82.1375416668753,30.3946546309007
831,-4.70758225728775,-9.60346080364667,-0.0689784861805321,-0.679469431035014,-3.32625744329471,1.97217393062683,-1.1180654991577,-6.50382874797616,4.35785820448317,1425000,910000,-81.1077781224943,30.2589416930088
832,-5.45213027363109,-10.1615970485363,-1.11474585192425,-0.214822392237701,-2.67678048347778,2.2460164310319,-1.15932424776561,-6.26982581150758,3.95300254740351,-875000,810000,-105.091000570475,29.9886613568333
833,-5.44032208203445,-9.84734801681202,-1.39936981130938,-0.237577260432392,-2.50035848263182,2.02623577708552,-1.15100300783424,-5.80767030209319,3.52272687782676,-775000,810000,-104.057317997957,30.0698488245623
834,-5.43412590070322,-9.79813451843221,-1.46256211837758,-0.257746500153136,-2.44759101567915,1.96439301599168,-1.14517582385619,-5.71771370950038,3.42074019368853,-675000,810000,-103.021718440221,30.1412522345985
835,-5.40963976465975,-9.75080405403104,-1.45490243859183,-0.286399176900264,-2.42468766809983,1.89335223663637,-1.14184203640369,-5.65992179362016,3.37715231795433,-575000,810000,-101.98444715802,30.2028487864283
836,-5.38735815752114,-9.66307388977122,-1.56870976120647,-0.332570631961609,-2.40371731391686,1.76289712852987,-1.11955345829281,-5.50876201236823,3.30178127196029,-475000,810000,-100.945755692911,30.2546108421076
837,-5.3636916599982,-9.62610387098165,-1.53093416031451,-0.361102986070691,-2.42538783529584,1.74217023718243,-1.10587009406433,-5.48837295282368,3.29158153095154,-375000,810000,-99.9058731826072,30.2965351092689
838,-5.34271821691835,-9.56675189122576,-1.53010506932072,-0.387792195314831,-2.46131040257223,1.68111952705505,-1.10282923175889,-5.49122261216343,3.28533013779964,-275000,810000,-98.8650539522963,30.3286072271536
839,-5.3205728932223,-9.5818710240255,-1.51650466768537,-0.41316877870984,-2.49911498833616,1.66031511994348,-1.10239147821691,-5.53454951317399,3.30240442307067,-175000,810000,-97.8235465946411,30.3508165209493
840,-5.29398290622837,-9.53246996398923,-1.47020737462947,-0.433470390804987,-2.51968827681787,1.63927587464661,-1.11416128479606,-5.54455735389583,3.27241044573357,-75000,810000,-96.7816012828175,30.3631571353753
841,-5.26401855122221,-9.53318668170152,-1.44835234239428,-0.458868395988684,-2.56859291021498,1.65918999762213,-1.11003256279872,-5.56385033959307,3.2659433836113,25000,810000,-95.7394673180897,30.36562686893
842,-5.22497696480172,-9.43379243334855,-1.43327320223405,-0.481215317822756,-2.59466060045234,1.60510009434522,-1.09526916085206,-5.48822230413637,3.34650503589136,125000,810000,-94.6973953640965,30.3582210695963
843,-5.18780446805806,-9.35779058607601,-1.41039905244996,-0.507106698008025,-2.64453925370898,1.61597483969221,-1.0999622261609,-5.53110235882414,3.36085836671955,225000,810000,-93.6556361445698,30.3409446883299
844,-5.14594668299253,-9.33529799742613,-1.35691934528556,-0.53510495236713,-2.66492133322258,1.60048821700677,-1.10213507622753,-5.59244088054798,3.44672032743474,325000,810000,-92.6144401135275,30.3137998957627
845,-5.11252014632175,-9.33291244366466,-1.2613299588997,-0.557072854380642,-2.7270519343444,1.61108791651685,-1.10453416496327,-5.59298191862135,3.49002667191826,425000,810000,-91.5740571732259,30.2767986741923
846,-5.07273807697744,-9.3196199565604,-1.17592433394703,-0.577515573861421,-2.77891262643256,1.63118801096514,-1.10405821042562,-5.59217853014162,3.56268201206261,525000,810000,-90.5347342522646,30.2299505969596
847,-5.0335187875866,-9.33150651478679,-1.10009207097487,-0.595821573265665,-2.84346674188447,1.63024949696252,-1.11110868250016,-5.66788069722647,3.60361636059315,625000,810000,-89.4967206756629,30.1732690179632
848,-4.98537236043843,-9.32510872629449,-0.947726491424391,-0.618732246111631,-2.90006245073195,1.63645196038432,-1.11089131665796,-5.69418927960251,3.61127838646602,725000,810000,-88.4602585391847,30.1067672387357
849,-4.93256072463611,-9.39572750447276,-0.765308350896759,-0.63472715288272,-2.99605362230241,1.69919126601775,-1.10392850629088,-5.88574513716423,3.7200177215224,825000,810000,-87.4255885341334,30.0304753957623
850,-4.8759104217665,-9.43073216058809,-0.617438487688911,-0.649913218440809,-3.05333724826867,1.75669310856771,-1.09746142369394,-5.92737813990622,3.82254938178544,925000,810000,-86.3929516189877,29.944398272617
851,-4.82623713530752,-9.4126030101194,-0.488631664025018,-0.668449026020459,-3.10944999735325,1.78607997034303,-1.1039800705329,-6.0569567122769,3.90830057978076,1025000,810000,-85.3625855729206,29.8485747694758
852,-4.78371516176971,-9.45247973074211,-0.37753696348648,-0.678286670349037,-3.1946798434394,1.83268260659164,-1.11382204975508,-6.20670392687407,4.02732712414621,1125000,810000,-84.3347298107358,29.7430273275091
853,-4.73321806602669,-9.46474382849433,-0.291367646842699,-0.67678954408838,-3.25955828691007,1.88332742135433,-1.10620898277944,-6.35296026300733,4.17522334528229,1225000,810000,-83.3096065808924,29.6277846482538
854,-4.70260660709298,-9.57551703127309,-0.0872299278135017,-0.671702987887187,-3.33507551486826,1.98040293350616,-1.10152235061236,-6.52226150645151,4.35839438136494,1325000,810000,-82.2874472652973,29.5028808411313
855,-4.67167773989015,-9.7275449042675,0.253847920092385,-0.665869754655476,-3.47718300735552,2.12292990329701,-1.10411211522845,-6.81366965672937,4.68242161532574,1425000,810000,-81.2684708861615,29.3683499635391
856,-4.64896806729712,-10.4296876475618,0.871079083442321,-0.657007067083689,-3.86440165020689,2.51253060611447,-1.09646414097701,-7.64815085659986,5.41493349986587,1525000,810000,-80.2528985379793,29.2242284815985
857,-5.44171938465171,-10.6070697742077,-0.715401454884243,-0.253352890895832,-2.9535226268954,2.41975910676813,-1.13966496492864,-6.70833288397777,4.44264733469358,-775000,710000,-103.970332729672,29.1711345184768
858,-5.43978773303326,-10.566243138186,-0.718247866289744,-0.256986385998895,-2.93859900255584,2.39122883543815,-1.14428480971149,-6.69793380125455,4.40851749247438,-675000,710000,-102.945823694478,29.2419107503682
859,-5.37446700148894,-10.1595319079503,-1.11583464105917,-0.364587068621448,-2.67751963578076,1.96508688482256,-1.10088294146971,-6.03351622215607,3.83708251764387,-475000,710000,-100.892206006231,29.3542821339543
860,-5.36334279244574,-9.89866536388151,-1.29156993325813,-0.380006238775405,-2.57521413087823,1.82846140638064,-1.09303416016311,-5.78924532117317,3.59106092319613,-375000,710000,-99.8635538433568,29.3958378918731
861,-5.34727486690339,-9.79631729814371,-1.34453126549869,-0.396377101079323,-2.57247420801056,1.7694143959304,-1.08917725007415,-5.71184113010346,3.50356642298691,-275000,710000,-98.8339955170184,29.4276273597761
862,-5.33146485544677,-9.77207282716648,-1.36912826331683,-0.416121951037465,-2.58806909467425,1.75489738547249,-1.09273621451077,-5.70509009019441,3.51189834023247,-175000,710000,-97.8037712093334,29.4496414766614
863,-5.30368045569989,-9.68842529582173,-1.36344110872508,-0.437919682003625,-2.60128553069286,1.71482965528642,-1.10059074943932,-5.72049122163162,3.50724130113438,-75000,710000,-96.7731222235808,29.4618719470509
864,-5.27580479808397,-9.71989592268594,-1.30132528645852,-0.457567106248779,-2.65868090974311,1.7264758300417,-1.10236858829718,-5.72373388614188,3.50047158713545,25000,710000,-95.7422934190831,29.4643186321203
865,-5.24131124956461,-9.61117188539207,-1.2573016555373,-0.477865190409121,-2.69066187476964,1.72662148247045,-1.09373327760623,-5.72243451949472,3.53738436927265,125000,710000,-94.7115246549036,29.4569778903576
866,-5.19313668428202,-9.63994848264466,-1.16390899847533,-0.505560644235183,-2.78942773196596,1.76273453809028,-1.09642334925498,-5.84643096431151,3.68052914244658,225000,710000,-93.6810578695653,29.4398516907835
867,-5.14968670291686,-9.61836946431394,-1.10081843984659,-0.533588817436243,-2.83458347274629,1.76501274614791,-1.09430761869648,-5.86885147794189,3.75936922080617,325000,710000,-92.6511375648389,29.4129484837211
868,-5.11554569659168,-9.5968495501948,-0.991535835744125,-0.55790429948013,-2.90916953422884,1.77214263918717,-1.10532049838311,-5.93280857663272,3.81491273066069,425000,710000,-91.6219979760643,29.3762713439853
869,-5.07901368935381,-9.58491713956008,-0.916011898303861,-0.574118040423126,-2.95125199990188,1.78361570645098,-1.11032887841425,-5.96646672123507,3.88995093645965,525000,710000,-90.5938864631691,29.329835496974
870,-5.04057399536351,-9.62832708001411,-0.764681799308662,-0.590821500873465,-3.03887345289546,1.85122512234841,-1.11290836762377,-6.08156676957409,4.02375673545225,625000,710000,-89.5670427921306,29.273652339948
871,-5.01269180707243,-9.90542884928605,-0.449091542612954,-0.605563687046884,-3.23187196358777,1.99529436716703,-1.11560568952771,-6.42840715277821,4.32062650048427,725000,710000,-88.5417045145063,29.2077355032546
872,-4.69898306988897,-10.0808770164813,0.384180844650941,-0.67120091359952,-3.64537591900857,2.25230114226638,-1.1028085692525,-7.09789233434057,4.93478757757268,1225000,710000,-83.4456570528557,28.7328723714034
873,-4.66933028204114,-9.87350084265888,0.370311561483501,-0.662330860266983,-3.53575546006212,2.19684472633867,-1.0979492275595,-6.97179994282269,4.83557449714173,1325000,710000,-82.4341679113987,28.609029601256
874,-4.64916182909872,-10.0149004221318,0.593602119859542,-0.660021561757579,-3.65000190595573,2.28682324361517,-1.0926593887417,-7.18975216538809,5.02914692218372,1425000,710000,-81.4257589214284,28.4756302741436
875,-4.6287683603525,-10.3466752377174,0.949807519263465,-0.654529047488971,-3.84097959923929,2.48019803797477,-1.08753058435095,-7.58741865062816,5.4155945953761,1525000,710000,-80.4206503145145,28.3327141664549
876,-5.37962046114207,-10.5706683572517,-0.667068709573348,-0.38226228050968,-2.96436818777648,2.21108718937734,-1.07129434878797,-6.49556003972384,4.43428191078974,-475000,610000,-100.839799170516,28.4519846347817
877,-5.36597645002946,-10.1283819948751,-1.05452447850035,-0.395482977727318,-2.75518272970299,1.95038838867752,-1.06630028133837,-6.04514523298734,3.88492211976047,-375000,610000,-99.8221410586447,28.4931897923187
878,-5.35864306757283,-10.038309977648,-1.12464360130177,-0.407983637533494,-2.72393109789185,1.89359328817832,-1.07767451304514,-5.97933512779657,3.78481070947147,-275000,610000,-98.8036037532023,28.5247088807883
879,-5.34452275857754,-10.0024480810636,-1.14938394852251,-0.418173833978802,-2.71682643554797,1.87812325923988,-1.08618908794085,-5.97165099923683,3.77758272545261,-175000,610000,-97.7844205006506,28.5465353882343
880,-5.32425315800968,-9.96201596972024,-1.13252528315854,-0.434616126469567,-2.72652380072906,1.84083966038439,-1.08780327441295,-5.90908226212408,3.72562950727033,-75000,610000,-96.7648271835526,28.5586625642858
881,-5.29231346026459,-10.0791744727457,-1.0276340693643,-0.453574636185999,-2.84251954787271,1.91731499999507,-1.09663653041329,-6.10061064604193,3.92899409816775,25000,610000,-95.7450594404413,28.5610887774951
882,-5.27075716583119,-10.271636218906,-0.73671646555251,-0.465991702884517,-3.02545748795638,2.08495795652738,-1.0955639236814,-6.45127668697178,4.25186000280067,125000,610000,-94.7253496516552,28.5538106653276
883,-4.63119080420861,-10.3479122922677,0.968439939518496,-0.651928899846596,-3.87063319500534,2.49265979183008,-1.09545052382891,-7.68149276681328,5.48551784941226,1325000,610000,-82.5778001011611,27.7129348158714
884,-4.61577671279277,-10.3442059700942,0.98528025040951,-0.649296026344797,-3.83644767507451,2.48283140381511,-1.10126580570147,-7.63019225005115,5.43975185677183,1425000,610000,-81.5797498080299,27.5806225765842
885,-4.60172331387995,-10.5291305685926,1.25337309341325,-0.646836375304162,-3.93763608577022,2.59970935019043,-1.09623192985212,-7.8864679284397,5.6805386930978,1525000,610000,-80.5848967856478,27.4388599433824
886,-4.58937577581,-11.1163363167509,1.84016705703485,-0.648228274411248,-4.28187729390238,2.93035741196702,-1.09785777082827,-8.63898583719614,6.32725585737565,1625000,610000,-79.5934442932274,27.2876851795014
887,-5.36904907935992,-10.5358303470138,-0.656771843729352,-0.40605247236018,-2.9944045024803,2.18971184977272,-1.0453650391616,-6.55197111257533,4.4701943347683,-375000,510000,-99.7816056004002,27.5884209095092
888,-5.3660153861064,-10.3451495855257,-0.830047795339219,-0.411589049236596,-2.89299969816971,2.06075259482851,-1.06120252731094,-6.36425065895599,4.15217367729959,-275000,510000,-98.7738559594508,27.6196803654525
889,-5.35919835134524,-10.3097776923852,-0.858645322374131,-0.420402899974417,-2.8955833808192,2.02493092825307,-1.06758354816256,-6.3480695652527,4.118079807598,-175000,510000,-97.7654811441418,27.6413270736729
890,-5.35829459170961,-10.4596058326622,-0.754576741511772,-0.426489302200581,-2.99363235954434,2.11583828319448,-1.06906015006093,-6.55306600526184,4.32554797274473,-75000,510000,-96.7567093281511,27.6533554899831
891,-4.61447837048135,-10.8461839547425,1.44241967047349,-0.648056661778424,-4.10577232369766,2.74461805026559,-1.11182111391681,-8.21999370111214,6.00237200023782,1325000,510000,-82.7184446400312,26.8144392584395
892,-4.5971396941564,-10.6586580153475,1.40379655148087,-0.641731724877327,-4.01732292878149,2.67436609443183,-1.11637461341192,-8.09747518062029,5.83974062417546,1425000,510000,-81.7305465487477,26.6831660478232
893,-4.58658430600086,-10.7767488795592,1.60451907517326,-0.642716824743745,-4.09924282930155,2.74907228649215,-1.1086674366494,-8.25969564236908,5.98510758164268,1525000,510000,-80.745748026708,26.5425084849531
894,-4.57316360168557,-11.0729060602108,1.86827453931593,-0.644582872549821,-4.2795217450594,2.89781339192388,-1.10238063062348,-8.63152245780453,6.3144913772348,1625000,510000,-79.7642440538776,26.3925027330855
895,-5.37489229666067,-10.9899368610102,-0.202490545361991,-0.40971735632147,-3.2637678296825,2.44231821996333,-1.0318075248775,-7.10641590283257,5.00691477947117,-375000,410000,-99.7419201953412,26.6813602201636
896,-5.37231762302442,-10.6501585895072,-0.512587089875949,-0.413457048578519,-3.08333022848585,2.26362962653495,-1.04605103490308,-6.71180032203636,4.56733628507097,-275000,410000,-98.7447346457662,26.7123724146124
897,-5.37486036252601,-10.6264031388018,-0.506472482259407,-0.419400926710212,-3.09335393299483,2.23497733860378,-1.04968365567188,-6.7427032099403,4.55239006838855,-175000,410000,-97.7469409873041,26.7338467365782
898,-5.37393071254767,-10.8504437561428,-0.386588361820091,-0.4238176085705,-3.19137628764418,2.34137840248117,-1.04889800724769,-6.95755465073743,4.7607081329895,-75000,410000,-96.7487635710306,26.7457778544979
899,-4.56992868691867,-11.1193915851062,1.929711315178,-0.634790557884012,-4.30085899150773,2.95550822956114,-1.11386615331851,-8.63658600508097,6.38790860290147,1425000,410000,-81.878244686014,25.7831008713119
900,-4.56948627765014,-11.0723543182509,1.93081791980428,-0.641359247889692,-4.2955017969499,2.91055762072933,-1.1093725831815,-8.64044925817391,6.32301189512524,1525000,410000,-80.9033047976919,25.6435018135794
901,-4.55800232407479,-11.2391419766187,2.10531802564794,-0.643743568612202,-4.41142609798961,3.03054031958818,-1.09844905192466,-8.84770096325696,6.57122113040987,1625000,410000,-79.9315578597677,25.4946134628712
902,-5.38090850862448,-11.2271057717485,0.0205589060133309,-0.418499008475308,-3.40858994709538,2.56175172338429,-1.04854552194328,-7.39512438044929,5.2815363241945,-275000,310000,-98.716210420344,25.8026137935416
903,-5.38653985642635,-11.0481894188552,-0.126567369928711,-0.417531082188128,-3.33672567251955,2.48618832888445,-1.05304668218243,-7.2356482198633,5.07675007692407,-175000,310000,-97.7287863742879,25.8239260818634
904,-5.38376972253578,-11.3217055635617,0.09267159690546,-0.418118325131484,-3.46083759948741,2.60423827170982,-1.04103690658777,-7.46574530243903,5.35573088131066,-75000,310000,-96.7409844529545,25.8357647579242
905,-4.54260038403106,-12.3667489929664,3.1631268471873,-0.636299218112633,-5.07733061436052,3.66463901416886,-1.10611180874112,-10.1657030827293,7.80426080094131,1325000,310000,-82.9911318916856,25.0095908443845
906,-4.54372414491549,-11.4804330237569,2.32622854100289,-0.638272964097824,-4.57878316788547,3.2062647697061,-1.10495584153381,-9.11886350446813,6.80235922333875,1425000,310000,-82.0229437252732,24.8802638701045
907,-4.55102753094769,-11.3790941459203,2.24701931707235,-0.640922323217486,-4.48119917552138,3.11546478694289,-1.10075973546987,-8.99943098011011,6.67204179768908,1525000,310000,-81.0576693487307,24.7416782746969
908,-4.55664103315648,-11.5975649028144,2.40231433948777,-0.642579472561458,-4.57202091785184,3.2139680118037,-1.09840460021187,-9.20961180176288,6.90736858212567,1625000,310000,-80.0954929633818,24.5938615514206
