"cell100","link_occ_intercept_mean","link_occ_intercept_q025","link_occ_intercept_q975","MWMT_effect_mean","MWMT_effect_q025","MWMT_effect_q975","MCMT_effect_mean","MCMT_effect_q025","MCMT_effect_q975","x","y","lon","lat"
1,-4.09961236197473,-9.54018653286136,1.10951555121496,0.833523873622197,-1.76704553815906,3.51176439275483,-1.98820600396042,-7.99446815969876,3.77004076426761,NA,NA,-123.169325592467,49.3418514172384
2,-4.12549492922704,-8.97856189391099,0.466604400680745,0.681281081235159,-1.62006436815073,3.03578454868319,-1.92560036681002,-7.16428654267477,3.13481848524438,NA,NA,-125.34278383401,47.9398318622962
3,-4.11867449861892,-8.53292309185234,0.0577311178154647,0.726333543431919,-1.2475143107711,2.75786373808757,-1.94495122579694,-6.54270696346249,2.43467173442643,NA,NA,-124.072494736524,48.2097010749556
4,-4.1033377223537,-8.21198621838552,-0.22993199299275,0.835392572207761,-0.818904550375811,2.59183116985468,-1.98464040225668,-6.07584171265426,1.77390634999468,NA,NA,-122.791789339332,48.4681839714966
5,-4.07040733952604,-7.87496946872368,-0.473676909418928,1.05180514632443,-0.017879349584387,2.32535742950039,-2.04236695669511,-5.45519239870535,0.401096028363331,NA,NA,-121.501009306634,48.7151138832371
6,-3.1504861361251,-6.32718918332939,-0.0250038620243874,0.755805550595962,0.179963504347129,1.29369464315129,-0.35722415295237,-5.89652504666524,2.80315939641457,NA,NA,-120.200515518212,48.950330479974
7,-4.30289022742532,-7.22453922237845,-1.46812894142263,0.581499657870954,-0.626568460973061,1.81815826481093,-1.20402751181389,-4.55446951342655,1.78512796805673,NA,NA,-118.890692449359,49.173665496168
8,-3.44252938465191,-6.696111028852,-0.330765607676888,-0.0680398344315628,-1.36641976467835,1.47461942107739,-0.0930978120815802,-3.12945156771058,2.76407311867942,NA,NA,-117.57193502443,49.3849715064046
9,-4.13031104097887,-8.56218303371323,0.0734449419279624,0.628400241542575,-1.42458358899545,2.73732352350175,-1.91436254969661,-6.58786546969154,2.60613025726494,NA,NA,-124.944602195595,47.0768315721678
10,-4.12941155793571,-8.1964012050214,-0.308307853394751,0.660881627644101,-1.13289988349723,2.49778076824511,-1.93483247705358,-6.05003971945781,2.02581051259133,NA,NA,-123.689487635121,47.3423221219025
11,-4.13006133683605,-7.93842615518068,-0.561652570128008,0.733877093122358,-0.812137749395007,2.35690384733379,-1.95072400828289,-5.6548643584253,1.54407356312221,NA,NA,-122.424349185026,47.5965515324135
12,-4.09378262350457,-7.59934903379141,-0.74872832800254,0.847609623573709,-0.424841760425116,2.22396144348463,-1.82060639383142,-5.10640926646626,1.20809066063329,NA,NA,-121.149526306278,47.839361849303
13,-3.80498978678495,-6.82823821245102,-0.807458101090449,0.951304406644177,0.0586308413515262,1.99215387719628,-0.854091341268705,-3.4872917353187,1.61448787171544,NA,NA,-119.865365081081,48.0705979891592
14,-3.44806560693831,-6.19446989929937,-0.79143018969849,0.958482118016908,-0.118313896709244,2.15703701206092,0.652876812417982,-1.61283781339939,2.97271316646442,NA,NA,-118.572236234479,48.2901120225146
15,-3.59359160568124,-6.24319104312379,-1.10765462016,1.03416639716925,0.254613472856551,1.86985134765357,1.15947593401268,-0.664025357453139,3.15617599364024,NA,NA,-117.270533071915,48.4977609801067
16,-3.37484609889819,-5.95610151189872,-0.91120632413561,0.0879901816908946,-0.879368509798671,1.09334960314893,-0.670836981393231,-2.86696549772989,1.4056408284422,NA,NA,-115.960661041074,48.6933941718837
17,-3.65442876752298,-6.21058025146712,-1.17898297412856,0.181232561617774,-0.601558983948046,0.981925667829135,-2.04608641209681,-4.88302916564059,0.560958687258191,NA,NA,-114.643049676115,48.8768826533956
18,-3.08155603107974,-5.66384482070321,-0.543581412476742,0.151127808514884,-0.56985789106948,0.88316014348139,-0.938817967621629,-3.62166445089431,1.70077481690459,NA,NA,-113.318137223694,49.0480950400485
19,-3.4077187989372,-6.21455547416866,-0.688491948077884,-0.150373712028376,-1.59967198221826,1.26041914535142,-0.706337429766818,-3.96617244759661,2.58098476912016,NA,NA,-111.986386874357,49.2069044582452
20,-3.96823413829227,-6.67123538488845,-1.48353143865042,-0.386243928819745,-2.00684312860658,1.15896482695874,-0.423396868767613,-3.73987884767311,3.02864230482916,NA,NA,-110.648254645755,49.3531978006547
21,-3.96071627802226,-7.39942123645833,-0.680420123607057,-0.367894887856473,-2.3077094011691,1.51093867969748,-0.56049285787214,-4.64866398586892,3.57065353704494,NA,NA,-109.304253844539,49.4868615079761
22,-1.4669646726786,-5.05201583469912,2.15141723604717,0.426487205668402,-1.75606825983829,2.7570573151733,-1.23573792392227,-3.35768147435766,0.880719695137177,NA,NA,-68.9418484895862,47.4708524086458
23,-1.33214518130503,-4.89474459539441,2.35408288987361,0.691121075185253,-1.49351854047494,3.02736221163977,-1.25524034211483,-3.39462505967466,0.928494246179991,NA,NA,-67.6816786508927,47.210973594439
24,-4.13095303489224,-8.3622082578134,-0.15743542578161,0.541678933136639,-1.40714860771836,2.54116639715816,-1.89461815676251,-6.32434335723955,2.37530871392822,NA,NA,-124.556771259415,46.2151445142847
25,-4.14445467204568,-8.01295387627493,-0.505922972343155,0.559446048071935,-1.14480362357463,2.33427812346096,-1.93848804584881,-5.87852323526629,1.81061818785612,NA,NA,-123.316508091049,46.476464425411
26,-4.19448927820646,-7.83988158391144,-0.78962051075573,0.594959286184456,-0.918435151778786,2.17836477592105,-2.06210134887676,-5.55680886132911,1.24036321132376,NA,NA,-122.066597318278,46.7266416222802
27,-4.37238755386532,-7.7449658351977,-1.25800105533664,0.650274643736622,-0.560458320001789,1.98174876588592,-2.427778446395,-5.04524278260406,-0.0879724552880129,NA,NA,-120.807383290054,46.9655337435543
28,-3.86150594222743,-6.99658217851493,-0.865095543873746,0.586739391235016,-0.646458732813481,1.89005440940001,-1.14568717710917,-3.98790425723159,1.62933913473412,NA,NA,-119.539181916033,47.1929905096932
29,-3.31133792628337,-6.13297494224787,-0.659049879175483,0.545160449082162,-0.602676618514038,1.74641089577276,0.350869036167634,-1.49624617441861,2.25472525353914,NA,NA,-118.262362517152,47.4088723985633
30,-3.74220844509365,-6.48142241353043,-1.34818164367288,0.199687461472839,-0.587783826813315,1.01816021513777,1.56826960526362,0.135984828105031,3.21396632199012,NA,NA,-116.977305416189,47.6130445359909
31,-3.33627533371362,-5.74986206115367,-1.04944806775569,-0.355128958070668,-1.21642513930961,0.442596829727663,0.0351454519351587,-1.74657496677752,1.85532148765476,NA,NA,-115.684400453992,47.8053694530831
32,-3.61905588424087,-5.98458510897683,-1.35881629758659,0.38611808201594,-0.561824542180047,1.36333674890021,-0.813123874180166,-2.85990101081212,1.21141305756723,NA,NA,-114.384063627296,47.9857192724675
33,-2.93844784785244,-5.10867864091172,-0.748623167273426,-0.0720992167071482,-0.797068009049527,0.684145681004359,-0.655594815127697,-3.29532352128749,1.9537480901312,NA,NA,-113.07671707658,48.1539750061968
34,-3.16287470246111,-5.44093465976313,-0.903079618881573,-0.213560175792508,-1.49021209105099,1.0012995820499,-0.74639102468538,-3.40250655612086,1.82726000823365,NA,NA,-111.762803161925,48.3100205882903
35,-3.61701122023659,-6.20243401587293,-1.12115747699649,-0.316786168621025,-1.74276453030325,1.05874386499694,-0.803157310251311,-3.79026183133728,2.18897996612574,NA,NA,-110.442781289464,48.4537426271522
36,-3.95089405088917,-6.69379733839711,-1.34443021495692,-0.35127345040879,-1.82957837824422,1.08296074248725,-0.701664162994668,-3.73978818067711,2.34758251553944,NA,NA,-109.117119896649,48.5850413786676
37,-4.40992454347664,-7.12272240198294,-1.84838077310166,-0.423238900809018,-1.89178644399755,0.976430893821783,-0.197296912619714,-2.49070346851626,2.14086763261432,NA,NA,-107.78628448641,48.7038150700903
38,-4.24126698631919,-7.2214426764968,-1.44153399174449,-0.339394904758617,-1.94261392531166,1.23924690006994,-0.74662542696623,-3.24574722740874,1.83409264190717,NA,NA,-106.450811318463,48.8099833864942
39,-3.91606077509327,-6.99184389224394,-0.925354983337414,-0.225078462646888,-1.89040879252061,1.42864011451268,-1.68274123828707,-4.5099937475988,1.13129150468182,NA,NA,-105.111174299054,48.9034745389889
40,-3.8203537055943,-7.01499584267621,-0.701988463007618,-0.161636389049209,-1.86382122528338,1.57365944421741,-2.38428958547194,-5.01782092401929,0.284031174515474,NA,NA,-103.767896388197,48.9842029518359
41,-4.19647570586393,-7.48046275406302,-1.00445954947729,-0.249134552937869,-2.04111178012548,1.51469555331346,-2.00472438371396,-3.95736635612057,-0.111375685678547,NA,NA,-102.421506196304,49.0521142768701
42,-4.68164011015343,-8.13175096395994,-1.43090407484581,-0.358885254097313,-2.20326851115385,1.42804753535636,-1.39879531439006,-3.17877146445466,0.287874540607044,NA,NA,-101.072520869239,49.1071676856237
43,-5.02917649445517,-8.67388072678491,-1.62789359776764,-0.403679118380282,-2.28167474008755,1.41279150736097,-0.915930631516483,-2.81536660315747,1.05099310735544,NA,NA,-99.7214769519869,49.1492955628535
44,-5.20206568759776,-8.95210990646623,-1.72472835319554,-0.465976725066076,-2.35074462777672,1.38840866865509,-1.03594116715537,-3.92887668450332,1.83344076938533,NA,NA,-98.3689334255098,49.1784873265989
45,-5.3930494442019,-9.21238493361424,-1.90084169095253,-0.475045766803187,-2.39727678588292,1.4425179996894,-0.90785140035113,-2.74997534798489,1.04739967250882,NA,NA,-97.0154273891687,49.1947113733697
46,-5.49965193171303,-9.35585648796439,-2.00703177332095,-0.458641088497052,-2.45205121444115,1.53257156407956,-0.925270749399886,-2.701712677471,0.971433234853711,NA,NA,-95.6615242485339,49.1979574268762
47,-5.50653841113754,-9.67147881077532,-1.67754005507117,-0.42737203589,-2.61084912824774,1.7403646970361,-1.3568186495567,-4.77643163550386,2.01441016867499,NA,NA,-94.3077452671195,49.1882282867317
48,-1.71592383951205,-4.95908544355145,1.55206388711408,0.066768536158103,-1.90892583219098,2.15688643744747,-1.3747885236043,-3.62892107370796,0.877022206070753,NA,NA,-70.5618618681648,46.8475096756011
49,-1.60563032973448,-4.28242123106283,1.22796616692766,0.146553226578448,-1.53972655481428,1.91256287420069,-1.50401537092622,-3.29315740644259,0.307925622459798,NA,NA,-69.3072560535944,46.6029571177955
50,-1.62874327563642,-4.38618120686586,1.29607733362753,0.502908236671351,-1.21038186619862,2.33174166544972,-1.01313293172406,-3.07938223413414,1.14214452960242,NA,NA,-68.0621362436662,46.3471907168816
51,-4.10924417130076,-8.20150146204645,-0.281165177856074,0.437955641779515,-1.46495107228907,2.38307436393983,-1.82007876677298,-6.16406152810902,2.34655601364612,NA,NA,-124.178879012635,45.3545182589243
52,-4.1073596556152,-7.85400502104489,-0.595417718487183,0.440609552292388,-1.24870533671235,2.17046055167815,-1.85875703744747,-5.72588061143879,1.84598155354587,NA,NA,-122.953170983124,45.6118611005211
53,-4.12733783140871,-7.68807535417611,-0.784077616628858,0.431932402582721,-1.11112569822659,2.0199540455344,-1.91586601572391,-5.41355591843998,1.42250164889217,NA,NA,-121.718175914643,45.8581812469937
54,-4.13364050865569,-7.51353709389959,-0.983901071045105,0.386400214274266,-1.0161731335158,1.81747846063065,-1.95087358599137,-5.06334602629038,0.998476566781194,NA,NA,-120.474217274227,46.0933389368615
55,-3.95390581129688,-7.14376669331146,-0.955471246279009,0.209142289856904,-1.01065192816818,1.42127655800634,-1.63995414503488,-3.84488789101846,0.447244903289564,NA,NA,-119.221617624861,46.3171975288635
56,-3.55557061628999,-6.41808586505345,-0.748688349924033,-0.00993207328480772,-1.22222233872933,1.18854773328029,-0.543537291073744,-2.24577918657922,1.10185916397099,NA,NA,-117.960730956215,46.5296240200819
57,-3.0762357611528,-5.79671648097128,-0.449452297229954,-0.576363415508474,-1.49283715138398,0.238794968483669,0.871629291486351,-0.562470884138334,2.36143866462814,NA,NA,-116.691922996525,46.7304897212872
58,-3.54092919706856,-5.89569742618056,-1.21473212028501,-0.0623760671502026,-1.06887602744406,1.00119339018373,-0.256688458883792,-2.14783288851973,1.59463935014347,NA,NA,-115.415574049453,46.9196677221897
59,-4.74111329092209,-6.99686755551102,-2.59617164087082,0.391231427216296,-0.435616781019508,1.30577889568859,-2.72387732444912,-5.01031728649642,-0.690183864407753,NA,NA,-114.132086348469,47.0970369578489
60,-2.65713026415147,-4.40618812725322,-0.844524556003676,-0.294364355094589,-0.99943856179149,0.491597827291404,-0.76664642599651,-3.0613800374415,1.50487461877735,NA,NA,-112.84186615986,47.2624872304639
61,-3.37154500933294,-5.54387121629533,-1.25726558827811,-0.435848266646796,-1.5636583948361,0.620331148843691,-1.73438552386234,-4.17230331002426,0.478916830465781,NA,NA,-111.54534124316,47.4159064774435
62,-3.40035190788776,-5.87546678612683,-0.996229420432755,-0.315009781534101,-1.61913968269564,0.942875598248028,-1.37359098424476,-4.26706912604426,1.417830688711,NA,NA,-110.242950680317,47.5571913530339
63,-3.81399094272745,-6.36603117423485,-1.38333789077374,-0.295067655971553,-1.60236581869949,0.979499357815011,-1.24808369763495,-4.16507100432693,1.60412634288227,NA,NA,-108.935146487358,47.6862450692055
64,-4.15441671307963,-6.60715915417765,-1.8525043071539,-0.465911979713814,-1.64587456356059,0.622672436259599,-0.965638337331092,-3.83788417601142,1.86048601357746,NA,NA,-107.622393912519,47.8029801239973
65,-4.0186655108088,-6.67212868845945,-1.50376587490025,-0.339529663672578,-1.60439723715274,0.862060846566036,-1.10773217391136,-3.96131907088502,1.71332919927283,NA,NA,-106.305168819975,47.9073123211315
66,-3.97016531737126,-6.85063898087521,-1.20090301161085,-0.276095916314317,-1.72654949670714,1.16112611787691,-1.463514009399,-4.49298526965029,1.52569852355068,NA,NA,-104.983955639354,47.9991712513146
67,-4.00949247424649,-6.82925692902596,-1.28001761208957,-0.219327237740227,-1.58736854368134,1.10099172197319,-1.79873485387147,-4.68795906356924,1.01244948537677,NA,NA,-103.659251405998,48.0784890864749
68,-4.30844415190606,-7.32664185102383,-1.40514657713269,-0.271543979953207,-1.79779998229321,1.20424629613844,-1.68874046009492,-4.24176013577703,0.867001829683159,NA,NA,-102.331558524705,48.1452102224919
69,-4.71263454727751,-7.86828583969179,-1.76811588220512,-0.35138018929066,-1.94722278227469,1.20891800445931,-1.20046612937094,-2.9327529719824,0.541437437158848,NA,NA,-101.001385027133,48.1992851979385
70,-4.71555542764446,-8.01996221304137,-1.61654750192112,-0.306838475490766,-1.92312200453318,1.27888008590985,-1.894642160499,-3.63804305603159,-0.182276903400627,NA,NA,-99.6692479541713,48.2406742527315
71,-5.18173906013586,-8.54061366836513,-2.07484982799167,-0.518480862700532,-2.17982432576236,1.10016480394339,-1.2890932209303,-2.94249400975933,0.356433156301452,NA,NA,-98.3356669779927,48.2693492469662
72,-5.41369202302219,-8.85545672877288,-2.26950049575318,-0.504549583476995,-2.21148283510338,1.16773631671136,-0.989457424207092,-2.87829512773457,0.977583645896896,NA,NA,-97.0011666035386,48.2852864652238
73,-5.34986026346644,-8.72431811789469,-2.25940204039114,-0.419941625361573,-2.14727815012994,1.29743271715174,-1.67115243975437,-3.18295541148557,-0.233906846548139,NA,NA,-95.6662693519086,48.2884754768216
74,-5.52298076349118,-8.94621125712285,-2.48716589939848,-0.391030211063562,-2.1146996543421,1.34622181498974,-1.78481566768929,-3.28642411639499,-0.410430567624762,NA,NA,-94.3315018396169,48.2789124504967
75,-5.97058684482165,-9.39853963086213,-2.93427666613995,-0.319003715882958,-2.07795164663458,1.46043110876919,-0.951559632549822,-2.30972197751141,0.334973156457724,NA,NA,-92.997390137809,48.2566028128906
76,-5.95106349500859,-9.24120269384793,-3.11179675548788,-0.00905875271459965,-1.72227868737656,1.77862450815582,-1.56427699267742,-2.93599755146172,-0.356505543882857,NA,NA,-91.6644655087382,48.2215646681103
77,-5.28408383171677,-8.22233369813328,-2.69349976460472,0.492158602212499,-1.09388169687587,2.2284750737456,-2.03619360651932,-3.3121235284552,-0.914216074324538,NA,NA,-90.3332609530476,48.1738332005057
78,-3.64984913910899,-6.13311188821724,-1.33770727806529,-0.716813307124149,-2.43616909770567,0.882351176779963,-3.72503135055318,-6.00948061440435,-1.72621414571041,NA,NA,-89.0042539390201,48.1134276170105
79,-4.70223485156541,-7.6324233534037,-1.9172062663938,-0.839029513697367,-2.8146035916956,1.04062613133698,-4.25119325629832,-7.77637428335517,-0.967072164382439,NA,NA,-87.6779922829481,48.0404012489156
80,-5.06044588928814,-8.49289043400493,-1.80391707281179,-0.800806356904143,-3.0203347830099,1.32278723675257,-4.16963993379865,-8.46139636140368,-0.142017167125111,NA,NA,-86.3549771384183,47.9548095862599
81,-2.1076135782945,-4.81133217853786,0.593024837265033,0.0221281822098291,-1.56194336713115,1.73410953922369,-0.542477386063482,-2.6329774994094,1.61972603968048,NA,NA,-70.9027006384988,45.9771669400464
82,-1.95424153959735,-4.1544205124083,0.202806332154538,-0.146156928748483,-1.37053351544195,1.15649136391355,-1.71544855376239,-3.45576988375065,-0.0110342170622487,NA,NA,-69.6631822161933,45.7364137978074
83,-2.71268623464816,-4.78955823275092,-0.725499977991148,-0.265123287266915,-1.52415503937585,1.07597773971099,-2.75326753290994,-4.46157493563554,-1.13887819881337,NA,NA,-68.432791635546,45.4845661104195
84,-2.94647981725655,-4.79816345807998,-1.36875077296576,0.0385239786559664,-1.5605379775782,1.69858616144958,-5.37461000106142,-8.16014192056645,-2.93232251969903,NA,NA,-67.2118376991686,45.221770223143
85,-4.09315829497654,-8.07049440007541,-0.347638017404154,0.332395463761676,-1.55837397801451,2.24366663847832,-1.71102489073591,-5.98137274738263,2.40152496439161,NA,NA,-123.810571054555,44.4947177637686
86,-4.08743706458772,-7.7662771236337,-0.626540659351186,0.328785238154581,-1.35941548113193,2.05060672482871,-1.7419052350325,-5.57587307966573,1.93301952853078,NA,NA,-122.599118448898,44.7482627377056
87,-4.0821200028995,-7.58179286903758,-0.810918661811591,0.306373910452724,-1.27254893415122,1.90735554636098,-1.77854467411701,-5.3274007624109,1.64524799748536,NA,NA,-121.378723900361,44.9909001656083
88,-4.07656914013376,-7.41100480679894,-0.968536387836659,0.253724086095625,-1.23005466286622,1.75196706478726,-1.83885169310732,-5.09962753345877,1.26647467621101,NA,NA,-120.149691068532,45.2224985222062
89,-4.08119157114893,-7.19813394548979,-1.19204727833655,0.15848259430396,-1.21121566818554,1.54812760473209,-1.97948909184567,-4.75897077473354,0.352255854146295,NA,NA,-118.912344450706,45.4429306819675
90,-3.78654232837575,-6.68098426457339,-1.00657478562271,-0.0162233714601691,-1.3234585893852,1.28216938077716,-1.23891927015672,-4.08779216700558,1.47024993730741,NA,NA,-117.667024450493,45.6520628861101
91,-3.59332793923692,-6.16057312720126,-1.09724675027177,-0.181443962091553,-1.11939706399901,0.887354247771259,-0.805384904754917,-3.49824702649557,1.5637735566971,NA,NA,-116.414082614044,45.8497815298647
92,-3.29946395339338,-5.70947930638178,-0.83870563914561,-0.184719465365302,-1.38556051929093,1.01605840868971,-0.86292534730099,-3.08317620742077,1.09325693515773,NA,NA,-115.153895433217,46.0359649024647
93,-3.13932183802747,-5.32813734361063,-0.859384013371172,-0.376919057035397,-1.10445537874055,0.377331104213166,-2.02943885540134,-4.21743367582797,-0.0522380357968347,NA,NA,-113.886838481153,46.2105027178984
94,-2.72664497807334,-4.72689261969588,-0.685440624597315,-0.0114865896817497,-0.79687852729587,0.852881043727985,-1.62629047618957,-4.20234172542882,0.79327246745808,NA,NA,-112.613318458256,46.3732825876321
95,-2.91367433867629,-4.91635091934931,-0.913813821321666,0.0195823317325025,-0.916034958066065,0.985936389209081,-2.38999217575405,-5.02620568505719,-0.0104428817699021,NA,NA,-111.333743391348,46.5242070681126
96,-2.7992443429517,-5.01624745350272,-0.602749409259329,-0.220069159671389,-1.25912908811659,0.874507908617405,-1.72107729367782,-4.61856065791414,0.947276601105786,NA,NA,-110.048531846479,46.6631748214316
97,-3.75576477775265,-6.01938200682005,-1.61910808674191,-0.0452795285132144,-1.04359845090669,1.02582060489253,-1.94456667457245,-4.63047348349141,0.426245508576647,NA,NA,-108.758125628156,46.7900977190569
98,-3.70214510436669,-6.24917769691783,-1.27861064817808,-0.303340236890965,-1.58074269635627,0.952935473817795,-1.33947091115303,-4.34143160815137,1.54355294290989,NA,NA,-107.462965624746,46.9048919556832
99,-3.78439509465315,-6.47917685392777,-1.20674088095957,-0.335685322647035,-1.70382000830158,1.00337758493433,-1.19912152026964,-4.27010642634559,1.82088383622231,NA,NA,-106.16351693014,47.0074830739936
100,-3.92907450477889,-6.76658156079249,-1.22521484525408,-0.321740420414008,-1.75024196821858,1.09414666240062,-1.26989942993895,-4.41646832537506,1.79724178430414,NA,NA,-104.860235008944,47.0977980906832
101,-4.1564554820624,-7.04308148884176,-1.39886324780572,-0.328161160281521,-1.76843642149606,1.08910642811245,-1.33930820090395,-4.45683714074453,1.69990325015098,NA,NA,-103.553602831978,47.1757766260873
102,-4.61618840144173,-7.46786571646152,-1.94890658108286,-0.451481981791673,-1.86878900432376,0.875755483717234,-1.10906137932965,-3.92469956528317,1.71741744681108,NA,NA,-102.244105919719,47.2413671018957
103,-4.61404486322372,-7.6203941044382,-1.83705730251391,-0.298887265266268,-1.74615708082548,1.12183470486184,-1.56346175833479,-3.79168889761757,0.60918785762146,NA,NA,-100.932232562311,47.2945218067302
104,-4.65045539472395,-7.80182305455082,-1.67145464109342,-0.266358830570881,-1.80657802590879,1.25968114189565,-2.0240260408048,-4.45541889401565,0.343671712358073,NA,NA,-99.6184700473596,47.3352051544233
105,-5.13534575029366,-8.35182680712134,-2.18812516229055,-0.449784507211497,-1.99149586481805,1.04283255630277,-1.27261537799002,-3.44582540979827,0.875507960671736,NA,NA,-98.3033256988446,47.3633898590921
106,-5.43781945209288,-8.69860044584137,-2.44169407019648,-0.462004544780776,-2.03075991526488,1.08773665290516,-1.10493377006971,-3.09647742831653,0.910439603844931,NA,NA,-96.9872989155872,47.3790544641413
107,-5.81573901427288,-9.05883778789937,-2.8887352113377,-0.400057383252987,-2.00913204051196,1.19695410000833,-0.709605814329419,-2.33727256729871,0.917702981296757,NA,NA,-95.6708914781791,47.3821879008367
108,-6.28499362423325,-9.55959466648641,-3.39154399209099,-0.55670992344588,-2.17127213973781,1.04345123710485,0.211437224645273,-1.61961443710376,2.10376887110502,NA,NA,-94.3546107461381,47.3727883299767
109,-6.25491138906516,-9.32488183321813,-3.53922788881368,-0.374235421978121,-1.97422877904652,1.23977280493639,-0.702523724016955,-2.19025816867024,0.713756074050139,NA,NA,-93.0389611247777,47.3508624180115
110,-6.45277354867706,-9.26039616824281,-4.02118180172255,-0.333346569327092,-1.91676715788062,1.23138675981766,-1.70260921327078,-3.01684191889877,-0.563090391374855,NA,NA,-91.724446741076,47.3164242121662
111,-5.63745353472418,-8.36218553769968,-3.22739372187346,-0.439415342482204,-2.04268678568184,1.14967742758773,-3.09200926023297,-4.66906643370554,-1.63363511870782,NA,NA,-90.4115689367797,47.2695029069829
112,-6.31767338587405,-8.79881715649623,-4.20063650760737,-0.901390769873627,-2.60146098497277,0.70592889791876,-2.3721251062467,-4.76688245761121,-0.0150280698070384,NA,NA,-89.1008199145916,47.2101227809329
113,-5.39816063947275,-7.53733638852438,-3.53874114714411,-0.98796456036315,-2.80622781355906,0.687889514384215,-4.85369866354897,-7.53631585672036,-2.2123189907918,NA,NA,-87.7926967012489,47.1383314497345
114,-5.40498353942467,-7.95014381631963,-3.06937783227677,-0.760568710422514,-2.57628700308765,0.988888477133036,-4.08287534944513,-7.4868792603066,-0.952104289162762,NA,NA,-86.4876829031037,47.0541765986081
115,-5.28022669912041,-7.44579328300973,-3.35082340469665,-0.385043654129546,-2.15798185681493,1.42997366985967,-3.62370045394257,-7.33640428148351,-0.177443099299049,NA,NA,-85.1862619184882,46.9577189915905
116,-3.65589748452252,-6.18245649879732,-1.29435787404034,-0.244572968410028,-2.2998332410384,1.8905631068108,-4.5591315952601,-8.13899096730098,-1.2070257930267,NA,NA,-83.8888917430575,46.8490191553907
117,-2.89698631365621,-5.27767234885168,-0.730547608435981,-1.0136691944436,-2.31514497663285,0.202866745725002,-2.63888728244171,-5.30311003209267,-0.10739195286444,NA,NA,-72.4679660051332,45.3341179714632
118,-1.4067773784176,-3.38768617963985,0.514703898336828,-0.0302589950569077,-1.20320409925243,1.24479157603787,-1.37168434206038,-3.31981248706721,0.462579984745962,NA,NA,-71.2347313233464,45.1080885259231
119,-2.79839502505969,-4.81991725531449,-1.02326773616074,-0.970540307688716,-2.34016129778583,0.287337691533402,-2.22409202471692,-4.23957582090029,-0.454147813955317,NA,NA,-70.0099758745498,44.8709568962281
120,-3.66542089440163,-5.52462179418816,-2.00723101963103,-0.932173130896684,-2.25482638734409,0.318049030592773,-2.01544570993348,-3.80151430897136,-0.344152098730891,NA,NA,-68.7940137238503,44.6228529295662
121,-3.06646707402106,-4.92741673372435,-1.47404329126829,-0.575960436613669,-2.14879069643746,1.00899136910312,-2.34321514027235,-4.68048845336461,0.0110901845742641,NA,NA,-67.5871353311431,44.3639094762467
122,-4.07111915507412,-8.52880299908292,0.194040668772032,0.192636872987219,-2.08555343984655,2.47846518182716,-1.50890201893061,-6.5818803250161,3.41197103491329,NA,NA,-124.640096898849,43.3749344598104
123,-4.06671370157426,-7.90319008406341,-0.443714421332028,0.229642079087431,-1.61151560618825,2.09770638975134,-1.57231777796435,-5.70331364084827,2.4660448795541,NA,NA,-123.451510147749,43.6355125318297
124,-4.05474325846462,-7.6477628393294,-0.661885088485581,0.231199553444161,-1.46191084689819,1.95563451069467,-1.60804216138276,-5.4519920138162,2.10235063694551,NA,NA,-122.254018432239,43.8854267758358
125,-4.03683356587894,-7.46018158156344,-0.780476022280722,0.210384636526262,-1.38941356417104,1.82401297381811,-1.62592463446163,-5.23361287749508,1.87409755775935,NA,NA,-121.047910314476,44.1245481240391
126,-4.00843939200295,-7.28108529016191,-0.890919023933927,0.158823100063788,-1.37410698871497,1.68279563179564,-1.65813646937394,-5.07533313167253,1.62999440752066,NA,NA,-119.833479189901,44.3527471083302
127,-3.97173720601663,-7.06903108152888,-1.02609391267744,0.0828563733599422,-1.36295426143725,1.51758756781682,-1.69226158158798,-4.89807734997375,1.35073225930676,NA,NA,-118.611045692422,44.5699054213012
128,-3.91471200227155,-6.78845600574373,-1.18188938617627,-0.0292025900832027,-1.35214315350672,1.28076740378964,-1.62325353171292,-4.73892958032402,1.31794564067156,NA,NA,-117.38093648438,44.775903267959
129,-4.0073264047174,-6.39475353574019,-1.73281036073057,-0.141771790308873,-1.00815255303192,0.731676221388559,-1.90476338683056,-4.79607476168658,0.888706843181908,NA,NA,-116.143495509043,44.9706230593224
130,-3.52422751056361,-6.00907220308517,-1.08142528761166,0.0402416162042791,-1.1332845317312,1.21426451993252,-1.58861508037553,-4.47386401405546,1.10523991850034,NA,NA,-114.899083038688,45.1539549577359
131,-2.94547784796886,-5.11260007894307,-0.822816938523139,-0.040455200031548,-0.835997244693118,0.777206902111834,-1.78397640896807,-4.57753693107724,0.84952690614081,NA,NA,-113.648066778663,45.3257936135533
132,-2.16741439639208,-4.05855440347155,-0.243880252555013,-0.108191060999084,-0.793122803730837,0.647377604693431,-2.05482537081087,-4.79609125987819,0.376167567677663,NA,NA,-112.390832534202,45.486034168998
133,-1.43151125241158,-3.13151227715425,0.303023326359682,0.662150572675565,0.0554577723973034,1.30261229219572,-2.50576306411863,-4.35555786096916,-0.810262124473081,NA,NA,-111.127777763629,45.6345844219682
134,-2.38949754858382,-4.49420259482004,-0.266636961828346,0.265667311251656,-0.421166694470922,1.08996259945979,-2.04088109866425,-4.76551991581438,0.405856069126204,NA,NA,-109.859311193903,45.7713506492328
135,-2.89065476462661,-5.23647805412374,-0.586665402914398,-0.0564545193525933,-1.24738228297625,1.14835000145662,-1.64212373341562,-4.59595398051859,1.16157369518218,NA,NA,-108.585852969427,45.8962493314652
136,-3.12041590879263,-5.60558563129975,-0.670059916696949,-0.361659611687491,-1.60217840637789,0.866444124901666,-1.24941087202843,-4.33266898092843,1.74347868225143,NA,NA,-107.307828686632,46.0092000026633
137,-3.47967845974507,-6.13621390002545,-0.89464431353676,-0.381310436383909,-1.73106563598177,0.945831879190252,-1.09057670751581,-4.22861735566649,1.98842483294324,NA,NA,-106.025684210415,46.1101359792789
138,-3.79661480515813,-6.59099458188426,-1.12029899545903,-0.352944842681793,-1.77384095201442,1.04543381351568,-1.08788844768514,-4.2495350132209,2.02961141586832,NA,NA,-104.739862177153,46.1989853468259
139,-4.05903561847776,-6.92040792136855,-1.33352339809574,-0.317154609642492,-1.7661355593732,1.10884183899618,-1.17232822503492,-4.34915388713821,1.93475871924691,NA,NA,-103.45082176241,46.2756917970743
140,-4.20759998207309,-7.0129493837086,-1.5464842723037,-0.233809340905884,-1.61867158281687,1.12421170953629,-1.34377827373657,-4.400954950153,1.62290879613455,NA,NA,-102.159030811349,46.340206393226
141,-4.50704035043781,-7.41073477927964,-1.80834298574202,-0.266613539561736,-1.61606102136688,1.08111450657132,-1.49959654057093,-3.93263971770297,0.912478018427538,NA,NA,-100.864959980772,46.3924895008005
142,-4.8480574665151,-7.94977051213514,-1.94537200747357,-0.379276928753873,-1.89735046166245,1.12648117701909,-1.30605727531717,-4.25308928009457,1.58789094039515,NA,NA,-99.5690776844766,46.432502303479
143,-5.2850114278677,-8.51705430956574,-2.36745476015325,-0.545009646152951,-2.10742491650795,0.968182763159613,-0.751808677795705,-3.59732712224147,2.1183988938784,NA,NA,-98.2718678498018,46.4602195498466
144,-5.87015767807934,-9.14752872313504,-3.00025738052585,-0.789918554162586,-2.29196126676074,0.652599259273621,0.227479781797228,-2.00133381250905,2.51031304334705,NA,NA,-96.9738104943814,46.4756267578932
145,-5.90212084351203,-9.18619832142823,-2.98109239991441,-0.611086246905041,-2.20975397570721,0.93351671021892,-0.258832324539759,-2.9307648215405,2.47227452790651,NA,NA,-95.6753878946385,46.4787090203694
146,-6.1375599467882,-9.30952577063019,-3.35756620639585,-0.62242290762436,-2.23749444892485,0.934774723869503,-0.119216113265422,-2.16835038159521,2.09358006946996,NA,NA,-94.37708991207,46.46946472606
147,-6.14606223524009,-9.27038040067103,-3.39346381473993,-0.553711513676617,-2.17624882221845,1.03311308934537,-0.779278405504753,-3.46836510672062,1.93087299454333,NA,NA,-93.0793945823607,46.4479012479532
148,-6.22122325408829,-9.21431396471613,-3.6054746694657,-0.587755944402136,-2.22270718293777,1.00440977332475,-1.36566055117669,-4.04417153511034,1.2630471506194,NA,NA,-91.7827876393318,46.4140315360846
149,-6.25714683757099,-9.01099007358791,-3.8607621570477,-0.794916898054438,-2.46557716228908,0.765428835166091,-1.63422553078842,-3.65063867461434,0.315733876028293,NA,NA,-90.4877530431245,46.3678791065479
150,-6.46004807932157,-9.04832687985977,-4.23828081000546,-1.08786507582236,-2.83912311393802,0.517532818091898,-1.81986877223483,-3.6600638929459,-0.0690454735652772,NA,NA,-89.1947610865324,46.3094729286813
151,-6.58106676630935,-8.81364276204086,-4.76350140705818,-1.36750279211538,-3.16523869566737,0.241899375387351,-4.93492706548627,-6.90555050990688,-3.35430923371834,NA,NA,-87.9042890182078,46.2388545353684
152,-5.86744952545954,-7.98853164594016,-4.02641643245868,-0.858045406302777,-2.62408160213504,0.810654779127892,-3.68716790807704,-6.77479835102911,-0.869597246729289,NA,NA,-86.6168021709846,46.1560692563891
153,-5.15772027587164,-7.18245347297041,-3.37011423331134,-0.473729375777226,-2.18465256269974,1.24664884042256,-3.11198157174372,-6.34853827114583,-0.0674750601738071,NA,NA,-85.3327636130219,46.0611724898309
154,-5.11177825422811,-7.20092092662399,-3.16484185139611,-0.139396980955406,-1.7743047271208,1.60342373224063,-2.23714014186708,-5.2588936729296,0.777238693172421,NA,NA,-84.0526239826261,45.9542234016105
155,-5.14240008065142,-8.57379301071302,-1.90213723746946,-0.301139365239771,-2.44645204714427,1.8673802492415,-2.19972497574947,-6.54356840105822,2.10653994403721,NA,NA,-82.7768223819586,45.835290432552
156,-3.75276743335484,-6.45376423799234,-1.29288504090441,-0.508682540471018,-1.74591164573128,0.721982243725124,-1.7977139175033,-5.25012498611002,1.48710496756374,NA,NA,-75.2368900936172,44.8746780255005
157,-4.74159510377317,-6.77799797777006,-2.90832462958869,-1.0702372697587,-2.22440615243509,0.00313688416213493,-0.607938946730481,-3.28446122827748,2.07016556944538,NA,NA,-74.0030716676134,44.6743054964555
158,-4.07388026204071,-5.8138711427037,-2.56632647738131,-1.01263131919203,-1.89218760650383,-0.201622477451363,-2.46981363083482,-4.39903511272764,-0.739776383794952,NA,NA,-72.7767576013691,44.4627145573286
159,-2.0338242818243,-3.17461559983784,-0.99649890335522,-0.459853727913325,-1.07125669640955,0.196448763928417,-2.26608883184557,-4.18905146931526,-0.580876466999631,NA,NA,-71.5582842479757,44.2400196661519
160,-2.93499628668678,-4.64473156896439,-1.37860673697968,-1.16031119288714,-2.39340416131934,-0.0341257830685508,-2.76904251792716,-5.29166750598801,-0.620517943859204,NA,NA,-70.3479740989494,44.006344721543
161,-3.00850704929649,-5.40784682148957,-0.806388127636446,-0.907717299049288,-2.6085781078311,0.617210389972437,-2.23972260252917,-5.55299270746179,0.671296791882725,NA,NA,-69.1461340352417,43.7618125284244
162,-4.07604529125096,-8.22088891397221,-0.126530535309003,0.154670672797882,-1.9439169436948,2.25723086923439,-1.4532575318235,-6.15099130570916,3.08506872574949,NA,NA,-124.276589711141,42.5196635197032
163,-4.06567097825326,-7.81970048949849,-0.489196092246635,0.162513192652567,-1.69133625941837,2.0143589667608,-1.47150156131544,-5.63149643930443,2.5808176548753,NA,NA,-123.101354873406,42.7766750863451
164,-4.04372076776132,-7.5922926580251,-0.653580243002015,0.160236460630416,-1.56440971568864,1.89354974233179,-1.47968375751708,-5.37099690610019,2.3035668145478,NA,NA,-121.917537271614,43.0231200318388
165,-4.00568938607691,-7.39360148785517,-0.769489831368392,0.13698436057848,-1.48829254557271,1.76753324623036,-1.47225697576623,-5.11755351037137,2.09137973691438,NA,NA,-120.72541232373,43.2588809867614
166,-3.95502423422424,-7.21895844202458,-0.851058036180565,0.0996306091209593,-1.45930730993736,1.65706488878021,-1.46790771537294,-4.95078856593233,1.93639364987826,NA,NA,-119.52527433195,43.4838385763568
167,-3.89508770499479,-6.97842950579677,-0.950772735340224,0.0477131187257535,-1.42675995638563,1.50672508953225,-1.49345553447666,-4.78941049724297,1.6695453958304,NA,NA,-118.317423990685,43.6978732133452
168,-3.88091445617115,-6.74073629511308,-1.13372920422123,-0.0354679256092157,-1.41315663820797,1.31168406348252,-1.67513824997756,-4.75809194467419,1.24697668022846,NA,NA,-117.102182087555,43.900876959445
169,-4.13511552268353,-6.61773551052724,-1.75016574700908,-0.215778213762923,-1.29284227222909,0.841810363145564,-2.65108800577656,-4.8908688500696,-0.569651912594528,NA,NA,-115.879884396032,44.0927371699208
170,-3.84577948746152,-5.94811148666812,-1.75215745384597,0.528539759689727,-0.275496284294626,1.34586746898975,-1.82166757447203,-4.49487546101472,0.566740721924058,NA,NA,-114.65087541792,44.2733512581949
171,-2.67136905002181,-4.54004675024284,-0.890189386661423,0.1784346291465,-0.638537835851509,1.0680841858497,-1.17985924460326,-3.84149236281515,1.35579850997526,NA,NA,-113.415513182435,44.4426182014882
172,-1.78182951188501,-3.19603696057378,-0.379984570777523,0.40098119991007,-0.327997468473632,1.15103793818057,-1.29777668989312,-3.84542992496998,1.11726280152348,NA,NA,-112.174172283697,44.6004395100756
173,-0.801581489473699,-2.32756983756184,0.830673236571439,2.14017116611708,1.27864362035281,3.18371746599192,-1.83671009475468,-4.0786930183587,0.173926133108407,NA,NA,-110.927231728181,44.7467310200649
174,-2.4659489022925,-4.30918186560781,-0.624359469007844,0.698054140160359,0.116363783662562,1.33581832283097,-2.29372063186677,-4.55827141585218,-0.389598810194719,NA,NA,-109.675088052793,44.8814008716224
175,-2.30314893139361,-4.2379666789838,-0.530255805794089,-0.0800308007608492,-1.09566259720705,1.04163538685856,-1.33185686397552,-4.25361841214813,1.45783199527866,NA,NA,-108.418143504939,45.0043708002791
176,-2.41468047858667,-4.69292690406628,-0.144718470373086,-0.704588487010095,-1.40915670647824,0.0923597628794336,-0.922259461417047,-3.99305296665332,2.22428338211088,NA,NA,-107.156815397124,45.1155686612087
177,-3.22552330130195,-5.8066090901856,-0.674770619722836,-0.477851583215382,-1.76027195250589,0.787711513685746,-0.823469660107001,-3.90523751219371,2.24127156811593,NA,NA,-105.891526751483,45.214928513264
178,-3.7264572058762,-6.47895728743834,-1.06550139029018,-0.38873265988007,-1.78550476251706,1.00102885076405,-0.831491898944,-3.97385528501532,2.31113776691109,NA,NA,-104.622703703334,45.3023791456614
179,-4.07411206221007,-6.92176752904404,-1.35687149853522,-0.34954249813556,-1.79503224305195,1.0873590892909,-0.91078722531282,-4.09988540721767,2.23994571871316,NA,NA,-103.350794249416,45.377878376678
180,-4.3431117756876,-7.26540248458621,-1.59087851641929,-0.331155709476625,-1.79061009695009,1.12298528328367,-1.01598729155536,-4.1739053979512,2.12425416272914,NA,NA,-102.076240311248,45.4413738232402
181,-4.62971128820554,-7.62797542814415,-1.83370795453735,-0.365285438138527,-1.83521145610273,1.09953978460979,-1.06600864727557,-4.14347812575047,1.99291211735615,NA,NA,-100.799495022197,45.4928270363301
182,-4.94235523843412,-8.0184648786802,-2.06967795495414,-0.447688697131902,-1.97100353952782,1.04386913765582,-0.945868965773551,-4.06757473043609,2.15455148793948,NA,NA,-99.5210149530259,45.5322021491702
183,-5.28301643249476,-8.4554084568386,-2.39797446703798,-0.561766909509015,-2.10570716809554,0.939479257498907,-0.66942897873497,-3.73713821334926,2.41649913908453,NA,NA,-98.2412566708248,45.5594780876157
184,-5.62126185798976,-8.83955203195527,-2.73980519382214,-0.667413162185127,-2.22803316563983,0.817808496071611,-0.34372907865562,-3.3079317781524,2.68426695145494,NA,NA,-96.9606863348268,45.5746399269759
185,-5.78085269497707,-8.98819293633739,-2.90454713565552,-0.639727490854272,-2.23413368202957,0.892361841906623,-0.434051468442558,-3.43641070311772,2.60593968604154,NA,NA,-95.6797638607442,45.5776739175358
186,-5.91706401356314,-9.11994499467858,-3.08737272768363,-0.631846661428321,-2.25004883854521,0.926967527457856,-0.556680787573472,-3.50727790702338,2.42581733365696,NA,NA,-94.3989607302688,45.5685765111325
187,-5.97576807679195,-9.10148854140694,-3.2059509895146,-0.627476950834212,-2.26149874843081,0.961458758785997,-0.924182297437945,-3.94253540308047,2.07394640136049,NA,NA,-93.1187380442572,45.547356777308
188,-6.02111050844864,-9.05639055662463,-3.33715341327712,-0.664954059884115,-2.32620155895418,0.944489770674834,-1.35226942086611,-4.29120212193546,1.55752281869243,NA,NA,-91.8395573031073,45.5140265708204
189,-6.02902793435763,-8.88953328256135,-3.51406291523613,-0.767456373022453,-2.4717185672573,0.844400137262736,-1.79662879078758,-4.2360379510017,0.631462706232586,NA,NA,-90.5618885900968,45.4686066671807
190,-6.37007463118418,-9.14604304140646,-3.93526288198939,-0.928195143694089,-2.69387976506215,0.721111113246444,-1.67991006466553,-3.98108046540536,0.61995625280538,NA,NA,-89.2861810587034,45.4111265823802
191,-6.13885365703292,-8.92986653808026,-3.67906019432733,-0.975496458101684,-2.75278684017218,0.67063779127981,-2.95632345792389,-5.9305880219493,-0.163868054126739,NA,NA,-88.012892801619,45.3416229621257
192,-5.76181182269381,-8.49915161498792,-3.31194000269784,-0.789508501660687,-2.54807599711667,0.884125736170823,-2.92661173636143,-6.21260593055602,0.165430559963667,NA,NA,-86.7424758441206,45.2601402546404
193,-5.39206757026616,-8.12616824481995,-2.88373099293517,-0.588616602443321,-2.3398077434435,1.13215409857791,-2.66456474568954,-6.11008542713929,0.611295838770538,NA,NA,-85.4753665010222,45.1667279586419
194,-5.23959577203827,-8.07782004060466,-2.6213093643984,-0.441181654493872,-2.22137202941386,1.33773849529587,-2.30796385127825,-5.89304277811175,1.15332714293196,NA,NA,-84.2120023908695,45.0614453161208
195,-5.17912274088953,-8.41299995573283,-2.14964713584153,-0.462928248116248,-2.41768437555077,1.47466308852322,-2.15960695075108,-6.19611756144849,1.7329867320695,NA,NA,-82.9528131922785,44.9443523593683
196,-5.15416806934325,-9.17518453817153,-1.36606179115351,-0.529765978077347,-2.85415568286992,1.78671595196141,-2.07708889669046,-7.03286345119364,2.75172054356668,NA,NA,-81.6982189720677,44.8155211950274
197,-5.49030127443552,-8.62513894562079,-2.73069141592696,-1.76137647760013,-3.43476437291017,-0.237858884630001,-0.814834305736184,-5.0064743446473,3.29646945741687,NA,NA,-76.7338060848753,44.1844556492149
198,-4.70605908550395,-6.92368927853312,-2.76655082624592,-1.17515566585981,-2.44913151454479,0.0379221388311321,-0.37522597681554,-3.33929352607996,2.55612197667993,NA,NA,-75.5081069676889,43.9982048098737
199,-3.34233617154701,-4.89567040131785,-1.90863686742435,-0.782393468639304,-1.93606840342711,0.37808853716147,0.278789738708672,-1.98955749511706,2.59107975383173,NA,NA,-74.2892940880531,43.8007600593612
200,-2.4875477984093,-3.56054848938864,-1.49292860963409,-1.43401722883318,-2.51687175579936,-0.522374785858088,-1.2021554216413,-3.06704069156812,0.564535289742096,NA,NA,-73.0777070531219,43.5922274359447
201,-2.27600855393705,-3.69680290130129,-0.943901014869066,-0.601582504114338,-1.66206884578331,0.417651375674468,-0.175116645797713,-2.23902350398974,1.91350050767973,NA,NA,-71.8736714521537,43.3727164462042
202,-2.56820490629355,-4.64657776895353,-0.626093847246525,-0.625394341383381,-1.88716396957823,0.60609689987317,-0.147991180698265,-2.67091203016012,2.36491313397023,NA,NA,-70.677500330129,43.1423441390525
203,-4.09202164518613,-8.13688595525446,-0.244750448226185,0.112748372071749,-1.94375402252839,2.1414187618858,-1.37535293758046,-5.95583495127973,3.05401865869887,NA,NA,-123.921927008605,41.6643956944455
204,-4.07175525648346,-7.79965870847736,-0.540156582603615,0.112072844324765,-1.74308554344798,1.95222699427856,-1.37932155270006,-5.52954454522295,2.64112238639856,NA,NA,-122.759784447886,41.917995818072
205,-4.04425261927201,-7.59968030603364,-0.663290805877939,0.104046970401373,-1.64126569149339,1.84153663096392,-1.36025694209698,-5.25667333226468,2.40809641756558,NA,NA,-121.589366418942,42.1611250737791
206,-3.98743469384784,-7.3744606014096,-0.768846273540621,0.0827212931227276,-1.57647152726004,1.7352746849681,-1.32162445864148,-5.02755576713352,2.24984512205876,NA,NA,-120.410937451793,42.3936756539895
207,-3.90823333192735,-7.13316543317831,-0.811208992052768,0.0567449902124294,-1.53432432044112,1.62396796988913,-1.25279194805272,-4.75344496482101,2.12571855018071,NA,NA,-119.224781394301,42.6155315788474
208,-3.78653191824194,-6.85897716958361,-0.834877939662305,0.0372752847736965,-1.46719859727191,1.5190627882862,-1.12481290903594,-4.39639290997027,2.03885466337186,NA,NA,-118.031195652878,42.8265830550932
209,-3.59510887223434,-6.42951308547294,-0.835589332533569,0.0506498709537563,-1.35500878014243,1.44886143998394,-0.916589779683037,-3.90577209521947,1.98234942028434,NA,NA,-116.830488959124,43.026730245816
210,-3.28247685598571,-5.695324670584,-0.855597874812237,0.177772333465994,-1.05625825270642,1.40637288404003,-0.56072086855996,-3.02957929433167,1.73650415915192,NA,NA,-115.622986402491,43.2158614692986
211,-2.3993709562262,-4.12004336085705,-0.676235790352194,0.896074222805019,0.35546456279462,1.4779284048788,1.12548732492399,-1.13377095738776,3.41731197613591,NA,NA,-114.409021930846,43.3938824068634
212,-2.55082235982636,-4.01102386236467,-1.10677411289548,-0.488049170024674,-1.19978990713534,0.235599855667293,-0.308503241068712,-2.84059087965613,2.1434616494325,NA,NA,-113.188945079662,43.5606971096854
213,-1.56598785647789,-2.83785944402266,-0.247865627886394,-0.191338791331594,-1.02312870779904,0.638589564266541,0.536494111706373,-1.6767726992278,2.76591459211604,NA,NA,-111.963110320733,43.7162144084173
214,-0.74684186249129,-2.13551902343326,0.867307374330154,0.632694788414403,-0.0734606134750907,1.47721860370057,1.40890375321672,-0.856733352116444,3.61175381093255,NA,NA,-110.731889348917,43.8603490890377
215,-2.15669509987916,-4.18281340305218,-0.0752630315778404,0.33139382641175,-0.31326765469343,1.0108176171372,-0.872149051781338,-3.55322861125489,1.73761579266138,NA,NA,-109.495662449487,43.9930218257071
216,-2.48988268973128,-4.73335703120087,-0.223183969908495,-0.118339857874277,-1.24158184384572,1.01045459334881,-0.866921611510063,-3.66186844749649,1.8479788119358,NA,NA,-108.25481889395,44.1141550323677
217,-2.39552447518812,-4.47434836494843,-0.375540821159175,-0.527968482351966,-1.12909360867052,0.0661175626707527,-0.375829171745272,-2.34810820980844,1.53526483041979,NA,NA,-107.009764880455,44.2236842383415
218,-3.2737513739137,-5.83910016730012,-0.764835095074569,-0.434509379049593,-1.70177136389436,0.815069553416482,-0.435527856847775,-3.36055182308029,2.46899756214846,NA,NA,-105.760903676018,44.3215397377488
219,-3.80262296528752,-6.56364055912885,-1.15191282810799,-0.383680680246283,-1.77461548183734,1.0037245610021,-0.511753794366962,-3.61642454802111,2.60016563655146,NA,NA,-104.508640620417,44.4076650336019
220,-4.17142555113731,-7.05278638928456,-1.44174683161541,-0.367688274870503,-1.80931539596868,1.07745967017429,-0.630652100074752,-3.81417230811688,2.53698786932256,NA,NA,-103.253410877116,44.4820142938306
221,-4.4622413143547,-7.39318127275751,-1.67791463933603,-0.375899255904041,-1.84590715104015,1.08424446282127,-0.739757484689294,-3.958811237025,2.46901477086488,NA,NA,-101.995642611597,44.5445381338074
222,-4.73367054289427,-7.73726570385934,-1.90920521253523,-0.415399209971661,-1.91223600170153,1.06122105494942,-0.794365133786184,-4.02665854481832,2.41537232384839,NA,NA,-100.735767833982,44.5952013368778
223,-5.00899628304879,-8.09267123609922,-2.14347940121864,-0.484783042995091,-2.00347960007477,0.987964089044938,-0.753880638141415,-3.9647448158434,2.46852569584865,NA,NA,-99.4742241451228,44.6339732215115
224,-5.28949474256688,-8.43104674399404,-2.43083162663636,-0.581744313882269,-2.10342221296418,0.875788941140264,-0.630216941821125,-3.83404441277126,2.58667993175095,NA,NA,-98.2114577896882,44.6608305881316
225,-5.56180364338014,-8.70213692001619,-2.7261291973806,-0.670692622024112,-2.17148089897297,0.755779792778714,-0.50003822457293,-3.65960824311392,2.69528007417275,NA,NA,-96.9479124881699,44.6757567881909
226,-5.67991978839207,-8.85269268151232,-2.81771555045171,-0.654551788144672,-2.21302821022347,0.835394149882778,-0.578176063794122,-3.76523661358072,2.63523819272937,NA,NA,-95.6840230902804,44.6787409627886
227,-5.76558506576684,-8.92510330269515,-2.92895452827098,-0.644177052066349,-2.26573132985786,0.912406582281391,-0.746729284429532,-3.9197511840829,2.44870858687972,NA,NA,-94.4202492053578,44.6697862993377
228,-5.82487770260512,-8.98046452998406,-2.99701240793106,-0.653833543852134,-2.30256669725607,0.932351395874814,-1.01623237635785,-4.2099904634837,2.15859414123065,NA,NA,-93.1570328778525,44.6488934731438
229,-5.86866140098017,-8.9569239223691,-3.08965315220262,-0.684063608345168,-2.36278886105428,0.936691887674168,-1.3245720804313,-4.51124591076188,1.81850822815007,NA,NA,-91.8948193316484,44.6160750596533
230,-5.90618010358629,-8.93679763839697,-3.19231146113742,-0.741176970361782,-2.46017606143702,0.89314984966906,-1.62534501089544,-4.74399926347371,1.40274971508315,NA,NA,-90.6340558176997,44.5713534298675
231,-5.9680566099021,-8.96426633032165,-3.26751868218733,-0.806601565917487,-2.56806267074279,0.855182429370606,-1.83152709485935,-4.96685503675309,1.2038400866029,NA,NA,-89.3751799367013,44.5147545342663
232,-5.84566474288163,-8.85278481918323,-3.15088234172565,-0.816701815095606,-2.59115980314464,0.856662581314028,-2.29062210944793,-5.57538390069568,0.870546274541508,NA,NA,-88.1186345738319,44.4463146361658
233,-5.63590006832652,-8.60747668479964,-2.94411070968194,-0.74174276447705,-2.51643189416683,0.949007556265514,-2.40084928446635,-5.87034558250874,0.896657852407117,NA,NA,-86.8648383753044,44.3660704226495
234,-5.41761289532143,-8.38703916743146,-2.67835700638692,-0.645698181714308,-2.42721481787147,1.08547267248988,-2.32690950154607,-5.91421195925968,1.09467475697424,NA,NA,-85.6142209653254,44.2740700331965
235,-5.26838103580859,-8.33113495259443,-2.41700464086069,-0.57997441420624,-2.40317693707057,1.20822072259012,-2.17135826350438,-5.92674704061658,1.43207195236056,NA,NA,-84.3672058530588,44.1703729080487
236,-5.1786944966808,-8.46070789510237,-2.11836057068536,-0.572011492966001,-2.49575260544779,1.3084678128658,-2.05845583925811,-6.09621228798663,1.83101001962641,NA,NA,-83.1242043153571,44.0550361055168
237,-5.12956135556276,-8.81995606479383,-1.63337171143686,-0.589563666782591,-2.72493420245244,1.498292082948,-1.99957330748328,-6.56704381176275,2.40974285246698,NA,NA,-81.8856259624444,43.9281207594121
238,-4.46271792583144,-8.70175300461369,-0.544950862266394,-1.09892034924038,-3.45402987891257,1.16417938754997,-0.928700581502006,-6.01360406424665,4.11998981439366,NA,NA,-79.4232805038828,43.6398707406051
239,-4.4606378287342,-8.11673098277231,-1.0910273846316,-1.16026221937209,-3.21148298041531,0.772221824761427,-0.873682760432654,-5.29425972050234,3.49178172220339,NA,NA,-78.2002773369179,43.4786932629911
240,-4.54883075881532,-7.57728915429752,-1.83042346355569,-1.29889339137227,-3.00065870574375,0.272820320936742,-0.763398114768627,-4.51174581269087,2.91023528995178,NA,NA,-76.9832123624678,43.3062646959397
241,-4.06598040071495,-6.68538002804391,-1.70785190821949,-1.15016844632028,-2.66441845827462,0.278199559913261,-0.535784184165233,-3.82939731768028,2.73792073215898,NA,NA,-75.772434664557,43.122677739609
242,-3.2729795138982,-5.15957317524298,-1.61794557887023,-1.05145036239725,-2.39212100163225,0.205305522496311,-0.296551380805319,-3.21273498473971,2.63346789469558,NA,NA,-74.5682882814499,42.9280278304991
243,-2.3995359448093,-3.39919401673324,-1.49040802160714,-1.22642999154224,-2.28844664842388,-0.251111112379337,-0.469704953210959,-3.01121510362427,1.9925378646783,NA,NA,-73.3711025977739,42.7224168251762
244,-2.2681552083664,-4.06443207142548,-0.553613658823289,-0.587178893564589,-1.81603659845255,0.556040711896481,0.369211483908645,-2.12901984421172,3.02804801037389,NA,NA,-72.1811937579873,42.5059481058465
245,-2.54804382214164,-5.17801692384776,-0.0766208232513445,-0.809290059852312,-2.26718296545844,0.574060614903622,-0.407646737104755,-3.29472727285874,2.26094493315758,NA,NA,-70.9988642825853,42.278730047737
246,-2.54483248523894,-6.3745831664377,1.14668197164815,-0.853828588594728,-3.0284582656776,1.25260430517415,-0.492289301767228,-5.02224824574475,3.94450488337752,NA,NA,-69.8244057151763,42.0408752559939
247,-4.14223660556498,-8.72568337320477,0.287113046584982,0.0504716743519994,-2.35376155256785,2.41790690071485,-1.28498632154917,-6.66836025191267,3.92138632490179,NA,NA,-124.716851005901,40.5483632947236
248,-4.11948497431483,-8.05348318005638,-0.34916522708691,0.068103317205117,-1.94037912278376,2.0331494726819,-1.302462045974,-5.78427739916832,3.02434842864655,NA,NA,-123.575793360719,40.80894619253
249,-4.091755295201,-7.79032558547828,-0.566309726625626,0.0629560462094616,-1.80565301769259,1.89511755695886,-1.30905130323274,-5.44830297926363,2.70225310896118,NA,NA,-122.426496221548,41.0592761665368
250,-4.06023927777653,-7.58819827863362,-0.664727932715706,0.0528422843989688,-1.72050965141744,1.7958862748777,-1.27525760998527,-5.21457248825042,2.50663643115036,NA,NA,-121.269205360262,41.2992313528186
251,-3.99883034901672,-7.38268750953473,-0.753018255967222,0.0312669759445812,-1.66330201709202,1.70406877333556,-1.21249903840285,-4.9190894579481,2.37057937754321,NA,NA,-120.104189269231,41.5287129658605
252,-3.90872801408138,-7.12675370613482,-0.79800618798418,0.00970886637156356,-1.61090068548199,1.5918821696072,-1.08409278532621,-4.58692304726707,2.31749543524166,NA,NA,-118.931719506468,41.7476069659488
253,-3.74529721357489,-6.78527525180803,-0.782137970272165,-0.00306421980887517,-1.54717138696766,1.49967013732876,-0.838322060364189,-4.04124992069735,2.28337555692986,NA,NA,-117.752086773745,41.955809008191
254,-3.43139808793837,-6.21897600899122,-0.670246243670717,0.0238453302596815,-1.41964536291283,1.43506815890753,-0.298056472036368,-2.83327402234986,2.07852876783175,NA,NA,-116.565593994127,42.1532228815568
255,-3.11798155587553,-5.76721000392025,-0.479047813855878,0.0694578177699151,-1.24498412799906,1.3902363617786,0.20132711597931,-2.49010163552504,2.92435339987226,NA,NA,-115.372551217794,42.3397480780913
256,-2.4319796948387,-4.87210180457131,0.069704752913986,0.162659019571428,-0.991003668265913,1.30425064762832,1.52012495694839,-0.241551785479839,3.3822108840351,NA,NA,-114.173284556761,42.5152921222688
257,-2.22823093649208,-4.25673314615101,-0.0546729154413836,-0.445536273400896,-1.44717666508047,0.506555424860897,0.841243549152879,-1.16118406718343,2.84882265448635,NA,NA,-112.968130489046,42.6797656325449
258,-2.26542506661169,-3.87958055918093,-0.617184574481986,-0.5177128659835,-1.38786874141741,0.343039818857844,0.0417482037761176,-2.09385505091117,2.12763427192202,NA,NA,-111.757434265478,42.8330836833794
259,-2.28127106166202,-3.937778203112,-0.587804806594698,-0.0359344542422012,-0.738199602686814,0.718545254080904,-0.389779203983487,-2.35239195674245,1.67862469778458,NA,NA,-110.541553500283,42.9751659990714
260,-2.98142993469738,-4.78919104754668,-1.35670655903896,0.0785826487836014,-0.496217437601681,0.602332904675046,-1.93803137737713,-4.20597792231904,0.494338517195431,NA,NA,-109.320853507492,43.1059322606383
261,-3.09793519451124,-5.10487552264714,-1.12447679086989,-0.194462670194611,-1.20570481677375,0.706044662581168,-0.887984819356064,-3.60130578319555,1.69345186753517,NA,NA,-108.095712300849,43.225315942627
262,-3.26423661337374,-5.6438173750341,-0.904381925207155,-0.3858491957794,-1.5792793071697,0.792068754265994,-0.33576353803391,-3.14610488628934,2.43184753106403,NA,NA,-106.866525568173,43.3332516474493
263,-3.659858385475,-6.27310190817424,-1.14141646055127,-0.34861749004161,-1.65929794227316,0.95918267824724,-0.0617005773605039,-3.01543289175249,2.89395784875281,NA,NA,-105.633669533668,43.4296773695054
264,-4.03782783017284,-6.78903589284694,-1.39619070501573,-0.339279272142333,-1.73333500248532,1.0447490276903,-0.156437047717659,-3.20977275800768,2.92885985907961,NA,NA,-104.397549231449,43.5145378915457
265,-4.34260246053491,-7.20973867863758,-1.61405301972815,-0.358274471314693,-1.80698218988699,1.09841156916174,-0.35752502742515,-3.50597272624879,2.82088172028522,NA,NA,-103.158569068504,43.5877920652492
266,-4.5958872761909,-7.57067528491143,-1.79142110813668,-0.387505641269983,-1.86864000343014,1.09011740059521,-0.52485754630797,-3.74783219945489,2.70902135786688,NA,NA,-101.917152845092,43.6493888658671
267,-4.82925960193891,-7.85972188789855,-1.99696602514591,-0.434122833235362,-1.94282506669656,1.0567681015997,-0.626883875110061,-3.89975723698432,2.65946255365089,NA,NA,-100.673709151462,43.6993005965851
268,-5.05801493232594,-8.1142021853777,-2.21179161493104,-0.500517983534297,-2.00630588806381,0.977730141388204,-0.648955444753223,-3.94870357819517,2.65083996256274,NA,NA,-99.4286641267082,43.7374952021568
269,-5.31252017713792,-8.4015454906091,-2.47752589894453,-0.601655624646252,-2.06274512091915,0.802050094208944,-0.586335039834488,-3.84763636478166,2.68711796513138,NA,NA,-98.1824461526275,43.7639463450631
270,-5.65398278826258,-8.68283558872042,-2.95491084859249,-0.793739251114307,-2.02641576456579,0.308652376833995,-0.447197990235287,-3.59185007337865,2.73862489001838,NA,NA,-96.935472505759,43.7786544967904
271,-5.61399947557231,-8.76299051888834,-2.77557832411757,-0.674437697062191,-2.17158586030919,0.740437609271457,-0.654738353908777,-3.94518164775403,2.64956360818963,NA,NA,-95.6881725038036,43.7815979068381
272,-5.65187366989081,-8.82097943174169,-2.79096586916605,-0.652012687820821,-2.24686553999954,0.879677666831497,-0.847250628027443,-4.15768264064501,2.46687481746399,NA,NA,-94.440978485695,43.7727759934994
273,-5.70070244499303,-8.86639548064855,-2.84771008877165,-0.657334641491804,-2.30982389425871,0.925181384530863,-1.06810380188773,-4.42473145024719,2.23494867810489,NA,NA,-93.1943260587188,43.7521957316197
274,-5.73320198646262,-8.88640082554305,-2.88721131973612,-0.678707382999412,-2.36592144647251,0.943944158546704,-1.30294087248779,-4.67616936261126,2.00473404695433,NA,NA,-91.9486374693534,43.71986314953
275,-5.74879646310546,-8.86870342222265,-2.93125961897345,-0.712170455364344,-2.43020218267785,0.933297053111506,-1.53887362504206,-4.8867585803227,1.7372714177255,NA,NA,-90.7043402792528,43.675807744886
276,-5.73635872959231,-8.83826565547209,-2.95646191523739,-0.743586648296186,-2.50128213360931,0.922096984055013,-1.74915054228647,-5.12980762607509,1.55806517173833,NA,NA,-89.4618568386701,43.6200475836663
277,-5.65335325323716,-8.75092985989825,-2.84877778745328,-0.7473100810236,-2.52146299540738,0.947626125673689,-1.97252743670141,-5.45406486750027,1.38964905609484,NA,NA,-88.2216097450467,43.5526178418474
278,-5.51753910674196,-8.60966684731688,-2.6898224575193,-0.720946124741879,-2.51391348655407,0.987146417379865,-2.07425925289671,-5.65814029981358,1.37443204987598,NA,NA,-86.9840116192471,43.473555549981
279,-5.36072261617572,-8.45364665340001,-2.47193379411384,-0.680064601031492,-2.48258832265081,1.0555613511329,-2.06055345962027,-5.73686543876859,1.4638387576288,NA,NA,-85.7494728795877,43.3829013497705
280,-5.23274786532496,-8.42498492052766,-2.26987417227748,-0.653843108519221,-2.49333013244355,1.14097421181941,-1.98982542910334,-5.80746479519627,1.68651674886601,NA,NA,-84.5183956416989,43.2807164612886
281,-5.12846701015158,-8.4365162312953,-2.06198338851098,-0.649662789873503,-2.55277316856603,1.17725031302649,-1.91255032638266,-5.90864503111254,1.95781267399301,NA,NA,-83.2911767576013,43.1670487370145
282,-5.0605171643996,-8.657591267975,-1.68931914136012,-0.665411569010105,-2.71860537881879,1.31751585189401,-1.84089305434604,-6.19195218060539,2.3563638684019,NA,NA,-82.0682089615206,43.0419669338457
283,-4.44704551347619,-8.1790021607355,-0.983206388973438,-1.04294908209376,-3.15064606482511,0.969568261824353,-0.996590938357198,-5.50069798921499,3.44260260911581,NA,NA,-79.6365542122071,42.7578235443058
284,-4.36146741141164,-7.74529395883209,-1.24495585782041,-1.08167832770574,-2.98932400195491,0.716403156033309,-0.927579376621458,-5.01387503037596,3.06749066952091,NA,NA,-78.428580520681,42.5989157923603
285,-4.18936872704958,-7.2608070264869,-1.37478777732471,-1.12114079614351,-2.87866520093329,0.517480010159723,-0.827810058507667,-4.58292200947654,2.85141739606458,NA,NA,-77.2263272037138,42.4288965544901
286,-3.7336739272734,-6.54443623101637,-1.14549009172821,-1.07277724738106,-2.71379611409514,0.473691961070353,-0.699979580831822,-4.19278458877938,2.75724791639595,NA,NA,-76.0301284088443,42.2478515984656
287,-2.9678614724637,-5.45981782055667,-0.627371560194958,-1.01243800839477,-2.53957947377735,0.434920516548767,-0.592782623496096,-3.84018713827324,2.62029466105021,NA,NA,-74.8403200902003,42.0558709974918
288,-1.63700304656566,-3.54485898090194,0.272366412835536,-0.939745444885173,-2.27632838187083,0.336559747128314,-0.608252962406282,-3.31771589644157,2.09850081488332,NA,NA,-73.6572194988189,41.8530517027769
289,-2.47228282278204,-4.75842269375437,-0.287339643575769,-1.06246505651241,-2.53095517194872,0.315001560859831,-0.923469487841309,-3.78280695316256,1.89611757714662,NA,NA,-72.4811314762533,41.639490726904
290,-2.53529529784305,-5.5165265216634,0.303387050533515,-0.935296119508741,-2.66284224725181,0.73840917094565,-0.646239084860196,-4.25425333026376,2.89522814473177,NA,NA,-71.3123538469143,41.4152916195476
291,-2.53791605895931,-6.44960143748818,1.23306226238603,-0.896076975221507,-3.1538181772434,1.27762578344631,-0.564206395850223,-5.25944189514499,4.0715487057402,NA,NA,-70.1511655789659,41.1805592398721
292,-4.15970943222817,-8.50726794054051,0.00573348952709851,0.0357165602483319,-2.22278862955231,2.24951645275425,-1.2630725398929,-6.31973404176154,3.59205235644814,NA,NA,-124.366668889219,39.6957602560734
293,-4.1483048746309,-8.08487611781879,-0.362448470167458,0.0362673518185837,-1.98217520062748,2.00515124344563,-1.25500263565092,-5.76401261910992,3.07353364131891,NA,NA,-123.237911513173,39.9531280518351
294,-4.12717038520909,-7.85879033970791,-0.580744131263163,0.027651003726147,-1.86236431169934,1.86941755015072,-1.2525637679259,-5.43987067053303,2.81387849679372,NA,NA,-122.101199729495,40.2003292092095
295,-4.09480815168971,-7.64381167349941,-0.676100312456743,0.0123455943060639,-1.77281944669173,1.75555544450794,-1.21886575451856,-5.17133826103715,2.62015690022654,NA,NA,-120.956775030807,40.4372490703231
296,-4.04828861093633,-7.46195017096073,-0.768215068678231,-0.0145557721191815,-1.73239066670252,1.66260549731777,-1.1491146299011,-4.89268361656333,2.48171223307933,NA,NA,-119.804891082338,40.6637886852378
297,-3.97685137066465,-7.24129188048679,-0.85123924917258,-0.046331506746175,-1.68322216640301,1.55206912315299,-1.03565527442834,-4.5778561533241,2.39459083769646,NA,NA,-118.645824188768,40.8798455566876
298,-3.86164413491324,-6.9510456451991,-0.888204408086728,-0.085549358845366,-1.6436773994438,1.44127134284891,-0.840825532748201,-4.08255016549672,2.31829801161026,NA,NA,-117.479846281863,41.0853237663888
299,-3.6367458601025,-6.42071197562367,-0.916236603837217,-0.12632326289056,-1.58305099604235,1.30496806542873,-0.457833803367479,-3.07710371568447,2.01347801763864,NA,NA,-116.307253081711,41.2801256236472
300,-3.32989702755402,-5.85127800486676,-0.861738362208826,-0.0811871900405877,-1.26082886805341,1.20458772077685,0.149827772326233,-2.13331845249464,2.42130213724452,NA,NA,-115.12834432174,41.4641609531531
301,-3.35141910475095,-5.73363753644124,-1.04928047599778,-0.274437681594071,-1.49774475080339,0.880582501584166,0.0688408949832053,-2.22582786561058,2.35546706562813,NA,NA,-113.943437455959,41.6373394386979
302,-2.95900165232958,-5.20192143465191,-0.764563931851367,-0.392630772077812,-1.52536070655831,0.643026020737513,0.457963571817058,-1.8590907821546,2.75994885698243,NA,NA,-112.752863359626,41.7995771202851
303,-2.91134496392815,-4.51364172472895,-1.34600039460347,-0.464285844119217,-1.47965018391066,0.473385845171194,0.18800006180204,-1.74185350177927,2.15393752409875,NA,NA,-111.556944775385,41.9507926877976
304,-2.56737420019399,-3.86098040664501,-1.24141744227652,-0.280453573531883,-1.12166111774543,0.576849419917388,0.0397451579007159,-1.97929377689503,2.21619857368383,NA,NA,-110.356034267495,42.0909116462797
305,-3.67838135393931,-5.61685680612486,-1.8625095074646,-0.212210294869143,-0.988269490287704,0.739806697030127,-0.27340942973718,-2.49531567942266,2.08764801540304,NA,NA,-109.150488620773,42.2198627844944
306,-3.79250639647974,-5.97254309661207,-1.75111593682525,-0.339429931775167,-1.48960003721579,0.788821805325771,-0.311585275026962,-2.98196212720684,2.38658493531816,NA,NA,-107.940667478358,42.3375751957261
307,-3.90342295568711,-6.31074077973315,-1.59820255650353,-0.467197998483047,-1.69218321292371,0.733678438022488,0.00149856000106568,-2.82191508070389,2.8288324948691,NA,NA,-106.726946326634,42.4439915701453
308,-4.07632504591921,-6.61388129578272,-1.65857974738898,-0.226977859267452,-1.49485849506353,1.07320731287915,0.682438269221652,-2.08102912594054,3.52500954827235,NA,NA,-105.509697791703,42.5390543168276
309,-4.3327599107435,-7.03700868012154,-1.76200578394671,-0.275938482604192,-1.60844451947128,1.06892137276324,0.302015038077504,-2.58939421176917,3.21293585071107,NA,NA,-104.289309879784,42.6227131278166
310,-4.56254832550508,-7.40833268120135,-1.84810711469263,-0.335208970315571,-1.76057170724007,1.09630397148537,-0.0988423156243349,-3.17496739996981,2.99253920295091,NA,NA,-103.066177162309,42.6949157705262
311,-4.74737621792897,-7.70064603772808,-1.94966003709453,-0.388286521016494,-1.86377298158481,1.08118986353749,-0.372217653966816,-3.60919203280956,2.86449545008563,NA,NA,-101.840688736394,42.7556332782465
312,-4.92163477520854,-7.94828708767765,-2.08131594011913,-0.435565475131885,-1.96193805829998,1.05689267926793,-0.535826127062896,-3.84011629210596,2.78786596614126,NA,NA,-100.613255821384,42.804826995459
313,-5.09144097747175,-8.18716045968797,-2.22003071295717,-0.485687895194334,-2.00840241541202,0.995181617324865,-0.612541701412717,-3.95541555709685,2.73746740224748,NA,NA,-99.3842823482881,42.8424715138687
314,-5.24738432679039,-8.35210976612664,-2.38831793924092,-0.533362613993584,-1.98170651927708,0.873856108650113,-0.631778788509529,-3.9518653590555,2.7353430752672,NA,NA,-98.1541775260997,42.8685462874996
315,-5.34782254312376,-8.35357515557411,-2.61596375474402,-0.540760587493099,-1.74023715925973,0.509118460920612,-0.6449434285348,-4.00832478707947,2.70172991229924,NA,NA,-96.9233507319464,42.8830394587131
316,-5.47457328339164,-8.62148544284179,-2.6105935751279,-0.600130717655885,-2.09248080687667,0.826205401543167,-0.77470286285112,-4.19720493440963,2.64402498629975,NA,NA,-95.6922100953912,42.8859395914119
317,-5.54352855922574,-8.73754359191027,-2.64360338594156,-0.624511310219516,-2.21708103492731,0.913771726501464,-0.929613645314284,-4.35595115543285,2.4969387243704,NA,NA,-94.4611752895052,42.8772458689184
318,-5.58646353985518,-8.79919055519086,-2.68551611331219,-0.643541737827943,-2.29135098371693,0.958390301303178,-1.10227504388695,-4.56924871373242,2.31578259214177,NA,NA,-93.2306547085955,42.8569599636002
319,-5.60895231468468,-8.81592947673563,-2.69618736029424,-0.665459235838769,-2.36558205307388,0.965267378859804,-1.28733768853921,-4.78569505851121,2.13221772168978,NA,NA,-92.0010611132426,42.8250978321817
320,-5.61163734274487,-8.80779270115399,-2.69551922809993,-0.688707465806847,-2.41615534390645,0.977577905354749,-1.46625177916521,-4.9821981836013,1.97824099450639,NA,NA,-90.7728080284661,42.7816733584782
321,-5.58304488508068,-8.76207862553816,-2.69282900059615,-0.7089791345501,-2.46600251060502,0.971910756329465,-1.63009879822348,-5.18268372390168,1.82178428692672,NA,NA,-89.546299405688,42.7267126099512
322,-5.51643089987843,-8.69383532065227,-2.61835847645967,-0.718944751424641,-2.50038198454879,0.990254590681444,-1.77565385292948,-5.40172487299543,1.7234890485717,NA,NA,-88.3219380381429,42.6602447903749
323,-5.41386061444265,-8.60602655482581,-2.47924497078479,-0.714119136636863,-2.51709728787708,1.00627283725621,-1.85541898393291,-5.55536455376041,1.69045772654811,NA,NA,-87.1001248449407,42.5823074529897
324,-5.29595997442555,-8.48000623425131,-2.32239741052293,-0.702281263141022,-2.51960892903484,1.04499007359721,-1.86175959249551,-5.64296810987455,1.75851957933278,NA,NA,-85.8812603208715,42.4929406001126
325,-5.17727538853787,-8.40341107050492,-2.1444177167849,-0.697624574053831,-2.52843525448837,1.07147700069403,-1.81910429397079,-5.68216173616684,1.89656312145761,NA,NA,-84.6657250251664,42.3921954325942
326,-5.05751586644409,-8.36439258068952,-1.97013096467207,-0.713107962474846,-2.56964564580691,1.07187405471432,-1.745376650785,-5.70031491415056,2.07528297409153,NA,NA,-83.4539037129285,42.2801213255464
327,-4.92242765905208,-8.27987724757293,-1.79199565148272,-0.755213083120737,-2.62321042504981,1.04677932805265,-1.61823428998608,-5.62913982874537,2.27145527237677,NA,NA,-82.246177195223,42.1567819303924
328,-4.71190020246729,-8.24490060593002,-1.42506420498086,-0.846253759835834,-2.82277193743591,1.03013232572495,-1.37433812468866,-5.61776237870952,2.76771427095055,NA,NA,-81.0429093092304,42.0222406230526
329,-4.50704082831726,-7.85980216252292,-1.4019569773718,-0.947544328471794,-2.83979167705513,0.838913304133251,-1.15487354850597,-5.20744526022365,2.81194866867949,NA,NA,-79.8444546482191,41.876563949559
330,-4.33336594834837,-7.59793246316023,-1.28483094130009,-0.998892477184363,-2.85564220752239,0.744570065147502,-1.02409950447901,-5.00032820907458,2.87196807012811,NA,NA,-78.6511643630983,41.7198283788934
331,-4.09869875093571,-7.23773204498844,-1.19378775986783,-1.02311864704842,-2.81806062406092,0.658750590319342,-0.920402058845783,-4.75047125808463,2.84102325777392,NA,NA,-77.4633802864788,41.5521113546796
332,-3.72752328670021,-6.73234362025431,-0.949797719133452,-1.01249404807336,-2.74543560847836,0.618978844458226,-0.827427741510909,-4.54952940642434,2.8176810340895,NA,NA,-76.2814340387216,41.3734948398519
333,-3.23649762025418,-6.06898422341821,-0.536356075000282,-0.990163948779736,-2.66952396030539,0.609076523544308,-0.766460035728513,-4.34028514041199,2.76778370329653,NA,NA,-75.1056436530582,41.1840657562154
334,-2.69640402853625,-5.40865580538888,-0.0650452875269785,-0.973668663390443,-2.62272811103828,0.60516790828525,-0.759458707264089,-4.23142938708988,2.68128360693885,NA,NA,-73.9363196358531,40.9839148243017
335,-2.57072844850042,-5.61316853433245,0.372355883716248,-0.997549727078465,-2.82829204239816,0.759175821824214,-0.803858271765658,-4.61293153808592,2.93314732887959,NA,NA,-72.773758580985,40.7731342127787
336,-2.55936424234037,-6.17866047602784,0.941790145185834,-0.962082866102933,-3.08157019547457,1.08562307370958,-0.726761238939327,-5.16464039152349,3.63928096788764,NA,NA,-71.618249501135,40.5518241974476
337,-4.18022282672225,-8.47653187778962,-0.0528783587906999,0.0163572862921569,-2.21815007917821,2.20380196321332,-1.23664934250428,-6.20696448481699,3.60621817747377,NA,NA,-124.02466717871,38.8424668401163
338,-4.17696575190497,-8.14448558226685,-0.377726186158137,0.011496277407463,-2.0143193626503,2.00295397142639,-1.22665667418914,-5.74976634329769,3.14154249921358,NA,NA,-122.907985943425,39.0967675061304
339,-4.16774564906955,-7.9260996302119,-0.555254826220267,-0.000520450674107775,-1.90505481070693,1.86307007520019,-1.21216671487573,-5.44067444193265,2.86879277092315,NA,NA,-121.783619133343,39.3409702251509
340,-4.15101272356432,-7.76079570889861,-0.693364550973106,-0.0185351096075631,-1.83371265310509,1.75578445644309,-1.18118019174608,-5.16693358497721,2.72564944914175,NA,NA,-120.651806753046,39.5749805978363
341,-4.12717530346392,-7.57893712788727,-0.811866620088455,-0.0474707102952751,-1.78550306387852,1.65952949536003,-1.13115081369323,-4.92024674641857,2.53737579888914,NA,NA,-119.51279218513,39.7987035291027
342,-4.09826476631534,-7.42558891505356,-0.915245031533846,-0.089401519075653,-1.75191323700836,1.54129058308603,-1.07308540167519,-4.6579334093941,2.3948629660291,NA,NA,-118.366840144988,40.012046616231
343,-4.07857368079324,-7.22362251802214,-1.07244612078987,-0.161771372831089,-1.74509311739461,1.36946617531508,-1.06108552743632,-4.36130712037151,2.13068311046778,NA,NA,-117.214222868428,40.2149158315049
344,-4.16386059772329,-7.07140567368746,-1.4082344487223,-0.317900602907467,-1.74818172956044,1.03503884725607,-1.28560923605066,-3.93614351230966,1.19976816848769,NA,NA,-116.055222960757,40.4072198239495
345,-3.83831111927526,-6.64413462270253,-1.11380623549573,-0.236393721447106,-1.65204025912427,1.15153630669673,-0.480501413674645,-3.44497594353335,2.43100230729459,NA,NA,-114.890134705471,40.5888730639049
346,-3.72102358238487,-6.40118871486283,-1.12168745206467,-0.306755579071667,-1.67843745095483,1.01833863746281,-0.108048964483111,-3.01297329194734,2.7677681408024,NA,NA,-113.71926692808,40.7597899382393
347,-3.56661934935197,-6.02026147188172,-1.14834225535329,-0.39502322519481,-1.63486208727997,0.797094505439384,0.400955669892446,-2.29294091566389,3.14107453224928,NA,NA,-112.542930205307,40.9198908281501
348,-3.41147429774792,-5.21497588590272,-1.62402806240623,-0.382572723455044,-0.936633676066869,0.148848135018817,1.54735990019574,-0.103593232176655,3.2712551701228,NA,NA,-111.36144948593,41.06909979067
349,-4.02110382570748,-5.83854641766492,-2.32669311993635,-0.430328444097426,-0.959279240092312,0.0718976120638574,0.23613279713707,-2.1819309704418,2.65524614577284,NA,NA,-110.175158649969,41.2073448359788
350,-4.74639688142136,-6.85831426479654,-2.83634854318475,-0.54324973292706,-1.63514613755614,0.489047497482503,-0.418094718147883,-3.06240406114134,2.22712956744781,NA,NA,-108.984400313954,41.3345568546214
351,-4.6761095105447,-7.04439230348978,-2.49554302792252,-0.540816783976304,-1.71197318838046,0.606264302455594,-0.221582264305147,-3.0171481566933,2.53767803347012,NA,NA,-107.789526802437,41.4506758964338
352,-4.48233071656374,-6.4947574314492,-2.65435628631339,-0.91958839083221,-1.69630761642278,-0.209239074965733,-0.0457336613294011,-2.42944597320671,2.31942384300153,NA,NA,-106.59089321746,41.5556414409199
353,-4.40316050298923,-6.43784537625558,-2.45911463247731,0.180394436381666,-0.778470218030354,1.24507166062188,2.49841643937456,0.702177293647002,4.41402256079223,NA,NA,-105.388866783082,41.6494033927703
354,-4.65446660634063,-7.1608454113031,-2.25558305053892,-0.198825368409953,-1.27464751770952,0.931986635768274,0.792440806160424,-1.29523116293748,2.87274072533799,NA,NA,-104.183816639022,41.7319112061745
355,-4.81252571518368,-7.63117221845279,-2.13339508313025,-0.324975664092992,-1.70123476081638,1.05710594654241,0.0373443909387549,-2.9281566721696,3.0367729652122,NA,NA,-102.976127108277,41.8031169696211
356,-4.92487593158584,-7.89026896939406,-2.13914021227391,-0.387204338861026,-1.86734720785166,1.0816113637857,-0.322219548353008,-3.53463729640464,2.89772742877882,NA,NA,-101.766174148434,41.8629927325748
357,-5.03205762852094,-8.07210484589292,-2.18884893990911,-0.431031579076905,-1.95575727949125,1.07902661627781,-0.524934252140865,-3.84916283145096,2.80271406725008,NA,NA,-100.554346689676,41.911503280644
358,-5.13564495247764,-8.25561083031501,-2.25346260589951,-0.471840106594021,-2.01790705609319,1.03856321506034,-0.639153115113311,-4.03175687686562,2.74180963514544,NA,NA,-99.3410346863698,41.9486254730008
359,-5.24414691198821,-8.39306505514594,-2.3518260857222,-0.510268926857925,-2.04057677097039,0.967981939400061,-0.700495975850238,-4.13522117034586,2.72700497544431,NA,NA,-98.1266346638523,41.9743378408648
360,-5.33196706680659,-8.46996776934557,-2.45393772111088,-0.535883761997657,-2.0372565764949,0.899706103778999,-0.767031880389673,-4.2536377328346,2.69741867159221,NA,NA,-96.9115395157956,41.9886267304627
361,-5.41495725715065,-8.59931422386999,-2.49616608549671,-0.571764554573581,-2.14372870468568,0.942887217702386,-0.864296308736004,-4.39221317361085,2.62142676213638,NA,NA,-95.6961446528039,41.991486078231
362,-5.46743506634811,-8.68829082612799,-2.52512275023016,-0.603085950660598,-2.21811623077162,0.967515742968562,-0.988048642474129,-4.54547454507126,2.49860042524487,NA,NA,-94.4808485830904,41.9829135492977
363,-5.49725291724309,-8.76943550165329,-2.55076959568653,-0.628113940405348,-2.29379021776879,0.989592605611754,-1.12397292070213,-4.69023949427441,2.37215068345637,NA,NA,-93.266052908834,41.9629091532816
364,-5.50731913512604,-8.76351020397912,-2.54278870219499,-0.650303612776589,-2.35953152977006,0.99088848233295,-1.27217273055492,-4.85963247253697,2.23879979796557,NA,NA,-92.0521452789278,41.9314906325088
365,-5.50235080976424,-8.73288375341508,-2.54553697285739,-0.668057154947511,-2.39608991653109,1.00665689971087,-1.41714191800626,-5.03612128051599,2.11813577519376,NA,NA,-90.839526788387,41.8886696516792
366,-5.46761268947312,-8.71108565590267,-2.5044228545322,-0.687873363345159,-2.44899769926492,1.00722832951673,-1.53589220891578,-5.21539183320121,2.02261568592587,NA,NA,-89.6285889024042,41.8344717157659
367,-5.4132416620726,-8.66322579993158,-2.44088807679784,-0.701195191257,-2.48959804771018,1.0145222005389,-1.63787426820148,-5.3587148541391,1.95997350292155,NA,NA,-88.4197175457727,41.7689244091229
368,-5.33117567784369,-8.58017538065581,-2.32366724194335,-0.710102372309622,-2.52208421870261,1.01882280080249,-1.69662046493939,-5.48160454170558,1.93772081664896,NA,NA,-87.2133024335968,41.692060123963
369,-5.2283246775479,-8.49064291176999,-2.18158277720157,-0.71670612056793,-2.5627791276724,1.02895186767668,-1.71177856493738,-5.55681248889182,2.01675894118363,NA,NA,-86.0097184343607,41.6039223021239
370,-5.11851784372167,-8.42738445834069,-2.03748230853006,-0.726177903845118,-2.57237206528056,1.03517848984874,-1.67699485015482,-5.60963588954873,2.14114643099278,NA,NA,-84.8093409789062,41.5045530421012
371,-4.99915220962229,-8.31884109825294,-1.88957224187394,-0.750142494132218,-2.61254610693295,1.0223931253631,-1.61121991374847,-5.59738885788529,2.21909093774145,NA,NA,-83.6125428482249,41.3940018941463
372,-4.86851564355184,-8.19186601621806,-1.73934054090701,-0.785065177310211,-2.65425498796845,0.997184166751361,-1.50801164280844,-5.50932188797851,2.35549812664301,NA,NA,-82.4196830369011,41.2723284259948
373,-4.70695155864165,-8.08638264327217,-1.558897237881,-0.839413097818097,-2.71160043119535,0.940475776404975,-1.36419752222701,-5.42462459890401,2.57545563594368,NA,NA,-81.2311182419823,41.1395912895322
374,-4.53362888048509,-7.87548027645854,-1.43142875335092,-0.899805671109123,-2.76915023271369,0.873588564822065,-1.21458456475568,-5.24850699127222,2.72364386068254,NA,NA,-80.047189593144,40.9958571056395
375,-4.34706701094562,-7.64203220496458,-1.27941717842411,-0.942726547916218,-2.7948545248203,0.809009761835906,-1.09700897276142,-5.11035490163086,2.8054248253552,NA,NA,-78.8682390611401,40.8411933649345
376,-4.12817974711309,-7.36055217249161,-1.12122325658276,-0.963754995424698,-2.8086058522319,0.769991389054237,-1.00374849528857,-4.98937527410637,2.86126678108803,NA,NA,-77.6945959284787,40.6756770333937
377,-3.86230727057493,-7.04413757073214,-0.899310905458843,-0.967759032515575,-2.78777470982839,0.751483722127105,-0.930700620687358,-4.85272755271199,2.89840644017852,NA,NA,-76.5265788372098,40.499384451219
378,-3.56817504360486,-6.7347105286779,-0.583774573168326,-0.962942885186613,-2.78918118670856,0.776705718514063,-0.88539899767066,-4.81223645488064,2.94886446915474,NA,NA,-75.3644980606552,40.3123952820703
379,-3.33222738551211,-6.68139971712312,-0.11002803119015,-0.960286186015546,-2.90477820429563,0.905152502043561,-0.866787487053003,-5.04517083191972,3.21960562940601,NA,NA,-74.2086542262029,40.114797506282
380,-4.20398243173231,-8.59742338976385,0.00582072503729663,-0.000670318552318133,-2.27343884584679,2.24372365898448,-1.22263139853222,-6.28685670391895,3.73961459943284,NA,NA,-123.690575175088,37.9883530050156
381,-4.21063265749606,-8.23235485776729,-0.373488941054259,-0.00472780810667076,-2.05687040500022,2.01051959003248,-1.21455303133938,-5.8210322753285,3.2196255141054,NA,NA,-122.585745468367,38.239691350883
382,-4.21620977751417,-8.01092102980599,-0.588957297109243,-0.0188829779561382,-1.94873315781592,1.88747027664391,-1.19399387758615,-5.48484438894722,2.93685560054813,NA,NA,-121.47348888451,38.4810169528956
383,-4.21139334511467,-7.84344961553783,-0.717322972632166,-0.0409371856616016,-1.88417022172899,1.7672031573703,-1.16296738148448,-5.22405937315108,2.79466513504659,NA,NA,-120.354038648524,38.712245495553
384,-4.20491712803649,-7.71743472410007,-0.86145495778136,-0.0677540975888323,-1.83612629235484,1.6663070599308,-1.12239049015098,-4.9788627916534,2.60363705020376,NA,NA,-119.227631525795,38.9332683676049
385,-4.20322829020725,-7.57204308685509,-0.985808602158804,-0.107129813031151,-1.80725671866573,1.56427934854773,-1.08613329354802,-4.76024713794208,2.48700813950927,NA,NA,-118.094522470213,39.1440086195691
386,-4.20374145152844,-7.43031383469643,-1.14294972084606,-0.159888096846768,-1.79776193519189,1.42721807900627,-1.04995753394188,-4.54990160190494,2.32388385548079,NA,NA,-116.954982492597,39.3443817106297
387,-4.21347252508681,-7.28001129992097,-1.27828944850826,-0.228307081473431,-1.7688729714931,1.29362850310945,-0.99494995361862,-4.28572703173166,2.17156491356802,NA,NA,-115.809282161801,39.5342958913394
388,-4.1389749200615,-7.09865060581051,-1.30245596665973,-0.250264732993258,-1.73791322385633,1.20768185885475,-0.675782613964838,-3.88286651739452,2.47349102078362,NA,NA,-114.657709939626,39.7136684469224
389,-4.12223443179992,-6.93797973865163,-1.41676258461595,-0.324124566167798,-1.73404700498067,1.03775227763186,-0.437571590405053,-3.50854943719275,2.55465005447993,NA,NA,-113.500564444049,39.8824215502567
390,-4.17516134053005,-6.68726258520141,-1.77535491227203,-0.493122836401267,-1.69013878152036,0.596577752338299,-0.280089521419844,-2.69621524435557,2.03682806535567,NA,NA,-112.338143945367,40.0404788793236
391,-3.68291197402925,-5.6966294207149,-1.71808002895561,-0.403718781546272,-1.13176278115239,0.419617466634055,1.38187364900219,-0.609098618390716,3.40655612315104,NA,NA,-111.170764411934,40.18776930806
392,-4.14609517548998,-6.18680818564074,-2.33925578105848,-0.237363504707689,-1.01006830297855,0.736358914557323,0.756770493020115,-1.93815359248438,3.5474230634096,NA,NA,-109.998749984575,40.3242257181423
393,-5.37256810609631,-7.46486371600085,-3.50877353624746,-0.494959285067524,-1.49803119612275,0.422618908369707,-0.435499655040848,-3.08947383989032,2.17961980757796,NA,NA,-108.822429612141,40.4497773098035
394,-5.68058317571174,-7.82453004841468,-3.77224393030675,-0.362889180937399,-1.2570660905839,0.577346726133066,-0.121851755331745,-2.80053606502506,2.5384617593203,NA,NA,-107.642143820197,40.5643699474026
395,-4.24044079801423,-6.20756169632162,-2.31465551400018,-0.973129097021663,-1.61198431506837,-0.363727845693143,1.38242937803903,-0.814393982872561,3.63207111034297,NA,NA,-106.458235640887,40.6679518955742
396,-5.34201849497882,-7.53484693360752,-3.21901937389829,-0.643977919770742,-1.19125327024362,-0.118838667570966,0.821074222425864,-0.8611119250962,2.43100564690508,NA,NA,-105.271059236609,40.7604693298299
397,-5.15208185072528,-7.86737637646251,-2.61878087902911,-0.412124643541217,-1.64564445394731,0.821533930845172,0.167321472432364,-2.5739595552128,2.92892914855147,NA,NA,-104.08097448227,40.8418772253529
398,-5.10530134558817,-8.01995050167259,-2.39631701396284,-0.379094769280114,-1.77122429559768,1.01417835063416,-0.214714919067927,-3.2997531886504,2.87419088501648,NA,NA,-102.888343292226,40.9121347144876
399,-5.10982335521365,-8.13850791533005,-2.30877951823912,-0.398288258413802,-1.88730071675826,1.07240637199204,-0.445430271131924,-3.69806674811891,2.80861645216884,NA,NA,-101.693534863631,40.9712072746865
400,-5.15124352722991,-8.23485578277601,-2.2819266292749,-0.428946119219481,-1.96692239686245,1.09002005033725,-0.604471911316695,-3.97896279162155,2.76842729191619,NA,NA,-100.496920670694,41.0190657809495
401,-5.20369501628812,-8.35256197629337,-2.31443148322091,-0.459672251906248,-2.03521698563155,1.07991331140578,-0.704397270006428,-4.14508734539105,2.73721121797324,NA,NA,-99.2988801756839,41.0556868237843
402,-5.26598137289133,-8.47643189107417,-2.33742230697315,-0.492233485265649,-2.07929584350001,1.0369617121523,-0.781426551717185,-4.29379981241106,2.70215894133571,NA,NA,-98.0997890019451,41.0810524766069
403,-5.32044053446149,-8.55053588037696,-2.37814601628223,-0.523707382365003,-2.11321001780728,1.00780616161192,-0.858683715878385,-4.40987332039189,2.64944127621413,NA,NA,-96.900029261422,41.0951476604923
404,-5.37271200616968,-8.62183228865543,-2.42057910481073,-0.554762305819894,-2.16955729205074,1.02790772239598,-0.935055797119699,-4.53785273098089,2.61776383019309,NA,NA,-95.6999824523253,41.0979674220134
405,-5.41012310533618,-8.68834851349439,-2.42797493859316,-0.585543494017719,-2.23595853549652,1.0227175412227,-1.03953000485241,-4.67126457733012,2.52186011904102,NA,NA,-94.5000225027118,41.0895118518794
406,-5.43106524966316,-8.74547778584082,-2.43145667976689,-0.612297351089331,-2.30197903236658,1.03547578231233,-1.15143417914001,-4.84101974064387,2.42869836762802,NA,NA,-93.3005547598557,41.0697780913334
407,-5.42919107189475,-8.76551043614711,-2.42502145930948,-0.634187536158674,-2.3547286657353,1.03064698666853,-1.27112149013929,-4.98935616891337,2.33934119609272,NA,NA,-92.1019394546199,41.0387822324557
408,-5.4165091820289,-8.72954678049605,-2.38368268195892,-0.653615318782884,-2.40461718964639,1.04125658449044,-1.37849034032536,-5.12472513494528,2.23485337515376,NA,NA,-90.9045686463151,40.9965395761819
409,-5.38430730280139,-8.71078404741445,-2.353097858811,-0.674519192176681,-2.45081387398036,1.03380775463636,-1.47349694363973,-5.27662111166137,2.16866875429072,NA,NA,-89.7088101887789,40.9430683142658
410,-5.33289058898807,-8.64941244444132,-2.25613315141481,-0.691969069626062,-2.49739944950285,1.04049837196056,-1.54130070966509,-5.38406753835218,2.16593469271647,NA,NA,-88.5150437818865,40.8783975984254
411,-5.25947653579164,-8.58176242863455,-2.17797193689421,-0.707038808926589,-2.53382748058834,1.0324685968877,-1.58462257587481,-5.4592290429976,2.16347826338668,NA,NA,-87.323639297194,40.8025615909423
412,-5.16959546600277,-8.50415131277384,-2.06082201467693,-0.721974729522722,-2.56966688177076,1.02840138720034,-1.6009212368992,-5.53059611132081,2.21154057085311,NA,NA,-86.134963841458,40.7155940766201
413,-5.06868661125561,-8.42242660661521,-1.94208405504545,-0.73897181387202,-2.58968975338799,1.02181539269496,-1.56945438734771,-5.56138565959971,2.3094529260873,NA,NA,-84.9493777694851,40.6175391591221
414,-4.96583047142432,-8.34753769180962,-1.82924787166927,-0.763616394224589,-2.63127474557015,1.02154485257272,-1.51755190990626,-5.55782353516647,2.39285748431327,NA,NA,-83.7672382885002,40.5084429773383
415,-4.84663144637315,-8.21121288681629,-1.69081661698593,-0.794503338471498,-2.66384315961937,0.974095920684392,-1.43652408140895,-5.49876963404379,2.4844805667693,NA,NA,-82.5888945111626,40.3883613812353
416,-4.71149507311579,-8.10190377067907,-1.55640317979996,-0.833598625024048,-2.71404998951254,0.957655705678306,-1.34320101343186,-5.42519453045419,2.61187073601575,NA,NA,-81.4146844466061,40.2573492311621
417,-4.55715387287294,-7.91282686156827,-1.43245135252379,-0.874473917022085,-2.75313361794595,0.919007359294447,-1.24673641175232,-5.35713194507305,2.7646355106212,NA,NA,-80.2449461441666,40.1154701580989
418,-4.39312121682163,-7.74389180280299,-1.26446115309005,-0.902331057622958,-2.790617584167,0.896815750275126,-1.14744420187769,-5.24298060027214,2.85596241258281,NA,NA,-79.0800084521777,39.9627891903775
419,-4.21471503038723,-7.55308702360292,-1.11010062954059,-0.925490664000077,-2.82094159711368,0.8676547553642,-1.06946411321618,-5.16290730139263,2.95000382104197,NA,NA,-77.9201832427106,39.7993758387588
420,-4.0252513368396,-7.37186354023656,-0.908317133203605,-0.939471937429366,-2.84767845223357,0.875438612358237,-1.01122493885732,-5.13049876941819,3.00177388652516,NA,NA,-76.7657864466883,39.6253048987876
421,-3.83809475235796,-7.23916018100734,-0.638183230904876,-0.940215883461962,-2.8931069438258,0.921279827530928,-0.976098057335302,-5.21974963644851,3.15313376083198,NA,NA,-75.6171147550378,39.4406542768368
422,-3.71693983498653,-7.37275910731875,-0.236395442664816,-0.941744858539206,-3.05479660193033,1.06132093754466,-0.954521947038378,-5.50762765447134,3.5096950979671,NA,NA,-74.4744641371131,39.2455035256483
423,-4.22545534951236,-8.90472401343979,0.269263178914648,-0.0129985401887856,-2.4664780098062,2.43417503394604,-1.212583335529,-6.67947976623361,4.1208791350373,NA,NA,-123.364139802869,37.133237709461
424,-4.25073158560555,-8.30953845706601,-0.366520788514794,-0.0234212172120314,-2.11104389837587,2.05105489852495,-1.19639307994073,-5.87673816092702,3.3240479858784,NA,NA,-122.270940439918,37.3817316655807
425,-4.265286154096,-8.09995244051041,-0.578319138907247,-0.0346223379205761,-1.9918665163352,1.91342238776419,-1.17737031903169,-5.52111799239028,3.03367114986129,NA,NA,-121.170556370058,37.6202990460882
426,-4.27918243396424,-7.95758092178185,-0.761780974907563,-0.0506134604445478,-1.92195562469842,1.79736619375197,-1.15474595153928,-5.29997654903712,2.86036934054819,NA,NA,-120.063216515436,37.8488565238208
427,-4.28760303709972,-7.85016706708429,-0.913513095335682,-0.0762961827789093,-1.8846917596214,1.70212746510749,-1.12179371516585,-5.07745374873857,2.70658582269642,NA,NA,-118.949164906707,38.0672969781992
428,-4.29824568970624,-7.73819929604144,-1.02733847817515,-0.10547425754272,-1.84166417936982,1.60223948841552,-1.08665486929884,-4.89256118735179,2.61730651937665,NA,NA,-117.828634808273,38.2755478091655
429,-4.3150539775462,-7.63096125347582,-1.16475113291624,-0.143682369265378,-1.82571050945588,1.50606284941117,-1.04210374373468,-4.70422102776052,2.49481979395091,NA,NA,-116.701898442097,38.4735261614019
430,-4.34773576905476,-7.53360381076727,-1.33136540431478,-0.184505406477311,-1.80247489307527,1.40076743761093,-0.964746845551338,-4.48120664014132,2.43173404727293,NA,NA,-115.569216507636,38.6611511293628
431,-4.37235204728443,-7.44608174827546,-1.45056732521667,-0.214261327554131,-1.76491861024424,1.3060868127907,-0.813358424734684,-4.21305731379725,2.48581367147166,NA,NA,-114.430864334256,38.8383413992471
432,-4.44391765810953,-7.40556139897963,-1.63347701657456,-0.245609696312291,-1.71875361964113,1.20285491491391,-0.675070024392321,-3.91926601166149,2.50056897559658,NA,NA,-113.287134549627,39.0050231809484
433,-4.60231401504685,-7.3701443700544,-1.96692584717033,-0.262289240136696,-1.6061448563851,1.06154704150972,-0.564127287057741,-3.58192350165614,2.39744012775938,NA,NA,-112.138316914213,39.1611262238652
434,-4.93104896379397,-7.32062577499031,-2.67183187804098,-0.143509975700724,-1.1584549336671,0.950038038002383,-0.462249235304568,-3.06460934455905,2.02008394665234,NA,NA,-110.984716291787,39.3065802889194
435,-4.96318501005532,-7.52815618740091,-2.60050997471495,-0.24429371051687,-1.44817124586441,0.965329908974919,-0.327952705285835,-3.18357013484169,2.55609543920855,NA,NA,-109.826648326472,39.4413270905346
436,-5.35145411560638,-7.81020260676279,-3.13346201583476,-0.444979567079896,-1.51601714006209,0.561701586551159,-0.584842721518299,-3.04927359180855,1.86769160478199,NA,NA,-108.664425877166,39.5652914364816
437,-4.98777741135499,-7.12225044493759,-3.03933002056818,-0.616616902279292,-1.33102010526803,0.0648182179265346,0.272376251861629,-1.92727356942861,2.49454001343841,NA,NA,-107.498379620196,39.6784269898166
438,-3.94520920006315,-6.09181469142151,-1.81720785240243,-0.608750724689244,-1.23511820396154,0.0485118733870374,1.87015901823576,-0.871424483496286,4.57958010306949,NA,NA,-106.328849223869,39.7806861639027
439,-5.93285274800415,-8.53623803100526,-3.66800684134681,-0.599032736674545,-1.20439934362161,-0.0486307379626616,-1.62630697672188,-3.51456500037755,0.182573788037029,NA,NA,-105.156164121953,39.8720145010301
440,-5.5056822686847,-8.40068468867194,-2.87717548992633,-0.426068196710894,-1.69214685640989,0.820672694928744,-0.737515046067223,-3.63180247739118,2.11723096135056,NA,NA,-103.980677204383,39.9523738001415
441,-5.33142168348675,-8.34426990950591,-2.57059905610076,-0.385112964466633,-1.805434830371,1.02220401382386,-0.61004867581994,-3.78635019967615,2.55066812212516,NA,NA,-102.802738668306,40.0217208316808
442,-5.2645808588214,-8.35705685338315,-2.42113450248449,-0.39383318626208,-1.89994712205815,1.09176481950527,-0.648521345047217,-3.97509832055468,2.66210355195171,NA,NA,-101.622700582812,40.0800264655784
443,-5.25449839701987,-8.39257852579934,-2.35758021089931,-0.418289765603774,-1.97620806052344,1.1188851860299,-0.727797645056826,-4.17127965482782,2.70043162354536,NA,NA,-100.440924837769,40.1272612847441
444,-5.26465326841905,-8.4588000177367,-2.34500298740774,-0.447229261495935,-2.04389649197451,1.12029259872478,-0.802285949813084,-4.3122546298652,2.69583153965804,NA,NA,-99.2577747951668,40.1634055044929
445,-5.28931664814561,-8.51892588593552,-2.30654970128699,-0.476299801728453,-2.10653254306154,1.10104426427614,-0.864238856279519,-4.43938949548659,2.66423825175415,NA,NA,-98.0736130638335,40.1884389212326
446,-5.31981459563805,-8.60083744015964,-2.31477128847707,-0.508112021389403,-2.14445962040282,1.08161947439383,-0.932939471934199,-4.54226410525433,2.64602776372167,NA,NA,-96.8888070694395,40.2023503597627
447,-5.34769830308976,-8.66049163561966,-2.33736743505342,-0.540431648608369,-2.20652742788512,1.08537860046463,-1.00460129422276,-4.65818074947103,2.61180171034054,NA,NA,-95.7037246441612,40.2051329417067
448,-5.36342244223434,-8.69029218659521,-2.34423053068279,-0.569273848572275,-2.25769553112638,1.06865786809934,-1.09440218740023,-4.80312024520874,2.53613388035965,NA,NA,-94.5187325079532,40.1967870721733
449,-5.37522193095464,-8.72642384951762,-2.33676593382868,-0.595804993957228,-2.30947013074747,1.07433243413725,-1.18423414124888,-4.97242726931049,2.4756532766175,NA,NA,-93.3342014057342,40.1773131918377
450,-5.36866258022595,-8.75235243369659,-2.29546751280913,-0.619149828344127,-2.37054535176564,1.07356088905473,-1.27543223041525,-5.07143747835376,2.3694798131598,NA,NA,-92.1504974387415,40.1467208385896
451,-5.34864680265295,-8.71633640304006,-2.28033613249297,-0.641437065998066,-2.41383424293002,1.07175960861411,-1.35919604781057,-5.18933886527318,2.33219906034467,NA,NA,-90.9679923341251,40.1050265786383
452,-5.31432021919231,-8.69636356476111,-2.22102162929451,-0.662900348140763,-2.45559612899702,1.07382721319685,-1.43017156921536,-5.32036225886548,2.32428433248424,NA,NA,-89.787043447119,40.0522523996091
453,-5.27086846379697,-8.6666627213742,-2.14498538587816,-0.684188315617451,-2.49624368669608,1.07055739636105,-1.4769606857559,-5.42298505907143,2.31734042960126,NA,NA,-88.6080093209986,39.9884213180666
454,-5.20934706026925,-8.60604455457162,-2.06446801094943,-0.705042134532246,-2.54090007240003,1.05635068375674,-1.50955789772007,-5.48160474990547,2.33429023822395,NA,NA,-87.431250321447,39.913563387544
455,-5.12632112003245,-8.53269216869549,-1.97514022824202,-0.7260885659925,-2.58020069966838,1.04897388771048,-1.51743477684225,-5.55547339391511,2.35937950841547,NA,NA,-86.2571201639262,39.8277180118406
456,-5.03320329503735,-8.4523423996532,-1.86091435120299,-0.742676101049307,-2.61413120918688,1.04643732388334,-1.49456741765775,-5.58539181594876,2.4285167079389,NA,NA,-85.0859688685511,39.7309164528084
457,-4.94317692167899,-8.38468553476426,-1.77827725021275,-0.765736144521019,-2.65397615049172,1.01725231748915,-1.45261613866833,-5.55786690241593,2.50158420081893,NA,NA,-83.9181388324194,39.6232115518933
458,-4.83757425156327,-8.26766425257845,-1.64208396780772,-0.793086648211596,-2.67760273052824,0.988938205921271,-1.38701841251428,-5.53110469411808,2.59653734468444,NA,NA,-82.7539664461255,39.5046515597834
459,-4.72279129020582,-8.16294738213226,-1.52496127867116,-0.823531085523941,-2.72977484045665,0.990884114989806,-1.32160839807331,-5.47772376632195,2.70362334274589,NA,NA,-81.5937793077488,39.3752901198459
460,-4.59473069253539,-8.01973404265665,-1.40144001784372,-0.851552551833397,-2.77396182866838,0.970171659921878,-1.2513096065216,-5.41867877874907,2.80724517357624,NA,NA,-80.4379043381719,39.2351846493327
461,-4.45507994169219,-7.8877131540645,-1.25969927575511,-0.878936992316693,-2.80897320375473,0.951994510168541,-1.17767257215202,-5.35951756455659,2.92114535050866,NA,NA,-79.2866582266095,39.084399215757
462,-4.31181713270655,-7.76624341893798,-1.0956255644343,-0.901983028067736,-2.8483540791141,0.957030535787184,-1.11315666755339,-5.34976566328986,2.99990199207106,NA,NA,-78.1403458907661,38.9229990413948
463,-4.16453162604093,-7.6609766250072,-0.898434125508177,-0.915763988224579,-2.90537316644291,0.976757094344028,-1.06778406757929,-5.35803815788457,3.12209617514731,NA,NA,-76.9992644478365,38.751053696057
464,-4.03870049927661,-7.59392719251736,-0.672354035562651,-0.921563713992621,-2.96271680531014,1.03237104799623,-1.03659951723322,-5.51200881820965,3.27733563006421,NA,NA,-75.8637108585641,38.568638201777
465,-3.97032918013847,-7.81740518117188,-0.32730516891889,-0.921229997285701,-3.12716058767065,1.18450626880275,-1.01176547686522,-5.82512028209032,3.66026547202296,NA,NA,-74.7339714696923,38.3758256984646
466,-4.30577328457294,-8.52790243136178,-0.222326417330999,-0.0429860725839947,-2.27180700665804,2.16198104196436,-1.18429477907159,-6.09947978068466,3.61932137941991,NA,NA,-121.963316797246,36.5227297641207
467,-4.32746304291114,-8.22749639512965,-0.600448440557193,-0.0498038026642217,-2.07233461813118,1.94931431898343,-1.17566030764393,-5.62321045091084,3.17695473980204,NA,NA,-120.874579671004,36.7586500509818
468,-4.34816121751074,-8.06218027685644,-0.800708399889799,-0.0623734261157397,-1.97519655223546,1.83017209450007,-1.15642256044322,-5.3808781277167,2.94954493941927,NA,NA,-119.779122344335,36.9846443508705
469,-4.36935569940724,-7.97048488251903,-0.943991287029766,-0.0805824707648065,-1.92226348331457,1.74524022134476,-1.12802026183904,-5.19674496245403,2.802376548242,NA,NA,-118.677173928102,37.2006086078164
470,-4.39740678261672,-7.89036158761217,-1.07170272333522,-0.102738806094303,-1.89219212141187,1.65933378819014,-1.09840458368764,-5.02585878017637,2.69463241489286,NA,NA,-117.568969347457,37.4064704640047
471,-4.43663545211606,-7.83554072218517,-1.21373721323183,-0.125989654567871,-1.85450360332772,1.56948391673261,-1.06610669005148,-4.85800684997521,2.59566256215409,NA,NA,-116.454763068425,37.602159059994
472,-4.4892041853374,-7.78817034959926,-1.36298416921784,-0.150511047009752,-1.81966447145782,1.49031330854677,-1.01175728398781,-4.66806486004008,2.52562355816578,NA,NA,-115.334821629858,37.7875907063225
473,-4.5609121448036,-7.73521184667062,-1.54376413692868,-0.165985888659453,-1.77005014116921,1.42263119737453,-0.935186962616307,-4.47630551244857,2.47625609311297,NA,NA,-114.209402997868,37.9626925335056
474,-4.67530258354312,-7.74437799045839,-1.76511689068769,-0.174494379049498,-1.70252496926358,1.34335328184742,-0.875437126834712,-4.3125467247025,2.43850204822599,NA,NA,-113.078793489228,38.1273911027606
475,-4.86432537739013,-7.82848720967968,-2.09649412005914,-0.168380790181496,-1.6181419668948,1.27482800111526,-0.845760212141958,-4.12816011608516,2.36325292810688,NA,NA,-111.943272280348,38.281622014064
476,-5.12787245258034,-7.97445463849017,-2.47715349975653,-0.129602348920999,-1.46900332531709,1.21271533082827,-0.875941115284107,-3.98859523460825,2.18181316765501,NA,NA,-110.803140045422,38.4253197327179
477,-5.42800286820642,-8.2234838551275,-2.90369190814995,-0.148952576546967,-1.40800710175371,1.12980218911817,-1.02372492957616,-4.06104562339368,1.94259773223885,NA,NA,-109.658693064788,38.558423728445
478,-5.97200208851782,-8.42432877330701,-3.82570745623327,-0.242147101001729,-1.12323462519557,0.726743484983016,-1.46216825760495,-4.1714652357708,1.01553772234729,NA,NA,-108.510246384219,38.6808734741312
479,-6.47771685215649,-8.80815150326715,-4.5390359952549,-0.655262464680482,-1.25990191982548,-0.147385962858569,-1.85445312822361,-4.16553130219818,0.376964492800438,NA,NA,-107.358107471698,38.7926179451893
480,-5.57071581434297,-8.06735530486416,-3.20350642350469,-0.54775246721707,-1.18614254770026,0.071524440165948,-0.870716691258909,-3.0448788877717,1.10586652439858,NA,NA,-106.202606631269,38.8936110471824
481,-5.89601333375057,-8.77638141772084,-3.27605323139615,-0.239739683957355,-0.826739238434687,0.362989795781993,-0.975663339692028,-2.88227674375471,0.836712003585554,NA,NA,-105.044072025927,38.9838054906408
482,-5.60431694351432,-8.60522631010676,-2.87809909450596,-0.316916055637013,-1.60428320178845,0.962642533364519,-0.903631626655927,-3.89349765484246,2.02520480318282,NA,NA,-103.882833972763,39.063159676498
483,-5.45029961768657,-8.52461618060281,-2.61221520550011,-0.345665162161685,-1.8016444142421,1.07307347192264,-0.833909200441951,-4.09980595709231,2.39642904460165,NA,NA,-102.719230463248,39.1316384707988
484,-5.36822478806923,-8.54351245503795,-2.4818351442986,-0.373106414405112,-1.90724904879121,1.13033478628969,-0.820518551960624,-4.24800126236935,2.56506512437158,NA,NA,-101.553605201575,39.1892102475581
485,-5.33080361457919,-8.54648725193118,-2.38965986357005,-0.401515921193268,-1.97634635887215,1.15204590717768,-0.846814481815601,-4.37654393191827,2.65643312040148,NA,NA,-100.386305270081,39.2358501161527
486,-5.318257934064,-8.55770990658163,-2.33751554324569,-0.428478173088042,-2.04112887166903,1.16402431690854,-0.900885479961321,-4.48022509207408,2.65427350287684,NA,NA,-99.2176799101368,39.2715368784843
487,-5.31827164646768,-8.59154144787049,-2.32585154877487,-0.458430668863861,-2.1058884926111,1.15384340017344,-0.94412375427565,-4.57034250429327,2.62441846682232,NA,NA,-98.0480803590827,39.2962534340166
488,-5.3231275642982,-8.63948960666076,-2.29580979052106,-0.495166569421554,-2.15965926593834,1.13229060258754,-0.997106348353334,-4.65201304059294,2.63927820841807,NA,NA,-96.8778602753395,39.3099892385922
489,-5.33445042192648,-8.67495054363574,-2.29484914687156,-0.524734514954908,-2.20573327264727,1.11897551133589,-1.05914906942042,-4.8060194564476,2.61516316745775,NA,NA,-95.7073739921315,39.312736656183
490,-5.34093239790594,-8.71483937362149,-2.27042983216429,-0.554351611569908,-2.25135316675345,1.10876323157273,-1.12537788190665,-4.91872429622626,2.57060463211124,NA,NA,-94.536975812285,39.3044948614665
491,-5.33931048880659,-8.74858740248852,-2.25822959954345,-0.580194272155573,-2.31377212854225,1.1049733247606,-1.19847552945505,-5.06278167366964,2.52448674786471,NA,NA,-93.367019578954,39.2852677919423
492,-5.33052292590659,-8.74077869547899,-2.20481016236897,-0.606243469221519,-2.36592611804366,1.0922081892577,-1.27301552694213,-5.16831198387438,2.481106061032,NA,NA,-92.1978615363494,39.2550630413775
493,-5.31119416431677,-8.74927393805932,-2.17652055421554,-0.632777338362149,-2.42023602191995,1.09319749096085,-1.33912308351365,-5.26033224720396,2.42479463273206,NA,NA,-91.0298572592328,39.2138964848205
494,-5.27430195171181,-8.73775134607809,-2.12144805114434,-0.659103123735129,-2.46943278925302,1.08442758242797,-1.39682351384908,-5.36374015352697,2.43322204311332,NA,NA,-89.8633544742128,39.1617860665734
495,-5.22597885249599,-8.70614683405338,-2.0564441673624,-0.682142718529461,-2.5174209451226,1.08207173610921,-1.43420801512598,-5.45581985921827,2.42594190634487,NA,NA,-88.6986950427581,39.0987594942317
496,-5.16950700220831,-8.61806561943352,-1.98387052430663,-0.70058572126086,-2.54598414482611,1.08115873691014,-1.45724866577798,-5.52309478911786,2.43826102684595,NA,NA,-87.5362327291951,39.0248355889654
497,-5.0954750659551,-8.56698779745312,-1.89683819580308,-0.720776596822136,-2.5947432982957,1.07042216825389,-1.4609440432789,-5.59557408788723,2.48869655833255,NA,NA,-86.3763011353176,38.9400578804009
498,-5.01598059771173,-8.48278393735825,-1.79583255122976,-0.741677408304101,-2.63253694714942,1.06139092831528,-1.44314825548377,-5.57674378364099,2.55610173447158,NA,NA,-85.2192398083647,38.844460273732
499,-4.93291179048372,-8.41739326558819,-1.69367886614152,-0.765315665430021,-2.66584152898675,1.0342454340556,-1.40979230903672,-5.58245704258148,2.61364439892834,NA,NA,-84.0653801095545,38.738083711298
500,-4.83912753535778,-8.3179235669017,-1.59851992285599,-0.789456224995569,-2.69913025158144,1.02520880229997,-1.36441953858518,-5.54944195325146,2.67242724595981,NA,NA,-82.9150496017059,38.6209788255593
501,-4.73584993355927,-8.23174985199478,-1.47507636631453,-0.814348658143336,-2.74955363486121,1.00665979879294,-1.30837436139678,-5.51730845492341,2.81328420518443,NA,NA,-81.7685622955321,38.4931948041475
502,-4.63072632233887,-8.12657910029614,-1.36746599964375,-0.837311552552935,-2.79368119775426,1.01155410382199,-1.25789587955446,-5.52051426204405,2.89205818516148,NA,NA,-80.6262337606023,38.3547878664613
503,-4.51202356385268,-8.02711394584209,-1.23334707222034,-0.860028016992533,-2.84051020001885,1.00893415244533,-1.20250753936781,-5.48990258719894,3.00287432111736,NA,NA,-79.4883728759915,38.2058182537914
504,-4.39617020527741,-7.9462550149329,-1.06613391862399,-0.881069628071707,-2.90635574735863,1.02656463442285,-1.14940531786085,-5.48492751105453,3.10852702586016,NA,NA,-78.3552703640717,38.0463448601077
505,-4.28875704713527,-7.89769785808888,-0.900553994612589,-0.894833835273429,-2.95829922477178,1.05482963103873,-1.10903697852582,-5.5894678260923,3.24700752810401,NA,NA,-77.2272208587285,37.87643549677
506,-4.20581036784799,-7.95531892874038,-0.689159258729562,-0.902367018318183,-3.0384282209255,1.13445811512077,-1.07992617048087,-5.73562277670362,3.44954346792005,NA,NA,-76.1045034109448,37.6961609191856
507,-4.15497506032858,-8.169082167049,-0.331406951297243,-0.904380080168996,-3.19300992881282,1.28408564444239,-1.05671862424045,-6.07152672783554,3.85256542375192,NA,NA,-74.9873987742512,37.5055916781847
508,-4.34632676351341,-8.8993131051878,0.0658092407085672,-0.0542804327745658,-2.4865073583848,2.35174657217587,-1.18798480822315,-6.57401778185831,4.0606707544798,NA,NA,-121.662638085093,35.6625308438152
509,-4.38546408791783,-8.34320008300801,-0.558858765594105,-0.0641795775721888,-2.15293323368988,2.00081099950813,-1.18375774800811,-5.79693853503858,3.27092414155964,NA,NA,-120.58533287474,35.8959078141616
510,-4.41835105622783,-8.20812548805863,-0.800160467740369,-0.0731243416041542,-2.04207819981943,1.88252409634468,-1.16811927034743,-5.52495046185857,3.05075350720584,NA,NA,-119.501521961124,36.1194344555924
511,-4.45250534809081,-8.11651429274207,-0.958616906152315,-0.0874920135702515,-1.98344182866459,1.78601313023832,-1.1491819483158,-5.32948707495743,2.91813157073728,NA,NA,-118.411436232228,36.3330276026651
512,-4.49610588380155,-8.08484816808827,-1.10747072937383,-0.101492673745579,-1.94351993120669,1.71568191621556,-1.13204770010172,-5.17657159415404,2.779078227403,NA,NA,-117.315303694894,36.5366063417174
513,-4.54768806458845,-8.02938405508719,-1.2350515171882,-0.113421200284818,-1.89401117693327,1.63845214444185,-1.11025637271047,-5.04703440579176,2.68016446076934,NA,NA,-116.2133725082,36.7300989226248
514,-4.61691823175615,-7.97747224822572,-1.4152870965129,-0.123970828297198,-1.83228210065327,1.55659361188729,-1.07845169224025,-4.87298314178181,2.56619225841095,NA,NA,-115.105896338569,36.9134261328976
515,-4.71113916264918,-8.00927778719849,-1.6097951436405,-0.127425886545987,-1.77918799430226,1.49798471224131,-1.0404109519166,-4.72977119494652,2.51616700401456,NA,NA,-113.993137669056,37.086526449283
516,-4.84491668353895,-8.05026955309419,-1.83997589404967,-0.121703714713298,-1.70152203863452,1.45276940168505,-1.02891470294242,-4.60759767013735,2.44439208407042,NA,NA,-112.875360805283,37.2493280291278
517,-5.04203182295597,-8.16001394345789,-2.15507135296521,-0.106131265124044,-1.62763093136192,1.40738530958215,-1.05764765242448,-4.51812635317336,2.30465648621311,NA,NA,-111.752845455242,37.4017670620493
518,-5.29962725483175,-8.35393253222034,-2.49961001563253,-0.0576422805043445,-1.48732935585646,1.36996830534228,-1.16798577234476,-4.47319523377927,2.06945706494787,NA,NA,-110.62587640612,37.5437825048112
519,-5.65815502768787,-8.61804694404015,-2.98336816089237,0.02208367451341,-1.25725871053672,1.33025766699606,-1.42438840633691,-4.58079033174961,1.60197018937462,NA,NA,-109.49474479043,37.6753176673013
520,-6.22494431390699,-8.98225144409018,-3.77351445791531,0.235931178836492,-0.48155413022572,1.08731037167227,-1.94631054730842,-4.73964554916637,0.54798872665783,NA,NA,-108.359753418836,37.7963175306898
521,-5.79356426755453,-8.26881946695374,-3.56623698319227,-0.574647497635948,-1.11152136856231,-0.0956598639356902,-1.94651088970803,-4.61519147987904,0.46121580354771,NA,NA,-107.221201750999,37.906729199834
522,-5.47682379488342,-7.98082200893164,-3.3132713666847,-0.324602248273328,-1.06748257072468,0.448773789036847,-1.47241065274941,-4.19757436033655,0.943745644376845,NA,NA,-106.079403702253,38.0065108227328
523,-5.66701662017094,-8.59069728440043,-3.01752847475075,-0.229717426985014,-1.44392297044496,0.993210014933349,-1.21811690534227,-4.17342499139942,1.66940427099514,NA,NA,-104.934684147493,38.0956200471449
524,-5.59204989575968,-8.65258723450216,-2.7900898456109,-0.261850017384343,-1.64762742098265,1.11428162800915,-1.07596541837048,-4.30861767090341,2.09583623787313,NA,NA,-103.78735330854,38.1740155516912
525,-5.50097805542242,-8.64730643626772,-2.58619533420822,-0.303034814884912,-1.79737584577884,1.17349214563451,-0.997314637172097,-4.41680802506916,2.34500465716639,NA,NA,-102.637745435024,38.2416599587625
526,-5.42479130150886,-8.6439025840456,-2.48305421342982,-0.342793716939947,-1.8954958243907,1.18944156061593,-0.966952661495406,-4.49995317933915,2.5062696784092,NA,NA,-101.486185949486,38.2985307288224
527,-5.37975270890806,-8.6448693650792,-2.39274964514801,-0.37941812139772,-1.98894372517316,1.19279891790636,-0.963802243661101,-4.57936153090964,2.57978868920424,NA,NA,-100.333011826432,38.3446012177633
528,-5.35467190512783,-8.65001545172593,-2.3224745798817,-0.41145036326193,-2.05883088054352,1.20597932509464,-0.987138198351912,-4.66635824601113,2.6362098907369,NA,NA,-99.1785602223057,38.379851189393
529,-5.33841674299301,-8.70214207517537,-2.30017848950652,-0.444858761857055,-2.1047623782192,1.19286009521024,-1.01559075301879,-4.72315916243644,2.63351669503106,NA,NA,-98.0231689990501,38.4042651351409
530,-5.33306627121024,-8.71284670036519,-2.24403124558513,-0.480209822933675,-2.16308069402741,1.183613224034,-1.05699142179582,-4.81512964043168,2.63057197155864,NA,NA,-96.8671796584544,38.4178319140735
531,-5.3288945083525,-8.72974359333467,-2.24771213216876,-0.509685210446316,-2.20002810728098,1.16078289879442,-1.10636716734349,-4.9212495920591,2.61547562300228,NA,NA,-95.7109328012382,38.4205468639626
532,-5.32317251869201,-8.7786821790217,-2.20613209784133,-0.540774625812438,-2.2564873972251,1.14997876433335,-1.15782406046146,-5.00391350490895,2.61745320546611,NA,NA,-94.5547730329334,38.4124052219911
533,-5.31373987499474,-8.76790699489375,-2.17997176180129,-0.565962782780409,-2.31229647456636,1.14004183130685,-1.21855920609789,-5.13530993251236,2.5842886567136,NA,NA,-93.3990396329599,38.3934131075646
534,-5.29870984370831,-8.78283765548974,-2.13580029163809,-0.591070323345377,-2.37128953090947,1.14356241891746,-1.27446965641805,-5.24303498100456,2.53909598031448,NA,NA,-92.2440747815653,38.363578337748
535,-5.27504407556164,-8.7664558533175,-2.08138831028406,-0.623735887384912,-2.42744624464965,1.12353632527419,-1.33281815823054,-5.31134928022024,2.4913618594407,NA,NA,-91.0902207445828,38.3229155180324
536,-5.24045131190891,-8.75127264898686,-2.04262678073974,-0.651004321127551,-2.48158324163654,1.10594638254315,-1.37765229173484,-5.42316450703718,2.52565502228624,NA,NA,-89.937814287283,38.2714405142085
537,-5.19585162460612,-8.71315979163153,-1.98592410932422,-0.673653836244553,-2.53368212635401,1.10379973952632,-1.4024312918788,-5.4994897809687,2.5547582714054,NA,NA,-88.7871865883385,38.2091795679962
538,-5.14062908172653,-8.67340259316909,-1.90074311125066,-0.693500108781463,-2.57493934769748,1.0906512743445,-1.42014053718411,-5.57199530555738,2.57284984754159,NA,NA,-87.6386757528329,38.1361525051646
539,-5.07659963938528,-8.60699084991109,-1.82607845171938,-0.717036854023898,-2.60959099257256,1.09600246765868,-1.42738517194629,-5.59835543438125,2.58177625309631,NA,NA,-86.4926073540341,38.0523977996748
540,-5.00294080430819,-8.56120863733524,-1.74799600578447,-0.737079146722804,-2.65936543835616,1.07566332465154,-1.41198306288546,-5.61999432445961,2.6436537490792,NA,NA,-85.3493065114026,37.9579486932014
541,-4.9293666905904,-8.47214562291563,-1.63749669163885,-0.7638789806355,-2.70335465753231,1.05858198792899,-1.38978386795246,-5.60673902949125,2.69493172574039,NA,NA,-84.2090954411049,37.8528455052283
542,-4.84223073583518,-8.38661236150461,-1.55777492579224,-0.784734937408677,-2.73614019814727,1.06504923213427,-1.34863350539369,-5.62720863468559,2.75145140811905,NA,NA,-83.0722855019255,37.737133194436
543,-4.76185447203272,-8.32164824511369,-1.45218111044657,-0.806843372033603,-2.77467324624518,1.04044395257671,-1.30323903030421,-5.63568166929749,2.87945431029118,NA,NA,-81.9391860941472,37.6108595901945
544,-4.67029911749863,-8.23968527808806,-1.32889864093453,-0.829029623288859,-2.82319963972551,1.05543149298389,-1.25884238471649,-5.61830629030867,2.95496478314937,NA,NA,-80.8100992716109,37.474078655353
545,-4.57329968795333,-8.16922994375768,-1.21704685918418,-0.849093893626938,-2.88362087882712,1.06190038494121,-1.21418425253809,-5.62700677323941,3.05031790124083,NA,NA,-79.6853184209332,37.3268448504166
546,-4.48092810373856,-8.11909814689959,-1.07654944587775,-0.867541198527873,-2.93171207986745,1.09680218858612,-1.17213527234157,-5.66504182749205,3.20268602414177,NA,NA,-78.5651377299824,37.1692169128821
547,-4.3917321724709,-8.13552453987419,-0.88785153386297,-0.878484541068038,-2.99272781923017,1.13279545605419,-1.12990904551935,-5.78176259535517,3.38137379866267,NA,NA,-77.4498330833081,37.0012570112371
548,-4.32288246063572,-8.17904141604259,-0.683231932132387,-0.886909080833919,-3.08444348842097,1.21546712047928,-1.09914621774035,-5.92770896284367,3.61819576300048,NA,NA,-76.3396773005736,36.8230338616193
549,-4.28471629297474,-8.4469757809808,-0.351832863643962,-0.887622564095965,-3.25800557747383,1.38386855587141,-1.08446459546912,-6.2926576201907,3.97585709475837,NA,NA,-75.2349523677552,36.6346159610231
550,-4.46589500463609,-8.63507985385272,-0.459167513168312,-0.0785534638414678,-2.30761511310779,2.12033451795742,-1.18792391120709,-6.03896156236234,3.5144306529163,NA,NA,-120.302590776607,35.0319080612148
551,-4.49497594622475,-8.38231374849133,-0.778705564123474,-0.0802167911397975,-2.12782467763622,1.96468709607749,-1.18663773984558,-5.70782951229123,3.18459265649472,NA,NA,-119.230199494328,35.253077098854
552,-4.53090421911733,-8.28914759324602,-0.945188470773388,-0.0901802163983515,-2.05463351247812,1.85877484581787,-1.17892178942622,-5.50144419795271,3.00709422459289,NA,NA,-118.151738936509,35.4643909262371
553,-4.57922248749334,-8.24903405068146,-1.09989772260931,-0.101114984500779,-1.99644822831692,1.76579450461854,-1.16259209052032,-5.34413327513019,2.88073881140727,NA,NA,-117.067438641068,35.6657758068516
554,-4.64073903731117,-8.20057795229906,-1.27747779847026,-0.0988127564242237,-1.9223486671243,1.69123204242177,-1.143662337048,-5.17907855527115,2.74198488933448,NA,NA,-115.9775300731,35.8571589949447
555,-4.71938213959331,-8.18238520957492,-1.45036550822096,-0.09962093029466,-1.8642521322696,1.63603362805007,-1.13336800273084,-5.04336645925652,2.65262698471356,NA,NA,-114.882266614617,36.0384807480857
556,-4.82611040018269,-8.22770572708027,-1.65629382833138,-0.0987483907209133,-1.79561035492996,1.58178915444566,-1.12813598358491,-4.94502531905279,2.53071531229978,NA,NA,-113.781889418405,36.209661329931
557,-4.95628976598694,-8.28029245271748,-1.86173496739059,-0.0862915708855568,-1.71574693772976,1.53592465197033,-1.14109183153486,-4.83586005176384,2.45696691959064,NA,NA,-112.676670132679,36.3706439340947
558,-5.14105339505752,-8.38764498356667,-2.14086052424552,-0.0623801429842233,-1.62914515573417,1.50132044103496,-1.19517998263535,-4.78781907574508,2.27601412145413,NA,NA,-111.566874236892,36.5213650906732
559,-5.37704488607342,-8.56955238780565,-2.46516787070711,-0.0153233360903976,-1.50408761179779,1.48549297225404,-1.31242949681843,-4.78205960980019,2.0598188913598,NA,NA,-110.452777127526,36.6617694629001
560,-5.689406521962,-8.7998949937652,-2.87701504668231,0.0625314439980664,-1.30438337517613,1.44620280799146,-1.54193251625334,-4.75520442302135,1.55185674809574,NA,NA,-109.33466178757,36.7918036274834
561,-6.12414815849911,-9.03606371894428,-3.5354213380165,0.195967035255917,-0.837312343410957,1.26007268426203,-1.92988352463081,-4.34432442874024,0.323104114523342,NA,NA,-108.212816832847,36.9114129398742
562,-6.42403304694985,-9.23845378323516,-3.99828972700237,0.413603247737051,-0.368263278719672,1.34427574462881,-1.99407573793668,-4.92032653300478,0.664823856654488,NA,NA,-107.087542286182,37.0205493451879
563,-5.89216202817954,-8.63822788317335,-3.56772599312723,0.127551805933731,-0.741534121944897,1.20623442044537,-1.57271327368322,-4.72942942352019,1.44746308799418,NA,NA,-105.959132755568,37.119170536019
564,-5.70820141119278,-8.73342762193541,-2.95213463117354,-0.0961503639806903,-1.42241014215777,1.24347228774333,-1.34380705296196,-4.64553949535214,1.86274333556684,NA,NA,-104.827902891441,37.2072367968329
565,-5.60375377336805,-8.74537667983425,-2.72505329952204,-0.201820032834902,-1.65938331924478,1.25037146830799,-1.19881756284576,-4.65750886286397,2.1471228868853,NA,NA,-103.694155486083,37.2847171399654
566,-5.51742539254229,-8.73691479166312,-2.54790391534088,-0.267108815057804,-1.80642469035733,1.25141078995841,-1.11529195788122,-4.67673618739223,2.34702433995801,NA,NA,-102.558210832804,37.3515676833009
567,-5.44628424490968,-8.72105018823898,-2.43659921836692,-0.317117268589959,-1.90962587794407,1.24897755863016,-1.06682274207046,-4.69932002970626,2.52096823915578,NA,NA,-101.420382928987,37.4077669518579
568,-5.39998323370332,-8.72506696299136,-2.35271729801369,-0.360636656038221,-1.99213967084498,1.23770670373928,-1.04984422653814,-4.76505247795303,2.60017340532647,NA,NA,-100.280996301427,37.4532960064895
569,-5.37367920111642,-8.77242626187706,-2.30118867903857,-0.397167313686917,-2.06511323579766,1.23802802777626,-1.05371076954992,-4.83452311616276,2.64819618414161,NA,NA,-99.1403803655908,37.488127794232
570,-5.34584166969398,-8.77458254733787,-2.2229573835932,-0.433865586659032,-2.12809072567513,1.22781492204635,-1.07616644983454,-4.87332542220213,2.6698289080837,NA,NA,-97.9988566265981,37.5122514357631
571,-5.3314500753763,-8.77748744886624,-2.19179651182941,-0.468133011265004,-2.18212434446911,1.21030067786136,-1.10366222729746,-4.93563973899834,2.6742478775029,NA,NA,-96.856758037379,37.5256561411825
572,-5.32123648270308,-8.78406803187198,-2.17022826624491,-0.501484799055125,-2.2234778509084,1.19801982477514,-1.13896282368666,-5.01964451520453,2.6561147276155,NA,NA,-95.7144128201398,37.5283384001339
573,-5.31214252606295,-8.78985780078897,-2.16484974098882,-0.529121215759364,-2.26997792069922,1.19311855638051,-1.18280612240147,-5.14167159962871,2.67049225643877,NA,NA,-94.5721440592926,37.5202937895389
574,-5.29827694388078,-8.77807798837375,-2.10593041985094,-0.556182255283469,-2.33055184392871,1.18101008059627,-1.23545904920735,-5.23324318511599,2.60227033002116,NA,NA,-93.4302899326995,37.5015272369665
575,-5.27927420312897,-8.78720464298001,-2.05887847649602,-0.580611787804928,-2.38309092147427,1.16772701993202,-1.28106606217634,-5.33173098636341,2.57151882456792,NA,NA,-92.2891787158639,37.472046992223
576,-5.25037174397274,-8.79726868243194,-2.01937838248562,-0.611536838174714,-2.44676683715114,1.15541272386964,-1.32523493777713,-5.41735865797248,2.57690969794868,NA,NA,-91.1491373682446,37.431866867467
577,-5.21940730292928,-8.78345926761745,-1.97921369130263,-0.640836157820649,-2.49400311126613,1.14304621238312,-1.35741229946683,-5.45237711175598,2.5859594257702,NA,NA,-90.0104907932009,37.3809994378495
578,-5.17628950988697,-8.74834359574768,-1.92157502514084,-0.665041678569015,-2.54975558716247,1.13234711762983,-1.37593693484386,-5.54807965405137,2.61636607380072,NA,NA,-88.8735629644813,37.3194699063328
579,-5.12046225053765,-8.71907634666898,-1.85533059030989,-0.68888917194761,-2.60511045823964,1.12746112923841,-1.38620359764101,-5.59144641508148,2.6521856172242,NA,NA,-87.7386760931953,37.2473004911942
580,-5.06308456027276,-8.68200283664591,-1.76634342505653,-0.712487808421395,-2.64356756258786,1.11510167236494,-1.39687738901446,-5.63878838384919,2.67139888814511,NA,NA,-86.6061456296575,37.164524450563
581,-4.99597716657109,-8.60064228005596,-1.66952168923393,-0.732763939258732,-2.68700003032616,1.10552870478431,-1.38983248721297,-5.6771648070573,2.71956810756359,NA,NA,-85.4762862507707,37.0711745439806
582,-4.92690548541195,-8.55196515421705,-1.59396613191267,-0.756601091304735,-2.72838882987147,1.1028375109109,-1.37161727091049,-5.6839669113452,2.75888008252677,NA,NA,-84.3494084272059,36.9672917375404
583,-4.85712318735059,-8.49029795122737,-1.50276186900605,-0.783254954747031,-2.77698525443879,1.09188358909648,-1.34346768246206,-5.70135161446296,2.81576240593992,NA,NA,-83.2258116661339,36.8529122762995
584,-4.78804041353454,-8.41783166276112,-1.4223723155318,-0.805817273395038,-2.82023747960804,1.08504897624893,-1.31060597062505,-5.73263113222304,2.92954004441915,NA,NA,-82.1057962855944,36.7280855142713
585,-4.70812462778322,-8.33760129905986,-1.32607990851253,-0.824378523176312,-2.85356066176078,1.10172849608078,-1.26778718120128,-5.74247678237144,3.06983949000566,NA,NA,-80.9896553568726,36.5928588630763
586,-4.62702671051011,-8.29209447368365,-1.20681073941502,-0.842460595636222,-2.90925045835707,1.11266651136058,-1.23244552891531,-5.77129107376062,3.15393082551599,NA,NA,-79.8776732937981,36.4472883764282
587,-4.54442230534769,-8.28638459132835,-1.04324410782557,-0.855964703824646,-2.96673538167783,1.16529277648876,-1.188982084245,-5.8192454575886,3.31038855374281,NA,NA,-78.7701306682196,36.2914295214887
588,-4.46270283628001,-8.29968628042634,-0.840697108474918,-0.868369538739294,-3.05285507427223,1.20991819930863,-1.14957085554472,-5.95527997996876,3.51101447373195,NA,NA,-77.6673005161407,36.1253403081565
589,-4.40360276543831,-8.38396670620439,-0.637518880899121,-0.872664779729467,-3.14677241285402,1.29993131621851,-1.1204471574326,-6.14020571490334,3.74669784870165,NA,NA,-76.569445967277,35.9490790398563
590,-4.36884221073645,-8.70773484646836,-0.24127699409655,-0.876036369673587,-3.34985681600403,1.495210394516,-1.11185896143995,-6.55021372138948,4.16002398830578,NA,NA,-75.4768283533307,35.7627187035339
591,-4.52645235202584,-8.88026163315242,-0.346041260071674,-0.0822732574220628,-2.41825349349082,2.24562613264409,-1.1911640638536,-6.33356055155321,3.76954769781405,NA,NA,-120.02613654133,34.1664962429658
592,-4.55148548733327,-8.56833203605716,-0.683648940051579,-0.0828991644442629,-2.23059898160687,2.05821873401433,-1.19002071452446,-5.88196242408463,3.35328043022992,NA,NA,-118.964949047009,34.3854061396851
593,-4.59126074625356,-8.47525983935159,-0.89388113610493,-0.0886624788084736,-2.12454812399005,1.92870132168765,-1.18809754332514,-5.64541301815027,3.11784786632184,NA,NA,-117.897888054186,34.5945337015146
594,-4.65015632560041,-8.40204535309709,-1.09220615858441,-0.0942789571889801,-2.05007479125953,1.82556296010854,-1.18410299144475,-5.52901022873406,2.95348492606613,NA,NA,-116.825177471489,34.7938141247035
595,-4.71710079220969,-8.36052464303716,-1.282903466096,-0.085619418796667,-1.95730619747118,1.76368133400424,-1.17373989426527,-5.37857283341727,2.82116220617964,NA,NA,-115.747047988938,34.9831808868647
596,-4.80436190817099,-8.36916563208748,-1.45629702383978,-0.0802444771708728,-1.88541524357498,1.70551963160617,-1.18141943892207,-5.24658371527098,2.69788348972514,NA,NA,-114.663736271027,35.1625657203732
597,-4.91270370243504,-8.43229056280738,-1.67282525993077,-0.0752441231072901,-1.81721396757363,1.64735137753664,-1.1946465654547,-5.14496175090532,2.61279730841085,NA,NA,-113.575486327155,35.3319114580904
598,-5.0364635946662,-8.47025467239889,-1.88141803827286,-0.0631417150936506,-1.7402555712732,1.60852829472063,-1.22147853870209,-5.05918560574446,2.4928479372543,NA,NA,-112.482556777768,35.4911508855669
599,-5.19452413928785,-8.54853620679323,-2.0866572826057,-0.0430680014222524,-1.66471096218986,1.57537542380834,-1.26518212816669,-5.01512495529271,2.34912478196522,NA,NA,-111.385204137064,35.6402291144279
600,-5.3843689176501,-8.68542025757301,-2.36040875381868,-0.00856831871653832,-1.5762130140948,1.56045892813119,-1.35727560144925,-4.98700904231597,2.1617916365409,NA,NA,-110.283695559501,35.7790906685353
601,-5.60873751395231,-8.87569540538779,-2.66716811367726,0.041528655110735,-1.43743082742184,1.53757051329575,-1.49623284770843,-4.98598116640819,1.85930568447366,NA,NA,-109.178307857342,35.9076846356341
602,-5.83631234421676,-9.01038740053814,-2.98615663413966,0.100990840958694,-1.27592089803717,1.50506999180029,-1.64870786776209,-4.95828704018855,1.50625523529723,NA,NA,-108.069316837298,36.0259633119086
603,-5.95296594050367,-9.06774872087353,-3.14232213615104,0.147537748005992,-1.17598341070498,1.51409771999246,-1.66389918476081,-5.01680501648913,1.53122173535357,NA,NA,-106.957014864548,36.133879337387
604,-5.80950013441404,-8.91025576450278,-2.99493985596221,0.0459269649599605,-1.29996218731922,1.441566217134,-1.50792166118302,-4.92532382490731,1.80544597325794,NA,NA,-105.841689149214,36.2313911468949
605,-5.68559403637676,-8.86593726758917,-2.76298129579949,-0.0801283765695962,-1.52371347792626,1.37651993241028,-1.37136354205875,-4.86644944108064,2.03439609626281,NA,NA,-104.723636010913,36.3184629216187
606,-5.59007994571571,-8.82410837613531,-2.6109387755307,-0.175058366008675,-1.69937008629853,1.33461010947366,-1.25904497972038,-4.85033596536497,2.25274082873572,NA,NA,-103.603156184361,36.3950594861517
607,-5.517119826559,-8.80915310154094,-2.48291512100909,-0.243890678444129,-1.8375883281945,1.32069911662765,-1.18942819880513,-4.86301793328674,2.38894051067337,NA,NA,-102.480554240713,36.4611501488424
608,-5.46255683365202,-8.78766794394626,-2.3771522583366,-0.299870356910298,-1.94311265427735,1.30810495207797,-1.14645617773804,-4.87347985963349,2.4876368517272,NA,NA,-101.356139402595,36.5167115383577
609,-5.41827900100505,-8.79865559020224,-2.30552869493793,-0.345495494114521,-2.01989474526507,1.29376339908254,-1.11903542295959,-4.9430922617061,2.6117313329639,NA,NA,-100.230217342821,36.5617170529393
610,-5.38409296097078,-8.83042428111862,-2.23948998076203,-0.386109052847433,-2.07867698131394,1.27934475076117,-1.10802398469899,-4.97477806945606,2.64545209584931,NA,NA,-99.1031081466468,36.5961508838878
611,-5.35585650740847,-8.82744223313819,-2.18439457954627,-0.424203800783441,-2.1511860682721,1.26159645735092,-1.11945759836424,-5.01689482923077,2.70300440294492,NA,NA,-97.97512382986,36.6199978976237
612,-5.33512166925972,-8.85568394912319,-2.14527668023472,-0.459957519137589,-2.19617713661179,1.25247754592346,-1.14542679520651,-5.09452443166831,2.7093478721297,NA,NA,-96.8465832366941,36.6332474968347
613,-5.31818530645837,-8.8344239846464,-2.13266179300948,-0.489495145358732,-2.24982433219128,1.24073585542451,-1.17384933600363,-5.17494133415317,2.71047460961036,NA,NA,-95.7178054313627,36.6358950864565
614,-5.30714458127388,-8.84096814297586,-2.11129369552692,-0.517403865535559,-2.29433955610626,1.22531056519024,-1.21268911516379,-5.23934862133058,2.70086422113225,NA,NA,-94.5890993693622,36.6279457447866
615,-5.28905643120721,-8.83095781436005,-2.07904014216396,-0.545061326734691,-2.34167840555519,1.21239487632701,-1.24860106026659,-5.33188912880798,2.66403562053406,NA,NA,-93.4607988549087,36.6093969291428
616,-5.26117513529341,-8.81424032625049,-2.01239516128248,-0.570637057950279,-2.37761326243524,1.18706914947346,-1.28083125094725,-5.39595450573639,2.63884490261413,NA,NA,-92.3332113962127,36.5802555949369
617,-5.23269182081237,-8.81614657095591,-1.94466535696918,-0.603321875613721,-2.46051011210672,1.17200122348603,-1.30991118745191,-5.43399690211085,2.65633719736248,NA,NA,-91.2066571253456,36.5405345975734
618,-5.1980889354165,-8.79863751572056,-1.89884576840115,-0.632598649571042,-2.52209588929733,1.17063418904414,-1.33587969360544,-5.52466089998614,2.68737072885727,NA,NA,-90.0814490964747,36.490251352068
619,-5.15856230064694,-8.7955799504097,-1.8394978829072,-0.65868176650835,-2.5577956270284,1.17117872689896,-1.35803987320899,-5.58012834113387,2.70857109690849,NA,NA,-88.9579002873176,36.4294205043187
620,-5.10722825955803,-8.74792148784822,-1.77426771812911,-0.683196812387018,-2.61781537555419,1.15225160594417,-1.36867847110217,-5.60188851768005,2.74806161166848,NA,NA,-87.8363208121425,36.3580733327893
621,-5.05433131955949,-8.71583725851609,-1.6916251719964,-0.704961498807373,-2.65086260406192,1.14310065249323,-1.37455019899588,-5.6871946163734,2.78734104709541,NA,NA,-86.7170145279256,36.2762347558494
622,-4.99803005489465,-8.69510947409944,-1.64227078292041,-0.727543336088874,-2.69883995327133,1.13706536194164,-1.3725140210385,-5.73946156167717,2.81443523615635,NA,NA,-85.600287763351,36.1839370134053
623,-4.93744728968476,-8.62825178378571,-1.52753042853581,-0.756677556452122,-2.74654358103633,1.1261117756141,-1.36141502505516,-5.77014065564786,2.85091753196414,NA,NA,-84.4864366967876,36.081218143254
624,-4.87334534797435,-8.59151968464167,-1.44742721855556,-0.779133064171542,-2.7960097320938,1.13408292157505,-1.33919699867308,-5.81956514606578,2.93686155459219,NA,NA,-83.3757543007893,35.9681156892377
625,-4.81001074920883,-8.50711220417793,-1.36367106365343,-0.799765396607638,-2.8537718577971,1.13009446339612,-1.30518553821633,-5.79614506652278,3.04265798869099,NA,NA,-82.2685305541749,35.8446742725125
626,-4.74460198984181,-8.44065283520409,-1.27676675263639,-0.817279102804079,-2.90956142925774,1.14576024350651,-1.2744517556918,-5.85460976969967,3.15865772151088,NA,NA,-81.1650469273391,35.7109377876521
627,-4.66779409091643,-8.40231469868387,-1.17470823084477,-0.833749953228669,-2.94527219142343,1.16649477536126,-1.24338669713644,-5.86487471275696,3.24241145846901,NA,NA,-80.0655817732434,35.5669609294259
628,-4.59912398646401,-8.41049041842475,-1.00220980752596,-0.847312323817929,-3.02081005368392,1.21331383826292,-1.20400534712982,-5.9224546664523,3.38475034315192,NA,NA,-78.9704081276645,35.412796109555
629,-4.53167825366756,-8.4791107601447,-0.814485652630242,-0.856580386341674,-3.11802134525615,1.28982495365836,-1.16722870695692,-6.09964379177287,3.64903334737412,NA,NA,-77.8797851380037,35.2484958376365
630,-4.46897999810033,-8.62282866474399,-0.526588154059753,-0.866716178392411,-3.23161960276704,1.40282609292711,-1.14226722285869,-6.35806000093865,3.93034017546499,NA,NA,-76.7939731044321,35.0741222988729
631,-4.41782125901837,-9.11108726144585,0.0449192133344057,-0.869508152487058,-3.54110789405102,1.69537048530148,-1.12160064303359,-6.99495747955894,4.59063372680745,NA,NA,-75.7132230142061,34.8897383052878
632,-4.56516520566875,-9.28939884668695,-0.0386094456570778,-0.0822540960096382,-2.63207268786433,2.44834134095235,-1.20253917833995,-6.79035288900903,4.26592680539366,NA,NA,-119.755767711857,33.2995266771737
633,-4.60119905614961,-8.8314317954602,-0.561536537533219,-0.0811312468641171,-2.34333444399244,2.15158179616319,-1.19928650172876,-6.10019647298466,3.61130960657958,NA,NA,-118.705572132918,33.516262079008
634,-4.6463134994459,-8.67284424895285,-0.810719776412118,-0.0852763699022081,-2.20948473782584,2.00140570114667,-1.19670038042391,-5.85586806120475,3.2990785374958,NA,NA,-117.649689716217,33.7232936288822
635,-4.71299600560474,-8.60183795581083,-1.0378164702158,-0.0863823316950245,-2.10887189124992,1.88809007764845,-1.19902157356398,-5.65032394455944,3.09747973068921,NA,NA,-116.588339544561,33.9205553561383
636,-4.78859296865003,-8.54034272901701,-1.2472471730351,-0.081094836007383,-2.0031014736155,1.82281028681551,-1.20964690907352,-5.54099189817785,2.9277051047174,NA,NA,-115.521748159785,34.1079848738004
637,-4.876975351724,-8.53951361120922,-1.43566761203432,-0.0714932746846164,-1.92131397733433,1.75400473999517,-1.22482364273424,-5.4052926050157,2.80423821104857,NA,NA,-114.4501433785,34.2855219466443
638,-4.97155239355267,-8.56558509114343,-1.62086278377927,-0.062340515650906,-1.85033114752547,1.70875775701369,-1.23632607761017,-5.32883121421146,2.71204745600053,NA,NA,-113.373766698282,34.4531033661059
639,-5.08683175452971,-8.61246700169183,-1.83666210658503,-0.0491722765747476,-1.78088193371148,1.67916297260364,-1.26112233481296,-5.23327185934468,2.6004026373669,NA,NA,-112.292865879915,34.6106732761876
640,-5.2209770611532,-8.67255791992505,-2.02656539011074,-0.0333907709199678,-1.72301642311242,1.6477519600137,-1.30930875169801,-5.22913983399289,2.45056371961781,NA,NA,-111.207687031943,34.7581768218737
641,-5.3664443820133,-8.76685755867046,-2.24861510438698,-0.0165815622075755,-1.66585163855391,1.62598702839362,-1.36721082683632,-5.18605690612361,2.34579526326049,NA,NA,-110.118495266948,34.8955608956508
642,-5.52649197510698,-8.91454428051047,-2.47083359325749,0.00612437982692776,-1.57568878465896,1.60364298952759,-1.4377960928782,-5.15733642421376,2.1550588362157,NA,NA,-109.025554704559,35.0227765030052
643,-5.66588982295034,-8.99849678757519,-2.64393620413064,0.0282409010220842,-1.50288440725348,1.56735262185413,-1.49897234231546,-5.12852356093535,1.99811617020789,NA,NA,-107.929135090049,35.1397781586986
644,-5.73288425975485,-9.00820555240029,-2.74330613377889,0.0289444442785894,-1.47781541327874,1.54557871445944,-1.50605043412673,-5.09796047276956,1.96683938538497,NA,NA,-106.829513440832,35.2465236306665
645,-5.69746348580028,-8.97011256183004,-2.70545120457943,-0.0253562193096227,-1.54428861514666,1.49016261194045,-1.44616442002285,-5.08171544083896,2.08642420114993,NA,NA,-105.726972594357,35.3429738755778
646,-5.63239598540276,-8.92617989945175,-2.59452437528694,-0.100102964101986,-1.6529644289244,1.45927594212581,-1.37024849834396,-5.04170777994052,2.18588766379409,NA,NA,-104.621798300476,35.429092902366
647,-5.56805849171406,-8.90305531589621,-2.46928233070843,-0.173257211185784,-1.76644607990955,1.39857058048264,-1.29221805570967,-5.01965713205731,2.35232536371506,NA,NA,-103.514280052647,35.5048478297149
648,-5.5051901852343,-8.85582148964509,-2.37882166505487,-0.237165271146826,-1.87129522904836,1.37275849848178,-1.23456396509891,-5.02827667561865,2.46048326411539,NA,NA,-102.404712979181,35.5702117788851
649,-5.46031122007219,-8.86634257247925,-2.30894847298301,-0.289058954981804,-1.96905734356609,1.33954292437254,-1.19704463994541,-5.05230186380115,2.56090714310716,NA,NA,-101.293394757491,35.625156518245
650,-5.41869353515931,-8.87413583197733,-2.21628315837473,-0.335445243851546,-2.04300676974778,1.34173977181686,-1.17399329167935,-5.08708450517147,2.62822945938205,NA,NA,-100.18062547812,35.669663486866
651,-5.38741459642231,-8.89390082137297,-2.17552024618172,-0.378663248513146,-2.11702749459108,1.30251471609274,-1.15916604093627,-5.11504863470233,2.68904379336197,NA,NA,-99.0667079701669,35.7037145552923
652,-5.35849381622287,-8.89337773853378,-2.14426470972826,-0.416798232223258,-2.17452859265351,1.29706005155791,-1.15988497440936,-5.14009277119338,2.72225827179585,NA,NA,-97.9519459884714,35.7272963047346
653,-5.33548891645561,-8.8884547602265,-2.09169596945276,-0.45206158768643,-2.22004516001569,1.28456042073011,-1.17656824052083,-5.18912121593175,2.73527826489436,NA,NA,-96.8366480045183,35.7403992996318
654,-5.3144584132408,-8.87875712423352,-2.07613417422668,-0.483699830616325,-2.26609952843319,1.27418688685317,-1.20383948688953,-5.24326023667001,2.73198588116139,NA,NA,-95.7211160345087,35.7430163204157
655,-5.29642302860632,-8.88622300155773,-2.05390496244379,-0.50940839019868,-2.29635515570385,1.25608856976623,-1.22975295144036,-5.30024718245319,2.72141792330979,NA,NA,-94.6056610064898,35.7351583636162
656,-5.27769425185205,-8.85862546735344,-2.0121198929946,-0.538075700840719,-2.36428148529029,1.23878841725136,-1.25641490043313,-5.40184993826051,2.74138409882446,NA,NA,-93.4905895765965,35.7168133598825
657,-5.25416786484353,-8.88660205127935,-1.9726678889234,-0.562343652819862,-2.39769044488649,1.22663757721937,-1.2830467942966,-5.44983120897904,2.73379356417362,NA,NA,-92.3762127222775,35.6879946515624
658,-5.21999003933308,-8.84957399114751,-1.88433032286049,-0.593303406340051,-2.46980382564264,1.20018345429853,-1.30792577084187,-5.53053630130081,2.73438414398184,NA,NA,-91.2628300138707,35.6487141854069
659,-5.18163589403652,-8.85646489381373,-1.83008965206165,-0.622826788530002,-2.52800150650781,1.20004081587295,-1.33033346603634,-5.58992584856201,2.77432255897449,NA,NA,-90.1507477421055,35.5989898372738
660,-5.1446389939779,-8.83513814006502,-1.75172970422683,-0.652301814748763,-2.58394307928679,1.19600649829422,-1.34631837206687,-5.62947272920531,2.76241853942676,NA,NA,-89.0402678671287,35.5388307555967
661,-5.09780696533216,-8.79918719070309,-1.69401729183611,-0.676707256036491,-2.62840514482488,1.17608632641728,-1.35385140187081,-5.67883166777014,2.8141538477184,NA,NA,-87.9316871575939,35.4682688985767
662,-5.05155854238009,-8.77947460210433,-1.62285453635188,-0.699347408389604,-2.66988193982435,1.16783440176239,-1.36187748679239,-5.73941938053481,2.85585034395978,NA,NA,-86.8253040844332,35.3873275624262
663,-5.0018701407419,-8.75930606752132,-1.57170035358205,-0.721375408118278,-2.7251646865087,1.15872465708743,-1.36036188758694,-5.78626105613357,2.90323691037085,NA,NA,-85.7214097162494,35.2960391411054
664,-4.94942819217605,-8.71548531336894,-1.48700889344935,-0.749971766412214,-2.77194295635321,1.15257926760534,-1.3527268110394,-5.86251194241494,2.96091839648608,NA,NA,-84.6202929301209,35.1944357417502
665,-4.89423738989223,-8.67055326078452,-1.4036717996446,-0.772771837458704,-2.82432680583285,1.1583921113508,-1.33976259595993,-5.89914191836328,2.99208711792106,NA,NA,-83.5222368547706,35.0825561825678
666,-4.835835988095,-8.61808012980465,-1.31862799891637,-0.794286478609822,-2.88467128462076,1.17194798450705,-1.31281313216123,-5.91146116552734,3.11312893676243,NA,NA,-82.4275225235468,34.9604413945872
667,-4.7762560044334,-8.53962596532759,-1.23332054788738,-0.811595051778396,-2.92818374979599,1.18273588468618,-1.28342448102537,-5.95021974237362,3.23059720977684,NA,NA,-81.3364211947235,34.8281313360714
668,-4.70959393241154,-8.55851563877273,-1.10747545774139,-0.826785414748923,-2.9855212937869,1.22192042835467,-1.26161158473621,-5.97767938643717,3.34310633267461,NA,NA,-80.2492034789188,34.6856809849614
669,-4.65076707794768,-8.60173610549735,-0.931938344563467,-0.838443374696661,-3.06102037790556,1.28324830634353,-1.2221793888385,-6.08256056883983,3.57197285417752,NA,NA,-79.166132768045,34.533139454012
670,-4.58760067285056,-8.70843509459694,-0.72826341626042,-0.847751105238772,-3.18635293870251,1.38488936991191,-1.18894994512142,-6.27921848937913,3.84278498093811,NA,NA,-78.0874581116755,34.3705582313875
671,-4.52774741016978,-9.12584361808849,-0.179239058286214,-0.855003409220874,-3.4834473484647,1.64954431207866,-1.1671217833139,-6.89269651495852,4.44458281313776,NA,NA,-77.0134395853254,34.1979912013965
672,-4.64221692102271,-9.35406398526031,-0.105665859789674,-0.0803385971649056,-2.62260600627735,2.43580762448399,-1.19956660533756,-6.74513753806435,4.22796748621688,NA,NA,-118.45187810382,32.6454945275466
673,-4.68684570165841,-9.02258326489903,-0.563491954727979,-0.0833177161578959,-2.3866723833007,2.19086803147187,-1.20280508051594,-6.25334910906707,3.67521665265237,NA,NA,-117.40695980481,32.8505123765459
674,-4.77201329897909,-8.85329379645115,-0.962656292067512,-0.0789284754386869,-2.1817866677039,2.00359626853446,-1.22684673101163,-5.92039726167436,3.31009421825723,NA,NA,-116.356749393639,33.0458373349885
675,-4.84623288999342,-8.78291189855894,-1.1432415415018,-0.0745106348673743,-2.08165897934771,1.91653667825528,-1.24466695059907,-5.75982929799776,3.09943042303998,NA,NA,-115.301460360369,33.2314089515716
676,-4.929346689301,-8.73334574856685,-1.36308767774058,-0.0655808994383938,-1.98881485287858,1.82443759702185,-1.25596851337836,-5.62375176109808,2.90270788175188,NA,NA,-114.241326933326,33.4071729217273
677,-5.01240259728337,-8.72997422965696,-1.56114475886366,-0.0536407356762783,-1.90475376378037,1.783706737979,-1.26619413805657,-5.49849692634037,2.80466926054347,NA,NA,-113.176576341102,33.5730659529794
678,-5.11322221074956,-8.77467511767754,-1.77810400846898,-0.0436717299770577,-1.84846960956402,1.74163974563754,-1.284391705447,-5.40540864841972,2.6991808267515,NA,NA,-112.107448416824,33.7290335441835
679,-5.23327469942351,-8.81645047717559,-1.98023959187782,-0.0325402363904122,-1.80262210654992,1.72271294160721,-1.31635811754013,-5.3817277620958,2.58358005729826,NA,NA,-111.034188507601,33.8750260438921
680,-5.34538897555937,-8.86165792928198,-2.12994227979837,-0.025589190090453,-1.74632446500316,1.68291050262708,-1.36121311875171,-5.34696376967173,2.50576787429812,NA,NA,-109.95704579015,34.0109928229485
681,-5.46033322858686,-8.94762814931953,-2.27052686271068,-0.0191352184783876,-1.69085875047809,1.64939646453757,-1.39803868209943,-5.27940855556635,2.36043902966349,NA,NA,-108.87627972884,34.1368883865764
682,-5.55410356474247,-9.0069085365032,-2.39299214998572,-0.0202825889247674,-1.6460319505341,1.61803842630219,-1.41952389630368,-5.27258825668236,2.30228872787278,NA,NA,-107.792152551364,34.2526687772856
683,-5.60780409181058,-9.01061793346524,-2.47257802795798,-0.0333904182792676,-1.65516978494878,1.59536628781874,-1.42211608165781,-5.23235421262102,2.24234627822211,NA,NA,-106.704932526035,34.3582941498966
684,-5.61082498700303,-9.0314446809435,-2.48545459456998,-0.073714224169639,-1.70038204069228,1.54660760403478,-1.39923737695724,-5.24630682916434,2.28546546499469,NA,NA,-105.614890091814,34.453727140488
685,-5.57648997869733,-8.99453834900937,-2.40154285944371,-0.128747229218104,-1.76391233251256,1.50514453450513,-1.35322585221545,-5.2207504570645,2.35947540708783,NA,NA,-104.52230422908,34.538933848633
686,-5.53587240696274,-8.93855278942631,-2.34253809510099,-0.186468746798871,-1.84778616865084,1.46338454223041,-1.30642649245852,-5.18918824845035,2.48429454402869,NA,NA,-103.427455278723,34.6138832306841
687,-5.48853223699002,-8.92893337383692,-2.29823368352347,-0.240652719801047,-1.92873133243378,1.41313858165817,-1.26295674809502,-5.16165627223254,2.5502435185131,NA,NA,-102.330623434408,34.6785483650452
688,-5.45114976727641,-8.91167356985772,-2.21470452107585,-0.286965581845263,-2.00492653103596,1.39455734462266,-1.2299532570429,-5.16773073107263,2.65535843900496,NA,NA,-101.232102292344,34.7329055858472
689,-5.41843556685034,-8.91010462795309,-2.16736761317519,-0.331661712640307,-2.07793122116389,1.36451301965293,-1.20571214744594,-5.20271245603504,2.69599580122918,NA,NA,-100.132180812428,34.776934091496
690,-5.38732635255413,-8.93587461181906,-2.12459473656025,-0.374818740611411,-2.15210052327135,1.34607322737289,-1.1931636142248,-5.22778991986177,2.74724461617586,NA,NA,-99.0311502260404,34.810617880447
691,-5.36185467914205,-8.9312106413075,-2.08230918037731,-0.412868335068852,-2.20719807300393,1.33213910089583,-1.19269093019658,-5.24948295046574,2.78549902347975,NA,NA,-97.92930558465,34.8339467558551
692,-5.33560209157438,-8.92631442422245,-2.0343050991072,-0.445800584569458,-2.25014377044071,1.32471914058297,-1.20153949997835,-5.29991399341161,2.79275309836157,NA,NA,-96.8269397009582,34.8469100101894
693,-5.31157756270081,-8.95137168527521,-2.00700982733578,-0.478219392060334,-2.31105940953254,1.3114099586431,-1.2229606703043,-5.36299798061481,2.80664605837557,NA,NA,-95.7243493341121,34.8495025793325
694,-5.29138252643758,-8.92251814832332,-1.98182687176368,-0.505370704693944,-2.34346899284999,1.27776463129415,-1.24002914173592,-5.41924355537071,2.82112856229529,NA,NA,-94.6218373027716,34.8417249776994
695,-5.26728888522714,-8.9093126021716,-1.91882547356152,-0.533679600873997,-2.41464578379644,1.26682943997567,-1.26892185698408,-5.47748672232341,2.79347236788766,NA,NA,-93.5196944964226,34.8235763143187
696,-5.24305208687286,-8.92227643981455,-1.90029441537665,-0.55939041141598,-2.44780742269787,1.25340379127388,-1.29004686844468,-5.53930624036127,2.79634968626147,NA,NA,-92.4182197555327,34.7950682171791
697,-5.20724209382413,-8.9145251778175,-1.82596101435568,-0.587119151811719,-2.48915035488474,1.23320367457421,-1.31167803857631,-5.61464211473786,2.79023448021665,NA,NA,-91.3177039649991,34.7562112546357
698,-5.17302843166556,-8.90622302449391,-1.73887206448588,-0.617666826784061,-2.54114090415056,1.22511701259008,-1.3293558393279,-5.67151246824196,2.83289022398299,NA,NA,-90.2184444734102,34.7070151933426
699,-5.14030698167478,-8.9033812232297,-1.68596909004114,-0.648675098525763,-2.6034540490238,1.2114171240379,-1.33786624647289,-5.68853164701054,2.84831549950536,NA,NA,-89.1207337749995,34.6475014862421
700,-5.09480823314427,-8.88741834916415,-1.63836720490867,-0.674725002326614,-2.65358021247122,1.21670880650215,-1.34166840176284,-5.75266382792084,2.86959067893478,NA,NA,-88.024857612169,34.5776921517986
701,-5.05230145152258,-8.85906599280773,-1.55510343052241,-0.699899867568708,-2.70604057168046,1.18484422156297,-1.34625318795422,-5.81259161563268,2.97409758665989,NA,NA,-86.9311042062443,34.4976107173387
702,-5.00397445710263,-8.82643225181824,-1.47323684506458,-0.7219871907096,-2.75629945772891,1.20062538361716,-1.34806997157644,-5.86918953163065,3.00598003972182,NA,NA,-85.839752487359,34.407286264616
703,-4.96330421406096,-8.81926424474312,-1.41743812670381,-0.744306787274058,-2.80421009405903,1.19340377309426,-1.34389140133211,-5.92193717472368,3.05702199395956,NA,NA,-84.7510872429644,34.3067544618372
704,-4.91191955012859,-8.75961158672163,-1.35979134916105,-0.768107369095918,-2.85559863523439,1.19887750239868,-1.33707463483908,-5.9962075483214,3.11586535053877,NA,NA,-83.665379114307,34.1960440521244
705,-4.86324197219855,-8.75729049738872,-1.27639890056725,-0.786385543443463,-2.90790422943358,1.22098554765449,-1.31060635644364,-6.04056422279021,3.24244807218589,NA,NA,-82.5828997212192,34.075199436067
706,-4.80649416247579,-8.68305256282783,-1.18677111697042,-0.800116499323115,-2.97780578271317,1.2471037594266,-1.28432292182025,-6.07884094576852,3.3325433170212,NA,NA,-81.5039127201187,33.9442609078414
707,-4.75060495337498,-8.6955168767369,-1.04411905423111,-0.817225870791677,-3.04872887325112,1.27663659010356,-1.26241349270634,-6.13130413149088,3.48044360146929,NA,NA,-80.4286797769703,33.8032753325303
708,-4.69368361968562,-8.78338447480798,-0.833555391584984,-0.828719907526021,-3.15692641401717,1.37932794899337,-1.23637732332808,-6.31140509513427,3.75236157384183,NA,NA,-79.3574530661827,33.6522892252346
709,-4.63580888612884,-9.20727948804194,-0.328068419978348,-0.837901630367648,-3.44667229336478,1.63163147723472,-1.20995602145507,-6.85405741466171,4.35379760440333,NA,NA,-78.2904822660197,33.4913521980324
710,-4.8296568359874,-9.47989876472711,-0.439193854129391,-0.0735180744791848,-2.48907370252655,2.33115731771641,-1.2476241067604,-6.65481137028757,4.0000417899673,NA,NA,-116.130230750013,32.1695014344233
711,-4.88259042608237,-9.12664369167521,-0.870296936939091,-0.067917793374174,-2.25278403684375,2.10897635763407,-1.25777601315651,-6.1717876190611,3.50623555554109,NA,NA,-115.086026396862,32.3532940133539
712,-4.97709536265669,-8.96835671168846,-1.23776656487741,-0.0590855665806988,-2.07407924537739,1.95606215149929,-1.27521718256256,-5.87279876031121,3.17399446294324,NA,NA,-114.037128939674,32.5273552020581
713,-5.05514816297923,-8.94157159810346,-1.43712798136003,-0.0495295624640789,-2.00262336873235,1.8969821198829,-1.2838446355323,-5.74388167569595,3.0012576936577,NA,NA,-112.983764859903,32.6916276112211
714,-5.14893950768574,-8.90528709094611,-1.69559304065902,-0.0424280903132769,-1.9228770833136,1.84163548150195,-1.29559266923303,-5.62865874118221,2.864421277602,NA,NA,-111.926168334523,32.8460595126934
715,-5.24695820792429,-8.96023787800723,-1.84868671567728,-0.0364889137822341,-1.88248858559693,1.8130837436794,-1.32353302334511,-5.57888223953688,2.76165407004705,NA,NA,-110.864572364379,32.9906041233626
716,-5.33847046231607,-9.00289015012974,-1.99148020197565,-0.0337382663471169,-1.83808200257406,1.75815233755893,-1.34606730860432,-5.48266081917348,2.65471179094118,NA,NA,-109.799223026468,33.1252140281523
717,-5.42060694749458,-9.0505226709807,-2.10431178683526,-0.0374258060503689,-1.79533711184399,1.71868634038791,-1.36957979001268,-5.43882305666392,2.5596970236097,NA,NA,-108.730369715669,33.249844224397
718,-5.49218334902884,-9.06667598940824,-2.21978176851677,-0.0490572548472462,-1.77662417778946,1.68550398953353,-1.38251676361472,-5.41141355333445,2.49524248959838,NA,NA,-107.658266697578,33.3644545195476
719,-5.53610666881172,-9.04929324277799,-2.2752211377825,-0.0711257432154667,-1.7843934274295,1.65139741281449,-1.3860062510176,-5.38402117823813,2.47466449259489,NA,NA,-106.583171959116,33.4690053726413
720,-5.54705847845739,-9.06593951912171,-2.2916460568005,-0.106358823863992,-1.81845151056896,1.59123748306215,-1.37055820320368,-5.37086365186887,2.52789126566642,NA,NA,-105.505352049694,33.56346401548
721,-5.53539554389283,-9.060617209759,-2.24667941990745,-0.149845994962338,-1.87972640401313,1.55263757177841,-1.34327498365317,-5.34945282082986,2.52835997878225,NA,NA,-104.42507354702,33.6477969462214
722,-5.50743284953896,-9.03903008053155,-2.22635248151674,-0.199385464315256,-1.94016419817335,1.50754441342213,-1.30750668881521,-5.32126451955561,2.60058643615772,NA,NA,-103.342606611435,33.7219742727259
723,-5.4736381662082,-9.01294804723515,-2.18117997434901,-0.247719692635446,-2.00990556545401,1.47801004180122,-1.27697343602298,-5.3319455900482,2.66781053085998,NA,NA,-102.258226119147,33.7859720689396
724,-5.43837563966382,-8.96520397177981,-2.13464218973506,-0.289091466336281,-2.05904011447979,1.44254816557117,-1.25425348095454,-5.34613868288813,2.7402760868576,NA,NA,-101.172213041616,33.8397649411581
725,-5.41140398459651,-8.97819248952214,-2.08060591258801,-0.335349973698153,-2.13266572605544,1.40372573304636,-1.23688868600199,-5.36424778736131,2.79767822354152,NA,NA,-100.084846390624,33.8833355318816
726,-5.3788927463178,-8.99106887669747,-2.03675264285256,-0.375654656231669,-2.18787888754697,1.39178105245588,-1.21800389845332,-5.39599675711895,2.82240223778842,NA,NA,-98.9964083694874,33.9166691178214
727,-5.35270711404151,-8.97451828668382,-2.01779155498432,-0.41017904399402,-2.23824854500768,1.37192368043014,-1.22090192219841,-5.41477029362145,2.84751161610912,NA,NA,-97.9071824929901,33.939754932982
728,-5.33562830699197,-8.98068701370857,-1.98056127949088,-0.439623532698418,-2.29195353748503,1.37497911961087,-1.22599005304636,-5.45448968077778,2.89265896483544,NA,NA,-96.8174544661051,33.9525817632668
729,-5.31515897966984,-9.00466199495887,-1.94625691104677,-0.472697952001257,-2.34406857970639,1.34599994164741,-1.23558074085784,-5.46890525726798,2.87902427895961,NA,NA,-95.7275124988413,33.9551473713053
730,-5.28924850300405,-8.96474708827659,-1.90200623239156,-0.500885446969043,-2.38078494204842,1.30762806573023,-1.23870251110336,-5.49806736838077,2.87015245557299,NA,NA,-94.63764199485,33.9474503011663
731,-5.26559018626896,-8.97821214064396,-1.86531543427897,-0.528230269551443,-2.43509924341714,1.29522692850498,-1.25781251415812,-5.55005016751827,2.87903436872631,NA,NA,-93.5481296996546,33.9294924632574
732,-5.23993536920856,-8.97601258863906,-1.80160866025067,-0.555572454000804,-2.47575724735781,1.28450709555322,-1.28162761743571,-5.60315165665325,2.86971181603993,NA,NA,-92.4592613667222,33.9012813130538
733,-5.20327367880888,-8.97812256465916,-1.73801466707228,-0.582230954700981,-2.51602818542013,1.26113409356746,-1.30293509302341,-5.69547480193153,2.91274999479676,NA,NA,-91.3713215710726,33.8628277041948
734,-5.16744662262067,-8.97498775586357,-1.6727007433633,-0.612683550158573,-2.57063879253431,1.24997341090237,-1.32475116502024,-5.74991394141712,2.92288736680132,NA,NA,-90.2845950296556,33.8141422577973
735,-5.13728875620975,-8.96986161216085,-1.61851205127457,-0.643611820324981,-2.64172125271902,1.24692739459563,-1.32978229584649,-5.77835933902016,2.94304644585767,NA,NA,-89.1993638320021,33.7552444966108
736,-5.09978091705295,-8.96622526572532,-1.57349900703616,-0.672002561871962,-2.68820978314283,1.23802827504611,-1.32922709647224,-5.8215281843683,2.97608794043698,NA,NA,-88.115904597508,33.6861566115233
737,-5.05868435240415,-8.93448937816396,-1.50365466714748,-0.696582634565907,-2.74927625553645,1.2297825520926,-1.33604433640852,-5.91448015240439,3.04829473538266,NA,NA,-87.0344967314845,33.6068980030177
738,-5.01272614393361,-8.91616755696476,-1.42667443955143,-0.720184397667233,-2.78663763586938,1.21979387797671,-1.33611763855571,-5.95058229736255,3.13666010856122,NA,NA,-85.9554133753244,33.5174985457128
739,-4.97243467585065,-8.90889589314832,-1.36697731299977,-0.743635982151326,-2.84162982571,1.24319144657731,-1.33352908359064,-6.03011933261242,3.15728574837083,NA,NA,-84.8789235527341,33.4179901108821
740,-4.92604653830966,-8.86373956092823,-1.25820870028641,-0.763361898817704,-2.89321492772758,1.25817967482,-1.32874424237114,-6.07857944808353,3.23751954239602,NA,NA,-83.8052919528626,33.3084027135569
741,-4.88080694429246,-8.84557361370368,-1.17818612113345,-0.780181100923181,-2.95425738368055,1.27867928108539,-1.31289402042831,-6.16968917504767,3.35703576024424,NA,NA,-82.7347821525948,33.1887769558534
742,-4.84258018068527,-8.82627745227849,-1.10342694006457,-0.792984000463026,-3.03361354237907,1.31035409474725,-1.29480895132974,-6.25065302920529,3.49287849087721,NA,NA,-81.6676503377851,33.0591513414736
743,-4.79954360087053,-8.90598126971086,-0.951971054235424,-0.807122042829323,-3.11609897711512,1.35676683928088,-1.28193853803352,-6.36700274474585,3.63837833368307,NA,NA,-80.6041452859298,32.9195670750299
744,-4.74355217690859,-9.33779292585482,-0.457569653475962,-0.819911652620474,-3.40838436048659,1.64066621961192,-1.25346950252852,-6.90910061049598,4.25177742265843,NA,NA,-79.5445171782623,32.7700708955299
745,-5.02711111883158,-9.63050921964964,-0.705461658282911,-0.0527136731568959,-2.42773586741948,2.32703474244139,-1.28415588102635,-6.60803352071115,3.88851673223093,NA,NA,-113.837394306416,31.6459049480797
746,-5.08594073824677,-9.32266522107136,-1.13197930884051,-0.0479013120882373,-2.20446969404876,2.11363595307121,-1.29628095114033,-6.21445983714456,3.41199446631504,NA,NA,-112.795190412232,31.8086231276158
747,-5.18027625177409,-9.16273841394199,-1.49491219446131,-0.0442993172200186,-2.06565942593125,1.96580035370864,-1.30198805114124,-5.92588578615447,3.10662739685378,NA,NA,-111.748883872014,31.9615829387714
748,-5.2628832429346,-9.16263115031162,-1.67649528062464,-0.045299976184231,-2.00695894453553,1.91340656217271,-1.32012497109875,-5.8235498320367,3.00846337890059,NA,NA,-110.698710195839,32.1047398258897
749,-5.33735974242144,-9.15964602058292,-1.84124606248079,-0.0486042083527471,-1.96042178966581,1.87757173997958,-1.34116587502251,-5.71430572815269,2.90762174898099,NA,NA,-109.644904989782,32.2380489411709
750,-5.40549148131098,-9.1661299109527,-1.9399417311079,-0.0559017141567631,-1.93070927120245,1.81610564830501,-1.35862135563682,-5.65113304114349,2.81565867060861,NA,NA,-108.587709574732,32.3614671203778
751,-5.45825303436506,-9.16503475163917,-2.03523117136986,-0.0723534607542445,-1.91490067948249,1.7639501644493,-1.36116070784194,-5.58918487010567,2.73147653226833,NA,NA,-107.527370167889,32.4749549234747
752,-5.49100004739097,-9.14645576820596,-2.08987799088702,-0.0986609488901104,-1.90776867331791,1.70982619169673,-1.36139783410396,-5.52395667160327,2.66183432922534,NA,NA,-106.464140762435,32.5784778359336
753,-5.50076518035024,-9.15851330267213,-2.11719166328759,-0.134869146335958,-1.93935763372515,1.65136210282182,-1.34986576481835,-5.51363059513209,2.68905248012323,NA,NA,-105.398273911397,32.672002209677
754,-5.49935799792847,-9.16076879194085,-2.11857791846421,-0.172751420659518,-1.98970646081188,1.6099083649282,-1.33335208546487,-5.4810208533037,2.68936603913387,NA,NA,-104.330032445637,32.7554982750351
755,-5.4860529457691,-9.15659787297256,-2.11012648846396,-0.212718553842309,-2.03348959726654,1.56613870164392,-1.30369181116499,-5.45391265707929,2.72629656887477,NA,NA,-103.259672062575,32.8289345141816
756,-5.45719918495268,-9.10106577882457,-2.0600945058436,-0.255672938890041,-2.08738833207895,1.52149019325242,-1.28641205612702,-5.47244469525056,2.77646669759003,NA,NA,-102.187465848771,32.8922910082234
757,-5.42708520045901,-9.05503777479754,-2.04482913368968,-0.295201976063987,-2.13550165741331,1.49460729300826,-1.26774469631358,-5.47271062937903,2.8397923935611,NA,NA,-101.113679486847,32.945545638673
758,-5.40392435252711,-9.04625251057495,-2.00145605140028,-0.33537862607872,-2.17315151199173,1.46519835112831,-1.2476166124713,-5.51390072343449,2.88390040299846,NA,NA,-100.038583745589,32.9886785130209
759,-5.37797488783421,-9.06932783573051,-1.96457506580792,-0.376007656355345,-2.23419107003987,1.43939623370518,-1.23920474928905,-5.52655264356228,2.92022207568708,NA,NA,-98.9624536059061,33.0216776262313
760,-5.35480823650505,-9.04774602800479,-1.9389310294961,-0.407798824614533,-2.29090723526057,1.43071151303141,-1.23326704849753,-5.58187075454918,2.97584663185602,NA,NA,-97.8855633040747,33.0445296220363
761,-5.33456332189225,-9.0421523179851,-1.91811515771056,-0.435182388364746,-2.33314647879309,1.41294834621573,-1.23501216857071,-5.54834149858941,2.97833983198038,NA,NA,-96.8081874431372,33.0572268034515
762,-5.31293442187758,-9.0430056126133,-1.87481809654287,-0.467376918439788,-2.37826400104186,1.39645291204259,-1.2487687980333,-5.57855469858237,2.95711059401323,NA,NA,-95.7306031166704,33.0597666389608
763,-5.28936433653527,-9.03726082064731,-1.83712522484237,-0.49462024267809,-2.43417148470685,1.36312117644946,-1.2503389348011,-5.61448702473841,2.95744444613699,NA,NA,-94.6530886695218,33.0521478715802
764,-5.26268019738019,-9.03498938399059,-1.78009839505156,-0.523365488682774,-2.46335790578466,1.33299122138855,-1.26516245710844,-5.63741966703662,2.95668782798289,NA,NA,-93.5759204103261,33.0343703962874
765,-5.23608748167735,-9.04254557739039,-1.74258358947747,-0.550985087718632,-2.5153552394982,1.31861456684331,-1.2782671358276,-5.67140013083262,2.95751475649584,NA,NA,-92.4993740906601,33.0064435248212
766,-5.20356999414672,-9.03383142592202,-1.66436146476264,-0.579623684383795,-2.56538812779177,1.3105389887436,-1.30256092379403,-5.76260083391391,2.96576506140584,NA,NA,-91.4237263954127,32.9683762441561
767,-5.17040193804129,-9.03093739014996,-1.62526604499336,-0.60847756163346,-2.61384578517407,1.29590651539924,-1.31628021584679,-5.8318769052518,3.00726288179781,NA,NA,-90.3492503196104,32.9201807345056
768,-5.13863500942482,-9.02689670671784,-1.55840562394007,-0.640651324699882,-2.66766869712413,1.29346691559681,-1.32587224922172,-5.88160754755326,3.04981410338857,NA,NA,-89.2762186596696,32.8618736521532
769,-5.09797015138449,-9.02109657633249,-1.49095343023679,-0.669070305201885,-2.72768341389158,1.2724026594498,-1.32815106221533,-5.93970879040035,3.0903222694786,NA,NA,-88.2049010059731,32.7934754567078
770,-5.05997131194365,-9.01448601367825,-1.43629122479057,-0.695115635424129,-2.77513204434277,1.27312054856765,-1.33437602264698,-5.98980873194281,3.14571911495222,NA,NA,-87.1355661122617,32.7150050059478
771,-5.02050748757495,-9.00957095092898,-1.34498545613343,-0.720198894128469,-2.83449535640882,1.26744228968222,-1.33156801130758,-6.06886131471803,3.22902168155254,NA,NA,-86.0684783819145,32.626491579767
772,-4.98445397672616,-9.01117648102919,-1.26708950813442,-0.741455938563087,-2.89975645046426,1.29515314976603,-1.32521497794553,-6.14619624091182,3.29539469409059,NA,NA,-85.0038983416293,32.5279646812729
773,-4.94587595281512,-8.97789099957945,-1.19808069546474,-0.757390401212824,-2.95688859153091,1.31949597546763,-1.31761455861482,-6.21952006497436,3.40400219731166,NA,NA,-83.9420830441051,32.4194532572963
774,-4.90999556577549,-8.99245131529042,-1.09838842134119,-0.773033004612819,-3.01594300806806,1.35553839228289,-1.31290911081535,-6.28431993365791,3.51623911551532,NA,NA,-82.8832857379118,32.3009943330884
775,-4.88123604010081,-9.04476072566495,-1.00431579576491,-0.786112693893712,-3.10371669186475,1.39085961801448,-1.30445658155074,-6.46970375355823,3.69277066400108,NA,NA,-81.8277536614297,32.1726256850511
776,-4.8571325208084,-9.24076990934827,-0.767180788702914,-0.792414907908602,-3.2449432938033,1.51910727385779,-1.29756420360168,-6.7439802157983,3.97486424777618,NA,NA,-80.7757291200381,32.0343840489595
777,-5.22929352726674,-9.85920187930685,-0.927308780486672,-0.0441613231209377,-2.43282656730736,2.34250360026445,-1.31248739552256,-6.69449963979589,3.88941265135412,NA,NA,-111.575468462577,31.0754377465306
778,-5.27868954588015,-9.53905125445435,-1.33143570385919,-0.0487127928601166,-2.24020792178426,2.14811590614049,-1.32177421818019,-6.31385454168202,3.51641510564867,NA,NA,-110.536481268194,31.2172666316762
779,-5.33400029210866,-9.46052733504268,-1.50225162403795,-0.0537022767365488,-2.16814232980544,2.06722509315656,-1.33836386469013,-6.13090760434314,3.31254995871121,NA,NA,-109.493979937214,31.3493258792959
780,-5.3901334361683,-9.42117873911283,-1.63781679546329,-0.065606649297242,-2.13002258780461,2.01065496111186,-1.34892080450715,-6.0092936852005,3.22860118360902,NA,NA,-108.448193705726,31.4715805259419
781,-5.4352744317899,-9.42912075088368,-1.76221543340558,-0.0850095050512631,-2.11262691986391,1.93351623628892,-1.34784693617797,-5.90780607363836,3.11225000688197,NA,NA,-107.399369263344,31.5839962810105
782,-5.46531977698315,-9.34283159506004,-1.87633540518541,-0.121540919119329,-2.06422648508295,1.80819003495422,-1.34362251611918,-5.75418212731626,2.93443661005939,NA,NA,-106.347746273466,31.6865352536215
783,-5.47658033333469,-9.32350384329398,-1.93345512744476,-0.156021928227859,-2.07239553877731,1.72926255742773,-1.33767058030977,-5.70091039932437,2.91185641147194,NA,NA,-105.293573993566,31.7791655810601
784,-5.47679980801675,-9.3017506289868,-1.94366486870966,-0.191059918917701,-2.101942067534,1.67838172909228,-1.32148514831383,-5.65228341482967,2.87697317503601,NA,NA,-104.237102894503,31.8618586128421
785,-5.46763528254521,-9.26123182573875,-1.95062654916939,-0.225576729812882,-2.13382855099815,1.62711820859042,-1.30169319945131,-5.60867501274566,2.90098038188671,NA,NA,-103.178586070048,31.9345878505908
786,-5.44495628025957,-9.17465422386979,-1.92903302804472,-0.262209535145016,-2.16090826728811,1.58520435422571,-1.29183141692566,-5.5919152392156,2.92839035506622,NA,NA,-102.118284810935,31.9973304541004
787,-5.41926377310658,-9.16366715721098,-1.91097887035588,-0.300899446150423,-2.19042270796829,1.54073398504852,-1.27389888602574,-5.58721125405379,2.94404259901798,NA,NA,-101.056452975703,32.0500666164775
788,-5.39983613360392,-9.1613810707596,-1.89521686275864,-0.337981713692191,-2.23968246977693,1.51410535561352,-1.26249894768998,-5.62176975378149,2.99548442530444,NA,NA,-99.9933574320077,32.0927795991547
789,-5.37900880988239,-9.1316983959988,-1.87865653815857,-0.374657138046895,-2.28120900881219,1.49360538598072,-1.24704282093159,-5.62705291029862,3.05227722457981,NA,NA,-98.9292599273357,32.1254561213571
790,-5.35428704564345,-9.08234866257852,-1.86093626473242,-0.405523297040314,-2.33737467742572,1.48183432718971,-1.24210592484119,-5.65374522104966,3.07227605785147,NA,NA,-97.864429132849,32.1480853605769
791,-5.33404825620557,-9.11588237380909,-1.82344214366393,-0.435180611936885,-2.3756755272532,1.45879035368514,-1.24123998468118,-5.6655326913377,3.08269992395839,NA,NA,-96.7991277736952,32.1606587449227
792,-5.30984570728697,-9.09483236922184,-1.79542583247839,-0.463341812819864,-2.42327148840167,1.43011998226018,-1.24807642051437,-5.68367284493491,3.08882944958948,NA,NA,-95.7336245251084,32.1631736635527
793,-5.28913174978522,-9.09369719807521,-1.77297793885014,-0.490359245519022,-2.47149793566226,1.41068163723223,-1.2508665463123,-5.72018579580222,3.09211998088256,NA,NA,-94.6681883984092,32.1556285482587
794,-5.25912381760648,-9.08998736329662,-1.71442721967748,-0.517283396646142,-2.49986138126151,1.38398824372386,-1.26386205134982,-5.73856835330412,3.07157653761359,NA,NA,-93.6030868952831,32.1380256023399
795,-5.23280524256972,-9.09639323501758,-1.66609848282203,-0.546555251518698,-2.56199176188284,1.36287737765408,-1.27760906444608,-5.77682009709435,3.07153480417277,NA,NA,-92.5385887665323,32.1103712375884
796,-5.20455119346291,-9.12078063792035,-1.62790265379206,-0.575536934173846,-2.60091863124853,1.34514080273278,-1.29998212704701,-5.84570402729619,3.07041266170242,NA,NA,-91.4749572778092,32.0726750822359
797,-5.17060644560147,-9.09040612835419,-1.56228088366878,-0.603432673459229,-2.66059709122842,1.35058306784662,-1.31183366494508,-5.91935967866618,3.10445538829906,NA,NA,-90.4124602116912,32.0249475356968
798,-5.13939889771804,-9.10269021747887,-1.48099405410079,-0.632577544852569,-2.70399727201995,1.34341342197669,-1.31587835371181,-5.96433866626413,3.15164237629385,NA,NA,-89.351358815336,31.9672054728945
799,-5.09926307547782,-9.08413044405214,-1.40391316818254,-0.663077399837204,-2.75834786431966,1.34360662291583,-1.31817107207229,-6.02361699634846,3.20248324592624,NA,NA,-88.2919151330561,31.8994669356114
800,-5.06500531098513,-9.07812482604933,-1.34172178666474,-0.690508144825807,-2.82504268301172,1.3320080086454,-1.32825067933098,-6.07813585782015,3.26448193914787,NA,NA,-87.2343896070177,31.8217527396474
801,-5.02884010807763,-9.12575721693736,-1.25438417813348,-0.716301422526965,-2.88457841666227,1.31686985900578,-1.32341813340523,-6.18277112662549,3.34410856806633,NA,NA,-86.1790366091299,31.7340882768591
802,-4.99761737038812,-9.12793132239338,-1.16860055336536,-0.736979154873427,-2.95274232479725,1.36344444135074,-1.31679686769169,-6.23381366820305,3.46904442316236,NA,NA,-85.1261097160248,31.6365015190406
803,-4.96507618853925,-9.13287052147191,-1.0619382305592,-0.753605703518377,-3.00567222982821,1.37546511176799,-1.31274930278381,-6.32783962419228,3.58245973998192,NA,NA,-84.0758533052752,31.5290207400367
804,-4.9340333412853,-9.18743254460981,-0.984365306083744,-0.769493166459722,-3.08931687598844,1.41919953820581,-1.30527184420799,-6.47810797360303,3.73001136434333,NA,NA,-83.0285193894619,31.4116802852153
805,-4.90966589592339,-9.27127773867106,-0.857066617438343,-0.783388532826592,-3.2023962933763,1.49392824439205,-1.30246271042832,-6.64771915221331,3.9204649142981,NA,NA,-81.98434533522,31.2845136334057
806,-4.8937978788884,-9.50510631326614,-0.576636236406627,-0.788266459808201,-3.34900716423333,1.64271807382979,-1.30311268487313,-6.9761063783171,4.24564009706832,NA,NA,-80.943571063257,31.1475643195976
807,-5.46338929645851,-9.94966822254309,-1.26965437581091,-0.149390250354843,-2.46017471684498,2.14605124317828,-1.33402618525003,-6.51444301324911,3.71964811281069,NA,NA,-106.233903913442,30.7930011802926
808,-5.47070207723049,-9.59181338516018,-1.66412461321756,-0.177296656422987,-2.25391838517869,1.87077411700101,-1.32840063583612,-6.01354109910976,3.28012325828823,NA,NA,-105.191173719878,30.8847732504244
809,-5.46857753323706,-9.49441535684301,-1.76340140089039,-0.20587020431958,-2.23806373280835,1.77438458423141,-1.31429641945238,-5.91890485960893,3.18936125336634,NA,NA,-104.146221590366,30.9666989001472
810,-5.45514041354816,-9.44074728721457,-1.7627028480721,-0.230782240812831,-2.22990450376692,1.72851050355011,-1.29993217137825,-5.84008420874997,3.13476275493933,NA,NA,-103.099290495635,31.0387495377939
811,-5.44505856535633,-9.37260728712767,-1.7860446309992,-0.268020984562171,-2.23285210201473,1.66289249129453,-1.28818982703274,-5.78829073447383,3.10965374601641,NA,NA,-102.050631317018,31.1009036403587
812,-5.42322738690119,-9.28132441386167,-1.78946939266699,-0.304636044959585,-2.26545641608645,1.62005550857763,-1.2706737030025,-5.71955308146364,3.11081258415874,NA,NA,-101.000493918412,31.1531456419892
813,-5.39383137136808,-9.19975197649324,-1.78246396350189,-0.34200473061967,-2.31984142445913,1.58821527241938,-1.258244592242,-5.77654490757323,3.17268825122685,NA,NA,-99.9491316307318,31.1954575369752
814,-5.37634635824663,-9.20632456493872,-1.77272937677895,-0.375411772324006,-2.3522624498631,1.55438754674497,-1.24874023851502,-5.80144245370382,3.2060520453847,NA,NA,-98.8968017882416,31.2278250724367
815,-5.35398983442503,-9.17627475656185,-1.77575168176552,-0.40830589207,-2.40284245363233,1.53298815258884,-1.24657442714917,-5.79391216068223,3.19649637890679,NA,NA,-97.8437607398471,31.2502407857477
816,-5.33003415917606,-9.18430415300802,-1.70287176985144,-0.43802452819865,-2.46318658514436,1.50292319640036,-1.2519154139862,-5.78041609022756,3.2284638791857,NA,NA,-96.7902670030458,31.2626954955233
817,-5.30897266522957,-9.20060147653585,-1.68416429130143,-0.46292203583149,-2.47488489051732,1.48330287544712,-1.25661667998633,-5.82746123739341,3.24946348017773,NA,NA,-95.7365789741952,31.2651864277473
818,-5.28053952980779,-9.16178823589778,-1.66490283420522,-0.485783272784023,-2.51177247954362,1.47768549482977,-1.25797950317686,-5.81592657151103,3.20005481890555,NA,NA,-94.6829536361488,31.2577131642446
819,-5.25456543221773,-9.17097028931792,-1.60363520687644,-0.510968629210171,-2.54021280837428,1.45012983086423,-1.26738878411765,-5.87866867362049,3.19886026913615,NA,NA,-93.6296505556532,31.2402792611563
820,-5.23160045875798,-9.18542635416414,-1.56878890592306,-0.540602496370453,-2.58792325084603,1.43099312889079,-1.27495444481071,-5.89169137030615,3.17742826186838,NA,NA,-92.5769338640609,31.2128818201598
821,-5.20119240491185,-9.19523840648719,-1.5238882698859,-0.570203190984139,-2.65674291828339,1.41487790642207,-1.28924734941086,-5.9331187796787,3.24276595633741,NA,NA,-91.5250556026908,31.1755414441662
822,-5.168885981057,-9.18821753163791,-1.47213031656103,-0.597870876679863,-2.70332618628796,1.4232015139849,-1.29711206303105,-6.03121890177403,3.26480564538136,NA,NA,-90.4742733085068,31.1282628871063
823,-5.13435449329698,-9.18783385511661,-1.37366610169087,-0.623962651454792,-2.76128269743214,1.41844653010155,-1.29996076725931,-6.08665636079243,3.32924375624892,NA,NA,-89.4248416057857,31.0710619965013
824,-5.10435666520349,-9.20575799258551,-1.29402501387494,-0.653233613122194,-2.81833722182564,1.41109761723078,-1.30574834995234,-6.13327694365708,3.37566238117226,NA,NA,-88.3770120651239,31.0039561434681
825,-5.0674447505248,-9.20642415243472,-1.22924079566845,-0.681167850704945,-2.8820991169195,1.40724045781916,-1.31780101158751,-6.22797122219159,3.44715871663567,NA,NA,-87.3310388393641,30.9269644437951
826,-5.03419253673863,-9.25412349674173,-1.12234376356566,-0.709179618865611,-2.96377050741559,1.40182851992919,-1.31219957562203,-6.33186203626335,3.52972704605867,NA,NA,-86.2871674206158,30.8401145867847
827,-5.00604013013168,-9.27223886033556,-1.02602592022654,-0.73361290845131,-3.03468683160477,1.43198285791183,-1.31286655997844,-6.42418393516383,3.6530522217173,NA,NA,-85.2456413167257,30.7434279376412
828,-4.97631438556459,-9.31129845326419,-0.929916156283505,-0.753475464603755,-3.09164118918944,1.47634796835446,-1.30750645908842,-6.56112248153964,3.80218205110396,NA,NA,-84.2067053342269,30.6369346283635
829,-4.95059839642549,-9.3928312357573,-0.809581637774342,-0.771559587563641,-3.21039400630172,1.5199831662035,-1.30631947252681,-6.73778040611493,3.97803847967435,NA,NA,-83.1705938009628,30.5206648527131
830,-4.93095420642052,-9.50368394682982,-0.657646876449649,-0.787055447835526,-3.32648317418205,1.60855751991162,-1.30071263622974,-6.91747171264625,4.19424552704905,NA,NA,-82.1375416668753,30.3946546309007
831,-4.91796847323365,-9.76768318183499,-0.394086194491648,-0.791888845254783,-3.4898301976682,1.75562514054104,-1.30334281790494,-7.25476050077634,4.52774514337407,NA,NA,-81.1077781224943,30.2589416930088
832,-5.46539932269881,-10.1563577708675,-1.0740906708033,-0.19238099703915,-2.61835108405503,2.18288957965594,-1.31544323717813,-6.74134408483537,4.0429848973394,NA,NA,-105.091000570475,29.9886613568333
833,-5.4622887951277,-9.8196816081519,-1.42424078168382,-0.214178893734903,-2.43539730021934,1.96210947096873,-1.3064534742679,-6.30830065337021,3.60266953058821,NA,NA,-104.057317997957,30.0698488245623
834,-5.45554443475239,-9.72854113675048,-1.50561367712204,-0.234870780740106,-2.39434177538179,1.87540100015242,-1.2971215542248,-6.20072357984221,3.50852252692308,NA,NA,-103.021718440221,30.1412522345985
835,-5.44280328674912,-9.6122462081386,-1.53795705795509,-0.26864894194969,-2.39189876223793,1.81351980093297,-1.28025783251029,-6.15648539738954,3.46286065565139,NA,NA,-101.98444715802,30.2028487864283
836,-5.41853339677968,-9.43462431131857,-1.65909076388672,-0.312534514627242,-2.35741774210881,1.70552699338394,-1.25874647353787,-5.94802304720141,3.32465308514753,NA,NA,-100.945755692911,30.2546108421076
837,-5.39476788344602,-9.37369560373484,-1.64709692748786,-0.349519845029106,-2.41547433020267,1.67356724384784,-1.25943709519714,-5.97903505974427,3.38678121352809,NA,NA,-99.9058731826072,30.2965351092689
838,-5.37440037441996,-9.34490888467498,-1.62612588592873,-0.380898859562475,-2.45509187673197,1.6500187575295,-1.25386420047598,-5.97203252025896,3.39335715316638,NA,NA,-98.8650539522963,30.3286072271536
839,-5.35096286734952,-9.34392120714507,-1.61351686857323,-0.411128655480391,-2.5013284536938,1.62309310192932,-1.25309887402648,-5.98774121246037,3.38438860439286,NA,NA,-97.8235465946411,30.3508165209493
840,-5.3299876629181,-9.31003882245397,-1.58084865558204,-0.435221013687755,-2.51918218456821,1.58958497801467,-1.25988726964813,-5.9750965298824,3.3991077914429,NA,NA,-96.7816012828175,30.3631571353753
841,-5.30139952802952,-9.28187859041075,-1.54735545006662,-0.458357590323462,-2.53791634866075,1.56058654078021,-1.26234163591023,-5.99855117671388,3.36961244076735,NA,NA,-95.7394673180897,30.36562686893
842,-5.28067936137049,-9.27981974076551,-1.52001231679363,-0.478772080998119,-2.57364756543552,1.54010785026785,-1.27354380808824,-5.98830029851599,3.34713717555589,NA,NA,-94.6973953640965,30.3582210695963
843,-5.25619136723156,-9.29725085475872,-1.46784635794136,-0.506330894634159,-2.62256493586767,1.51957545114983,-1.27380258655599,-6.01464794414604,3.3518032019489,NA,NA,-93.6556361445698,30.3409446883299
844,-5.23216521648775,-9.30726826393316,-1.43850436032333,-0.537110871681994,-2.67223393844211,1.51318129871303,-1.27420540070843,-6.08610798877308,3.38549481854553,NA,NA,-92.6144401135275,30.3137998957627
845,-5.19941813811441,-9.31858219420735,-1.37717296244229,-0.564044604212663,-2.7216766448351,1.51319411054522,-1.28687394947005,-6.15125183120445,3.44187934762483,NA,NA,-91.5740571732259,30.2767986741923
846,-5.16434877584001,-9.33719385863596,-1.28325665778498,-0.59155850284428,-2.79314883182126,1.52985050203662,-1.29404308763853,-6.21923841158473,3.51493370634983,NA,NA,-90.5347342522646,30.2299505969596
847,-5.1335297962373,-9.36669631868156,-1.21018746929197,-0.617098126613979,-2.84936022372788,1.51619427637958,-1.29792001188184,-6.29898956758629,3.55892231594757,NA,NA,-89.4967206756629,30.1732690179632
848,-5.10499826773276,-9.35877231071854,-1.11953460710848,-0.6424691012703,-2.90437302306313,1.53286518628189,-1.30246384286361,-6.34912301563941,3.63850767742749,NA,NA,-88.4602585391847,30.1067672387357
849,-5.07124720309963,-9.46907779564301,-0.98525208097959,-0.67681214919165,-3.01975650811376,1.56415406290745,-1.30470990654311,-6.52931991427584,3.7615340201073,NA,NA,-87.4255885341334,30.0304753957623
850,-5.04224923329205,-9.52140347672013,-0.841918058231956,-0.705696737000978,-3.1117923579077,1.57781930777949,-1.29998417014908,-6.61598835380997,3.86831889804213,NA,NA,-86.3929516189877,29.944398272617
851,-5.01473020182947,-9.57294448934185,-0.769989338480263,-0.73025129397208,-3.15724612404627,1.60852023435427,-1.31118757148971,-6.7591664307022,3.96519562899136,NA,NA,-85.3625855729206,29.8485747694758
852,-4.98979814220064,-9.60978113970693,-0.686826483246834,-0.754013357181731,-3.25352547758202,1.62174106570383,-1.31236375051933,-6.91000656151002,4.13145808963071,NA,NA,-84.3347298107358,29.7430273275091
853,-4.9641356130653,-9.66418947552395,-0.590818427365412,-0.78023167890588,-3.37300973962872,1.66171362087929,-1.31158464403982,-7.07894139557495,4.26156120468992,NA,NA,-83.3096065808924,29.6277846482538
854,-4.94947472979833,-9.79447945187818,-0.384864679860342,-0.79573785233054,-3.50271488931031,1.74511939633478,-1.30198767886899,-7.26157088760197,4.5109625433754,NA,NA,-82.2874472652973,29.5028808411313
855,-4.94072248280455,-10.0130173701548,-0.15792502451902,-0.804502042013976,-3.65864779290002,1.87751220667318,-1.29856596240539,-7.57120955729231,4.82936044548703,NA,NA,-81.2684708861615,29.3683499635391
856,-4.9348450168876,-10.6763882865003,0.511899985888453,-0.812538827742378,-4.06211075583868,2.25108402750796,-1.29444079821276,-8.39353150630772,5.67951379148455,NA,NA,-80.2528985379793,29.2242284815985
857,-5.45432226221621,-10.5471045160167,-0.728423205390895,-0.217597604807774,-2.86890656539493,2.37958064844371,-1.30848907433202,-7.27793792705836,4.52303181787792,NA,NA,-103.970332729672,29.1711345184768
858,-5.44991580534926,-10.5195272095287,-0.733328833853544,-0.224889828149909,-2.86867884546096,2.35498726857926,-1.30200725604619,-7.23993921082082,4.53242028640868,NA,NA,-102.945823694478,29.2419107503682
859,-5.40539018885984,-9.84683712483083,-1.20864028091197,-0.340491204062682,-2.66804325439934,1.94662258776925,-1.25604850014254,-6.58132452727281,3.94955273728955,NA,NA,-100.892206006231,29.3542821339543
860,-5.39219044025225,-9.57851388795007,-1.42422710866173,-0.362320234121406,-2.58291324629625,1.81028905896642,-1.25787394104604,-6.32169849193338,3.69915325553661,NA,NA,-99.8635538433568,29.3958378918731
861,-5.37264891835892,-9.5222414540175,-1.45092950961128,-0.391563073832991,-2.57206212077866,1.75224013509581,-1.25626220187533,-6.21407914501034,3.63155994313913,NA,NA,-98.8339955170184,29.4276273597761
862,-5.35283125092712,-9.49125899589845,-1.43460654711401,-0.416734593125254,-2.60030434581428,1.71658188423871,-1.25794914403332,-6.20278567195075,3.59900628201403,NA,NA,-97.8037712093334,29.4496414766614
863,-5.33182320469591,-9.45604726283252,-1.41246797287312,-0.435105237069135,-2.61407855870609,1.68207660940427,-1.26179063108717,-6.18564111218826,3.58013643399533,NA,NA,-96.7731222235808,29.4618719470509
864,-5.30712432126166,-9.4616626053966,-1.38618886218637,-0.453565320192171,-2.63650873202393,1.67476398501495,-1.26459277136292,-6.18829863619677,3.60664044745718,NA,NA,-95.7422934190831,29.4643186321203
865,-5.28964208175133,-9.46031899913291,-1.34527746930783,-0.476181853106311,-2.67545292432897,1.65774642946052,-1.27054077203344,-6.20965782496804,3.59089349102057,NA,NA,-94.7115246549036,29.4569778903576
866,-5.27105246974283,-9.59283282322444,-1.22340305748068,-0.503064175713312,-2.7649722671475,1.66404789832101,-1.27761601621546,-6.32866398323211,3.69022596876254,NA,NA,-93.6810578695653,29.4398516907835
867,-5.23889887076984,-9.6029838812521,-1.16777240331292,-0.531697095874705,-2.81856441336727,1.68627925525924,-1.28336059219736,-6.45025604417064,3.74238923227047,NA,NA,-92.6511375648389,29.4129484837211
868,-5.20334099209049,-9.61508807650589,-1.08762682260594,-0.558222581666438,-2.88612108780568,1.68898767554515,-1.28682692226643,-6.52698627078093,3.77118330668562,NA,NA,-91.6219979760643,29.3762713439853
869,-5.1649885558545,-9.65917757468273,-0.981765150979182,-0.586021005349343,-2.96064150975157,1.70999713571311,-1.29329251383175,-6.58136438967645,3.84524452280489,NA,NA,-90.5938864631691,29.329835496974
870,-5.13850309908064,-9.70170548416006,-0.860510270728713,-0.608244846388283,-3.04066197281948,1.74755412841266,-1.30124404848801,-6.75927659793213,3.99633254957258,NA,NA,-89.5670427921306,29.273652339948
871,-5.12391649939091,-9.95983680669905,-0.57505487351487,-0.624548036255508,-3.22655698298394,1.90092896126333,-1.30182305523123,-7.07473951849516,4.39039941757254,NA,NA,-88.5417045145063,29.2077355032546
872,-4.96048713605144,-10.3079161736917,0.0911437703058007,-0.792838401347482,-3.77616312619681,2.0228347869114,-1.3102956325131,-7.89794010203487,5.10873362160029,NA,NA,-83.4456570528557,28.7328723714034
873,-4.94495722537155,-10.149605399082,-0.0311499618532596,-0.80505440007348,-3.76116194187794,1.93646601145057,-1.31006032124897,-7.75471720068036,4.98176537477952,NA,NA,-82.4341679113987,28.609029601256
874,-4.93732916280542,-10.3115844064178,0.137717402393521,-0.81326378682834,-3.88242249726554,2.02214378792366,-1.29726591382355,-8.00739462636151,5.23197063967897,NA,NA,-81.4257589214284,28.4756302741436
875,-4.93238112474101,-10.6490382343393,0.518422633609054,-0.81713818601912,-4.08352378290377,2.2281450546504,-1.28904191231361,-8.42608250107397,5.69682544273767,NA,NA,-80.4206503145145,28.3327141664549
876,-5.39865178812618,-10.259035077972,-0.778969677204902,-0.356120121594472,-2.95207024518462,2.19080787652543,-1.24923986385027,-7.13773657857286,4.50976817133907,NA,NA,-100.839799170516,28.4519846347817
877,-5.38114150740875,-9.79157498134899,-1.16761752955808,-0.3736870067547,-2.7185646642707,1.93540574372992,-1.25081361586871,-6.60919210892613,4.02488507408177,NA,NA,-99.8221410586447,28.4931897923187
878,-5.36898977751876,-9.72522480538367,-1.22685806701328,-0.39592327009774,-2.70774545281969,1.87751067397496,-1.25953181741753,-6.50693771703895,3.94468389672224,NA,NA,-98.8036037532023,28.5247088807883
879,-5.35517861807708,-9.67813150909967,-1.2338271248306,-0.413611765777827,-2.70169510457838,1.84535132786145,-1.25862844260256,-6.49709903324631,3.88571824811962,NA,NA,-97.7844205006506,28.5465353882343
880,-5.33710767740702,-9.65546586700309,-1.21207101398966,-0.431569308611303,-2.72279053132633,1.81373140866896,-1.26173663559875,-6.44497221302877,3.84047593136405,NA,NA,-96.7648271835526,28.5586625642858
881,-5.31743513880657,-9.81201629879294,-1.0468078272996,-0.450321052756856,-2.84237085129721,1.88482721585045,-1.2666409204631,-6.62080747436789,4.01326576413546,NA,NA,-95.7450594404413,28.5610887774951
882,-5.30577314218412,-10.0764634384926,-0.785666865622666,-0.464920696726279,-3.02047579856279,2.02982217569302,-1.26826139310327,-6.96120546986999,4.35878505342001,NA,NA,-94.7253496516552,28.5538106653276
883,-4.93210344901226,-10.6886637602065,0.554069871149852,-0.815811382559813,-4.11472624148549,2.24102675146359,-1.29925774581568,-8.47938900869897,5.73034239797285,NA,NA,-82.5778001011611,27.7129348158714
884,-4.93004915540949,-10.6474113793487,0.521155093641114,-0.81966039313052,-4.12779362334495,2.228703880997,-1.29287994357402,-8.44824362641758,5.72947249150662,NA,NA,-81.5797498080299,27.5806225765842
885,-4.93242622296268,-10.8717885059326,0.739226794832713,-0.821889066444446,-4.23105972744347,2.34668743060234,-1.2820246156434,-8.70589340920185,5.93872130929167,NA,NA,-80.5848967856478,27.4388599433824
886,-4.93412897182394,-11.4707981107212,1.35048866525289,-0.824665412391548,-4.57004788858002,2.69109096263626,-1.26933277753711,-9.43617432324571,6.71683328088437,NA,NA,-79.5934442932274,27.2876851795014
887,-5.37033162643512,-10.2238683939872,-0.748990293967317,-0.388661680084761,-3.00188416455778,2.16898871260895,-1.26182075142019,-7.15749563021267,4.53629978615605,NA,NA,-99.7816056004002,27.5884209095092
888,-5.35949142843205,-10.0287614120645,-0.923012277509728,-0.402124679249324,-2.8761405032418,2.06005131260852,-1.26139091661012,-6.92233406942364,4.3214678644569,NA,NA,-98.7738559594508,27.6196803654525
889,-5.35406720217237,-9.99054676781013,-0.924895903243053,-0.412443516612295,-2.88607977597231,2.03668520837435,-1.25866477732117,-6.90543723465367,4.2822237642717,NA,NA,-97.7654811441418,27.6413270736729
890,-5.34452651771374,-10.1240000485577,-0.763736477151711,-0.421160665864863,-2.98094128011399,2.11915002875671,-1.25457470815713,-7.08230054714391,4.44365154485438,NA,NA,-96.7567093281511,27.6533554899831
891,-4.92655103093034,-11.18441891583,1.0597619264719,-0.822594866785069,-4.4077692726371,2.51591850141807,-1.28997026558141,-9.03504780387612,6.28284227723921,NA,NA,-82.7184446400312,26.8144392584395
892,-4.92865596675244,-11.0384933285714,0.88330472981399,-0.825056470051696,-4.34387400366618,2.40438870500632,-1.28506932810433,-8.88433783701353,6.1233514330592,NA,NA,-81.7305465487477,26.6831660478232
893,-4.93233513800656,-11.1672474476447,1.00157202188907,-0.827074156190783,-4.44296621221073,2.50094073276037,-1.27417233674396,-9.04628126741938,6.31687886429205,NA,NA,-80.745748026708,26.5425084849531
894,-4.93577684112505,-11.490680145408,1.30199865545168,-0.827161662211655,-4.57236652257042,2.66459953790788,-1.25876483083638,-9.40397509602808,6.66074468368205,NA,NA,-79.7642440538776,26.3925027330855
895,-5.36206711144268,-10.6324614623854,-0.308704277813718,-0.398003523230184,-3.27409827363526,2.42819793987321,-1.26288279013577,-7.69949955445198,5.03707747040441,NA,NA,-99.7419201953412,26.6813602201636
896,-5.34809327657815,-10.3298756576691,-0.591900864980242,-0.40561439757997,-3.08687835081034,2.25510166288354,-1.2586743452187,-7.34970201560402,4.68070239668399,NA,NA,-98.7447346457662,26.7123724146124
897,-5.34070287225323,-10.331093068766,-0.564369682581664,-0.411593184883887,-3.1008615753454,2.24693483287765,-1.25679422682985,-7.31542356917099,4.71790540228486,NA,NA,-97.7469409873041,26.7338467365782
898,-5.33613185386157,-10.5177604043591,-0.359308042309702,-0.41672105262392,-3.1902451842353,2.34272222882946,-1.24928510144648,-7.59223587181442,4.98321889651013,NA,NA,-96.7487635710306,26.7457778544979
899,-4.93439254940472,-11.553927923681,1.36822808492006,-0.827891272754724,-4.66132406254949,2.68377708199906,-1.28320990876332,-9.44725341534879,6.7733350979678,NA,NA,-81.878244686014,25.7831008713119
900,-4.93168859346268,-11.5143509630856,1.34512902917658,-0.83119641435141,-4.6335049082099,2.66529002801453,-1.27906661974458,-9.43396578367322,6.70860550447085,NA,NA,-80.9033047976919,25.6435018135794
901,-4.93816464083794,-11.7228222160647,1.53975916794575,-0.831074302564001,-4.72058288106866,2.76932302014615,-1.26854317169056,-9.69894535534277,6.94994716211942,NA,NA,-79.9315578597677,25.4946134628712
902,-5.34180885845681,-10.8959447268404,0.00182926171903837,-0.411691259665018,-3.42684298670218,2.56757295464783,-1.25358119571514,-8.04751201000854,5.40067220532474,NA,NA,-98.716210420344,25.8026137935416
903,-5.33471706921402,-10.7391360539062,-0.115751362297356,-0.415125159672343,-3.3439163880177,2.46977193869484,-1.25032513625347,-7.87565419111908,5.2517617475986,NA,NA,-97.7287863742879,25.8239260818634
904,-5.32652488194222,-10.9674452038744,0.119053657098575,-0.419294995664915,-3.47473776799132,2.59937403296155,-1.24443152607283,-8.15686741883717,5.56855731841428,NA,NA,-96.7409844529545,25.8357647579242
905,-4.93258110652894,-12.8232775640965,2.66332580283987,-0.830092799489697,-5.35537668890805,3.41157016570024,-1.28273094743647,-11.1251840885676,8.36989522368007,NA,NA,-82.9911318916856,25.0095908443845
906,-4.9355245609896,-12.0017484218135,1.81555711469125,-0.831268063674443,-4.88169943777671,2.92217592329173,-1.28098396122377,-10.0577447883209,7.3164986563504,NA,NA,-82.0229437252732,24.8802638701045
907,-4.93695997713948,-11.8722544389736,1.66084000350526,-0.833741853738512,-4.81951094747638,2.83857044325992,-1.27495438294654,-9.88873657025458,7.14152366536003,NA,NA,-81.0576693487307,24.7416782746969
908,-4.94233885146422,-12.0762085652025,1.86697805347318,-0.831594681643256,-4.89958712083093,2.96043918135148,-1.26992152363295,-10.1237951494608,7.36116325724602,NA,NA,-80.0954929633818,24.5938615514206
