"cell50","year","mu_mean","mu_q025","mu_q975","lon","lat"
6,2008,0.00591224444769176,0.00118040352335345,0.0133165649148359,-121.265128723774,48.994555393664
7,2008,0.0157522646082616,0.00781023284022195,0.0297760785156908,-120.612805474797,49.1126837672064
8,2008,0.00510922832949574,0.00175059110315839,0.0151743549732666,-119.958104358564,49.2278348396007
14,2008,0.00970383369331441,0.00206643885613938,0.0216511730535189,-121.089036419193,48.555629878705
15,2008,0.0584152519115235,0.0339414140590196,0.0904066921187125,-120.440842673788,48.672733234681
16,2008,0.0777354668230875,0.0410575828405527,0.132949110083153,-119.790313872131,48.7868865773491
17,2008,0.031538334976825,0.014621469457328,0.0590904464495544,-119.137500463454,48.8980721978474
18,2008,0.0281222467359973,0.0120443917135178,0.0575531570233027,-118.482453966982,49.0062653448723
19,2008,0.0548370046648432,0.0226893532278953,0.107475901316993,-117.825219759276,49.1114538833663
20,2008,0.0392369919237471,0.0128767429103889,0.0948864257047474,-117.165854351124,49.213617147949
27,2008,0.0508454572669025,0.0252116392577986,0.0976181509511365,-120.27121456213,48.2333626190998
28,2008,0.0701950669411441,0.0315320522539821,0.12904073336536,-119.624814650583,48.3465402327626
29,2008,0.135256520170937,0.069421541624367,0.232018665004063,-118.976175551119,48.4567680841763
30,2008,0.171719992225104,0.0937286936415765,0.282976092555619,-118.325346401563,48.564029742441
31,2008,0.187988546566571,0.132999167061445,0.258608067956671,-117.672375597358,48.6683051194705
32,2008,0.111769645330189,0.0695530685107974,0.174263735094571,-117.017316446554,48.7695743758115
33,2008,0.0858568993772998,0.0494666514138773,0.140511809457139,-116.360221072417,48.8678199767522
34,2008,0.0806305683685658,0.0377543032878039,0.142174370218673,-115.701143087202,48.9630258969627
35,2008,0.047492182687227,0.0286909822178848,0.0749425865266877,-115.040136094933,49.0551758980945
36,2008,0.0371288745338731,0.0221766617803793,0.0578719364564107,-114.377255928809,49.1442541785679
37,2008,0.0281307498801803,0.014459024967558,0.0402319237843442,-113.712561201883,49.2302453010975
38,2008,0.029124999763394,0.00698180236891745,0.0725295033085823,-67.9000250105137,47.4934264776634
48,2008,0.304063118818561,0.134725471289376,0.571276594336117,-118.170381383063,48.1224031571419
49,2008,0.261867541907071,0.168181045641789,0.378439905439449,-117.521623369245,48.2257868101742
50,2008,0.186814239689109,0.12745144038772,0.259686402298042,-116.870816677498,48.3261864091953
51,2008,0.0839758443285273,0.047006740960827,0.139057895050419,-116.218015973647,48.4235822996474
52,2008,0.0870350460560807,0.051755635923708,0.136579107310149,-115.56326990492,48.5179625451974
54,2008,0.0642875210607358,0.0388367855584992,0.103426759783739,-114.248169681455,48.6976058532625
55,2008,0.108631288640508,0.0763968168949823,0.164333605426859,-113.587922894349,48.7828372654218
56,2008,0.0530788040510226,0.0195014723224615,0.11252134077152,-112.925954282071,48.8649870003599
60,2008,0.0286002794699304,0.00552113400850632,0.0800063919214981,-110.262024903585,49.1624886658511
62,2008,0.376692445321453,0.175277457141941,0.667213778105541,-69.3497434925368,47.3166834397276
63,2008,0.469461921683583,0.215958635446038,0.860613932966784,-68.7190892921395,47.190084100331
64,2008,0.486893492349863,0.252586412354224,0.812654045674393,-68.0908928553389,47.0606651056672
65,2008,0.112179906099602,0.0383325574527895,0.20291359362332,-67.4651983439585,46.9284486236964
72,2008,0.0104304476649678,0.00150763255510119,0.0306242918003927,-120.574861976244,47.2420031643778
76,2008,0.155893266406354,0.0854815221925874,0.250737944675843,-118.017514067676,47.68134777365
77,2008,0.15383482466621,0.0968937991188043,0.225638535735271,-117.372920136676,47.7838610764382
78,2008,0.233373513656237,0.154699303074922,0.334965863782735,-116.726314268227,47.8834122922538
79,2008,0.156024037098936,0.0919915029961643,0.24113841169009,-116.077755087246,47.9799818698788
80,2008,0.165066048609177,0.103389605344827,0.249159040637978,-115.427287835665,48.0735557608927
81,2008,0.051825862441189,0.0261019688340168,0.0933748750723395,-114.774974410224,48.1641173770118
82,2008,0.0488485025630479,0.0277191218908889,0.0807918933079932,-114.120865028685,48.2516520248398
83,2008,0.17063188337612,0.111782872025698,0.247888947515489,-113.465009639246,48.3361436908319
84,2008,0.0715260666069224,0.0356273776408735,0.133007820878135,-112.807466634735,48.4175783877576
92,2008,0.0290838158119972,0.0135958631603173,0.0557007423776041,-107.493395159889,48.9573499576627
94,2008,0.062552084132222,0.00958159432777309,0.185981405995763,-106.152156667735,49.0608164945375
97,2008,0.22892299809983,0.0141410944522853,0.912244591175845,-104.132855499805,49.1920783173635
100,2008,0.640158372817534,0.402849959098576,0.937818126190051,-69.5305289572354,46.8822366835495
101,2008,0.650035882403158,0.411755684841556,0.949059419147008,-68.9036837191155,46.7566505633992
102,2008,0.345383557093394,0.209057591060003,0.530914412596244,-68.2792539113464,46.6282572225885
103,2008,0.157228365616644,0.0888490291829566,0.23367043433913,-67.6572724385743,46.4970843359059
114,2008,0.150852897865787,0.0747330995391449,0.263077120001316,-117.866704919148,47.2408178782891
115,2008,0.29486458675678,0.185587762235822,0.423138232193668,-117.226219771308,47.3424850688003
116,2008,0.261668324414914,0.181141578223773,0.355920979640386,-116.583766817315,47.4412092581095
117,2008,0.135575712441201,0.0824386150259404,0.207085102590818,-115.939397629601,47.5369728113951
118,2008,0.15370323689894,0.0976886537570268,0.229453365103763,-115.293161243123,47.6297603798853
119,2008,0.0487443411923302,0.0229783259558032,0.0970114766609047,-114.645111768531,47.7195572370623
122,2008,0.116975021137794,0.0719553549568847,0.180531931344767,-112.690610518949,47.9708590123778
123,2008,0.0711820857519958,0.0160064191265113,0.192336838529649,-112.035840782544,48.048549086942
130,2008,0.0319717500537966,0.0106996888649124,0.0774970733456482,-107.412587066948,48.505935287017
134,2008,0.213749241614279,0.0238995261692027,0.724302913773877,-104.744703388572,48.6983867024283
137,2008,0.288282413002878,0.0964227738604722,0.619557640700782,-102.734451266843,48.8093776896219
139,2008,0.150946928181268,0.0527093567877017,0.322639105796252,-101.390806404747,48.8673844104542
140,2008,0.172921570860756,0.0541491114762274,0.391121066475966,-100.718143786867,48.8915713891201
141,2008,0.0820104779787073,0.00840259388517954,0.268021931638556,-100.04500567428,48.9125444540545
146,2008,0.06399171127529,0.00425997458361673,0.21828579588139,-96.6745640527728,48.9690518567947
147,2008,0.0628939872992414,0.00452625733568025,0.210167910240581,-96.0000064893933,48.9706680856778
150,2008,0.150517323828182,0.0472195577142268,0.319353292257715,-70.3343511214951,46.5699500753741
151,2008,0.631437628460991,0.402429704433444,0.923524512731221,-69.7089436445446,46.4481548004831
152,2008,0.610806186012726,0.395414293605665,0.874462078350389,-69.0858685956939,46.3235551326322
153,2008,0.312980976601238,0.208584696501578,0.445865815056553,-68.4651588887034,46.1961684346516
154,2008,0.210460734341049,0.126817244943551,0.321061739969749,-67.8468570793633,46.0660136069417
165,2008,0.0315548930263203,0.00987967288422774,0.0682758083744486,-117.71791068899,46.8007779901175
166,2008,0.14587996338909,0.100003372904865,0.198504404467157,-117.081487575634,46.9016186184269
167,2008,0.195169024767108,0.124084342434559,0.294803431405119,-116.443136033377,46.9995353119642
168,2008,0.0864805289732522,0.0419992937527672,0.15424386153614,-115.802904751804,47.094512472278
169,2008,0.107444712859156,0.0568255049624668,0.184042741374818,-115.160845736921,47.1865339418036
170,2008,0.0116276160119123,0.00450756177886579,0.0194744855412547,-114.517008587968,47.2755858069188
171,2008,0.019681122745635,0.0100660873944194,0.0325656011425032,-113.871445050628,47.3616548062373
173,2008,0.155395098801986,0.0786891399644752,0.285323068270748,-112.575350261847,47.5247839547667
174,2008,0.0211584581058277,0.00489548069336564,0.0588873280337238,-111.924928927009,47.6018169236374
175,2008,0.0265362650672834,0.00695194324932453,0.0678620032919877,-111.27299749329,47.6758117659898
180,2008,0.0325110565187398,0.00579518319359219,0.106193535419413,-107.992691893929,47.9997729188431
182,2008,0.0666562797956211,0.00972550019163167,0.202567529234676,-106.672031972892,48.1076757168689
190,2008,0.0935916571465235,0.0373357810891641,0.178184744827845,-101.352891440655,48.4135621124951
191,2008,0.0962239887355452,0.0332631344544381,0.199161015029663,-100.684939981041,48.4375354833297
193,2008,0.421273844406579,0.0739936586009628,1.16130817903338,-99.3477157576692,48.4759171103027
194,2008,0.170387106995374,0.0397136452022375,0.43867398831978,-98.6785717942889,48.4903184128158
195,2008,0.154579642372974,0.0358918797268004,0.398335562321298,-98.0091610849095,48.5015216972278
198,2008,0.165380587619509,0.050946697787573,0.362985946873867,-96.0000039201961,48.5159308092361
199,2008,0.107942057443928,0.0327356896685059,0.240697276260172,-95.3301960390057,48.5143309353046
200,2008,0.105336788484245,0.0352570303194352,0.222774364596499,-94.6604508757051,48.5095282213004
201,2008,0.0903697945336129,0.0296104623060133,0.195338419266457,-93.9908380770121,48.5015239659039
202,2008,0.0345207937958843,0.0145927631609431,0.0681444206516399,-93.3214253392893,48.4903201870313
203,2008,0.0485954389232447,0.0204951963630829,0.0941857176658262,-92.6522759066935,48.475915935041
204,2008,0.0592022930986995,0.027282445895716,0.100554864122953,-91.9834602721287,48.4583175724916
205,2008,0.0605282703162375,0.0179981376430741,0.101996208460577,-90.6471165275859,48.4135638055177
206,2008,0.169732428625949,0.108941581722062,0.234584305781594,-88.6466915320881,48.3225626176597
207,2008,0.0800936029841741,0.0267777067623161,0.172308388031199,-70.506668638906,46.1352523753917
208,2008,0.503390885157658,0.351833714689402,0.674108212643902,-69.8850338348487,46.0144072259477
209,2008,0.593720963565432,0.414113240382508,0.806713565068918,-69.2656832950739,45.8907710876627
210,2008,0.492145705436765,0.278329205396101,0.78239266003841,-68.6486564041498,45.7643644904214
211,2008,0.194092448945975,0.111149993659367,0.308102360367165,-68.0339922602737,45.6352042746021
212,2008,0.170821694888436,0.0939107887060289,0.28179796608053,-67.4217284444601,45.5033085389255
222,2008,0.00924178569740953,0.000602405166208198,0.0330299390026646,-118.830049766138,46.152469381733
223,2008,0.0331143593324931,0.012169723198908,0.0708720650017565,-118.201563406335,46.2582657048174
225,2008,0.11598080455522,0.0655188494419547,0.188755690198034,-116.938683807989,46.461222370979
226,2008,0.13018259360575,0.0915173024597341,0.181789055241434,-116.304384196972,46.5583517046871
227,2008,0.0750151979736857,0.0264196873175176,0.157955111009364,-115.668241638533,46.6525615767592
228,2008,0.118774451773696,0.0596434335238396,0.211549094358854,-115.030306303664,46.7438354709386
229,2008,0.0140254172043609,0.00735806713913988,0.0207821916359778,-114.390629531162,46.832160286886
230,2008,0.0175280600716053,0.00978275813859847,0.0257038676085687,-113.749260122114,46.9175251022855
232,2008,0.192289751278496,0.110188466556234,0.317959992953438,-112.461655084182,47.0793087013163
245,2008,0.0966059789009943,0.0201566622186644,0.25569733731688,-103.962894873036,47.8339743825041
247,2008,0.124630239310346,0.0183312286558343,0.388423095765841,-102.640490790603,47.9035479230808
249,2008,0.076231844989459,0.031304064578034,0.150488778658384,-101.315505768706,47.9605404832261
251,2008,0.224986528488402,0.0474451034565593,0.58598728763524,-99.9884473692496,48.0049104357337
253,2008,0.0966132387430473,0.0292716873719282,0.21546991889192,-98.6598330133486,48.0366278684214
256,2008,0.0765914220952685,0.00948723263327923,0.253419310930019,-96.665122546838,48.0604279296598
258,2008,0.0895484550157582,0.0285360104345829,0.192256387703657,-95.3348823145924,48.0604298280833
260,2008,0.0799062487181981,0.0279885834530798,0.164815565595722,-94.0048959270843,48.0477350463897
262,2008,0.0495295059140439,0.0214267714137461,0.094373944988722,-92.6756942817593,48.0223511455104
263,2008,0.120230999851359,0.0731533852687188,0.192106721968131,-92.0115504398173,48.0049117563328
264,2008,0.103439747429695,0.062930932631023,0.160576540466936,-91.3477975209589,47.9843065564997
265,2008,0.259615913926276,0.183129683357154,0.361263827540148,-90.6845036809804,47.9605399161754
266,2008,0.17700806395972,0.1200628334264,0.251896887288909,-90.0217221165395,47.9336226989668
267,2008,0.432095088830171,0.288223931586212,0.603837099746909,-89.3595260117118,47.9035575485126
268,2008,0.301104835839234,0.203846452879419,0.41143060679977,-88.6979622211281,47.870332034353
269,2008,0.0961869386554648,0.032789836919515,0.199377397691569,-70.6767402542768,45.7008752966752
270,2008,0.394363621370862,0.28559246705234,0.52144775148274,-70.0588362662863,45.5809568985751
271,2008,0.416650107646235,0.302603639485321,0.54925172436838,-69.443173730937,45.4582639237871
272,2008,0.199499347810316,0.124715221408045,0.294405063490389,-68.8297909872228,45.332814591009
273,2008,0.175652212041292,0.100342400842322,0.277951284740503,-68.2187269301224,45.2046259432757
274,2008,0.189692495578606,0.109044636918756,0.29894057406588,-67.6100186718221,45.0737155823609
275,2008,0.0211443703830124,0.0105822327628489,0.0391864933363298,-67.003702269256,44.9401012433577
290,2008,0.0801711987406196,0.0153977112469185,0.219869436972499,-115.535374198856,46.2110823086983
292,2008,0.0974211788260069,0.0625946726766119,0.143655270771338,-114.265944462349,46.3892456788843
293,2008,0.101985541863697,0.0641937880532496,0.154839522155983,-113.628715560547,46.4739211444767
295,2008,0.0947499032196342,0.0540810744868632,0.15454993829145,-112.349491918944,46.6343911984023
296,2008,0.0579899557793645,0.0228375826243802,0.124351039932721,-111.707601287673,46.7101626793575
300,2008,0.0396061741667925,0.00931476396571652,0.111468180034998,-109.126073329897,46.9831825089554
312,2008,0.0922480192689226,0.0402856307708665,0.17065068154352,-101.278638743776,47.5082698888487
313,2008,0.0887450228522988,0.0381444073501212,0.169412806959048,-100.619921785345,47.531830613475
315,2008,0.335321344545078,0.0269385535491273,1.27448844975903,-99.3012171828397,47.5695522684754
319,2008,0.0669725512070681,0.0109430796684211,0.18951832274371,-96.6605002482872,47.6073015223553
320,2008,0.0312907919929996,0.0113524309526324,0.0629322903996779,-96.0000015309552,47.6088744950346
324,2008,0.0210399596611566,0.00926700780817628,0.0386821659554262,-93.3586432756584,47.5837062006271
325,2008,0.023312600268734,0.00943583401456038,0.0464982008709505,-92.6987836625179,47.5695488190079
326,2008,0.064771267826844,0.0412552054888943,0.0963427445532662,-92.0392406177524,47.5522583542852
327,2008,0.0705017276804084,0.0479254802589738,0.101633809630735,-91.380080170463,47.5318319865671
328,2008,0.169821816796015,0.0853081957589667,0.288465958932104,-90.7213647962847,47.5082714380863
330,2008,0.0286628674184835,0.011665467522513,0.0617176261973811,-88.0921950487924,47.3827812490345
332,2008,0.1864174164272,0.0999785516403556,0.272306965193978,-71.4609849289288,45.3830240963321
333,2008,0.552430491366808,0.349375057008425,0.806482290579868,-70.8446113305664,45.2667870166081
334,2008,0.419805463426195,0.251969390353965,0.616844242561205,-70.2303972745836,45.1477740738739
335,2008,0.158321949699937,0.0950827916477228,0.243264858474906,-69.6183834728863,45.0260023279712
336,2008,0.0288660615248164,0.0164112277152802,0.0494420934206635,-69.0086087274,44.9014884763742
337,2008,0.0352615765019281,0.021249179754923,0.0565019775200641,-68.4011099872722,44.7742499377212
338,2008,0.043437224915191,0.0204580927539026,0.0871006582325547,-67.7959203736645,44.6443029250288
339,2008,0.0126502935184037,0.00474238510725457,0.0263451518543232,-67.1930813361053,44.5116647668273
353,2008,0.125358541342018,0.030779296696637,0.313128791649078,-116.032373562756,45.6773045017994
356,2008,0.11031052664477,0.0752162742227757,0.155223676844017,-114.142918787608,45.9467992917977
357,2008,0.2426730785667,0.127564783887099,0.415692652884988,-113.509780049327,46.0308013550754
358,2008,0.127787913470254,0.066222748778491,0.225221745526722,-112.875069121501,46.1118702559755
359,2008,0.133829780140413,0.0759108500245778,0.215224064072189,-112.238833155574,46.1899909150082
361,2008,0.0779667997530025,0.026091741271601,0.178672669627486,-110.961991642417,46.3373407404143
362,2008,0.12110546246678,0.0254454721107476,0.32048446658071,-110.321492639281,46.4065460013088
374,2008,0.0458071450903382,0.0101736993235926,0.119614416356705,-102.549113998863,47.0006697792495
377,2008,0.0757933497022807,0.0326836909127845,0.142980992039714,-100.588086898593,47.0800669034272
380,2008,0.0749384372681507,0.0145809014291455,0.20170288327805,-98.6231351464366,47.1315018356793
384,2008,0.0280037824154269,0.00997809541168103,0.0598003424912729,-96.0000014210416,47.1564591286036
385,2008,0.0234308420326703,0.00916500195345919,0.0484870564800517,-95.3440610906269,47.1548997101512
386,2008,0.00766520647387616,0.0013911028565031,0.0227968135882739,-94.6881835301603,47.1502194986402
387,2008,0.00803471282436698,0.00150641347755354,0.0227551376343246,-94.0324313689751,47.1424200620507
388,2008,0.0138849753766919,0.00605247154004975,0.0265295846858278,-93.3768684788266,47.1315042772383
389,2008,0.0163805178196333,0.00768832549041753,0.0285495194410231,-92.7215517641475,47.1174662695802
390,2008,0.0490697828471497,0.033602472315901,0.0709967658553539,-92.0665480964572,47.1003219121314
391,2008,0.0252932484589225,0.0158403087358242,0.0396498266182444,-91.411919140626,47.080066671644
395,2008,0.0232051123279346,0.00754802660675631,0.0557190186412154,-88.7983682463696,46.9680095197817
396,2008,0.0686105875624904,0.0257802643152775,0.147687666176595,-88.1465282163012,46.9322626269099
400,2008,0.0264830526879079,0.010953436530397,0.0506596399127939,-84.8996139174757,46.7074451795175
401,2008,0.0614054308819344,0.0379314117133728,0.0910001106017645,-84.2530916965949,46.6533170768607
402,2008,0.0150945832542523,0.00690780626699395,0.0275515126005134,-72.8545671804252,45.1707175557146
403,2008,0.0680042419292998,0.0366624040225413,0.110951302170309,-72.2377690339484,45.0609176362494
404,2008,0.28269888709668,0.202862182870211,0.370642694474894,-71.623004821057,44.9483239475011
405,2008,0.37008999863638,0.266308110042862,0.486369553750746,-71.0103245125402,44.8329569723512
406,2008,0.22740419508585,0.144412985650261,0.321237055780284,-70.3997618876306,44.7148280484738
408,2008,0.0143781334361628,0.00780481449016277,0.0222235962938301,-69.1851491926563,44.4703556289223
409,2008,0.00943790734082063,0.00443906043573549,0.0163592655417223,-68.5811796096497,44.3440438142203
410,2008,0.00583367842499319,0.00250959343104717,0.0115896391061482,-67.9794674536805,44.2150381678463
425,2008,0.0638821747041236,0.0316955948855456,0.115691458053555,-115.899043609178,45.2373659678815
429,2008,0.154049234081292,0.0730221841920166,0.271304624103958,-113.392423274916,45.5881268522259
430,2008,0.230198865208787,0.12643372821266,0.368701186270035,-112.761782717815,45.668560394512
431,2008,0.154607147896417,0.0955440623252027,0.234495614084969,-112.129648168408,45.7460666303337
432,2008,0.0549801654665288,0.0246444990574028,0.105622242720507,-111.496069838998,45.8206357339976
433,2008,0.0606301471099429,0.0363342870878769,0.100381051710504,-110.861095209611,45.8922511477705
434,2008,0.0919400820865588,0.0354092003764924,0.187175915042148,-110.224782157076,45.9609058296223
446,2008,0.0776688475147084,0.0127509623395139,0.240342316568985,-102.504359482585,46.5502197979077
449,2008,0.0597263917025104,0.0245003796947667,0.121324429226786,-100.556682467185,46.628963215207
455,2008,0.00718438729442559,0.00150238578708985,0.0197940588177896,-96.6514455641382,46.7031750500181
459,2008,0.00885460395350597,0.00100227535013155,0.0316229381463318,-94.0459175605674,46.6908001888111
466,2008,0.0298666375341003,0.0134901885619646,0.0520884007390076,-89.495641467529,46.5502179985882
467,2008,0.031653976851313,0.0148582110884512,0.0555560230044347,-88.8475490096495,46.5178274876557
468,2008,0.173099867858704,0.117268879662099,0.242672433830449,-88.2001219559999,46.4823737145273
469,2008,0.0523176342266893,0.0333102493204725,0.079084034583301,-87.5534181875996,46.4438629758044
470,2008,0.0208910712030733,0.00761348664869132,0.0474029896369738,-86.9074986216507,46.4023015077598
473,2008,0.0418880699744593,0.0139986843764252,0.0925952569264001,-84.9750218889303,46.2593857530883
474,2008,0.0330140233166,0.018447847268365,0.0598264330621186,-84.3328128514277,46.2056954551487
475,2008,0.0258152066582521,0.016087264725359,0.040345495734937,-83.6916711082702,46.148994515225
476,2008,0.0146124539963221,0.00700205772754776,0.0261118839823929,-74.8578824783345,45.0447534768746
477,2008,0.00799265718553385,0.00386972679774608,0.0145661949374663,-74.2390646929974,44.9441892239489
478,2008,0.00836491792204925,0.00352662335196761,0.0168726122795397,-73.6221190079452,44.8408043371509
479,2008,0.027912240936119,0.0201412249851696,0.0371250350459112,-73.0070899103365,44.7346122701868
480,2008,0.0812604639564758,0.0586827007859837,0.109786604803116,-72.3940193534542,44.6256304954353
481,2008,0.189776936907982,0.122089342299985,0.26975382289284,-71.7829490331442,44.5138718581006
482,2008,0.320702108617839,0.222166825712574,0.43840762416192,-71.1739155676505,44.3993521111248
483,2008,0.0423114899734754,0.0242935110095678,0.0711428312650392,-70.5669648684642,44.2820880757187
484,2008,0.0106316800551981,0.00550087732277066,0.017548307548942,-69.9621320691256,44.1620946888982
485,2008,0.00921350427869807,0.00323801629382032,0.0202991503278322,-69.3594555418116,44.0393876523552
500,2008,0.0354103123072935,0.00970919377648196,0.123637896408152,-116.386015924015,44.7036044928699
501,2008,0.0703362508576008,0.0357952634389958,0.121880916699086,-115.76745079886,44.7977710589561
505,2008,0.134242104124467,0.0649506278607877,0.230539887994591,-113.276610256061,45.1458605536931
506,2008,0.115499184790085,0.070376101682532,0.174464609999474,-112.649991533319,45.2256746420955
507,2008,0.148495188057893,0.0945671806193122,0.219280910442765,-112.021907387769,45.3025808168921
508,2008,0.131035192005678,0.0914133866770706,0.182764346220832,-111.392409141963,45.3765718394876
509,2008,0.120803386162475,0.0841070023861025,0.169426557212592,-110.761541185407,45.4476302633058
510,2008,0.168637432439364,0.0584708332747894,0.349438913819593,-110.129361108498,45.5157474428831
541,2008,0.0234988791254849,0.00680569815284545,0.0538272151208195,-90.1841103875549,46.1294542868697
542,2008,0.025576889157388,0.0114504899315315,0.0472449193088436,-89.5397896731285,46.100368656793
543,2008,0.0223417680396029,0.0103908234201058,0.0406301155582888,-88.8960649763765,46.0682394388238
549,2008,0.0127751288263442,0.00427819066246426,0.0315543859864926,-85.0494174511804,45.811868636415
552,2008,0.0100769539301424,0.00440318214804473,0.0188138237925366,-75.613984086982,44.7036027269212
554,2008,0.0198351422694625,0.0112347066231252,0.0327938903432873,-74.3821449942201,44.506789421891
555,2008,0.025568640655083,0.0137970725876311,0.045314454699891,-73.7689588899771,44.4041712809705
556,2008,0.025446482539746,0.0180762187782347,0.0354956532282317,-73.157654155756,44.298761588991
557,2008,0.0514041107579627,0.0390538871087724,0.0677783756553533,-72.5482698612843,44.190578652805
558,2008,0.174421556105365,0.127524372916003,0.219239328437474,-71.9408481310075,44.0796341005252
559,2008,0.218262080637757,0.162776343445583,0.27869214251705,-71.3354244189059,43.9659451531973
560,2008,0.0205219418350485,0.0116519938437399,0.0320529882987681,-70.7320490133694,43.8495249221951
561,2008,0.00306267522570478,0.00122258060463425,0.00578398612791168,-70.130750482445,43.7303904946378
578,2008,0.0611409709148665,0.0115914160246163,0.186649948264267,-115.637562865664,44.358485874481
581,2008,0.130072550890124,0.0682542757231419,0.222013055325578,-113.783472432459,44.6218817094677
582,2008,0.112931420597162,0.059908276365802,0.185818413127848,-113.162312767383,44.7039676519605
583,2008,0.13005936808572,0.0768491428986447,0.205726811996463,-112.539668903814,44.783176808501
584,2008,0.182224244421966,0.0971596581249206,0.318644494984098,-111.91558586033,44.8594980846902
585,2008,0.0479279958070355,0.0349046813562488,0.0637904952146904,-111.290114607084,44.9329241030284
586,2008,0.0473887376843083,0.031630815510181,0.069286809912072,-110.663302305625,45.0034382707282
587,2008,0.0827534281667307,0.0586435096296336,0.11589089218334,-110.035201559448,45.0710303440364
588,2008,0.0581716667989036,0.0411010839493031,0.083838906895775,-109.405868264151,45.135693329813
618,2008,0.0336382920773367,0.00440886289759765,0.112371422954386,-90.2233418640865,45.6799299956426
620,2008,0.0212992540541155,0.00437108944944611,0.0596045385968971,-88.9439240376559,45.619201755334
630,2008,0.00110628439859446,0.000190890122542078,0.00306983889034716,-76.3624400641775,44.3584851192762
631,2008,0.00630804391805341,0.00170339212946587,0.0161143625363588,-75.7476909873557,44.2650152147975
632,2008,0.0179464756078017,0.00654175330992873,0.040091294082956,-75.1346601488476,44.1687320357042
633,2008,0.0453773542234073,0.0290416917382687,0.0663267890371622,-74.5233891861717,44.0696482940199
634,2008,0.0724768343217683,0.0416421344496989,0.116664058540815,-73.9139194629817,43.9677786572675
635,2008,0.0345656782301477,0.0247355198518276,0.0477475243317153,-73.3062956765717,43.86313359001
636,2008,0.0708516186109337,0.0513745850860933,0.0946187737977996,-72.7005580818272,43.7557309238421
637,2008,0.0497393783751414,0.03562134243499,0.0695917715515937,-72.096745405244,43.6455824307873
638,2008,0.0325590508724427,0.0225984118660177,0.0455964911172367,-71.4948985248964,43.5327032721944
639,2008,0.0235281093867049,0.0125930317909176,0.0406216460905241,-70.8950539585084,43.4171102411319
655,2008,0.00673946778935382,0.00161071790323203,0.0151193476761774,-116.12031900192,43.8266891231278
657,2008,0.0506273891853465,0.0238672033745446,0.0929911183977267,-114.896733551418,44.0094559300545
658,2008,0.0461203102875985,0.0226371777120745,0.0831179070047854,-114.282524899195,44.0966126165839
659,2008,0.135602620976056,0.0689425698974755,0.235980274008268,-113.666766123631,44.1809357386755
660,2008,0.13451858293856,0.0750695038178414,0.214385595638942,-113.049502322059,44.2624126142002
661,2008,0.191149598659429,0.105190729837322,0.346697135875585,-112.430782400274,44.3410318458983
662,2008,0.208618359212532,0.13078933333735,0.31240615398561,-111.810649827634,44.4167791744156
663,2008,0.0764158414564081,0.0554368609102051,0.104324818889804,-111.189160078257,44.4896471530197
664,2008,0.0274697680319315,0.0166322065566505,0.041932397263124,-110.566351563484,44.5596381394927
665,2008,0.0867655462554155,0.06393098315199,0.117729705848099,-109.942281756302,44.6267200072128
666,2008,0.0508524457243797,0.0224695541650701,0.0985864956126498,-109.316999429174,44.6908926966992
668,2008,0.227027777761612,0.11933445048005,0.396092069037331,-108.062992665469,44.8104686875657
669,2008,0.597786594947444,0.331465530288166,0.932001897253829,-107.43437659811,44.8658559511148
710,2008,0.0185402375303095,0.00718332708702761,0.0390140488224555,-75.2703931717895,43.7311027812755
711,2008,0.0491322243093448,0.0314993690482579,0.0708720200684814,-74.6628303396871,43.632734681026
712,2008,0.0376878309340857,0.0225840927187681,0.0590520752473277,-74.0570367160181,43.5315963738007
713,2008,0.0157334728316536,0.00757665086138079,0.0285228410861678,-73.4530532043718,43.4276991027857
714,2008,0.0585752724053573,0.0404605217448,0.0817905199444821,-72.8509212587371,43.3210583242021
715,2008,0.0406683621257096,0.0283106077533389,0.057894787301657,-72.2506779925283,43.2116874301947
716,2008,0.0210585748296085,0.0137776597290637,0.0310182148512485,-71.6523647669208,43.0996007467112
717,2008,0.00747463609310438,0.00373336168292439,0.0127290696917718,-71.0560185015014,42.98481471806
734,2008,0.0913096608308004,0.0234130359358824,0.232334700316844,-115.382770076014,43.4807125720167
735,2008,0.178929791164382,0.116057420058786,0.263447197229815,-114.773918404995,43.5700430764301
736,2008,0.131093103870339,0.0889708004039988,0.186471719313119,-114.163501427333,43.6565691833324
737,2008,0.222383716899153,0.100669703897988,0.430016486262924,-113.551563177535,43.7402787046076
739,2008,0.180361051384084,0.102479137864457,0.290403041967759,-112.323306033627,43.8992041394788
740,2008,0.177290228499617,0.114019915577795,0.253132106113663,-111.707079475952,43.974396823416
741,2008,0.334094932262164,0.236814296023795,0.445743337846307,-111.089517958523,44.046729682195
742,2008,0.138553102902965,0.108080827860099,0.178662155422285,-110.470664190897,44.1161945853347
747,2008,0.733613482324468,0.407540825215902,1.15481271296198,-107.358812082343,44.4201195918522
748,2008,0.1961927382512,0.112461267115799,0.315200682971261,-106.733278918328,44.4721647364724
790,2008,0.0333940358007049,0.0131171707155886,0.0687466567526238,-74.8005019980691,43.1960170152874
791,2008,0.0203963742882772,0.00732623053355104,0.0433512911390571,-74.198342428856,43.0955932326429
792,2008,0.00916060302182012,0.00404092413162542,0.0179765228744658,-73.5979595890574,42.9924262557409
793,2008,0.0714700440869801,0.0468581923060997,0.105377689388803,-72.9993933692596,42.8865313302364
794,2008,0.0388284722933177,0.0279126858710092,0.0535220518504935,-72.4026818113356,42.777921670976
795,2008,0.0191584918650325,0.0134865707997733,0.0260271340849657,-71.8078661765002,42.6666103833826
796,2008,0.000507705040841618,8.3152895947447e-05,0.000666140559248292,-71.2149800875281,42.5526120433965
815,2008,0.513595210902445,0.252819703205247,0.884969211301417,-114.045998932382,43.2167676588969
816,2008,0.0823031593360507,0.0305583869093342,0.165273361315191,-113.437837611848,43.2998789589846
819,2008,0.262405105591122,0.14776353068406,0.405875867061159,-111.604842734884,43.5323090825256
820,2008,0.28904093917581,0.207854050808325,0.378207907237445,-110.991161093688,43.604116470305
821,2008,0.156251830635572,0.120054641852769,0.201359255644838,-110.376216433854,43.6730727467328
822,2008,0.19207505949259,0.0854061788415364,0.362761294802305,-109.760055685521,43.7391683698958
826,2008,0.276449075256918,0.184514804084897,0.386593568796007,-107.284235079899,43.9747585210165
827,2008,0.183507165350373,0.103442180869266,0.299217439884244,-106.66273806328,44.0264160330045
877,2008,0.0270519870794945,0.0156642496757989,0.0432879117071783,-73.1460089299208,42.4521210494956
878,2008,0.0267166989639642,0.0188618280170808,0.037618385463274,-72.5527918934419,42.3442545476635
879,2008,0.0114433593771423,0.00764565878983552,0.0160256333189267,-71.9614346016644,42.2337015241572
904,2008,0.116676578936718,0.0716166039850869,0.177931323005584,-112.719706079477,42.9394365784853
905,2008,0.0958814023333682,0.0469036667744906,0.17089625384042,-112.112476692354,43.0163669827586
906,2008,0.186259606563044,0.101102009399004,0.306724561990384,-111.503915596722,43.0904840906579
907,2008,0.215917601382049,0.133466853650103,0.336655218295304,-110.894069029749,43.1617780614914
908,2008,0.261882566546937,0.134456219412972,0.446127367421229,-110.282984473574,43.2302405334548
909,2008,0.192680401300488,0.112319795236572,0.294613889083717,-109.670705371682,43.2958576721997
911,2008,0.0661306940461489,0.0196352960105235,0.147889932957182,-108.442757810671,43.4185337124392
963,2008,0.0271020010035183,0.0157712206094702,0.0441644595718278,-73.2908034531097,42.0178001271581
964,2008,0.00497598157880484,0.00220793085613366,0.00884007916350037,-72.7010412022829,41.9106602199159
965,2008,0.0032268864113098,0.00104078313701157,0.00645379824474342,-72.1131053229347,41.8008479286835
984,2008,0.0779244093672555,0.00732691549667318,0.265292984800934,-116.203629398749,41.9824136247028
987,2008,0.460349797100445,0.286644405620611,0.682300885687623,-114.414750407728,42.2530490835486
988,2008,0.471083691904887,0.28389663209624,0.708222128395161,-113.815442855092,42.3377675600178
989,2008,0.151034951440289,0.0851092235386608,0.250311729802526,-113.2146984706,42.419721218099
990,2008,0.16963066040218,0.109726263768685,0.248393350272533,-112.612560242519,42.4988994123537
991,2008,0.103706082674602,0.0462084000043562,0.1970702443083,-112.009070954656,42.5752926426614
992,2008,0.224294140164459,0.112144508052563,0.397029217751708,-111.404274261227,42.6488905960846
993,2008,0.228302649608416,0.133737838100773,0.355616606995191,-110.798217972273,42.7196842309693
994,2008,0.178016561041051,0.0879185817770019,0.325807956822268,-110.190943799606,42.7876630149683
995,2008,0.237932745849655,0.14343940279212,0.369688637261457,-109.582499689753,42.8528151708467
996,2008,0.130401649555536,0.0742425389869746,0.206767517566637,-108.972930266934,42.9151350552992
997,2008,0.0637398217245303,0.0142425527826792,0.150138705979281,-108.362287083933,42.9746150528814
1016,2008,0.00665047194957298,0.000891361403249803,0.0218679022896767,-96.621621329627,43.5564547242932
1049,2008,0.00570732749116811,0.0024815194514401,0.0105106520351405,-73.4338091418098,41.5835411257897
1067,2008,0.0603757240726845,0.0090776003189831,0.188133144381702,-116.076216826557,41.5455512102766
1068,2008,0.111012611083176,0.0325794744815157,0.261841540187784,-115.48500637125,41.6378759245124
1069,2008,0.0999732438653086,0.0281734070933259,0.234668619207467,-114.892263269215,41.7274848434247
1071,2008,0.0849130285030077,0.0294776997545589,0.180597501272502,-113.702335261937,41.8985096103371
1072,2008,0.109617327227349,0.0335727320632612,0.256398691254831,-113.105238751938,41.9799045445942
1073,2008,0.0913356790056424,0.0170566622975536,0.229104204001424,-112.506767818374,42.0585399196457
1075,2008,0.129555604937452,0.0749085754368902,0.203876811825051,-111.305893884186,42.2074963261937
1076,2008,0.271749176770402,0.0962219627206185,0.612595609600308,-110.703580859138,42.2777988800144
1077,2008,0.169512602944524,0.0635096369182736,0.357983305318494,-110.100071224189,42.345304462356
1078,2008,0.110952363489894,0.0358285367499001,0.244974018307975,-109.495418486021,42.4100045574667
1079,2008,0.129966297079156,0.0533484531663873,0.261313902384611,-108.889657956902,42.4718888924363
1081,2008,0.0577111818519808,0.0126632531398701,0.156208407107053,-107.675022920097,42.5871832658952
1153,2008,0.105399977730557,0.022704842362077,0.275223776862375,-114.77344067336,41.2894883753314
1158,2008,0.086566937183394,0.0533602851359244,0.135783990428518,-111.806157067383,41.693681068377
1159,2008,0.117075329606122,0.073031522935553,0.178813550072978,-111.20875371608,41.7662744536107
1160,2008,0.132184818152432,0.0748073865635149,0.216082349761017,-110.610136629169,41.8360956074426
1161,2008,0.137428161999311,0.0701588727390783,0.23877839579207,-110.010350543811,41.9031377469323
1183,2008,0.00937253752069059,0.000749563284284174,0.0354510944421807,-96.6135902963884,42.6611397355194
1233,2008,0.0188724733582621,0.00249996785765754,0.0675899326709423,-115.826086529838,40.67200354049
1240,2008,0.109205225345728,0.0805390055623453,0.143051829708314,-111.70659825914,41.2530824601715
1241,2008,0.117392927514712,0.0792240054346208,0.169574816333107,-111.112828967095,41.3251903546144
1242,2008,0.0611231573069212,0.0225152899791517,0.129077305311428,-110.517866714772,41.394543713023
1244,2008,0.0290859438429441,0.00735102747785341,0.0785191959935506,-109.324539228095,41.5249547030918
1249,2008,0.0526022950502236,0.0185095097887299,0.124597233823232,-106.323440479132,41.8022336797733
1325,2008,0.122849267718269,0.0871813752044201,0.16296906724799,-111.60827506494,40.8125836018646
1326,2008,0.245475035418479,0.153025394766745,0.35951334782056,-111.018094906379,40.8842168298241
1327,2008,0.223904790454385,0.126626373259142,0.357672044743066,-110.426744985701,40.9531131945692
1328,2008,0.129614471659344,0.0819617761917728,0.196237376898098,-109.834266981855,41.0192645938366
1333,2008,0.140581978887921,0.0924786430503007,0.20857409606126,-106.856474378115,41.3085582936967
1334,2008,0.333082805068486,0.219574691372373,0.475988285917168,-106.258145661708,41.3580770848031
1335,2008,0.120182489936042,0.0761040301900859,0.17827036613007,-105.658999922076,41.404801409304
1336,2008,0.300012457480324,0.140615476351859,0.528994101446776,-105.059084019658,41.4487232013348
1338,2008,0.0539287995241992,0.0229488812205212,0.107643325262768,-103.857121159615,41.5281376885191
1409,2008,0.105540596890184,0.0712552654591191,0.147822456488488,-111.511164150686,40.3721557172223
1410,2008,0.211735766853883,0.108090270922368,0.35901509238667,-110.924532316737,40.4433255564854
1411,2008,0.153675441382386,0.0664362238979524,0.292894703832882,-110.336751067485,40.5117747644432
1412,2008,0.128533004741113,0.0583168822789405,0.239292810762188,-109.747862572294,40.5774945048426
1413,2008,0.0319740447829781,0.0120044876096397,0.0701787238862249,-109.157908368446,40.6404753061641
1416,2008,0.0299443743799291,0.0105258360791643,0.0705998982603218,-107.382084389228,40.8129212642875
1417,2008,0.31515902203059,0.234843461653891,0.403769511075955,-106.78830021479,40.8648831041466
1418,2008,0.285131733122013,0.193590789252583,0.401354363942211,-106.193670449777,40.9140735584832
1419,2008,0.0850348672257195,0.0629366799166531,0.114373217471069,-105.598236458589,40.9604866520144
1420,2008,0.0283151942604937,0.0160957646978174,0.046492412353788,-105.002047579579,41.0041170728256
1492,2008,0.0361758542926136,0.00663505358386291,0.113302827130422,-111.997200935055,39.8583600354677
1493,2008,0.117589356796533,0.0808032507092375,0.163151614693774,-111.415243384041,39.9317719896599
1495,2008,0.103747474734529,0.0144379001748257,0.325272566067412,-110.247863439335,40.0704996825133
1501,2008,0.217680596341079,0.16101638028761,0.280943951142706,-106.720974122848,40.4213250032604
1502,2008,0.411383555417718,0.293931443733936,0.54683065902581,-106.129996789063,40.4701946699446
1503,2008,0.130383746948654,0.0932413455351734,0.179195839802121,-105.538229266375,40.5163044104533
1504,2008,0.0133118540009215,0.00696196420350383,0.0229597193484112,-104.945723200783,40.5596469372605
1576,2008,0.0519181139777211,0.0169431461324732,0.121388294900699,-111.320491708783,39.4914045546608
1582,2008,0.0436892117079369,0.019145716488023,0.0868713803302187,-107.8267263069,39.8725389911402
1583,2008,0.137723113165047,0.06133174562051,0.258504778350444,-107.241029586204,39.9265610616934
1584,2008,0.150177363979439,0.104392780872161,0.212064037038436,-106.65447886542,39.9778530065854
1585,2008,0.219565161903717,0.161953438584232,0.288672272983535,-106.067110267552,40.0264104424822
1586,2008,0.087526045335764,0.0673380292458879,0.113910488405554,-105.478968667215,40.0722211759544
1587,2008,0.00107065457967893,0.00018163104537587,0.00159413840102048,-104.890096369955,40.1152852060354
1664,2008,0.0201530299817224,0.00240269678532579,0.0667133015707138,-108.335236655259,39.3733976164057
1665,2008,0.0370722237722342,0.0155341150119568,0.0790611276868548,-107.753962467665,39.4297902249419
1667,2008,0.189953558303784,0.144026745594464,0.243161831765858,-106.588801977915,39.5344426395234
1668,2008,0.234977290917389,0.16575085722196,0.321773438726177,-106.004996072895,39.5826917516443
1669,2008,0.0557229601173784,0.0415937841626925,0.0730594654016825,-105.420433632994,39.6282109702619
1670,2008,0.00102264118772759,0.000146304717644123,0.00138640377189302,-104.835155420848,39.6710005135731
1746,2008,0.0201751051878631,0.0067026971302524,0.0469082182485373,-108.259881699426,38.9310140708376
1748,2008,0.0955416478344237,0.0643367894747355,0.139108074099796,-107.103415161161,39.0404087947803
1749,2008,0.161631970891856,0.108566406362913,0.227654822050488,-106.523922369266,39.0910629083992
1750,2008,0.0867779732252867,0.0611412581030053,0.118596508293899,-105.943641460323,39.139009322844
1751,2008,0.0246725396368893,0.0154728189980713,0.0369157370688662,-105.362615768643,39.1842460843658
1752,2008,0.0081569618869157,0.00340628057288233,0.0131356224241271,-104.780887722694,39.2267675507065
1829,2008,0.0154166478101199,0.00672646981247336,0.0299338660942753,-107.611076141954,38.5443150840386
1830,2008,0.0458242274212313,0.0267306160420069,0.0956247887319319,-107.035857146631,38.5973396057948
1831,2008,0.13328740290972,0.097161502192728,0.178942743356007,-106.459830378089,38.6476826784603
1832,2008,0.0384856381872083,0.0166862901216454,0.0775554626247026,-105.883032326581,38.6953379085553
1833,2008,0.0213413436369247,0.0134545365265534,0.0311570323700495,-105.305501746264,38.7402976627333
1834,2008,0.0122475849024355,0.00731366659398722,0.0179783094704937,-104.727283343919,38.782559066598
1910,2008,0.118079977371783,0.0867804683172918,0.158217614162481,-107.540918612131,38.1015350484587
1911,2008,0.107556173210442,0.0720302502661744,0.159640570503086,-106.969115060283,38.1542412219608
1912,2008,0.0647389467716082,0.0340655851428877,0.112380971137664,-106.396513705963,38.2042814448047
1913,2008,0.0428294356213537,0.0189912939844804,0.08600983479244,-105.823154687203,38.2516502419397
1990,2008,0.0119440728741721,0.002503015767901,0.0288729712129817,-108.039208318683,37.6036427370119
1991,2008,0.117527422487949,0.0828676393235401,0.161124452383692,-107.471599693738,37.6586900208738
1992,2008,0.111342712703812,0.0805857206843622,0.150604996901087,-106.903171237272,37.7110863934746
1993,2008,0.0457742197336954,0.0242669534631055,0.0811662292546973,-106.333955618741,37.7608301443974
2070,2008,0.007429392463366,0.00134569004794953,0.0179485038129615,-107.967395857889,37.1610302815154
2072,2008,0.0129169444096152,0.00324267216613147,0.029095697817373,-106.838011820175,37.2678491717506
2073,2008,0.0258872097628731,0.00905370463742076,0.0591273335696765,-106.272142802708,37.3173029771175
2151,2008,0.00554405349995308,0.000465253820707365,0.0158294184806474,-107.896430876523,36.7182962299437
6,2013,0.0053774497850565,0.00108423444247828,0.0120007163632547,-121.265128723774,48.994555393664
7,2013,0.0144801633062768,0.0071835862516756,0.0272241842787661,-120.612805474797,49.1126837672064
8,2013,0.00490854777570577,0.00167562232116998,0.0145909123970399,-119.958104358564,49.2278348396007
14,2013,0.00862852319237063,0.00178974127765975,0.0188114285274957,-121.089036419193,48.555629878705
15,2013,0.0492452628797241,0.029553983999708,0.0749067087895152,-120.440842673788,48.672733234681
16,2013,0.0652655551486225,0.0353045775836442,0.111081310757666,-119.790313872131,48.7868865773491
17,2013,0.0269747777331201,0.0125868057204368,0.0506052066704804,-119.137500463454,48.8980721978474
18,2013,0.0238186175786308,0.0103193423757529,0.0476723309793017,-118.482453966982,49.0062653448723
19,2013,0.0480141551699621,0.0203017956752283,0.0927289461674441,-117.825219759276,49.1114538833663
20,2013,0.0360919274684343,0.0116356874656274,0.0899930628920621,-117.165854351124,49.213617147949
27,2013,0.0405305018374205,0.0198369584550962,0.0778593412765638,-120.27121456213,48.2333626190998
28,2013,0.0565005145967968,0.0254383120264259,0.106363229563099,-119.624814650583,48.3465402327626
29,2013,0.109321912826081,0.0565473742161762,0.18571332921334,-118.976175551119,48.4567680841763
30,2013,0.141365814063598,0.077072181712142,0.230443484393061,-118.325346401563,48.564029742441
31,2013,0.157955272040437,0.113983244338652,0.213933821736167,-117.672375597358,48.6683051194705
32,2013,0.0961223555718623,0.0598164950891657,0.150151813174128,-117.017316446554,48.7695743758115
33,2013,0.0731612087690699,0.0422274705127881,0.122824307544836,-116.360221072417,48.8678199767522
34,2013,0.0664974871925862,0.0307811888224641,0.11852317903276,-115.701143087202,48.9630258969627
35,2013,0.0423064425470119,0.0259542730585519,0.0670758049091554,-115.040136094933,49.0551758980945
36,2013,0.0328910088935346,0.019879387343003,0.0513548778275643,-114.377255928809,49.1442541785679
37,2013,0.0266472801463737,0.0136430263088571,0.0376591518706999,-113.712561201883,49.2302453010975
38,2013,0.025535733398679,0.00635218538352173,0.0626579445327924,-67.9000250105137,47.4934264776634
48,2013,0.23416090718551,0.107681311865717,0.431160561926158,-118.170381383063,48.1224031571419
49,2013,0.21196904488783,0.140246010954578,0.29949986941019,-117.521623369245,48.2257868101742
50,2013,0.143501939435008,0.101281179184415,0.197097504862078,-116.870816677498,48.3261864091953
51,2013,0.0673573451482644,0.0381506574822455,0.111474821393864,-116.218015973647,48.4235822996474
52,2013,0.0700248829463983,0.0420917185614137,0.110708788448072,-115.56326990492,48.5179625451974
54,2013,0.0587602307355264,0.0359262751710236,0.0942728267210539,-114.248169681455,48.6976058532625
55,2013,0.101328462113797,0.0722205913563009,0.15158923953209,-113.587922894349,48.7828372654218
56,2013,0.0463466986103403,0.017111787745921,0.0995743353218038,-112.925954282071,48.8649870003599
60,2013,0.0275111046955502,0.00525431207585755,0.0766231269243529,-110.262024903585,49.1624886658511
62,2013,0.30900707855255,0.144850711211349,0.544698136556573,-69.3497434925368,47.3166834397276
63,2013,0.39938995017899,0.183587215767993,0.727173313713496,-68.7190892921395,47.190084100331
64,2013,0.407307945779609,0.213175722344601,0.670297045621704,-68.0908928553389,47.0606651056672
65,2013,0.0867700449663849,0.0318053765138414,0.154495508855486,-67.4651983439585,46.9284486236964
72,2013,0.00847723515144331,0.00121351804772973,0.0251946862275262,-120.574861976244,47.2420031643778
76,2013,0.122211974749647,0.069412965407774,0.195918524022716,-118.017514067676,47.68134777365
77,2013,0.113082301259801,0.0724676320084352,0.164626782625297,-117.372920136676,47.7838610764382
78,2013,0.164144536099082,0.111274007120336,0.231295020991928,-116.726314268227,47.8834122922538
79,2013,0.115581481580939,0.0703164178697527,0.176084986326742,-116.077755087246,47.9799818698788
80,2013,0.131585510792884,0.0827595321248804,0.197997501154225,-115.427287835665,48.0735557608927
81,2013,0.0413042355229605,0.0202052335760759,0.0768847225097596,-114.774974410224,48.1641173770118
82,2013,0.0432228561215875,0.0244310903358636,0.0717774850443401,-114.120865028685,48.2516520248398
83,2013,0.1615750783175,0.106915157193304,0.233521165240896,-113.465009639246,48.3361436908319
84,2013,0.064129057725224,0.032744987651372,0.116885543391998,-112.807466634735,48.4175783877576
92,2013,0.0286576292050123,0.0136502757276202,0.0549323193173352,-107.493395159889,48.9573499576627
94,2013,0.0596875452687103,0.00916529775646852,0.175980685524295,-106.152156667735,49.0608164945375
97,2013,0.21357286115392,0.0130992288489957,0.849524952154154,-104.132855499805,49.1920783173635
100,2013,0.539768301490983,0.343657008200381,0.779767484720507,-69.5305289572354,46.8822366835495
101,2013,0.549901999446613,0.35927033496891,0.794508925645073,-68.9036837191155,46.7566505633992
102,2013,0.280057306319229,0.173052293279228,0.425925027357716,-68.2792539113464,46.6282572225885
103,2013,0.125457281304171,0.0748851061572886,0.184169333211972,-67.6572724385743,46.4970843359059
114,2013,0.111743464346116,0.0566110234815531,0.194562287243116,-117.866704919148,47.2408178782891
115,2013,0.221228254651906,0.146570718078833,0.310202043665074,-117.226219771308,47.3424850688003
116,2013,0.180736710019361,0.128063681398963,0.246819426387851,-116.583766817315,47.4412092581095
117,2013,0.108744816497334,0.0680004527908417,0.162430623042901,-115.939397629601,47.5369728113951
118,2013,0.124547972414782,0.0808931328315105,0.182012655946469,-115.293161243123,47.6297603798853
119,2013,0.0386241661916103,0.0177269509311666,0.0778788925550218,-114.645111768531,47.7195572370623
122,2013,0.104353843013904,0.0647104385190662,0.160279780819206,-112.690610518949,47.9708590123778
123,2013,0.0669571918052036,0.0149922147340779,0.178856273359451,-112.035840782544,48.048549086942
130,2013,0.0298488548059099,0.0100221164267685,0.0741177337628995,-107.412587066948,48.505935287017
134,2013,0.201799850847258,0.0225470971259823,0.681354446284135,-104.744703388572,48.6983867024283
137,2013,0.284641485279835,0.0951338217430321,0.608195872072998,-102.734451266843,48.8093776896219
139,2013,0.158582769999104,0.0531003195744978,0.339254236154325,-101.390806404747,48.8673844104542
140,2013,0.173479224782121,0.0525109402492404,0.393436525651667,-100.718143786867,48.8915713891201
141,2013,0.0803178092469263,0.00845442773823988,0.259658391300577,-100.04500567428,48.9125444540545
146,2013,0.0653402512425184,0.00437369169971646,0.223168632956344,-96.6745640527728,48.9690518567947
147,2013,0.0672577219210668,0.00475757329608148,0.22748093049387,-96.0000064893933,48.9706680856778
150,2013,0.135448098057849,0.0430443233918592,0.282395937422578,-70.3343511214951,46.5699500753741
151,2013,0.550324017632787,0.353922542426601,0.79463058421514,-69.7089436445446,46.4481548004831
152,2013,0.521638677433833,0.341973440093648,0.741327606821804,-69.0858685956939,46.3235551326322
153,2013,0.257610707251751,0.174591479217377,0.36096428236501,-68.4651588887034,46.1961684346516
154,2013,0.171773358943744,0.105452558725205,0.260835959621258,-67.8468570793633,46.0660136069417
165,2013,0.0246365355692916,0.00772851886583115,0.0543481537635164,-117.71791068899,46.8007779901175
166,2013,0.112851246393218,0.0795364913669886,0.151394604643157,-117.081487575634,46.9016186184269
167,2013,0.144773298111776,0.0917404831025238,0.220944648324469,-116.443136033377,46.9995353119642
168,2013,0.0698867597455145,0.0341645290853635,0.125888924653884,-115.802904751804,47.094512472278
169,2013,0.0887694193097365,0.0466998285170236,0.15150430101904,-115.160845736921,47.1865339418036
170,2013,0.00966920826303926,0.00367295966014493,0.0158871276860344,-114.517008587968,47.2755858069188
171,2013,0.0177125531147548,0.00915746024258485,0.0288042798220154,-113.871445050628,47.3616548062373
173,2013,0.134781262571514,0.0693121828100994,0.241876425032156,-112.575350261847,47.5247839547667
174,2013,0.0197302342032801,0.00457571115691137,0.055059118744935,-111.924928927009,47.6018169236374
175,2013,0.0244271729992186,0.00650839706984431,0.0623708948991019,-111.27299749329,47.6758117659898
180,2013,0.0306220157647373,0.00544686967590519,0.100916316128045,-107.992691893929,47.9997729188431
182,2013,0.0633287038478437,0.00919078836215808,0.192317552010122,-106.672031972892,48.1076757168689
190,2013,0.102296905463095,0.0416454829409067,0.194371234381722,-101.352891440655,48.4135621124951
191,2013,0.0951210901509423,0.0332128862163868,0.196139626118188,-100.684939981041,48.4375354833297
193,2013,0.429986381847388,0.0726986165471917,1.19823572417706,-99.3477157576692,48.4759171103027
194,2013,0.175867742943259,0.0411566170825223,0.453381560706755,-98.6785717942889,48.4903184128158
195,2013,0.165959318069473,0.0385768025064056,0.432219495520738,-98.0091610849095,48.5015216972278
198,2013,0.171521000015567,0.0516472282118026,0.373101735112354,-96.0000039201961,48.5159308092361
199,2013,0.109100109533973,0.0339586283710952,0.238865871814955,-95.3301960390057,48.5143309353046
200,2013,0.105820253726808,0.0356580512579224,0.227155177099434,-94.6604508757051,48.5095282213004
201,2013,0.0914394963445207,0.0304044617802158,0.196460349822632,-93.9908380770121,48.5015239659039
202,2013,0.0326802769808502,0.0139546808230153,0.0641632386765255,-93.3214253392893,48.4903201870313
203,2013,0.0456363841146467,0.0194310982395523,0.08904943255797,-92.6522759066935,48.475915935041
204,2013,0.0564593827525647,0.026287191398069,0.095356097686387,-91.9834602721287,48.4583175724916
205,2013,0.0535364750234147,0.015831467388602,0.0900098535681836,-90.6471165275859,48.4135638055177
206,2013,0.156181947773549,0.100525669192635,0.212039272896104,-88.6466915320881,48.3225626176597
207,2013,0.0705631039252705,0.0238166312711258,0.150717354984842,-70.506668638906,46.1352523753917
208,2013,0.446284813363489,0.31523610183387,0.59070233083298,-69.8850338348487,46.0144072259477
209,2013,0.504098338147376,0.35962180041888,0.677733670436114,-69.2656832950739,45.8907710876627
210,2013,0.39636925878575,0.228939096684629,0.621835958836608,-68.6486564041498,45.7643644904214
211,2013,0.162887093079386,0.093556834633429,0.255454217521337,-68.0339922602737,45.6352042746021
212,2013,0.14503598748346,0.0818591996809121,0.238436643357447,-67.4217284444601,45.5033085389255
222,2013,0.00760766616166207,0.000479735813495119,0.0269824286433277,-118.830049766138,46.152469381733
223,2013,0.0272575914452805,0.0100025684868427,0.0596662254001304,-118.201563406335,46.2582657048174
225,2013,0.0957898490506785,0.0556666101027886,0.153108133719049,-116.938683807989,46.461222370979
226,2013,0.108861658932678,0.077092706809401,0.151931495387423,-116.304384196972,46.5583517046871
227,2013,0.0599443135077063,0.0210896435764193,0.127956621522648,-115.668241638533,46.6525615767592
228,2013,0.102573465575201,0.0513293765792308,0.181852195869983,-115.030306303664,46.7438354709386
229,2013,0.0118989046471523,0.00616722176123234,0.0173260051919011,-114.390629531162,46.832160286886
230,2013,0.014824919047688,0.00816473163577799,0.0216920765523135,-113.749260122114,46.9175251022855
232,2013,0.175882434513723,0.103463830611909,0.284374323912008,-112.461655084182,47.0793087013163
245,2013,0.0865675474257484,0.0181333574235251,0.22584025156691,-103.962894873036,47.8339743825041
247,2013,0.120573388856219,0.0179349137404257,0.373022803756755,-102.640490790603,47.9035479230808
249,2013,0.0793138242166615,0.0331015267495288,0.155661950587142,-101.315505768706,47.9605404832261
251,2013,0.225562699850535,0.0484672655729653,0.585555403834849,-99.9884473692496,48.0049104357337
253,2013,0.0982684282162653,0.0297312093414113,0.220246711735963,-98.6598330133486,48.0366278684214
256,2013,0.0800024120520346,0.00992306391327574,0.263226876873574,-96.665122546838,48.0604279296598
258,2013,0.0929996194135844,0.0300076643323594,0.198598995481715,-95.3348823145924,48.0604298280833
260,2013,0.0821131663399968,0.0292944028404535,0.167400409327778,-94.0048959270843,48.0477350463897
262,2013,0.0476530923502931,0.0209328602330475,0.0905373076776495,-92.6756942817593,48.0223511455104
263,2013,0.113910827428343,0.0697427329247848,0.179017489334839,-92.0115504398173,48.0049117563328
264,2013,0.0929800480407872,0.0571022407154779,0.143677865117516,-91.3477975209589,47.9843065564997
265,2013,0.246246810746705,0.176624848262115,0.336811598432109,-90.6845036809804,47.9605399161754
266,2013,0.16166552639345,0.111308669972513,0.227711887060253,-90.0217221165395,47.9336226989668
267,2013,0.406480340270495,0.27558764053985,0.566073136203676,-89.3595260117118,47.9035575485126
268,2013,0.300104919724069,0.208276888420069,0.405877558861513,-88.6979622211281,47.870332034353
269,2013,0.0880132729730032,0.0305180706458466,0.183548040492624,-70.6767402542768,45.7008752966752
270,2013,0.354100789153929,0.259355953217792,0.459604139179514,-70.0588362662863,45.5809568985751
271,2013,0.351769691037332,0.263218829602962,0.451166402672772,-69.443173730937,45.4582639237871
272,2013,0.161113948544408,0.102108207638522,0.235446182651888,-68.8297909872228,45.332814591009
273,2013,0.151016152166337,0.0870127939994768,0.235987750278393,-68.2187269301224,45.2046259432757
274,2013,0.173290374510312,0.100615078519623,0.272160332885875,-67.6100186718221,45.0737155823609
275,2013,0.0178024600251939,0.00886082323680421,0.0328848440928672,-67.003702269256,44.9401012433577
290,2013,0.0641494626300717,0.0121799048453248,0.174246346703506,-115.535374198856,46.2110823086983
292,2013,0.0835014716954988,0.0541341806351656,0.122629556094601,-114.265944462349,46.3892456788843
293,2013,0.0865772864574129,0.0548912828707514,0.133592841883715,-113.628715560547,46.4739211444767
295,2013,0.08744494018676,0.0508381391903859,0.141118799775626,-112.349491918944,46.6343911984023
296,2013,0.0536980161667502,0.0212206412266145,0.114555119248841,-111.707601287673,46.7101626793575
300,2013,0.0353862848088394,0.00833658525486649,0.100310898430354,-109.126073329897,46.9831825089554
312,2013,0.0865083294821798,0.038078873277372,0.158767845194749,-101.278638743776,47.5082698888487
313,2013,0.0870689977395339,0.0374050587332332,0.163812610980216,-100.619921785345,47.531830613475
315,2013,0.345942486396695,0.0274135133962264,1.34232486311667,-99.3012171828397,47.5695522684754
319,2013,0.0690944013072464,0.0113115421297241,0.195430311263741,-96.6605002482872,47.6073015223553
320,2013,0.0323567507789826,0.01182814902913,0.0649355922637731,-96.0000015309552,47.6088744950346
324,2013,0.0202058604597746,0.00898688084463258,0.0373450983272412,-93.3586432756584,47.5837062006271
325,2013,0.0220091930219597,0.00908005262700097,0.0435809897391645,-92.6987836625179,47.5695488190079
326,2013,0.0601263361906287,0.0386118677382281,0.0890034324049025,-92.0392406177524,47.5522583542852
327,2013,0.0682230032992719,0.0469874892273118,0.0971893469444841,-91.380080170463,47.5318319865671
328,2013,0.163105668440078,0.0818104589844626,0.273447664405566,-90.7213647962847,47.5082714380863
330,2013,0.0267862231077159,0.0109930321128214,0.0584954503647761,-88.0921950487924,47.3827812490345
332,2013,0.177861282736352,0.0969516142718084,0.25724539760737,-71.4609849289288,45.3830240963321
333,2013,0.52599656855464,0.3339158450023,0.764628450255603,-70.8446113305664,45.2667870166081
334,2013,0.377466727328412,0.231928749722293,0.549334417694724,-70.2303972745836,45.1477740738739
335,2013,0.132939357566651,0.0813494425147191,0.200588927971118,-69.6183834728863,45.0260023279712
336,2013,0.0241142693683497,0.0137460190108014,0.0411335054583632,-69.0086087274,44.9014884763742
337,2013,0.0308287028088177,0.0184191392749191,0.0494585179317169,-68.4011099872722,44.7742499377212
338,2013,0.0371766397651496,0.0172533808148245,0.0748537282959028,-67.7959203736645,44.6443029250288
339,2013,0.0128834946657571,0.0049005687175328,0.0268254241141448,-67.1930813361053,44.5116647668273
353,2013,0.111612495898672,0.0270053466736946,0.281681310986338,-116.032373562756,45.6773045017994
356,2013,0.0975405826695343,0.0669358853935679,0.135352468945698,-114.142918787608,45.9467992917977
357,2013,0.208228263512184,0.110762139827811,0.354859514542023,-113.509780049327,46.0308013550754
358,2013,0.111601311595948,0.0583558238043262,0.195724839589413,-112.875069121501,46.1118702559755
359,2013,0.119808041972139,0.068525312840974,0.191884848453705,-112.238833155574,46.1899909150082
361,2013,0.07299150130389,0.0247463938525189,0.165083339568402,-110.961991642417,46.3373407404143
362,2013,0.112481006915194,0.0237488507294256,0.299995833833333,-110.321492639281,46.4065460013088
374,2013,0.0379307401153841,0.00851783931044884,0.101430875202335,-102.549113998863,47.0006697792495
377,2013,0.0734711843023225,0.0321983807202492,0.135881525189618,-100.588086898593,47.0800669034272
380,2013,0.0781607223818135,0.0152563356864697,0.212463092569888,-98.6231351464366,47.1315018356793
384,2013,0.0293014848441524,0.0104744300484083,0.0609322396150551,-96.0000014210416,47.1564591286036
385,2013,0.0230506510941274,0.0090796456447347,0.0473094827326656,-95.3440610906269,47.1548997101512
386,2013,0.00738132899004554,0.00134783061370684,0.0225916631810324,-94.6881835301603,47.1502194986402
387,2013,0.00772696738782114,0.0014692216581145,0.0218093290888612,-94.0324313689751,47.1424200620507
388,2013,0.0134852555143994,0.00587269803967169,0.0254862893126957,-93.3768684788266,47.1315042772383
389,2013,0.0156016037473766,0.00746669788034197,0.0268270678973941,-92.7215517641475,47.1174662695802
390,2013,0.0455776220039899,0.0316058037982492,0.0656069486300981,-92.0665480964572,47.1003219121314
391,2013,0.02422467164773,0.0152843153122363,0.0371562191972343,-91.411919140626,47.080066671644
395,2013,0.0224098053746016,0.00732517813654815,0.0535045611147532,-88.7983682463696,46.9680095197817
396,2013,0.0687068775426594,0.0257416918060794,0.145043538269094,-88.1465282163012,46.9322626269099
400,2013,0.0237150830051197,0.00988205600896539,0.0456297464199421,-84.8996139174757,46.7074451795175
401,2013,0.057045801967467,0.0361607919954922,0.0836788970616721,-84.2530916965949,46.6533170768607
402,2013,0.0133013395378053,0.00613639131654487,0.0240540903247999,-72.8545671804252,45.1707175557146
403,2013,0.0613855872254043,0.0333757324734374,0.0998833779919414,-72.2377690339484,45.0609176362494
404,2013,0.261633912787208,0.192973115893026,0.338089643793058,-71.623004821057,44.9483239475011
405,2013,0.351036189213433,0.259624355101409,0.453937438621792,-71.0103245125402,44.8329569723512
406,2013,0.200879959515171,0.130344556543855,0.279091333183389,-70.3997618876306,44.7148280484738
408,2013,0.0121398885754611,0.00661502032588943,0.01826236291615,-69.1851491926563,44.4703556289223
409,2013,0.00817399622472023,0.00380973283263454,0.0140960334642376,-68.5811796096497,44.3440438142203
410,2013,0.00498642790071264,0.00216342209735148,0.0098106243125573,-67.9794674536805,44.2150381678463
425,2013,0.0578005519776831,0.0285545029963269,0.104447195841409,-115.899043609178,45.2373659678815
429,2013,0.139707980792625,0.0673673989976767,0.245399019015206,-113.392423274916,45.5881268522259
430,2013,0.21231345859249,0.116805036122733,0.339506304352766,-112.761782717815,45.668560394512
431,2013,0.141309035941016,0.0882924612130717,0.211403529187119,-112.129648168408,45.7460666303337
432,2013,0.0527908689347046,0.0238481812614192,0.100440912000292,-111.496069838998,45.8206357339976
433,2013,0.056066586467614,0.0336313128634803,0.0921740202381407,-110.861095209611,45.8922511477705
434,2013,0.0852514664439438,0.0330936891406368,0.173014268583003,-110.224782157076,45.9609058296223
446,2013,0.0657722558742036,0.010846269804189,0.20449998519956,-102.504359482585,46.5502197979077
449,2013,0.0561818634712395,0.0234410227509202,0.11426598476777,-100.556682467185,46.628963215207
455,2013,0.00749606545649863,0.00158910189837073,0.0208614666819462,-96.6514455641382,46.7031750500181
459,2013,0.00854615329131793,0.000973651623102928,0.0301785985858492,-94.0459175605674,46.6908001888111
466,2013,0.0290218885878296,0.0131971368213656,0.0508896122593235,-89.495641467529,46.5502179985882
467,2013,0.0306709366738569,0.0145598359786107,0.0538227253767355,-88.8475490096495,46.5178274876557
468,2013,0.167738744335483,0.113502269500541,0.233928554173505,-88.2001219559999,46.4823737145273
469,2013,0.047714647439426,0.0307441193768955,0.0723521579812129,-87.5534181875996,46.4438629758044
470,2013,0.0191201206395678,0.00699369039863621,0.0434992387604517,-86.9074986216507,46.4023015077598
473,2013,0.0388066147369557,0.0130435827267521,0.0857109981054548,-84.9750218889303,46.2593857530883
474,2013,0.0321315476868043,0.0181683181216795,0.0575079075813545,-84.3328128514277,46.2056954551487
475,2013,0.024301781268856,0.0153149594356649,0.0374427055741569,-83.6916711082702,46.148994515225
476,2013,0.0134782004185366,0.00646275474801091,0.0239115155453618,-74.8578824783345,45.0447534768746
477,2013,0.00724961670404103,0.00351633953219506,0.0130508579380496,-74.2390646929974,44.9441892239489
478,2013,0.00743095174565704,0.0031485212062374,0.0148421981507689,-73.6221190079452,44.8408043371509
479,2013,0.0246942051445398,0.018191577110316,0.0326055357073984,-73.0070899103365,44.7346122701868
480,2013,0.0721029034181887,0.0525340479820452,0.0967227566934809,-72.3940193534542,44.6256304954353
481,2013,0.169943229927745,0.111754458078097,0.239542912271061,-71.7829490331442,44.5138718581006
482,2013,0.279171716863657,0.198097594569637,0.378730564770582,-71.1739155676505,44.3993521111248
483,2013,0.0345586205666061,0.0198971379496238,0.0578707561547956,-70.5669648684642,44.2820880757187
484,2013,0.00894598169503264,0.00462832928185001,0.014642721253124,-69.9621320691256,44.1620946888982
485,2013,0.00826307896360653,0.00285271726422864,0.01801374477677,-69.3594555418116,44.0393876523552
500,2013,0.029215311453767,0.00798544606419135,0.103992020709853,-116.386015924015,44.7036044928699
501,2013,0.0637401025077367,0.0321453205680282,0.110772922791068,-115.76745079886,44.7977710589561
505,2013,0.121794661244095,0.05969402912411,0.208612010118837,-113.276610256061,45.1458605536931
506,2013,0.106663029895275,0.0660317770201371,0.158562876160662,-112.649991533319,45.2256746420955
507,2013,0.13317153776637,0.0862957139808874,0.19321945699473,-112.021907387769,45.3025808168921
508,2013,0.113847278601395,0.0810357246044596,0.15699894114456,-111.392409141963,45.3765718394876
509,2013,0.102480525430141,0.0730403299883706,0.142187060372313,-110.761541185407,45.4476302633058
510,2013,0.150814999666577,0.0531965526866524,0.308475251608748,-110.129361108498,45.5157474428831
541,2013,0.0221590075906421,0.0063720047836915,0.0506712678056414,-90.1841103875549,46.1294542868697
542,2013,0.0234286960021086,0.0105199015897436,0.043672614319427,-89.5397896731285,46.100368656793
543,2013,0.0210415873653374,0.00986829950443279,0.037940389614252,-88.8960649763765,46.0682394388238
549,2013,0.0123177242830175,0.00412261493329585,0.0306723207084607,-85.0494174511804,45.811868636415
552,2013,0.00931653648805179,0.00409390480578957,0.0172335379189298,-75.613984086982,44.7036027269212
554,2013,0.0172685941838851,0.00980558738503551,0.028268241154164,-74.3821449942201,44.506789421891
555,2013,0.0221971875602202,0.0120252972214131,0.0392849384288488,-73.7689588899771,44.4041712809705
556,2013,0.0222137798143928,0.0160101122181562,0.0308282740740425,-73.157654155756,44.298761588991
557,2013,0.0442518077659821,0.0342949158878325,0.0579390982098201,-72.5482698612843,44.190578652805
558,2013,0.149259071540653,0.112468645551916,0.184604459558017,-71.9408481310075,44.0796341005252
559,2013,0.184744556748138,0.140287494863784,0.233826283651879,-71.3354244189059,43.9659451531973
560,2013,0.0171514809350345,0.00974701843852491,0.0265836423317992,-70.7320490133694,43.8495249221951
561,2013,0.00265100532948167,0.00105496521588364,0.00488108337952729,-70.130750482445,43.7303904946378
578,2013,0.0546739131662483,0.0102075589023056,0.167314445114083,-115.637562865664,44.358485874481
581,2013,0.120944966835747,0.0633688781390013,0.20586418336335,-113.783472432459,44.6218817094677
582,2013,0.102861446251108,0.0552367616293263,0.16915620147661,-113.162312767383,44.7039676519605
583,2013,0.119815245618013,0.0716679287124818,0.187439405466436,-112.539668903814,44.783176808501
584,2013,0.166019672732211,0.0893314277337709,0.286062931010811,-111.91558586033,44.8594980846902
585,2013,0.0422563865268517,0.031287101440693,0.0557618445077257,-111.290114607084,44.9329241030284
586,2013,0.0428370807973111,0.0288462322840496,0.0619553024799114,-110.663302305625,45.0034382707282
587,2013,0.0741757331652427,0.0532067528675682,0.102372728450627,-110.035201559448,45.0710303440364
588,2013,0.0542076358425465,0.0387699500904257,0.0767881762859936,-109.405868264151,45.135693329813
618,2013,0.0317622697759026,0.00423030186524642,0.104225137805295,-90.2233418640865,45.6799299956426
620,2013,0.019007592815357,0.00390539311823946,0.0533430223611315,-88.9439240376559,45.619201755334
630,2013,0.000994679134938002,0.000170605032162449,0.00274713843421206,-76.3624400641775,44.3584851192762
631,2013,0.0057923993838253,0.00156289432326546,0.0146676050358077,-75.7476909873557,44.2650152147975
632,2013,0.0158256950600642,0.00573311764810315,0.0351934104450653,-75.1346601488476,44.1687320357042
633,2013,0.0407268664489313,0.0263017658158631,0.0590424377868522,-74.5233891861717,44.0696482940199
634,2013,0.0648612907987939,0.0374272957333835,0.104282794183264,-73.9139194629817,43.9677786572675
635,2013,0.0291071260634435,0.0213328202060181,0.0395031289790283,-73.3062956765717,43.86313359001
636,2013,0.0603129607775512,0.0451324431576881,0.0788578272835508,-72.7005580818272,43.7557309238421
637,2013,0.04178081109526,0.0303904531138997,0.0581453801938605,-72.096745405244,43.6455824307873
638,2013,0.0270860829640926,0.0192343622585198,0.0371179558536137,-71.4948985248964,43.5327032721944
639,2013,0.0201863284173746,0.0109970584669462,0.0343163866415614,-70.8950539585084,43.4171102411319
655,2013,0.00546456099466576,0.00126501059064977,0.011679386326931,-116.12031900192,43.8266891231278
657,2013,0.0455483705181144,0.0216482005471153,0.0828863740145582,-114.896733551418,44.0094559300545
658,2013,0.0427202916129927,0.0211735345617513,0.0766144420014631,-114.282524899195,44.0966126165839
659,2013,0.125752085233171,0.0641764642769783,0.220140395073683,-113.666766123631,44.1809357386755
660,2013,0.122623993853594,0.0682063026861149,0.194404064246049,-113.049502322059,44.2624126142002
661,2013,0.172370995146301,0.0954638897168619,0.309983360573863,-112.430782400274,44.3410318458983
662,2013,0.184820940957478,0.117717917925087,0.272656473155186,-111.810649827634,44.4167791744156
663,2013,0.06377621928591,0.0471727478924527,0.0861601692754727,-111.189160078257,44.4896471530197
664,2013,0.023141739602116,0.0140811462411527,0.03474113975058,-110.566351563484,44.5596381394927
665,2013,0.0752401388872541,0.056506144831096,0.101226152583434,-109.942281756302,44.6267200072128
666,2013,0.0476658370102532,0.021088606735858,0.0921347806446814,-109.316999429174,44.6908926966992
668,2013,0.207441991434907,0.110662203524778,0.358675801680234,-108.062992665469,44.8104686875657
669,2013,0.534679655854333,0.302953661529026,0.826387203005743,-107.43437659811,44.8658559511148
710,2013,0.0165003144263177,0.00640508565401021,0.0348225123033913,-75.2703931717895,43.7311027812755
711,2013,0.0429791202922972,0.0280016834906743,0.0613446644374514,-74.6628303396871,43.632734681026
712,2013,0.0322714601701662,0.0192418314610418,0.0511277132225421,-74.0570367160181,43.5315963738007
713,2013,0.0132299237217453,0.00630961841258664,0.0237506015056845,-73.4530532043718,43.4276991027857
714,2013,0.0501534422903849,0.0350496971483168,0.0689113575730657,-72.8509212587371,43.3210583242021
715,2013,0.0347224391699039,0.0244619209261104,0.0485120392961118,-72.2506779925283,43.2116874301947
716,2013,0.0173581568063049,0.0114703750760719,0.0254734692452584,-71.6523647669208,43.0996007467112
717,2013,0.00656791021744417,0.0033157793545034,0.0110727858793928,-71.0560185015014,42.98481471806
734,2013,0.0636079645167575,0.0161576376107448,0.162221063849287,-115.382770076014,43.4807125720167
735,2013,0.146581749838341,0.0980078578360704,0.210816263253011,-114.773918404995,43.5700430764301
736,2013,0.109543235304342,0.0746350034478615,0.154373632360294,-114.163501427333,43.6565691833324
737,2013,0.201249823566221,0.0905347705445949,0.389217866886223,-113.551563177535,43.7402787046076
739,2013,0.166304340663268,0.0953831968815584,0.265718025974761,-112.323306033627,43.8992041394788
740,2013,0.158002381556935,0.103231845509696,0.223287581463495,-111.707079475952,43.974396823416
741,2013,0.276420040405934,0.199415710212274,0.367296009979724,-111.089517958523,44.046729682195
742,2013,0.118955853293464,0.0942250505806119,0.151726364954505,-110.470664190897,44.1161945853347
747,2013,0.657958469711447,0.368624771049846,1.03506123422204,-107.358812082343,44.4201195918522
748,2013,0.179759255411254,0.104689709513972,0.288833272315067,-106.733278918328,44.4721647364724
790,2013,0.0292652866547802,0.0114182577458104,0.059247958029894,-74.8005019980691,43.1960170152874
791,2013,0.0176717967223094,0.00641964290593514,0.0379874900612113,-74.198342428856,43.0955932326429
792,2013,0.00822482795213379,0.00363363551401073,0.0160540630312905,-73.5979595890574,42.9924262557409
793,2013,0.0606749306858606,0.0404779561424459,0.0892660843212289,-72.9993933692596,42.8865313302364
794,2013,0.0342908076188282,0.0250771752391371,0.0467610906997452,-72.4026818113356,42.777921670976
795,2013,0.0164301193092215,0.0116364047530489,0.0220578299089155,-71.8078661765002,42.6666103833826
796,2013,0.000469719636718491,7.63103160804222e-05,0.000603691219077836,-71.2149800875281,42.5526120433965
815,2013,0.418302184601288,0.210503826563487,0.713848255123874,-114.045998932382,43.2167676588969
816,2013,0.071517027103161,0.0267294212795104,0.142100684649122,-113.437837611848,43.2998789589846
819,2013,0.224962559924495,0.129308945291404,0.34425958650235,-111.604842734884,43.5323090825256
820,2013,0.253374528168329,0.184532647952861,0.326065434618307,-110.991161093688,43.604116470305
821,2013,0.138542942172235,0.108249872267882,0.177225210675329,-110.376216433854,43.6730727467328
822,2013,0.164634300727306,0.0744993837866382,0.30741782307703,-109.760055685521,43.7391683698958
826,2013,0.254230126046695,0.171281874830377,0.35272373694054,-107.284235079899,43.9747585210165
827,2013,0.173852558220449,0.0970122292633225,0.285648120833314,-106.66273806328,44.0264160330045
877,2013,0.0237876485581824,0.0138806481569056,0.0376282369926724,-73.1460089299208,42.4521210494956
878,2013,0.0236586959429583,0.0169098304878752,0.0328848535539476,-72.5527918934419,42.3442545476635
879,2013,0.0101878659782441,0.00678272620013877,0.0143143185924023,-71.9614346016644,42.2337015241572
904,2013,0.0987661467689162,0.0619135445814475,0.149795044689722,-112.719706079477,42.9394365784853
905,2013,0.0808997679338557,0.0398671035562563,0.143542500492094,-112.112476692354,43.0163669827586
906,2013,0.166214433816573,0.0925747333947886,0.270353410569708,-111.503915596722,43.0904840906579
907,2013,0.19784108258255,0.123347820848391,0.3025594976536,-110.894069029749,43.1617780614914
908,2013,0.240960746390122,0.124865864682838,0.410323727933336,-110.282984473574,43.2302405334548
909,2013,0.183130961969514,0.107333018676062,0.277804815793893,-109.670705371682,43.2958576721997
911,2013,0.065997491187028,0.0198976899064078,0.145945436389158,-108.442757810671,43.4185337124392
963,2013,0.0242646511653225,0.0142432891711806,0.0388133954295871,-73.2908034531097,42.0178001271581
964,2013,0.00442161285572508,0.00195561886565999,0.00784325330808647,-72.7010412022829,41.9106602199159
965,2013,0.00313062138884107,0.00102827416706857,0.00615948883279081,-72.1131053229347,41.8008479286835
984,2013,0.0711203450183554,0.00663635503273284,0.240357687663798,-116.203629398749,41.9824136247028
987,2013,0.413427850822942,0.259622772822519,0.606377513044086,-114.414750407728,42.2530490835486
988,2013,0.402322848262844,0.245779228589133,0.598920200413768,-113.815442855092,42.3377675600178
989,2013,0.125240505206142,0.0705059117768456,0.206325921752793,-113.2146984706,42.419721218099
990,2013,0.144720631049779,0.095262110336952,0.208547410137459,-112.612560242519,42.4988994123537
991,2013,0.0886410377423559,0.0395991402143321,0.166550864763726,-112.009070954656,42.5752926426614
992,2013,0.198377852734523,0.101017067200108,0.347371427795019,-111.404274261227,42.6488905960846
993,2013,0.202317607324137,0.121851291964551,0.31194295904679,-110.798217972273,42.7196842309693
994,2013,0.162872652146252,0.082285522779578,0.296600646528993,-110.190943799606,42.7876630149683
995,2013,0.217294104543198,0.131610344464733,0.337550123758969,-109.582499689753,42.8528151708467
996,2013,0.122686485065842,0.0697454455035813,0.193745440614334,-108.972930266934,42.9151350552992
997,2013,0.0615962850528202,0.0139511095067571,0.144547696832108,-108.362287083933,42.9746150528814
1016,2013,0.00625635481886664,0.000835324476861432,0.0205616735946375,-96.621621329627,43.5564547242932
1049,2013,0.0052242572225002,0.00226748387688798,0.00950849662823077,-73.4338091418098,41.5835411257897
1067,2013,0.0554504277944336,0.00842814204924536,0.172329971667976,-116.076216826557,41.5455512102766
1068,2013,0.102261811014082,0.0308397347871221,0.240302333733013,-115.48500637125,41.6378759245124
1069,2013,0.0906133814186778,0.0257640361016196,0.213392737754159,-114.892263269215,41.7274848434247
1071,2013,0.0725773773665147,0.0251376686580736,0.15430718679783,-113.702335261937,41.8985096103371
1072,2013,0.0959601211846063,0.0293005541950018,0.224761233607895,-113.105238751938,41.9799045445942
1073,2013,0.0817218262483992,0.0149829995629303,0.205281515287367,-112.506767818374,42.0585399196457
1075,2013,0.113893853511994,0.0668617492347428,0.177091174613218,-111.305893884186,42.2074963261937
1076,2013,0.229138858734717,0.0859382976564774,0.499791957422422,-110.703580859138,42.2777988800144
1077,2013,0.156582489297833,0.0594344380053973,0.324339741190172,-110.100071224189,42.345304462356
1078,2013,0.103422476511575,0.034313444019578,0.228566804885803,-109.495418486021,42.4100045574667
1079,2013,0.12500742608378,0.0515067750145515,0.247995230365907,-108.889657956902,42.4718888924363
1081,2013,0.0548253010405208,0.0120312583224044,0.146178814521252,-107.675022920097,42.5871832658952
1153,2013,0.0982782092282487,0.0212835175247536,0.25538339411734,-114.77344067336,41.2894883753314
1158,2013,0.0760870973980777,0.0474138976005109,0.11941893269155,-111.806157067383,41.693681068377
1159,2013,0.104744225288944,0.0652774536420801,0.158375412712763,-111.20875371608,41.7662744536107
1160,2013,0.121182991936632,0.0695927498289501,0.196137755650012,-110.610136629169,41.8360956074426
1161,2013,0.130064388571485,0.0671209958183681,0.226033315335301,-110.010350543811,41.9031377469323
1183,2013,0.00834039406321745,0.000662064606478601,0.0312311064513895,-96.6135902963884,42.6611397355194
1233,2013,0.0177535575668778,0.00231542269919174,0.0638258045669615,-115.826086529838,40.67200354049
1240,2013,0.0950937184287321,0.0710986630761228,0.122064969282272,-111.70659825914,41.2530824601715
1241,2013,0.105851914309943,0.0721047836868386,0.152677940841351,-111.112828967095,41.3251903546144
1242,2013,0.0570946354848736,0.0211900916807382,0.119713272101288,-110.517866714772,41.394543713023
1244,2013,0.0276031383385678,0.00702602697507506,0.0745103368036173,-109.324539228095,41.5249547030918
1249,2013,0.0495141548550418,0.0176617587953992,0.119099843062095,-106.323440479132,41.8022336797733
1325,2013,0.105143645830146,0.0758693054008035,0.13816766866289,-111.60827506494,40.8125836018646
1326,2013,0.223955345191547,0.139197222181396,0.326576255327893,-111.018094906379,40.8842168298241
1327,2013,0.230366467427834,0.131953257838221,0.361778681453036,-110.426744985701,40.9531131945692
1328,2013,0.12732859788709,0.0811385475509741,0.189970457656341,-109.834266981855,41.0192645938366
1333,2013,0.129569741093749,0.0862021794521012,0.18968975557191,-106.856474378115,41.3085582936967
1334,2013,0.323271373180137,0.216268409415535,0.456414935024811,-106.258145661708,41.3580770848031
1335,2013,0.111288345488332,0.0711324641132781,0.163838248337487,-105.658999922076,41.404801409304
1336,2013,0.278462985693518,0.131808482351121,0.487607251503919,-105.059084019658,41.4487232013348
1338,2013,0.049954453970564,0.0214548397410415,0.0985815660877217,-103.857121159615,41.5281376885191
1409,2013,0.0920846869061945,0.0633922591107091,0.127703444200682,-111.511164150686,40.3721557172223
1410,2013,0.192742342249163,0.0979962707570243,0.330281495062223,-110.924532316737,40.4433255564854
1411,2013,0.145634625679392,0.0624579603841541,0.279813587157261,-110.336751067485,40.5117747644432
1412,2013,0.118709855669079,0.054335344940188,0.221729805385159,-109.747862572294,40.5774945048426
1413,2013,0.0298405023622262,0.0112506991612638,0.0649086107905532,-109.157908368446,40.6404753061641
1416,2013,0.0274721566753676,0.00973683338392274,0.0636947018702212,-107.382084389228,40.8129212642875
1417,2013,0.29604803609449,0.224931999458334,0.374188756269916,-106.78830021479,40.8648831041466
1418,2013,0.289031296823043,0.200008134003507,0.399324199574213,-106.193670449777,40.9140735584832
1419,2013,0.0872164878241223,0.0659420241528077,0.115001010335889,-105.598236458589,40.9604866520144
1420,2013,0.0267899530944962,0.0154335897564875,0.0428847813940759,-105.002047579579,41.0041170728256
1492,2013,0.0333729890560761,0.00603992530067155,0.104216007223301,-111.997200935055,39.8583600354677
1493,2013,0.1067543844601,0.0747058147307387,0.14645657568339,-111.415243384041,39.9317719896599
1495,2013,0.0949862567863621,0.0129903424857918,0.30042962920995,-110.247863439335,40.0704996825133
1501,2013,0.209558372305332,0.158823404685177,0.265693486172053,-106.720974122848,40.4213250032604
1502,2013,0.40301980627289,0.290286662971811,0.531306718056689,-106.129996789063,40.4701946699446
1503,2013,0.126152258426657,0.0910831882782097,0.172782275423071,-105.538229266375,40.5163044104533
1504,2013,0.0118826005162004,0.00626249175513782,0.0204847937407292,-104.945723200783,40.5596469372605
1576,2013,0.045414074685313,0.0150184857950966,0.108280577014116,-111.320491708783,39.4914045546608
1582,2013,0.0407558244284448,0.017906638740578,0.0816183256698971,-107.8267263069,39.8725389911402
1583,2013,0.127096697998527,0.0569447850200196,0.237157497638747,-107.241029586204,39.9265610616934
1584,2013,0.141084612223241,0.0997920913315454,0.196834202832478,-106.65447886542,39.9778530065854
1585,2013,0.205730591838619,0.153606946044209,0.266275383918325,-106.067110267552,40.0264104424822
1586,2013,0.0824910852051002,0.0645193271410779,0.105393888524144,-105.478968667215,40.0722211759544
1587,2013,0.000922063908873309,0.000154196803995421,0.00134722484083953,-104.890096369955,40.1152852060354
1664,2013,0.0190692661024185,0.00226136022801138,0.0645025044040877,-108.335236655259,39.3733976164057
1665,2013,0.0341392086418578,0.0144708794335334,0.0733393911722272,-107.753962467665,39.4297902249419
1667,2013,0.172654502033543,0.133741717665495,0.21675835287114,-106.588801977915,39.5344426395234
1668,2013,0.21800011229557,0.156734766540536,0.295181247392889,-106.004996072895,39.5826917516443
1669,2013,0.0504755853929617,0.0381093981440081,0.0653627785024459,-105.420433632994,39.6282109702619
1670,2013,0.000922902677476755,0.000132345139302774,0.00122529798575534,-104.835155420848,39.6710005135731
1746,2013,0.0185631682027993,0.00616288301755412,0.0425218751313064,-108.259881699426,38.9310140708376
1748,2013,0.087137363842579,0.0591505461524145,0.125864769024683,-107.103415161161,39.0404087947803
1749,2013,0.145664176924435,0.0992392104555032,0.203555542280503,-106.523922369266,39.0910629083992
1750,2013,0.0788561754326298,0.05637549853755,0.107257399574337,-105.943641460323,39.139009322844
1751,2013,0.0213313052201515,0.0134775183719261,0.0313366571647595,-105.362615768643,39.1842460843658
1752,2013,0.00679849384798908,0.00287107054265631,0.010698089248742,-104.780887722694,39.2267675507065
1829,2013,0.0141209865193925,0.00626532915894774,0.0275560682198127,-107.611076141954,38.5443150840386
1830,2013,0.0413706686703399,0.024169121062226,0.0887344232846613,-107.035857146631,38.5973396057948
1831,2013,0.122845676685154,0.0902327087646115,0.163151002473804,-106.459830378089,38.6476826784603
1832,2013,0.0336186288741813,0.0146584618187234,0.0684990776702755,-105.883032326581,38.6953379085553
1833,2013,0.0182680403541435,0.0114914114809668,0.0264379218289585,-105.305501746264,38.7402976627333
1834,2013,0.0101551321090075,0.0060360378782178,0.0147132252255377,-104.727283343919,38.782559066598
1910,2013,0.107765114741082,0.0807936452356048,0.143061094459629,-107.540918612131,38.1015350484587
1911,2013,0.103782802206454,0.07127008971178,0.151229401616762,-106.969115060283,38.1542412219608
1912,2013,0.0592202025397493,0.0311643810262084,0.103580845520528,-106.396513705963,38.2042814448047
1913,2013,0.0399464469121748,0.0178031518307114,0.0806824565785897,-105.823154687203,38.2516502419397
1990,2013,0.0110454587665774,0.00231261551600219,0.0269961750556383,-108.039208318683,37.6036427370119
1991,2013,0.112251569771491,0.0804248038615657,0.1524259855994,-107.471599693738,37.6586900208738
1992,2013,0.104692792398622,0.0779427321001356,0.136719507761594,-106.903171237272,37.7110863934746
1993,2013,0.0433852050882665,0.0230041164430001,0.076231521235207,-106.333955618741,37.7608301443974
2070,2013,0.0066822775457651,0.00121694264029474,0.0158307457140968,-107.967395857889,37.1610302815154
2072,2013,0.0117727759194924,0.00293527265502581,0.0264595990285829,-106.838011820175,37.2678491717506
2073,2013,0.023798888659929,0.00831042817786378,0.0537660360504537,-106.272142802708,37.3173029771175
2151,2013,0.00500187426465682,0.000423696910807688,0.0142930516686699,-107.896430876523,36.7182962299437
6,2019,0.00457957443183261,0.000892634645908863,0.0101762420086016,-121.265128723774,48.994555393664
7,2019,0.0113955713811357,0.00572808398996074,0.0211837161192313,-120.612805474797,49.1126837672064
8,2019,0.00437844979402765,0.00150001314597356,0.0128413546800125,-119.958104358564,49.2278348396007
14,2019,0.00743607718146141,0.0015139261453823,0.0157021153123373,-121.089036419193,48.555629878705
15,2019,0.0436196770548054,0.0243001488177361,0.0659762265044244,-120.440842673788,48.672733234681
16,2019,0.0614309763957304,0.0325866392624992,0.103869086321239,-119.790313872131,48.7868865773491
17,2019,0.0247060149110215,0.0116372930890987,0.0466626153264629,-119.137500463454,48.8980721978474
18,2019,0.0214884632555444,0.00898303558384492,0.044731118793551,-118.482453966982,49.0062653448723
19,2019,0.0431552943044893,0.0178443521329381,0.0836852285726398,-117.825219759276,49.1114538833663
20,2019,0.031892152175048,0.010331616375204,0.0793999950763546,-117.165854351124,49.213617147949
27,2019,0.0393534542808824,0.019843443507464,0.073176978998801,-120.27121456213,48.2333626190998
28,2019,0.053584154288211,0.023555222041394,0.0994796441049002,-119.624814650583,48.3465402327626
29,2019,0.0997417001612511,0.0528292301193018,0.165116849442129,-118.976175551119,48.4567680841763
30,2019,0.136492765162392,0.0758637576804711,0.220808317464807,-118.325346401563,48.564029742441
31,2019,0.151577804998774,0.109791417207622,0.202591164287726,-117.672375597358,48.6683051194705
32,2019,0.0887902447640738,0.0555576599781309,0.135835117693634,-117.017316446554,48.7695743758115
33,2019,0.0693736725550076,0.0407746891800941,0.114871459756351,-116.360221072417,48.8678199767522
34,2019,0.064221697847353,0.0305561723538873,0.11122091763277,-115.701143087202,48.9630258969627
35,2019,0.0382114590360946,0.0238378366289416,0.0604928289450474,-115.040136094933,49.0551758980945
36,2019,0.0316179112988532,0.0188878679074894,0.0498667298941553,-114.377255928809,49.1442541785679
37,2019,0.0228909600168714,0.011636537140682,0.0317975656246834,-113.712561201883,49.2302453010975
38,2019,0.028780928915526,0.0070911970157004,0.0695939555564319,-67.9000250105137,47.4934264776634
48,2019,0.227334126571185,0.103359028239388,0.421026158556814,-118.170381383063,48.1224031571419
49,2019,0.19642425580289,0.132264212974428,0.274019346811574,-117.521623369245,48.2257868101742
50,2019,0.137561290351329,0.0965011107075439,0.186269443738789,-116.870816677498,48.3261864091953
51,2019,0.0644614918287938,0.0366562417967741,0.107587183080811,-116.218015973647,48.4235822996474
52,2019,0.0710477500699916,0.0436506117050663,0.111171922160681,-115.56326990492,48.5179625451974
54,2019,0.0516202711491305,0.0319335399054609,0.0824780347814086,-114.248169681455,48.6976058532625
55,2019,0.0949580057660158,0.0678967117761231,0.141652846434937,-113.587922894349,48.7828372654218
56,2019,0.0485204331183821,0.0181387499572068,0.101375934086468,-112.925954282071,48.8649870003599
60,2019,0.0286518281827807,0.00542797403723251,0.0805642475394192,-110.262024903585,49.1624886658511
62,2019,0.3256573654495,0.153182130651481,0.58221827671586,-69.3497434925368,47.3166834397276
63,2019,0.427130938451189,0.19530716009183,0.780506145411564,-68.7190892921395,47.190084100331
64,2019,0.439017574280461,0.228542461514228,0.724575865162938,-68.0908928553389,47.0606651056672
65,2019,0.0959878298279444,0.0340387301596208,0.170378451820282,-67.4651983439585,46.9284486236964
72,2019,0.00836003153440222,0.00120492912454848,0.0239741472537787,-120.574861976244,47.2420031643778
76,2019,0.114154812454537,0.0649381121466102,0.181163090392412,-118.017514067676,47.68134777365
77,2019,0.106474506505543,0.0692193856835752,0.15266872348092,-117.372920136676,47.7838610764382
78,2019,0.158427498011043,0.108928588082299,0.221997390654517,-116.726314268227,47.8834122922538
79,2019,0.107825803998268,0.0644703317078797,0.164354893815107,-116.077755087246,47.9799818698788
80,2019,0.132817335600335,0.0849262719631284,0.197492033127309,-115.427287835665,48.0735557608927
81,2019,0.0438323044924892,0.0221596370973057,0.0797790960178177,-114.774974410224,48.1641173770118
82,2019,0.0407227661487431,0.023281880894203,0.066381017499576,-114.120865028685,48.2516520248398
83,2019,0.149621551356559,0.0987944899188034,0.216290821660909,-113.465009639246,48.3361436908319
84,2019,0.0618201441645283,0.0290035864951812,0.117899734942333,-112.807466634735,48.4175783877576
92,2019,0.0236127557868589,0.0111415933349891,0.0452621835810845,-107.493395159889,48.9573499576627
94,2019,0.0541221290068465,0.00836899388280086,0.159600611245199,-106.152156667735,49.0608164945375
97,2019,0.18620723798057,0.0114997520316263,0.743953364697906,-104.132855499805,49.1920783173635
100,2019,0.586538875169234,0.377750857243829,0.847055214582023,-69.5305289572354,46.8822366835495
101,2019,0.620761106357473,0.400734987008778,0.907720973957306,-68.9036837191155,46.7566505633992
102,2019,0.304261047256121,0.189372450822904,0.456728097196247,-68.2792539113464,46.6282572225885
103,2019,0.133442671438109,0.078936238942491,0.19723221662542,-67.6572724385743,46.4970843359059
114,2019,0.117187998713242,0.0591837519729114,0.202645152697884,-117.866704919148,47.2408178782891
115,2019,0.230832538640484,0.150338302779079,0.323295914495735,-117.226219771308,47.3424850688003
116,2019,0.186384784356037,0.134560444385747,0.250186919160164,-116.583766817315,47.4412092581095
117,2019,0.103225476530404,0.065013502387067,0.154367849694433,-115.939397629601,47.5369728113951
118,2019,0.114260909147155,0.0750074218902596,0.166310423857087,-115.293161243123,47.6297603798853
119,2019,0.038149945855677,0.0175109373637878,0.0763783555453494,-114.645111768531,47.7195572370623
122,2019,0.104594686830206,0.0649817533912687,0.158075836857864,-112.690610518949,47.9708590123778
123,2019,0.0686068543369821,0.0153758737817593,0.185885183238479,-112.035840782544,48.048549086942
130,2019,0.0252969789903379,0.0084977639272624,0.0622302302674972,-107.412587066948,48.505935287017
134,2019,0.173807349565375,0.0190600637064552,0.587796365166732,-104.744703388572,48.6983867024283
137,2019,0.258542069213225,0.0869849250716271,0.544649691437377,-102.734451266843,48.8093776896219
139,2019,0.135600484835182,0.0462953746139613,0.288848335016919,-101.390806404747,48.8673844104542
140,2019,0.151143532103147,0.046604100598609,0.343458022957006,-100.718143786867,48.8915713891201
141,2019,0.0722644055502477,0.00765098604958447,0.235522478775964,-100.04500567428,48.9125444540545
146,2019,0.0622771189308201,0.00427221657903177,0.215669969644958,-96.6745640527728,48.9690518567947
147,2019,0.0636090851371356,0.00451283223610277,0.21608253193119,-96.0000064893933,48.9706680856778
150,2019,0.14055700327,0.0447327618750154,0.292961877319621,-70.3343511214951,46.5699500753741
151,2019,0.5419103007836,0.347599549477319,0.779949055156299,-69.7089436445446,46.4481548004831
152,2019,0.52970466310262,0.347607561103801,0.751102833850598,-69.0858685956939,46.3235551326322
153,2019,0.281047582304602,0.192186386220941,0.395388060897646,-68.4651588887034,46.1961684346516
154,2019,0.181206051475946,0.112135898122692,0.273838370277249,-67.8468570793633,46.0660136069417
165,2019,0.0276314864270859,0.00852669965745929,0.0594893357651662,-117.71791068899,46.8007779901175
166,2019,0.123944729946861,0.0874344672345439,0.165699951644502,-117.081487575634,46.9016186184269
167,2019,0.152824202054353,0.0994580999023335,0.227621634221625,-116.443136033377,46.9995353119642
168,2019,0.0728213971038354,0.0356717066476461,0.128468889853208,-115.802904751804,47.094512472278
169,2019,0.0876914890114912,0.0468164291736201,0.148712550272589,-115.160845736921,47.1865339418036
170,2019,0.00971346829519959,0.00382412390434961,0.0161370463894776,-114.517008587968,47.2755858069188
171,2019,0.0176590037705534,0.00925938164620058,0.0288514946262668,-113.871445050628,47.3616548062373
173,2019,0.146071630139677,0.0748215266615983,0.259742695185043,-112.575350261847,47.5247839547667
174,2019,0.0193687629804999,0.00457291922548818,0.0549957137808012,-111.924928927009,47.6018169236374
175,2019,0.023764299730196,0.00633424643650359,0.0606200219101595,-111.27299749329,47.6758117659898
180,2019,0.0262903495026271,0.00463475980056022,0.0868224132533899,-107.992691893929,47.9997729188431
182,2019,0.0539701134239195,0.00795675148059786,0.163831412682661,-106.672031972892,48.1076757168689
190,2019,0.0852268544833806,0.0345445688767518,0.163414987272949,-101.352891440655,48.4135621124951
191,2019,0.0859435862462594,0.0304333562058095,0.177860513884544,-100.684939981041,48.4375354833297
193,2019,0.38476547128615,0.0651018987246683,1.04739726491272,-99.3477157576692,48.4759171103027
194,2019,0.159126447634375,0.0375393586419481,0.409600679204195,-98.6785717942889,48.4903184128158
195,2019,0.148452482826629,0.0344042038890202,0.382071082161821,-98.0091610849095,48.5015216972278
198,2019,0.159935408314481,0.0477233594666405,0.348815451880227,-96.0000039201961,48.5159308092361
199,2019,0.106496093002272,0.0335234155642372,0.233746524436801,-95.3301960390057,48.5143309353046
200,2019,0.103046718213339,0.0350435879763314,0.22098977453688,-94.6604508757051,48.5095282213004
201,2019,0.0877955369243003,0.0293009979943648,0.187293560094385,-93.9908380770121,48.5015239659039
202,2019,0.0306300633190176,0.0131306426825927,0.0600102413493171,-93.3214253392893,48.4903201870313
203,2019,0.0414197465749668,0.0178010613593096,0.0806036709548392,-92.6522759066935,48.475915935041
204,2019,0.0505028032225956,0.0239004468880136,0.0850317374263437,-91.9834602721287,48.4583175724916
205,2019,0.0480596986896798,0.0145928215869703,0.079591974952314,-90.6471165275859,48.4135638055177
206,2019,0.170859714337133,0.10211372321028,0.235829585296277,-88.6466915320881,48.3225626176597
207,2019,0.0756975065348848,0.0255746464305917,0.160121313179785,-70.506668638906,46.1352523753917
208,2019,0.462368568500843,0.325601619838246,0.607967213444126,-69.8850338348487,46.0144072259477
209,2019,0.508813191849146,0.360236883123629,0.673191566671075,-69.2656832950739,45.8907710876627
210,2019,0.41019863594471,0.241952864345177,0.633413015772096,-68.6486564041498,45.7643644904214
211,2019,0.168963234276731,0.0978897397614056,0.259488831901625,-68.0339922602737,45.6352042746021
212,2019,0.145015467167387,0.0800674124269276,0.238022978994329,-67.4217284444601,45.5033085389255
222,2019,0.0078594474784293,0.000509968386120598,0.0291186239254451,-118.830049766138,46.152469381733
223,2019,0.0285824206364971,0.0103962304196358,0.0601386306055156,-118.201563406335,46.2582657048174
225,2019,0.0996458822692231,0.0571670133929688,0.161437115081778,-116.938683807989,46.461222370979
226,2019,0.114852074375607,0.0831661656648823,0.156676864490035,-116.304384196972,46.5583517046871
227,2019,0.0610742734990869,0.0212723946854177,0.130333200373705,-115.668241638533,46.6525615767592
228,2019,0.0928348547044903,0.0460893997682486,0.164798801036807,-115.030306303664,46.7438354709386
229,2019,0.0113408920778698,0.0060267972158343,0.0163849061950083,-114.390629531162,46.832160286886
230,2019,0.014950302542826,0.00850239778766885,0.0216466785774044,-113.749260122114,46.9175251022855
232,2019,0.178718077300715,0.104437003449781,0.288977231725872,-112.461655084182,47.0793087013163
245,2019,0.070872120774748,0.0148309657238942,0.182526587060257,-103.962894873036,47.8339743825041
247,2019,0.106328400721702,0.015784411217084,0.329811628389524,-102.640490790603,47.9035479230808
249,2019,0.06695395104841,0.0274612990935823,0.131059250587777,-101.315505768706,47.9605404832261
251,2019,0.203362780069424,0.0438820136063691,0.526306924998297,-99.9884473692496,48.0049104357337
253,2019,0.0884367744313112,0.0268902026845779,0.19892210466963,-98.6598330133486,48.0366278684214
256,2019,0.0717465160742618,0.00888431706085926,0.237905682671927,-96.665122546838,48.0604279296598
258,2019,0.0895021466589592,0.0292530377994137,0.189296165152795,-95.3348823145924,48.0604298280833
260,2019,0.0761922120377409,0.0274883804169212,0.154605231850277,-94.0048959270843,48.0477350463897
262,2019,0.0429307980194359,0.0189675036395852,0.0812333598510235,-92.6756942817593,48.0223511455104
263,2019,0.104335678428779,0.063987406640756,0.161546478289749,-92.0115504398173,48.0049117563328
264,2019,0.0854349157380908,0.0529495451982316,0.130268801030187,-91.3477975209589,47.9843065564997
265,2019,0.219755270185616,0.158186639149389,0.298067799803815,-90.6845036809804,47.9605399161754
266,2019,0.162013307123807,0.112393074969903,0.227663797298448,-90.0217221165395,47.9336226989668
267,2019,0.442382160353544,0.29701395629683,0.615175849253332,-89.3595260117118,47.9035575485126
268,2019,0.310203589570625,0.213900803335624,0.422524286919091,-88.6979622211281,47.870332034353
269,2019,0.0867371880193358,0.0298170165883929,0.179756005416535,-70.6767402542768,45.7008752966752
270,2019,0.376824893742144,0.277536276952264,0.480803733340444,-70.0588362662863,45.5809568985751
271,2019,0.374118192501934,0.276773678346679,0.478413901574903,-69.443173730937,45.4582639237871
272,2019,0.172995269724002,0.109899920202824,0.249527315392459,-68.8297909872228,45.332814591009
273,2019,0.146719008081689,0.0854763029589649,0.22637894885939,-68.2187269301224,45.2046259432757
274,2019,0.166813770341536,0.0980904646891742,0.260921378102721,-67.6100186718221,45.0737155823609
275,2019,0.0173277726897797,0.00881733276142519,0.0316509133760709,-67.003702269256,44.9401012433577
290,2019,0.0598231124084413,0.0115486343551373,0.161088059956168,-115.535374198856,46.2110823086983
292,2019,0.0800375441291643,0.0522304378815857,0.116170486396527,-114.265944462349,46.3892456788843
293,2019,0.0871984478657623,0.0558108737229068,0.131241605975664,-113.628715560547,46.4739211444767
295,2019,0.0927522028288151,0.053813345822285,0.148054153066055,-112.349491918944,46.6343911984023
296,2019,0.0532320023732771,0.0210499039492888,0.110377972073037,-111.707601287673,46.7101626793575
300,2019,0.0339811046152627,0.0081085771332573,0.0961472813500906,-109.126073329897,46.9831825089554
312,2019,0.0785606876761334,0.0346840869961368,0.143930696580173,-101.278638743776,47.5082698888487
313,2019,0.0783654799305919,0.0335866611279156,0.147130380018168,-100.619921785345,47.531830613475
315,2019,0.306038739662673,0.0243671321080727,1.18216130448924,-99.3012171828397,47.5695522684754
319,2019,0.06170266971663,0.0102272512185069,0.176070001953184,-96.6605002482872,47.6073015223553
320,2019,0.0296768393243974,0.0108601582191456,0.0593715646646546,-96.0000015309552,47.6088744950346
324,2019,0.0183036341651621,0.00814119091566696,0.0343295956782922,-93.3586432756584,47.5837062006271
325,2019,0.0201883976650815,0.00834606709716153,0.0400158848307133,-92.6987836625179,47.5695488190079
326,2019,0.058117450210978,0.0375776493662803,0.0857455493885004,-92.0392406177524,47.5522583542852
327,2019,0.0647506883039051,0.0448971001079326,0.09122366463971,-91.380080170463,47.5318319865671
328,2019,0.150535078866418,0.0770035932818192,0.251136294351674,-90.7213647962847,47.5082714380863
330,2019,0.0248408634330145,0.0102745111397562,0.0543841763249736,-88.0921950487924,47.3827812490345
332,2019,0.167054923240433,0.0922259756011897,0.240179336833659,-71.4609849289288,45.3830240963321
333,2019,0.502920304572913,0.323722982297646,0.727585711910397,-70.8446113305664,45.2667870166081
334,2019,0.379731048212284,0.23832452563592,0.540136254592878,-70.2303972745836,45.1477740738739
335,2019,0.142159848714701,0.0869028581143199,0.213908050811593,-69.6183834728863,45.0260023279712
336,2019,0.0239620045863417,0.0137277569166513,0.0403686062865309,-69.0086087274,44.9014884763742
337,2019,0.0304718399244844,0.0185281926455237,0.0479446367389328,-68.4011099872722,44.7742499377212
338,2019,0.0358408267115348,0.0167644968065472,0.0713750614663934,-67.7959203736645,44.6443029250288
339,2019,0.0114439410089699,0.0043336982488024,0.0237539747979032,-67.1930813361053,44.5116647668273
353,2019,0.103907237158572,0.0252135644443551,0.260506252348585,-116.032373562756,45.6773045017994
356,2019,0.0922831158122963,0.0642755121313581,0.127915674136886,-114.142918787608,45.9467992917977
357,2019,0.198874528178826,0.105619274016938,0.332989998978961,-113.509780049327,46.0308013550754
358,2019,0.112017357640858,0.0587939895889401,0.197817183094767,-112.875069121501,46.1118702559755
359,2019,0.124909902972438,0.0712799885298208,0.203162276948664,-112.238833155574,46.1899909150082
361,2019,0.0706576089302893,0.023925391574233,0.16016841232209,-110.961991642417,46.3373407404143
362,2019,0.109652493227442,0.0226992474671683,0.294478916556449,-110.321492639281,46.4065460013088
374,2019,0.0356826228821694,0.00804607544522767,0.0931880572718351,-102.549113998863,47.0006697792495
377,2019,0.0665191321480332,0.0291458023159765,0.123427289206425,-100.588086898593,47.0800669034272
380,2019,0.0679069993813476,0.0132402747067628,0.183292113000179,-98.6231351464366,47.1315018356793
384,2019,0.0260254237362182,0.00934450722487625,0.0543886091277728,-96.0000014210416,47.1564591286036
385,2019,0.020446040848375,0.00805887405359637,0.0420278212986641,-95.3440610906269,47.1548997101512
386,2019,0.00673235071371063,0.00124588739934598,0.0206915290119434,-94.6881835301603,47.1502194986402
387,2019,0.00718130617770982,0.0013744043054164,0.0202459087103217,-94.0324313689751,47.1424200620507
388,2019,0.0125126886758511,0.00551288815316448,0.023697362934889,-93.3768684788266,47.1315042772383
389,2019,0.0148067187763601,0.00713122175985403,0.0254095882203241,-92.7215517641475,47.1174662695802
390,2019,0.0438529960941009,0.0309370510337268,0.0617257947899031,-92.0665480964572,47.1003219121314
391,2019,0.0236162721697558,0.0146818864540274,0.0362574530846701,-91.411919140626,47.080066671644
395,2019,0.0212469976404603,0.00705982674770704,0.0510971623960945,-88.7983682463696,46.9680095197817
396,2019,0.0642269992652051,0.0244051554026681,0.136915352613206,-88.1465282163012,46.9322626269099
400,2019,0.0254462432177559,0.0107168493977354,0.0486823356368084,-84.8996139174757,46.7074451795175
401,2019,0.0604989513544796,0.0377226116782773,0.0883744865275819,-84.2530916965949,46.6533170768607
402,2019,0.0128369998662604,0.00590935142693299,0.0232157866767956,-72.8545671804252,45.1707175557146
403,2019,0.0571957247093168,0.0314093414613181,0.0931339198185121,-72.2377690339484,45.0609176362494
404,2019,0.249889049746469,0.187151250292902,0.320733980407232,-71.623004821057,44.9483239475011
405,2019,0.33099354872931,0.247610785922934,0.424258702342603,-71.0103245125402,44.8329569723512
406,2019,0.193133776576187,0.125893217442354,0.269152644610874,-70.3997618876306,44.7148280484738
408,2019,0.0117683463203024,0.00649521522541561,0.0176674352232769,-69.1851491926563,44.4703556289223
409,2019,0.00834118100470769,0.00384797563487679,0.0148358330549034,-68.5811796096497,44.3440438142203
410,2019,0.00561578228957481,0.00244104874061422,0.0110587530055928,-67.9794674536805,44.2150381678463
425,2019,0.0533996269824653,0.0267446540226573,0.0965458365125993,-115.899043609178,45.2373659678815
429,2019,0.131210392026315,0.0634587820946013,0.229578501839544,-113.392423274916,45.5881268522259
430,2019,0.209277863929978,0.113891563750436,0.331536302856457,-112.761782717815,45.668560394512
431,2019,0.138014467722188,0.085577380350962,0.206994924072696,-112.129648168408,45.7460666303337
432,2019,0.0473911601353016,0.0213284894391728,0.0886444416800018,-111.496069838998,45.8206357339976
433,2019,0.0522927445617233,0.0312218043274221,0.0849473222195999,-110.861095209611,45.8922511477705
434,2019,0.081281522772934,0.0321279650440408,0.162922128192581,-110.224782157076,45.9609058296223
446,2019,0.0628291212087859,0.0104553931089744,0.19667087686234,-102.504359482585,46.5502197979077
449,2019,0.0503959781593718,0.0211085021187628,0.101132224941085,-100.556682467185,46.628963215207
455,2019,0.00651515687713119,0.00136807600345605,0.0179010302660117,-96.6514455641382,46.7031750500181
459,2019,0.00768249190400909,0.000873742737036509,0.0271128116485615,-94.0459175605674,46.6908001888111
466,2019,0.0261417194225609,0.0120113161548206,0.0455462390344221,-89.495641467529,46.5502179985882
467,2019,0.0289199415164334,0.0138286712208924,0.0508073196757249,-88.8475490096495,46.5178274876557
468,2019,0.160906301871529,0.109648607953583,0.22369912486745,-88.2001219559999,46.4823737145273
469,2019,0.04980567874153,0.0325596216020521,0.0744579841996614,-87.5534181875996,46.4438629758044
470,2019,0.0184982737922739,0.00682174655257516,0.0421588994753819,-86.9074986216507,46.4023015077598
473,2019,0.0377922759110805,0.0128672881680283,0.0835799663059991,-84.9750218889303,46.2593857530883
474,2019,0.0327965733062889,0.0190252453926703,0.0568433488601372,-84.3328128514277,46.2056954551487
475,2019,0.027022405001885,0.0169236100369949,0.0409653900157988,-83.6916711082702,46.148994515225
476,2019,0.0121508509672287,0.0058470740446859,0.0214999320366395,-74.8578824783345,45.0447534768746
477,2019,0.00701570675919278,0.00343812553349708,0.0125748998892327,-74.2390646929974,44.9441892239489
478,2019,0.0069575533048635,0.00291757534568385,0.0140276928897904,-73.6221190079452,44.8408043371509
479,2019,0.0225627788908178,0.016685234088643,0.0292397835338964,-73.0070899103365,44.7346122701868
480,2019,0.0685592997191221,0.0503431588322049,0.0911462097679389,-72.3940193534542,44.6256304954353
481,2019,0.161313964071604,0.105792791071694,0.225026491756341,-71.7829490331442,44.5138718581006
482,2019,0.264844319579106,0.190395166955371,0.354762014206119,-71.1739155676505,44.3993521111248
483,2019,0.0350787833350838,0.020116848845433,0.0592659341841584,-70.5669648684642,44.2820880757187
484,2019,0.00846964369631936,0.00438762145114375,0.0139151112521191,-69.9621320691256,44.1620946888982
485,2019,0.00783990208759923,0.00274287666217604,0.0170099717153203,-69.3594555418116,44.0393876523552
500,2019,0.0320771886106471,0.00922638619820627,0.104178245125579,-116.386015924015,44.7036044928699
501,2019,0.062859535696285,0.0321675492397001,0.108222128526817,-115.76745079886,44.7977710589561
505,2019,0.114754288034131,0.0567448526956661,0.197117099635395,-113.276610256061,45.1458605536931
506,2019,0.102546775255303,0.0640109994430975,0.150945292901352,-112.649991533319,45.2256746420955
507,2019,0.128080602750183,0.0833682891373198,0.185597689450926,-112.021907387769,45.3025808168921
508,2019,0.11703977900863,0.0834559086944686,0.160805070352123,-111.392409141963,45.3765718394876
509,2019,0.10189611968573,0.0722721580593365,0.140499861791385,-110.761541185407,45.4476302633058
510,2019,0.147825703182628,0.0512881010221534,0.306409564595606,-110.129361108498,45.5157474428831
541,2019,0.0204665106977471,0.00598902439431907,0.0470123883270674,-90.1841103875549,46.1294542868697
542,2019,0.0213401599353685,0.00957330662871719,0.0405992929937142,-89.5397896731285,46.100368656793
543,2019,0.0192093518459818,0.00901084207981462,0.0348882652656326,-88.8960649763765,46.0682394388238
549,2019,0.0131489932111846,0.00434988594263577,0.0321099654944679,-85.0494174511804,45.811868636415
552,2019,0.00878863848917635,0.00388554919931416,0.016211797563357,-75.613984086982,44.7036027269212
554,2019,0.0163557278279522,0.00937079606858085,0.0264502660997797,-74.3821449942201,44.506789421891
555,2019,0.0198363396384134,0.0107344033860637,0.0343592595442204,-73.7689588899771,44.4041712809705
556,2019,0.0203176511181411,0.0147217163345401,0.0278538753440107,-73.157654155756,44.298761588991
557,2019,0.0420289771618808,0.0326901174050696,0.0544906531423415,-72.5482698612843,44.190578652805
558,2019,0.138490535231763,0.105237223172295,0.169139203964839,-71.9408481310075,44.0796341005252
559,2019,0.168822298986097,0.13078329567106,0.210806505342373,-71.3354244189059,43.9659451531973
560,2019,0.0166772056603833,0.00957510702232481,0.0257707601446264,-70.7320490133694,43.8495249221951
561,2019,0.0025183732978008,0.00099513062378053,0.00467134361077032,-70.130750482445,43.7303904946378
578,2019,0.0482571598679112,0.00926788697431454,0.150949802438287,-115.637562865664,44.358485874481
581,2019,0.114226956478844,0.0593568776400353,0.192826871872158,-113.783472432459,44.6218817094677
582,2019,0.0943961413105697,0.0504123953821887,0.155868112878086,-113.162312767383,44.7039676519605
583,2019,0.109308006193023,0.0654213376483533,0.170138739155792,-112.539668903814,44.783176808501
584,2019,0.152310487697246,0.0823033143529353,0.26459267366004,-111.91558586033,44.8594980846902
585,2019,0.0395698280372261,0.0294681708529691,0.0522515966731011,-111.290114607084,44.9329241030284
586,2019,0.0395058739361941,0.0266850977700405,0.0568060308701975,-110.663302305625,45.0034382707282
587,2019,0.0705777585009229,0.050976043769778,0.0971655548382533,-110.035201559448,45.0710303440364
588,2019,0.051678277372185,0.0372131678987184,0.0723580995556441,-109.405868264151,45.135693329813
618,2019,0.029401325271185,0.00390018517707923,0.0950010766622993,-90.2233418640865,45.6799299956426
620,2019,0.0182530313271622,0.00377919902612423,0.0512816997247502,-88.9439240376559,45.619201755334
630,2019,0.000971871934565039,0.000172029196511772,0.00271107989936846,-76.3624400641775,44.3584851192762
631,2019,0.00539286459345102,0.00147215862856236,0.0135465043381719,-75.7476909873557,44.2650152147975
632,2019,0.014515782749922,0.00531963112615311,0.0316351042883924,-75.1346601488476,44.1687320357042
633,2019,0.0362118074622911,0.0235084826457398,0.0522137394545008,-74.5233891861717,44.0696482940199
634,2019,0.0562841396972985,0.0330488377451106,0.0891316513151182,-73.9139194629817,43.9677786572675
635,2019,0.0272183367559613,0.0201176661174567,0.0365397520857581,-73.3062956765717,43.86313359001
636,2019,0.0556441753416603,0.0416553867024171,0.0720556197412064,-72.7005580818272,43.7557309238421
637,2019,0.0387663611508371,0.0284508342920958,0.0528777111104727,-72.096745405244,43.6455824307873
638,2019,0.0256018553140623,0.0182342625342401,0.0346409310668647,-71.4948985248964,43.5327032721944
639,2019,0.0183102209738641,0.00992970768297675,0.0315468146808375,-70.8950539585084,43.4171102411319
655,2019,0.00569900114480833,0.00139922615330239,0.0123503787514437,-116.12031900192,43.8266891231278
657,2019,0.0432014333941726,0.0206618769459585,0.0766146444821293,-114.896733551418,44.0094559300545
658,2019,0.0395786549727758,0.01973654621182,0.0714182962308623,-114.282524899195,44.0966126165839
659,2019,0.116067978376946,0.0590425787066603,0.204161297291654,-113.666766123631,44.1809357386755
660,2019,0.112107540942228,0.0630771752298404,0.178293039244834,-113.049502322059,44.2624126142002
661,2019,0.159140378804574,0.0893759901662758,0.284263849547256,-112.430782400274,44.3410318458983
662,2019,0.174981786920815,0.111918317844257,0.256131887023604,-111.810649827634,44.4167791744156
663,2019,0.0630199477383516,0.0469880790321005,0.0840700549710069,-111.189160078257,44.4896471530197
664,2019,0.0223182892370795,0.0136597170597561,0.0332698501645979,-110.566351563484,44.5596381394927
665,2019,0.0726969925800645,0.0545952816153757,0.0975723298755971,-109.942281756302,44.6267200072128
666,2019,0.0435958918210413,0.0199620256917186,0.082141126152975,-109.316999429174,44.6908926966992
668,2019,0.186936077275259,0.100382877496983,0.32138965133546,-108.062992665469,44.8104686875657
669,2019,0.501152834325549,0.286188852369263,0.764304565086178,-107.43437659811,44.8658559511148
710,2019,0.0146945258933929,0.00577355832155269,0.0309043697510121,-75.2703931717895,43.7311027812755
711,2019,0.0371505475991311,0.0241638219477435,0.0533106116255837,-74.6628303396871,43.632734681026
712,2019,0.029058217334744,0.0174523378124396,0.0453304699561612,-74.0570367160181,43.5315963738007
713,2019,0.0120390675758274,0.00574080989417854,0.0215896918604947,-73.4530532043718,43.4276991027857
714,2019,0.0455833551690871,0.0321649026600587,0.0621691688214265,-72.8509212587371,43.3210583242021
715,2019,0.0315890942403311,0.0224073043111043,0.0439927888634434,-72.2506779925283,43.2116874301947
716,2019,0.0161512413094054,0.0107492932300123,0.0232730478913488,-71.6523647669208,43.0996007467112
717,2019,0.00551964448547198,0.00280554790101878,0.00927138267066479,-71.0560185015014,42.98481471806
734,2019,0.0643378935173755,0.0163588057757867,0.16377722271009,-115.382770076014,43.4807125720167
735,2019,0.151085841989026,0.0993293572667698,0.218668445655486,-114.773918404995,43.5700430764301
736,2019,0.107985100263219,0.0742515060862479,0.15059520792152,-114.163501427333,43.6565691833324
737,2019,0.190414610126658,0.0865740480502259,0.369883502367078,-113.551563177535,43.7402787046076
739,2019,0.146850517289391,0.0852579102847783,0.233496126138906,-112.323306033627,43.8992041394788
740,2019,0.146076640394639,0.0953577093989229,0.203339539819036,-111.707079475952,43.974396823416
741,2019,0.274951370734661,0.197999927817853,0.359393859834012,-111.089517958523,44.046729682195
742,2019,0.112503293519547,0.0898100455005379,0.142544337805681,-110.470664190897,44.1161945853347
747,2019,0.620367624872809,0.34845143677738,0.965777818136253,-107.358812082343,44.4201195918522
748,2019,0.157904098306207,0.0935576737623232,0.249226448527523,-106.733278918328,44.4721647364724
790,2019,0.0261940549579124,0.0101888476671951,0.0526189975536329,-74.8005019980691,43.1960170152874
791,2019,0.0164752074362598,0.00597287240330112,0.0357584836008865,-74.198342428856,43.0955932326429
792,2019,0.00776634687535551,0.00346182084708503,0.0152422584989942,-73.5979595890574,42.9924262557409
793,2019,0.0564121582395229,0.0378872631341512,0.0826323598366868,-72.9993933692596,42.8865313302364
794,2019,0.0311230976884724,0.0228322108185727,0.0420436566535873,-72.4026818113356,42.777921670976
795,2019,0.014344882806988,0.0101416491263078,0.019052312050348,-71.8078661765002,42.6666103833826
796,2019,0.000414468552653919,6.23023720096157e-05,0.000508701434096231,-71.2149800875281,42.5526120433965
815,2019,0.407652570706064,0.207943008332009,0.689101208741506,-114.045998932382,43.2167676588969
816,2019,0.0696657372925905,0.0261119879953215,0.13634208122664,-113.437837611848,43.2998789589846
819,2019,0.216211852263047,0.122140007191799,0.332120951925811,-111.604842734884,43.5323090825256
820,2019,0.235904278877681,0.175086809567758,0.301933590176956,-110.991161093688,43.604116470305
821,2019,0.126846326131337,0.0998128002900783,0.162654733410183,-110.376216433854,43.6730727467328
822,2019,0.156282898672403,0.0702503404054759,0.292718110970923,-109.760055685521,43.7391683698958
826,2019,0.234294510409586,0.158999863086434,0.320352479667556,-107.284235079899,43.9747585210165
827,2019,0.149920520509216,0.0854666681092328,0.2430917954651,-106.66273806328,44.0264160330045
877,2019,0.0223863427984783,0.0130935325295199,0.0352834321194921,-73.1460089299208,42.4521210494956
878,2019,0.021231906177853,0.015291845824192,0.0289971060139601,-72.5527918934419,42.3442545476635
879,2019,0.00865438534476226,0.00575141646547014,0.0120619484152481,-71.9614346016644,42.2337015241572
904,2019,0.0960729422174916,0.0611287975758317,0.14423106525563,-112.719706079477,42.9394365784853
905,2019,0.0780166092384247,0.0391552476510016,0.136987175173149,-112.112476692354,43.0163669827586
906,2019,0.156979575127502,0.0870876073861887,0.254350338556491,-111.503915596722,43.0904840906579
907,2019,0.181735329802726,0.113336548086871,0.275779973479533,-110.894069029749,43.1617780614914
908,2019,0.20299550749274,0.104491762888138,0.348698253383136,-110.282984473574,43.2302405334548
909,2019,0.172333917586469,0.100576042876529,0.261730445551758,-109.670705371682,43.2958576721997
911,2019,0.0593850900472549,0.0179686736563297,0.132547490068918,-108.442757810671,43.4185337124392
963,2019,0.0223421721869504,0.0132346697383403,0.0356875313443483,-73.2908034531097,42.0178001271581
964,2019,0.00411565504263836,0.00184645483880894,0.00726922901070781,-72.7010412022829,41.9106602199159
965,2019,0.00257270795618838,0.000822390216661823,0.00501094658071091,-72.1131053229347,41.8008479286835
984,2019,0.0633248405575124,0.00594578603873367,0.213901354369306,-116.203629398749,41.9824136247028
987,2019,0.367046007359539,0.233980564826141,0.531930127518166,-114.414750407728,42.2530490835486
988,2019,0.377848957263027,0.23145469836783,0.559858362661785,-113.815442855092,42.3377675600178
989,2019,0.117807496841741,0.0671897159427711,0.190411634839173,-113.2146984706,42.419721218099
990,2019,0.141293613200844,0.0933284253020694,0.203660359189771,-112.612560242519,42.4988994123537
991,2019,0.0854742245960806,0.0386907210490265,0.158333883056175,-112.009070954656,42.5752926426614
992,2019,0.188058096091021,0.0962061457014061,0.329774107839507,-111.404274261227,42.6488905960846
993,2019,0.19253441277759,0.116045968630004,0.293955349973654,-110.798217972273,42.7196842309693
994,2019,0.149029461621048,0.0764484153003216,0.272488126944852,-110.190943799606,42.7876630149683
995,2019,0.202914510681501,0.123799809832174,0.313455830155414,-109.582499689753,42.8528151708467
996,2019,0.116777504714687,0.0663097219022102,0.184680497382607,-108.972930266934,42.9151350552992
997,2019,0.0554498369853655,0.0126112905814418,0.129738994945479,-108.362287083933,42.9746150528814
1016,2019,0.00559203351113159,0.000738927039554013,0.0183411091451081,-96.621621329627,43.5564547242932
1049,2019,0.00465075526030514,0.0020275028434907,0.00838183889169326,-73.4338091418098,41.5835411257897
1067,2019,0.0506460736774396,0.00786297929238837,0.154887022227715,-116.076216826557,41.5455512102766
1068,2019,0.0934365661677617,0.028035829130911,0.216349097222603,-115.48500637125,41.6378759245124
1069,2019,0.0825140915102755,0.0237246400825112,0.193170394086603,-114.892263269215,41.7274848434247
1071,2019,0.0699537518988116,0.0244613103879762,0.14789894340748,-113.702335261937,41.8985096103371
1072,2019,0.086340394546001,0.027409004054265,0.196297160240104,-113.105238751938,41.9799045445942
1073,2019,0.0732366668706358,0.0138380493927352,0.181243736151891,-112.506767818374,42.0585399196457
1075,2019,0.107304303433454,0.0630218108937393,0.165338066831291,-111.305893884186,42.2074963261937
1076,2019,0.212994383982745,0.0790761620380128,0.460876632974389,-110.703580859138,42.2777988800144
1077,2019,0.144839852348241,0.0555129778355498,0.299979105302513,-110.100071224189,42.345304462356
1078,2019,0.0954735889987865,0.0315170514854962,0.21441252388927,-109.495418486021,42.4100045574667
1079,2019,0.118584148758344,0.0489610397424446,0.236254476047231,-108.889657956902,42.4718888924363
1081,2019,0.0502282722329748,0.0111691560951997,0.132725321750656,-107.675022920097,42.5871832658952
1153,2019,0.0862072039356867,0.0185749006343022,0.222059781816271,-114.77344067336,41.2894883753314
1158,2019,0.0709424518885004,0.0451202324935802,0.109614784318469,-111.806157067383,41.693681068377
1159,2019,0.0985229082441221,0.0614702420535419,0.147011542739928,-111.20875371608,41.7662744536107
1160,2019,0.110257593245255,0.0636683709302945,0.177417974931963,-110.610136629169,41.8360956074426
1161,2019,0.118429669530864,0.0615306370103892,0.206084279535767,-110.010350543811,41.9031377469323
1183,2019,0.0075564392261708,0.000591188906064473,0.0284634358381336,-96.6135902963884,42.6611397355194
1233,2019,0.0148960117671042,0.00196145535813919,0.0535339440777035,-115.826086529838,40.67200354049
1240,2019,0.0918865991780362,0.0693438570943352,0.118841588061496,-111.70659825914,41.2530824601715
1241,2019,0.101254287939664,0.0696828835206565,0.144011462646897,-111.112828967095,41.3251903546144
1242,2019,0.0520102913270826,0.0195122246824037,0.108948549483861,-110.517866714772,41.394543713023
1244,2019,0.0252228057230159,0.00646197378645095,0.0674683212818916,-109.324539228095,41.5249547030918
1249,2019,0.0449753247570711,0.016377201613741,0.106660840909154,-106.323440479132,41.8022336797733
1325,2019,0.104335752789727,0.0754758043146053,0.137544197983544,-111.60827506494,40.8125836018646
1326,2019,0.221634940125035,0.135986498372353,0.323694623979579,-111.018094906379,40.8842168298241
1327,2019,0.223249752044141,0.125682416676737,0.346864580661441,-110.426744985701,40.9531131945692
1328,2019,0.118445639996186,0.0763059103665137,0.17522094437841,-109.834266981855,41.0192645938366
1333,2019,0.126654984224837,0.0849821212864497,0.181825610550453,-106.856474378115,41.3085582936967
1334,2019,0.303639870024445,0.20378480738131,0.426485658550906,-106.258145661708,41.3580770848031
1335,2019,0.104555205995454,0.067015426918206,0.154391407377649,-105.658999922076,41.404801409304
1336,2019,0.260752654771377,0.12443255497808,0.456301915049921,-105.059084019658,41.4487232013348
1338,2019,0.0458982921623299,0.0198076004156777,0.089622402223539,-103.857121159615,41.5281376885191
1409,2019,0.090403326309114,0.0626075970365949,0.123552747876138,-111.511164150686,40.3721557172223
1410,2019,0.19122456260241,0.097129931881617,0.329686798796035,-110.924532316737,40.4433255564854
1411,2019,0.144262422554675,0.0605193303976757,0.279355354661305,-110.336751067485,40.5117747644432
1412,2019,0.114548844195018,0.0521250234374177,0.215017104325945,-109.747862572294,40.5774945048426
1413,2019,0.0273763558495887,0.0104036688109156,0.0592427974939233,-109.157908368446,40.6404753061641
1416,2019,0.0260893846861672,0.00914842789577319,0.0597406589531646,-107.382084389228,40.8129212642875
1417,2019,0.258498642830072,0.198175904247567,0.32540441757975,-106.78830021479,40.8648831041466
1418,2019,0.261434463085682,0.185900656558756,0.355590469742794,-106.193670449777,40.9140735584832
1419,2019,0.0804363583138772,0.0615337907530489,0.10502419664629,-105.598236458589,40.9604866520144
1420,2019,0.0251068002885846,0.0145955209607223,0.0397265723779127,-105.002047579579,41.0041170728256
1492,2019,0.0296068340827628,0.00522247138040379,0.0940163251712808,-111.997200935055,39.8583600354677
1493,2019,0.095417590630218,0.0679582731447413,0.130498179168832,-111.415243384041,39.9317719896599
1495,2019,0.0889426472287684,0.0122618817432332,0.282559499568913,-110.247863439335,40.0704996825133
1501,2019,0.198037656486701,0.151145498468999,0.25030297075586,-106.720974122848,40.4213250032604
1502,2019,0.382612634224225,0.27905627834802,0.508047706227338,-106.129996789063,40.4701946699446
1503,2019,0.123016734357499,0.0883583574845417,0.16884419436122,-105.538229266375,40.5163044104533
1504,2019,0.0112481373640272,0.00599923783857866,0.0189327665538953,-104.945723200783,40.5596469372605
1576,2019,0.0429814504933345,0.0143117913394128,0.101096053561643,-111.320491708783,39.4914045546608
1582,2019,0.0369826542560766,0.0165861598509217,0.0732446788301232,-107.8267263069,39.8725389911402
1583,2019,0.122952944770884,0.05573815169357,0.228522161784696,-107.241029586204,39.9265610616934
1584,2019,0.132856997511141,0.0954650830287864,0.183515901346862,-106.65447886542,39.9778530065854
1585,2019,0.193274628462914,0.14470972029897,0.250419573190078,-106.067110267552,40.0264104424822
1586,2019,0.0802760169662206,0.0627905844571591,0.102229903180073,-105.478968667215,40.0722211759544
1587,2019,0.000842012635320311,0.000147035744983674,0.00125878161724978,-104.890096369955,40.1152852060354
1664,2019,0.0169002629094798,0.00200265021669757,0.056747359181739,-108.335236655259,39.3733976164057
1665,2019,0.0300257729940315,0.0124232282708765,0.0641013998518224,-107.753962467665,39.4297902249419
1667,2019,0.162878103203901,0.127494368653873,0.203603541247516,-106.588801977915,39.5344426395234
1668,2019,0.209870028817804,0.151623515474158,0.281518795790013,-106.004996072895,39.5826917516443
1669,2019,0.050045068731485,0.0385412665114184,0.0639610330336369,-105.420433632994,39.6282109702619
1670,2019,0.000848807125440113,0.000124792984975914,0.00112737279679514,-104.835155420848,39.6710005135731
1746,2019,0.0174194662643886,0.00586416336672985,0.0395946284405956,-108.259881699426,38.9310140708376
1748,2019,0.0839890086420818,0.057378850695661,0.120123310521616,-107.103415161161,39.0404087947803
1749,2019,0.142917159178612,0.0972886935691217,0.198969779488776,-106.523922369266,39.0910629083992
1750,2019,0.0786773811383533,0.0569008196186844,0.104577525372766,-105.943641460323,39.139009322844
1751,2019,0.0215827025407132,0.0137447069709417,0.0319981340389437,-105.362615768643,39.1842460843658
1752,2019,0.00660742463036799,0.00288558149734388,0.0103540079852763,-104.780887722694,39.2267675507065
1829,2019,0.013388443683827,0.00598301490224524,0.0266149608311245,-107.611076141954,38.5443150840386
1830,2019,0.0398003937561876,0.0236863137178749,0.0831369257997278,-107.035857146631,38.5973396057948
1831,2019,0.124137722448319,0.0907181197553169,0.163751281207304,-106.459830378089,38.6476826784603
1832,2019,0.0342380077997501,0.0147303696326169,0.0693826729540421,-105.883032326581,38.6953379085553
1833,2019,0.0182040294153265,0.0115883669885427,0.0267880604979461,-105.305501746264,38.7402976627333
1834,2019,0.0100311511246097,0.00599910429099774,0.01478230315071,-104.727283343919,38.782559066598
1910,2019,0.106982097554596,0.0804044680411256,0.139977047229187,-107.540918612131,38.1015350484587
1911,2019,0.104517303370432,0.0723281210660488,0.15049135462244,-106.969115060283,38.1542412219608
1912,2019,0.060039893523605,0.0316329541567681,0.102620235050774,-106.396513705963,38.2042814448047
1913,2019,0.0392421820049243,0.0173662370207869,0.0789145100982342,-105.823154687203,38.2516502419397
1990,2019,0.0107092044854146,0.002259935702387,0.0265875423742968,-108.039208318683,37.6036427370119
1991,2019,0.112028340830096,0.0798013129194717,0.151781885121775,-107.471599693738,37.6586900208738
1992,2019,0.101450206633399,0.0753965964185401,0.131915875676887,-106.903171237272,37.7110863934746
1993,2019,0.042520238638337,0.0226245602629282,0.0735239341287978,-106.333955618741,37.7608301443974
2070,2019,0.00610417981895178,0.00109872823044829,0.0145316687516642,-107.967395857889,37.1610302815154
2072,2019,0.0118376499893275,0.00297446542919478,0.0272721138394379,-106.838011820175,37.2678491717506
2073,2019,0.0236339992168182,0.00813912527004845,0.0547416349048815,-106.272142802708,37.3173029771175
2151,2019,0.00455487566361935,0.000395930997140097,0.0131538551174391,-107.896430876523,36.7182962299437
6,2025,0.00461694788458046,0.000963166228940563,0.0104469166549116,-121.265128723774,48.994555393664
7,2025,0.0121944161754779,0.00623203039258355,0.0220847386349947,-120.612805474797,49.1126837672064
8,2025,0.00490243502527789,0.00168432511677011,0.0154489334364087,-119.958104358564,49.2278348396007
14,2025,0.00725475013123454,0.00149859227085648,0.0155651479114809,-121.089036419193,48.555629878705
15,2025,0.0365430083809227,0.0218956284958203,0.0548578523813878,-120.440842673788,48.672733234681
16,2025,0.0568434920773486,0.0304215582233389,0.0958046580573547,-119.790313872131,48.7868865773491
17,2025,0.0225142058480618,0.0105913374756039,0.0424752846394863,-119.137500463454,48.8980721978474
18,2025,0.0195041652724015,0.00819183746830918,0.0402129303904021,-118.482453966982,49.0062653448723
19,2025,0.0398871899393612,0.0170282045666419,0.0770276169796264,-117.825219759276,49.1114538833663
20,2025,0.0298545393251181,0.00994244914783076,0.0706270583686861,-117.165854351124,49.213617147949
27,2025,0.0366121544129613,0.0183879367269915,0.0677343763788242,-120.27121456213,48.2333626190998
28,2025,0.0505535078407336,0.0220733018533298,0.093713396518107,-119.624814650583,48.3465402327626
29,2025,0.0902518754616617,0.0480243509820786,0.150314662586888,-118.976175551119,48.4567680841763
30,2025,0.117990505732763,0.0657766607220527,0.190513431875682,-118.325346401563,48.564029742441
31,2025,0.133839934010809,0.0968395121729758,0.177972614423335,-117.672375597358,48.6683051194705
32,2025,0.0819570178934714,0.0506429867668887,0.125349944312002,-117.017316446554,48.7695743758115
33,2025,0.0659436813163557,0.0386713257749292,0.110229742955499,-116.360221072417,48.8678199767522
34,2025,0.0573640808194393,0.0274400054149382,0.0986828925097252,-115.701143087202,48.9630258969627
35,2025,0.0340920338084066,0.0213160266231823,0.0539421293765256,-115.040136094933,49.0551758980945
36,2025,0.0275300976874118,0.0164719703853902,0.0430527983373889,-114.377255928809,49.1442541785679
37,2025,0.0179367192804355,0.00971999996336076,0.0251546293785704,-113.712561201883,49.2302453010975
38,2025,0.0250285189989172,0.00633250203236066,0.0602445715284441,-67.9000250105137,47.4934264776634
48,2025,0.188604880591685,0.0860585608953025,0.345472806256537,-118.170381383063,48.1224031571419
49,2025,0.163130094406053,0.110101315880249,0.227753319140694,-117.521623369245,48.2257868101742
50,2025,0.121328505928479,0.0858922006729681,0.163314552200147,-116.870816677498,48.3261864091953
51,2025,0.0607421871026823,0.0346966857594178,0.100083217342043,-116.218015973647,48.4235822996474
52,2025,0.06283760504462,0.038547291059567,0.0988411927005654,-115.56326990492,48.5179625451974
54,2025,0.0461452307280417,0.0283553155130455,0.0745392917466502,-114.248169681455,48.6976058532625
55,2025,0.076475853897701,0.0542878465288099,0.119459427167745,-113.587922894349,48.7828372654218
56,2025,0.0397705833268403,0.0148331772399206,0.084073901239543,-112.925954282071,48.8649870003599
60,2025,0.0226091997005116,0.00433480442211474,0.0633063165229443,-110.262024903585,49.1624886658511
62,2025,0.276236174189117,0.130022373031573,0.494021013966903,-69.3497434925368,47.3166834397276
63,2025,0.358016991962097,0.164754134119515,0.652908552093507,-68.7190892921395,47.190084100331
64,2025,0.363527492808588,0.189266605529704,0.601139309766771,-68.0908928553389,47.0606651056672
65,2025,0.0783745159634049,0.0289339266666039,0.138332282096626,-67.4651983439585,46.9284486236964
72,2025,0.00773573075545367,0.00112870174062187,0.0221258311834403,-120.574861976244,47.2420031643778
76,2025,0.099573332326624,0.0572320762136558,0.159034447254942,-118.017514067676,47.68134777365
77,2025,0.0934648912273277,0.0613655256902531,0.134056998448294,-117.372920136676,47.7838610764382
78,2025,0.144627810563921,0.0967973859651708,0.205704661000945,-116.726314268227,47.8834122922538
79,2025,0.0999969998489215,0.0602073967786455,0.153773430893659,-116.077755087246,47.9799818698788
80,2025,0.118300472232364,0.0758530318474385,0.176833238843105,-115.427287835665,48.0735557608927
81,2025,0.0384282183009596,0.0196689858848211,0.0691702993583491,-114.774974410224,48.1641173770118
82,2025,0.0356863423527612,0.0201541336217933,0.0585286735515404,-114.120865028685,48.2516520248398
83,2025,0.120168035154867,0.0793869218939945,0.174092179942205,-113.465009639246,48.3361436908319
84,2025,0.0511418518421626,0.0228013113579993,0.101384847068995,-112.807466634735,48.4175783877576
92,2025,0.022442219200658,0.0107166675387934,0.0433914071972604,-107.493395159889,48.9573499576627
94,2025,0.04928706221585,0.0075499707114755,0.145920183293965,-106.152156667735,49.0608164945375
97,2025,0.17100297076123,0.010513289603881,0.683650655862294,-104.132855499805,49.1920783173635
100,2025,0.492025714880182,0.315135014419018,0.70794184228191,-69.5305289572354,46.8822366835495
101,2025,0.503174054656889,0.330513775251088,0.729920212867815,-68.9036837191155,46.7566505633992
102,2025,0.241498710890904,0.151610039339539,0.36373984233729,-68.2792539113464,46.6282572225885
103,2025,0.111866678796722,0.067462515924541,0.164476530795875,-67.6572724385743,46.4970843359059
114,2025,0.0957854243307815,0.0492175391059364,0.165776802794554,-117.866704919148,47.2408178782891
115,2025,0.192499819927686,0.128759353731724,0.26612872567835,-117.226219771308,47.3424850688003
116,2025,0.172368691235628,0.123971640063219,0.232147881879328,-116.583766817315,47.4412092581095
117,2025,0.0994049100490761,0.0624412625884096,0.148177495150542,-115.939397629601,47.5369728113951
118,2025,0.104406818224198,0.0680498618302755,0.152738498211964,-115.293161243123,47.6297603798853
119,2025,0.0359125341680617,0.0159067285564986,0.072382876269809,-114.645111768531,47.7195572370623
122,2025,0.0818497608247881,0.0502985028606589,0.126701540524644,-112.690610518949,47.9708590123778
123,2025,0.0562178646332657,0.0124638207313381,0.150405467367161,-112.035840782544,48.048549086942
130,2025,0.0258331738128028,0.00875678534297306,0.0651114164787996,-107.412587066948,48.505935287017
134,2025,0.167521045616583,0.0182201048884373,0.574018853019494,-104.744703388572,48.6983867024283
137,2025,0.220424804019914,0.0751735549972219,0.466701272047915,-102.734451266843,48.8093776896219
139,2025,0.11536320201314,0.0404875505838143,0.246562543023246,-101.390806404747,48.8673844104542
140,2025,0.127631666157772,0.0400912416871461,0.292313977654793,-100.718143786867,48.8915713891201
141,2025,0.0590287607731189,0.00621861912180699,0.192975091852897,-100.04500567428,48.9125444540545
146,2025,0.0468172822733434,0.00307627235422177,0.163831948066667,-96.6745640527728,48.9690518567947
147,2025,0.0481117868843635,0.00337782132536375,0.164570231670222,-96.0000064893933,48.9706680856778
150,2025,0.128919902653126,0.0405295927334229,0.266562599711987,-70.3343511214951,46.5699500753741
151,2025,0.470515146985354,0.29829259485116,0.676677730402019,-69.7089436445446,46.4481548004831
152,2025,0.440614794177917,0.291466478521793,0.623464388124808,-69.0858685956939,46.3235551326322
153,2025,0.221817301097545,0.151727044554437,0.314909315315528,-68.4651588887034,46.1961684346516
154,2025,0.143599799352707,0.0901735243146169,0.215313023699904,-67.8468570793633,46.0660136069417
165,2025,0.0221874729693187,0.00671599194198945,0.0485183028959351,-117.71791068899,46.8007779901175
166,2025,0.100385021944977,0.072810178570696,0.132223847559838,-117.081487575634,46.9016186184269
167,2025,0.14590576610697,0.094195824481959,0.21676001034439,-116.443136033377,46.9995353119642
168,2025,0.0672576716830542,0.0327393144002358,0.118071754931959,-115.802904751804,47.094512472278
169,2025,0.0772059959420077,0.0407857620585932,0.130001895648474,-115.160845736921,47.1865339418036
170,2025,0.00834457182732372,0.00312304537482107,0.0141040869239166,-114.517008587968,47.2755858069188
171,2025,0.0152524748542233,0.0079173483926413,0.0244906668371825,-113.871445050628,47.3616548062373
173,2025,0.110313191728514,0.0580881606594949,0.192709200481844,-112.575350261847,47.5247839547667
174,2025,0.0171070748064019,0.00396479993334202,0.0484700449875212,-111.924928927009,47.6018169236374
175,2025,0.0197081302788908,0.00527628244837498,0.0513775753961656,-111.27299749329,47.6758117659898
180,2025,0.0255628888228012,0.00458024231534917,0.080531923989403,-107.992691893929,47.9997729188431
182,2025,0.054983460399784,0.00802477241396186,0.168420404098212,-106.672031972892,48.1076757168689
190,2025,0.0724492086412324,0.0292753602312464,0.137793309739578,-101.352891440655,48.4135621124951
191,2025,0.0697851680527342,0.024672729199294,0.143325485430873,-100.684939981041,48.4375354833297
193,2025,0.295398362855841,0.0538900874283813,0.799487166044168,-99.3477157576692,48.4759171103027
194,2025,0.122920466475927,0.0289110517364937,0.315058423077742,-98.6785717942889,48.4903184128158
195,2025,0.114452559832707,0.0266214380004615,0.295857269524748,-98.0091610849095,48.5015216972278
198,2025,0.121971315071466,0.0369023543242011,0.265570071594712,-96.0000039201961,48.5159308092361
199,2025,0.0785608301242319,0.0245557911465451,0.171980676090942,-95.3301960390057,48.5143309353046
200,2025,0.0757120442933422,0.0255428837553773,0.161112456112696,-94.6604508757051,48.5095282213004
201,2025,0.0676465829227215,0.0222685581928105,0.144979127988274,-93.9908380770121,48.5015239659039
202,2025,0.0256079592093387,0.010932923021325,0.0498995133800922,-93.3214253392893,48.4903201870313
203,2025,0.0365345566551196,0.0156526662472124,0.0714335658166547,-92.6522759066935,48.475915935041
204,2025,0.0442997585404724,0.0212133249338229,0.0745118123525114,-91.9834602721287,48.4583175724916
205,2025,0.0417008324392419,0.0132527526591033,0.0697033935346723,-90.6471165275859,48.4135638055177
206,2025,0.139337442297705,0.0861047975738347,0.191114085774892,-88.6466915320881,48.3225626176597
207,2025,0.0735417903147829,0.0244443282983754,0.156362312237217,-70.506668638906,46.1352523753917
208,2025,0.409420610906009,0.289800695996567,0.536394145171077,-69.8850338348487,46.0144072259477
209,2025,0.457865256386388,0.322804066464098,0.614821566400026,-69.2656832950739,45.8907710876627
210,2025,0.319707999109351,0.187238013887007,0.497715613097335,-68.6486564041498,45.7643644904214
211,2025,0.131568405997163,0.0750194733546012,0.202660430213184,-68.0339922602737,45.6352042746021
212,2025,0.119517794544528,0.0669215896832978,0.19642160922417,-67.4217284444601,45.5033085389255
222,2025,0.00663494790328961,0.000422541804947626,0.0238180996671035,-118.830049766138,46.152469381733
223,2025,0.02429549190352,0.00886848976701345,0.0514957144220264,-118.201563406335,46.2582657048174
225,2025,0.0778686298230036,0.0454994294784336,0.125809509528637,-116.938683807989,46.461222370979
226,2025,0.101182267131065,0.0727480446717766,0.138460314547773,-116.304384196972,46.5583517046871
227,2025,0.0601119013698811,0.0204585378647913,0.127842561259203,-115.668241638533,46.6525615767592
228,2025,0.0869285856017869,0.0437937780200827,0.152876486622765,-115.030306303664,46.7438354709386
229,2025,0.00964806316498676,0.00507526619632246,0.013801183276921,-114.390629531162,46.832160286886
230,2025,0.0131153258172425,0.00747651593822011,0.0190819101147125,-113.749260122114,46.9175251022855
232,2025,0.134875302271546,0.0804118287841569,0.214555599560609,-112.461655084182,47.0793087013163
245,2025,0.0687187773932264,0.014580390186152,0.178458838632311,-103.962894873036,47.8339743825041
247,2025,0.0935512252269595,0.0137936136914936,0.292934211284453,-102.640490790603,47.9035479230808
249,2025,0.0565182993932672,0.0228422664729745,0.110957370452746,-101.315505768706,47.9605404832261
251,2025,0.161350023855771,0.0349689541294848,0.418810427445489,-99.9884473692496,48.0049104357337
253,2025,0.0698247294596662,0.0216531979857808,0.154587956319627,-98.6598330133486,48.0366278684214
256,2025,0.0533301817308923,0.00670960690037719,0.177197346560847,-96.665122546838,48.0604279296598
258,2025,0.0650729994919504,0.0213016654348584,0.13801332055571,-95.3348823145924,48.0604298280833
260,2025,0.0571549643279924,0.0201628961126692,0.116696435490946,-94.0048959270843,48.0477350463897
262,2025,0.0344595220997287,0.0148315942359455,0.066075249862946,-92.6756942817593,48.0223511455104
263,2025,0.0852062597560873,0.0523071419925428,0.135863419982564,-92.0115504398173,48.0049117563328
264,2025,0.0714836054393131,0.0443188494243614,0.110325929390012,-91.3477975209589,47.9843065564997
265,2025,0.189120842742219,0.135764655402258,0.258454045075472,-90.6845036809804,47.9605399161754
266,2025,0.135855365773165,0.0937319358184405,0.19037658481661,-90.0217221165395,47.9336226989668
267,2025,0.341251949035069,0.229898896159731,0.479470493528291,-89.3595260117118,47.9035575485126
268,2025,0.243654013586904,0.169959166949664,0.328754746910357,-88.6979622211281,47.870332034353
269,2025,0.0808085677463269,0.0276165946511998,0.168033262320769,-70.6767402542768,45.7008752966752
270,2025,0.325546473284028,0.240123541128088,0.414929043986247,-70.0588362662863,45.5809568985751
271,2025,0.311323311975896,0.232155882091001,0.394822185364666,-69.443173730937,45.4582639237871
272,2025,0.134038508601809,0.0849135550731765,0.193265404352966,-68.8297909872228,45.332814591009
273,2025,0.123564106350113,0.0708733584547102,0.192376781674338,-68.2187269301224,45.2046259432757
274,2025,0.144443573028132,0.0855369259428354,0.226384850344268,-67.6100186718221,45.0737155823609
275,2025,0.0162594895483459,0.00820754576727087,0.0299840344841537,-67.003702269256,44.9401012433577
290,2025,0.0537384634352694,0.0103344789288668,0.144919448892522,-115.535374198856,46.2110823086983
292,2025,0.0665303473594655,0.0436114754806695,0.0975003807616158,-114.265944462349,46.3892456788843
293,2025,0.0704024831125393,0.0441274668042347,0.108802824786416,-113.628715560547,46.4739211444767
295,2025,0.0714920738823309,0.0418923109765232,0.114032126231779,-112.349491918944,46.6343911984023
296,2025,0.0445794026306966,0.0176152525951388,0.0941367462890515,-111.707601287673,46.7101626793575
300,2025,0.0277370100369526,0.00659354213064664,0.0791681934415177,-109.126073329897,46.9831825089554
312,2025,0.0682181012653164,0.0305409529722425,0.124346137390123,-101.278638743776,47.5082698888487
313,2025,0.0635326489027454,0.027460890807274,0.118386060887553,-100.619921785345,47.531830613475
315,2025,0.243675957820588,0.0190998207850946,0.928878481289068,-99.3012171828397,47.5695522684754
319,2025,0.0465101285163322,0.00773445522582907,0.13205476926156,-96.6605002482872,47.6073015223553
320,2025,0.0227054773404718,0.00834152686381839,0.0460711722344336,-96.0000015309552,47.6088744950346
324,2025,0.0142600954181583,0.00636367021587883,0.0261695886759492,-93.3586432756584,47.5837062006271
325,2025,0.0157515173347942,0.00661138255610401,0.0310960559316428,-92.6987836625179,47.5695488190079
326,2025,0.0442152436535631,0.0287107909253143,0.065223694012884,-92.0392406177524,47.5522583542852
327,2025,0.0530745655293106,0.0366298102148855,0.0742133105508455,-91.380080170463,47.5318319865671
328,2025,0.128503291112198,0.0658946174414705,0.213493531414854,-90.7213647962847,47.5082714380863
330,2025,0.0216506681160356,0.00875522855359552,0.0477451069606958,-88.0921950487924,47.3827812490345
332,2025,0.153715121332817,0.0839430023210821,0.22048700303799,-71.4609849289288,45.3830240963321
333,2025,0.451698030766586,0.287990061750225,0.650006501410922,-70.8446113305664,45.2667870166081
334,2025,0.315258340517253,0.199310167456222,0.455846971971825,-70.2303972745836,45.1477740738739
335,2025,0.114496841530901,0.0701960019000461,0.173027110189318,-69.6183834728863,45.0260023279712
336,2025,0.0185655592941043,0.0104705787511992,0.0310753804386726,-69.0086087274,44.9014884763742
337,2025,0.0261595118961814,0.0158296723224496,0.0404525497148294,-68.4011099872722,44.7742499377212
338,2025,0.0320308628223134,0.0150932296049653,0.0625997745662993,-67.7959203736645,44.6443029250288
339,2025,0.0108769776780947,0.00412512353986243,0.0223025740509518,-67.1930813361053,44.5116647668273
353,2025,0.0897532779168377,0.0219104433016968,0.227246530791951,-116.032373562756,45.6773045017994
356,2025,0.0762068453301008,0.0528582429681545,0.105541946654122,-114.142918787608,45.9467992917977
357,2025,0.164233918315702,0.0884704913551742,0.276038623842793,-113.509780049327,46.0308013550754
358,2025,0.0898464457379456,0.0479850812587309,0.156324436491787,-112.875069121501,46.1118702559755
359,2025,0.0996444520118427,0.0578949062334671,0.161727745188696,-112.238833155574,46.1899909150082
361,2025,0.0602717160105714,0.0202306568179649,0.138247234047764,-110.961991642417,46.3373407404143
362,2025,0.090939385755665,0.0191944949832248,0.240884452297543,-110.321492639281,46.4065460013088
374,2025,0.0300630432367739,0.00672459480645913,0.0801803335560549,-102.549113998863,47.0006697792495
377,2025,0.0545387956428247,0.0239733273138549,0.100943311596266,-100.588086898593,47.0800669034272
380,2025,0.0575420803108723,0.0111756113013737,0.154352930749295,-98.6231351464366,47.1315018356793
384,2025,0.0206275748781805,0.00741148020889785,0.043666642835332,-96.0000014210416,47.1564591286036
385,2025,0.0158529586852766,0.0062396515724105,0.0331907406309468,-95.3440610906269,47.1548997101512
386,2025,0.00535165878182523,0.000983349740929438,0.0159028128773009,-94.6881835301603,47.1502194986402
387,2025,0.00574539770218304,0.00106662116437116,0.0158649254677068,-94.0324313689751,47.1424200620507
388,2025,0.00957006885274927,0.00416962634155603,0.017528543530344,-93.3768684788266,47.1315042772383
389,2025,0.0110384624738064,0.00519118582267554,0.0186127252129373,-92.7215517641475,47.1174662695802
390,2025,0.0337091925019467,0.0235369444347164,0.0473367513051505,-92.0665480964572,47.1003219121314
391,2025,0.0186159550258824,0.0116943610653341,0.0286790344921352,-91.411919140626,47.080066671644
395,2025,0.0178340041864574,0.00593108739651024,0.0425842494465097,-88.7983682463696,46.9680095197817
396,2025,0.052543893333978,0.0199623484298575,0.112192381556454,-88.1465282163012,46.9322626269099
400,2025,0.021369755217285,0.0089414353897364,0.0415711229955915,-84.8996139174757,46.7074451795175
401,2025,0.0497030332774328,0.0315202444627907,0.0724768023200178,-84.2530916965949,46.6533170768607
402,2025,0.0116784976641769,0.00542571636013757,0.0210999976711259,-72.8545671804252,45.1707175557146
403,2025,0.0508522363199682,0.027968208354285,0.0828711385838163,-72.2377690339484,45.0609176362494
404,2025,0.227313384552851,0.171149345013914,0.292182597650738,-71.623004821057,44.9483239475011
405,2025,0.280924568844015,0.212034910787828,0.359359477103079,-71.0103245125402,44.8329569723512
406,2025,0.159201140271059,0.104657340011248,0.221461558959192,-70.3997618876306,44.7148280484738
408,2025,0.00974187804140572,0.00528495418644732,0.0146381870401447,-69.1851491926563,44.4703556289223
409,2025,0.0069309869558337,0.00319693465398979,0.0121786663297855,-68.5811796096497,44.3440438142203
410,2025,0.00429519977482741,0.0018680738724299,0.00841291005473196,-67.9794674536805,44.2150381678463
425,2025,0.0419333771818539,0.020731253535762,0.0783620119585622,-115.899043609178,45.2373659678815
429,2025,0.105652637974917,0.0513129157438034,0.185990891316528,-113.392423274916,45.5881268522259
430,2025,0.168923461617951,0.0944464916168362,0.265675414846081,-112.761782717815,45.668560394512
431,2025,0.111017283336522,0.0694889720304852,0.16485721406607,-112.129648168408,45.7460666303337
432,2025,0.040971505426427,0.0181745318835355,0.0775817512255599,-111.496069838998,45.8206357339976
433,2025,0.0417688354353102,0.0247601523773883,0.0681855904406851,-110.861095209611,45.8922511477705
434,2025,0.069488067022613,0.0276779925204506,0.138907326289648,-110.224782157076,45.9609058296223
446,2025,0.0511532325545415,0.00850438590126899,0.159987819096898,-102.504359482585,46.5502197979077
449,2025,0.0415560288536089,0.0171049251604233,0.083171860126154,-100.556682467185,46.628963215207
455,2025,0.00512031725692981,0.0010596331396996,0.0137037342152611,-96.6514455641382,46.7031750500181
459,2025,0.00605532752976462,0.000673864557259243,0.021255929560788,-94.0459175605674,46.6908001888111
466,2025,0.0216645828089705,0.00993305571924235,0.0377226256999827,-89.495641467529,46.5502179985882
467,2025,0.0233809868319651,0.0110365242900715,0.0407280741118827,-88.8475490096495,46.5178274876557
468,2025,0.132680260218804,0.0922475923388633,0.185219161615593,-88.2001219559999,46.4823737145273
469,2025,0.0422791468247721,0.0273170121836513,0.0637523281168948,-87.5534181875996,46.4438629758044
470,2025,0.0156662071492188,0.00565698369884006,0.0363394562330418,-86.9074986216507,46.4023015077598
473,2025,0.0330661108666405,0.0112512811217448,0.0736892884417844,-84.9750218889303,46.2593857530883
474,2025,0.0270936765927972,0.0154688535056816,0.0483714726951562,-84.3328128514277,46.2056954551487
475,2025,0.0216953684565804,0.0135518478847443,0.0330304535469221,-83.6916711082702,46.148994515225
476,2025,0.0106004596202432,0.00508867362000745,0.0189146054956037,-74.8578824783345,45.0447534768746
477,2025,0.00620031153988759,0.00304051086337578,0.0110833204673687,-74.2390646929974,44.9441892239489
478,2025,0.00626355731228016,0.00264424565139915,0.0126016614765281,-73.6221190079452,44.8408043371509
479,2025,0.0206269495005466,0.0151428449540772,0.0267006290677557,-73.0070899103365,44.7346122701868
480,2025,0.0603979658023711,0.0440840909646845,0.0806284759326966,-72.3940193534542,44.6256304954353
481,2025,0.142097260993098,0.0930473382216753,0.19898700850624,-71.7829490331442,44.5138718581006
482,2025,0.236005078816823,0.166492877101199,0.321333891550195,-71.1739155676505,44.3993521111248
483,2025,0.0287376009334723,0.016383250523486,0.0482028817829873,-70.5669648684642,44.2820880757187
484,2025,0.00716120135313591,0.00370088841593314,0.0116413899576189,-69.9621320691256,44.1620946888982
485,2025,0.00681453030660536,0.00237033888326078,0.0149775943776054,-69.3594555418116,44.0393876523552
500,2025,0.0256596059172718,0.00718436093504659,0.0881103037358485,-116.386015924015,44.7036044928699
501,2025,0.0486542142164922,0.0249778881010874,0.0861484334704447,-115.76745079886,44.7977710589561
505,2025,0.096684612658514,0.0482094222824941,0.165540393862024,-113.276610256061,45.1458605536931
506,2025,0.0852591407086159,0.0532699981022906,0.126039488408499,-112.649991533319,45.2256746420955
507,2025,0.107536840746777,0.070296823418367,0.155249373602376,-112.021907387769,45.3025808168921
508,2025,0.0933434155952662,0.0664613719315462,0.12989635667289,-111.392409141963,45.3765718394876
509,2025,0.0819900404883983,0.0588534644678207,0.113557217012295,-110.761541185407,45.4476302633058
510,2025,0.118222957130421,0.0419809952174914,0.24501288221618,-110.129361108498,45.5157474428831
541,2025,0.016416409415273,0.00469565888902851,0.0368632881231224,-90.1841103875549,46.1294542868697
542,2025,0.017555636656906,0.00790420164107649,0.0330069878342594,-89.5397896731285,46.100368656793
543,2025,0.0161518608095028,0.00754755491101787,0.0292639693274887,-88.8960649763765,46.0682394388238
549,2025,0.0113453977012657,0.0037482224944384,0.0281913143952262,-85.0494174511804,45.811868636415
552,2025,0.00765874951616176,0.00339885648239576,0.0141081866991208,-75.613984086982,44.7036027269212
554,2025,0.0147412283151019,0.00839442440066766,0.0239330488941822,-74.3821449942201,44.506789421891
555,2025,0.0189264799463415,0.0101012146978411,0.0329549204621541,-73.7689588899771,44.4041712809705
556,2025,0.018343886419393,0.0131865876600382,0.0251705695338517,-73.157654155756,44.298761588991
557,2025,0.0368949927635309,0.0284696776675422,0.0481374064027386,-72.5482698612843,44.190578652805
558,2025,0.127692829751513,0.096563755769354,0.157059069807612,-71.9408481310075,44.0796341005252
559,2025,0.155855420571925,0.11962206729523,0.195591053650792,-71.3354244189059,43.9659451531973
560,2025,0.0142447796281072,0.00805967531341752,0.0217850954526306,-70.7320490133694,43.8495249221951
561,2025,0.00205987627758662,0.000799303696074985,0.00381568848851687,-70.130750482445,43.7303904946378
578,2025,0.0407774189999311,0.00809528780053995,0.12371447949465,-115.637562865664,44.358485874481
581,2025,0.0983870255334443,0.0508640956897189,0.166070355851348,-113.783472432459,44.6218817094677
582,2025,0.0800031016786735,0.0425779301369169,0.131956964236054,-113.162312767383,44.7039676519605
583,2025,0.0947808545655291,0.0571615077763082,0.147163188997732,-112.539668903814,44.783176808501
584,2025,0.128842739773677,0.0699961822627231,0.22091897052515,-111.91558586033,44.8594980846902
585,2025,0.0332071601912848,0.0246366455572538,0.043641155065344,-111.290114607084,44.9329241030284
586,2025,0.0335360224440464,0.0224568019092422,0.0488250809041999,-110.663302305625,45.0034382707282
587,2025,0.056556847902267,0.0404903522894204,0.079078860218336,-110.035201559448,45.0710303440364
588,2025,0.0428060903221662,0.0305773903669175,0.0606909423887199,-109.405868264151,45.135693329813
618,2025,0.0229382627132737,0.00304378739091851,0.076815370436447,-90.2233418640865,45.6799299956426
620,2025,0.015498457120607,0.00321044716245034,0.0445573736362882,-88.9439240376559,45.619201755334
630,2025,0.000843592665393687,0.000149553336853753,0.00230366017673251,-76.3624400641775,44.3584851192762
631,2025,0.00472122850340677,0.00128342818917597,0.0118473675672908,-75.7476909873557,44.2650152147975
632,2025,0.0129998621332408,0.0047819443176591,0.028219474278775,-75.1346601488476,44.1687320357042
633,2025,0.0335064130810673,0.0217713446012951,0.0482842752576887,-74.5233891861717,44.0696482940199
634,2025,0.0533094535735525,0.031063716167621,0.0845970237632528,-73.9139194629817,43.9677786572675
635,2025,0.0236437965971711,0.0173354046105493,0.0321234596675254,-73.3062956765717,43.86313359001
636,2025,0.0499178517415208,0.037079218495465,0.06476804993323,-72.7005580818272,43.7557309238421
637,2025,0.0339135348953228,0.0248584255747844,0.0465075008486891,-72.096745405244,43.6455824307873
638,2025,0.022447605812967,0.0157552852212293,0.0304981121819379,-71.4948985248964,43.5327032721944
639,2025,0.0156740623720043,0.00857660863388435,0.0269486934605944,-70.8950539585084,43.4171102411319
655,2025,0.00473097064094196,0.00112348530315878,0.0099866892705021,-116.12031900192,43.8266891231278
657,2025,0.0389003102814457,0.0186277216952845,0.0694162242685837,-114.896733551418,44.0094559300545
658,2025,0.0352997513711636,0.0174899513067627,0.0629611432804982,-114.282524899195,44.0966126165839
659,2025,0.100987344922587,0.0519130738513026,0.175510223707671,-113.666766123631,44.1809357386755
660,2025,0.0968946796695137,0.0545919444924125,0.153580247501465,-113.049502322059,44.2624126142002
661,2025,0.1340021250162,0.0741638713465326,0.241158667470922,-112.430782400274,44.3410318458983
662,2025,0.148699619609754,0.0955908833482357,0.219691101997697,-111.810649827634,44.4167791744156
663,2025,0.0539784757616722,0.0395658954301625,0.0741368687747177,-111.189160078257,44.4896471530197
664,2025,0.0165543113649216,0.00981536122044157,0.0247300763702869,-110.566351563484,44.5596381394927
665,2025,0.0564311790679558,0.0425036274081448,0.0763451935394023,-109.942281756302,44.6267200072128
666,2025,0.0381254536077034,0.0169109430691275,0.0724942237499619,-109.316999429174,44.6908926966992
668,2025,0.161352955507227,0.086700463652363,0.27813587466122,-108.062992665469,44.8104686875657
669,2025,0.410329652936044,0.240497263659695,0.623623502927595,-107.43437659811,44.8658559511148
710,2025,0.0130136412784409,0.00508914624305203,0.0275114638838346,-75.2703931717895,43.7311027812755
711,2025,0.0340553035711938,0.0222577324704041,0.0490972380236972,-74.6628303396871,43.632734681026
712,2025,0.0253133364909888,0.0152174795804214,0.0399638050772997,-74.0570367160181,43.5315963738007
713,2025,0.0110499236009654,0.00523942329350606,0.0198328806036495,-73.4530532043718,43.4276991027857
714,2025,0.0425039156375464,0.0301209877148028,0.0582679841506688,-72.8509212587371,43.3210583242021
715,2025,0.0285097175896739,0.0202221529173213,0.0394428389796847,-72.2506779925283,43.2116874301947
716,2025,0.0144745282250741,0.00956615617866409,0.0210133579125118,-71.6523647669208,43.0996007467112
717,2025,0.00499427159908163,0.00253505184231532,0.00841181936003154,-71.0560185015014,42.98481471806
734,2025,0.0523200967680386,0.0131989710551408,0.132739738076374,-115.382770076014,43.4807125720167
735,2025,0.124800205769155,0.0833634971666528,0.179692453220253,-114.773918404995,43.5700430764301
736,2025,0.0906788685449764,0.0619845629286434,0.127322515118958,-114.163501427333,43.6565691833324
737,2025,0.163884501622042,0.0734525064337857,0.319031408984838,-113.551563177535,43.7402787046076
739,2025,0.127476800962967,0.0741709610667241,0.202080998395871,-112.323306033627,43.8992041394788
740,2025,0.122665513312,0.0811664782655576,0.171888921022856,-111.707079475952,43.974396823416
741,2025,0.229593900751391,0.163833295667605,0.301481981315364,-111.089517958523,44.046729682195
742,2025,0.0896859227681535,0.0713196597940421,0.115044693458305,-110.470664190897,44.1161945853347
747,2025,0.493921083924588,0.278755420958147,0.776497068148251,-107.358812082343,44.4201195918522
748,2025,0.12776289452273,0.0752055832537635,0.204195283258861,-106.733278918328,44.4721647364724
790,2025,0.0238833345957717,0.00933472926980148,0.0479756369114227,-74.8005019980691,43.1960170152874
791,2025,0.0141795815247695,0.00514495768063886,0.0313837692787574,-74.198342428856,43.0955932326429
792,2025,0.00687351585879192,0.00311156287877583,0.0134361777843499,-73.5979595890574,42.9924262557409
793,2025,0.0506191437369491,0.0341379016069671,0.0747535938735076,-72.9993933692596,42.8865313302364
794,2025,0.0286702135311494,0.0208889210831638,0.0385721718817236,-72.4026818113356,42.777921670976
795,2025,0.0130128035146384,0.00914560341763748,0.0174337828572623,-71.8078661765002,42.6666103833826
796,2025,0.000379963261530305,5.51828289302396e-05,0.000454270039041484,-71.2149800875281,42.5526120433965
815,2025,0.356586533560772,0.179175118417676,0.607453008518225,-114.045998932382,43.2167676588969
816,2025,0.0587699176554726,0.0221128008172904,0.11652444505289,-113.437837611848,43.2998789589846
819,2025,0.178831107147288,0.102207870362645,0.277880978464259,-111.604842734884,43.5323090825256
820,2025,0.198734489682544,0.146238337201242,0.254070859295622,-110.991161093688,43.604116470305
821,2025,0.110985967277678,0.0868114788889115,0.143919406798838,-110.376216433854,43.6730727467328
822,2025,0.127777996650117,0.0575537607801738,0.242391288138659,-109.760055685521,43.7391683698958
826,2025,0.186950358664845,0.127093593418923,0.257961704184017,-107.284235079899,43.9747585210165
827,2025,0.124126340244074,0.0706044168095074,0.20312698879419,-106.66273806328,44.0264160330045
877,2025,0.0200336289101562,0.0116962259161683,0.0311680650329284,-73.1460089299208,42.4521210494956
878,2025,0.0198788053344279,0.0141621585115512,0.0274467020018599,-72.5527918934419,42.3442545476635
879,2025,0.00786771926161817,0.00525838788392975,0.0109515967625302,-71.9614346016644,42.2337015241572
904,2025,0.0790722222279695,0.0502152222053626,0.11949615495877,-112.719706079477,42.9394365784853
905,2025,0.0651633037545288,0.0324177338045113,0.113325716657025,-112.112476692354,43.0163669827586
906,2025,0.138612361530008,0.0763190372805214,0.226927471209465,-111.503915596722,43.0904840906579
907,2025,0.158748468392614,0.0992183795801794,0.240960363758587,-110.894069029749,43.1617780614914
908,2025,0.178620291494992,0.091943569850881,0.305516166560459,-110.282984473574,43.2302405334548
909,2025,0.147249608149901,0.0859042205113663,0.223222999757606,-109.670705371682,43.2958576721997
911,2025,0.0517304885270389,0.0152449267454327,0.116818602547315,-108.442757810671,43.4185337124392
963,2025,0.0205091869003449,0.0121902801264132,0.0328089868916412,-73.2908034531097,42.0178001271581
964,2025,0.0037680681677615,0.00168942937603048,0.00662111102824019,-72.7010412022829,41.9106602199159
965,2025,0.00233989011608857,0.000749398496037489,0.00452008000268133,-72.1131053229347,41.8008479286835
984,2025,0.0529003085351482,0.00498306000090111,0.178026712143712,-116.203629398749,41.9824136247028
987,2025,0.316949122082632,0.200399209880987,0.459491732531695,-114.414750407728,42.2530490835486
988,2025,0.311987643313089,0.192466076585324,0.467486086579671,-113.815442855092,42.3377675600178
989,2025,0.0970898399756065,0.0556869453533722,0.159363464196573,-113.2146984706,42.419721218099
990,2025,0.117112938573463,0.0774595434025126,0.167876308780322,-112.612560242519,42.4988994123537
991,2025,0.0702756134774417,0.0315775783279454,0.12983408062338,-112.009070954656,42.5752926426614
992,2025,0.164413775593319,0.0834156518681505,0.28865810219063,-111.404274261227,42.6488905960846
993,2025,0.1697136985202,0.102038605383109,0.257855165684424,-110.798217972273,42.7196842309693
994,2025,0.129799611168365,0.0664264355186595,0.235833794088444,-110.190943799606,42.7876630149683
995,2025,0.170854517136417,0.104961249542618,0.266929075901716,-109.582499689753,42.8528151708467
996,2025,0.0935618853911034,0.0535602847740638,0.147059928700456,-108.972930266934,42.9151350552992
997,2025,0.047485439222128,0.0107182769278169,0.111507033860196,-108.362287083933,42.9746150528814
1016,2025,0.00450854012287507,0.000592751050282651,0.0147349010694717,-96.621621329627,43.5564547242932
1049,2025,0.00432831480066586,0.0018771504999021,0.00766756225809906,-73.4338091418098,41.5835411257897
1067,2025,0.0425855254189898,0.00661303867884427,0.13285456113752,-116.076216826557,41.5455512102766
1068,2025,0.0811391352210993,0.0241486948426684,0.189947747351327,-115.48500637125,41.6378759245124
1069,2025,0.070606019896849,0.0201944429159705,0.16513711787137,-114.892263269215,41.7274848434247
1071,2025,0.0583816147040703,0.0202110739448696,0.124481972862496,-113.702335261937,41.8985096103371
1072,2025,0.0740038992248909,0.0228744077606354,0.167212810276744,-113.105238751938,41.9799045445942
1073,2025,0.0600795628167948,0.0114579094826195,0.147007984526883,-112.506767818374,42.0585399196457
1075,2025,0.0955356281375538,0.0558491460666318,0.146192137625841,-111.305893884186,42.2074963261937
1076,2025,0.191363354435594,0.0711535712766275,0.42161832661682,-110.703580859138,42.2777988800144
1077,2025,0.126029852606864,0.0481874579428461,0.260902529224523,-110.100071224189,42.345304462356
1078,2025,0.0831946896970288,0.0272492463596161,0.18861322473686,-109.495418486021,42.4100045574667
1079,2025,0.0981713927230667,0.041064119186282,0.19360153593221,-108.889657956902,42.4718888924363
1081,2025,0.0416466549943182,0.00916277945869749,0.111929522728468,-107.675022920097,42.5871832658952
1153,2025,0.0730271053496712,0.0158998594175445,0.187394344666947,-114.77344067336,41.2894883753314
1158,2025,0.0597561324675234,0.0378682889666413,0.0918759483432104,-111.806157067383,41.693681068377
1159,2025,0.0834793570906466,0.0517311679743869,0.12451365595256,-111.20875371608,41.7662744536107
1160,2025,0.0986118253298522,0.0566626888261824,0.159101265706693,-110.610136629169,41.8360956074426
1161,2025,0.102576037587081,0.0534606206453835,0.177865904104177,-110.010350543811,41.9031377469323
1183,2025,0.00672515706560869,0.000527068275640508,0.0253851987952347,-96.6135902963884,42.6611397355194
1233,2025,0.0128387203342219,0.00168467845699482,0.0460192461484884,-115.826086529838,40.67200354049
1240,2025,0.0748734473062167,0.0564878268854443,0.0975594376879482,-111.70659825914,41.2530824601715
1241,2025,0.0850241540640966,0.0579438897747858,0.122622483659212,-111.112828967095,41.3251903546144
1242,2025,0.0445380264828372,0.0166319356184305,0.0943986792191747,-110.517866714772,41.394543713023
1244,2025,0.0215162104918152,0.00552255894425421,0.0572928717619565,-109.324539228095,41.5249547030918
1249,2025,0.03740117681662,0.0132700444176902,0.0889751416562788,-106.323440479132,41.8022336797733
1325,2025,0.0826243764128496,0.0601161478901373,0.109672455512302,-111.60827506494,40.8125836018646
1326,2025,0.177285828928586,0.110057899319834,0.257281582870958,-111.018094906379,40.8842168298241
1327,2025,0.181769221185554,0.104235610842004,0.285655306632634,-110.426744985701,40.9531131945692
1328,2025,0.0914579237935449,0.0586342397003707,0.136415159897982,-109.834266981855,41.0192645938366
1333,2025,0.0995332145656189,0.066730489898581,0.144206978433326,-106.856474378115,41.3085582936967
1334,2025,0.233203393501096,0.153183327779798,0.3305031235693,-106.258145661708,41.3580770848031
1335,2025,0.0883890097677386,0.0564508649872767,0.129355683243884,-105.658999922076,41.404801409304
1336,2025,0.239351372379909,0.112558935115548,0.42222697722611,-105.059084019658,41.4487232013348
1338,2025,0.0413671169285695,0.0178213955739428,0.0810572865016798,-103.857121159615,41.5281376885191
1409,2025,0.0724706055844366,0.0501352417649357,0.0997472771438294,-111.511164150686,40.3721557172223
1410,2025,0.142146199390588,0.0760226679274429,0.236811122746027,-110.924532316737,40.4433255564854
1411,2025,0.104599088897342,0.0450686273168448,0.203506836842131,-110.336751067485,40.5117747644432
1412,2025,0.0878115215492794,0.0394820282609562,0.16601586412081,-109.747862572294,40.5774945048426
1413,2025,0.0216472733227872,0.00793940345828036,0.0473937881034969,-109.157908368446,40.6404753061641
1416,2025,0.0212549526018134,0.00750955333135589,0.049119925861655,-107.382084389228,40.8129212642875
1417,2025,0.201128202613879,0.15369098447791,0.252630377088787,-106.78830021479,40.8648831041466
1418,2025,0.179424622144073,0.125957941122271,0.247256247532001,-106.193670449777,40.9140735584832
1419,2025,0.064343331936075,0.0494122662444437,0.084958269718243,-105.598236458589,40.9604866520144
1420,2025,0.022113882408319,0.0127380137750773,0.0350489301802156,-105.002047579579,41.0041170728256
1492,2025,0.0241696990910598,0.00422942405614239,0.0780526959416867,-111.997200935055,39.8583600354677
1493,2025,0.0735136550147951,0.0518980433155826,0.102267439056761,-111.415243384041,39.9317719896599
1495,2025,0.0721674091974851,0.00982534246855999,0.229590300562613,-110.247863439335,40.0704996825133
1501,2025,0.15204173370115,0.114912852215292,0.191077551755219,-106.720974122848,40.4213250032604
1502,2025,0.266399517370829,0.192008420904461,0.360926322290309,-106.129996789063,40.4701946699446
1503,2025,0.081464220044785,0.0585070394624623,0.112778216693023,-105.538229266375,40.5163044104533
1504,2025,0.00931329148963726,0.00493334078715761,0.0155004174578342,-104.945723200783,40.5596469372605
1576,2025,0.0343733200774304,0.0112862818702866,0.0847334365916664,-111.320491708783,39.4914045546608
1582,2025,0.0302774355680811,0.0133055872128981,0.0614040298952837,-107.8267263069,39.8725389911402
1583,2025,0.091690341823784,0.041002048789774,0.175401150655592,-107.241029586204,39.9265610616934
1584,2025,0.103261509047642,0.073073676262996,0.143613344176984,-106.65447886542,39.9778530065854
1585,2025,0.134640063771416,0.101636277414869,0.174542369047566,-106.067110267552,40.0264104424822
1586,2025,0.064716620505917,0.0505738921166964,0.0829201515774687,-105.478968667215,40.0722211759544
1587,2025,0.00071665869139513,0.000117656422956348,0.00103133505080505,-104.890096369955,40.1152852060354
1664,2025,0.0129691486690565,0.00143233621758426,0.0440249709791179,-108.335236655259,39.3733976164057
1665,2025,0.0246236525375764,0.0101151729791823,0.0533237242852682,-107.753962467665,39.4297902249419
1667,2025,0.126541781707732,0.0987055879216209,0.159628730828705,-106.588801977915,39.5344426395234
1668,2025,0.161625215415959,0.115447480252989,0.21996545168715,-106.004996072895,39.5826917516443
1669,2025,0.0395967188798716,0.0301135025723948,0.0516896965314815,-105.420433632994,39.6282109702619
1670,2025,0.000738495199756192,0.00010309512149017,0.000942068475235452,-104.835155420848,39.6710005135731
1746,2025,0.0142415858364696,0.00473093943205404,0.0321143685467772,-108.259881699426,38.9310140708376
1748,2025,0.0687821950626876,0.0470271238535175,0.0980426763297571,-107.103415161161,39.0404087947803
1749,2025,0.111382908666988,0.0760898433114976,0.15609002144657,-106.523922369266,39.0910629083992
1750,2025,0.0614953509031042,0.0443097068776632,0.0839045783364545,-105.943641460323,39.139009322844
1751,2025,0.0165730529225956,0.0104303595708889,0.0243758259083326,-105.362615768643,39.1842460843658
1752,2025,0.00531184625404775,0.00234404392608694,0.00820492040233196,-104.780887722694,39.2267675507065
1829,2025,0.0115234321660753,0.00510233674267837,0.0224442484453108,-107.611076141954,38.5443150840386
1830,2025,0.0336935629208317,0.0194581048412898,0.0744990592551678,-107.035857146631,38.5973396057948
1831,2025,0.095744952720257,0.0707107076093267,0.126790347626892,-106.459830378089,38.6476826784603
1832,2025,0.0269947663181418,0.0118252710189265,0.0549882628206533,-105.883032326581,38.6953379085553
1833,2025,0.0144419123687785,0.00895925587159829,0.0208619858826833,-105.305501746264,38.7402976627333
1834,2025,0.00817484024060687,0.00483581928672828,0.0119848252768688,-104.727283343919,38.782559066598
1910,2025,0.090821179432103,0.0678100805187743,0.120704209368213,-107.540918612131,38.1015350484587
1911,2025,0.0856880940395266,0.0589377685032871,0.125414592406812,-106.969115060283,38.1542412219608
1912,2025,0.0473413534618701,0.0248376728960675,0.0825903765482862,-106.396513705963,38.2042814448047
1913,2025,0.0309919241317796,0.0136918157484573,0.0630748459999849,-105.823154687203,38.2516502419397
1990,2025,0.00831400440969841,0.0016559484788613,0.0206802767925993,-108.039208318683,37.6036427370119
1991,2025,0.0915361400438855,0.0650969149333991,0.12399072059932,-107.471599693738,37.6586900208738
1992,2025,0.0801279209893987,0.0596634459577982,0.107219202005996,-106.903171237272,37.7110863934746
1993,2025,0.0327500616178854,0.0172939689204932,0.0576798489682155,-106.333955618741,37.7608301443974
2070,2025,0.00501404474373098,0.000869168491438599,0.0118522415802058,-107.967395857889,37.1610302815154
2072,2025,0.00924656454838059,0.00224630735165179,0.0215477563847116,-106.838011820175,37.2678491717506
2073,2025,0.0185880609481561,0.00634580633952464,0.0431944582773708,-106.272142802708,37.3173029771175
2151,2025,0.00414740685941021,0.000355001370522091,0.0121062135381673,-107.896430876523,36.7182962299437
