"cell100","link_occ_intercept_mean","link_occ_intercept_q025","link_occ_intercept_q975","MWMT_effect_mean","MWMT_effect_q025","MWMT_effect_q975","MCMT_effect_mean","MCMT_effect_q025","MCMT_effect_q975","x","y","lon","lat"
1,-2.92246302834553,-12.3692831956895,6.0314393760356,1.02676287989592,-5.1523928162622,7.40865621761441,-4.67005077968509,-15.2440767054345,4.53737904042085,-1975000,3210000,-123.169325592467,49.3418514172384
2,-3.20617735665303,-11.4745431709017,4.55072702598912,1.01036299297819,-4.44821810168873,6.66238081504533,-4.61250668882297,-13.829434135295,3.41175582903456,-2175000,3110000,-125.34278383401,47.9398318622962
3,-3.1369056457924,-10.7052918780329,3.88148198070623,1.02882340264189,-3.56262388629203,5.84205365103786,-4.64101801098802,-12.9022525459119,2.34099174534598,-2075000,3110000,-124.072494736524,48.2097010749556
4,-2.92901922775577,-10.1714461918479,3.74830640002926,1.0250272804234,-2.75215978748886,5.05172703698565,-4.6577349564203,-12.3757036642639,1.64982611068993,-1975000,3110000,-122.791789339332,48.4681839714966
5,-2.34074843966855,-9.23417224138272,3.96110379621836,0.908102707046972,-0.844782244099375,3.48378951914983,-4.38772801262902,-11.6418006893046,0.665962707997479,-1875000,3110000,-121.501009306634,48.7151138832371
6,-1.08735144528194,-7.01576928450126,4.25929577944794,0.642316589874983,-0.255472453724546,1.47620071112512,-3.87781504430912,-12.2024147902537,3.683719545371,-1775000,3110000,-120.200515518212,48.950330479974
7,-3.0576424384106,-8.47612922665072,1.54322106905785,0.737939119432464,-1.65951071571314,3.3282570485214,-2.90552246948124,-8.86272226972148,2.653676928514,-1675000,3110000,-118.890692449359,49.173665496168
8,-2.53349663863971,-7.99552831191,2.51723143751966,-0.674710690743367,-2.33363953330929,1.11205853082803,-1.09545413548418,-6.42230300557311,3.78281191998147,-1575000,3110000,-117.57193502443,49.3849715064046
9,-3.28366275773898,-10.8619202396681,3.7895507661609,1.00323378425394,-3.84489575947959,6.06182908350273,-4.59154656955938,-12.9660906400309,2.56187154819579,-2175000,3010000,-124.944602195595,47.0768315721678
10,-3.27698484729886,-10.2840144422823,3.17929148846589,1.03881864393737,-3.0976735854918,5.39243938296263,-4.67454749369982,-12.2602155204366,1.65684356119786,-2075000,3010000,-123.689487635121,47.3423221219025
11,-3.31454859783099,-10.0411380183344,2.78725484604951,1.14805826192018,-2.25854733759665,4.79794678882934,-4.93683051200857,-11.9027154430868,0.71565033148343,-1975000,3010000,-122.424349185026,47.5965515324135
12,-3.6292629112812,-10.1753758700784,2.05163595096527,1.4751803522735,-0.139648551510412,3.65027877427533,-5.85408308426739,-11.7830815308875,-0.317146084239303,-1875000,3010000,-121.149526306278,47.839361849303
13,-1.93185750710713,-7.7238443503336,3.26643873540635,0.737484657430776,-0.645663708093246,3.45299137495112,-3.40579070068055,-8.81194734721164,1.32362375306148,-1775000,3010000,-119.865365081081,48.0705979891592
14,-2.65211610218912,-7.55174045221162,1.77980539622985,1.86815153956943,-0.224802101075986,4.39440499092384,-0.54095568038075,-4.65720613823013,3.53167176597434,-1675000,3010000,-118.572236234479,48.2901120225146
15,-2.8478043404614,-6.94903437037338,1.08555076133181,1.35487229129285,0.103801675179193,2.56080266343541,0.820227980080767,-2.18918028201719,3.8025229390957,-1575000,3010000,-117.270533071915,48.4977609801067
16,-2.48470751190562,-6.92829617139787,1.61947238515509,-0.160966224788167,-1.73726686433358,1.45203191032299,-1.49147435290078,-4.9126820966837,1.53125835880127,-1475000,3010000,-115.960661041074,48.6933941718837
17,-2.60387065325912,-7.28917571859931,1.62099952666549,0.189683740372305,-1.19541620661817,1.53602567301037,-4.0507873504215,-8.54352895863658,0,-1375000,3010000,-114.643049676115,48.8768826533956
18,-1.28101373367159,-5.49835230597963,3.12374078792102,0.294078450299372,-0.819079617131638,1.47037228307019,-2.18172044158253,-6.55933979651791,1.5906414137129,-1275000,3010000,-113.318137223694,49.0480950400485
19,-1.47523221980358,-6.53712132486657,3.59596474138556,0.335750185124762,-3.20347860286556,3.95522346239464,-2.06292418804144,-7.93611333294476,3.39542081632585,-1175000,3010000,-111.986386874357,49.2069044582452
20,-1.60109813795583,-7.21302062087143,3.96459135964478,0.388854500875279,-3.8684351458877,4.73216821769451,-2.05610816177015,-8.66012474321745,4.09873774191986,-1075000,3010000,-110.648254645755,49.3531978006547
21,-1.70645303466276,-8.06660052072514,4.56736447461122,0.405959100417983,-4.5238909615653,5.47320776848926,-2.04481812470203,-9.52300169947356,5.0327550363993,-975000,3010000,-109.304253844539,49.4868615079761
22,-0.564509496662149,-6.18819411798814,5.2538858345748,1.0278536772305,-3.48401148794972,5.86355532193906,-1.43589167350213,-4.79263326861457,1.8378928784888,2025000,3010000,-68.9418484895862,47.4708524086458
23,-0.689802210379938,-6.43152229958256,5.08079498917929,1.74080463088555,-2.23143807400489,6.17852717769267,-1.08917363293457,-4.41579947693259,2.251390674676,2125000,3010000,-67.6816786508927,47.210973594439
24,-3.35662452347626,-10.5569578846039,3.30366126599045,0.950115223881004,-3.70747157356138,5.79752628186052,-4.48891795978151,-12.4560685109927,2.26398296462089,-2175000,2910000,-124.556771259415,46.2151445142847
25,-3.37675914117901,-10.0449523091012,2.73871247663258,0.982567566004558,-3.04462167433115,5.24386766660615,-4.53442069821905,-11.7624956837035,1.49391406566788,-2075000,2910000,-123.316508091049,46.476464425411
26,-3.42219401872612,-9.7899614254299,2.32986352371909,1.06139810346777,-2.49981275535004,4.8141929557172,-4.57440524842936,-11.3055675498655,0.931307574291467,-1975000,2910000,-122.066597318278,46.7266416222802
27,-3.43873415727381,-9.54414026678865,1.96889205875212,1.15743995270147,-1.9140270117565,4.50497498225744,-4.38784110650791,-10.4955738226325,0.669783139411824,-1875000,2910000,-120.807383290054,46.9655337435543
28,-3.03818666823322,-8.63747519906985,1.97713907287248,1.0730601821186,-1.80048040280129,4.23717831306074,-2.85362129852809,-8.26637990437056,1.88702357719506,-1775000,2910000,-119.539181916033,47.1929905096932
29,-3.04933015487095,-7.81753824009752,1.2215990975009,1.34658548499688,-1.00089483545068,3.96296976776039,-0.00384374134852612,-3.51360206503507,3.51556283028958,-1675000,2910000,-118.262362517152,47.4088723985633
30,-4.15966464775643,-8.38169280034139,-0.104993642495171,-0.256844726855242,-1.35581145882941,0.837314094424675,2.06617914931945,-0.441021565400542,4.59471379519128,-1575000,2910000,-116.977305416189,47.6130445359909
31,-3.00060553418475,-7.0141230470373,0.56162513242122,-0.812544430636069,-2.19749275782608,0.35664549056691,-0.241114139224415,-3.02265441952526,2.5567443066548,-1475000,2910000,-115.684400453992,47.8053694530831
32,-2.6205493294162,-6.38282389581351,0.907804069030454,0.829921323847907,-0.517460138156537,2.3413733985403,-1.72286531839532,-4.84518030848837,1.26712218937276,-1375000,2910000,-114.384063627296,47.9857192724675
33,-1.49799879743214,-5.039680169629,2.06796776006202,-0.0324605658524667,-1.19674338004018,1.09294535897074,-1.61674886213278,-5.99369187832317,2.33894239098903,-1275000,2910000,-113.07671707658,48.1539750061968
34,-1.5499348520744,-5.979949307568,2.8422404330567,0.322047040970137,-2.79845188183735,3.53001182628459,-1.93841752350363,-7.17759010028109,2.88750409944216,-1175000,2910000,-111.762803161925,48.3100205882903
35,-1.62497395897533,-6.5105718482667,3.21604564254475,0.427913565593214,-3.21860399715105,4.16013108417368,-2.06379926292842,-7.82516085526665,3.26790499068976,-1075000,2910000,-110.442781289464,48.4537426271522
36,-1.81514464989064,-6.99914067796256,3.30953835711106,0.428376130868256,-3.51939910939285,4.51267959669132,-2.03814619522687,-8.14386548278546,3.62075956530481,-975000,2910000,-109.117119896649,48.5850413786676
37,-2.17515087554671,-7.89391587866223,3.33985747867218,0.348295463128312,-4.05601062175412,4.88257982143427,-1.93086376235713,-8.52693397951576,4.20856496794638,-875000,2910000,-107.78628448641,48.7038150700903
38,-2.61638016744163,-8.63229753230806,3.0563198200454,0.214334719640343,-4.43243028110825,4.90262354909537,-1.79269428484585,-8.56082459884386,4.54254769980906,-775000,2910000,-106.450811318463,48.8099833864942
39,-3.09015763022917,-9.36966579398331,2.6776378605511,0.0552615710699706,-4.78210934189692,4.86074421080284,-1.63723350517203,-8.3932826490582,4.71381759534161,-675000,2910000,-105.111174299054,48.9034745389889
40,-3.57647931105545,-10.0256166375625,2.21552722789212,-0.11188705394283,-5.03888857590682,4.78127831898339,-1.46590853662944,-8.17013685577207,4.85113130127614,-575000,2910000,-103.767896388197,48.9842029518359
41,-4.0933735309155,-10.6851451483471,1.64120057863368,-0.292675813860644,-5.26870435796511,4.5908668441429,-1.26168017686436,-7.63005691781702,4.80900351918497,-475000,2910000,-102.421506196304,49.0521142768701
42,-4.65743116095815,-11.3076151032588,0.97569472241798,-0.502323794430447,-5.5111346914285,4.2898653941021,-0.96980531879519,-6.60831764527057,4.40511105248035,-375000,2910000,-101.072520869239,49.1071676856237
43,-5.28931574669157,-11.822188944339,0.217817823142367,-0.774399956036162,-5.82363663228251,3.90796727970589,-0.463204965476251,-3.4970408628867,2.56357193850432,-275000,2910000,-99.7214769519869,49.1492955628535
44,-6.0750930999469,-12.9096789397814,-0.360612221165165,-1.14995356647768,-5.97931233044962,3.25833796561048,0.508373152307272,-2.79205478988671,4.24069525765845,-175000,2910000,-98.3689334255098,49.1784873265989
45,-6.15977976655027,-13.1502858229695,-0.343502892033323,-1.24358272920749,-5.95105482947312,3.13952440387234,-1.00733652433627,-4.15915383048313,2.05461098279979,-75000,2910000,-97.0154273891687,49.1947113733697
46,-6.62065413827312,-13.7052302224353,-0.6006046934282,-1.37273739971905,-6.2394179422199,3.09207266634208,-0.79399592828872,-3.71235001820097,1.99341918633549,25000,2910000,-95.6615242485339,49.1979574268762
47,-7.20023950253666,-15.0154180640912,-0.677305881293565,-1.39154077763222,-6.64238310425145,3.55323775344847,0.445491290538244,-3.19116283607412,4.7034113672665,125000,2910000,-94.3077452671195,49.1882282867317
48,-1.04318072621473,-6.23152572297126,3.97324362134431,0.427889675808439,-3.87485443594733,4.94350444189815,-1.35634323229615,-4.91956784948221,2.01466880553623,1925000,2910000,-70.5618618681648,46.8475096756011
49,-0.701781322243009,-4.9760503985848,3.3121489505525,0.314039677211848,-2.95519507661071,3.62960693596801,-1.73397894548032,-4.67510209371207,0.783662744353852,2025000,2910000,-69.3072560535944,46.6029571177955
50,-0.800969904729942,-5.1555841090242,3.50410232860028,1.31226853160222,-1.36611325680782,4.28684784262592,-0.769594288957625,-3.88299427903908,2.34161760504803,2125000,2910000,-68.0621362436662,46.3471907168816
51,-3.41395083234126,-10.3572620314392,2.97272728904903,0.887537537362459,-3.67645618979339,5.62853133348497,-4.34901160536463,-12.0855886799807,2.23589165845876,-2175000,2810000,-124.178879012635,45.3545182589243
52,-3.4568680159208,-9.90440876146024,2.34843561057349,0.907516041260203,-3.12435662083693,5.09486101316352,-4.39023549323623,-11.4408993897277,1.47362129601764,-2075000,2810000,-122.953170983124,45.6118611005211
53,-3.55228553442427,-9.72283574651093,1.96538801428137,0.964056975483985,-2.69242725492682,4.80917206905846,-4.423311071276,-10.9623682464483,1.01284642059205,-1975000,2810000,-121.718175914643,45.8581812469937
54,-3.65952661225355,-9.5359934567195,1.53755390298673,1.02772855806069,-2.30183041734993,4.58983133866053,-4.29435083021573,-10.2685865155352,0.683080828556719,-1875000,2810000,-120.474217274227,46.0933389368615
55,-3.71981660719009,-9.21237623858456,1.1078849587814,1.050419128394,-1.98674613896021,4.29228761929062,-3.62523551700179,-8.8445660698569,0.796407974565954,-1775000,2810000,-119.221617624861,46.3171975288635
56,-3.66575941748878,-8.55791141140176,0.632954962916606,1.08989623759949,-1.45608396580495,3.46798605913468,-1.833992537945,-4.9894196801547,0.948884671053354,-1675000,2810000,-117.960730956215,46.5296240200819
57,-2.8782724412785,-7.29016056078364,0.935099403026947,-1.18166492165495,-2.81037974678122,0.0992159264877854,1.01696593670325,-1.18810818657899,3.50629843125011,-1575000,2810000,-116.691922996525,46.7304897212872
58,-3.01246152483325,-6.89443929740949,0.290961054197484,0.212439476238968,-1.59815993944141,2.22871583081653,-0.129408268486647,-2.86295458823386,2.76461277657558,-1475000,2810000,-115.415574049453,46.9196677221897
59,-4.01032313506224,-7.6893958507534,-0.926844460445618,0.641688958121408,-0.803002301262082,2.39108020923214,-3.17119338200274,-6.40082502600691,-0.0143482693295338,-1375000,2810000,-114.132086348469,47.0970369578489
60,-1.84372706735844,-4.40537378069314,0.588432595416604,0.460321061272292,-0.697434075420969,2.00719373053024,-0.597100947281918,-4.19189875851336,2.60184056687528,-1275000,2810000,-112.84186615986,47.2624872304639
61,-1.61366732774168,-5.65369878234231,2.38643027485187,0.556767284250367,-2.32615842619444,3.58947376989243,-2.0045178318069,-6.86935277702144,2.45738794577627,-1175000,2810000,-111.54534124316,47.4159064774435
62,-1.54548003999149,-6.04957937080004,2.92812138667624,0.568199505259854,-2.82324502981593,4.11716272949989,-2.2253444867177,-7.70892720716329,2.72926311750941,-1075000,2810000,-110.242950680317,47.5571913530339
63,-1.74776770687098,-6.59381424448208,3.04897608580215,0.502506338884272,-3.20331123187182,4.32546363472925,-2.14654027152074,-7.91816796760418,3.11226589979466,-975000,2810000,-108.935146487358,47.6862450692055
64,-2.12404125683075,-7.34072656663313,2.88409332841268,0.382171109009448,-3.57650417136529,4.46829849195426,-1.98929760164307,-7.99513093596503,3.57296072749688,-875000,2810000,-107.622393912519,47.8029801239973
65,-2.57499858956161,-8.11572315419564,2.56442194203145,0.226966894323093,-3.97390074482272,4.50955390622087,-1.81334683220175,-8.00663650679589,3.92546539818564,-775000,2810000,-106.305168819975,47.9073123211315
66,-3.0575976406619,-8.8403292683219,2.13403203468463,0.0613783548037011,-4.3006847320292,4.4359804103019,-1.6504855873148,-7.83602096110538,4.12043238260814,-675000,2810000,-104.983955639354,47.9991712513146
67,-3.54675806998455,-9.48196213429069,1.69816154118072,-0.102307014169228,-4.56806092675598,4.31882513785756,-1.48822681971958,-7.59359561199848,4.23141998590908,-575000,2810000,-103.659251405998,48.0784890864749
68,-4.05747761259903,-10.1263633683328,1.22258161643061,-0.26526094539151,-4.73600992173681,4.14344815096536,-1.34086173847585,-7.18525481544195,4.1755470778452,-475000,2810000,-102.331558524705,48.1452102224919
69,-4.5734095402764,-10.7120098025709,0.644209971370679,-0.451759220543284,-4.94476617457487,3.92087041540694,-1.21124123416833,-6.62889921529819,3.87942007648558,-375000,2810000,-101.001385027133,48.1992851979385
70,-5.04994121979403,-11.2479386264532,0.128285421543312,-0.645703692050752,-5.12829715337523,3.60755268191097,-1.2261068038161,-5.92939128273126,3.12077096213678,-275000,2810000,-99.6692479541713,48.2406742527315
71,-5.34844314529946,-11.5514377692942,-0.230195692340708,-0.800586244664041,-5.07284588104266,3.17222153357375,-1.88147936067804,-4.72317523858441,0.717617062966716,-175000,2810000,-98.3356669779927,48.2693492469662
72,-6.41455923123731,-12.8536289073657,-0.905920017778829,-1.46121225854394,-5.40532638407023,2.16708686440159,-0.231068476618648,-3.33854723240147,2.85477065309158,-75000,2810000,-97.0011666035386,48.2852864652238
73,-6.40556080333815,-12.79896895678,-0.922829647398744,-1.55676924422479,-5.44047910110582,1.93228679151781,-2.07664194365068,-4.87528180070545,0.379255964441332,25000,2810000,-95.6662693519086,48.2884754768216
74,-6.74735447259505,-13.2178349448333,-0.968498444932541,-0.972008732017371,-4.96663922969243,2.75931151221225,-2.23039878176998,-4.88885785319534,0.0885429794642671,125000,2810000,-94.3315018396169,48.2789124504967
75,-7.42387471547945,-13.9232340502555,-1.05719770468758,-0.424031927256408,-4.26174948672227,3.36936150340319,-1.70398963890648,-4.2354499041638,0.40511133028544,225000,2810000,-92.997390137809,48.2566028128906
76,-7.66667804016208,-14.3562057126615,-1.04437430469339,1.0403782604141,-2.26164565119283,4.82454175037166,-2.45717323932416,-5.18045807696603,-0.0125888721515327,325000,2810000,-91.6644655087382,48.2215646681103
77,-6.63465650865718,-12.9169678184062,-1,3.56767393459523,-0.0264515299434378,7.12249230935877,-3.26039877080393,-6.0660395807622,-0.447174487409555,425000,2810000,-90.3332609530476,48.1738332005057
78,-5.22816763076659,-10.8144127492662,-0.468835074475352,0.931463886844963,-2.20293514726859,4.08630230543841,-6.36911606730974,-11.4234641032569,-0.73769739375927,525000,2810000,-89.0042539390201,48.1134276170105
79,-5.9368363978801,-11.7484255934992,-0.812207354885024,-0.724609362317594,-4.86378687576476,3.31098266229852,-6.5445114833829,-13.1304627605586,-0.144131249843563,625000,2810000,-87.6779922829481,48.0404012489156
80,-6.41667206963421,-12.8450082215729,-0.846827715504498,-1.0497873909798,-5.93573127312793,3.63548908522554,-6.25573186367382,-13.8957517802193,0.223319422398316,725000,2810000,-86.3549771384183,47.9548095862599
81,-1.34969253547084,-5.54931101167498,2.83412414497869,0.563099968742617,-2.72236396587666,4.2338396006415,-0.634155669092037,-3.90341786008407,2.69689816117928,1925000,2810000,-70.9027006384988,45.9771669400464
82,-1.05492476119506,-4.4020718348298,1.99366662637352,-0.0711126887956378,-1.8306965151395,1.89826053957677,-1.80827572629207,-4.72386759554171,0.544809503263424,2025000,2810000,-69.6631822161933,45.7364137978074
83,-2.4240132828373,-5.6898983153041,0.340271839891406,-0.234106333872889,-2.04027107050106,1.94111396306564,-3.1883951943015,-5.97289318731788,-0.452526800746351,2125000,2810000,-68.432791635546,45.4845661104195
84,-3.25346518080701,-6.32741706757829,-0.673185142763877,0.638786265466408,-2.1492501535255,3.62155891670412,-6.76805572926846,-10.9096954374078,-1.87519015675298,2225000,2810000,-67.2118376991686,45.221770223143
85,-3.45878359429145,-10.1850140954382,2.67860008458341,0.789730225259303,-3.75646367726536,5.45201945687661,-4.1745028300848,-11.6908281216096,2.25548222557169,-2175000,2710000,-123.810571054555,44.4947177637686
86,-3.51988872576477,-9.74724316198646,2.10694335402511,0.826699369837495,-3.19088973263025,5.02360311327387,-4.27125910302289,-11.1243163793684,1.47378631832693,-2075000,2710000,-122.599118448898,44.7482627377056
87,-3.66319821414494,-9.57969280013442,1.65069402151241,0.881067380895372,-2.83528725053888,4.76258921487059,-4.43467306835659,-10.8376068908364,0.910636896917006,-1975000,2710000,-121.378723900361,44.9909001656083
88,-3.94160575622735,-9.61049705406263,1.10215565322842,0.94670078270372,-2.43573682281419,4.531280020447,-4.73114194650811,-10.6421966793968,0.151539852055876,-1875000,2710000,-120.149691068532,45.2224985222062
89,-4.52580502013119,-9.93216236263315,0.0994079137298467,1.00898821836488,-1.78036920870576,3.90850361236851,-5.4961617212161,-10.5853469497218,-0.635949521118791,-1775000,2710000,-118.912344450706,45.4429306819675
90,-5.2254881045157,-10.3375308224274,-0.953367175880958,1.4257976465231,-0.236362299220732,3.64532198023922,-6.09674931547485,-10.4850330231999,-1.41313588466349,-1675000,2710000,-117.667024450493,45.6520628861101
91,-3.69847886414766,-7.94969099885157,0.0156910814219637,-0.863381614234774,-2.20862936889015,0.42247933753736,-3.69141832312319,-7.76948729840192,-0.0626074499339968,-1575000,2710000,-116.414082614044,45.8497815298647
92,-3.26153008750587,-7.28985364526936,0.235490718930365,0.939419323611917,-1.03785834952119,3.48301585627416,-1.70465025371354,-4.83959743038069,1.1326964337348,-1475000,2710000,-115.153895433217,46.0359649024647
93,-2.60250278156442,-6.28680407976704,0.814271680564728,-0.733779014679689,-1.91621071384745,0.387025292895468,-2.88575608301863,-6.04794464544308,0,-1375000,2710000,-113.886838481153,46.2105027178984
94,-1.4347994848733,-4.48924361808475,1.69504636619105,0.405846392844517,-0.875789771100203,2.49521315657264,-1.95299625618797,-6.07692509540373,1.61782010817352,-1275000,2710000,-112.613318458256,46.3732825876321
95,-1.52143407549028,-5.11414323390613,2.02245081136731,0.856800716411587,-0.91993170461305,3.12024015395664,-3.24477000823853,-7.91446957037661,0.511486415779934,-1175000,2710000,-111.333743391348,46.5242070681126
96,-1.19795477273091,-5.41980442060936,3.0860761797641,0.787804916640417,-2.33468786825273,4.14482125453362,-2.69781455941755,-8.03241830490636,1.97351587431657,-1075000,2710000,-110.048531846479,46.6631748214316
97,-1.50638615823251,-6.10647222930299,3.09573018803138,0.633551931101646,-2.88706731309934,4.3375054074653,-2.34502764187929,-7.98909526264444,2.69864784823104,-975000,2710000,-108.758125628156,46.7900977190569
98,-1.98296895365749,-6.94919277668094,2.80952757833699,0.445965011146244,-3.34975661863586,4.36763454505893,-2.06633837098083,-7.90858282020767,3.24832902039268,-875000,2710000,-107.462965624746,46.9048919556832
99,-2.49400271605775,-7.77977637724573,2.43343831862427,0.260034079143105,-3.71849634209965,4.36003848397262,-1.84609399976465,-7.75837004456828,3.62666823871829,-775000,2710000,-106.16351693014,47.0074830739936
100,-3.0103331878818,-8.54629919894606,1.97805351030844,0.0774354563463667,-4.07721708088968,4.26196445762398,-1.66872861103513,-7.63467209749401,3.8369598340583,-675000,2710000,-104.860235008944,47.0977980906832
101,-3.51466952190125,-9.19384613094219,1.5341773822241,-0.0843050430528447,-4.33823234138915,4.16856005746109,-1.51715524058001,-7.42177483993996,3.97321129051253,-575000,2710000,-103.553602831978,47.1757766260873
102,-4.02517525494909,-9.89894773751486,1.01045963292039,-0.248815207179901,-4.56275907788402,4.0037078379427,-1.41178713946223,-7.16405607070821,3.96838214360277,-475000,2710000,-102.244105919719,47.2413671018957
103,-4.52056276458954,-10.5081868739213,0.525587829124139,-0.414140845478403,-4.73999026587133,3.80280702565297,-1.33359405597539,-6.84207191368644,3.79168461581114,-375000,2710000,-100.932232562311,47.2945218067302
104,-5.00368831467508,-11.0862895205937,0.00288032718729903,-0.556618065360681,-4.79806189702233,3.54540361393923,-1.36049963624603,-6.53621019532084,3.48293625552868,-275000,2710000,-99.6184700473596,47.3352051544233
105,-5.46998560668102,-11.6297059619406,-0.402920948044729,-0.637081730690658,-4.68176678292872,3.3270149467153,-1.52933902674031,-6.27602956806885,2.84584213552618,-175000,2710000,-98.3033256988446,47.3633898590921
106,-6.03818150541607,-12.2702020006982,-0.856340730527657,-0.565841094924898,-4.0890351328654,2.95841240167317,-1.56303998792626,-5.28397275327729,1.80804334183014,-75000,2710000,-96.9872989155872,47.3790544641413
107,-6.8782575629101,-13.2534583874456,-1.0047625541738,-0.347083524160364,-3.94839152424407,3.18953727983396,-1.26657872529265,-4.41481987377002,1.46037548392339,25000,2710000,-95.6708914781791,47.3821879008367
108,-7.73329163942498,-14.1070597207313,-1.097286765801,-0.84805197156079,-4.51438656228687,2.59519485657015,0.0706990599884386,-2.87471245868924,2.89218312188448,125000,2710000,-94.3546107461381,47.3727883299767
109,-7.97984825187118,-14.0586188248585,-1.21091197619408,-0.313521798982182,-3.71966255120914,3.09294452482328,-1.41063958078195,-4.13010364920023,0.914182447038853,225000,2710000,-93.0389611247777,47.3508624180115
110,-8.41736730530006,-14.5218297671641,-1.26371167513769,-0.261062479924152,-3.33028128587982,2.90413185807827,-2.7688069904972,-5.47880724137792,-0.026005258575778,325000,2710000,-91.724446741076,47.3164242121662
111,-7.70008293413112,-13.235101448764,-1.11077192991273,-0.608476966460976,-3.77349171533603,2.52651043992288,-4.67255893871501,-7.86962428607374,-0.811974760962296,425000,2710000,-90.4115689367797,47.2695029069829
112,-8.05102628037973,-12.9535673356977,-1.58843506758989,-1.42111770866756,-4.9165420747863,1.75787221064907,-3.9938420048621,-8.68228808319244,0.216345576366393,525000,2710000,-89.1008199145916,47.2101227809329
113,-6.1731983756152,-10.6569471013372,-1.19188932768878,-2.06421341045231,-5.95433202311423,1.36977453128669,-7.01123709175432,-11.933601251985,-0.794971539873782,625000,2710000,-87.7926967012489,47.1383314497345
114,-6.90573412118256,-11.5956008382959,-1.46117220566683,-1.36635712645842,-5.10095757311778,2.11278183338778,-5.96070946452505,-11.9695237558029,-0.0371389922206902,725000,2710000,-86.4876829031037,47.0541765986081
115,-6.42688016714864,-10.0720661216059,-1.45971415210147,-0.42566325019256,-3.96068076836507,3.26500411323136,-5.88083322829654,-12.1485885367802,-0.00480008875283323,825000,2710000,-85.1862619184882,46.9577189915905
116,-5.10828215671769,-9.44462871390525,-0.828290905028264,0.279247562009303,-4.03929594278761,4.87300744402411,-7.01289281157896,-12.8140032797357,-0.72568662814569,925000,2710000,-83.8888917430575,46.8490191553907
117,-3.0412542341827,-6.89060522264011,0.312703541788515,-1.52542381594084,-3.84081250366662,0.446481480746677,-3.91745574023976,-8.15445461241069,-0.00816449717224095,1825000,2710000,-72.4679660051332,45.3341179714632
118,-0.515908596948474,-3.39056474148595,2.79412537213061,0.967914272413641,-1.36140017910087,3.61000358243449,-2.05680994998714,-5.33247930359969,1.298361517954,1925000,2710000,-71.2347313233464,45.1080885259231
119,-3.5753907803422,-6.97322321371117,-0.852733444211141,-3.29968957285635,-5.41968679516126,-0.569066909256815,-2.15343952276552,-5.33473238947317,0.567181003871382,2025000,2710000,-70.0099758745498,44.8709568962281
120,-3.1990945638321,-6.0905413430555,-0.803820573062029,-1.57168036769001,-3.81053277514289,0.433654775065098,-2.63403954506755,-4.98247487869418,-0.247863040519049,2125000,2710000,-68.7940137238503,44.6228529295662
121,-2.99765797767065,-5.50480000081331,-0.829248096087027,-0.948968169931935,-3.31952757910156,1.49882229215081,-2.76639934738724,-5.92986475598828,0.427367075667996,2225000,2710000,-67.5871353311431,44.3639094762467
122,-3.39050825263156,-10.9854740699067,3.54790029117223,0.597778622772008,-4.94667830522728,6.20143152785615,-3.76761560474773,-12.4005906257196,3.83721746221448,-2275000,2610000,-124.640096898849,43.3749344598104
123,-3.42798961452868,-9.91251707845876,2.45054632164919,0.667273369369699,-3.7889453051595,5.21264274774616,-3.92084469720422,-11.1349749774101,2.30336270585659,-2175000,2610000,-123.451510147749,43.6355125318297
124,-3.50152289082944,-9.5609840036788,1.99630196968136,0.71734942809728,-3.34359961943958,4.87256111361322,-4.07114109710535,-10.832072528597,1.66277977852479,-2075000,2610000,-122.254018432239,43.8854267758358
125,-3.63676882665114,-9.45056898254635,1.56893103905582,0.775079020249976,-2.99912927539656,4.68441327434361,-4.30447765105451,-10.678013577608,1.06657124959088,-1975000,2610000,-121.047910314476,44.1245481240391
126,-3.9349503778656,-9.50364453267717,0.951107014895778,0.869398531501664,-2.5474738113818,4.49859079622461,-4.72866049872363,-10.6771810103971,0.219014022716841,-1875000,2610000,-119.833479189901,44.3527471083302
127,-4.55152519157426,-9.77438121424855,-0.14041130536337,1.08869326516563,-1.61418971793018,4.19925595635401,-5.66860784523513,-11.0798370410593,-0.39462364360234,-1775000,2610000,-118.611045692422,44.5699054213012
128,-5.04131305986352,-10.0381715748729,-0.913765518117774,1.00599464772349,-0.490822639797412,2.87638203675467,-6.51642175607569,-11.4029690811759,-1.2715099961801,-1675000,2610000,-117.38093648438,44.775903267959
129,-3.83508287877438,-7.76333931039049,-0.45515504318094,-0.718923907041422,-1.98860960190664,0.422662280640742,-5.18322413153723,-9.88880863386076,-0.477750840374189,-1575000,2610000,-116.143495509043,44.9706230593224
130,-3.98539444307802,-8.00494166931253,-0.734309912047317,0.963014787829776,-0.761234512825702,3.12626069885665,-4.2880400740352,-9.02030875813455,-0.00393304734251181,-1475000,2610000,-114.899083038688,45.1539549577359
131,-3.07293385493339,-6.43490598488637,-0.274228162651807,-0.193697575365194,-1.4192894188427,0.990665862715916,-4.40437808115259,-9.32054231181625,0,-1375000,2610000,-113.648066778663,45.3257936135533
132,-1.4008455469706,-4.31502839749049,1.63188933009294,-0.288742038235558,-1.23437437443053,0.718189054374505,-4.02022021567796,-8.90013407497073,0.0663893085395389,-1275000,2610000,-112.390832534202,45.486034168998
133,0.963104830076821,-1.74549909144711,4.41783572764645,0.857145294307523,-0.148893445819998,2.09609741039975,-3.34371787040585,-7.45332693732515,0.114705735521667,-1175000,2610000,-111.127777763629,45.6345844219682
134,-0.235634307293086,-4.12733543118696,4.04964140825472,1.07920866698604,-1.8729203259743,4.3671877799802,-2.97972972910165,-8.23160239230901,1.56987902961664,-1075000,2610000,-109.859311193903,45.7713506492328
135,-1.11567389244943,-5.52933942030155,3.41215811551601,0.80922094295802,-2.61235697187264,4.5090315349028,-2.46449122091312,-8.02858158586459,2.48701176471525,-975000,2610000,-108.585852969427,45.8962493314652
136,-1.81412906767158,-6.62503385686403,2.86856889905761,0.524025076531694,-3.18102859230754,4.38610152639044,-2.08574292499644,-7.81927644374315,3.15165324079846,-875000,2610000,-107.307828686632,46.0092000026633
137,-2.4179010637194,-7.54118740677565,2.37637716570493,0.28502268938847,-3.56671060365265,4.31394347027222,-1.83304206933716,-7.69715665095516,3.56079396054806,-775000,2610000,-106.025684210415,46.1101359792789
138,-2.96956466695889,-8.3688148711808,1.89546346733647,0.0865122767414377,-3.9633924297285,4.20593343074172,-1.65034303843379,-7.52038497316004,3.80868869957469,-675000,2610000,-104.739862177153,46.1989853468259
139,-3.48381595173842,-9.06206345599082,1.39295857338427,-0.0842019458632844,-4.21626320516942,4.0702777708708,-1.51990288230943,-7.37986971119054,3.93030425943389,-575000,2610000,-103.45082176241,46.2756917970743
140,-3.98273740306076,-9.72687396557936,0.950822984145558,-0.248182518595298,-4.46424043811139,3.93525934793382,-1.41930270879769,-7.18778580588352,3.97845923890722,-475000,2610000,-102.159030811349,46.340206393226
141,-4.47745323752369,-10.4005740723668,0.475280846216309,-0.396137579150093,-4.64124336278004,3.76703063123343,-1.36010509628623,-6.98189431485464,3.90982622515028,-375000,2610000,-100.864959980772,46.3924895008005
142,-4.96882825365405,-10.9886527308011,-0.0225448191565745,-0.520459434654751,-4.72541809111716,3.56277131325302,-1.34600670268764,-6.77749094935325,3.75203749358042,-275000,2610000,-99.5690776844766,46.432502303479
143,-5.48117260568168,-11.6093286905672,-0.465335099376623,-0.611117878897565,-4.69312144456465,3.3539682472136,-1.33711950579541,-6.53850130262545,3.57306210034783,-175000,2610000,-98.2718678498018,46.4602195498466
144,-6.05549258880602,-12.2811481766754,-0.864027146273798,-0.655996564613205,-4.56539485371393,3.18475649992579,-1.23136855030756,-6.22337206927957,3.41636047633685,-75000,2610000,-96.9738104943814,46.4756267578932
145,-6.75058154304129,-13.0827336755281,-1.00307667262616,-0.71453264017123,-4.56709531235172,3.03170856050139,-0.915123121002272,-5.67720530865114,3.55195590526113,25000,2610000,-95.6753878946385,46.4787090203694
146,-7.52120718167146,-13.7603868990183,-1.10863970416074,-0.990486411808881,-4.65642082272802,2.47704175559946,-0.288317000789119,-3.85069795622189,3.21872209083249,125000,2610000,-94.37708991207,46.46946472606
147,-8.76760620949698,-15.1749027217051,-1.3164364969793,-1.44874868194122,-5.16117445838078,1.93243068258743,0.932067501199856,-2.64518639384366,4.79865497671414,225000,2610000,-93.0793945823607,46.4479012479532
148,-9.46962939026961,-15.5801344659414,-1.50886434879436,-1.79844203842012,-5.50825145825038,1.41834106343037,0.594727094213372,-3.03084475046823,4.44295937941926,325000,2610000,-91.7827876393318,46.4140315360846
149,-8.52576369498106,-13.8449104471891,-1.60792464141983,-2.20986888645912,-5.9028700210092,0.921139197284463,-2.04427956506096,-5.71779042859954,1.49583584870772,425000,2610000,-90.4877530431245,46.3678791065479
150,-7.4717781688845,-12.2739937554345,-1.61198275816737,-3.03285412444648,-7.06214792150311,0.18871050115592,-3.04202251210284,-6.51010483228959,0.213802733740572,525000,2610000,-89.1947610865324,46.3094729286813
151,-7.59259494869183,-11.7373411491876,-1.97262020088143,-4.05841637640084,-7.88914692443233,-0.153688944885962,-5.82546059371908,-9.35775794938825,-1.33176156948437,625000,2610000,-87.9042890182078,46.2388545353684
152,-7.81364922321468,-11.6853914304455,-1.99486459404451,-2.16095405907807,-5.67968339923518,0.917394329654482,-4.73817817193229,-10.117370384654,0.148481650324774,725000,2610000,-86.6168021709846,46.1560692563891
153,-6.6591668415424,-10.0730634001793,-1.67774918628559,-0.395862325458802,-3.74441437308805,2.97583484762108,-4.60244509252151,-9.98119722881134,0.151828012818983,825000,2610000,-85.3327636130219,46.0611724898309
154,-7.08570800687359,-10.9331033536945,-1.62097786939999,0.943628085930189,-1.62340988616454,4.07418867271909,-4.97743472037134,-9.4345650459015,-0.221753821972191,925000,2610000,-84.0526239826261,45.9542234016105
155,-6.95541148624537,-13.2026796601019,-1.02369426113868,0.347865231773306,-4.07223728232816,5.1266580825295,-4.39095038588761,-11.3830450709497,1.74313655393581,1025000,2610000,-82.7768223819586,45.835290432552
156,-6.12351937699009,-10.8681256826978,-1.14333635691337,0.134719943213293,-1.60814028677773,2.06923915499229,-2.66456929367207,-7.73616706788761,1.76367007528293,1625000,2610000,-75.2368900936172,44.8746780255005
157,-5.32773516156056,-8.60653919684716,-1.29216527584352,-1.15902633898235,-2.97530564760436,0.44419775809835,-2.05383329349918,-6.29668320790706,1.7802204372687,1725000,2610000,-74.0030716676134,44.6743054964555
158,-4.86240914757119,-7.50640839596292,-1.19897066775737,-0.881645032168068,-2.11570700944335,0.263147127248613,-4.30333438666355,-7.31997283314404,-0.886368993204903,1825000,2610000,-72.7767576013691,44.4627145573286
159,-2.0427224241194,-3.42004008675846,-0.770179399779898,-0.410513053370902,-1.08871498995697,0.251069972900096,-3.41784339556603,-5.90784203191958,-0.843932661954599,1925000,2610000,-71.5582842479757,44.2400196661519
160,-1.93636068407757,-4.4135462027555,0.29711719431015,-2.18650172719189,-4.56834445017162,-0.0488615681723956,-4.57643547150355,-8.48611874502823,-0.826889029465109,2025000,2610000,-70.3479740989494,44.006344721543
161,-2.28127910925963,-6.15370453562482,1.30104790972659,-1.64548515084745,-5.65688116337362,1.37374002545312,-3.63470618209723,-9.15703592496413,0.686607531597517,2125000,2610000,-69.1461340352417,43.7618125284244
162,-3.33745578622638,-10.358666822222,3.05125063660003,0.5427462356932,-4.59513842065259,5.7002932706128,-3.59629929767745,-11.6202130802512,3.47629613407196,-2275000,2510000,-124.276589711141,42.5196635197032
163,-3.36740799923034,-9.73693767101951,2.40094803105367,0.567263239205542,-3.94160682744699,5.11318356714106,-3.67832382706632,-10.8910263412478,2.5410940359766,-2175000,2510000,-123.101354873406,42.7766750863451
164,-3.40752083783596,-9.44044141413743,1.99103156815197,0.598010393558447,-3.55744263168167,4.81834704206594,-3.78536454176451,-10.5944692254172,2.01074484168698,-2075000,2510000,-121.917537271614,43.0231200318388
165,-3.48144487767366,-9.26647286100775,1.65011917651417,0.633338034094613,-3.2447160393324,4.61143537956372,-3.96121581076237,-10.3109251904286,1.51563605579989,-1975000,2510000,-120.72541232373,43.2588809867614
166,-3.60442142311825,-9.07622323342552,1.28426534802517,0.674384089289687,-2.9077295494089,4.42536675915142,-4.22113085155899,-10.2173679011578,0.817432862683096,-1875000,2510000,-119.52527433195,43.4838385763568
167,-3.75588768158095,-8.91759978949048,0.773326162469496,0.702964390766664,-2.57372674153862,4.14808398283118,-4.56836554422865,-10.235894183713,0.121296164970421,-1775000,2510000,-118.317423990685,43.6978732133452
168,-3.71120087171442,-8.49417571265825,0.444975917344681,0.597844817161575,-2.30066872316725,3.64527546755846,-4.74356800549215,-9.95911653890172,-0.0231363956740667,-1675000,2510000,-117.102182087555,43.900876959445
169,-3.28177173745188,-6.99877086896143,0.035799722105384,0.287869304062761,-1.29841484286503,2.0598214323184,-4.4298561098602,-8.0393539475773,-0.37034851007168,-1575000,2510000,-115.879884396032,44.0927371699208
170,-3.32514592122641,-6.46526587309678,-0.739270039548178,0.592908047860856,-0.552173762084566,1.66334993174386,-4.96840270993392,-9.40858574611069,-0.269031531145276,-1475000,2510000,-114.65087541792,44.2733512581949
171,-1.58561499026973,-4.55350115686959,0.942544601064878,0.351908926824807,-1.02139385623647,2.1308322987661,-3.35177795879558,-7.73999849145937,0.310930625035943,-1375000,2510000,-113.415513182435,44.4426182014882
172,-0.920501065944547,-2.61751290726328,0.760668286516309,0.728894604465467,-0.253311858808724,1.82815141221139,-4.0476696717402,-8.75754271624089,0.0443321866681764,-1275000,2510000,-112.174172283697,44.6004395100756
173,2.81749984444736,-0.985391629111089,5.76738579917783,4.25620461568392,0.449555433950433,6.49737540090069,-6.55435204839991,-11.6611624776517,0.0243638970494432,-1175000,2510000,-110.927231728181,44.7467310200649
174,0.397906085387571,-3.30434541142179,4.67340223659465,1.86971690819626,-1.00456227350113,5.26213207381111,-3.43640948202094,-8.90457695020853,1.23682666917411,-1075000,2510000,-109.675088052793,44.8814008716224
175,-0.891441963649572,-5.19972346237707,3.6175079021996,0.992337810102908,-2.36938969839976,4.67467426444108,-2.42155667084851,-7.99773673402349,2.48662900605618,-975000,2510000,-108.418143504939,45.0043708002791
176,-1.74284812959774,-6.49008886149208,2.91678841692119,0.561256633019492,-3.07269109246727,4.40134973296769,-1.96608962359701,-7.67592596339007,3.2112895801497,-875000,2510000,-107.156815397124,45.1155686612087
177,-2.3946756540884,-7.43352591860167,2.34974991140494,0.282133806125082,-3.54703675240675,4.25253210110464,-1.73069842824363,-7.53491263143748,3.63787020457241,-775000,2510000,-105.891526751483,45.214928513264
178,-2.96056172293716,-8.28486792233277,1.84974481746687,0.0678192723032118,-3.93134536545103,4.12220138769723,-1.57862947225681,-7.39860606962717,3.85959190298591,-675000,2510000,-104.622703703334,45.3023791456614
179,-3.4697082729494,-9.01625829723373,1.31750173135545,-0.110799612928526,-4.22187121583966,4.0109797150629,-1.47580394578808,-7.31278175803123,3.98891634869483,-575000,2510000,-103.350794249416,45.377878376678
180,-3.96635409215886,-9.69450271082825,0.863773806739369,-0.268649990952518,-4.43978272643675,3.86095251699011,-1.38797336997597,-7.16846275352904,4.0451861580982,-475000,2510000,-102.076240311248,45.4413738232402
181,-4.4460541457162,-10.3128840056561,0.428135575916086,-0.408328660544048,-4.61195649320171,3.72125696448222,-1.33629732789014,-7.00658280296005,4.01274069579048,-375000,2510000,-100.799495022197,45.4928270363301
182,-4.9179816652513,-10.90762004658,0.00567281964847566,-0.531829214614354,-4.69918234734652,3.55650178584233,-1.30185898937933,-6.91677123932185,3.98751130290306,-275000,2510000,-99.5210149530259,45.5322021491702
183,-5.42121552848405,-11.5154917960642,-0.420103284007225,-0.633621485518024,-4.77471565932064,3.36893008630574,-1.23889899438658,-6.69097737087743,3.98414905616132,-175000,2510000,-98.2412566708248,45.5594780876157
184,-5.95837520572515,-12.1378633619452,-0.824108894065191,-0.740507487412576,-4.81393051869762,3.18315623656891,-1.11154781786546,-6.43123220652964,3.94012210336251,-75000,2510000,-96.9606863348268,45.5746399269759
185,-6.55093050648921,-12.800473781626,-0.987326445677971,-0.872903534500224,-4.90210412689162,2.95948187885457,-0.883384574653334,-6.04318481799812,4.05791973193627,25000,2510000,-95.6797638607442,45.5776739175358
186,-7.18453008867173,-13.44219242728,-1.05170612943062,-1.09791557467806,-5.07765039046804,2.64833833782122,-0.552551202517073,-5.49531733745165,4.21478686271208,125000,2510000,-94.3989607302688,45.5685765111325
187,-7.86738689702142,-14.183487289232,-1.17782959443143,-1.41612336810096,-5.3908092249929,2.22042453492604,-0.218778871710606,-5.10705320601487,4.56441315377918,225000,2510000,-93.1187380442572,45.547356777308
188,-8.27059657484399,-14.4751272346955,-1.32367449691597,-1.74821975812716,-5.7303089310476,1.79835321994606,-0.479174413425052,-5.36003554628325,4.32961145749068,325000,2510000,-91.8395573031073,45.5140265708204
189,-8.17033969345603,-14.039324277841,-1.41677761227339,-2.15569527648471,-6.18967572257565,1.32223108373121,-1.35206016065776,-6.17823446327434,3.18889994663482,425000,2510000,-90.5618885900968,45.4686066671807
190,-8.27399218141073,-13.7141624118648,-1.55956661685005,-2.73090546983436,-6.82326087616244,0.666475859935597,-1.48718841576291,-5.33021312942822,2.10768158550157,525000,2510000,-89.2861810587034,45.4111265823802
191,-8.24481691684966,-13.4963537071499,-1.6909720538734,-2.86137033563668,-6.85890512711711,0.391330378356642,-2.75488477541023,-7.24809932040543,1.45460491071855,625000,2510000,-88.012892801619,45.3416229621257
192,-7.74457098478377,-12.8479734568122,-1.60759960848087,-1.94101724111661,-5.77269229205749,1.4296220728399,-3.54554561725461,-8.99444834128216,1.24935550006655,725000,2510000,-86.7424758441206,45.2601402546404
193,-7.09785463034634,-12.1374817651581,-1.36394872692318,-0.933853828225334,-4.62576698753609,2.67386487386916,-3.8447424602702,-9.52269646232364,1.09453504550428,825000,2510000,-85.4753665010222,45.1667279586419
194,-6.9703221440716,-12.2152806056559,-1.22033088779996,-0.248822433506783,-3.86395625940398,3.54467782000734,-4.00426842647834,-9.76974270617796,1.01483870142662,925000,2510000,-84.2120023908695,45.0614453161208
195,-6.84021588930448,-12.7663664339705,-1.042087434082,-0.246309847777765,-4.42863830366905,4.09206573700296,-3.80755425884682,-10.2948771573732,1.8900892733239,1025000,2510000,-82.9528131922785,44.9443523593683
196,-6.72846388816299,-14.0430000728439,-0.646452404087314,-0.459532969682666,-5.77936672614806,4.93565944403505,-3.52104391507534,-11.5530963308947,3.7151997014446,1125000,2510000,-81.6982189720677,44.8155211950274
197,-6.36850096624722,-12.0058092367335,-1.09966349741558,-2.38100992065274,-5.64916286314938,0.476601017776695,-1.69447528498517,-8.39388737232882,4.59433459991986,1525000,2510000,-76.7338060848753,44.1844556492149
198,-5.81339748373737,-9.52008776209863,-1.3597812818595,-1.35761898457409,-3.74437970500169,0.822073992189688,-1.37166168779508,-6.09088402469578,2.88754662612156,1625000,2510000,-75.5081069676889,43.9982048098737
199,-3.01046739932434,-5.18227274399846,-0.972189336499283,-0.183982209841536,-2.20574065788051,1.82593816627722,-0.295848731364798,-3.86212448555131,3.20624439572302,1725000,2510000,-74.2892940880531,43.8007600593612
200,-1.98393156368861,-3.37388129506612,-0.684148586690705,-2.46903863647878,-4.39118443927889,-0.390254439604783,-1.22604540565669,-3.56917791302581,0.939568631144568,1825000,2510000,-73.0777070531219,43.5922274359447
201,-1.90454701481215,-4.27419775245327,0.162008648278485,-0.574774932730328,-2.38938617666869,1.23091093402098,-0.722986279291253,-3.51669937104128,1.96113891132671,1925000,2510000,-71.8736714521537,43.3727164462042
202,-2.64437634521959,-6.14528241312754,0.227698772102881,-0.541310357437487,-2.70483225311832,1.6411168416341,-1.897817718654,-5.44662801498665,1.15455662948236,2025000,2510000,-70.677500330129,43.1423441390525
203,-3.25134642057263,-10.1087478707343,2.9644841597092,0.46343495689776,-4.5677203094571,5.54812625491054,-3.36730943429672,-11.1008695740721,3.50375992843564,-2275000,2410000,-123.921927008605,41.6643956944455
204,-3.26581468431478,-9.54802473226665,2.41819198856713,0.474757602352634,-4.06771539004338,5.0785329520249,-3.41048479614947,-10.5280055086239,2.83039756646495,-2175000,2410000,-122.759784447886,41.917995818072
205,-3.27837795323658,-9.23315578408367,2.12148957916993,0.48442165859779,-3.71524458714765,4.78472489227828,-3.46709228633106,-10.1660017024522,2.35163700825815,-2075000,2410000,-121.589366418942,42.1611250737791
206,-3.28551508762534,-9.02004798032004,1.84574498043047,0.48650911509325,-3.50216250922045,4.57380205111074,-3.54516174157985,-9.88556016401939,1.94751568732829,-1975000,2410000,-120.410937451793,42.3936756539895
207,-3.27529500919892,-8.68649951670347,1.59183110391937,0.487369464969364,-3.2857486014138,4.34054522549212,-3.63360955806149,-9.64171204614469,1.5760652234048,-1875000,2410000,-119.224781394301,42.6155315788474
208,-3.15543256118967,-8.28867596115729,1.45421859709285,0.461392455347169,-3.06658827314444,4.09486057924781,-3.66391539206587,-9.35880172482066,1.21211795374799,-1775000,2410000,-118.031195652878,42.8265830550932
209,-2.76515363011806,-7.37994017393551,1.45662637884217,0.393769370150065,-2.88059931201473,3.77011844856569,-3.45472308504666,-8.67478444138917,1.0221426049623,-1675000,2410000,-116.830488959124,43.026730245816
210,-1.74549089826771,-5.35127096936125,1.67190680442332,0.370771493091287,-2.32628372640586,3.23616338137332,-2.73421711543899,-6.98491335574208,0.730879369960361,-1575000,2410000,-115.622986402491,43.2158614692986
211,-0.187713102788931,-1.96520414295586,1.79443557879535,1.13913754737095,0.182541111245839,1.919876851842,-1.85216924225127,-4.53337840688964,0.62155548408161,-1475000,2410000,-114.409021930846,43.3938824068634
212,-2.32644478566251,-4.1530219575183,-0.693302682290872,-0.732735726063066,-1.6133779574441,0.0547984699238106,-2.02220608061069,-6.08960873236494,1.55665223178203,-1375000,2410000,-113.188945079662,43.5606971096854
213,0.215814145492852,-1.31697810932117,1.98600227816627,-1.58350244265411,-2.79320073730184,-0.0817910073335082,-2.49000433907831,-6.87701561518809,0.839196505239496,-1275000,2410000,-111.963110320733,43.7162144084173
214,1.43174517619811,-1.14214690775488,4.50694643145014,1.51068116907269,-0.129142309363474,3.67119749729335,-0.838727737965601,-6.82712540829833,3.55115729034951,-1175000,2410000,-110.731889348917,43.8603490890377
215,-0.107465031788246,-3.86286601301306,4.10137384149661,1.13686302616802,-1.79374589979138,4.44449675066552,-1.78373716345007,-7.09684219475581,2.90628360124841,-1075000,2410000,-109.495662449487,43.9930218257071
216,-1.12101308880698,-5.46559374927626,3.311430541416,0.741411112331289,-2.64617930577805,4.39387842594376,-1.78493817748408,-7.21418475309034,3.16749346241186,-975000,2410000,-108.25481889395,44.1141550323677
217,-1.87532975721141,-6.61591708362254,2.7256144341715,0.441234175044367,-3.1941734143742,4.26467718876114,-1.65440746059881,-7.23747826146236,3.50135122802698,-875000,2410000,-107.009764880455,44.2236842383415
218,-2.47618104316571,-7.5452430177743,2.20168040647829,0.207119767627578,-3.60899032691613,4.14383910134161,-1.53894259542296,-7.26059664072438,3.81072305249956,-775000,2410000,-105.760903676018,44.3215397377488
219,-3.00889423475986,-8.31854725692418,1.73758039626139,0.014732223590715,-3.96436370073449,4.0297142469932,-1.45585413658832,-7.24870973728569,4.01121829442321,-675000,2410000,-104.508640620417,44.4076650336019
220,-3.49832863625817,-9.00697629191009,1.29764913865451,-0.150404147435483,-4.24102520116721,3.93777071667822,-1.39227348320711,-7.19242280264968,4.10706236363403,-575000,2410000,-103.253410877116,44.4820142938306
221,-3.97470416664182,-9.68111190853206,0.844919207804054,-0.295373194987337,-4.43760947389071,3.82204164343729,-1.33782268856139,-7.09107344398624,4.14066486972049,-475000,2410000,-101.995642611597,44.5445381338074
222,-4.43163910589491,-10.2760893472808,0.448146497373018,-0.424698016610754,-4.60988735747742,3.68020220109066,-1.29085752832641,-7.07520626929855,4.20882152465602,-375000,2410000,-100.735767833982,44.5952013368778
223,-4.87197210024767,-10.8066671607281,0.0429507234145325,-0.550943928053505,-4.71174855088698,3.55228176142481,-1.25308586983523,-6.9612811291319,4.21038022344106,-275000,2410000,-99.4742241451228,44.6339732215115
224,-5.3302638146424,-11.38122008368,-0.361966624612979,-0.65848473911083,-4.81373863329499,3.38574550515432,-1.19384175206223,-6.8394347888758,4.17164286747816,-175000,2410000,-98.2114577896882,44.6608305881316
225,-5.80646520201238,-11.9315095995428,-0.751497109951672,-0.791552527875609,-4.96958958679204,3.19312713660007,-1.09555802841202,-6.63300393264869,4.17965991078805,-75000,2410000,-96.9479124881699,44.6757567881909
226,-6.29054187642371,-12.4397557654861,-0.958071663966441,-0.940111975594656,-5.05753790442751,2.95758995468923,-0.954283776929864,-6.4086000874134,4.26402913726906,25000,2410000,-95.6840230902804,44.6787409627886
227,-6.78527273242631,-13.0231790939825,-1.01452287441878,-1.1243206757541,-5.23152432348502,2.74226769067476,-0.819456749526666,-6.19560740894766,4.35528042004623,125000,2410000,-94.4202492053578,44.6697862993377
228,-7.24459739423817,-13.4858785114078,-1.06503522409664,-1.36632128461627,-5.51038355027652,2.41101955934304,-0.763090207953938,-6.1072167258403,4.37158428056316,225000,2410000,-93.1570328778525,44.6488934731438
229,-7.54225809075117,-13.6906986725492,-1.13828230324723,-1.62533068224947,-5.77324096549088,2.10337761094637,-0.963723559401009,-6.25326039967584,4.14553193946485,325000,2410000,-91.8948193316484,44.6160750596533
230,-7.62656161701735,-13.6406423192298,-1.22016871424872,-1.89505699501501,-6.03952747677462,1.75907364713068,-1.40029186823282,-6.70688759538704,3.60831622473369,425000,2410000,-90.6340558176997,44.5713534298675
231,-7.66367309528204,-13.4827463050312,-1.28654230430591,-2.12204336450944,-6.29500433693017,1.49027586888135,-1.79695319356377,-6.99572194631206,3.03636870950321,525000,2410000,-89.3751799367013,44.5147545342663
232,-7.58122203542344,-13.248253720567,-1.32749772576541,-2.08802977218138,-6.21255128985599,1.50714610615338,-2.44019918817681,-7.79939724090532,2.49705100956835,625000,2410000,-88.1186345738319,44.4463146361658
233,-7.32920740701873,-12.9119472485523,-1.26101135211837,-1.66180460977517,-5.68659981623594,1.98427004135725,-2.95280294666739,-8.60715899047703,2.15518868780512,725000,2410000,-86.8648383753044,44.3660704226495
234,-7.01729751861943,-12.5679918830718,-1.1686110111035,-1.14796397017368,-5.14661428609392,2.63321923827713,-3.24421163283864,-9.10870803318793,1.97491145605997,825000,2410000,-85.6142209653254,44.2740700331965
235,-6.83001165481191,-12.4813097586315,-1.07839805901252,-0.766199354685661,-4.79698143198279,3.21260615711098,-3.37820461914592,-9.46631010826299,2.03687900537916,925000,2410000,-84.3672058530588,44.1703729080487
236,-6.69389698593669,-12.7167332701623,-1.02099978247948,-0.647946139486886,-4.94589386652412,3.64317667786717,-3.33290094953245,-9.84063293252467,2.48175515036883,1025000,2410000,-83.1242043153571,44.0550361055168
237,-6.6008037657522,-13.348658260176,-0.900166672646315,-0.668314812715028,-5.60868185285833,4.23492424217579,-3.23715300134817,-10.5941583133535,3.41360682693153,1125000,2410000,-81.8856259624444,43.9281207594121
238,-5.6409870417676,-13.0307911879799,0.551042289634688,-1.73328094242198,-7.5164172519574,3.59618764682724,-1.78085367956755,-10.0650543306704,6.06291147021191,1325000,2410000,-79.4232805038828,43.6398707406051
239,-5.68875092429515,-12.1577913262865,-0.401262178843506,-1.83689392498971,-6.77454468491005,2.67355647636603,-1.72529317236972,-8.95467936663563,5.10302426065976,1425000,2410000,-78.2002773369179,43.4786932629911
240,-5.87416197725276,-11.2102394638153,-1.03147456942964,-2.04553349579392,-5.91491760349974,1.39929744828901,-1.62956064508512,-7.66620456779337,4.04851839861023,1525000,2410000,-76.9832123624678,43.3062646959397
241,-5.99622601409427,-10.2964148040838,-1.28468838267839,-2.16988113452006,-5.42502019400674,0.603074333189616,-1.39729739154248,-6.52477522133463,3.38887625027898,1625000,2410000,-75.772434664557,43.122677739609
242,-3.48504568437915,-6.518509702121,-0.938760636204844,-1.32115724767531,-4.26448468027356,1.18535704024848,-1.31715733266736,-6.21032907836294,3.2743563153541,1725000,2410000,-74.5682882814499,42.9280278304991
243,-2.42268450592692,-3.95112361486932,-0.964564460907063,-2.13714017923296,-4.11876730563122,-0.187898654246177,-2.00026787500543,-6.61659357507301,2.12409729753354,1825000,2410000,-73.3711025977739,42.7224168251762
244,-1.6722082914257,-4.92847582849037,1.33886592876023,-0.707202465854072,-3.07374736576501,1.54863301399629,-1.4713618238247,-6.10855395887518,2.79277549875432,1925000,2410000,-72.1811937579873,42.5059481058465
245,-2.55002199114408,-7.09176016637595,1.53473553555728,-1.12437309435742,-3.79582946707023,1.29107797195676,-2.47061218417871,-7.49198998624687,1.69862989302699,2025000,2410000,-70.9988642825853,42.278730047737
246,-2.60108675991141,-9.23562577592851,3.51186000233588,-1.13876273891546,-6.01870412024119,3.5708183525683,-2.36206773685982,-9.98011494725697,4.49388732350306,2125000,2410000,-69.8244057151763,42.0408752559939
247,-3.11278675648731,-10.8909288018742,4.07840793258013,0.363461273499812,-5.6072969089031,6.34305850889535,-2.97086791327435,-11.8718613611274,5.10789355418988,-2375000,2310000,-124.716851005901,40.5483632947236
248,-3.15619438614454,-9.86437883910862,2.90953199190725,0.379911798003272,-4.55826468787669,5.32966228433174,-3.08883012777277,-10.6586666231063,3.60727466005601,-2275000,2310000,-123.575793360719,40.80894619253
249,-3.15636423759229,-9.42789032916143,2.52644555397423,0.379887012631792,-4.23162832145038,4.99679621034997,-3.12647602657896,-10.1235691501357,3.1384679727447,-2175000,2310000,-122.426496221548,41.0592761665368
250,-3.14761617022181,-9.12345059089806,2.26034845305921,0.376284451917556,-3.93455898587078,4.71058926632132,-3.14351680464186,-9.78244891903205,2.73888781272474,-2075000,2310000,-121.269205360262,41.2992313528186
251,-3.11037797217963,-8.80388623212073,2.05374113295678,0.360163812347586,-3.73152126298845,4.52252071833606,-3.14931646112161,-9.52493654440965,2.45396379558444,-1975000,2310000,-120.104189269231,41.5287129658605
252,-3.03129830709108,-8.4723667393056,1.94221926698724,0.324265997879795,-3.55093646266298,4.28902826701594,-3.1147366862488,-9.21467103453351,2.1949293225018,-1875000,2310000,-118.931719506468,41.7476069659488
253,-2.8310627382542,-7.95270440925501,1.86314175096602,0.264326986329055,-3.43598453165575,4.02836169678034,-2.9879337108703,-8.78585441777059,2.07266856099905,-1775000,2310000,-117.752086773745,41.955809008191
254,-2.46920621780155,-7.19470321257502,1.95116840578688,0.136928034017335,-3.39131148040809,3.68895697612586,-2.70431563821464,-8.10204195574609,2.0870815379037,-1675000,2310000,-116.565593994127,42.1532228815568
255,-1.86138849559075,-6.11622198667762,2.25261307141882,-0.105346460115703,-3.37255215633751,3.08555385174653,-2.20505507376755,-7.12676759813988,2.19365584045742,-1575000,2310000,-115.372551217794,42.3397480780913
256,-1.18858431434897,-4.85528942824583,2.50641103696969,-0.714303005473286,-3.43940136900023,1.58738158497142,-1.70506647944466,-5.78297441496465,1.99320185634719,-1475000,2310000,-114.173284556761,42.5152921222688
257,0.0679384453520483,-2.8956314560413,3.50798369438273,-1.41373894117376,-3.37770739413164,0.177877500476586,0.588712932444105,-2.31550461035853,3.83826360250431,-1375000,2310000,-112.968130489046,42.6797656325449
258,-1.01403430446351,-3.17727086741007,1.33668255555688,-0.805027807488721,-2.12335442370585,0.467941860908053,-0.793293788440642,-4.29814279597337,2.40611936863092,-1275000,2310000,-111.757434265478,42.8330836833794
259,-0.99297076854006,-3.48794003043785,1.63270358681897,0.141805673880717,-1.06643404255076,1.53595320421753,-0.699718492165667,-3.25560436736148,2.22641759783761,-1175000,2310000,-110.541553500283,42.9751659990714
260,-1.1334846419013,-4.99629376284233,2.86726552892395,0.42505675472032,-2.55863500628783,3.61179223656011,-1.07972674577808,-5.80032337946664,3.39909785369116,-1075000,2310000,-109.320853507492,43.1059322606383
261,-1.61892057292629,-6.03689074869851,2.75081827027455,0.381287491868162,-3.03947657048324,3.98807800931332,-1.28028743412156,-6.52812512581728,3.64319476726166,-975000,2310000,-108.095712300849,43.225315942627
262,-2.14240598175237,-6.9286513150627,2.4241549341843,0.239653959878682,-3.41480689165086,4.01522797364147,-1.34104624541925,-6.83898956329086,3.86140392676711,-875000,2310000,-106.866525568173,43.3332516474493
263,-2.63945567265868,-7.72526378259268,1.99592601893255,0.0905206489244152,-3.76445369038507,4.00207013939764,-1.34495858080104,-7.03898804207891,3.99962170497001,-775000,2310000,-105.633669533668,43.4296773695054
264,-3.10221612898792,-8.39955984265248,1.60775166554498,-0.067849964009036,-4.05738188905162,3.91103694286234,-1.33440372146249,-7.11836837415041,4.12876539809728,-675000,2310000,-104.397549231449,43.5145378915457
265,-3.54722541785601,-9.03180495788288,1.24196382405504,-0.204370674217007,-4.28471527230607,3.84361242719293,-1.3096658666437,-7.08791254166785,4.23870118809025,-575000,2310000,-103.158569068504,43.5877920652492
266,-3.97626359863869,-9.64326927294241,0.85652249135202,-0.333743555039245,-4.5027006060023,3.74903632870635,-1.27881488549357,-7.11657239004247,4.29107432296137,-475000,2310000,-101.917152845092,43.6493888658671
267,-4.39848605743703,-10.2229385796702,0.490139747774472,-0.452256472589765,-4.62126365649718,3.63725559932296,-1.24666665763464,-7.07019179465366,4.31850005359172,-375000,2310000,-100.673709151462,43.6993005965851
268,-4.81763725020377,-10.7307236641064,0.0837159333896053,-0.574319182997373,-4.79269559025236,3.51302708769522,-1.21620870283352,-7.02582230834302,4.36520883712991,-275000,2310000,-99.4286641267082,43.7374952021568
269,-5.23298093162511,-11.2893842194286,-0.274153539877893,-0.687710636388652,-4.88861187920212,3.39287539865376,-1.17736415965187,-6.96188242806987,4.352718510025,-175000,2310000,-98.1824461526275,43.7639463450631
270,-5.6421500225374,-11.7001323883217,-0.631842538872142,-0.817001160848721,-5.06230579165159,3.19708497594721,-1.11626409014446,-6.85370546751102,4.38565441536188,-75000,2310000,-96.935472505759,43.7786544967904
271,-6.04385249573175,-12.1791188107059,-0.884737851438916,-0.958397916566723,-5.18863281206668,3.0344411446451,-1.05573206306144,-6.74656596818491,4.37461082819363,25000,2310000,-95.6881725038036,43.7815979068381
272,-6.42950247396263,-12.6317426164522,-0.979720737140978,-1.11320423482238,-5.31954354297659,2.82021318582914,-1.01441545655276,-6.65320391895692,4.41356169805302,125000,2310000,-94.440978485695,43.7727759934994
273,-6.77129164996425,-12.9684033565799,-1.01942304120904,-1.29701057733363,-5.55664070523337,2.59745930471822,-1.04991084750662,-6.65405290861255,4.33914748618693,225000,2310000,-93.1943260587188,43.7521957316197
274,-7.01776214785868,-13.1431021387405,-1.04928195167171,-1.48520728096699,-5.72185867288589,2.35617836627677,-1.21516626516917,-6.78463459725101,4.11565506253583,325000,2310000,-91.9486374693534,43.71986314953
275,-7.13653225923891,-13.2051752786201,-1.08012411061007,-1.6615019370372,-5.89632028817862,2.16379689360646,-1.50629543804904,-7.10105689596239,3.73825390233176,425000,2310000,-90.7043402792528,43.675807744886
276,-7.17055441609083,-13.1184107013692,-1.10289064282703,-1.75765405565492,-5.99316711329928,2.04645995284588,-1.84935800089055,-7.49646405815113,3.40167084919689,525000,2310000,-89.4618568386701,43.6200475836663
277,-7.10554659946231,-12.9549043671885,-1.11232827309848,-1.7130449146684,-5.91040911244005,2.06879828726211,-2.23947402197055,-7.9670653848408,3.0414090137505,625000,2310000,-88.2216097450467,43.5526178418474
278,-6.97033746875888,-12.7751582170268,-1.09580122494548,-1.49904507084385,-5.6690561240542,2.34826109612599,-2.5847217641914,-8.39101538924934,2.778189099933,725000,2310000,-86.9840116192471,43.473555549981
279,-6.79129698782085,-12.5576164453988,-1.05818775094497,-1.22978515388584,-5.38942640271956,2.70141986704661,-2.80960923147382,-8.80421156943847,2.67686357973712,825000,2310000,-85.7494728795877,43.3829013497705
280,-6.63389581718524,-12.4964636980121,-1.03124046098879,-1.01423856961225,-5.22695050055919,3.04193348987641,-2.91910459028077,-9.10645724137054,2.71681138183161,925000,2310000,-84.5183956416989,43.2807164612886
281,-6.50131803421247,-12.5179118672159,-1.00168455815886,-0.914379736974091,-5.28567717723767,3.35252507813531,-2.91430496524255,-9.34512191080709,2.94973922898173,1025000,2310000,-83.2911767576013,43.1670487370145
282,-6.39891145980944,-12.9540252614196,-0.896755043086914,-0.907679632467983,-5.73068271849118,3.75705767595618,-2.86417105096846,-9.87818200229309,3.54851508205887,1125000,2310000,-82.0682089615206,43.0419669338457
283,-5.5947991611622,-12.2394168304941,-0.107730245800743,-1.63896313391235,-6.75817455954044,3.06696703099316,-1.84033401816862,-9.13954964747291,5.14841721933981,1325000,2310000,-79.6365542122071,42.7578235443058
284,-5.53995722372162,-11.5344900049745,-0.592592627377477,-1.71860312259926,-6.31889063799623,2.45528173269567,-1.779009227301,-8.40906458714054,4.46927150408449,1425000,2310000,-78.428580520681,42.5989157923603
285,-5.43816979176377,-10.896695508806,-0.887323475170545,-1.80055213730672,-5.97760371080813,1.93390495765693,-1.69494138627725,-7.78274838294075,4.07479709987318,1525000,2310000,-77.2263272037138,42.4288965544901
286,-5.08985778356941,-10.0758695782904,-0.924903064074804,-1.78359695414216,-5.63056248234186,1.66813325348728,-1.6086189099869,-7.33131656699382,3.79624852584743,1625000,2310000,-76.0301284088443,42.2478515984656
287,-4.02632129483629,-8.53276760942794,-0.238353790108137,-1.55588568260498,-5.17279517771579,1.76432401141846,-1.61804842510749,-7.10141736186721,3.58205552286836,1725000,2310000,-74.8403200902003,42.0558709974918
288,-3.2164321152272,-7.49375407692188,0.499554913649219,-1.59249995038559,-5.04595706835903,1.59432551512187,-1.80027201651824,-7.25577993308208,3.25272714472101,1825000,2310000,-73.6572194988189,41.8530517027769
289,-2.67241514297897,-7.27261148676243,1.43594459776298,-1.19132806873273,-4.77712467430597,2.24802467412859,-1.82904316871181,-7.5418319121255,3.43221158413368,1925000,2310000,-72.4811314762533,41.639490726904
290,-2.68738532410129,-7.91985303103888,1.98045657658542,-1.17545403019011,-5.15294630798018,2.57601522827295,-2.16094696887037,-8.35126716939625,3.39409412658688,2025000,2310000,-71.3123538469143,41.4152916195476
291,-2.64244436059408,-9.41475854395567,3.61520184677218,-1.15597923474913,-6.31193932584484,3.81360959590695,-2.26967004510291,-10.2051473375435,4.91112186221527,2125000,2310000,-70.1511655789659,41.1805592398721
292,-3.06557308206569,-10.3748220773359,3.69222626508492,0.329050665813455,-5.30099814318898,5.91907569937505,-2.83524156715562,-11.1876461721655,4.6970427705286,-2375000,2210000,-124.366668889219,39.6957602560734
293,-3.07757916000279,-9.72189513983672,2.99921027098926,0.319887546336786,-4.6932180522792,5.30225013008187,-2.85511758753721,-10.3836989088228,3.86820480067908,-2275000,2210000,-123.237911513173,39.9531280518351
294,-3.06929921972967,-9.34115428232474,2.65152463320147,0.301940229827898,-4.41124221187879,4.95542059989227,-2.85691894878762,-9.86515862620918,3.43267195821938,-2175000,2210000,-122.101199729495,40.2003292092095
295,-3.04191040012609,-9.07364160867003,2.41628552359628,0.281396640706557,-4.1620712378627,4.73235933359786,-2.84257220319415,-9.4990033721083,3.17336515429091,-2075000,2210000,-120.956775030807,40.4372490703231
296,-2.98050219159677,-8.74856840145328,2.2536830074732,0.250076519210885,-3.98974582229367,4.48948043476736,-2.78767806533296,-9.18578583645577,2.92539206971256,-1975000,2210000,-119.804891082338,40.6637886852378
297,-2.87560836033009,-8.38936845711036,2.17171435222469,0.204736652767769,-3.85440590997443,4.28095056200802,-2.68304151593879,-8.80134461139023,2.80918966636383,-1875000,2210000,-118.645824188768,40.8798455566876
298,-2.68544890909734,-7.88930210065856,2.09531806195867,0.123071639565532,-3.76153045553726,3.98518509823488,-2.484194895491,-8.30707394218964,2.792615950412,-1775000,2210000,-117.479846281863,41.0853237663888
299,-2.41243338129009,-7.27430023987387,2.16806680473198,-0.0118433384333981,-3.75745753291784,3.65118971715317,-2.15959907036245,-7.66781492051074,2.87822273098454,-1675000,2210000,-116.307253081711,41.2801256236472
300,-2.04547846248689,-6.59628893519517,2.34445335349948,-0.217829451650644,-3.72751066726994,3.17259037235473,-1.67352459360031,-6.83362338703359,3.12259739774895,-1575000,2210000,-115.12834432174,41.4641609531531
301,-1.6825278815688,-5.84698205503191,2.43110802735818,-0.540511265766141,-3.76586277032699,2.47630974632956,-1.01865939267247,-5.71206604964668,3.51036979177415,-1475000,2210000,-113.943437455959,41.6373394386979
302,-1.43505775184672,-5.01156299375553,2.19322087550524,-0.819800906759131,-3.19686572213697,1.15289864051695,-0.0428229009969756,-3.85308721552619,3.83730311797795,-1375000,2210000,-112.752863359626,41.7995771202851
303,-2.16171639798132,-4.43783885466126,-0.195935444619696,-0.874301961864815,-2.61759565861354,0.687039756665955,-0.179456959442715,-3.05702756984465,2.7219169774953,-1275000,2210000,-111.556944775385,41.9507926877976
304,-1.60088657857221,-3.16998836880136,-0.034119445578576,-0.215325501677447,-1.46454813896543,1.19402518308368,0.0779438362966474,-2.55580022088666,3.06281199021882,-1175000,2210000,-110.356034267495,42.0909116462797
305,-1.83107940536303,-5.72204757280863,1.97888287590224,0.0448012986431935,-2.97172102912991,3.13120295592927,-0.568305918652673,-5.15836104623132,3.93299341284865,-1075000,2210000,-109.150488620773,42.2198627844944
306,-2.10470052956643,-6.58563536887021,2.19748356228876,0.109271489253862,-3.33742113270045,3.67403563845188,-0.904184858359305,-6.06856824346617,4.06516142979613,-975000,2210000,-107.940667478358,42.3375751957261
307,-2.45598535219414,-7.32104847016558,2.07951350001744,0.0660630840204623,-3.63516462940933,3.80342423409676,-1.08708395727493,-6.52256265626511,4.165041000341,-875000,2210000,-106.726946326634,42.4439915701453
308,-2.83258719919173,-7.94971690421946,1.8155938371057,-0.0293830482819963,-3.87509620785844,3.87085558805032,-1.17644039441929,-6.83356528254115,4.20546689090502,-775000,2210000,-105.509697791703,42.5390543168276
309,-3.21920176650906,-8.49879339261183,1.53643435598847,-0.149230797065032,-4.14966456793154,3.84867680137778,-1.22059444233394,-7.02101438680352,4.29047328304023,-675000,2210000,-104.289309879784,42.6227131278166
310,-3.60986157358528,-9.11118678269699,1.18502947382079,-0.265512444947263,-4.35586679453634,3.78227078261085,-1.22676396124624,-7.04277307969103,4.36150286240253,-575000,2210000,-103.066177162309,42.6949157705262
311,-3.99117895367477,-9.60909084806531,0.860560165135852,-0.379665045933748,-4.54686664217139,3.71985709522315,-1.2188756061783,-7.12911525879113,4.37821338336376,-475000,2210000,-101.840688736394,42.7556332782465
312,-4.3757408900425,-10.1663528134348,0.494991353386528,-0.486250029663641,-4.69437983570441,3.63356666564261,-1.20923504399079,-7.13118811365168,4.44644930932635,-375000,2210000,-100.613255821384,42.804826995459
313,-4.74931954569077,-10.6126553514582,0.167572659310856,-0.59480389990194,-4.84214652325112,3.53758489641974,-1.2017182178436,-7.152725025662,4.440179360972,-275000,2210000,-99.3842823482881,42.8424715138687
314,-5.11846156594334,-11.1080481000022,-0.199851658969177,-0.710425157596766,-4.96469100367354,3.44137136911229,-1.17563499277338,-7.11570445673779,4.48152768606888,-175000,2210000,-98.1541775260997,42.8685462874996
315,-5.46727075204644,-11.548085634424,-0.463361466408659,-0.831427684473814,-5.09880912760947,3.25801341597437,-1.14716406128918,-7.06999655029333,4.48235430800597,-75000,2210000,-96.9233507319464,42.8830394587131
316,-5.81947275733573,-11.9674764001408,-0.731021932015791,-0.956931392585282,-5.23411263408576,3.09602892633912,-1.14385156232447,-7.00077082158465,4.44952665875218,25000,2210000,-95.6922100953912,42.8859395914119
317,-6.12609779282798,-12.2842367672266,-0.914627755548013,-1.09658740488165,-5.40751540379087,2.91084529203306,-1.14735815611355,-6.98904742251712,4.43439372064292,125000,2210000,-94.4611752895052,42.8772458689184
318,-6.40420246007723,-12.5556278226051,-0.974806937284652,-1.23072284952842,-5.5115629865402,2.75270940100635,-1.20492079308916,-7.00442570401895,4.32171097608651,225000,2210000,-93.2306547085955,42.8569599636002
319,-6.60955671039795,-12.7648712122,-1.00428869225088,-1.36280814100567,-5.69175740810571,2.59101543767566,-1.35555405062736,-7.14141857813038,4.15345675168234,325000,2210000,-92.0010611132426,42.8250978321817
320,-6.73568029126159,-12.8587049496464,-1.02381896003535,-1.47915086464932,-5.79827276354435,2.44389178441435,-1.58039136606197,-7.43312319196795,3.87514967292205,425000,2210000,-90.7728080284661,42.7816733584782
321,-6.77435902301455,-12.823721520712,-1.03412345686888,-1.53443044698526,-5.83448690056853,2.42281089022365,-1.82800350873947,-7.71615206148255,3.64655907680225,525000,2210000,-89.546299405688,42.7267126099512
322,-6.73695705348485,-12.68852192576,-1.03777062282046,-1.50610050378024,-5.79807088356753,2.43795859403019,-2.09666103555452,-8.01797567973502,3.41703009398018,625000,2210000,-88.3219380381429,42.6602447903749
323,-6.66529979734219,-12.6099723870842,-1.03223957746674,-1.39325786541668,-5.69521929188555,2.62746309892865,-2.32691475490049,-8.33716457491307,3.27726779987395,725000,2210000,-87.1001248449407,42.5823074529897
324,-6.5477147239619,-12.5040647733801,-1.01620802513032,-1.25127742282127,-5.5628518230102,2.82419754755561,-2.49105562504246,-8.6601713278833,3.14060715216532,825000,2210000,-85.8812603208715,42.4929406001126
325,-6.41572724412671,-12.3920458586236,-1.00405413514256,-1.13917912152495,-5.49204059710051,3.01563668137152,-2.57254037721539,-8.80367612333663,3.18431472798357,925000,2210000,-84.6657250251664,42.3921954325942
326,-6.27296118117498,-12.288741915834,-0.979134778776377,-1.09527907795146,-5.50756497082999,3.11228251783143,-2.55597211370309,-8.911219771975,3.28570310746944,1025000,2210000,-83.4539037129285,42.2801213255464
327,-6.1040854439202,-12.1793551978089,-0.935970955404463,-1.13284589950542,-5.62390144650509,3.15905530092536,-2.45572015207113,-8.92496747940637,3.50145937127116,1125000,2210000,-82.246177195223,42.1567819303924
328,-5.8179377944854,-12.1863381032795,-0.572613760204415,-1.3049742440519,-6.08095653036562,3.21642018221913,-2.17851740020359,-9.01544596882053,4.29773972617784,1225000,2210000,-81.0429093092304,42.0222406230526
329,-5.60897137897436,-11.6590566347863,-0.610432804419347,-1.48151125918878,-6.09058820709103,2.73393015553816,-1.959068626153,-8.498447953788,4.22700673200312,1325000,2210000,-79.8444546482191,41.876563949559
330,-5.4426117950959,-11.3116773881597,-0.586923190840093,-1.58456867604187,-6.07159919891111,2.49954182849497,-1.85148537168761,-8.25944290654997,4.22051205767445,1425000,2210000,-78.6511643630983,41.7198283788934
331,-5.23809582705717,-10.856941458197,-0.601270965077763,-1.63486932731545,-5.9659428525898,2.27124079070679,-1.76363511877746,-7.96757385174921,4.09609764923975,1525000,2210000,-77.4633802864788,41.5521113546796
332,-4.89033396229095,-10.2759366794687,-0.447299556950059,-1.62188707582518,-5.79520401141831,2.17924339847396,-1.71356717696377,-7.75958551002012,3.99229081508384,1625000,2210000,-76.2814340387216,41.3734948398519
333,-4.31383026970805,-9.49448559367423,0.0195916173633162,-1.54003830655202,-5.62303858279412,2.19732726923553,-1.72590371289435,-7.74463478384863,3.9169628944414,1725000,2210000,-75.1056436530582,41.1840657562154
334,-3.74731341297359,-8.84994996730987,0.616309337514684,-1.48119013381838,-5.49456686131784,2.23281598442926,-1.79897462280506,-7.77983435739243,3.81264518260766,1825000,2210000,-73.9363196358531,40.9839148243017
335,-3.10620736645997,-8.71519920140346,1.86906040856199,-1.30842895160879,-5.69116266733556,2.87639288181338,-1.88896159863004,-8.54436275102294,4.23856722617256,1925000,2210000,-72.773758580985,40.7731342127787
336,-2.89911509862813,-9.30920652618472,2.95300959412572,-1.24415330054378,-6.31267199208496,3.59916012849484,-2.03210876831503,-9.62769919298577,4.96428595546316,2025000,2210000,-71.618249501135,40.5518241974476
337,-3.01329647529472,-10.2522172051425,3.6907510200451,0.275692752762989,-5.29681935076879,5.83780030025145,-2.67061553998727,-10.8444198445644,4.8187387524288,-2375000,2110000,-124.02466717871,38.8424668401163
338,-3.00608926366583,-9.69678572048028,3.06724897241169,0.25803221457599,-4.82496848357739,5.29890916170657,-2.64877897960322,-10.1127668756648,4.14305053011961,-2275000,2110000,-122.907985943425,39.0967675061304
339,-2.98660610317309,-9.25790020024838,2.79939251024467,0.23409336353624,-4.55697652937751,4.97407778034563,-2.61277597973004,-9.63385359224377,3.79234544251393,-2175000,2110000,-121.783619133343,39.3409702251509
340,-2.95410958888117,-8.99822815815242,2.58317608955558,0.202147985663342,-4.34375185898732,4.71779560796151,-2.55702818470827,-9.24684062192331,3.55702366452082,-2075000,2110000,-120.651806753046,39.5749805978363
341,-2.89263974886093,-8.72334982532374,2.45745835076317,0.160793054816054,-4.20905283312985,4.46609192871293,-2.46989257883207,-8.91676447407546,3.40535828217244,-1975000,2110000,-119.51279218513,39.7987035291027
342,-2.78947862283105,-8.3614204999917,2.36963834826684,0.104940932276206,-4.07872921901392,4.23167617637247,-2.33314734600246,-8.47437467532236,3.33133048037893,-1875000,2110000,-118.366840144988,40.012046616231
343,-2.63777316983686,-7.94951232907111,2.29602771693703,0.033284014836998,-3.96607871886795,4.00053237613595,-2.10687096454231,-8.01387344477625,3.34103523268445,-1775000,2110000,-117.214222868428,40.2149158315049
344,-2.43927448887767,-7.44712749878442,2.27902514551077,-0.0778578368412049,-3.93736226690249,3.70276231584623,-1.77286057468839,-7.42281079066768,3.50523404621236,-1675000,2110000,-116.055222960757,40.4072198239495
345,-2.23141642028203,-6.98735757023332,2.29746801480852,-0.217746832347254,-3.90330588762929,3.35481102530441,-1.29750505495913,-6.6006922936769,3.74286198637738,-1575000,2110000,-114.890134705471,40.5888730639049
346,-2.0620008498517,-6.50196923543603,2.2445641587386,-0.396911869282778,-3.83339562794235,2.89283322486393,-0.638479687089749,-5.60412736690088,4.20260255720588,-1475000,2110000,-113.71926692808,40.7597899382393
347,-2.10012606101305,-6.12083779736688,1.78782499274234,-0.534562050075536,-3.54212803368024,2.33641847376165,0.332350601072795,-4.02420679938549,4.82220629107627,-1375000,2110000,-112.542930205307,40.9198908281501
348,-2.74355775037943,-5.47663263090436,-0.410840860960535,-0.608533792641437,-1.47804978568265,0.108687106045359,1.86500863168626,-0.336212541365478,4.55612053314909,-1275000,2110000,-111.36144948593,41.06909979067
349,-3.00734412315688,-5.99982136694298,-0.476260011510443,-0.524584214362568,-1.38904430344333,0.217938124417564,-0.038647748588881,-3.88677976638136,3.7557499859122,-1175000,2110000,-110.175158649969,41.2073448359788
350,-2.48246882776893,-6.64478364927304,1.38032399463052,-0.136748123993951,-3.19369954260087,2.94398049509021,-0.38683759846471,-5.16850314763196,4.32374778584295,-1075000,2110000,-108.984400313954,41.3345568546214
351,-2.51529352044469,-7.18966157347728,1.81840193972824,-0.0472841235133989,-3.54151806190664,3.48211729959166,-0.705986204383655,-5.92863751044783,4.39568153479397,-975000,2110000,-107.789526802437,41.4506758964338
352,-2.72958586451192,-7.70073642787711,1.82020155753317,-0.0631227668010297,-3.81640216209468,3.70051219706421,-0.917466360121994,-6.41770701717607,4.39290050591255,-875000,2110000,-106.59089321746,41.5556414409199
353,-3.01626876745074,-8.2251138521409,1.66347264582068,-0.135019191843574,-4.02570729959595,3.75920839205914,-1.04773328512804,-6.74729464813681,4.41767138975334,-775000,2110000,-105.388866783082,41.6494033927703
354,-3.33853416708336,-8.68419741448825,1.46392337938276,-0.220745439628444,-4.23530724967751,3.78392838507432,-1.11800664231565,-6.98333212661866,4.48543559740274,-675000,2110000,-104.183816639022,41.7319112061745
355,-3.67637470469479,-9.20185672071788,1.17269961798099,-0.308299222680186,-4.42728838008925,3.75635968916376,-1.14850719850176,-7.05980434409788,4.52113939107928,-575000,2110000,-102.976127108277,41.8031169696211
356,-4.0146050230793,-9.68903742979035,0.859535179891119,-0.409020744062625,-4.61304302972913,3.70243366658366,-1.16313248347516,-7.14880878927871,4.53807882520769,-475000,2110000,-101.766174148434,41.8629927325748
357,-4.35300238557938,-10.1345570242829,0.555936118323294,-0.516711875652281,-4.78549942672224,3.60833035945448,-1.17547968334366,-7.15673740846717,4.51677468863848,-375000,2110000,-100.554346689676,41.911503280644
358,-4.68480879674841,-10.5703334749175,0.274220590137852,-0.621693615481197,-4.93743638091346,3.52939108498547,-1.18347741831509,-7.21015608869021,4.53120962864767,-275000,2110000,-99.3410346863698,41.9486254730008
359,-5.00778475626587,-11.0111355235835,-0.0483603159462606,-0.724783838110539,-5.04674516764532,3.41571934935383,-1.19477557805572,-7.17510452635165,4.54586316915821,-175000,2110000,-98.1266346638523,41.9743378408648
360,-5.31797090621333,-11.3776560587656,-0.288517663685181,-0.836737933905243,-5.13449653981787,3.30401543063092,-1.1906236134274,-7.1622746811235,4.54322745012068,-75000,2110000,-96.9115395157956,41.9886267304627
361,-5.61459988580551,-11.7244777633246,-0.539391452259637,-0.945236379071059,-5.29659979385376,3.19085355476725,-1.20662305379971,-7.19637125040865,4.52724401289819,25000,2110000,-95.6961446528039,41.991486078231
362,-5.8852535197898,-12.0741643696595,-0.754169140180835,-1.05639382418539,-5.39857859976219,3.05020570646791,-1.23847575040793,-7.23801120545276,4.49246800599137,125000,2110000,-94.4808485830904,41.9829135492977
363,-6.11403837248625,-12.2620833305482,-0.898876513073144,-1.16150458237253,-5.5144229944066,2.91747715389843,-1.30504278703321,-7.28413454181769,4.40960973382056,225000,2110000,-93.266052908834,41.9629091532816
364,-6.29072824600557,-12.4877333253435,-0.957748132744007,-1.2676536780338,-5.62138836946488,2.82749935738159,-1.43578770960722,-7.41750617314076,4.22568416173259,325000,2110000,-92.0521452789278,41.9314906325088
365,-6.39825250763407,-12.5692781544437,-0.980591683693112,-1.35122735566269,-5.72720955425587,2.71033071933041,-1.6071909279873,-7.633990611994,4.0523045850154,425000,2110000,-90.839526788387,41.8886696516792
366,-6.44637718465383,-12.6076126587133,-0.989499346986369,-1.38832722147714,-5.78141620310571,2.69199548673497,-1.79859815360573,-7.8342618405872,3.86393496362555,525000,2110000,-89.6285889024042,41.8344717157659
367,-6.43313332117452,-12.5341725890011,-0.990743699071159,-1.38035550845712,-5.76385049338773,2.71861389766752,-1.98245158642936,-8.05386333866521,3.7017094327438,625000,2110000,-88.4197175457727,41.7689244091229
368,-6.38800485999718,-12.4618270048748,-0.990567108252421,-1.32219719171996,-5.72622596233801,2.80328880438664,-2.14145102702634,-8.34154096289762,3.58607942591289,725000,2110000,-87.2133024335968,41.692060123963
369,-6.30617323543889,-12.3731250766174,-0.980504732112568,-1.25683485255224,-5.65479284886915,2.88146880053174,-2.2520457835341,-8.51492731307307,3.49888328386919,825000,2110000,-86.0097184343607,41.6039223021239
370,-6.21294139701713,-12.3065239247425,-0.970235586774164,-1.20076305257322,-5.64906287730153,3.00110880155122,-2.31132883668913,-8.63068721002611,3.52118514070076,925000,2110000,-84.8093409789062,41.5045530421012
371,-6.0862188079608,-12.1553432310696,-0.937843589808951,-1.17987445699382,-5.64995613687255,3.05959717641288,-2.30831162290987,-8.69268377184067,3.57592181865317,1025000,2110000,-83.6125428482249,41.3940018941463
372,-5.92955760273434,-11.9855109590553,-0.848929999771214,-1.21396897284314,-5.7233817210377,3.07239811675238,-2.24316296070076,-8.67546633393766,3.76066517436483,1125000,2110000,-82.4196830369011,41.2723284259948
373,-5.74018863854854,-11.8420768139329,-0.658290456300345,-1.31385016922151,-5.89527748074113,3.01326421331495,-2.10446463219278,-8.64398095903263,4.02497481867689,1225000,2110000,-81.2311182419823,41.1395912895322
374,-5.56056735550968,-11.5798803471494,-0.552510835205423,-1.41620607547306,-5.97817876794797,2.82368838952631,-1.97327784396537,-8.48312214345748,4.16497806066149,1325000,2110000,-80.047189593144,40.9958571056395
375,-5.38045490464063,-11.3081645403358,-0.479745466839738,-1.4935076634058,-6.01972397482334,2.68382680222859,-1.87115329247779,-8.3538963426212,4.25945466637013,1425000,2110000,-78.8682390611401,40.8411933649345
376,-5.17948821336004,-10.9654742269839,-0.393792141308025,-1.52527110031239,-6.00441326831045,2.54602182537578,-1.79099679297071,-8.18735407266153,4.25907841783531,1525000,2110000,-77.6945959284787,40.6756770333937
377,-4.92348502504725,-10.6314483070913,-0.148148284118412,-1.52830474033998,-5.97668427854176,2.52808342798028,-1.75571436555916,-8.12051308179103,4.29797348321651,1625000,2110000,-76.5265788372098,40.499384451219
378,-4.59984899813381,-10.3233063874353,0.222476006086378,-1.50529849810304,-5.93193802786185,2.61842111327283,-1.7648342426161,-8.22271847830189,4.39062153689316,1725000,2110000,-75.3644980606552,40.3123952820703
379,-4.34287934729432,-10.4432181849414,0.826056941317125,-1.48174249434802,-6.22645094089413,2.93318970598283,-1.77937488315369,-8.67741723069942,4.76189348357362,1825000,2110000,-74.2086542262029,40.114797506282
380,-2.96406403807027,-10.3281211992214,3.83823152499272,0.234996626090136,-5.54668011256192,5.92051460545901,-2.51202169916623,-10.8597608311994,5.13966379843625,-2375000,2010000,-123.690575175088,37.9883530050156
381,-2.94873807725099,-9.67010880876968,3.25093041492493,0.204684038265015,-4.9891397158597,5.31297223158406,-2.46429131739637,-10.052961539541,4.41154114860905,-2275000,2010000,-122.585745468367,38.239691350883
382,-2.92242959668688,-9.28062509030477,2.92838743026326,0.172248561573165,-4.72678722911946,4.9708625967306,-2.40251632556508,-9.47015280548262,4.09433293555159,-2175000,2010000,-121.47348888451,38.4810169528956
383,-2.8885769521221,-8.96115710979988,2.72395493380351,0.138046857067553,-4.51794930986693,4.69947062178471,-2.32117777703841,-9.09075731329217,3.9045416127391,-2075000,2010000,-120.354038648524,38.712245495553
384,-2.83687078318873,-8.6922927080635,2.56480309207294,0.0941195392032839,-4.37555004951605,4.46769393348651,-2.21219272090653,-8.70349959513579,3.76696159380772,-1975000,2010000,-119.227631525795,38.9332683676049
385,-2.75469151895125,-8.41727038956422,2.49076822589167,0.0383804951071023,-4.26643549077911,4.23127438685582,-2.06393166925669,-8.28311518124937,3.72050833030119,-1875000,2010000,-118.094522470213,39.1440086195691
386,-2.63995317684697,-8.07719719118776,2.40558103490733,-0.0241116376800887,-4.13489383650777,4.04527257279503,-1.84885749194268,-7.8467855163209,3.75773847144821,-1775000,2010000,-116.954982492597,39.3443817106297
387,-2.50383775096718,-7.68740690288642,2.38330780479083,-0.102425026519077,-4.07978712039643,3.78351122628748,-1.53605805777997,-7.30302087483076,3.90232741704116,-1675000,2010000,-115.809282161801,39.5342958913394
388,-2.36786024892821,-7.33888496782928,2.31468695987384,-0.186110175221507,-4.00208974901503,3.53170507416729,-1.11460842307799,-6.61452522832103,4.13578218298598,-1575000,2010000,-114.657709939626,39.7136684469224
389,-2.2488462860057,-6.92162653314423,2.22442268200912,-0.278381697048202,-3.86158529134877,3.1856987880065,-0.566273608281099,-5.71970285933955,4.48873043575373,-1475000,2010000,-113.500564444049,39.8824215502567
390,-2.16026768188898,-6.44490397282962,1.92389482081151,-0.328511395072151,-3.50120795045936,2.74908569251502,0.147263274923049,-4.46660323319407,4.85531404266254,-1375000,2010000,-112.338143945367,40.0404788793236
391,-1.89305741592554,-5.01086408896852,1.05231109628493,-0.268714120679176,-1.43780313755368,0.939227119518172,1.03964887333884,-2.11544450410083,4.31293317442407,-1275000,2010000,-111.170764411934,40.18776930806
392,-2.45759724208721,-6.07019948586189,0.545569012083496,0.162352700932363,-1.48196985904159,2.3596968243465,0.326553436622991,-4.13974485830455,4.86972493900849,-1175000,2010000,-109.998749984575,40.3242257181423
393,-2.59815494516636,-7.03569536901487,1.45248089266511,-0.0481547512554676,-3.27919410726771,3.21940752202751,-0.258815191916228,-5.32072928609273,4.72960753056107,-1075000,2010000,-108.822429612141,40.4497773098035
394,-2.73847716943029,-7.52844327068101,1.65788687209609,-0.101833544340264,-3.71036947377634,3.50520596902047,-0.611439663717982,-5.96538380456722,4.60864955567452,-975000,2010000,-107.642143820197,40.5643699474026
395,-2.92948932177241,-7.99003195440842,1.65533105686614,-0.142839785191851,-3.94952658612372,3.69204845135329,-0.83530358240224,-6.44890291868629,4.56903910942603,-875000,2010000,-106.458235640887,40.6679518955742
396,-3.16634011668825,-8.40269179469169,1.57582290779781,-0.212621136168632,-4.15375266124195,3.72188370380452,-0.972849295286722,-6.74125516361673,4.61907146752667,-775000,2010000,-105.271059236609,40.7604693298299
397,-3.44680083271512,-8.88932390392014,1.35274065593162,-0.281586907184308,-4.34570695803555,3.76486867749532,-1.0524398728705,-6.95792370174357,4.61057330496316,-675000,2010000,-104.08097448227,40.8418772253529
398,-3.73141292872895,-9.32855409762008,1.15247801296628,-0.348169512205029,-4.53171056418835,3.75066848476575,-1.09731484710445,-7.04278162061253,4.62746653112491,-575000,2010000,-102.888343292226,40.9121347144876
399,-4.02734977787151,-9.76814190802166,0.909558111720513,-0.445569923347923,-4.73210306230886,3.67218066194119,-1.13201480562288,-7.15602685789381,4.64748608411458,-475000,2010000,-101.693534863631,40.9712072746865
400,-4.33189167281147,-10.1292096998269,0.626619242435695,-0.541957132651102,-4.88332074727323,3.61114325329311,-1.14932934766198,-7.20151608207894,4.69866419771013,-375000,2010000,-100.496920670694,41.0190657809495
401,-4.62681312228476,-10.5641084864187,0.3471193380966,-0.637767000257923,-4.98320405244185,3.5282249994404,-1.17323783302492,-7.26573692949526,4.6347111379557,-275000,2010000,-99.2988801756839,41.0556868237843
402,-4.90486625031818,-10.9120233543513,0.117504737383257,-0.730353997125667,-5.10699121317257,3.47587572565448,-1.19109464739128,-7.23227439492069,4.66196228209459,-175000,2010000,-98.0997890019451,41.0810524766069
403,-5.17361215571017,-11.2493577512886,-0.135710160769468,-0.826714956752566,-5.21362395811794,3.36358359862617,-1.21475419146049,-7.29514021719342,4.57477727659393,-75000,2010000,-96.900029261422,41.0951476604923
404,-5.43992230596847,-11.6039037069049,-0.342066302295893,-0.93056700514091,-5.32497202793169,3.25429074719288,-1.24547747836074,-7.3692904404342,4.54265852214614,25000,2010000,-95.6999824523253,41.0979674220134
405,-5.67709040993937,-11.8624141266457,-0.511235200730508,-1.01812258213596,-5.41683573211408,3.17493744008178,-1.28160550678635,-7.40126241404175,4.57128266757461,125000,2010000,-94.5000225027118,41.0895118518794
406,-5.87885294059185,-12.109012221532,-0.713872403710368,-1.1138500203607,-5.54944918113138,3.04627854660467,-1.35793656831422,-7.48852438081868,4.52272004201372,225000,2010000,-93.3005547598557,41.0697780913334
407,-6.02586983075436,-12.2391417941411,-0.835756647859941,-1.20378577810876,-5.64258556613122,3.00845335340966,-1.46303937882232,-7.62704133069695,4.42591775584187,325000,2010000,-92.1019394546199,41.0387822324557
408,-6.12599175440959,-12.360730514084,-0.907755509590222,-1.26309717163742,-5.70135241652713,2.92079008872958,-1.60283977856813,-7.81836335966833,4.23571670735587,425000,2010000,-90.9045686463151,40.9965395761819
409,-6.17431376810224,-12.4346114677728,-0.91555088791542,-1.29097359855981,-5.76648769564257,2.90021824920939,-1.74418799973695,-7.98493982646623,4.08881285083128,525000,2010000,-89.7088101887789,40.9430683142658
410,-6.18532553827794,-12.395995022014,-0.921242731536253,-1.29762873681694,-5.79634348302918,2.8955376144979,-1.88754251698247,-8.15150294017064,3.99100744566068,625000,2010000,-88.5150437818865,40.8783975984254
411,-6.15882651526618,-12.3836377948533,-0.929438554584572,-1.26940606416418,-5.77798210224806,2.94533765790471,-2.01330227286905,-8.32262111797287,3.87941236963673,725000,2010000,-87.323639297194,40.8025615909423
412,-6.10464678781839,-12.3041808024261,-0.922552677854057,-1.24084747283383,-5.73277905857518,3.00249018529966,-2.08740353173046,-8.41520750066333,3.80683543824111,825000,2010000,-86.134963841458,40.7155940766201
413,-6.0383669422738,-12.1977561770477,-0.895668258813902,-1.21628116698169,-5.72974673831357,3.042945756584,-2.13550011153524,-8.50949608313429,3.78462128243456,925000,2010000,-84.9493777694851,40.6175391591221
414,-5.93681279896924,-12.1154069000084,-0.83626874123327,-1.21937614243919,-5.80223624270442,3.08113830382855,-2.12292503679638,-8.56021784940197,3.83079326596909,1025000,2010000,-83.7672382885002,40.5084429773383
415,-5.80855531507023,-11.9437445568078,-0.713802577611005,-1.2482866066658,-5.82561129087852,3.04815085014056,-2.09884438440634,-8.58433088613671,3.93185077268832,1125000,2010000,-82.5888945111626,40.3883613812353
416,-5.66110390350543,-11.7732446051571,-0.564715777305567,-1.30825265648286,-5.90271705773942,3.00945076990653,-2.02674095586443,-8.55751923015966,4.07509103842252,1225000,2010000,-81.4146844466061,40.2573492311621
417,-5.51093510145692,-11.61894978949,-0.455300201827299,-1.37824397647817,-5.97685228892987,2.89849032398513,-1.9456750656862,-8.49897873666393,4.24913501785514,1325000,2010000,-80.2449461441666,40.1154701580989
418,-5.35652702171363,-11.423120307167,-0.331817151867162,-1.43301966462787,-6.0373115181903,2.82417610682929,-1.8696875558187,-8.44777422860673,4.3371010508946,1425000,2010000,-79.0800084521777,39.9627891903775
419,-5.18668572048312,-11.2138614424276,-0.210512042235532,-1.45804136192429,-6.07290482889305,2.80194109374025,-1.80535642379078,-8.38556785117394,4.45676316581091,1525000,2010000,-77.9201832427106,39.7993758387588
420,-5.00922731006052,-11.0413798315323,-0.00421207534096567,-1.47182520574922,-6.12425683641894,2.83359365087132,-1.7806604656327,-8.4633789303613,4.5712688083303,1625000,2010000,-76.7657864466883,39.6253048987876
421,-4.82307281751822,-10.9901757395089,0.331841509668666,-1.47381200268396,-6.21929602044211,2.94430846310148,-1.76650624824818,-8.61742123566149,4.77709599686998,1725000,2010000,-75.6171147550378,39.4406542768368
422,-4.69333072659949,-11.2976923957441,0.950390938378285,-1.46767256684016,-6.591915338423,3.33498214018678,-1.76983497223975,-9.11479080273419,5.31886429991777,1825000,2010000,-74.4744641371131,39.2455035256483
423,-2.93029760467396,-10.8263780161583,4.4391916597221,0.195268676318942,-6.01330759205687,6.2918411313698,-2.40403419644574,-11.347341015301,5.85334660370752,-2375000,1910000,-123.364139802869,37.133237709461
424,-2.90066477568178,-9.70889164334071,3.39651417000273,0.158310743466598,-5.16312885382203,5.36288272248173,-2.30495522632207,-9.95843294614152,4.7424055089853,-2275000,1910000,-122.270940439918,37.3817316655807
425,-2.87516403573993,-9.2931043416363,3.07931582366927,0.123174944501979,-4.88431042047569,5.02402671712094,-2.22652394925968,-9.41620795637624,4.43546330388537,-2175000,1910000,-121.170556370058,37.6202990460882
426,-2.84023706332816,-8.99368605162495,2.87325305722787,0.0921165541499782,-4.65282761334936,4.75921920381597,-2.13987362433624,-8.99227053566487,4.26483013195257,-2075000,1910000,-120.063216515436,37.8488565238208
427,-2.80712820805754,-8.76618808631184,2.71441440962121,0.0565562381051501,-4.49841370322254,4.49974652370439,-2.02320004663754,-8.61792314859018,4.13514551177274,-1975000,1910000,-118.949164906707,38.0672969781992
428,-2.74390564200023,-8.50114222902475,2.5883578328639,0.0108451932704622,-4.38219226323665,4.29106858767004,-1.86912499620043,-8.20240915885755,4.11628161453588,-1875000,1910000,-117.828634808273,38.2755478091655
429,-2.66483653357748,-8.20330895940228,2.49963842573229,-0.0489909181063969,-4.29167555598907,4.11601554024825,-1.67660803501178,-7.75952343335458,4.13297877871053,-1775000,1910000,-116.701898442097,38.4735261614019
430,-2.58590183006452,-7.92204156849717,2.41593522890399,-0.108723184511521,-4.20978656118195,3.93165437499699,-1.40534835233971,-7.33701948874939,4.2265868477295,-1675000,1910000,-115.569216507636,38.6611511293628
431,-2.50217439391214,-7.66301273025006,2.31824997675252,-0.163043173017406,-4.10109237828071,3.70358741554287,-1.06512777079383,-6.74361625921961,4.42600723537172,-1575000,1910000,-114.430864334256,38.8383413992471
432,-2.42907737166485,-7.37716616007565,2.2111151208402,-0.213945412839784,-3.97097148712949,3.45176020470764,-0.666750749404236,-6.06952640783507,4.67140848781127,-1475000,1910000,-113.287134549627,39.0050231809484
433,-2.38819539112598,-7.06973275024908,2.02423974905045,-0.226839475564033,-3.74394113825567,3.24572777890447,-0.244448504077457,-5.39562743757921,4.87806950291598,-1375000,1910000,-112.138316914213,39.1611262238652
434,-2.36121630692271,-6.77220100243591,1.79509507693572,-0.179312556731348,-3.39314329374725,3.02082358332998,0.0784765377714244,-4.76691229600185,4.9808700730025,-1275000,1910000,-110.984716291787,39.3065802889194
435,-2.55503343448729,-7.0369979209928,1.60529694646544,-0.0725905283929455,-3.3526730763742,3.22368114031917,-0.10326700624438,-5.18943766547601,4.97986553189551,-1175000,1910000,-109.826648326472,39.4413270905346
436,-2.71664225029883,-7.47088101647707,1.62147917062553,-0.123353936568947,-3.68984215971004,3.44533496240913,-0.38748920260184,-5.68193925863246,4.86361256087399,-1075000,1910000,-108.664425877166,39.5652914364816
437,-2.89082229450202,-7.88291104226001,1.66715755825278,-0.164484888446861,-3.96765810370622,3.59916757041126,-0.633679555303192,-6.13417083963399,4.77990652598921,-975000,1910000,-107.498379620196,39.6784269898166
438,-3.07339873563049,-8.27712008055541,1.62961895332167,-0.211653384886932,-4.16893609417321,3.67166482247238,-0.809751611236273,-6.54315639058836,4.73344227857613,-875000,1910000,-106.328849223869,39.7806861639027
439,-3.29127064363859,-8.66363164440516,1.48276845439762,-0.267531493249545,-4.30153349325975,3.71289788694376,-0.936934313031283,-6.73580123616412,4.75189466762073,-775000,1910000,-105.156164121953,39.8720145010301
440,-3.5375292061464,-9.06720491124831,1.35522585802537,-0.326460450606717,-4.48611889456008,3.73072490481313,-1.01750574009277,-7.00426194723499,4.75306602083353,-675000,1910000,-103.980677204383,39.9523738001415
441,-3.77243885601275,-9.46819499136858,1.16511479420122,-0.390577030035626,-4.62609983762688,3.71687986854484,-1.07393266645508,-7.12829735859645,4.73680193892756,-575000,1910000,-102.802738668306,40.0217208316808
442,-4.04029577219927,-9.83995536592731,0.942458577920766,-0.474730011569791,-4.79440361750325,3.681203441501,-1.12162565608369,-7.22387075986355,4.75593616143456,-475000,1910000,-101.622700582812,40.0800264655784
443,-4.31515799639043,-10.1994028746257,0.727184291879402,-0.565286952654266,-4.92559565741567,3.64458814034019,-1.15056301681239,-7.26075537822898,4.75711372409325,-375000,1910000,-100.440924837769,40.1272612847441
444,-4.58214862537766,-10.5353135321089,0.481086561004175,-0.659723953592586,-5.07707603160884,3.58830015919923,-1.16790623646657,-7.30450868876625,4.77658849313313,-275000,1910000,-99.2577747951668,40.1634055044929
445,-4.83161832467504,-10.899282715614,0.220969425338974,-0.74097134524542,-5.18495844094556,3.51540363799287,-1.19147770383719,-7.35130052951258,4.72825377984954,-175000,1910000,-98.0736130638335,40.1884389212326
446,-5.06143237774515,-11.1481117974271,0.037734207526723,-0.825742517168618,-5.27484566295225,3.43439063032528,-1.22270924165185,-7.41517457465567,4.63192077287225,-75000,1910000,-96.8888070694395,40.2023503597627
447,-5.28495661278868,-11.4821389620956,-0.12828451797526,-0.903646659427545,-5.36086650555545,3.35162170143069,-1.26175577269732,-7.48148168205594,4.64723454128794,25000,1910000,-95.7037246441612,40.2051329417067
448,-5.49643023428621,-11.6946247760446,-0.329585923397901,-0.975955913747196,-5.42071950705223,3.29820968853443,-1.31855275336184,-7.57144406147993,4.63535746781988,125000,1910000,-94.5187325079532,40.1967870721733
449,-5.67684236399295,-11.9597255881019,-0.503982844579456,-1.06292588501918,-5.51171425761261,3.1999350263821,-1.38426082395237,-7.67641413537299,4.62381997459254,225000,1910000,-93.3342014057342,40.1773131918377
450,-5.81114197600835,-12.0937277767646,-0.640133548892373,-1.13312287364095,-5.64098273818786,3.136334630522,-1.48195403089203,-7.82449155897024,4.49742192250374,325000,1910000,-92.1504974387415,40.1467208385896
451,-5.90267758369492,-12.2195020690049,-0.720485893686527,-1.19438731226719,-5.69484044784902,3.04745720526994,-1.58516648265589,-7.93295411967306,4.38715757822894,425000,1910000,-90.9679923341251,40.1050265786383
452,-5.95636369411305,-12.2261566447165,-0.75656985969627,-1.21678770847712,-5.74274825752736,3.02194873143985,-1.70111476842184,-8.0550934864939,4.3342243146251,525000,1910000,-89.787043447119,40.0522523996091
453,-5.97254266252722,-12.2616321500204,-0.770408782798185,-1.22972335234096,-5.80035505892359,3.04830316325614,-1.81072667111882,-8.20433587011196,4.18350331260975,625000,1910000,-88.6080093209986,39.9884213180666
454,-5.96551601229065,-12.2387754929526,-0.767544125483165,-1.2268390197592,-5.82301724126308,3.0551929378773,-1.90651480753794,-8.35150460532028,4.10090287941829,725000,1910000,-87.431250321447,39.913563387544
455,-5.94136645644903,-12.2162797954471,-0.770369197863172,-1.21446960690517,-5.81963357784552,3.11250380593953,-1.96545300145429,-8.42361545913278,4.09307997492814,825000,1910000,-86.2571201639262,39.8277180118406
456,-5.88438276083303,-12.1510889519325,-0.720862051409877,-1.2111081548364,-5.84688121772445,3.14281258943824,-2.00118314539349,-8.49372495084672,4.07825151204281,925000,1910000,-85.0859688685511,39.7309164528084
457,-5.81132734180718,-12.0603565072827,-0.656049823751625,-1.21733008463617,-5.90664223235593,3.16183952438189,-1.99748258192979,-8.50337577380749,4.09945019797923,1025000,1910000,-83.9181388324194,39.6232115518933
458,-5.71243443015195,-11.921068276986,-0.547380569099547,-1.24305827214972,-5.89468921625808,3.14263007040046,-1.98851158428444,-8.53389727511082,4.17148478078018,1125000,1910000,-82.7539664461255,39.5046515597834
459,-5.59786739637241,-11.8060184376265,-0.421184568745504,-1.29095361024141,-5.95969104242169,3.13376107729673,-1.94799890678939,-8.56458269134072,4.29660934315811,1225000,1910000,-81.5937793077488,39.3752901198459
460,-5.47340156579641,-11.6907385841506,-0.274542505441761,-1.3347038433965,-6.001595670749,3.03899631138421,-1.90387018483383,-8.53059310246036,4.3989891467408,1325000,1910000,-80.4379043381719,39.2351846493327
461,-5.34780883468305,-11.5480153049427,-0.191017449576039,-1.38019659025926,-6.05247270336124,2.99739855457301,-1.8536883014752,-8.5662192428771,4.55691683338938,1425000,1910000,-79.2866582266095,39.084399215757
462,-5.21800516827804,-11.4347857588727,-0.0376611763149487,-1.41385469876846,-6.15195045984475,2.97701329304448,-1.81267249870983,-8.6285152611792,4.67107432836674,1525000,1910000,-78.1403458907661,38.9229990413948
463,-5.09810721162459,-11.3588642435745,0.163577845806341,-1.43213399971588,-6.27581114893817,3.06585545933478,-1.7919986360967,-8.71400315182976,4.82884496991372,1625000,1910000,-76.9992644478365,38.751053696057
464,-4.97560604264311,-11.4402321881895,0.509726686636088,-1.44456097162489,-6.44189548643054,3.23101280871903,-1.77642557466133,-8.9241133315551,5.07438098029738,1725000,1910000,-75.8637108585641,38.568638201777
465,-4.90449030085123,-11.8277464360601,1.01324002853033,-1.44430633711885,-6.82774794626595,3.66270579955579,-1.77736286404591,-9.43947833135168,5.68575370754504,1825000,1910000,-74.7339714696923,38.3758256984646
466,-2.86322623523464,-10.0359191733322,3.80868940881044,0.0979118070857592,-5.52105002075295,5.62208515144372,-2.12568533057684,-10.1826598955221,5.34598120756104,-2275000,1810000,-121.963316797246,36.5227297641207
467,-2.83900134279067,-9.38587448974161,3.26933962403037,0.0670943352478744,-5.07706574677978,5.0667554014392,-2.0551355597148,-9.3795208514863,4.74661565916653,-2175000,1810000,-120.874579671004,36.7586500509818
468,-2.81530485396163,-9.07669275944407,2.97863663541018,0.0487147135369084,-4.80117790994859,4.79922405072601,-1.97271428957879,-8.90435649900577,4.53708822855285,-2075000,1810000,-119.779122344335,36.9846443508705
469,-2.79074482690537,-8.8245391252043,2.80882751620279,0.0218316320564209,-4.62257202331844,4.6013102755486,-1.86754734038095,-8.5550044041813,4.41662938289912,-1975000,1810000,-118.677173928102,37.2006086078164
470,-2.75627098936291,-8.6072446729353,2.65957697337393,-0.0128574191156106,-4.49677518161872,4.40531540690158,-1.73792402792196,-8.22322835218831,4.39991260213173,-1875000,1810000,-117.568969347457,37.4064704640047
471,-2.7120787512589,-8.37602567416444,2.54646873429708,-0.059338951456051,-4.43546818318988,4.21825842138639,-1.55737804383106,-7.7756133577344,4.41235484734493,-1775000,1810000,-116.454763068425,37.602159059994
472,-2.66799501111369,-8.20075686459618,2.44378688755551,-0.10872322016966,-4.34598971781917,4.06306257242713,-1.33251052265795,-7.40337412639949,4.49468085011477,-1675000,1810000,-115.334821629858,37.7875907063225
473,-2.61625103257404,-8.00232456750657,2.37581688635382,-0.148465299717218,-4.24718728702712,3.88058225747289,-1.07996640360655,-6.94682477367745,4.62840012669132,-1575000,1810000,-114.209402997868,37.9626925335056
474,-2.58978288854307,-7.77239096424499,2.24509239162586,-0.175265730695677,-4.1614109492048,3.69245179929001,-0.80748935918736,-6.49910709163416,4.76318677817382,-1475000,1810000,-113.078793489228,38.1273911027606
475,-2.57932228867883,-7.6407951736375,2.10681782065896,-0.190884203214813,-4.00148626354975,3.58095936661152,-0.554814751581343,-6.09519899166501,4.88762971403597,-1375000,1810000,-111.943272280348,38.281622014064
476,-2.61199556524063,-7.53653829344844,1.97284047774553,-0.178418862820945,-3.88272398833718,3.49084570687892,-0.39352157676139,-5.83429500793047,4.98798091412815,-1275000,1810000,-110.803140045422,38.4253197327179
477,-2.72112024960993,-7.64971196434277,1.83005327396544,-0.15669825454334,-3.8888211788649,3.57599842865969,-0.440337719212649,-5.94398279259649,4.93233764974828,-1175000,1810000,-109.658693064788,38.558423728445
478,-2.87159067073091,-7.90686074176218,1.72290434873095,-0.179230401080452,-4.01841384970544,3.64723789119771,-0.566640635917589,-6.17347515229684,4.9274097068303,-1075000,1810000,-108.510246384219,38.6808734741312
479,-3.03277127678928,-8.24093953114358,1.69443844197787,-0.215921527146806,-4.13779824931846,3.69886441708315,-0.71440668874309,-6.41663116717429,4.86637575720244,-975000,1810000,-107.358107471698,38.7926179451893
480,-3.2017598807237,-8.53915347773588,1.59815466098911,-0.262060946173709,-4.32939375096292,3.72215836519136,-0.835202442285347,-6.65702820279922,4.83766958979899,-875000,1810000,-106.202606631269,38.8936110471824
481,-3.39604593276346,-8.8992369689781,1.46125187610663,-0.312092313563137,-4.44497010927874,3.76150053252536,-0.934865969221567,-6.87715775479631,4.86285902593896,-775000,1810000,-105.044072025927,38.9838054906408
482,-3.61137731042684,-9.24990676841268,1.34403144719264,-0.372134761189763,-4.61044159120017,3.74901518450468,-1.00449944125618,-7.08127407012226,4.81918474780112,-675000,1810000,-103.882833972763,39.063159676498
483,-3.82628344558886,-9.54884394822619,1.18109668996228,-0.428618377011592,-4.7354662819673,3.72731850650802,-1.06152385101372,-7.15615161095641,4.84769985870572,-575000,1810000,-102.719230463248,39.1316384707988
484,-4.06005948892909,-9.87372778122733,0.982118816650936,-0.501745967897508,-4.89097582879748,3.70721122614844,-1.11615236322219,-7.27399132379615,4.79525366695414,-475000,1810000,-101.553605201575,39.1892102475581
485,-4.30155855477581,-10.2201069295902,0.77214093727154,-0.578923383583664,-5.03908807655448,3.68866432063365,-1.14336819118324,-7.32953560390077,4.88013985965645,-375000,1810000,-100.386305270081,39.2358501161527
486,-4.54015431644548,-10.5767148822733,0.563597306205583,-0.667813604804498,-5.10675112142555,3.64147257246007,-1.1623872251028,-7.40216299171421,4.81944671343346,-275000,1810000,-99.2176799101368,39.2715368784843
487,-4.7668785410165,-10.8448894092507,0.348144689770794,-0.743158578650582,-5.24197744362722,3.57781492057854,-1.19906962353446,-7.44960718963811,4.76494856869404,-175000,1810000,-98.0480803590827,39.2962534340166
488,-4.9713529430701,-11.1278921535817,0.177203060971487,-0.820372822165813,-5.33966538224403,3.52150963079513,-1.23240716155204,-7.48079054333678,4.76958701482692,-75000,1810000,-96.8778602753395,39.3099892385922
489,-5.16626067552042,-11.4044277651971,0.0259265672275658,-0.887163927939127,-5.40254203147755,3.4354320761731,-1.26865063509774,-7.54843134804892,4.73647527004832,25000,1810000,-95.7073739921315,39.312736656183
490,-5.34334043893548,-11.6023190562468,-0.149127400474199,-0.954799094079657,-5.46159030980551,3.39286965569649,-1.32646341915,-7.66883395383364,4.69671575540736,125000,1810000,-94.536975812285,39.3044948614665
491,-5.49848762267576,-11.7893066472289,-0.290044587852726,-1.02488022060413,-5.57977550454772,3.32749446352012,-1.3984948146649,-7.76015490292585,4.64640206709657,225000,1810000,-93.367019578954,39.2852677919423
492,-5.6250761001417,-11.9703106455,-0.398730803033425,-1.07955760225282,-5.64929351918293,3.27421651282411,-1.48312075277832,-7.86556144493386,4.56631103513337,325000,1810000,-92.1978615363494,39.2550630413775
493,-5.70754250347398,-12.0464230866635,-0.467419819857971,-1.13062976520945,-5.70865511758228,3.19473871882656,-1.57596217932366,-7.99941428605319,4.48138724825815,425000,1810000,-91.0298572592328,39.2138964848205
494,-5.75965394993185,-12.0829550933768,-0.518351226813077,-1.16361029796582,-5.74834963527127,3.14542813467171,-1.6542300253391,-8.1232126712971,4.41019136335976,525000,1810000,-89.8633544742128,39.1617860665734
495,-5.79041675589941,-12.1423039247003,-0.55493473326282,-1.17466095732785,-5.80030942811331,3.13662262759321,-1.74507016953547,-8.2675947513518,4.36035926344225,625000,1810000,-88.6986950427581,39.0987594942317
496,-5.80001660076266,-12.1661039507748,-0.560499280749118,-1.18289811063538,-5.82895774854792,3.15161906449322,-1.80967709900112,-8.32345564751985,4.31160950613683,725000,1810000,-87.5362327291951,39.0248355889654
497,-5.78786811374551,-12.1723915583859,-0.501536064828875,-1.18199686527082,-5.85363946679466,3.19803504080756,-1.86208914324188,-8.39109182898617,4.30352054911655,825000,1810000,-86.3763011353176,38.9400578804009
498,-5.75595981588593,-12.1012001622171,-0.496018981390257,-1.19079847341082,-5.9167022966963,3.23990340483621,-1.89443851233357,-8.48085930630723,4.332008528439,925000,1810000,-85.2192398083647,38.844460273732
499,-5.70411415048186,-12.0364598523319,-0.453052366752196,-1.21061491763589,-5.96689852250645,3.25239197662146,-1.90801213514994,-8.53089769933376,4.32825683397937,1025000,1810000,-84.0653801095545,38.738083711298
500,-5.63232653127766,-12.0147004398375,-0.384624653002196,-1.23655018252021,-5.99154215894926,3.2334237739096,-1.89976926373952,-8.56146502013022,4.36605175448278,1125000,1810000,-82.9150496017059,38.6209788255593
501,-5.5396233165515,-11.8852574469981,-0.248022798122433,-1.2739428605873,-6.04956802822867,3.22199853649224,-1.88254649510356,-8.63011995488754,4.47281817216751,1225000,1810000,-81.7685622955321,38.4931948041475
502,-5.44999760512539,-11.8106793899752,-0.171372689793374,-1.30565203751379,-6.10167584634277,3.19669942306676,-1.84984433484171,-8.60627358979468,4.58990558678105,1325000,1810000,-80.6262337606023,38.3547878664613
503,-5.35133562519357,-11.7005682283303,-0.0601439600620795,-1.34379190734583,-6.17684893875693,3.20971308888832,-1.81464499563021,-8.63002306728649,4.7767457993022,1425000,1810000,-79.4883728759915,38.2058182537914
504,-5.24898389291535,-11.695124907025,0.102162265721324,-1.37311659447941,-6.27681156497779,3.21542421880295,-1.7997089921282,-8.7783876687942,4.85473543833761,1525000,1810000,-78.3552703640717,38.0463448601077
505,-5.16350669550369,-11.6852431210366,0.283382177432576,-1.39669207370935,-6.41059986879358,3.30351403783757,-1.78806848421569,-8.89516961143763,5.08653940055452,1625000,1810000,-77.2272208587285,37.87643549677
506,-5.09594689889201,-11.8556042711991,0.581318869141783,-1.41673840210017,-6.63093626252738,3.49831044042428,-1.77987332020004,-9.13642426703326,5.43241669180956,1725000,1810000,-76.1045034109448,37.6961609191856
507,-5.04098284042552,-12.2697381377624,1.08140251893231,-1.41803797996211,-6.99123305999355,3.90364286745459,-1.78861001857157,-9.72041802025247,5.95554463556718,1825000,1810000,-74.9873987742512,37.5055916781847
508,-2.84967731770795,-10.6107372068832,4.3934959437966,0.0640842098647296,-6.05857321831598,6.03989910743432,-2.02524988648047,-10.7384863163086,6.1060593839919,-2275000,1710000,-121.662638085093,35.6625308438152
509,-2.82130708624329,-9.48023655463438,3.45858686339353,0.0369948310982492,-5.18850512207309,5.14104821480648,-1.92955807394392,-9.4978681244991,5.05353728151172,-2175000,1710000,-120.58533287474,35.8959078141616
510,-2.80804904306389,-9.22318545533729,3.15068924824293,0.0224676731429579,-4.93847232360593,4.86392724081045,-1.84723647700911,-9.00811120126423,4.85374070413066,-2075000,1710000,-119.501521961124,36.1194344555924
511,-2.79228377440172,-8.96728420661605,2.97328655782288,-0.00795835319662181,-4.75481551347959,4.67568336281572,-1.73813499647098,-8.57123252938836,4.74313902331784,-1975000,1710000,-118.411436232228,36.3330276026651
512,-2.77579313043802,-8.75310474652717,2.78286557697126,-0.0361213220013566,-4.64016364442543,4.47840885713848,-1.62463739231322,-8.25127553668919,4.68317058523078,-1875000,1710000,-117.315303694894,36.5366063417174
513,-2.76209775774426,-8.53205127042192,2.62593175475072,-0.0728018290327695,-4.56068905843194,4.33455702280886,-1.47360900049707,-7.8833397768782,4.65498163745267,-1775000,1710000,-116.2133725082,36.7300989226248
514,-2.7383809218093,-8.40594140576804,2.54883287584552,-0.109033947824564,-4.4714636367719,4.17808741409372,-1.30264807839019,-7.5080373564621,4.68010082053393,-1675000,1710000,-115.105896338569,36.9134261328976
515,-2.71233628562381,-8.24018851634632,2.43061994054795,-0.142299397017231,-4.38100967638407,4.05062265083788,-1.11715565476344,-7.19069318193455,4.74511668233202,-1575000,1710000,-113.993137669056,37.086526449283
516,-2.72527002431652,-8.14836273192878,2.30731651476712,-0.167148756543295,-4.29674436119134,3.94274345498081,-0.925185043139682,-6.88463153985011,4.88342066894262,-1475000,1710000,-112.875360805283,37.2493280291278
517,-2.73466379040817,-8.03913870060744,2.18596963096977,-0.191864945749791,-4.27644823106028,3.81344278256977,-0.767855242768787,-6.62173089695974,4.95034479837473,-1375000,1710000,-111.752845455242,37.4017670620493
518,-2.79077080695266,-8.03540222246352,2.03701987312199,-0.20597388010996,-4.2165209123961,3.72085337754437,-0.662925259084986,-6.43540455596389,4.95839736612805,-1275000,1710000,-110.62587640612,37.5437825048112
519,-2.87876134039919,-8.1327564493954,1.93213472983016,-0.209146345755337,-4.19145336939398,3.75861544880716,-0.668240911025156,-6.47072960683217,4.98134508971312,-1175000,1710000,-109.49474479043,37.6753176673013
520,-3.01540213963272,-8.31834669826287,1.80739513226265,-0.233000664755774,-4.26808015157671,3.76523725053043,-0.734329793922246,-6.59614042664076,4.90885188782455,-1075000,1710000,-108.359753418836,37.7963175306898
521,-3.15804926972503,-8.5264773226539,1.67029209246429,-0.264863160646515,-4.38553596086892,3.79056525487353,-0.80419184489702,-6.69371130824238,4.88901231900532,-975000,1710000,-107.221201750999,37.906729199834
522,-3.30654179621108,-8.7945343655642,1.5944842011488,-0.296602662837333,-4.45578479252011,3.80088755332828,-0.889339198571205,-6.88259092198181,4.88238427785539,-875000,1710000,-106.079403702253,38.0065108227328
523,-3.4817011504832,-9.05874378284423,1.51207923424096,-0.346025670071932,-4.57061131657611,3.7758053681577,-0.960298469486111,-7.05845410121886,4.93216624755862,-775000,1710000,-104.934684147493,38.0956200471449
524,-3.67412883122503,-9.4108980023105,1.36869519309682,-0.407515874590175,-4.7329676033598,3.78277953396781,-1.02222611426771,-7.16415749572221,4.91758996818326,-675000,1710000,-103.78735330854,38.1740155516912
525,-3.87307183840999,-9.68235392429217,1.2043594084189,-0.462119829699615,-4.86671867126125,3.75465768277768,-1.06822603855828,-7.22022718580299,4.90626755833424,-575000,1710000,-102.637745435024,38.2416599587625
526,-4.08017241262285,-9.96386314648017,1.07200989645923,-0.52646662085142,-4.97536620234279,3.75235373326746,-1.11315687781961,-7.34560971283491,4.88839402919754,-475000,1710000,-101.486185949486,38.2985307288224
527,-4.29158183015797,-10.2865834284091,0.857308852240708,-0.593285401422251,-5.09844165215235,3.7277943176313,-1.14299650222557,-7.43025316809304,4.9125328806108,-375000,1710000,-100.333011826432,38.3446012177633
528,-4.50271586240312,-10.5922609176605,0.656104002556678,-0.667007629837782,-5.17029209248176,3.69916192492314,-1.17588659670638,-7.4615806707617,4.9238822146955,-275000,1710000,-99.1785602223057,38.379851189393
529,-4.70247025385364,-10.8255197725141,0.492158162078375,-0.738193943707635,-5.2405520858765,3.63424765293264,-1.20974874883635,-7.58814036436374,4.8521412720787,-175000,1710000,-98.0231689990501,38.4042651351409
530,-4.88611065715929,-11.1214692428144,0.334950470320116,-0.810009796628755,-5.33597859759826,3.58322849725623,-1.24518826566904,-7.61223710084378,4.79381368473376,-75000,1710000,-96.8671796584544,38.4178319140735
531,-5.06242090477567,-11.3341421022279,0.155204199304765,-0.865805686694629,-5.44148857306395,3.56139971918512,-1.28994472177036,-7.72057880214813,4.82618558701742,25000,1710000,-95.7109328012382,38.4205468639626
532,-5.22528377145972,-11.4963287024428,0.0233339536868977,-0.922905033570598,-5.48404179598131,3.5088989016249,-1.33740726390516,-7.78644852806255,4.77438230456664,125000,1710000,-94.5547730329334,38.4124052219911
533,-5.36081277392005,-11.6863215385205,-0.0674583293324265,-0.982874273100405,-5.61350788599363,3.43687868912463,-1.39835409993416,-7.88407445653184,4.71953905535491,225000,1710000,-93.3990396329599,38.3934131075646
534,-5.47189225430613,-11.8323965726094,-0.160683809532592,-1.03690730164832,-5.70045979845453,3.39633155367352,-1.46976495843863,-7.95417787694675,4.71646541866872,325000,1710000,-92.2440747815653,38.363578337748
535,-5.55105471433532,-11.9393629047707,-0.25689975183115,-1.08202755383841,-5.71722647477761,3.3311254160172,-1.54591567750867,-8.07972941063701,4.6192332947542,425000,1710000,-91.0902207445828,38.3229155180324
536,-5.60668382673749,-11.9937574247048,-0.305533759063561,-1.11187969197453,-5.78675212030629,3.30688514966352,-1.60964680945433,-8.14198190698894,4.54293989833153,525000,1710000,-89.937814287283,38.2714405142085
537,-5.63325967105529,-12.0212240564214,-0.316985937532931,-1.12902738371024,-5.82331366210887,3.29407700346568,-1.68532780622161,-8.28598418381229,4.49380695838635,625000,1710000,-88.7871865883385,38.2091795679962
538,-5.65546593348232,-12.0842228731431,-0.313885496406113,-1.15138361155436,-5.8944940716977,3.28082160470328,-1.7496044178742,-8.38000638273932,4.51189800083263,725000,1710000,-87.6386757528329,38.1361525051646
539,-5.66408129974143,-12.0928651536611,-0.326225386658715,-1.16532087893204,-5.95943100924654,3.29220858304477,-1.79849484376243,-8.43207561105805,4.48580209727757,825000,1710000,-86.4926073540341,38.0523977996748
540,-5.64842862230808,-12.0761802945508,-0.313185834646262,-1.1790200833248,-5.99628730375549,3.32746817324676,-1.82515713612822,-8.50134864279517,4.48034222097404,925000,1710000,-85.3493065114026,37.9579486932014
541,-5.61673627936984,-12.088147952349,-0.266718219857674,-1.19763306092052,-6.05685643081619,3.32670192681652,-1.83782762338867,-8.52970701758248,4.52574104838146,1025000,1710000,-84.2090954411049,37.8528455052283
542,-5.56512512958833,-12.0163140289373,-0.201300423796439,-1.22785615442203,-6.10186253501545,3.34322087795218,-1.83684471193111,-8.59230136464635,4.6083486238707,1125000,1710000,-83.0722855019255,37.737133194436
543,-5.48424805905889,-11.9436396278164,-0.0731733263942499,-1.25749378455111,-6.11222802624764,3.31302003681887,-1.83283347886644,-8.61223905609076,4.63932055857834,1225000,1710000,-81.9391860941472,37.6108595901945
544,-5.41989479609195,-11.9419795433581,-0.0127860383166875,-1.28104339863815,-6.16129665537038,3.2963638775759,-1.81812953133855,-8.64464390370122,4.73619280580233,1325000,1710000,-80.8100992716109,37.474078655353
545,-5.3431469107777,-11.8831705317985,0.103055036843529,-1.309774901016,-6.22621333619867,3.37483406102993,-1.79848022630741,-8.76477754831735,4.9009281161351,1425000,1710000,-79.6853184209332,37.3268448504166
546,-5.26218981864697,-11.8613300297058,0.245838742208435,-1.34482665619504,-6.3811953486304,3.42470480803094,-1.78480244224961,-8.92679275176516,5.05307055899589,1525000,1710000,-78.5651377299824,37.1692169128821
547,-5.2050430909926,-11.9713235972299,0.451768798742993,-1.37653255755234,-6.56031848401413,3.4979430122992,-1.77597504929792,-9.13126245535454,5.33447269172912,1625000,1710000,-77.4498330833081,37.0012570112371
548,-5.15683892299856,-12.1261095824334,0.715001353459582,-1.38918863335629,-6.76324025494984,3.72671150366172,-1.76677130645087,-9.38847570460678,5.67592964974305,1725000,1710000,-76.3396773005736,36.8230338616193
549,-5.13210967616649,-12.5975394994515,1.24288747331746,-1.38597519093649,-7.21362946503069,4.1494916036209,-1.77631190342796,-9.94253765608141,6.27802471828927,1825000,1710000,-75.2349523677552,36.6346159610231
550,-2.80949307512944,-9.86283692327089,3.84925363025357,0.0177810250845851,-5.47133279206457,5.43317098889101,-1.77997158635935,-9.80393370866808,5.7149979009336,-2175000,1610000,-120.302590776607,35.0319080612148
551,-2.80805293841284,-9.39051470107418,3.38984527574823,-0.00181673331586517,-5.11624395629326,4.99621370639442,-1.72715222556261,-9.11278495270695,5.20201215327984,-2075000,1610000,-119.230199494328,35.253077098854
552,-2.80272963061186,-9.15935613261133,3.09887102444627,-0.0241527920821971,-4.90028730010605,4.80391394963732,-1.64395388305183,-8.67104929921801,4.96880737047858,-1975000,1610000,-118.151738936509,35.4643909262371
553,-2.79980507177027,-8.97891611836574,2.91011333811336,-0.0536524604534915,-4.79997556914052,4.59142636738914,-1.54227264816075,-8.3102420747302,4.90045534587547,-1875000,1610000,-117.067438641068,35.6657758068516
554,-2.79681377070122,-8.7898432395869,2.7512100495572,-0.0835973357115859,-4.70489704194425,4.44707048058312,-1.43279406344974,-8.01223094195634,4.82223946347754,-1775000,1610000,-115.9775300731,35.8571589949447
555,-2.78846091620339,-8.64864059853313,2.64987385036259,-0.115054725927551,-4.59848988758642,4.32669868389767,-1.30232345268429,-7.70567519581495,4.82327196538631,-1675000,1610000,-114.882266614617,36.0384807480857
556,-2.79070960205176,-8.50485223404972,2.54279514135428,-0.143343967814155,-4.53544004685752,4.19824658226331,-1.15492219690532,-7.38464315046698,4.87090481784671,-1575000,1610000,-113.781889418405,36.209661329931
557,-2.81851037921657,-8.431281448584,2.36740808202593,-0.176139679988918,-4.47947839610364,4.0864131152908,-1.02353682566074,-7.17135668584625,4.96515088838668,-1475000,1610000,-112.676670132679,36.3706439340947
558,-2.85264584920376,-8.40733264798865,2.24295511281686,-0.20603838756729,-4.47251884815807,3.96429779142923,-0.912330214971021,-6.96496234262306,4.99443026220205,-1375000,1610000,-111.566874236892,36.5213650906732
559,-2.92298322988659,-8.42761411223908,2.06849234812474,-0.219405600849464,-4.45796031764946,3.9183926733399,-0.839752764673687,-6.90677437811302,5.02881256659104,-1275000,1610000,-110.452777127526,36.6617694629001
560,-3.01290723158553,-8.51769033151787,1.96832028031372,-0.237988594794223,-4.45446235048399,3.89577693724901,-0.823648859513189,-6.85416694476751,4.97938187598047,-1175000,1610000,-109.33466178757,36.7918036274834
561,-3.12870181924808,-8.65549800796518,1.82901266653159,-0.274632588384175,-4.5231134173931,3.87503876785339,-0.845613364004217,-6.90070207268234,4.98188706736492,-1075000,1610000,-108.212816832847,36.9114129398742
562,-3.25214758750235,-8.84176609785818,1.73141128714857,-0.299430186878742,-4.56341999297085,3.89106058678872,-0.885162203722845,-6.96876877133102,4.93287998094266,-975000,1610000,-107.087542286182,37.0205493451879
563,-3.40080578188503,-9.02286812386608,1.61357676337951,-0.323849277597383,-4.6068512142418,3.90317384813277,-0.934641495615673,-7.12016462793034,4.94304666949929,-875000,1610000,-105.959132755568,37.119170536019
564,-3.56315441481785,-9.25735672092557,1.50766270646642,-0.37473222072178,-4.71321893271464,3.87483098283559,-0.983740076187144,-7.21594094710157,4.98681435038119,-775000,1610000,-104.827902891441,37.2072367968329
565,-3.73228286700326,-9.52721494537905,1.39780665321846,-0.426105109300271,-4.82837676473341,3.85418975826823,-1.0277753056338,-7.28417457393169,4.98003581680632,-675000,1610000,-103.694155486083,37.2847171399654
566,-3.91940797850177,-9.82955377237533,1.25034446352064,-0.488909642673515,-4.93199151265867,3.81854961650898,-1.07412534905677,-7.37118686500849,4.99084423398116,-575000,1610000,-102.558210832804,37.3515676833009
567,-4.09982477167935,-10.0508580482051,1.09440245075343,-0.550571395853366,-5.04886554888562,3.80729668656782,-1.10655590308348,-7.47627574523395,4.99980610272856,-475000,1610000,-101.420382928987,37.4077669518579
568,-4.29049415236835,-10.3282445016192,0.931375472910599,-0.601245959270395,-5.12417209960324,3.82673015391262,-1.14472932389928,-7.53750649063054,4.97808434230623,-375000,1610000,-100.280996301427,37.4532960064895
569,-4.47898863307529,-10.6070994254091,0.765677215412893,-0.668177385716461,-5.22603534638707,3.78180082580522,-1.18675936552279,-7.61806604797542,5.00265487659026,-275000,1610000,-99.1403803655908,37.488127794232
570,-4.66560440411977,-10.8442216752857,0.579690486742755,-0.734846683655253,-5.33689022008236,3.71088494138095,-1.22393044244958,-7.66925869627952,4.90324346123294,-175000,1610000,-97.9988566265981,37.5122514357631
571,-4.81584822728015,-11.0382960237125,0.46064516073779,-0.796980098574326,-5.4000281807719,3.64222053414482,-1.25669470110739,-7.73948063220789,4.84904055711081,-75000,1610000,-96.856758037379,37.5256561411825
572,-4.97348464896697,-11.2420634231468,0.330052372438754,-0.851879241820442,-5.45351662930049,3.62983484875144,-1.29658276368807,-7.79813396184275,4.87519452308365,25000,1610000,-95.7144128201398,37.5283384001339
573,-5.11753575815947,-11.4408585132967,0.198339112637677,-0.913696284249376,-5.56008248982872,3.6007077012127,-1.34715612797501,-7.8713420477356,4.88366198352375,125000,1610000,-94.5721440592926,37.5202937895389
574,-5.24520879389139,-11.595084209846,0.0947459205553743,-0.962077001919785,-5.63534026949031,3.57791639925526,-1.39757579737348,-7.9666606250566,4.84691850371467,225000,1610000,-93.4302899326995,37.5015272369665
575,-5.34422126493577,-11.7479602039968,0.0212398549352151,-1.00760220762894,-5.68441698841869,3.53290855629178,-1.46013767386092,-8.09227603432021,4.80334450650016,325000,1610000,-92.2891787158639,37.472046992223
576,-5.41617633304215,-11.7985139730926,-0.0395909275990326,-1.04416768150738,-5.75332733303042,3.48951217667282,-1.52235391425432,-8.16678241779556,4.74025807859603,425000,1610000,-91.1491373682446,37.431866867467
577,-5.47756127289739,-11.929811957094,-0.0875298906696737,-1.07009425666766,-5.80382505282811,3.46736145378286,-1.57974084360421,-8.22647924487076,4.74322909169247,525000,1610000,-90.0104907932009,37.3809994378495
578,-5.51050871012828,-11.9665784667377,-0.129345223947569,-1.09441520456304,-5.85806907927654,3.43794326594847,-1.64302936652044,-8.31045198178077,4.68386785654015,625000,1610000,-88.8735629644813,37.3194699063328
579,-5.53245786817645,-12.0268344683948,-0.12730489466071,-1.11559847340354,-5.93340976891039,3.43732359285959,-1.70024212225444,-8.34342015700691,4.65807234923739,725000,1610000,-87.7386760931953,37.2473004911942
580,-5.5429758796577,-12.0079691765136,-0.145171911659232,-1.13485444304611,-5.98233635924046,3.45448742683735,-1.74300337487237,-8.41845404611736,4.61219045823898,825000,1610000,-86.6061456296575,37.164524450563
581,-5.54237799407353,-12.020656136887,-0.151689596945294,-1.15821580496998,-6.0303937898611,3.46032058869423,-1.7659141050235,-8.51402989785649,4.64605571587809,925000,1610000,-85.4762862507707,37.0711745439806
582,-5.52678103882466,-12.0743917170799,-0.0924768553989833,-1.18296368879894,-6.08788040858737,3.4567055743798,-1.78389365513453,-8.57348682776038,4.70656828817988,1025000,1610000,-84.3494084272059,36.9672917375404
583,-5.494575905069,-12.0703684133404,-0.0515645388056513,-1.20685074350472,-6.15742477644252,3.43152886198481,-1.7891891885929,-8.67904017350856,4.7687177603452,1125000,1610000,-83.2258116661339,36.8529122762995
584,-5.43518066559475,-12.0298344289864,0.0874426813885302,-1.23271913074454,-6.21765268616498,3.43969491340064,-1.79305886443918,-8.69984242592877,4.8625451530894,1225000,1610000,-82.1057962855944,36.7280855142713
585,-5.38287020345331,-12.0402726452077,0.150671923227446,-1.26678804282715,-6.29691107968256,3.41918002018469,-1.79020393215116,-8.78878574271047,4.95938715770015,1325000,1610000,-80.9896553568726,36.5928588630763
586,-5.33034281970812,-12.0146853364945,0.252994719765993,-1.29450658514684,-6.39387841604523,3.47668635179679,-1.77702851544213,-8.87310171154526,5.04135705281031,1425000,1610000,-79.8776732937981,36.4472883764282
587,-5.27261317298899,-12.0800959813723,0.390016350194465,-1.32621342469753,-6.49861777122581,3.57307315303429,-1.7749969927183,-9.02602901598095,5.22546363113182,1525000,1610000,-78.7701306682196,36.2914295214887
588,-5.22923807852646,-12.2112203263517,0.58224905036682,-1.34854922108944,-6.66523750485465,3.73506920348207,-1.77408527876818,-9.27354562059273,5.5308399431392,1625000,1610000,-77.6673005161407,36.1253403081565
589,-5.20169980662814,-12.4675464298137,0.890821049150505,-1.36631421070236,-6.90680973122623,3.92642127614867,-1.75126804929615,-9.57752450531022,5.97081410444786,1725000,1610000,-76.569445967277,35.9490790398563
590,-5.18399860638502,-13.0008569973985,1.45099293544349,-1.36372635069022,-7.39802560153335,4.42902773980186,-1.75641397333595,-10.3034369000407,6.62592157664426,1825000,1610000,-75.4768283533307,35.7627187035339
591,-2.80867518618054,-10.2476367090857,4.24361609083107,0.00125366583082868,-5.81286617202625,5.69607398206859,-1.68998005617289,-10.095776063312,6.23675378160853,-2175000,1510000,-120.02613654133,34.1664962429658
592,-2.80697461518701,-9.66364507247779,3.63129242074458,-0.0158565695386643,-5.30997243515889,5.19164789732319,-1.65240059278353,-9.35628909043896,5.57215637266161,-2075000,1510000,-118.964949047009,34.3854061396851
593,-2.80890229660048,-9.39521097689713,3.33759839587006,-0.0382655872722581,-5.07214184291557,4.91186007652749,-1.5839660629942,-8.8832272182654,5.27114949776072,-1975000,1510000,-117.897888054186,34.5945337015146
594,-2.81391570796199,-9.15731562720398,3.11516505864082,-0.0605150874638016,-4.92911900525553,4.74933360003763,-1.49219882477953,-8.47012571703314,5.14752950378491,-1875000,1510000,-116.825177471489,34.7938141247035
595,-2.82001789568627,-9.0112344564267,2.97577964087255,-0.0861153732312805,-4.81788855698548,4.57362445173455,-1.40515615353518,-8.17777543852662,5.08147891416741,-1775000,1510000,-115.747047988938,34.9831808868647
596,-2.83739136898396,-8.85717445765559,2.76707865254756,-0.118295503378247,-4.73431744851618,4.42523960732324,-1.29703235832063,-7.84662711694837,5.01928853026605,-1675000,1510000,-114.663736271027,35.1625657203732
597,-2.8601406734604,-8.74243389722253,2.64270858814985,-0.15174979281612,-4.7007511009299,4.32377621362947,-1.18717024992566,-7.62864631448773,5.01702318652796,-1575000,1510000,-113.575486327155,35.3319114580904
598,-2.90607622417635,-8.7253097571187,2.40391365902061,-0.185034871576325,-4.68052288791168,4.23216200489567,-1.08739949482783,-7.44016753318408,5.04100164835822,-1475000,1510000,-112.482556777768,35.4911508855669
599,-2.96103024001848,-8.70212196652385,2.24171866198094,-0.207129832644355,-4.63636264739885,4.14237915745803,-1.01293869024771,-7.28983049030364,5.04716784504367,-1375000,1510000,-111.385204137064,35.6402291144279
600,-3.03893014682703,-8.78223076291962,2.13989129691532,-0.235055950803261,-4.60503556564962,4.05745864622083,-0.952152797629943,-7.19111570161883,5.08652388058138,-1275000,1510000,-110.283695559501,35.7790906685353
601,-3.13319505396949,-8.90469306894098,1.97438872136402,-0.266159531934804,-4.67641836792927,4.02992637875547,-0.928631840149404,-7.17037648938982,5.07909019839066,-1175000,1510000,-109.178307857342,35.9076846356341
602,-3.23457032177127,-8.96294146098809,1.87309811104814,-0.298577715525974,-4.68803281666636,3.99695584324658,-0.925147656490971,-7.14119891858935,5.03747380122471,-1075000,1510000,-108.069316837298,36.0259633119086
603,-3.34691915374486,-9.08778327917465,1.82765772175771,-0.323558397219435,-4.71299995569192,3.96925237983698,-0.961542330846777,-7.16296506811151,5.02277383610779,-975000,1510000,-106.957014864548,36.133879337387
604,-3.48540826041743,-9.2462540403895,1.67687638942148,-0.359425920787083,-4.78406267321005,3.97271285361276,-0.988381862522399,-7.32023183929163,5.03794113443415,-875000,1510000,-105.841689149214,36.2313911468949
605,-3.62926099206006,-9.47900685235015,1.53526661325173,-0.402402154890695,-4.86063664912653,3.96642374681028,-1.01196388242616,-7.29624868247276,5.06431536474063,-775000,1510000,-104.723636010913,36.3184629216187
606,-3.78486464522529,-9.69017321376892,1.40996925833287,-0.446404019533502,-4.94356409226421,3.94417840389923,-1.04717715852465,-7.42745407855569,5.07235217339632,-675000,1510000,-103.603156184361,36.3950594861517
607,-3.95553810329476,-9.89030881435805,1.27021494567066,-0.503171898309971,-5.05222286479626,3.93240565641925,-1.09125825539723,-7.52721143589722,5.10352655928727,-575000,1510000,-102.480554240713,36.4611501488424
608,-4.1214903718907,-10.1296038362717,1.13528853270085,-0.556262459936561,-5.1354680808619,3.91016159172118,-1.12115998112376,-7.61918717318967,5.12707766449337,-475000,1510000,-101.356139402595,36.5167115383577
609,-4.29197645380817,-10.4157153483105,1.00336139470136,-0.608932597590548,-5.21157957356245,3.89705570592167,-1.15510304106342,-7.68492347528858,5.10742787728138,-375000,1510000,-100.230217342821,36.5617170529393
610,-4.46098784876558,-10.6619249127969,0.883755739978087,-0.669243102260085,-5.31938946558618,3.84892979602773,-1.20234321690287,-7.8213686837338,5.07472603988828,-275000,1510000,-99.1031081466468,36.5961508838878
611,-4.62033192514006,-10.8125627440697,0.728508093469745,-0.730006067129134,-5.40190913894306,3.78695048856211,-1.2428641537719,-7.83434908002845,4.99253781092667,-175000,1510000,-97.97512382986,36.6199978976237
612,-4.76346922264954,-11.086233830482,0.593005857442172,-0.785195895802074,-5.45404616083662,3.73159101661069,-1.28062169900636,-7.89776905348138,4.94871821628011,-75000,1510000,-96.8465832366941,36.6332474968347
613,-4.89241848752996,-11.2197614265379,0.495198705757309,-0.839211443497509,-5.52062471480829,3.72384758938099,-1.30515892865871,-7.95360250423919,4.90413210516727,25000,1510000,-95.7178054313627,36.6358950864565
614,-5.02833528681009,-11.389562767604,0.377062856955859,-0.886727945577079,-5.57046485830954,3.71409946330254,-1.34969349648357,-8.02764535190389,4.95036483916149,125000,1510000,-94.5890993693622,36.6279457447866
615,-5.13926458119294,-11.5857234237602,0.301210291191015,-0.928677759868126,-5.63363536837434,3.68283077142446,-1.39378911723503,-8.07689446473958,4.89097660594978,225000,1510000,-93.4607988549087,36.6093969291428
616,-5.22970975695057,-11.6880213781606,0.224628258010898,-0.972086708339499,-5.71388834314234,3.6425339732695,-1.43677379574071,-8.17584127139237,4.92609004764716,325000,1510000,-92.3332113962127,36.5802555949369
617,-5.30402418891701,-11.7883819474432,0.147455987033813,-1.00801293363034,-5.82062438021478,3.62327606514534,-1.49276125150902,-8.25322476862943,4.87116013456589,425000,1510000,-91.2066571253456,36.5405345975734
618,-5.36550698425138,-11.8826303791063,0.0884581471773655,-1.02547726419712,-5.86368309399317,3.63492711482511,-1.54682663493788,-8.32573338103471,4.871967438089,525000,1510000,-90.0814490964747,36.490251352068
619,-5.40084137293987,-11.8998909302629,0.0618586538352905,-1.0545052444828,-5.89813492054714,3.5931949741241,-1.60747462533715,-8.35935421573889,4.81562559320491,625000,1510000,-88.9579002873176,36.4294205043187
620,-5.43309263254771,-11.9414669518542,0.0607825960643111,-1.07593650908013,-5.96278173924815,3.5936469314661,-1.66351793861778,-8.41635414199629,4.79559193144529,725000,1510000,-87.8363208121425,36.3580733327893
621,-5.45604687973729,-11.9774840017107,0.0612396148852858,-1.10428947759668,-6.02439227910256,3.59617108916509,-1.69975398906173,-8.49030052874749,4.76979583846388,825000,1510000,-86.7170145279256,36.2762347558494
622,-5.45754237795997,-12.024930692582,0.056747610584873,-1.13050999615052,-6.07497150746892,3.57559963423588,-1.71544705118436,-8.5869650219229,4.8414504908597,925000,1510000,-85.600287763351,36.1839370134053
623,-5.45137233255144,-12.0985746932321,0.103086754253349,-1.16618475225904,-6.15702239810002,3.56703508490186,-1.73599634751737,-8.6197652267496,4.86494788607347,1025000,1510000,-84.4864366967876,36.081218143254
624,-5.42044773157408,-12.1326185787395,0.139602913392632,-1.18763910271593,-6.23857292926414,3.54484927781558,-1.76131839629156,-8.72976701130166,4.96116152080575,1125000,1510000,-83.3757543007893,35.9681156892377
625,-5.38619492917984,-12.1140764791865,0.220948472859055,-1.21727437562294,-6.30274093591974,3.55643230680203,-1.76880919871186,-8.82012807469287,5.01470460378218,1225000,1510000,-82.2685305541749,35.8446742725125
626,-5.35801672136895,-12.1631191407813,0.286895004868733,-1.25511675892537,-6.42047648331565,3.57254781539148,-1.76661623362438,-8.88711823292526,5.1337857734568,1325000,1510000,-81.1650469273391,35.7109377876521
627,-5.32838678320054,-12.2095703667678,0.36349191517922,-1.28183804530527,-6.48613037936215,3.58547849626531,-1.76498734248739,-9.00630228694497,5.25597916091372,1425000,1510000,-80.0655817732434,35.5669609294259
628,-5.29291899746394,-12.2834539254074,0.497250282821965,-1.31118197200211,-6.60439242290417,3.71252036860905,-1.76258229484027,-9.17640823199988,5.41908957072108,1525000,1510000,-78.9704081276645,35.412796109555
629,-5.26303779308215,-12.4466824900067,0.732356231121717,-1.32357781730425,-6.76542686542267,3.90482471918484,-1.76074513302744,-9.42545683341177,5.72470649707991,1625000,1510000,-77.8797851380037,35.2484958376365
630,-5.24521610859139,-12.8138472604405,1.08478845045607,-1.34535840506505,-7.12892050584925,4.15695393948069,-1.74614799775772,-9.87089317949162,6.19026652389981,1725000,1510000,-76.7939731044321,35.0741222988729
631,-5.22023520390059,-13.6772789985227,2.00039453798624,-1.35602984799177,-7.89163315203734,4.89888237332977,-1.76098218183171,-10.9416433286186,7.29323248525364,1825000,1510000,-75.7132230142061,34.8897383052878
632,-2.81090878438978,-10.9371893969383,4.84588566745197,-0.0159564631659898,-6.35426729883173,6.22139852998887,-1.65742384435892,-10.7917646299132,6.98999961054719,-2175000,1410000,-119.755767711857,33.2995266771737
633,-2.80884204929531,-10.0430781846507,3.95127479707565,-0.0343602815100627,-5.62708591772762,5.43457561975033,-1.5955105741739,-9.74020567206093,5.99891562149003,-2075000,1410000,-118.705572132918,33.516262079008
634,-2.81863605481583,-9.70886429665092,3.61919310853316,-0.0587916629860017,-5.30924089583376,5.14612951703295,-1.53581500605431,-9.18209990517972,5.64292134782419,-1975000,1410000,-117.649689716217,33.7232936288822
635,-2.83718783654959,-9.46464442341851,3.30630608061207,-0.0737803853119174,-5.10428386820923,4.90651938987376,-1.457865464299,-8.69054447808844,5.40816468126199,-1875000,1410000,-116.588339544561,33.9205553561383
636,-2.84945921694876,-9.2619253596535,3.12485934578079,-0.0997031894701937,-4.98971217392992,4.69908529336689,-1.37907132121907,-8.29814962397402,5.34140458296358,-1775000,1410000,-115.521748159785,34.1079848738004
637,-2.88193410070374,-9.15436427968606,2.87978609355054,-0.125771434963989,-4.91740597515203,4.58254319656277,-1.29106601910841,-8.07678761403999,5.27151836372966,-1675000,1410000,-114.4501433785,34.2855219466443
638,-2.92859881230612,-9.01551095060112,2.69211121245484,-0.157050854854266,-4.87908970595038,4.45423111548542,-1.20389227399248,-7.82373327473045,5.224198813962,-1575000,1410000,-113.373766698282,34.4531033661059
639,-2.98179969376271,-8.98116947777528,2.50726637333294,-0.186254096486612,-4.8323995946043,4.35348261844334,-1.1338670094359,-7.65840759604391,5.16380595243677,-1475000,1410000,-112.292865879915,34.6106732761876
640,-3.05340144967705,-9.03809866463492,2.3304728377573,-0.21652664309633,-4.79842998334352,4.29570958870266,-1.07394822124079,-7.52391551928762,5.16754460229835,-1375000,1410000,-111.207687031943,34.7581768218737
641,-3.1387800686363,-9.11339029048864,2.19993801971768,-0.247313595867108,-4.75747471666012,4.22460931182557,-1.0276677861711,-7.45583020540579,5.17583075905733,-1275000,1410000,-110.118495266948,34.8955608956508
642,-3.2288501792105,-9.15416499571442,2.05779123437851,-0.282086607434761,-4.77501840192016,4.16179375812067,-1.00036104754845,-7.42694300769617,5.13831100227213,-1175000,1410000,-109.025554704559,35.0227765030052
643,-3.32560656066198,-9.23307580163904,1.97129418300313,-0.324383834259384,-4.81698243945216,4.1483528772102,-0.991041015982751,-7.34916006259112,5.15841902693638,-1075000,1410000,-107.929135090049,35.1397781586986
644,-3.43688870719205,-9.34168954691112,1.82774223351422,-0.350771832365345,-4.89243628489282,4.11652991574028,-1.00954852592337,-7.43579657578873,5.12426177592607,-975000,1410000,-106.829513440832,35.2465236306665
645,-3.56501079460321,-9.49289350110409,1.70117000957002,-0.389643909554419,-4.92733303440551,4.07347303607822,-1.0210716363539,-7.46450082482853,5.15687712438544,-875000,1410000,-105.726972594357,35.3429738755778
646,-3.69992083227824,-9.65110230282528,1.588961415407,-0.43503337381714,-5.02228382857566,4.0301624386651,-1.03424750524053,-7.5233400349784,5.17925760760232,-775000,1410000,-104.621798300476,35.429092902366
647,-3.83889012290391,-9.82304707187082,1.47859786964306,-0.467971789690072,-5.06671288081121,4.05849695687577,-1.0634892755159,-7.5604247379376,5.21275360680512,-675000,1410000,-103.514280052647,35.5048478297149
648,-3.99508199673965,-10.0702977618088,1.32154809353239,-0.511593101594449,-5.13250878772693,3.99723991455521,-1.10700121114071,-7.64137909379274,5.15764448074974,-575000,1410000,-102.404712979181,35.5702117788851
649,-4.14452812730236,-10.2323378829479,1.20996167217107,-0.553783247685799,-5.20485622440583,3.9728927022794,-1.13593736249334,-7.69568378809607,5.2051365605087,-475000,1410000,-101.293394757491,35.625156518245
650,-4.30337262329304,-10.5093801779173,1.08969478468689,-0.607350835732172,-5.30202722666515,3.98140111418156,-1.16669156872325,-7.81706039222922,5.18970849219423,-375000,1410000,-100.18062547812,35.669663486866
651,-4.45274355603724,-10.7186299382643,1.0016892801969,-0.660787769874721,-5.36637447632009,3.98479707634162,-1.20741793079502,-7.92129175264105,5.16189361419789,-275000,1410000,-99.0667079701669,35.7037145552923
652,-4.58739462511133,-10.9181518608164,0.873093451133891,-0.712895192090001,-5.45311776378856,3.91125321488885,-1.24482558170203,-8.00917738049048,5.13687968559315,-175000,1410000,-97.9519459884714,35.7272963047346
653,-4.71861798720517,-11.1298996222768,0.759550165294745,-0.763466719693793,-5.52248191803284,3.86588949672229,-1.28062896603509,-8.05450650746688,5.04750344431131,-75000,1410000,-96.8366480045183,35.7403992996318
654,-4.83627933053373,-11.2244073012688,0.675862385276659,-0.815591010421361,-5.5273227471299,3.82200309772339,-1.31427609417106,-8.07068774421909,5.06486924618162,25000,1410000,-95.7211160345087,35.7430163204157
655,-4.95277067315476,-11.3984913833052,0.57794983089073,-0.863456381837797,-5.63071566689847,3.82222335895883,-1.34851156342587,-8.15885747012585,5.04792438024728,125000,1410000,-94.6056610064898,35.7351583636162
656,-5.06053114213511,-11.5380952676742,0.476493124502306,-0.903413818482942,-5.72183789899752,3.82328017478821,-1.38135143840824,-8.23525192791473,5.01756485342423,225000,1410000,-93.4905895765965,35.7168133598825
657,-5.1396778975774,-11.6376384610611,0.381061774867917,-0.941809590203156,-5.78085590921374,3.77823386283126,-1.42014988316194,-8.26147695115393,5.01587118918928,325000,1410000,-92.3762127222775,35.6879946515624
658,-5.20626365839872,-11.7658642577995,0.360719455220931,-0.977863142909281,-5.87296121274503,3.75832651913445,-1.48192958686816,-8.36909914749317,4.99597054048922,425000,1410000,-91.2628300138707,35.6487141854069
659,-5.25867051893238,-11.8446845002778,0.293209268484455,-0.995532269156672,-5.91892448192367,3.76192820640767,-1.51877631599171,-8.42053546593717,5.03488966841157,525000,1410000,-90.1507477421055,35.5989898372738
660,-5.30638362803172,-11.9207038769255,0.229398546051053,-1.0223336534406,-5.96324179154923,3.73266447669813,-1.57578731619712,-8.45367344103617,4.95897762197071,625000,1410000,-89.0402678671287,35.5388307555967
661,-5.34069272122755,-11.9772546224622,0.231188767810698,-1.05041318182989,-6.02613764968821,3.68686507715224,-1.62682850051508,-8.50134967375662,4.95114232904915,725000,1410000,-87.9316871575939,35.4682688985767
662,-5.36931882500626,-12.0446336394267,0.233234093527244,-1.07822301452187,-6.08085281101775,3.70247264726156,-1.66041865806312,-8.55644207973238,4.93173674244725,825000,1410000,-86.8253040844332,35.3873275624262
663,-5.37620672211863,-12.0848765659864,0.277499318462681,-1.10275134339435,-6.15968999881234,3.69351011421209,-1.68752229594617,-8.64095445074036,4.92934201981845,925000,1410000,-85.7214097162494,35.2960391411054
664,-5.37041105007665,-12.1645670399856,0.308455626908243,-1.13551498576116,-6.21724370919447,3.68704639279436,-1.71753275015744,-8.75632001906125,4.98683589143401,1025000,1410000,-84.6202929301209,35.1944357417502
665,-5.36328229672066,-12.1939737001558,0.345564213760232,-1.16797752279685,-6.31486399484955,3.64540166864991,-1.73769803066764,-8.80031103656308,5.05926288553923,1125000,1410000,-83.5222368547706,35.0825561825678
666,-5.34365975830357,-12.2221528858836,0.380617603205567,-1.20236682408598,-6.42235567908358,3.69839729750078,-1.74085052547957,-8.88287276620524,5.21883867403628,1225000,1410000,-82.4275225235468,34.9604413945872
667,-5.32632947770037,-12.2468173425965,0.449261713622066,-1.23237126257742,-6.51469962497346,3.70124242993884,-1.74820018372935,-9.0072980238476,5.31725450009218,1325000,1410000,-81.3364211947235,34.8281313360714
668,-5.31091274400655,-12.3612444566205,0.522878130881828,-1.27073124168294,-6.61841240014089,3.74681042308325,-1.74445603110398,-9.14995878332912,5.50320792958865,1425000,1410000,-80.2492034789188,34.6856809849614
669,-5.29270959870587,-12.4558188085154,0.674090319618892,-1.29502197212982,-6.76056344540624,3.89168666886954,-1.7509560600233,-9.43785878337396,5.70190065863037,1525000,1410000,-79.166132768045,34.533139454012
670,-5.28022111274339,-12.7663683480452,0.962799762621406,-1.30339103733919,-6.99356817450422,4.14500512240772,-1.75632976170662,-9.81491170884155,6.08844936879067,1625000,1410000,-78.0874581116755,34.3705582313875
671,-5.27542777259925,-13.5301079739705,1.73794064468473,-1.32663048304067,-7.6892106941039,4.80411088773452,-1.75228469866842,-10.7459502562344,7.09158617907649,1725000,1410000,-77.0134395853254,34.1979912013965
672,-2.7988367426425,-10.9233817115891,4.79732150380439,-0.053359769908231,-6.391815468228,6.15543189746775,-1.54759785997532,-10.710777255865,7.05813415884038,-2075000,1310000,-118.45187810382,32.6454945275466
673,-2.81927615014668,-10.2595488093779,4.15456332541643,-0.0652240866490268,-5.78795916491409,5.58106290330071,-1.50043272154164,-9.80673244151321,6.29595194232255,-1975000,1310000,-117.40695980481,32.8505123765459
674,-2.85181596523258,-9.77442971142857,3.60885428935326,-0.0922408683473438,-5.38565317359311,5.19262611026968,-1.43186867691896,-9.0355032674907,5.86420729945252,-1875000,1310000,-116.356749393639,33.0458373349885
675,-2.87231421295381,-9.57803115533408,3.34865429383223,-0.115900521361279,-5.26947965311859,4.95208212889025,-1.35935013436008,-8.6287807184228,5.663992837137,-1775000,1310000,-115.301460360369,33.2314089515716
676,-2.91979649872064,-9.41965334052135,3.1247984726271,-0.132244929946343,-5.12844764875454,4.76300246067384,-1.29209689075382,-8.29149727694498,5.45432323063917,-1675000,1310000,-114.241326933326,33.4071729217273
677,-2.98205359510478,-9.31448565689426,2.86088017223977,-0.160108645378047,-5.06247505171397,4.64535651280354,-1.22772109701074,-8.11954468204622,5.37132551192214,-1575000,1310000,-113.176576341102,33.5730659529794
678,-3.04384812032446,-9.24479780645718,2.63809906792722,-0.191701186717298,-5.02915351557002,4.52990117840327,-1.16136592529793,-7.926067840154,5.38437822617835,-1475000,1310000,-112.107448416824,33.7290335441835
679,-3.1143013710661,-9.26366406591268,2.46349149630843,-0.222703328900476,-4.97287744209517,4.43214068521568,-1.11113175291011,-7.81095697545704,5.40057514956361,-1375000,1310000,-111.034188507601,33.8750260438921
680,-3.2040410196032,-9.31357646153862,2.29575288827198,-0.260716136316737,-4.92588063705931,4.35200745368463,-1.08204705486708,-7.68014233645872,5.32544503167321,-1275000,1310000,-109.95704579015,34.0109928229485
681,-3.29656330100239,-9.34798715347474,2.16599600152266,-0.298253466636557,-4.95505726905592,4.31559923418562,-1.04784101909177,-7.62497265567586,5.26697009642236,-1175000,1310000,-108.87627972884,34.1368883865764
682,-3.39138276005161,-9.46445663333273,2.01547939964778,-0.335208394290569,-4.97813622976762,4.2766693172613,-1.03042098551892,-7.61853418090165,5.29984584149966,-1075000,1310000,-107.792152551364,34.2526687772856
683,-3.50152170845046,-9.55008937359432,1.93248444177359,-0.367840766129893,-5.03930624096945,4.22848566819263,-1.03349661226577,-7.59646761000049,5.26918355832561,-975000,1310000,-106.704932526035,34.3582941498966
684,-3.62034891728736,-9.67122917044935,1.78032974233099,-0.402912793094561,-5.07257305222056,4.18086249202768,-1.04194416025471,-7.62440474016814,5.23941872343474,-875000,1310000,-105.614890091814,34.453727140488
685,-3.74931737891475,-9.86199646813797,1.64976975024477,-0.444632617601418,-5.12040294814295,4.14637055472218,-1.05069845444377,-7.70666290498586,5.31848993088828,-775000,1310000,-104.52230422908,34.538933848633
686,-3.87746280425942,-9.98137087410039,1.56759355647097,-0.47391516971468,-5.192945677429,4.12820013604827,-1.07682317381517,-7.75002861558989,5.32769330602013,-675000,1310000,-103.427455278723,34.6138832306841
687,-4.02421118288963,-10.1802676975266,1.40464347219641,-0.516079323084559,-5.23199179074912,4.08929969262064,-1.10305122455795,-7.85748446068418,5.33415893249815,-575000,1310000,-102.330623434408,34.6785483650452
688,-4.17069181990394,-10.3847345114709,1.26098150506523,-0.553052282199555,-5.26135818201229,4.06538943057515,-1.13118786976486,-7.88389122083242,5.3273433807689,-475000,1310000,-101.232102292344,34.7329055858472
689,-4.30153391646605,-10.5685599044616,1.17807574336126,-0.59857001869358,-5.35767412485811,4.09657003505776,-1.16554238330538,-8.00728375770716,5.29179468021989,-375000,1310000,-100.132180812428,34.776934091496
690,-4.43579825014009,-10.7946691875147,1.09759052829432,-0.6393645447869,-5.39674456500429,4.0684520123022,-1.20374205356499,-8.09012331387787,5.2662087958597,-275000,1310000,-99.0311502260404,34.810617880447
691,-4.56814692057832,-11.0101486353703,1.00456377625246,-0.688849540429731,-5.51101828229357,4.03510600904954,-1.23633133721294,-8.0674551238066,5.291532389873,-175000,1310000,-97.92930558465,34.8339467558551
692,-4.67818968411487,-11.1229162017473,0.904704798702554,-0.742178626535834,-5.56962438569893,3.99834300033652,-1.26831167980839,-8.12793350160059,5.22910075239262,-75000,1310000,-96.8269397009582,34.8469100101894
693,-4.7898731684097,-11.2616427591848,0.873505815787614,-0.787397397550874,-5.62309490902364,3.96614160993205,-1.31548055431466,-8.19842029965276,5.13567496422492,25000,1310000,-95.7243493341121,34.8495025793325
694,-4.89801128893457,-11.4761746985742,0.743904166285176,-0.829892133601216,-5.67835299368862,3.97081230628866,-1.35173133596239,-8.26473248722169,5.15207029151873,125000,1310000,-94.6218373027716,34.8417249776994
695,-4.99293932496575,-11.5664964264905,0.668611246149927,-0.872382729858961,-5.73106266757985,3.94557366617912,-1.37570730419799,-8.28123252797101,5.13043559567562,225000,1310000,-93.5196944964226,34.8235763143187
696,-5.07840772620356,-11.6541039500821,0.555637869653365,-0.914567212124679,-5.83681539587999,3.90103608106784,-1.40888874146922,-8.31856959876737,5.13373188276512,325000,1310000,-92.4182197555327,34.7950682171791
697,-5.13325041628924,-11.7915685797148,0.514049002651672,-0.946184062301517,-5.8970410393563,3.87541427037267,-1.46152407968604,-8.43677148398805,5.12041947205023,425000,1310000,-91.3177039649991,34.7562112546357
698,-5.17850561761285,-11.8485898988835,0.502442833788503,-0.970727756957365,-5.95930805704701,3.84621347877385,-1.50187203365789,-8.50033399549165,5.11126831835028,525000,1310000,-90.2184444734102,34.7070151933426
699,-5.22327763485344,-11.8687328113283,0.44917851163914,-1.00268087372127,-6.02788171210448,3.81782735917876,-1.54976279484345,-8.5361244543746,5.12077601949177,625000,1310000,-89.1207337749995,34.6475014862421
700,-5.24871215189873,-11.9914755892137,0.450323270080542,-1.03117223729665,-6.06692627722631,3.81146699355618,-1.60268344438912,-8.59506609651407,5.05002652495288,725000,1310000,-88.024857612169,34.5776921517986
701,-5.28439379415384,-12.0535155738027,0.448026339588804,-1.06281129305307,-6.11777455515065,3.78579537269613,-1.63492541020927,-8.6291654063701,5.12754149391224,825000,1310000,-86.9311042062443,34.4976107173387
702,-5.3070331612648,-12.1470685329739,0.450056009304101,-1.08703151039672,-6.22120472039568,3.81194156832152,-1.66309982343076,-8.76013890433197,5.13975034959165,925000,1310000,-85.839752487359,34.407286264616
703,-5.31445517270022,-12.1943147685528,0.506114763595049,-1.12169831837287,-6.32271764023741,3.78652784074126,-1.70059960863658,-8.84691408862887,5.1979089563359,1025000,1310000,-84.7510872429644,34.3067544618372
704,-5.31568550435991,-12.3081724695359,0.526747099121162,-1.14712006764423,-6.39868137883037,3.82609839914166,-1.7215998466117,-8.93506831229813,5.29356374935387,1125000,1310000,-83.665379114307,34.1960440521244
705,-5.30654184401961,-12.3441800476498,0.572801030039585,-1.17812730814879,-6.51348480780437,3.80991684999294,-1.72545171822067,-9.01994635261846,5.39522260838914,1225000,1310000,-82.5828997212192,34.075199436067
706,-5.2932720423336,-12.453986261092,0.625081768070816,-1.21536759818906,-6.63509508417137,3.84129522571768,-1.72838572061051,-9.1490124440049,5.56368949888839,1325000,1310000,-81.5039127201187,33.9442609078414
707,-5.2917706977775,-12.5127919915124,0.745568061019004,-1.24911667122716,-6.77322572179626,3.91997838406282,-1.73386101262241,-9.35682260516836,5.655437236298,1425000,1310000,-80.4286797769703,33.8032753325303
708,-5.28827416804557,-12.7625099439282,0.988246211482253,-1.27815666395621,-7.0352961346866,4.12247073875279,-1.73136211137952,-9.69113340753592,6.01263444896415,1525000,1310000,-79.3574530661827,33.6522892252346
709,-5.28321597280734,-13.5210244814673,1.73020059058663,-1.29298089445585,-7.68537902691604,4.78743215103923,-1.74436317251517,-10.6456208639952,7.00189821055686,1625000,1310000,-78.2904822660197,33.4913521980324
710,-2.86882202605172,-10.6923228244104,4.5319051903983,-0.112145391990884,-6.20465099690996,5.93330925365415,-1.38665677514866,-10.1137534378226,6.95090310111544,-1875000,1210000,-116.130230750013,32.1695014344233
711,-2.89073855236056,-10.128349737917,3.87503824713309,-0.122249245216137,-5.74488084657135,5.4248480354496,-1.34614841946761,-9.24846053499131,6.29713394555517,-1775000,1210000,-115.086026396862,32.3532940133539
712,-2.95888973050853,-9.77617419025191,3.36772538597211,-0.142570864234823,-5.41165705130073,5.02925664159512,-1.27923903878755,-8.68468714252172,5.77925960690773,-1675000,1210000,-114.037128939674,32.5273552020581
713,-3.02811894259086,-9.66904493443326,3.10773901602349,-0.168215457542982,-5.30507473729594,4.87629123000717,-1.21532266962244,-8.3796359715476,5.70046954789548,-1575000,1210000,-112.983764859903,32.6916276112211
714,-3.09596317162764,-9.58576691606993,2.78609302998719,-0.200315733776292,-5.22595226761231,4.71089730809646,-1.16327269186734,-8.24867927232523,5.58899991549175,-1475000,1210000,-111.926168334523,32.8460595126934
715,-3.16845363334266,-9.54993817038292,2.62410159416209,-0.230376274465282,-5.18404921506504,4.64320781885054,-1.1299497337206,-8.0433368267362,5.59351241526258,-1375000,1210000,-110.864572364379,32.9906041233626
716,-3.25149840458821,-9.54524044014806,2.44854460713996,-0.266572088579159,-5.16566942679727,4.55049100576354,-1.10722519283529,-7.95110106709015,5.47560266822159,-1275000,1210000,-109.799223026468,33.1252140281523
717,-3.33969634238617,-9.60585667991233,2.31670678827534,-0.30003125706998,-5.13650448728145,4.46901502035302,-1.0686050964163,-7.90866043209142,5.45194366977283,-1175000,1210000,-108.730369715669,33.249844224397
718,-3.44424476475151,-9.6633941665572,2.16825244489531,-0.344378169001818,-5.15833739872344,4.39342679371448,-1.05081377926738,-7.87685550205999,5.42538745642601,-1075000,1210000,-107.658266697578,33.3644545195476
719,-3.56429632809949,-9.73735916160627,2.01472443771181,-0.381301644167486,-5.17176320631365,4.32968724306364,-1.04160771929046,-7.78399592882964,5.35984833781835,-975000,1210000,-106.583171959116,33.4690053726413
720,-3.67514056820083,-9.89667900725068,1.91386741746846,-0.419106036765171,-5.20812619257241,4.28608185849242,-1.05298950070402,-7.83931159654331,5.38592066504647,-875000,1210000,-105.505352049694,33.56346401548
721,-3.79320147871889,-10.056531448281,1.76051100914387,-0.453863948848069,-5.25059201437019,4.24436494330843,-1.06575736099275,-7.90141453672602,5.43931736580053,-775000,1210000,-104.42507354702,33.6477969462214
722,-3.91699839184815,-10.1546186825032,1.64075375516215,-0.482398055668982,-5.28778593577485,4.25068846548359,-1.08850783295811,-7.97267116728571,5.47148735149291,-675000,1210000,-103.342606611435,33.7219742727259
723,-4.05317263338878,-10.3599389663298,1.50401475195842,-0.521872601701982,-5.32835519455774,4.21875740889755,-1.12213280214234,-8.05033616915015,5.41110724188565,-575000,1210000,-102.258226119147,33.7859720689396
724,-4.17866806595422,-10.5269232494926,1.39121522908589,-0.554707601378434,-5.38869232893847,4.23298208499638,-1.15104177336006,-8.07714371672794,5.46552174930835,-475000,1210000,-101.172213041616,33.8397649411581
725,-4.3062391803698,-10.7195285678485,1.30921554263194,-0.600263701763139,-5.44615268919767,4.22167320448475,-1.18307638511888,-8.1658440656457,5.42546724512038,-375000,1210000,-100.084846390624,33.8833355318816
726,-4.42724979376223,-10.9039368838467,1.21722889856341,-0.639315292119905,-5.50015659677474,4.16790484595562,-1.2184038501099,-8.23463646430098,5.45142904926565,-275000,1210000,-98.9964083694874,33.9166691178214
727,-4.54484683386165,-11.0840556756866,1.10893270949395,-0.692808915828712,-5.60902640454463,4.14521587751062,-1.24286531471278,-8.2556704028781,5.43801088442973,-175000,1210000,-97.9071824929901,33.939754932982
728,-4.65480141355714,-11.2192235228252,1.03143374825458,-0.735011112831276,-5.64014956422991,4.11071583689809,-1.27003356651321,-8.29078306961638,5.37172413426914,-75000,1210000,-96.8174544661051,33.9525817632668
729,-4.75568523890013,-11.314469343577,0.990999328283807,-0.77685535447678,-5.72549201066782,4.09669750525152,-1.30402999988741,-8.38832134417261,5.31971249511081,25000,1210000,-95.7275124988413,33.9551473713053
730,-4.85279208664752,-11.4578575553072,0.919996129850416,-0.817564655374603,-5.77293262437014,4.03845330519227,-1.33629478684131,-8.37194905796038,5.31003619244981,125000,1210000,-94.63764199485,33.9474503011663
731,-4.94575949650429,-11.6011119707388,0.819483517609133,-0.85486980411249,-5.83852276102826,4.04149112591192,-1.3754817606477,-8.40573847984767,5.25607203109957,225000,1210000,-93.5481296996546,33.9294924632574
732,-5.01795294300039,-11.6809371950056,0.752752900949003,-0.891555467805623,-5.93852695968716,4.0490167061528,-1.40286255205753,-8.44850395380357,5.25270464976408,325000,1210000,-92.4592613667222,33.9012813130538
733,-5.07266307536164,-11.8231200723188,0.710531359525523,-0.916081888963212,-5.98004173457537,4.01710542879391,-1.44325674816285,-8.4472533568305,5.24208361534567,425000,1210000,-91.3713215710726,33.8628277041948
734,-5.11496587080649,-11.8788537289382,0.666861136465135,-0.948165207152008,-6.0238934481181,3.98776851196123,-1.48577858581212,-8.54032164281727,5.26285105361698,525000,1210000,-90.2845950296556,33.8141422577973
735,-5.1519380594333,-11.9281473980044,0.637753710563236,-0.980362588851182,-6.09009076379756,3.94140508158298,-1.54029954662127,-8.62495716920485,5.25603407395794,625000,1210000,-89.1993638320021,33.7552444966108
736,-5.18476263910339,-12.0135301945083,0.634415421560575,-1.0151178260805,-6.15603879914878,3.88658731298802,-1.58728336371615,-8.75682482885693,5.21921458372977,725000,1210000,-88.115904597508,33.6861566115233
737,-5.21624687016634,-12.1197961110914,0.651007919948965,-1.04482262745742,-6.20354946601681,3.8789519642785,-1.62358154314062,-8.77314758709339,5.26339721053114,825000,1210000,-87.0344967314845,33.6068980030177
738,-5.2386312952741,-12.1961624010708,0.661081352246698,-1.07404796997502,-6.29429311248158,3.93932827417998,-1.65452968157966,-8.88102699580366,5.27006169571884,925000,1210000,-85.9554133753244,33.5174985457128
739,-5.24892227871787,-12.3182655643844,0.695939051497301,-1.09648317196048,-6.4058872965745,3.94961530218065,-1.67945394163056,-8.95239982478616,5.34371414336771,1025000,1210000,-84.8789235527341,33.4179901108821
740,-5.26422147953887,-12.4406549897826,0.74176603022043,-1.12758547361472,-6.46596923970592,3.94072974726801,-1.69843299664171,-9.05799779147237,5.41216315458501,1125000,1210000,-83.8052919528626,33.3084027135569
741,-5.26289808815836,-12.516621309228,0.791242705941023,-1.16476002821487,-6.6272671947906,3.95647367506498,-1.70821675358151,-9.18164508338353,5.54868817433187,1225000,1210000,-82.7347821525948,33.1887769558534
742,-5.26074212686041,-12.5912016721035,0.877407374289981,-1.19892674224531,-6.7825933621732,3.97696539206727,-1.70068011486113,-9.33943994912443,5.72497618607438,1325000,1210000,-81.6676503377851,33.0591513414736
743,-5.26891944138046,-12.8089147878277,1.05609598994309,-1.23355724707415,-6.97280064410977,4.10871586626743,-1.71285886047796,-9.64158359420701,5.93698816552535,1425000,1210000,-80.6041452859298,32.9195670750299
744,-5.27917748469596,-13.6042232495595,1.83445017219958,-1.25519540633101,-7.68542991344885,4.78140001101188,-1.71536745916497,-10.6276352038157,6.91822512959635,1525000,1210000,-79.5445171782623,32.7700708955299
745,-2.99360744195967,-10.7656717252346,4.24832006123808,-0.152611782784301,-6.26833876375312,5.9015061758862,-1.25182127427137,-9.8525278353598,7.0279651031488,-1675000,1110000,-113.837394306416,31.6459049480797
746,-3.05948155721737,-10.2792637976387,3.60910647221493,-0.172312677099026,-5.77689832326935,5.36262595725431,-1.21338732281321,-9.15926931458924,6.36944954331744,-1575000,1110000,-112.795190412232,31.8086231276158
747,-3.1432198801326,-9.99686769764331,3.07473086825755,-0.204257134959906,-5.53818122173242,5.01038890554749,-1.16531018660018,-8.65000492648254,6.02213798701246,-1475000,1110000,-111.748883872014,31.9615829387714
748,-3.21139735753024,-9.92105019850439,2.86454882596575,-0.236969857203492,-5.48561717241303,4.91554641843637,-1.13642640022949,-8.4453801052792,5.91472078281364,-1375000,1110000,-110.698710195839,32.1047398258897
749,-3.30646685855681,-9.91630492176952,2.64383906306647,-0.269813757330847,-5.39354632557441,4.79276117526782,-1.12326378785072,-8.34293840961284,5.77258839014319,-1275000,1110000,-109.644904989782,32.2380489411709
750,-3.39837745959962,-9.91149981092102,2.47256897243556,-0.30205702654281,-5.35141053249412,4.70062001264906,-1.09322773440466,-8.21890446529362,5.69082942127858,-1175000,1110000,-108.587709574732,32.3614671203778
751,-3.49569198026944,-9.88947392059261,2.28506452619979,-0.349677640943266,-5.36630465222429,4.61294016027738,-1.06948934792992,-8.14287798522304,5.62942912213615,-1075000,1110000,-107.527370167889,32.4749549234747
752,-3.61705095905101,-9.99630036098291,2.13658324458,-0.394301889254217,-5.3609317773769,4.47528951311613,-1.06241592667736,-8.10228152969052,5.57140517236911,-975000,1110000,-106.464140762435,32.5784778359336
753,-3.73477514671138,-10.1547400862335,2.01310370587458,-0.435755779178905,-5.35991476877098,4.42195361487786,-1.07039344766924,-8.1035203336567,5.5723451361096,-875000,1110000,-105.398273911397,32.672002209677
754,-3.83932079762046,-10.269486921634,1.90110106753041,-0.467717064655546,-5.39987243212473,4.35539596028402,-1.0774667251305,-8.13996929721287,5.63772324943332,-775000,1110000,-104.330032445637,32.7554982750351
755,-3.9517505173976,-10.379234274504,1.76700838523528,-0.495866154839906,-5.43439747557986,4.3795696102499,-1.10075638515554,-8.19244733487145,5.64055951825651,-675000,1110000,-103.259672062575,32.8289345141816
756,-4.08041163806316,-10.481780215279,1.62025550563843,-0.524879211064205,-5.4668237788439,4.36476539341603,-1.12002143145852,-8.21978043060574,5.60508348383575,-575000,1110000,-102.187465848771,32.8922910082234
757,-4.19520234194274,-10.6635663869356,1.5025072107731,-0.564111848850305,-5.5286580272274,4.35055874687202,-1.15745655298889,-8.31334541668549,5.62720772835079,-475000,1110000,-101.113679486847,32.945545638673
758,-4.31166350299373,-10.8469366124423,1.45155496728753,-0.602112434660488,-5.57265829649878,4.32688937863961,-1.19229422728625,-8.31806729469876,5.57847864570581,-375000,1110000,-100.038583745589,32.9886785130209
759,-4.42555220790895,-11.006839458878,1.35274055994526,-0.643950874012297,-5.60225185576888,4.30605762821522,-1.21798168157842,-8.41235710360986,5.58235749078548,-275000,1110000,-98.9624536059061,33.0216776262313
760,-4.53231462804478,-11.1566058795581,1.26574466029047,-0.689171933553243,-5.71737853371405,4.26227691228843,-1.24014753698756,-8.40713294652964,5.5974482832809,-175000,1110000,-97.8855633040747,33.0445296220363
761,-4.63274117654975,-11.2670933005573,1.16381069460713,-0.730937472046675,-5.77194122384359,4.23909238398418,-1.26528735194495,-8.42010266483536,5.54099478400409,-75000,1110000,-96.8081874431372,33.0572268034515
762,-4.71901990265981,-11.4200310489335,1.12992945516308,-0.771227257983232,-5.82287414158761,4.20412909164537,-1.29456708049529,-8.45946620467338,5.49732163953982,25000,1110000,-95.7306031166704,33.0597666389608
763,-4.81660869969159,-11.5980927620195,1.04989000329212,-0.807769993516172,-5.83606334092511,4.177210647918,-1.32564338848405,-8.49010015791803,5.48958749627677,125000,1110000,-94.6530886695218,33.0521478715802
764,-4.90271066884836,-11.657046516087,0.991594810832059,-0.843583571519112,-5.92564005931053,4.16307275008259,-1.36199251038049,-8.50222704326372,5.42196876911083,225000,1110000,-93.5759204103261,33.0343703962874
765,-4.96992090378959,-11.7173783383102,0.937455635436675,-0.876421872858148,-5.99764108748691,4.16872741788256,-1.40215011582728,-8.54148915135754,5.38289262669365,325000,1110000,-92.4993740906601,33.0064435248212
766,-5.02572152263091,-11.8174817314231,0.889102928249587,-0.89825401293156,-6.02843806466976,4.14128775466387,-1.43829664817732,-8.57844484540243,5.42697959195991,425000,1110000,-91.4237263954127,32.9683762441561
767,-5.06292406003419,-11.8924085903986,0.85245475975612,-0.930779962521889,-6.1059740007054,4.11386449225271,-1.48783122928205,-8.64254117268598,5.40073606645307,525000,1110000,-90.3492503196104,32.9201807345056
768,-5.10138179198707,-11.9981466552686,0.807954035735732,-0.962091657776423,-6.19608115227113,4.06401257411074,-1.53716415251506,-8.72345919769007,5.40873066687556,625000,1110000,-89.2762186596696,32.8618736521532
769,-5.13594057980773,-12.0744943752328,0.811949815420197,-0.996528140501763,-6.26465165205331,4.0009430843074,-1.58163238439903,-8.82094895103818,5.34794461238632,725000,1110000,-88.2049010059731,32.7934754567078
770,-5.1688738262875,-12.2306178535938,0.799751253130157,-1.0221617983079,-6.31546575336181,4.03372773266546,-1.61299751193674,-8.88884733256655,5.41350312974022,825000,1110000,-87.1355661122617,32.7150050059478
771,-5.18891944462514,-12.3068523446626,0.85192633677028,-1.05799140904025,-6.44941093789086,4.02491277958194,-1.64801917982624,-8.98311559590977,5.4530777031274,925000,1110000,-86.0684783819145,32.626491579767
772,-5.21203848246506,-12.4461530830768,0.850006302662591,-1.09750165850887,-6.54733652597443,4.04614291929858,-1.67374291525319,-9.09908115747833,5.51426237579035,1025000,1110000,-85.0038983416293,32.5279646812729
773,-5.2307057599758,-12.5549714372305,0.931896109329289,-1.13288365787,-6.67451041051434,4.06281791277556,-1.6886330394632,-9.29561249393755,5.6627562124169,1125000,1110000,-83.9420830441051,32.4194532572963
774,-5.22604173969455,-12.7596362657108,1.0579507565104,-1.16139493612317,-6.8017621727283,4.11202146505482,-1.7018675469308,-9.44287581727919,5.78051884770918,1225000,1110000,-82.8832857379118,32.3009943330884
775,-5.21992074132587,-12.9220287037276,1.17210011154478,-1.17961833550225,-6.98174409428375,4.21984624878675,-1.71949460254352,-9.7297537966204,5.97603285138901,1325000,1110000,-81.8277536614297,32.1726256850511
776,-5.21810096770286,-13.2941926678872,1.55685096356398,-1.1943182467494,-7.33807258677262,4.56089878256644,-1.73305943669136,-10.2418862167069,6.39197657375454,1425000,1110000,-80.7757291200381,32.0343840489595
777,-3.20016759267592,-11.0520483012306,4.06298327122639,-0.22379746031948,-6.3969888942901,5.83641081141116,-1.15892957338342,-9.89469162300181,7.24828146040646,-1475000,1010000,-111.575468462577,31.0754377465306
778,-3.25794013634729,-10.6009217816923,3.38465705035148,-0.236619172704056,-5.99124180740672,5.44371535902677,-1.14219985708028,-9.2600763635239,6.63016939385859,-1375000,1010000,-110.536481268194,31.2172666316762
779,-3.33721575733957,-10.4618386839061,3.122257583677,-0.26559083978092,-5.87219474776336,5.24269909881582,-1.12532134716604,-9.0188390877039,6.43748268940762,-1275000,1010000,-109.493979937214,31.3493258792959
780,-3.42823164562685,-10.4221672639521,2.87776256322541,-0.298716153647726,-5.81383406339152,5.16833921617982,-1.09569148784262,-8.83922939344537,6.30163452110069,-1175000,1010000,-108.448193705726,31.4715805259419
781,-3.5314201747195,-10.3826096774329,2.68969756281361,-0.349882338523725,-5.73567134022478,5.00546234793205,-1.0794947932377,-8.7303469017125,6.16897822821762,-1075000,1010000,-107.399369263344,31.5839962810105
782,-3.67275287474383,-10.3396884036586,2.34036788209818,-0.417112777554805,-5.62618275012809,4.68428731812382,-1.07874022980928,-8.5173231635768,5.94522842165474,-975000,1010000,-106.347746273466,31.6865352536215
783,-3.78161015052213,-10.4039344309826,2.19745854813662,-0.458540567540153,-5.56833829644212,4.59392311984972,-1.08959884803843,-8.5164307511401,5.94518249442771,-875000,1010000,-105.293573993566,31.7791655810601
784,-3.8899559361954,-10.519652007734,2.04720865316742,-0.487918515627465,-5.59509747807465,4.51699113462023,-1.09201994033717,-8.53850188174201,5.90638019335772,-775000,1010000,-104.237102894503,31.8618586128421
785,-3.99402804323472,-10.5997196551477,1.90542904103636,-0.512070589410275,-5.59655347111299,4.50496689856159,-1.09717923019558,-8.46456084672834,5.89494515095372,-675000,1010000,-103.178586070048,31.9345878505908
786,-4.1033157426791,-10.6620537592054,1.75900930787929,-0.533430085962509,-5.62845491929516,4.52991728251957,-1.12571131933404,-8.49052401364544,5.81423947418029,-575000,1010000,-102.118284810935,31.9973304541004
787,-4.21708542888492,-10.8413222073631,1.63180123984331,-0.567042153392197,-5.66592327949628,4.46316780002926,-1.15878582559241,-8.49117309180818,5.75665172791908,-475000,1010000,-101.056452975703,32.0500666164775
788,-4.32246426052333,-11.0022358172312,1.60621789411857,-0.607148479719162,-5.71420610542354,4.45975944106961,-1.19442935346967,-8.53734358866479,5.72115958087236,-375000,1010000,-99.9933574320077,32.0927795991547
789,-4.43324836122071,-11.1721995859448,1.51356752504281,-0.645013692118599,-5.76844179882619,4.42063262710554,-1.21077953302874,-8.56886337472371,5.74880207542925,-275000,1010000,-98.9292599273357,32.1254561213571
790,-4.53192030367741,-11.3054504298716,1.38276029001907,-0.688197351508608,-5.7900715583427,4.38716449722568,-1.23885768150411,-8.55603910442421,5.73925483951313,-175000,1010000,-97.864429132849,32.1480853605769
791,-4.61948561422301,-11.4035248564335,1.34878390819503,-0.726658918069241,-5.85670594716647,4.34195744894636,-1.25728640233053,-8.60045640350314,5.70149664858678,-75000,1010000,-96.7991277736952,32.1606587449227
792,-4.70073667268238,-11.5462530846339,1.26178351816706,-0.765405682428763,-5.90523212644727,4.32447519118611,-1.28253678544582,-8.60060776639794,5.6903183412387,25000,1010000,-95.7336245251084,32.1631736635527
793,-4.77953779614982,-11.5726708458115,1.18036058890344,-0.796200660196371,-5.9902632687228,4.31310897280159,-1.3143094145401,-8.58461651531811,5.64896686004661,125000,1010000,-94.6681883984092,32.1556285482587
794,-4.86375472108677,-11.6800891035216,1.13295750484136,-0.838543577293323,-6.03307933169805,4.2589703718554,-1.34035174481223,-8.63502441616262,5.66042206441055,225000,1010000,-93.6030868952831,32.1380256023399
795,-4.9302093923859,-11.7980329449633,1.11436850857284,-0.861571848789806,-6.07669200619918,4.24626593623401,-1.38502472690179,-8.69035965301908,5.63118125953092,325000,1010000,-92.5385887665323,32.1103712375884
796,-4.98004169050896,-11.8908237496043,1.10106481982779,-0.885648378697583,-6.09822693679332,4.25980531214691,-1.42334384588367,-8.75036734545993,5.55746751907685,425000,1010000,-91.4749572778092,32.0726750822359
797,-5.0168240107464,-11.9972280222252,1.06657917372252,-0.913676590252818,-6.21150952110018,4.26262907464358,-1.46456249355151,-8.81206782023441,5.59278530942813,525000,1010000,-90.4124602116912,32.0249475356968
798,-5.06136894479162,-12.1027813324972,0.970028111490933,-0.948520300539371,-6.28557747389458,4.21615838706346,-1.52258375134238,-8.85758312527897,5.5447074568728,625000,1010000,-89.351358815336,31.9672054728945
799,-5.09750635717212,-12.2356362466583,0.937707581676504,-0.988571595888797,-6.37559787082216,4.19771119192417,-1.5627161447773,-8.91750193022417,5.51103129559452,725000,1010000,-88.2919151330561,31.8994669356114
800,-5.13214540499989,-12.3746892495666,0.980811216288265,-1.02581861263822,-6.49132895580163,4.18991722910442,-1.59585747901583,-9.01922702585968,5.55541029697741,825000,1010000,-87.2343896070177,31.8217527396474
801,-5.15245189344085,-12.4838652858857,1.05524895182595,-1.05853976071103,-6.58322971947907,4.17454439542631,-1.63978288112991,-9.1621776652691,5.63246409566394,925000,1010000,-86.1790366091299,31.7340882768591
802,-5.1751208215996,-12.6093575422641,1.09184339804633,-1.09521274059286,-6.66764272711072,4.21887649216912,-1.67710698100617,-9.36029034792464,5.73185233210409,1025000,1010000,-85.1261097160248,31.6365015190406
803,-5.19114117875156,-12.749926030856,1.15064822806637,-1.13732998740469,-6.84032783928064,4.24304396114388,-1.6985471442225,-9.53442393141985,5.86412078058068,1125000,1010000,-84.0758533052752,31.5290207400367
804,-5.17755092285433,-12.9424556039143,1.32019373399881,-1.15959106879257,-7.02477124313988,4.32891950904804,-1.73066162390489,-9.82137135181966,5.98671784729297,1225000,1010000,-83.0285193894619,31.4116802852153
805,-5.1727138123538,-13.2003705131706,1.53774309983988,-1.17241436051942,-7.1945288938091,4.48184665894885,-1.73509492077093,-10.093719648942,6.27429058838789,1325000,1010000,-81.98434533522,31.2845136334057
806,-5.16917219343875,-13.6434223944102,1.98782838436179,-1.18152984610271,-7.6237290385247,4.86896756711706,-1.74459119701615,-10.6538659734678,6.71861637930014,1425000,1010000,-80.943571063257,31.1475643195976
807,-3.75638047952077,-11.4614213962423,3.2596691801371,-0.451254018141185,-6.47077648309443,5.50593601925488,-1.06792286153091,-9.71221034398233,7.21386542719412,-975000,910000,-106.233903913442,30.7930011802926
808,-3.84926361475948,-10.9352820680152,2.57589942459593,-0.477246538401056,-5.9926066384117,4.95754368464256,-1.07025124193811,-9.02172809081133,6.44235030232737,-875000,910000,-105.191173719878,30.8847732504244
809,-3.93379039998944,-10.8671046848772,2.33910701623936,-0.495376263144553,-5.87644878467821,4.84432765225754,-1.08601257972195,-8.92824009178901,6.30148724163309,-775000,910000,-104.146221590366,30.9666989001472
810,-4.02645003563508,-10.9346352187271,2.17238790428732,-0.515557725545231,-5.85259207333437,4.77593067650136,-1.09952847131153,-8.87282985110018,6.1932160890639,-675000,910000,-103.099290495635,31.0387495377939
811,-4.13322346373215,-10.979524256233,1.98031054440087,-0.537663650871628,-5.84249327379007,4.72944991843742,-1.12665412099822,-8.79326843872824,6.09640580788014,-575000,910000,-102.050631317018,31.1009036403587
812,-4.24874672103488,-11.075511544015,1.82601541839416,-0.563423045405651,-5.81807251828123,4.6591730189889,-1.16924440290276,-8.79681073662005,5.97456189369049,-475000,910000,-101.000493918412,31.1531456419892
813,-4.33205322883312,-11.1920915089715,1.77348646302855,-0.600693802613273,-5.86968643432472,4.67213835547493,-1.1984227401256,-8.74916818172144,5.91234691566819,-375000,910000,-99.9491316307318,31.1954575369752
814,-4.42581469106022,-11.3101342510057,1.64751524682315,-0.641345435704261,-5.91460824686427,4.6309990029881,-1.20726158621718,-8.74672852734621,5.94180954252366,-275000,910000,-98.8968017882416,31.2278250724367
815,-4.51652261267558,-11.4651847124068,1.59221770281156,-0.682428935503475,-5.93422142548321,4.53716007804731,-1.23031228866046,-8.76906826278211,5.97359498806164,-175000,910000,-97.8437607398471,31.2502407857477
816,-4.60011274551169,-11.5566046239722,1.51780116190345,-0.718306184333575,-5.99937157284773,4.51551098464442,-1.25229630478003,-8.82518522052094,5.90609508101546,-75000,910000,-96.7902670030458,31.2626954955233
817,-4.67476336362348,-11.644504517441,1.46998499193211,-0.748921201025516,-6.048268079751,4.5032238845578,-1.28633379268072,-8.82532954525448,5.89173977526839,25000,910000,-95.7365789741952,31.2651864277473
818,-4.74599362232283,-11.7328846275762,1.36023124658901,-0.779388561632176,-6.13111926528406,4.44632653403299,-1.30606344468998,-8.83267360441776,5.81794464725576,125000,910000,-94.6829536361488,31.2577131642446
819,-4.82907863974784,-11.8006424433263,1.32603382965224,-0.811686257495129,-6.16312227790113,4.42415414706802,-1.33938009243067,-8.85125513862033,5.80478658386489,225000,910000,-93.6296505556532,31.2402792611563
820,-4.89991802210147,-11.911641216137,1.28617802359183,-0.83856363246466,-6.19544041265014,4.41918873853226,-1.36638115133189,-8.87516518423836,5.77646786007283,325000,910000,-92.5769338640609,31.2128818201598
821,-4.9475491178327,-11.9997324240552,1.26869730151095,-0.86663268300231,-6.24923947586302,4.40887588894544,-1.40548549705329,-8.95700667912187,5.84221140400748,425000,910000,-91.5250556026908,31.1755414441662
822,-4.99227139305062,-12.1307261343527,1.22187797507925,-0.903316316834515,-6.34653767330593,4.37676092731517,-1.46136971746753,-9.03521040509844,5.79787578046414,525000,910000,-90.4742733085068,31.1282628871063
823,-5.03234188610074,-12.2616240370774,1.18822208988538,-0.942962038951474,-6.44503801022414,4.37517334165389,-1.50485420182015,-9.14300390550294,5.82531549523772,625000,910000,-89.4248416057857,31.0710619965013
824,-5.06863674794285,-12.3743295791993,1.1884322135915,-0.984871216606738,-6.56097919978709,4.37834379215342,-1.53813952999999,-9.09203869870691,5.79438373306331,725000,910000,-88.3770120651239,31.0039561434681
825,-5.10822347699591,-12.5717757743413,1.18553369782916,-1.02645322904421,-6.66427211302972,4.36455602094502,-1.58481927159028,-9.20643276213872,5.84540876837313,825000,910000,-87.3310388393641,30.9269644437951
826,-5.12067802599684,-12.6668807711313,1.26500422409474,-1.0611268537224,-6.79920855074928,4.41138605846786,-1.63337515301287,-9.38038178282668,5.92410455819307,925000,910000,-86.2871674206158,30.8401145867847
827,-5.14177821481616,-12.8526036691347,1.35276284797237,-1.09314556870098,-6.94307245583278,4.41239667396079,-1.66465156754305,-9.59668969442506,5.99718748124697,1025000,910000,-85.2456413167257,30.7434279376412
828,-5.15228065225369,-13.0344346564408,1.42965822836986,-1.12587527354649,-7.08930337762812,4.49947472874144,-1.69859409841518,-9.88474859829677,6.15360591526755,1125000,910000,-84.2067053342269,30.6369346283635
829,-5.1393251776052,-13.2712375889593,1.64211694294595,-1.15065414311628,-7.26749559787284,4.62920782828383,-1.73436942146901,-10.1534273354374,6.34416760828363,1225000,910000,-83.1705938009628,30.5206648527131
830,-5.12904074311411,-13.5302401395184,1.91682899239444,-1.16949649406271,-7.47186563711554,4.76979545533934,-1.75080957154693,-10.5372360570118,6.64015762036509,1325000,910000,-82.1375416668753,30.3946546309007
831,-5.12982006655721,-14.0412679221778,2.37612666025005,-1.17647432636163,-7.86935527177639,5.14666854484302,-1.76953366726721,-11.0672903677982,7.07750672235474,1425000,910000,-81.1077781224943,30.2589416930088
832,-3.91558393493684,-12.0008012301904,3.48087596820272,-0.487977509710977,-6.81513160945134,5.75856159661479,-1.06562094983207,-10.1100619118421,7.62701423461523,-875000,810000,-105.091000570475,29.9886613568333
833,-3.97325061563647,-11.4145518561154,2.85903979330976,-0.506335320324862,-6.35483504969071,5.30678423854875,-1.08393181836307,-9.59127215687277,6.91944035781176,-775000,810000,-104.057317997957,30.0698488245623
834,-4.0492367037599,-11.3754571817357,2.61059167835307,-0.521465059238387,-6.22108269961617,5.16361434761811,-1.09354511149968,-9.39997671975407,6.74600336864521,-675000,810000,-103.021718440221,30.1412522345985
835,-4.15576981634668,-11.4253511650715,2.40340067665145,-0.544647257843175,-6.19780784507189,5.09245218739995,-1.12689842330827,-9.34099418547335,6.6390679673066,-575000,810000,-101.98444715802,30.2028487864283
836,-4.28082121910197,-11.3578645487343,2.0609616661491,-0.579434213567614,-6.0304174796439,4.86610675359797,-1.18098764228812,-9.09307349706465,6.30673586588638,-475000,810000,-100.945755692911,30.2546108421076
837,-4.36187041614261,-11.4510981374453,1.99145381327683,-0.608964203685884,-6.0628140949816,4.85802455028295,-1.21084797702476,-9.09353081878018,6.27478839020711,-375000,810000,-99.9058731826072,30.2965351092689
838,-4.43654486833926,-11.5596039690198,1.92878588111274,-0.644784130188139,-6.1274681481315,4.83726699955098,-1.21934120575713,-9.07427775262027,6.21325089168385,-275000,810000,-98.8650539522963,30.3286072271536
839,-4.50524204554171,-11.6599403526824,1.82337200540768,-0.681902958867038,-6.15158383192763,4.75860305344623,-1.2305509367886,-9.04252570649077,6.20143695979838,-175000,810000,-97.8235465946411,30.3508165209493
840,-4.58005141801138,-11.7117198322971,1.7192497532713,-0.709023704955267,-6.14678994221382,4.70860007114259,-1.24565743846217,-9.03924094062173,6.15502956474864,-75000,810000,-96.7816012828175,30.3631571353753
841,-4.65815873305955,-11.8080255804711,1.65966291561618,-0.738047350060496,-6.19922795406537,4.71428385883326,-1.27806714856499,-9.07678070859619,6.10162838669422,25000,810000,-95.7394673180897,30.36562686893
842,-4.71836166049716,-11.8969074473335,1.58182269836985,-0.764814809965851,-6.25911832988296,4.6559363697489,-1.30200162947999,-9.01438752746826,6.05850496297112,125000,810000,-94.6973953640965,30.3582210695963
843,-4.80537288189808,-12.0056141571373,1.53920200513007,-0.798558639658894,-6.320901363018,4.63851107220792,-1.33958977075775,-9.11236472691305,6.08022527404106,225000,810000,-93.6556361445698,30.3409446883299
844,-4.88102949889359,-12.152639974427,1.52108257017246,-0.834040684173173,-6.37295223446962,4.62308864654096,-1.35812284491399,-9.13045670639083,6.04452211775105,325000,810000,-92.6144401135275,30.3137998957627
845,-4.93068165795603,-12.2615230571258,1.50020782625051,-0.864276088939517,-6.45949202479733,4.61311216513395,-1.39680601074065,-9.26109832906966,6.12829369190205,425000,810000,-91.5740571732259,30.2767986741923
846,-4.97255933494435,-12.4100367356671,1.4895779733981,-0.898866911474379,-6.52900979916203,4.61567508559886,-1.44637697426118,-9.36596539858663,6.17044974617974,525000,810000,-90.5347342522646,30.2299505969596
847,-5.01207795183399,-12.5819608278773,1.51212082779109,-0.938581596261275,-6.64546896692652,4.63035144898414,-1.47580328376054,-9.44788110778221,6.2197670093983,625000,810000,-89.4967206756629,30.1732690179632
848,-5.05277785145192,-12.7203507148376,1.51715731451105,-0.976039847699261,-6.75314252623309,4.64042486711132,-1.51362253081647,-9.47188701432156,6.22266552641963,725000,810000,-88.4602585391847,30.1067672387357
849,-5.08708704477406,-12.956439092603,1.61029407737448,-1.02894643302779,-7.04842822116875,4.74962727784563,-1.56190501230428,-9.66837003994293,6.41406839228559,825000,810000,-87.4255885341334,30.0304753957623
850,-5.11585148148767,-13.1175311458853,1.70143008231494,-1.05997935902289,-7.21475977090064,4.81977917240926,-1.60416733626922,-9.88188626434386,6.53147142437467,925000,810000,-86.3929516189877,29.944398272617
851,-5.12942755312025,-13.2479573219823,1.77291712304361,-1.09017343355766,-7.34874442482172,4.85292035578905,-1.65005632131428,-10.1292395231268,6.5652833744706,1025000,810000,-85.3625855729206,29.8485747694758
852,-5.12927897445447,-13.4693907084328,1.87096319767459,-1.12639231612334,-7.51098803775595,4.89817289463019,-1.71165832010233,-10.3818098856148,6.67074232535311,1125000,810000,-84.3347298107358,29.7430273275091
853,-5.10182180109646,-13.6909204771317,2.0979082030067,-1.15306058898821,-7.65622718430063,4.99225084395977,-1.75151765268956,-10.710655879715,6.76333475475583,1225000,810000,-83.3096065808924,29.6277846482538
854,-5.09844356211087,-14.0245496599936,2.44056181680283,-1.16229355270655,-7.86715800404613,5.17063180406782,-1.77530049887025,-11.1150052444339,7.05546240879959,1325000,810000,-82.2874472652973,29.5028808411313
855,-5.09583001758772,-14.4599897787246,2.89735339647481,-1.17436574340419,-8.18886221777892,5.48974276095649,-1.79122446536381,-11.6200816266848,7.48203595483026,1425000,810000,-81.2684708861615,29.3683499635391
856,-5.0890334320859,-15.6432686191269,3.97657708916944,-1.17621764364085,-9.12908010036251,6.43188789286131,-1.80508405278028,-12.992763793622,8.81903549005245,1525000,810000,-80.2528985379793,29.2242284815985
857,-4.00158972059952,-12.7514271109947,4.01427408504321,-0.518685536543463,-7.41948351510424,6.32622791469434,-1.09279456445963,-11.020049105289,8.40509152779431,-775000,710000,-103.970332729672,29.1711345184768
858,-4.02827619840362,-12.7118032768476,3.95668553658102,-0.526446818546178,-7.39414043012072,6.32707237169439,-1.09341325087047,-10.9895883894585,8.34899550400748,-675000,710000,-102.945823694478,29.2419107503682
859,-4.35978011266508,-12.252452405582,2.68171349090556,-0.612516016955434,-6.67517778794621,5.48553009959852,-1.21564463268076,-10.0009673316935,7.18541684092014,-475000,710000,-100.892206006231,29.3542821339543
860,-4.40210804323644,-11.9516687996247,2.31663068650055,-0.627903620041291,-6.44929640675376,5.16325009109024,-1.22608283710798,-9.60121560692864,6.74715019077848,-375000,710000,-99.8635538433568,29.3958378918731
861,-4.44980704383367,-11.8963512641124,2.24796197215686,-0.653142278786428,-6.41098419192012,5.06859171502091,-1.22346058915396,-9.46523678998379,6.60149804162366,-275000,710000,-98.8339955170184,29.4276273597761
862,-4.50518076228557,-11.9424002941179,2.09366238980159,-0.678260899449757,-6.40679972881966,5.00182626157249,-1.22531268871205,-9.40391776882872,6.53354495280751,-175000,710000,-97.8037712093334,29.4496414766614
863,-4.56857086858072,-11.9909369113462,1.97904407828886,-0.701241775440101,-6.38575454313339,4.96456954605517,-1.23844345270423,-9.38240881022378,6.48638589814198,-75000,710000,-96.7731222235808,29.4618719470509
864,-4.63741151682766,-12.0890211579948,1.88715834385721,-0.715352888196907,-6.41202803857148,4.98312870573474,-1.26829549031279,-9.45322890306926,6.43212945010834,25000,710000,-95.7422934190831,29.4643186321203
865,-4.70284720671803,-12.1226500720144,1.85009376702884,-0.744775265132211,-6.48525766537757,4.96707754382844,-1.29435217843236,-9.41444543251117,6.46347165171418,125000,710000,-94.7115246549036,29.4569778903576
866,-4.79469685235773,-12.3870881505907,1.9426085374955,-0.785011032030792,-6.65044107182385,5.01323026727433,-1.33559604655999,-9.61063736078298,6.66016268005622,225000,710000,-93.6810578695653,29.4398516907835
867,-4.86849625734755,-12.5570525813314,1.99020042082339,-0.819128151227503,-6.71984598595672,5.00258224041561,-1.36139024925756,-9.73804502183198,6.68461583822581,325000,710000,-92.6511375648389,29.4129484837211
868,-4.93077574842398,-12.7500882156179,1.98572115726084,-0.850766967843437,-6.84474195770726,5.02092271697199,-1.40099904948149,-9.81881624899889,6.69399507977815,425000,710000,-91.6219979760643,29.3762713439853
869,-4.97046283443882,-12.8963705922795,1.99312165292335,-0.88783945515067,-6.91710967904705,5.04602371245448,-1.43737019613903,-9.92872456206307,6.75749659839459,525000,710000,-90.5938864631691,29.329835496974
870,-4.99305305633303,-13.1385056831561,2.06899212111931,-0.921817237604862,-7.10187114100051,5.15270954195629,-1.46489439509458,-10.1191927429808,6.93460728514222,625000,710000,-89.5670427921306,29.273652339948
871,-5.01526794295264,-13.635011605188,2.47697366888855,-0.950512904933013,-7.55228201643424,5.53298812123677,-1.49588896963144,-10.6998249637476,7.46942500025076,725000,710000,-88.5417045145063,29.2077355032546
872,-5.06893141610632,-14.7768916611472,3.2664804494057,-1.1633848885906,-8.61581397061427,5.89560609394021,-1.76641272365893,-12.0808068068167,8.08142040030107,1225000,710000,-83.4456570528557,28.7328723714034
873,-5.06135482733936,-14.6322637974183,3.13263720448549,-1.17096697405573,-8.38706849312661,5.68403596297643,-1.79250886750768,-11.8271569117488,7.76687404369367,1325000,710000,-82.4341679113987,28.609029601256
874,-5.05607913783016,-15.0000571788925,3.44279259410592,-1.1776237466109,-8.63019057224714,5.89811487179258,-1.80250329254349,-12.1908020018162,8.03825952859524,1425000,710000,-81.4257589214284,28.4756302741436
875,-5.05632945725714,-15.5969196790849,4.04118752623588,-1.18297026272628,-9.13958560639495,6.34863225807732,-1.81771818972861,-12.9607785388261,8.66612703406394,1525000,710000,-80.4206503145145,28.3327141664549
876,-4.39595777258331,-12.9960785402613,3.39913535534764,-0.624930415180432,-7.32718003139333,6.11887973158919,-1.22941307677604,-10.8277696190654,8.02319126990101,-475000,610000,-100.839799170516,28.4519846347817
877,-4.42918868061909,-12.4037060599898,2.70158061301925,-0.644128301147642,-6.83704787424079,5.49752436476727,-1.24666019662913,-10.0488041148457,7.14638186492614,-375000,610000,-99.8221410586447,28.4931897923187
878,-4.47243587110044,-12.3648742662236,2.57924046907135,-0.657016792946659,-6.7569885018792,5.41355650239888,-1.24260902773982,-9.92820452125689,7.054083099686,-275000,610000,-98.8036037532023,28.5247088807883
879,-4.50169643656999,-12.3735999932189,2.44512651982341,-0.674720658960851,-6.73928252972272,5.35984345927668,-1.2417573424146,-9.83560219724064,6.92202719680866,-175000,610000,-97.7844205006506,28.5465353882343
880,-4.54896945060846,-12.3935596806348,2.37774073932357,-0.690002887432246,-6.7080033310679,5.29784911342327,-1.23937141443163,-9.80778970014936,6.92146765856799,-75000,610000,-96.7648271835526,28.5586625642858
881,-4.61581936747935,-12.6686457166784,2.4816529133447,-0.703535306721182,-6.8921272027595,5.50891598819543,-1.25676992982063,-10.1366093837727,7.18768691928315,25000,610000,-95.7450594404413,28.5610887774951
882,-4.66298985332058,-13.1316689607433,2.84317402476457,-0.726482417777961,-7.34784384521503,5.85521125620563,-1.26545339203507,-10.6435187395569,7.7488137057261,125000,610000,-94.7253496516552,28.5538106653276
883,-5.03076192880178,-15.638217870508,4.06492681356824,-1.18340020878404,-9.20353124651408,6.45459590203294,-1.80431191703763,-13.0371141826608,8.79756281343255,1325000,610000,-82.5778001011611,27.7129348158714
884,-5.02969274241973,-15.5925183847634,4.09930618762459,-1.18834100669122,-9.18356668119635,6.40936828227423,-1.81978490130318,-13.0297483433786,8.69407810244075,1425000,610000,-81.5797498080299,27.5806225765842
885,-5.02635952529362,-15.9390009313286,4.44838317586565,-1.19644407563087,-9.46995537997282,6.6614765758861,-1.83549646714367,-13.4092297000952,9.0803282305391,1525000,610000,-80.5848967856478,27.4388599433824
886,-5.01106343436996,-16.8945381281996,5.45926426423004,-1.19942851897699,-10.3427626360304,7.54433204573518,-1.84509773691294,-14.5724501282,10.2096211081763,1625000,610000,-79.5934442932274,27.2876851795014
887,-4.45428103285119,-13.1564812068975,3.37142528372494,-0.649771505795646,-7.42716753383848,6.13598458943906,-1.25082362934385,-10.9768227508724,7.99588302412778,-375000,510000,-99.7816056004002,27.5884209095092
888,-4.4826679013249,-13.0023808318534,3.0336899718653,-0.654433201118691,-7.20118204266599,5.90081488028758,-1.25584958811141,-10.5906751329742,7.61986228569149,-275000,510000,-98.7738559594508,27.6196803654525
889,-4.49927120830112,-12.9469367916691,3.00219753081346,-0.663247108182131,-7.18889252134288,5.89217310182627,-1.24217392497371,-10.4805925123269,7.59863095660499,-175000,510000,-97.7654811441418,27.6413270736729
890,-4.51056214545013,-13.1847673386923,3.16136516039998,-0.664065383885179,-7.39492449316029,6.03371421379421,-1.23881661822718,-10.7570518998043,7.85291361422331,-75000,510000,-96.7567093281511,27.6533554899831
891,-5.02884677369857,-16.49512820577,4.87454973474137,-1.18513708113162,-9.85508807232343,7.13338457196244,-1.80377040298858,-14.0246166719075,9.6935398631017,1325000,510000,-82.7184446400312,26.8144392584395
892,-5.0191766893736,-16.2319177508931,4.68029248645207,-1.19066186638858,-9.65486677612273,6.93304585193062,-1.82760959369093,-13.669786506125,9.32545985790731,1425000,510000,-81.7305465487477,26.6831660478232
893,-5.01586549432521,-16.3907835954658,4.91881266339896,-1.20006674173596,-9.89269050454903,7.09574587523223,-1.83220798822756,-13.865111737577,9.6062267620804,1525000,510000,-80.745748026708,26.5425084849531
894,-5.01064790018212,-16.8878685557971,5.43943822438729,-1.2036950470796,-10.3234473802054,7.49952637231048,-1.83059293648406,-14.5217055736383,10.1867839028198,1625000,510000,-79.7642440538776,26.3925027330855
895,-4.47994833628774,-13.9628988263394,4.05829549225356,-0.658214737373647,-8.03387171331618,6.74633070102918,-1.26217148658157,-11.8389415434209,8.81345332864753,-375000,410000,-99.7419201953412,26.6813602201636
896,-4.49342388508203,-13.5188977805595,3.51235246182782,-0.665686810673276,-7.65318760567839,6.31050284791491,-1.25461549483259,-11.2262346462404,8.25850333915382,-275000,410000,-98.7447346457662,26.7123724146124
897,-4.49860524489832,-13.5490281201927,3.53161348749949,-0.665997624591081,-7.67235367572241,6.34368000478869,-1.24709764384367,-11.1617974829095,8.26723841039689,-175000,410000,-97.7469409873041,26.7338467365782
898,-4.50124849165276,-13.8660238680027,3.82810047903319,-0.662514938493393,-7.9384610060325,6.58602185962083,-1.24255025394392,-11.4883765436242,8.63889340203913,-75000,410000,-96.7487635710306,26.7457778544979
899,-4.99630799659125,-16.9246483267145,5.52883606575968,-1.19135618905384,-10.3617490671741,7.7280785119758,-1.83170397453843,-14.7073856896723,10.3090375060815,1425000,410000,-81.878244686014,25.7831008713119
900,-4.99460840345453,-16.9143845533643,5.44302315231249,-1.19577311841531,-10.3337528239146,7.61899424897237,-1.82813882581019,-14.6565404693775,10.1697323058057,1525000,410000,-80.9033047976919,25.6435018135794
901,-4.99068655543803,-17.1748659647623,5.80328134411139,-1.19633587453057,-10.5971288663343,7.868180459016,-1.83263965289251,-14.9661050147918,10.6101071213873,1625000,410000,-79.9315578597677,25.4946134628712
902,-4.49073423424088,-14.4579317304062,4.43671172152684,-0.67178274014915,-8.47520039422284,7.08699341033367,-1.25501152194598,-12.2950511299098,9.40140309658409,-275000,310000,-98.716210420344,25.8026137935416
903,-4.49338923324364,-14.2410645282828,4.1962825176001,-0.661994911623967,-8.19780961637776,6.95411219385986,-1.25116873120651,-11.953203723106,9.06622989334385,-175000,310000,-97.7287863742879,25.8239260818634
904,-4.49782367059974,-14.6542545406007,4.54184317652618,-0.662106075289552,-8.57303175613161,7.24267714475666,-1.24099844198425,-12.4189398553949,9.53503184825936,-75000,310000,-96.7409844529545,25.8357647579242
905,-4.98532905723188,-19.0720329433783,7.5969774083882,-1.19910509337684,-12.2349929504788,9.52501850837616,-1.83467955264769,-17.306094518993,12.9070628675071,1325000,310000,-82.9911318916856,25.0095908443845
906,-4.99047740363162,-17.6273618718733,6.16617201214601,-1.19661954065499,-11.0125935990372,8.32737597891465,-1.83366615359595,-15.6101482439081,11.143594816044,1425000,310000,-82.0229437252732,24.8802638701045
907,-4.98967967549232,-17.4595586081547,5.97926651169061,-1.19082472096146,-10.8149697213587,8.15723516504822,-1.82272026603125,-15.3371202760145,10.8893757654112,1525000,310000,-81.0576693487307,24.7416782746969
908,-4.99206723136971,-17.8116145252449,6.35504455767057,-1.18996048647306,-11.0315169928401,8.40243551478407,-1.83634221873408,-15.7857481535709,11.2453344683889,1625000,310000,-80.0954929633818,24.5938615514206
