"cell50","year","mu_mean","mu_q025","mu_q975","lon","lat"
6,2008,0.00480486858774384,0.00119497293519481,0.0111277139297382,-121.265128723774,48.994555393664
7,2008,0.0152509418050996,0.00774000054011554,0.0269967768076711,-120.612805474797,49.1126837672064
8,2008,0.00507883663617442,0.00177205664393772,0.0153899378699467,-119.958104358564,49.2278348396007
14,2008,0.00774117013105852,0.00204540877178879,0.0180340910805357,-121.089036419193,48.555629878705
15,2008,0.0573361624278033,0.0339414140590196,0.0840244627288774,-120.440842673788,48.672733234681
16,2008,0.0779698612746513,0.0411809287555008,0.132898890030573,-119.790313872131,48.7868865773491
17,2008,0.0302164145619877,0.0145867597242121,0.0522562214241704,-119.137500463454,48.8980721978474
18,2008,0.0273775362684569,0.0120443917135178,0.051728104849909,-118.482453966982,49.0062653448723
19,2008,0.0550963507956995,0.0227103598406589,0.108231240527242,-117.825219759276,49.1114538833663
20,2008,0.0399956597728677,0.0134085903224898,0.0963272787028473,-117.165854351124,49.213617147949
27,2008,0.0492961751155862,0.025057757283763,0.086710501412785,-120.27121456213,48.2333626190998
28,2008,0.069401645028206,0.0315507924874763,0.126124412525499,-119.624814650583,48.3465402327626
29,2008,0.134753023374948,0.0692561667723679,0.23191185219241,-118.976175551119,48.4567680841763
30,2008,0.172578847628037,0.0937685217692641,0.283730295421292,-118.325346401563,48.564029742441
31,2008,0.188493676884205,0.135287302936489,0.258441738391615,-117.672375597358,48.6683051194705
32,2008,0.110971336400822,0.069629429701871,0.171563931166028,-117.017316446554,48.7695743758115
33,2008,0.0855021508518314,0.0494833447102971,0.140100150501524,-116.360221072417,48.8678199767522
34,2008,0.0797057444751237,0.0377543032878039,0.139995016300512,-115.701143087202,48.9630258969627
35,2008,0.0473871540103837,0.0290114249130467,0.0742121653675184,-115.040136094933,49.0551758980945
36,2008,0.0371790834405066,0.0224514096950913,0.0577433277999708,-114.377255928809,49.1442541785679
37,2008,0.0289824567832118,0.0199941237451859,0.0403261656815142,-113.712561201883,49.2302453010975
38,2008,0.0304195107442666,0.0100486904080269,0.0734197416351003,-67.9000250105137,47.4934264776634
48,2008,0.308953044453412,0.140114625314165,0.575913671032714,-118.170381383063,48.1224031571419
49,2008,0.264752756411423,0.17897996144301,0.379517060884378,-117.521623369245,48.2257868101742
50,2008,0.188563995721144,0.132993075667905,0.260996034345216,-116.870816677498,48.3261864091953
51,2008,0.0832319214419778,0.047173892941666,0.132928328899108,-116.218015973647,48.4235822996474
52,2008,0.0854878035642615,0.0517390518104649,0.127941277303297,-115.56326990492,48.5179625451974
54,2008,0.0625170617175678,0.0385621541353266,0.094227884797626,-114.248169681455,48.6976058532625
55,2008,0.105428089010869,0.0761689854400398,0.144467109575683,-113.587922894349,48.7828372654218
56,2008,0.0522646224661283,0.0192045824588106,0.10889611900664,-112.925954282071,48.8649870003599
60,2008,0.0288520419792325,0.00547986579773117,0.0807390744417913,-110.262024903585,49.1624886658511
62,2008,0.381139451347535,0.188629795140755,0.670664773460258,-69.3497434925368,47.3166834397276
63,2008,0.472147286589528,0.223320585710977,0.860613932966784,-68.7190892921395,47.190084100331
64,2008,0.490332448340475,0.271290904578607,0.807604303906997,-68.0908928553389,47.0606651056672
65,2008,0.116734074908492,0.0591187444339651,0.204528767105448,-67.4651983439585,46.9284486236964
72,2008,0.00840866333697827,0.00147699473951563,0.0232877495897385,-120.574861976244,47.2420031643778
76,2008,0.157484659183136,0.0897035318290381,0.251110587021737,-118.017514067676,47.68134777365
77,2008,0.155620005420063,0.104183913539702,0.226063834593509,-117.372920136676,47.7838610764382
78,2008,0.235495762070147,0.162400543557939,0.336295448858784,-116.726314268227,47.8834122922538
79,2008,0.157200751835076,0.0945647310307285,0.24152362848028,-116.077755087246,47.9799818698788
80,2008,0.165543605030095,0.104411580506778,0.248558796109798,-115.427287835665,48.0735557608927
81,2008,0.0499654511730727,0.0260417532812851,0.0837596641293382,-114.774974410224,48.1641173770118
82,2008,0.0484385290535824,0.0281114389967243,0.0761257013327349,-114.120865028685,48.2516520248398
83,2008,0.170715927006403,0.111613436609391,0.24785275524503,-113.465009639246,48.3361436908319
84,2008,0.0711398902858568,0.0360901080722133,0.128696423303833,-112.807466634735,48.4175783877576
92,2008,0.0280246813506724,0.0135799306545709,0.0500761380853021,-107.493395159889,48.9573499576627
94,2008,0.0630037454135638,0.00966341810582125,0.188950694483641,-106.152156667735,49.0608164945375
97,2008,0.236028555411424,0.0165649261562132,0.925101843521173,-104.132855499805,49.1920783173635
100,2008,0.645472779565373,0.428546434037684,0.937970459328909,-69.5305289572354,46.8822366835495
101,2008,0.654835135207238,0.429558639944642,0.950311656494231,-68.9036837191155,46.7566505633992
102,2008,0.345292103499757,0.213067632289013,0.526483689860662,-68.2792539113464,46.6282572225885
103,2008,0.1606242681515,0.103568021159001,0.235348898975283,-67.6572724385743,46.4970843359059
114,2008,0.152897700645318,0.0777045239210347,0.26326863573225,-117.866704919148,47.2408178782891
115,2008,0.299920123319558,0.205933310797561,0.42682261708241,-117.226219771308,47.3424850688003
116,2008,0.263736522224441,0.190547452919814,0.357940681125023,-116.583766817315,47.4412092581095
117,2008,0.136206527593553,0.0836155506935152,0.207041334982143,-115.939397629601,47.5369728113951
118,2008,0.154172339809364,0.0988477793652203,0.229403531122561,-115.293161243123,47.6297603798853
119,2008,0.0480229552673485,0.0244280904806027,0.0856469246336464,-114.645111768531,47.7195572370623
122,2008,0.116606355233769,0.0723386449448786,0.178777055460513,-112.690610518949,47.9708590123778
123,2008,0.0710863932178698,0.0159512812752743,0.19099663020919,-112.035840782544,48.048549086942
130,2008,0.0301589721235181,0.0105628056907796,0.0673635058825405,-107.412587066948,48.505935287017
134,2008,0.215123471850013,0.023392614219581,0.734143460894823,-104.744703388572,48.6983867024283
137,2008,0.291640434503805,0.102341123173629,0.625804551969147,-102.734451266843,48.8093776896219
139,2008,0.152070620116946,0.0548938401975456,0.32589357210956,-101.390806404747,48.8673844104542
140,2008,0.175208883770945,0.0572979304257428,0.394326219611904,-100.718143786867,48.8915713891201
141,2008,0.082558863971377,0.0083080017370874,0.269915005548817,-100.04500567428,48.9125444540545
146,2008,0.0643082126078488,0.00424572260384253,0.219771023004846,-96.6745640527728,48.9690518567947
147,2008,0.0630980505902463,0.00449542603230538,0.211716716741364,-96.0000064893933,48.9706680856778
150,2008,0.152978248632444,0.0579812930905503,0.319926875703409,-70.3343511214951,46.5699500753741
151,2008,0.635982953000767,0.42472763956637,0.923524512731221,-69.7089436445446,46.4481548004831
152,2008,0.61585729930803,0.412274045268436,0.87701313993876,-69.0858685956939,46.3235551326322
153,2008,0.312561092004639,0.210565859488825,0.439811296390153,-68.4651588887034,46.1961684346516
154,2008,0.212471414151676,0.129262880059271,0.324052759287626,-67.8468570793633,46.0660136069417
165,2008,0.0306692491775453,0.00982275303643834,0.0629804299554127,-117.71791068899,46.8007779901175
166,2008,0.147356947586409,0.107295324548832,0.198612614767192,-117.081487575634,46.9016186184269
167,2008,0.195023246777209,0.124848843253715,0.293562426493493,-116.443136033377,46.9995353119642
168,2008,0.0859444911203587,0.0422316494103391,0.149812776334193,-115.802904751804,47.094512472278
169,2008,0.107048287099202,0.0569154827476212,0.180832096006076,-115.160845736921,47.1865339418036
170,2008,0.00956216583264655,0.00467791898051613,0.0170034015700917,-114.517008587968,47.2755858069188
171,2008,0.0177535960475844,0.0100504903911386,0.0286461315429855,-113.871445050628,47.3616548062373
173,2008,0.157437264453267,0.0818408180359654,0.286989216226044,-112.575350261847,47.5247839547667
174,2008,0.0196243017058102,0.00485614101091122,0.0492034021532245,-111.924928927009,47.6018169236374
175,2008,0.025664685425815,0.00695194324932453,0.0615017271631862,-111.27299749329,47.6758117659898
180,2008,0.0305179656006958,0.00553087538845934,0.0829535138798337,-107.992691893929,47.9997729188431
182,2008,0.0656461268209604,0.00957369605505827,0.20195377899742,-106.672031972892,48.1076757168689
190,2008,0.0939687693891138,0.0375689776238988,0.179153708744546,-101.352891440655,48.4135621124951
191,2008,0.0966959731095127,0.0332191122347259,0.199857453174218,-100.684939981041,48.4375354833297
193,2008,0.429402039196623,0.0795498726389429,1.16519413767154,-99.3477157576692,48.4759171103027
194,2008,0.171801489360479,0.0400228192681725,0.43867398831978,-98.6785717942889,48.4903184128158
195,2008,0.156145531582533,0.0364654151498521,0.398335562321298,-98.0091610849095,48.5015216972278
198,2008,0.168029954267547,0.0511703391482333,0.365969376342078,-96.0000039201961,48.5159308092361
199,2008,0.10776831212525,0.0325689835239264,0.239082195390353,-95.3301960390057,48.5143309353046
200,2008,0.105553453151596,0.03518564980199,0.222774364596499,-94.6604508757051,48.5095282213004
201,2008,0.090676758390059,0.0294845393490644,0.195338419266457,-93.9908380770121,48.5015239659039
202,2008,0.0336124905461495,0.0147262422375265,0.0624440185872756,-93.3214253392893,48.4903201870313
203,2008,0.0477050325764814,0.0210888111893135,0.0864625378670402,-92.6522759066935,48.475915935041
204,2008,0.060718771097395,0.0328228958499445,0.100945654795533,-91.9834602721287,48.4583175724916
205,2008,0.063059967644724,0.0344862760609643,0.102874495726931,-90.6471165275859,48.4135638055177
206,2008,0.174138026352612,0.12733396034189,0.235673528103167,-88.6466915320881,48.3225626176597
207,2008,0.0811461635550187,0.0268482399996143,0.172969061103475,-70.506668638906,46.1352523753917
208,2008,0.5073826504801,0.372212355659777,0.674108212643902,-69.8850338348487,46.0144072259477
209,2008,0.599902669293885,0.438006436373587,0.809432243463527,-69.2656832950739,45.8907710876627
210,2008,0.498817820571734,0.304641889366188,0.784198161289009,-68.6486564041498,45.7643644904214
211,2008,0.193132679890754,0.110723597291538,0.303384688067651,-68.0339922602737,45.6352042746021
212,2008,0.173378179634339,0.0980084685271628,0.284988261473031,-67.4217284444601,45.5033085389255
222,2008,0.0082135001282984,0.000606210701739474,0.0278404937027119,-118.830049766138,46.152469381733
223,2008,0.0325398461054918,0.0121817815511389,0.0654555880542045,-118.201563406335,46.2582657048174
225,2008,0.116617046803391,0.0675962161559679,0.187095791400377,-116.938683807989,46.461222370979
226,2008,0.129627910590038,0.0920046852027446,0.178159080012068,-116.304384196972,46.5583517046871
227,2008,0.0744685612836945,0.0265095045394612,0.154550674895337,-115.668241638533,46.6525615767592
228,2008,0.118889929485608,0.0598723287671092,0.209891410973742,-115.030306303664,46.7438354709386
229,2008,0.0122493095063802,0.00734905048178467,0.0189116565516364,-114.390629531162,46.832160286886
230,2008,0.0156227024730084,0.00971477166922714,0.02314195936621,-113.749260122114,46.9175251022855
232,2008,0.194414824987075,0.114440209700134,0.319034212096895,-112.461655084182,47.0793087013163
245,2008,0.0965494821623828,0.0193857380400488,0.257287126099824,-103.962894873036,47.8339743825041
247,2008,0.124973562838571,0.0182106689291545,0.393390996800221,-102.640490790603,47.9035479230808
249,2008,0.0755082904233606,0.0310973039857052,0.150027518821179,-101.315505768706,47.9605404832261
251,2008,0.22747380412407,0.047293462811863,0.587555630752759,-99.9884473692496,48.0049104357337
253,2008,0.0965914649506572,0.0291473125670329,0.215930603385587,-98.6598330133486,48.0366278684214
256,2008,0.0771732509889958,0.00933514012056431,0.256468137985825,-96.665122546838,48.0604279296598
258,2008,0.0896637704353866,0.0279795550782855,0.192256387703657,-95.3348823145924,48.0604298280833
260,2008,0.0793985566972899,0.0276499324779982,0.162538351740783,-94.0048959270843,48.0477350463897
262,2008,0.0473002771708267,0.0213476511363565,0.0839156655808301,-92.6756942817593,48.0223511455104
263,2008,0.119093459793323,0.0731676426500667,0.180769129472218,-92.0115504398173,48.0049117563328
264,2008,0.102591550109554,0.0629433364582453,0.156547655126939,-91.3477975209589,47.9843065564997
265,2008,0.259237775028331,0.184246724102758,0.358204721834344,-90.6845036809804,47.9605399161754
266,2008,0.177409192158438,0.121325954831913,0.251944992190494,-90.0217221165395,47.9336226989668
267,2008,0.436317237655311,0.311417904874169,0.600057913957288,-89.3595260117118,47.9035575485126
268,2008,0.303622202618529,0.218032720828183,0.410450562104433,-88.6979622211281,47.870332034353
269,2008,0.0966321189140835,0.0327384885167142,0.198958806873942,-70.6767402542768,45.7008752966752
270,2008,0.396844980371752,0.296298816721347,0.520499360020868,-70.0588362662863,45.5809568985751
271,2008,0.420764186830631,0.317144917676384,0.550079841768991,-69.443173730937,45.4582639237871
272,2008,0.199524342803885,0.124537814680442,0.294002493902682,-68.8297909872228,45.332814591009
273,2008,0.17480294539807,0.0996897389906692,0.276399445604231,-68.2187269301224,45.2046259432757
274,2008,0.188695854384419,0.109154589346493,0.296954538626308,-67.6100186718221,45.0737155823609
275,2008,0.0203787524622122,0.0105700038616224,0.035041663750085,-67.003702269256,44.9401012433577
290,2008,0.0795696063805562,0.0153977112469185,0.220209909488022,-115.535374198856,46.2110823086983
292,2008,0.0978232284073201,0.0628561372610046,0.144149518919443,-114.265944462349,46.3892456788843
293,2008,0.100896237352648,0.0641127628768811,0.149585448225078,-113.628715560547,46.4739211444767
295,2008,0.0943292459768411,0.0543751454929368,0.152848170141912,-112.349491918944,46.6343911984023
296,2008,0.056648674644124,0.0228180685706824,0.116470654402481,-111.707601287673,46.7101626793575
300,2008,0.0374685080125505,0.0092501812510797,0.0941292060915486,-109.126073329897,46.9831825089554
312,2008,0.0922746930027755,0.0400844734780082,0.17114324947744,-101.278638743776,47.5082698888487
313,2008,0.0885113781492167,0.0381117787157151,0.169478327115131,-100.619921785345,47.531830613475
315,2008,0.343242759598095,0.0269385535491273,1.29039360287174,-99.3012171828397,47.5695522684754
319,2008,0.0673619428808897,0.0109342819016946,0.191429855746489,-96.6605002482872,47.6073015223553
320,2008,0.0310545988570649,0.011289140369264,0.0627418576502565,-96.0000015309552,47.6088744950346
324,2008,0.019913680294079,0.00932206106997371,0.0349764979887406,-93.3586432756584,47.5837062006271
325,2008,0.0221886735324435,0.00963681851037,0.0415509438187762,-92.6987836625179,47.5695488190079
326,2008,0.0645100432877491,0.0423998589779888,0.0932455883709055,-92.0392406177524,47.5522583542852
327,2008,0.0692264665985369,0.048189107751421,0.0961878258833615,-91.380080170463,47.5318319865671
328,2008,0.172171223886986,0.0943704465630142,0.289523855442513,-90.7213647962847,47.5082714380863
330,2008,0.0271683557076892,0.0113938833474608,0.0526178784021846,-88.0921950487924,47.3827812490345
332,2008,0.191853937278568,0.125739817969774,0.274337960314447,-71.4609849289288,45.3830240963321
333,2008,0.552373307542666,0.370677223500096,0.790009934334588,-70.8446113305664,45.2667870166081
334,2008,0.422568756176737,0.274465129626566,0.615318013686747,-70.2303972745836,45.1477740738739
335,2008,0.1588446101441,0.0948922128240076,0.243839380687843,-69.6183834728863,45.0260023279712
336,2008,0.0277399004448569,0.0164928338362981,0.0440058010451603,-69.0086087274,44.9014884763742
337,2008,0.0337341925474459,0.0212110025530924,0.0507177446319272,-68.4011099872722,44.7742499377212
338,2008,0.0418883666786883,0.0201048715148559,0.0771269478707312,-67.7959203736645,44.6443029250288
339,2008,0.0125735980454486,0.00474238510725457,0.0262376989618274,-67.1930813361053,44.5116647668273
353,2008,0.12535999525033,0.030719054469032,0.318510804339514,-116.032373562756,45.6773045017994
356,2008,0.110408012716876,0.0753068090819811,0.155650170315418,-114.142918787608,45.9467992917977
357,2008,0.243644639739412,0.130144436878177,0.414304367836675,-113.509780049327,46.0308013550754
358,2008,0.127852662180946,0.0662809908347301,0.226206602456427,-112.875069121501,46.1118702559755
359,2008,0.134177485663397,0.0759108500245778,0.216348475597336,-112.238833155574,46.1899909150082
361,2008,0.0766369029124892,0.0260302055122384,0.176053139850601,-110.961991642417,46.3373407404143
362,2008,0.120611312336812,0.024955651918959,0.322491981940805,-110.321492639281,46.4065460013088
374,2008,0.0446094636205753,0.0100366104156425,0.118561652194502,-102.549113998863,47.0006697792495
377,2008,0.0752526797596212,0.0324923221846498,0.142838677755155,-100.588086898593,47.0800669034272
380,2008,0.0752137278339968,0.0146444228179966,0.204028598376152,-98.6231351464366,47.1315018356793
384,2008,0.0275556151141194,0.00997809541168103,0.0573908656257525,-96.0000014210416,47.1564591286036
385,2008,0.0227523834721024,0.00911657684272148,0.0440540675365607,-95.3440610906269,47.1548997101512
386,2008,0.00672232171645221,0.00138783792686752,0.0184337233411182,-94.6881835301603,47.1502194986402
387,2008,0.00674792882052955,0.00148561932770949,0.0180793304099805,-94.0324313689751,47.1424200620507
388,2008,0.0129685836843907,0.00605247154004975,0.0234859005095068,-93.3768684788266,47.1315042772383
389,2008,0.0150270760822721,0.00765387101537273,0.0257850576360574,-92.7215517641475,47.1174662695802
390,2008,0.0477949991153738,0.0335714788675307,0.0656302575157579,-92.0665480964572,47.1003219121314
391,2008,0.0247589373097292,0.0158623155328251,0.0364834795557175,-91.411919140626,47.080066671644
395,2008,0.0208700142823157,0.00737454942362537,0.0453504016239637,-88.7983682463696,46.9680095197817
396,2008,0.0683103714208258,0.0258430515986277,0.142605145614176,-88.1465282163012,46.9322626269099
400,2008,0.0259551217600359,0.010824844530253,0.0500249282492886,-84.8996139174757,46.7074451795175
401,2008,0.0624802228411671,0.0419135080800084,0.0913922007336697,-84.2530916965949,46.6533170768607
402,2008,0.0152534541343057,0.00702171626056532,0.027675660256515,-72.8545671804252,45.1707175557146
403,2008,0.0686267912997199,0.0390761027296824,0.111354339368505,-72.2377690339484,45.0609176362494
404,2008,0.286070418430231,0.215548708629369,0.371454441812445,-71.623004821057,44.9483239475011
405,2008,0.372755038774425,0.278716084308587,0.486164319693311,-71.0103245125402,44.8329569723512
406,2008,0.23113673971668,0.155989388050321,0.321924786963906,-70.3997618876306,44.7148280484738
408,2008,0.0131490921828537,0.00783143443733256,0.0200650785606724,-69.1851491926563,44.4703556289223
409,2008,0.00862041754187188,0.00437571910169167,0.0146780207393452,-68.5811796096497,44.3440438142203
410,2008,0.00569195537039529,0.0025489176774545,0.0106238926723433,-67.9794674536805,44.2150381678463
425,2008,0.0628658123561313,0.0316955948855456,0.110513855188285,-115.899043609178,45.2373659678815
429,2008,0.154292665351022,0.0730235445120775,0.271625767265304,-113.392423274916,45.5881268522259
430,2008,0.230899814305505,0.131826275538116,0.366764257496003,-112.761782717815,45.668560394512
431,2008,0.156039938537112,0.0961485753359617,0.235078975914239,-112.129648168408,45.7460666303337
432,2008,0.0541276353202087,0.024819190832438,0.0990778169263114,-111.496069838998,45.8206357339976
433,2008,0.0594488764500118,0.0363230677753377,0.0917684085656518,-110.861095209611,45.8922511477705
434,2008,0.0912408613979566,0.0350415691014954,0.186342698056371,-110.224782157076,45.9609058296223
446,2008,0.0771037925858854,0.0124545942485761,0.239561207653494,-102.504359482585,46.5502197979077
449,2008,0.0589308783046723,0.0247415114843394,0.117937766482017,-100.556682467185,46.628963215207
455,2008,0.00641026167469579,0.00149618341652381,0.0162802860851338,-96.6514455641382,46.7031750500181
459,2008,0.00806248989628263,0.000998567647572104,0.0260668569216735,-94.0459175605674,46.6908001888111
466,2008,0.0275619578052887,0.0135857374691254,0.0467910501713811,-89.495641467529,46.5502179985882
467,2008,0.0294093618071979,0.0148474009706165,0.0489186388316232,-88.8475490096495,46.5178274876557
468,2008,0.175378098729739,0.121745808800444,0.243129816206188,-88.2001219559999,46.4823737145273
469,2008,0.0514400259067661,0.0341150833719731,0.0733289612653576,-87.5534181875996,46.4438629758044
470,2008,0.0193685655285536,0.00759652379804641,0.0389552874515134,-86.9074986216507,46.4023015077598
473,2008,0.0404199901183035,0.0138972413071664,0.087001570303411,-84.9750218889303,46.2593857530883
474,2008,0.0318667265941682,0.0183688967807975,0.052702531758773,-84.3328128514277,46.2056954551487
475,2008,0.0255767343070955,0.0162106413185928,0.0384132809200731,-83.6916711082702,46.148994515225
476,2008,0.0146660516506349,0.00713270688364503,0.0260929456222393,-74.8578824783345,45.0447534768746
477,2008,0.00755301702427626,0.00388429617588872,0.0130035338618117,-74.2390646929974,44.9441892239489
478,2008,0.00771857121897113,0.00356196855406211,0.0146103780048124,-73.6221190079452,44.8408043371509
479,2008,0.0278599912582678,0.0208704659724805,0.0363574039600276,-73.0070899103365,44.7346122701868
480,2008,0.0810255329264029,0.0586130381974197,0.109416717929999,-72.3940193534542,44.6256304954353
481,2008,0.192581900185697,0.131377432964392,0.27013541724341,-71.7829490331442,44.5138718581006
482,2008,0.322276904800381,0.235179124162375,0.437232874997465,-71.1739155676505,44.3993521111248
483,2008,0.0413639268652283,0.024220951793056,0.0656962806713742,-70.5669648684642,44.2820880757187
484,2008,0.00983786278402845,0.00554246320958395,0.0158378874842426,-69.9621320691256,44.1620946888982
485,2008,0.00852688686016665,0.00321668535321889,0.0175930823405295,-69.3594555418116,44.0393876523552
500,2008,0.0337772299557663,0.00973637422437901,0.096187354467165,-116.386015924015,44.7036044928699
501,2008,0.0694050922803443,0.0355319897237316,0.117454163747486,-115.76745079886,44.7977710589561
505,2008,0.134491595347682,0.0655889984964701,0.232078340241251,-113.276610256061,45.1458605536931
506,2008,0.115522610428537,0.0711294199233506,0.174464609999474,-112.649991533319,45.2256746420955
507,2008,0.149038878494014,0.0945671806193122,0.219678052598125,-112.021907387769,45.3025808168921
508,2008,0.130995161480073,0.092036817535097,0.182987824207478,-111.392409141963,45.3765718394876
509,2008,0.120970606942222,0.0849288983957323,0.169426557212592,-110.761541185407,45.4476302633058
510,2008,0.169437603064496,0.0583287784696709,0.352568724798679,-110.129361108498,45.5157474428831
541,2008,0.0225672039076937,0.00700690960713054,0.0473236711549799,-90.1841103875549,46.1294542868697
542,2008,0.0246866944181455,0.0115894875712382,0.0433195177975656,-89.5397896731285,46.100368656793
543,2008,0.0214551668527236,0.0104344640157654,0.0368463168203048,-88.8960649763765,46.0682394388238
549,2008,0.0120849683289975,0.00423616841019476,0.0267139278037465,-85.0494174511804,45.811868636415
552,2008,0.00997431087816108,0.00441599706160898,0.0185186791529462,-75.613984086982,44.7036027269212
554,2008,0.0188779213270182,0.0111803043520921,0.0292770448799036,-74.3821449942201,44.506789421891
555,2008,0.0246503952741761,0.0138058224281567,0.041173401036401,-73.7689588899771,44.4041712809705
556,2008,0.0251515956401906,0.0181747835243213,0.0340872642895807,-73.157654155756,44.298761588991
557,2008,0.0507646215077247,0.0389632777335924,0.0649256110754403,-72.5482698612843,44.190578652805
558,2008,0.177172318581303,0.1409710865085,0.219920697589363,-71.9408481310075,44.0796341005252
559,2008,0.220766395176341,0.17145223750699,0.279138947985797,-71.3354244189059,43.9659451531973
560,2008,0.019502350383262,0.0117178345719952,0.0298343555290247,-70.7320490133694,43.8495249221951
561,2008,0.00275433524195495,0.0012311581880552,0.00502556157253291,-70.130750482445,43.7303904946378
578,2008,0.059860184106418,0.0114181083713836,0.182230565067294,-115.637562865664,44.358485874481
581,2008,0.130180978318786,0.0682542757231419,0.226053461859656,-113.783472432459,44.6218817094677
582,2008,0.112414036736771,0.0598546475985082,0.185392082862695,-113.162312767383,44.7039676519605
583,2008,0.129744630039452,0.0768491428986447,0.206018992516102,-112.539668903814,44.783176808501
584,2008,0.182954827758762,0.0971596581249206,0.319299505047183,-111.91558586033,44.8594980846902
585,2008,0.0464313223603958,0.034980369165244,0.0605831516477798,-111.290114607084,44.9329241030284
586,2008,0.0459705508639245,0.0316908347666962,0.0643364959384157,-110.663302305625,45.0034382707282
587,2008,0.0819602194214134,0.05887187344323,0.110940195670418,-110.035201559448,45.0710303440364
588,2008,0.0570399375322175,0.0411319522604275,0.0781267210472796,-109.405868264151,45.135693329813
618,2008,0.0329451985120382,0.00438885640133709,0.110409402733167,-90.2233418640865,45.6799299956426
620,2008,0.0203967722158033,0.00437108944944611,0.0537183807228165,-88.9439240376559,45.619201755334
630,2008,0.000966492529164426,0.000187866681159319,0.00248346674759231,-76.3624400641775,44.3584851192762
631,2008,0.00559529222447381,0.00167096508824464,0.013217852540431,-75.7476909873557,44.2650152147975
632,2008,0.0171599704961019,0.00639154035469182,0.0348316957378118,-75.1346601488476,44.1687320357042
633,2008,0.0451465897026716,0.0292371874407472,0.065212062013187,-74.5233891861717,44.0696482940199
634,2008,0.0726015243343525,0.042583810663344,0.116666725247377,-73.9139194629817,43.9677786572675
635,2008,0.0343506786065123,0.0253646952911498,0.0460447976598417,-73.3062956765717,43.86313359001
636,2008,0.071644570297126,0.0535163659954338,0.0950992007120078,-72.7005580818272,43.7557309238421
637,2008,0.0494466715376283,0.0356454666742933,0.0671858908733741,-72.096745405244,43.6455824307873
638,2008,0.0321275380321169,0.0228160173705278,0.043354698538292,-71.4948985248964,43.5327032721944
639,2008,0.0228953723233037,0.0125930317909176,0.0376632284733683,-70.8950539585084,43.4171102411319
655,2008,0.00532816352156738,0.00159467566705773,0.0122167997172536,-116.12031900192,43.8266891231278
657,2008,0.0498449048759775,0.0244870777934121,0.0862482961755634,-114.896733551418,44.0094559300545
658,2008,0.04470893408513,0.0226576054978009,0.0753807546575924,-114.282524899195,44.0966126165839
659,2008,0.135417449546753,0.0687283186681545,0.236442356481819,-113.666766123631,44.1809357386755
660,2008,0.13406325064345,0.0746467082639653,0.214385595638942,-113.049502322059,44.2624126142002
661,2008,0.192415193085959,0.10522692399757,0.349387302225226,-112.430782400274,44.3410318458983
662,2008,0.210023081787643,0.132814969693564,0.313052701342772,-111.810649827634,44.4167791744156
663,2008,0.0759190382754689,0.0567147978249762,0.099414165349002,-111.189160078257,44.4896471530197
664,2008,0.0260279163697193,0.016628111449906,0.0384725492508888,-110.566351563484,44.5596381394927
665,2008,0.0861591705328357,0.0640817216179646,0.114170340302912,-109.942281756302,44.6267200072128
666,2008,0.0492122933550687,0.0223380337764351,0.0872194514741463,-109.316999429174,44.6908926966992
668,2008,0.229732242951398,0.121956599833989,0.396922719472583,-108.062992665469,44.8104686875657
669,2008,0.607205816950465,0.36621757781045,0.932835075189848,-107.43437659811,44.8658559511148
710,2008,0.0176551253654029,0.00715392837409597,0.0343215528698037,-75.2703931717895,43.7311027812755
711,2008,0.048951235407051,0.0316479674195037,0.0704825741929493,-74.6628303396871,43.632734681026
712,2008,0.0372945224221749,0.02257787581722,0.0572810650332028,-74.0570367160181,43.5315963738007
713,2008,0.0150840609131075,0.00747816900426179,0.0261484150922085,-73.4530532043718,43.4276991027857
714,2008,0.0583020251328933,0.0404212546741446,0.0809988637883698,-72.8509212587371,43.3210583242021
715,2008,0.0398455876314967,0.0283106077533389,0.0545578822698439,-72.2506779925283,43.2116874301947
716,2008,0.0206881165904264,0.0138038491341049,0.0296452727927826,-71.6523647669208,43.0996007467112
717,2008,0.00721621704278355,0.00373898037057115,0.0123693998122549,-71.0560185015014,42.98481471806
734,2008,0.091252566325116,0.0235225243517898,0.235640542862255,-115.382770076014,43.4807125720167
735,2008,0.180891398703154,0.122755458011123,0.264004155056554,-114.773918404995,43.5700430764301
736,2008,0.131501396751026,0.0904843967819309,0.186016779491529,-114.163501427333,43.6565691833324
737,2008,0.224524707897024,0.100711105661379,0.434285352170867,-113.551563177535,43.7402787046076
739,2008,0.182084579119753,0.105363129115121,0.291026505852261,-112.323306033627,43.8992041394788
740,2008,0.179160360473669,0.123650975678135,0.253241220269357,-111.707079475952,43.974396823416
741,2008,0.338624090907917,0.254928490765591,0.447116596899437,-111.089517958523,44.046729682195
742,2008,0.137909599482259,0.108159573440939,0.173160013947819,-110.470664190897,44.1161945853347
747,2008,0.745964132708976,0.445994333382248,1.16646415278722,-107.358812082343,44.4201195918522
748,2008,0.197882382237649,0.116745440593061,0.315811924090845,-106.733278918328,44.4721647364724
790,2008,0.0329673254673146,0.0130801445248606,0.0685269325003053,-74.8005019980691,43.1960170152874
791,2008,0.019853210190833,0.00729677442386383,0.0412696611874963,-74.198342428856,43.0955932326429
792,2008,0.00865647266261305,0.00404092413162542,0.0164150235557172,-73.5979595890574,42.9924262557409
793,2008,0.0713161447538498,0.0472797417337485,0.10327335922036,-72.9993933692596,42.8865313302364
794,2008,0.0381084273547077,0.0278724525271897,0.0507310497413646,-72.4026818113356,42.777921670976
795,2008,0.0189063363887065,0.0134865707997733,0.0254984495410777,-71.8078661765002,42.6666103833826
796,2008,0.000296884946806493,8.8033874345013e-05,0.000654868985782674,-71.2149800875281,42.5526120433965
815,2008,0.521843064544721,0.285499424141944,0.889148953725641,-114.045998932382,43.2167676588969
816,2008,0.0808764112680132,0.0300852012307413,0.160504026081995,-113.437837611848,43.2998789589846
819,2008,0.266024059939597,0.160247283714888,0.408723192163174,-111.604842734884,43.5323090825256
820,2008,0.293172023439161,0.225259398085767,0.38065333108516,-110.991161093688,43.604116470305
821,2008,0.155440488483632,0.120362723165355,0.197962462930857,-110.376216433854,43.6730727467328
822,2008,0.192729270890876,0.0855521783277778,0.363328711875937,-109.760055685521,43.7391683698958
826,2008,0.279829790491615,0.195721621401505,0.387543393567941,-107.284235079899,43.9747585210165
827,2008,0.184757774113126,0.10444338570351,0.299390567766717,-106.66273806328,44.0264160330045
877,2008,0.0257705359650919,0.0156642496757989,0.0391505539640557,-73.1460089299208,42.4521210494956
878,2008,0.0262505091864505,0.0188301801781153,0.0355442349921379,-72.5527918934419,42.3442545476635
879,2008,0.0112182592230061,0.00774196341119301,0.0158224739915696,-71.9614346016644,42.2337015241572
904,2008,0.117080105139199,0.0721763749865487,0.177741938474631,-112.719706079477,42.9394365784853
905,2008,0.0955117253530392,0.0469361087052258,0.171180405911087,-112.112476692354,43.0163669827586
906,2008,0.187131287201349,0.101702563689664,0.307341619345572,-111.503915596722,43.0904840906579
907,2008,0.217006801564876,0.133955658976472,0.338265869422746,-110.894069029749,43.1617780614914
908,2008,0.263723440832895,0.13541047636174,0.449946933336816,-110.282984473574,43.2302405334548
909,2008,0.192899498322477,0.113685138833019,0.293090366528355,-109.670705371682,43.2958576721997
911,2008,0.0648295426167066,0.0194465986910397,0.144527635816104,-108.442757810671,43.4185337124392
963,2008,0.026199605610061,0.0158072354199751,0.0405873311841592,-73.2908034531097,42.0178001271581
964,2008,0.00459416437933162,0.00228036474889453,0.007891351878869,-72.7010412022829,41.9106602199159
965,2008,0.00277702370314242,0.00103660357902631,0.00557198359526038,-72.1131053229347,41.8008479286835
984,2008,0.0772822639472019,0.0070973066507981,0.267674730381616,-116.203629398749,41.9824136247028
987,2008,0.467111067055284,0.310647551047782,0.682300885687623,-114.414750407728,42.2530490835486
988,2008,0.478590905929336,0.309344090912458,0.711118442749695,-113.815442855092,42.3377675600178
989,2008,0.151768653982235,0.085772567967443,0.251283521578283,-113.2146984706,42.419721218099
990,2008,0.170564738843174,0.111072456444632,0.249408065071679,-112.612560242519,42.4988994123537
991,2008,0.103766528693626,0.0463635174447091,0.197661786967384,-112.009070954656,42.5752926426614
992,2008,0.226658662668104,0.114154429119608,0.398988556255443,-111.404274261227,42.6488905960846
993,2008,0.229796278870699,0.13640958558986,0.358593009990996,-110.798217972273,42.7196842309693
994,2008,0.178806186811377,0.087947404986953,0.327095680423164,-110.190943799606,42.7876630149683
995,2008,0.239087793342106,0.149688502764115,0.369622896688499,-109.582499689753,42.8528151708467
996,2008,0.130687722159911,0.0746690685078732,0.206731592250624,-108.972930266934,42.9151350552992
997,2008,0.0624591423896049,0.0140082158672319,0.147927344710075,-108.362287083933,42.9746150528814
1016,2008,0.00606174085422084,0.000887300673375788,0.0178821191356231,-96.621621329627,43.5564547242932
1049,2008,0.00540476859368977,0.00248714800422512,0.00999693040438852,-73.4338091418098,41.5835411257897
1067,2008,0.0584845231699561,0.00906168142467479,0.184891028523916,-116.076216826557,41.5455512102766
1068,2008,0.110769564212967,0.0322764063754564,0.265064389373825,-115.48500637125,41.6378759245124
1069,2008,0.0995651227725403,0.0280173136170476,0.236260927976785,-114.892263269215,41.7274848434247
1071,2008,0.083974567826244,0.0292822039492469,0.179751971758179,-113.702335261937,41.8985096103371
1072,2008,0.109324819821633,0.0340334732511957,0.256455889720025,-113.105238751938,41.9799045445942
1073,2008,0.0906120361181291,0.0167706469624092,0.228932410835647,-112.506767818374,42.0585399196457
1075,2008,0.129380836329478,0.0744567675304115,0.203460337881144,-111.305893884186,42.2074963261937
1076,2008,0.275628787469444,0.0960521713868843,0.621475019382443,-110.703580859138,42.2777988800144
1077,2008,0.17007261812053,0.0638479644918118,0.357983305318494,-110.100071224189,42.345304462356
1078,2008,0.109322158357257,0.0356014541333188,0.244974018307975,-109.495418486021,42.4100045574667
1079,2008,0.12960398395842,0.0528010732449029,0.261978744622331,-108.889657956902,42.4718888924363
1081,2008,0.0558858795471797,0.0125571055494845,0.149178407656153,-107.675022920097,42.5871832658952
1153,2008,0.104854817936598,0.0222368803716921,0.27929995263394,-114.77344067336,41.2894883753314
1158,2008,0.0867579477196154,0.053552680455186,0.135179704873909,-111.806157067383,41.693681068377
1159,2008,0.116303669347562,0.0726717617240812,0.178026124102548,-111.20875371608,41.7662744536107
1160,2008,0.132112031928849,0.0746825266426262,0.216784408930599,-110.610136629169,41.8360956074426
1161,2008,0.137292470916062,0.0701588727390783,0.240020587412259,-110.010350543811,41.9031377469323
1183,2008,0.00859284153200093,0.000737873304887003,0.0299916326255043,-96.6135902963884,42.6611397355194
1233,2008,0.0169145312087648,0.00243603729289412,0.0507206257611179,-115.826086529838,40.67200354049
1240,2008,0.10974927153219,0.0833698506238568,0.141701526835766,-111.70659825914,41.2530824601715
1241,2008,0.115807468323127,0.0790022365212597,0.166096274622058,-111.112828967095,41.3251903546144
1242,2008,0.0592306265342231,0.0223122828250488,0.116324166047694,-110.517866714772,41.394543713023
1244,2008,0.0267933163937511,0.00727122265607243,0.064823343601136,-109.324539228095,41.5249547030918
1249,2008,0.0507429182781033,0.0183936553532294,0.110326902535934,-106.323440479132,41.8022336797733
1325,2008,0.124196753606569,0.0936718242529066,0.162574131471775,-111.60827506494,40.8125836018646
1326,2008,0.247797104720011,0.161954974446736,0.361439190294575,-111.018094906379,40.8842168298241
1327,2008,0.224608689128952,0.128992631119396,0.355127508930114,-110.426744985701,40.9531131945692
1328,2008,0.129406611406999,0.0821426365004035,0.195085254002421,-109.834266981855,41.0192645938366
1333,2008,0.141361456352547,0.0932745218143343,0.209351129061376,-106.856474378115,41.3085582936967
1334,2008,0.335823785822143,0.231715965141655,0.475655583797021,-106.258145661708,41.3580770848031
1335,2008,0.119793485806893,0.0761040301900859,0.178096974177876,-105.658999922076,41.404801409304
1336,2008,0.304760923362384,0.155772988461392,0.53058133563466,-105.059084019658,41.4487232013348
1338,2008,0.0531572093949276,0.0227729249992599,0.1043401891867,-103.857121159615,41.5281376885191
1409,2008,0.106118841875592,0.0740644143828611,0.148011840837646,-111.511164150686,40.3721557172223
1410,2008,0.214069182015221,0.110031234163782,0.362313523485002,-110.924532316737,40.4433255564854
1411,2008,0.15416209314953,0.0664362238979524,0.295890929668983,-110.336751067485,40.5117747644432
1412,2008,0.128323427104802,0.0580876061544529,0.240222949591332,-109.747862572294,40.5774945048426
1413,2008,0.0296652660941951,0.0118700619128809,0.0590855733637192,-109.157908368446,40.6404753061641
1416,2008,0.027948931350146,0.0104955186921404,0.0575121549918354,-107.382084389228,40.8129212642875
1417,2008,0.317234813068415,0.24648239096335,0.403807013062465,-106.78830021479,40.8648831041466
1418,2008,0.287593127048937,0.200852938651795,0.403122757145586,-106.193670449777,40.9140735584832
1419,2008,0.0844119184715706,0.0628095709782557,0.111713023469634,-105.598236458589,40.9604866520144
1420,2008,0.0269242992206248,0.0159878626319651,0.0409079628904312,-105.002047579579,41.0041170728256
1492,2008,0.0347589387646683,0.00663505358386291,0.0998785168016365,-111.997200935055,39.8583600354677
1493,2008,0.117403803573099,0.0809671309667576,0.162856397546956,-111.415243384041,39.9317719896599
1495,2008,0.102400975150648,0.0137496740180835,0.325021396789388,-110.247863439335,40.0704996825133
1501,2008,0.219284423381797,0.168078453228424,0.281690927235467,-106.720974122848,40.4213250032604
1502,2008,0.414833282805661,0.310358369854943,0.54683065902581,-106.129996789063,40.4701946699446
1503,2008,0.130268782585089,0.0933615250148146,0.178291253059588,-105.538229266375,40.5163044104533
1504,2008,0.0127198783504853,0.00689157249046535,0.0207113681443351,-104.945723200783,40.5596469372605
1576,2008,0.0502795970922631,0.0166613042907836,0.11037465674178,-111.320491708783,39.4914045546608
1582,2008,0.0427587925029089,0.0192432998159365,0.0792204228719543,-107.8267263069,39.8725389911402
1583,2008,0.137553872814281,0.0612768236756178,0.260111788731736,-107.241029586204,39.9265610616934
1584,2008,0.14964210671829,0.104229175962962,0.211914261787474,-106.65447886542,39.9778530065854
1585,2008,0.221527776800772,0.167900097200116,0.289685951227062,-106.067110267552,40.0264104424822
1586,2008,0.0871186449526955,0.0671795214056968,0.111747257909526,-105.478968667215,40.0722211759544
1587,2008,0.000583645747673212,0.000178019531282556,0.00131565833256046,-104.890096369955,40.1152852060354
1664,2008,0.0181741009509286,0.00235845113408276,0.0565899435187945,-108.335236655259,39.3733976164057
1665,2008,0.0362778757674109,0.0156024746420834,0.0720732216179548,-107.753962467665,39.4297902249419
1667,2008,0.19149910907319,0.148739266279501,0.243400070878757,-106.588801977915,39.5344426395234
1668,2008,0.236930155033981,0.174289432387495,0.322159566658965,-106.004996072895,39.5826917516443
1669,2008,0.0556650564660243,0.0419514598832475,0.072262889236503,-105.420433632994,39.6282109702619
1670,2008,0.000508549605479663,0.000149789559967014,0.00115235093462284,-104.835155420848,39.6710005135731
1746,2008,0.0186194257250372,0.00666090158758422,0.0387781903870597,-108.259881699426,38.9310140708376
1748,2008,0.0951825064250731,0.0643437424411435,0.137952139046523,-107.103415161161,39.0404087947803
1749,2008,0.162909842698931,0.111061824980385,0.227654822050488,-106.523922369266,39.0910629083992
1750,2008,0.0866199728791075,0.0615364453925504,0.116967463150362,-105.943641460323,39.139009322844
1751,2008,0.0232449223335821,0.0153737385639781,0.0333433998182465,-105.362615768643,39.1842460843658
1752,2008,0.00723662951666204,0.00351738842971836,0.012115514001178,-104.780887722694,39.2267675507065
1829,2008,0.0137117058589985,0.00676330832177249,0.025078546286153,-107.611076141954,38.5443150840386
1830,2008,0.042808892518336,0.0265434602801832,0.0642599494408365,-107.035857146631,38.5973396057948
1831,2008,0.133018613755799,0.0972572446017741,0.178285436468544,-106.459830378089,38.6476826784603
1832,2008,0.0370072500522312,0.0165331413530098,0.0699255551904492,-105.883032326581,38.6953379085553
1833,2008,0.0197881819928972,0.0133643812954394,0.0280982370043793,-105.305501746264,38.7402976627333
1834,2008,0.0114317419706893,0.00746620846198004,0.0167555410672261,-104.727283343919,38.782559066598
1910,2008,0.11837851771383,0.0875267482134293,0.15836671656656,-107.540918612131,38.1015350484587
1911,2008,0.10543443967948,0.0717583679774916,0.153761229525555,-106.969115060283,38.1542412219608
1912,2008,0.062832660552998,0.0339400314795658,0.10221636130837,-106.396513705963,38.2042814448047
1913,2008,0.0418061502864609,0.019212918067561,0.0764453267438132,-105.823154687203,38.2516502419397
1990,2008,0.0102051081992851,0.00247887130152133,0.024665623613389,-108.039208318683,37.6036427370119
1991,2008,0.118019403802971,0.0846663142866487,0.161448187543309,-107.471599693738,37.6586900208738
1992,2008,0.110269262516441,0.0804723785191393,0.146827912853098,-106.903171237272,37.7110863934746
1993,2008,0.0439554343632878,0.0236550443724541,0.0709288171755464,-106.333955618741,37.7608301443974
2070,2008,0.00581790933129748,0.00132566727197237,0.0144828815277687,-107.967395857889,37.1610302815154
2072,2008,0.0106107523577804,0.00323829854918912,0.023585731335227,-106.838011820175,37.2678491717506
2073,2008,0.0238918272011368,0.00883000180003411,0.0484821469124375,-106.272142802708,37.3173029771175
2151,2008,0.00408861506746491,0.000453939930816592,0.0126219081908258,-107.896430876523,36.7182962299437
6,2013,0.00434220446821378,0.00108935490521189,0.0099869654833415,-121.265128723774,48.994555393664
7,2013,0.0140016529598644,0.00712262695466173,0.0247070628594535,-120.612805474797,49.1126837672064
8,2013,0.00488121021239891,0.0017031270010695,0.0148435157461018,-119.958104358564,49.2278348396007
14,2013,0.00678111544013075,0.0017709067355309,0.0156406064522872,-121.089036419193,48.555629878705
15,2013,0.0480477214208108,0.0295427532322076,0.0693024469101165,-120.440842673788,48.672733234681
16,2013,0.0652032274841718,0.0353106297709472,0.109975790477425,-119.790313872131,48.7868865773491
17,2013,0.0257050313571764,0.0125634094035857,0.0444083206336088,-119.137500463454,48.8980721978474
18,2013,0.0230647480836375,0.0103193423757529,0.0432335316119271,-118.482453966982,49.0062653448723
19,2013,0.0481408084932708,0.0203182643247433,0.0930553892916492,-117.825219759276,49.1114538833663
20,2013,0.0367597066445709,0.0121811661559022,0.0904469976870138,-117.165854351124,49.213617147949
27,2013,0.0389249500790515,0.019760577594417,0.0694859098516463,-120.27121456213,48.2333626190998
28,2013,0.0555454231627457,0.0254383120264259,0.0996532636422359,-119.624814650583,48.3465402327626
29,2013,0.108445731680008,0.0563283482136711,0.183757811379528,-118.976175551119,48.4567680841763
30,2013,0.141535005857453,0.0770172290475249,0.230306884236895,-118.325346401563,48.564029742441
31,2013,0.157942664145388,0.114998764793321,0.213589007726548,-117.672375597358,48.6683051194705
32,2013,0.0951174936773763,0.0597981323163707,0.147130645423459,-117.017316446554,48.7695743758115
33,2013,0.0726666116008844,0.0421873451877409,0.122282600234229,-116.360221072417,48.8678199767522
34,2013,0.0654321662792189,0.0307326236733288,0.11490936530798,-115.701143087202,48.9630258969627
35,2013,0.0421389809409466,0.0260771717208193,0.066080079794796,-115.040136094933,49.0551758980945
36,2013,0.0328760415540582,0.0198968500911358,0.0510000139410065,-114.377255928809,49.1442541785679
37,2013,0.0274515832330324,0.0191539303093659,0.0378022793560589,-113.712561201883,49.2302453010975
38,2013,0.0266507758139212,0.00902360097290658,0.06373618814049,-67.9000250105137,47.4934264776634
48,2013,0.23694311972807,0.108111337234217,0.433273736377172,-118.170381383063,48.1224031571419
49,2013,0.213634886458719,0.147591347834571,0.300034406298316,-117.521623369245,48.2257868101742
50,2013,0.144204155385374,0.104047379559483,0.197097504862078,-116.870816677498,48.3261864091953
51,2013,0.0663959101767403,0.038192624924732,0.104041456432558,-116.218015973647,48.4235822996474
52,2013,0.0683390167694376,0.0419969911820427,0.101999090756313,-115.56326990492,48.5179625451974
54,2013,0.0570748411554802,0.035766422253622,0.085514839679956,-114.248169681455,48.6976058532625
55,2013,0.0983167964484627,0.0720251091664449,0.133375734281746,-113.587922894349,48.7828372654218
56,2013,0.0455047965113591,0.0168734418129086,0.094889444124548,-112.925954282071,48.8649870003599
60,2013,0.027766367377812,0.00525190790932135,0.0776246269274374,-110.262024903585,49.1624886658511
62,2013,0.311790013911868,0.155840720288386,0.54839650785445,-69.3497434925368,47.3166834397276
63,2013,0.400625849629934,0.190689201881194,0.723404453727965,-68.7190892921395,47.190084100331
64,2013,0.409144446068521,0.228767624796092,0.665266901900556,-68.0908928553389,47.0606651056672
65,2013,0.0901492658100959,0.0450769978208031,0.155675962534295,-67.4651983439585,46.9284486236964
72,2013,0.00662501615697534,0.0011858838043594,0.0181646634924599,-120.574861976244,47.2420031643778
76,2013,0.122992973937726,0.0712174985474203,0.196704405292556,-118.017514067676,47.68134777365
77,2013,0.113886584110182,0.0762628721491994,0.164374145227785,-117.372920136676,47.7838610764382
78,2013,0.164696541245378,0.115039671110291,0.230771545821245,-116.726314268227,47.8834122922538
79,2013,0.115696398898756,0.0710762705361978,0.175411204717147,-116.077755087246,47.9799818698788
80,2013,0.131421858103975,0.0837376141955228,0.196466673449811,-115.427287835665,48.0735557608927
81,2013,0.03944804573204,0.02013908527321,0.0674840543360432,-114.774974410224,48.1641173770118
82,2013,0.0427824513980519,0.0245572173728849,0.0676988452605397,-114.120865028685,48.2516520248398
83,2013,0.161664613795599,0.106915157193304,0.233566447752833,-113.465009639246,48.3361436908319
84,2013,0.0637039625476822,0.0332685985922426,0.111782501502653,-112.807466634735,48.4175783877576
92,2013,0.0277096822920387,0.0136089493495516,0.049547558867295,-107.493395159889,48.9573499576627
94,2013,0.0601275263023122,0.0092064916651713,0.179755355911126,-106.152156667735,49.0608164945375
97,2013,0.220137841680998,0.0156402723845536,0.862909458318316,-104.132855499805,49.1920783173635
100,2013,0.542920045719631,0.361880094977528,0.777759165061031,-69.5305289572354,46.8822366835495
101,2013,0.552577438308412,0.367451691062048,0.79324238399988,-68.9036837191155,46.7566505633992
102,2013,0.27892256938751,0.173392621935362,0.423178843933155,-68.2792539113464,46.6282572225885
103,2013,0.127834074830706,0.0841696220558675,0.186161911455574,-67.6572724385743,46.4970843359059
114,2013,0.112720618171902,0.0575973101285637,0.1959258215112,-117.866704919148,47.2408178782891
115,2013,0.224229029454234,0.156903677033577,0.310535480205682,-117.226219771308,47.3424850688003
116,2013,0.180947826362046,0.131989832647936,0.243166086913459,-116.583766817315,47.4412092581095
117,2013,0.108762165756088,0.0688349877177037,0.161670519150059,-115.939397629601,47.5369728113951
118,2013,0.124454887104659,0.0814119467790312,0.180905823827205,-115.293161243123,47.6297603798853
119,2013,0.0377324431454817,0.0189427544432434,0.0685644523226473,-114.645111768531,47.7195572370623
122,2013,0.10387073612208,0.0647242916408837,0.158680594596244,-112.690610518949,47.9708590123778
123,2013,0.0668698562953445,0.0148514989913584,0.178202826438552,-112.035840782544,48.048549086942
130,2013,0.0281740906569813,0.00995562594987885,0.0624666340770991,-107.412587066948,48.505935287017
134,2013,0.20305337870129,0.0217991200810944,0.684774879433371,-104.744703388572,48.6983867024283
137,2013,0.288071914830896,0.101587780496059,0.608195872072998,-102.734451266843,48.8093776896219
139,2013,0.160033039728968,0.0586818385708148,0.339587822494468,-101.390806404747,48.8673844104542
140,2013,0.175912057873628,0.0581825226826623,0.397747844365747,-100.718143786867,48.8915713891201
141,2013,0.0809228280460758,0.00834186288506008,0.265935380233352,-100.04500567428,48.9125444540545
146,2013,0.0657782572883546,0.00432698845913026,0.223168632956344,-96.6745640527728,48.9690518567947
147,2013,0.0676834802313049,0.00475757329608148,0.230230527039796,-96.0000064893933,48.9706680856778
150,2013,0.137423417152098,0.0528297903631741,0.282395937422578,-70.3343511214951,46.5699500753741
151,2013,0.553245055439926,0.37216117665032,0.789569646489939,-69.7089436445446,46.4481548004831
152,2013,0.524829113552871,0.354572901435353,0.745929779322878,-69.0858685956939,46.3235551326322
153,2013,0.256330045594986,0.175455117070275,0.356557007202616,-68.4651588887034,46.1961684346516
154,2013,0.172856118421469,0.10667494525132,0.262962297226186,-67.8468570793633,46.0660136069417
165,2013,0.0237249659621974,0.00754390769203188,0.0485762900219624,-117.71791068899,46.8007779901175
166,2013,0.113572052071975,0.08429539265678,0.151059642526148,-117.081487575634,46.9016186184269
167,2013,0.143823105651187,0.0917404831025238,0.215845279262771,-116.443136033377,46.9995353119642
168,2013,0.0690382359837974,0.0342111043575444,0.118855048522618,-115.802904751804,47.094512472278
169,2013,0.0880693164313315,0.0465745351144205,0.148918180114407,-115.160845736921,47.1865339418036
170,2013,0.00774029957997265,0.00377609325119443,0.0138332639170409,-114.517008587968,47.2755858069188
171,2013,0.0159238148392964,0.00910654577189211,0.0258010788461701,-113.871445050628,47.3616548062373
173,2013,0.136289270466748,0.071473471739498,0.243647009733234,-112.575350261847,47.5247839547667
174,2013,0.0183189747266189,0.00449001850451429,0.04640671640931,-111.924928927009,47.6018169236374
175,2013,0.0236261212826016,0.00650386210959723,0.0561571756931332,-111.27299749329,47.6758117659898
180,2013,0.0287863969162697,0.00525270815873604,0.0787297583480911,-107.992691893929,47.9997729188431
182,2013,0.0624044796153088,0.00906255510023449,0.19148132310133,-106.672031972892,48.1076757168689
190,2013,0.103051682951002,0.0416454829409067,0.195675208765014,-101.352891440655,48.4135621124951
191,2013,0.0957460276414212,0.0330813282306489,0.199738531563609,-100.684939981041,48.4375354833297
193,2013,0.438653346150412,0.0806765278739633,1.20280061468646,-99.3477157576692,48.4759171103027
194,2013,0.177543993053338,0.0414879661462408,0.453381560706755,-98.6785717942889,48.4903184128158
195,2013,0.167956211399773,0.0390047051295677,0.432888448828127,-98.0091610849095,48.5015216972278
198,2013,0.174519248804135,0.0522256204363161,0.374863060238303,-96.0000039201961,48.5159308092361
199,2013,0.109152848809642,0.0335571895515523,0.237940968804084,-95.3301960390057,48.5143309353046
200,2013,0.106192344002752,0.0356539639289434,0.227155177099434,-94.6604508757051,48.5095282213004
201,2013,0.0918867327302473,0.0302993177702971,0.196460349822632,-93.9908380770121,48.5015239659039
202,2013,0.0318412562954317,0.0139742227577374,0.0584397576417493,-93.3214253392893,48.4903201870313
203,2013,0.0448039050925616,0.0200193900865934,0.0805560449083712,-92.6522759066935,48.475915935041
204,2013,0.057915308139371,0.0316159856455012,0.0960102676218658,-91.9834602721287,48.4583175724916
205,2013,0.0557558236023466,0.0303742987852122,0.0904002301594147,-90.6471165275859,48.4135638055177
206,2013,0.160144762969316,0.118745687480483,0.213393432819971,-88.6466915320881,48.3225626176597
207,2013,0.0713654193444973,0.0238166312711258,0.151802194424585,-70.506668638906,46.1352523753917
208,2013,0.449085329768405,0.332847261642487,0.59022250409815,-69.8850338348487,46.0144072259477
209,2013,0.508186311624791,0.377595531856868,0.6788316370586,-69.2656832950739,45.8907710876627
210,2013,0.400496422684522,0.248674303664874,0.622064526816507,-68.6486564041498,45.7643644904214
211,2013,0.161495451460621,0.0930749800013429,0.251452745029547,-68.0339922602737,45.6352042746021
212,2013,0.146901982711045,0.0841395924746849,0.24032176446335,-67.4217284444601,45.5033085389255
222,2013,0.00663896601306425,0.000479735813495119,0.0222895172198041,-118.830049766138,46.152469381733
223,2013,0.0266267979102881,0.00994944594533819,0.0535163893673132,-118.201563406335,46.2582657048174
225,2013,0.0960304322525658,0.0561172515420668,0.152418607602169,-116.938683807989,46.461222370979
226,2013,0.108029744024005,0.0771460424891161,0.147821204781885,-116.304384196972,46.5583517046871
227,2013,0.0590820825660256,0.0212008347498162,0.120496876300679,-115.668241638533,46.6525615767592
228,2013,0.102414167592961,0.0510258511629609,0.181553981473374,-115.030306303664,46.7438354709386
229,2013,0.0102448675093106,0.00616323655300684,0.0157892374268706,-114.390629531162,46.832160286886
230,2013,0.0130471105735107,0.00814441370546107,0.0193896372730263,-113.749260122114,46.9175251022855
232,2013,0.177727892947533,0.106357416812347,0.285359273112018,-112.461655084182,47.0793087013163
245,2013,0.0864331237566939,0.0175980612973593,0.227202614609959,-103.962894873036,47.8339743825041
247,2013,0.121008203558063,0.0178570565101722,0.380729746323219,-102.640490790603,47.9035479230808
249,2013,0.078812723986923,0.0330082621225277,0.15506038193085,-101.315505768706,47.9605404832261
251,2013,0.228226356990743,0.048506064014482,0.584275316081007,-99.9884473692496,48.0049104357337
253,2013,0.098381299258914,0.029381114176296,0.22061530503692,-98.6598330133486,48.0366278684214
256,2013,0.0807629312702836,0.00981994451457082,0.265591569250124,-96.665122546838,48.0604279296598
258,2013,0.0933718694144333,0.0293372420876423,0.198598995481715,-95.3348823145924,48.0604298280833
260,2013,0.0817963995916368,0.0291162905030939,0.166233807259716,-94.0048959270843,48.0477350463897
262,2013,0.0456223005828406,0.0208652567311228,0.0797324631457785,-92.6756942817593,48.0223511455104
263,2013,0.112851773964979,0.070064769644934,0.170918730525398,-92.0115504398173,48.0049117563328
264,2013,0.0921162882131867,0.0570346570637156,0.139161138562637,-91.3477975209589,47.9843065564997
265,2013,0.245838605611419,0.17674948618805,0.332298900508646,-90.6845036809804,47.9605399161754
266,2013,0.161894332902957,0.1120346845648,0.227955968099824,-90.0217221165395,47.9336226989668
267,2013,0.410140559523214,0.295857625458834,0.561377052076568,-89.3595260117118,47.9035575485126
268,2013,0.302789056424487,0.220716824255344,0.404830767589087,-88.6979622211281,47.870332034353
269,2013,0.0883509030652061,0.0304305738039564,0.181954753706782,-70.6767402542768,45.7008752966752
270,2013,0.355884338031796,0.27141151168445,0.459519987270754,-70.0588362662863,45.5809568985751
271,2013,0.354455917147916,0.274339329655713,0.451166402672772,-69.443173730937,45.4582639237871
272,2013,0.160471204252903,0.101186040511025,0.233677667508025,-68.8297909872228,45.332814591009
273,2013,0.149864360166557,0.0865674515202218,0.233613458024105,-68.2187269301224,45.2046259432757
274,2013,0.172258443045096,0.100698769559515,0.270287155122906,-67.6100186718221,45.0737155823609
275,2013,0.0170225703758317,0.00884950451846177,0.0291263687030294,-67.003702269256,44.9401012433577
290,2013,0.0632717593316014,0.0121370549930232,0.172096196485287,-115.535374198856,46.2110823086983
292,2013,0.0836802765289488,0.0541418400660675,0.122707862320459,-114.265944462349,46.3892456788843
293,2013,0.0853339088085234,0.0545349780384059,0.125272267715383,-113.628715560547,46.4739211444767
295,2013,0.0870276031087362,0.0508481895785,0.139257010197583,-112.349491918944,46.6343911984023
296,2013,0.0524520941329803,0.0212058409150628,0.106336594441051,-111.707601287673,46.7101626793575
300,2013,0.0334054120842648,0.00829750075028261,0.083163647141472,-109.126073329897,46.9831825089554
312,2013,0.0865282173248237,0.0379489864884397,0.159554454688824,-101.278638743776,47.5082698888487
313,2013,0.0869930860837709,0.0373265780540396,0.164208268040973,-100.619921785345,47.531830613475
315,2013,0.354417022626136,0.0274135133962264,1.3556162405718,-99.3012171828397,47.5695522684754
319,2013,0.0696299892588696,0.0112566511619262,0.196527934747711,-96.6605002482872,47.6073015223553
320,2013,0.0322233967808784,0.011737608178439,0.0650159464836708,-96.0000015309552,47.6088744950346
324,2013,0.0192036306912817,0.00916339635523617,0.0332515797425597,-93.3586432756584,47.5837062006271
325,2013,0.0209886467621989,0.00922072671288084,0.0392728397086031,-92.6987836625179,47.5695488190079
326,2013,0.0598651955360434,0.0397871842390917,0.0851438454691049,-92.0392406177524,47.5522583542852
327,2013,0.0670673809407405,0.0471413889456396,0.0918475023242563,-91.380080170463,47.5318319865671
328,2013,0.165378788586121,0.0909264930000854,0.274653154849656,-90.7213647962847,47.5082714380863
330,2013,0.0253841435876384,0.0107494381966657,0.0493885764800326,-88.0921950487924,47.3827812490345
332,2013,0.183052427575865,0.121299081297819,0.258337083358952,-71.4609849289288,45.3830240963321
333,2013,0.525824164129327,0.354551359607758,0.749078699842764,-70.8446113305664,45.2667870166081
334,2013,0.379356728665978,0.250224946437908,0.5421986205952,-70.2303972745836,45.1477740738739
335,2013,0.132966740659623,0.0811656048086698,0.200905688094941,-69.6183834728863,45.0260023279712
336,2013,0.0230157320811531,0.0137481365707368,0.0359777791038217,-69.0086087274,44.9014884763742
337,2013,0.0292922884514974,0.0183994973207543,0.0438788670410881,-68.4011099872722,44.7742499377212
338,2013,0.0356383100360501,0.017123845570866,0.0660483866324862,-67.7959203736645,44.6443029250288
339,2013,0.0128689002962095,0.00492951147215476,0.0268674522504898,-67.1930813361053,44.5116647668273
353,2013,0.111553924948109,0.0269554195626457,0.282621148439372,-116.032373562756,45.6773045017994
356,2013,0.0974848959302146,0.0669358853935679,0.135681755591576,-114.142918787608,45.9467992917977
357,2013,0.208637980837973,0.11200584052857,0.352975231038386,-113.509780049327,46.0308013550754
358,2013,0.111418480453401,0.0583558238043262,0.195013595919668,-112.875069121501,46.1118702559755
359,2013,0.119954628648825,0.0684064750556281,0.193151350217541,-112.238833155574,46.1899909150082
361,2013,0.0717524425642278,0.024556923534589,0.163804614353257,-110.961991642417,46.3373407404143
362,2013,0.111993517701342,0.0232473749650563,0.301784986288054,-110.321492639281,46.4065460013088
374,2013,0.0367429871190184,0.00832916798632264,0.0978581420459828,-102.549113998863,47.0006697792495
377,2013,0.0731134430131805,0.0319232094367828,0.136712751616529,-100.588086898593,47.0800669034272
380,2013,0.0786387367426418,0.0153236878722592,0.213394144939338,-98.6231351464366,47.1315018356793
384,2013,0.0289727982719082,0.010521386538955,0.0603832475978195,-96.0000014210416,47.1564591286036
385,2013,0.0224442196945729,0.00903859717240361,0.0430236971795672,-95.3440610906269,47.1548997101512
386,2013,0.0065131095989245,0.00134576634229455,0.017941604697353,-94.6881835301603,47.1502194986402
387,2013,0.00653570646791006,0.00144970191940147,0.0174615115535832,-94.0324313689751,47.1424200620507
388,2013,0.0126510887145682,0.0059244175384882,0.0226154870497677,-93.3768684788266,47.1315042772383
389,2013,0.0143597015741597,0.00739533786011663,0.0243498847773994,-92.7215517641475,47.1174662695802
390,2013,0.044392466831165,0.0314911176639284,0.059577478100173,-92.0665480964572,47.1003219121314
391,2013,0.0237236571982626,0.0152843153122363,0.0345723275183555,-91.411919140626,47.080066671644
395,2013,0.0202387354172619,0.00725878597207291,0.0436498525583555,-88.7983682463696,46.9680095197817
396,2013,0.0686311505368171,0.025849081378542,0.144208800050294,-88.1465282163012,46.9322626269099
400,2013,0.0232135476695596,0.00981446427447956,0.0446151230334409,-84.8996139174757,46.7074451795175
401,2013,0.0580014243094132,0.039294882797424,0.0839141872786856,-84.2530916965949,46.6533170768607
402,2013,0.013421049244632,0.00622622431734593,0.0242313949740883,-72.8545671804252,45.1707175557146
403,2013,0.0618885433415322,0.0357815345737708,0.0999578676211691,-72.2377690339484,45.0609176362494
404,2013,0.264565803798153,0.20413818641871,0.338287039224525,-71.623004821057,44.9483239475011
405,2013,0.35345601369914,0.271269906162154,0.453590874775106,-71.0103245125402,44.8329569723512
406,2013,0.203994641571261,0.138386298954854,0.283470824853789,-70.3997618876306,44.7148280484738
408,2013,0.01097750857763,0.00664837541237515,0.0165982250947732,-69.1851491926563,44.4703556289223
409,2013,0.00740749704876405,0.00378344599200984,0.0125987786910602,-68.5811796096497,44.3440438142203
410,2013,0.00484153473476118,0.00218931919138753,0.00896391368456173,-67.9794674536805,44.2150381678463
425,2013,0.0567946100279487,0.0285505456564552,0.0997069520511937,-115.899043609178,45.2373659678815
429,2013,0.13977200935676,0.0674777648246358,0.245479217865108,-113.392423274916,45.5881268522259
430,2013,0.21285967349098,0.120095449913296,0.336838401790657,-112.761782717815,45.668560394512
431,2013,0.142543357487017,0.0883461425636823,0.212870836411938,-112.129648168408,45.7460666303337
432,2013,0.0521018099896082,0.0239553539890434,0.0949706928345452,-111.496069838998,45.8206357339976
433,2013,0.0549680463989637,0.0334703241920273,0.084248452803806,-110.861095209611,45.8922511477705
434,2013,0.0845684975470017,0.0328170511817974,0.173141114267932,-110.224782157076,45.9609058296223
446,2013,0.0651193618893492,0.010644535214637,0.203582866307585,-102.504359482585,46.5502197979077
449,2013,0.055513347592371,0.0236341318810606,0.11062252413994,-100.556682467185,46.628963215207
455,2013,0.00679371221152602,0.00157930059451711,0.0172006318545466,-96.6514455641382,46.7031750500181
459,2013,0.00782125752313435,0.000971181147371286,0.025193224299048,-94.0459175605674,46.6908001888111
466,2013,0.0268962156599817,0.0133652331688436,0.0456701033827182,-89.495641467529,46.5502179985882
467,2013,0.0285821218753744,0.0145598359786107,0.0475891184616823,-88.8475490096495,46.5178274876557
468,2013,0.170061477538907,0.119432693257822,0.234608419754523,-88.2001219559999,46.4823737145273
469,2013,0.0468815131406051,0.0315806711147578,0.0665097683577188,-87.5534181875996,46.4438629758044
470,2013,0.0176906970392035,0.00692787417346847,0.0353437188899456,-86.9074986216507,46.4023015077598
473,2013,0.0374245666624717,0.0129857873891275,0.0807551855502908,-84.9750218889303,46.2593857530883
474,2013,0.0310845564188852,0.0180811581459895,0.0512035505502822,-84.3328128514277,46.2056954551487
475,2013,0.0240871202534453,0.0154283948010948,0.0358826987803709,-83.6916711082702,46.148994515225
476,2013,0.0135204255993557,0.00659107555895794,0.0239003578589358,-74.8578824783345,45.0447534768746
477,2013,0.00683087007557766,0.00353173693720062,0.0117039323523025,-74.2390646929974,44.9441892239489
478,2013,0.00682162013779685,0.00317527808444289,0.0128013133721199,-73.6221190079452,44.8408043371509
479,2013,0.0245979281928217,0.0187389667927336,0.0317157856185847,-73.0070899103365,44.7346122701868
480,2013,0.0717793321684315,0.0524583943841673,0.0959882252552675,-72.3940193534542,44.6256304954353
481,2013,0.172263345171012,0.120311444185187,0.24024646828811,-71.7829490331442,44.5138718581006
482,2013,0.280027172520141,0.20841088997498,0.375884178416317,-71.1739155676505,44.3993521111248
483,2013,0.0335847402366544,0.0198448805310685,0.0527445278695286,-70.5669648684642,44.2820880757187
484,2013,0.00819351553561932,0.00465041554067168,0.0131041155314358,-69.9621320691256,44.1620946888982
485,2013,0.00761490939543922,0.00282252706626931,0.0156137778907821,-69.3594555418116,44.0393876523552
500,2013,0.0276285042143856,0.00806284002770347,0.0791204971346147,-116.386015924015,44.7036044928699
501,2013,0.0628447958795315,0.0320481074629842,0.108000245076286,-115.76745079886,44.7977710589561
505,2013,0.121885264034677,0.0598986381672669,0.209163324976926,-113.276610256061,45.1458605536931
506,2013,0.106664268832132,0.0667174672667759,0.158562876160662,-112.649991533319,45.2256746420955
507,2013,0.133499026268924,0.0860042188724607,0.193568072132473,-112.021907387769,45.3025808168921
508,2013,0.113559940383763,0.0812344285252791,0.156630630785131,-111.392409141963,45.3765718394876
509,2013,0.102322305882325,0.0731931534104525,0.141377445888167,-110.761541185407,45.4476302633058
510,2013,0.15128695139248,0.0530707784202181,0.313852048608747,-110.129361108498,45.5157474428831
541,2013,0.0212862287951619,0.00666551906323457,0.0442638674929992,-90.1841103875549,46.1294542868697
542,2013,0.0225803557686496,0.0106786368750032,0.0392093195638895,-89.5397896731285,46.100368656793
543,2013,0.0202107839643941,0.00988123134749205,0.0344013113964589,-88.8960649763765,46.0682394388238
549,2013,0.0116803467701424,0.00408593480191248,0.0260388400914296,-85.0494174511804,45.811868636415
552,2013,0.00921506526532337,0.0040973591023241,0.0170024245239685,-75.613984086982,44.7036027269212
554,2013,0.0163470508418691,0.00979322663557844,0.0252278668780508,-74.3821449942201,44.506789421891
555,2013,0.0213027108831608,0.0120252972214131,0.0349868870814651,-73.7689588899771,44.4041712809705
556,2013,0.021895876117436,0.0160411166357609,0.0293473411486391,-73.157654155756,44.298761588991
557,2013,0.0435612206632638,0.0341448077397471,0.0550523698128539,-72.5482698612843,44.190578652805
558,2013,0.151336316008519,0.122577028351892,0.18485660852724,-71.9408481310075,44.0796341005252
559,2013,0.186462157870726,0.14740539253102,0.234378656597648,-71.3354244189059,43.9659451531973
560,2013,0.0161806761392501,0.00978221170644531,0.0243594116232165,-70.7320490133694,43.8495249221951
561,2013,0.00236227885184671,0.00106194528997308,0.00432491694511457,-70.130750482445,43.7303904946378
578,2013,0.0534498473909145,0.0101032521395128,0.16514304913649,-115.637562865664,44.358485874481
581,2013,0.121010748531613,0.0633688781390013,0.207170368723534,-113.783472432459,44.6218817094677
582,2013,0.102292405258468,0.0548200915305992,0.16837854632198,-113.162312767383,44.7039676519605
583,2013,0.119452945691896,0.0716486709549257,0.187580614120935,-112.539668903814,44.783176808501
584,2013,0.166546895625131,0.0888308136398653,0.287570910299964,-111.91558586033,44.8594980846902
585,2013,0.0408015832618556,0.0312891912415657,0.0527312398702813,-111.290114607084,44.9329241030284
586,2013,0.0415046150454819,0.0289369172145279,0.0579848780740338,-110.663302305625,45.0034382707282
587,2013,0.0733408153988663,0.0533999119756892,0.0983997823356168,-110.035201559448,45.0710303440364
588,2013,0.0531459770342351,0.0387699500904257,0.0725390958938366,-109.405868264151,45.135693329813
618,2013,0.0311260250885217,0.00415040590513615,0.104136708171673,-90.2233418640865,45.6799299956426
620,2013,0.0181325266080005,0.00390539311823946,0.0474848412396868,-88.9439240376559,45.619201755334
630,2013,0.000864630592385618,0.000168652924046333,0.00222598300660361,-76.3624400641775,44.3584851192762
631,2013,0.00512635666382801,0.00155345932987178,0.0120559760085197,-75.7476909873557,44.2650152147975
632,2013,0.0150668914563409,0.00565677945435281,0.0307809701183111,-75.1346601488476,44.1687320357042
633,2013,0.0404558685639848,0.0265131471457342,0.0579727568887935,-74.5233891861717,44.0696482940199
634,2013,0.0648874117941698,0.0377539129619372,0.104282794183264,-73.9139194629817,43.9677786572675
635,2013,0.028806350334806,0.021617699343258,0.0380269265521773,-73.3062956765717,43.86313359001
636,2013,0.0608234223794046,0.0466739206657257,0.0788902420863537,-72.7005580818272,43.7557309238421
637,2013,0.0413801034253149,0.0303980403052703,0.0553180398900159,-72.096745405244,43.6455824307873
638,2013,0.0266202500149227,0.0193539598141173,0.0352460666976598,-71.4948985248964,43.5327032721944
639,2013,0.0195800430929772,0.0109945753735594,0.0317165217118985,-70.8950539585084,43.4171102411319
655,2013,0.00415693135184557,0.00123640456461515,0.0095341860881655,-116.12031900192,43.8266891231278
657,2013,0.044780042534871,0.0218780941392598,0.076696195240699,-114.896733551418,44.0094559300545
658,2013,0.0413983714075039,0.0213236316017823,0.0691118471701842,-114.282524899195,44.0966126165839
659,2013,0.125522061037578,0.0640003867673688,0.220140395073683,-113.666766123631,44.1809357386755
660,2013,0.122086285079746,0.0680489950062891,0.194290139573681,-113.049502322059,44.2624126142002
661,2013,0.173323227205875,0.0953718156228357,0.312608463734457,-112.430782400274,44.3410318458983
662,2013,0.185748382386977,0.118915638544356,0.273301308564214,-111.810649827634,44.4167791744156
663,2013,0.0630818669934492,0.0478020414218164,0.0820691442038115,-111.189160078257,44.4896471530197
664,2013,0.0217576864287839,0.0140485125258781,0.031853005913839,-110.566351563484,44.5596381394927
665,2013,0.0745174105386533,0.056506144831096,0.0973638006930196,-109.942281756302,44.6267200072128
666,2013,0.0461380996571944,0.0209897238320841,0.0823877097299376,-109.316999429174,44.6908926966992
668,2013,0.209678678118093,0.11282834414687,0.359799372338772,-108.062992665469,44.8104686875657
669,2013,0.542425477831636,0.333390834130901,0.827083063149288,-107.43437659811,44.8658559511148
710,2013,0.015663981521574,0.00630958445120092,0.030325428020646,-75.2703931717895,43.7311027812755
711,2013,0.0427204094999288,0.0281889624142685,0.0606106852143776,-74.6628303396871,43.632734681026
712,2013,0.0318149077953939,0.019189317924119,0.048431928303798,-74.0570367160181,43.5315963738007
713,2013,0.0125895173484649,0.00627927281872909,0.0219351016033638,-73.4530532043718,43.4276991027857
714,2013,0.0497432690397807,0.0349267615455673,0.067944832442922,-72.8509212587371,43.3210583242021
715,2013,0.0338903173658259,0.0244619209261104,0.045826721032141,-72.2506779925283,43.2116874301947
716,2013,0.016960902094827,0.011479920136881,0.0241100333995196,-71.6523647669208,43.0996007467112
717,2013,0.00632369092241997,0.0033189699730902,0.0107960163672949,-71.0560185015014,42.98481471806
734,2013,0.0629724019089547,0.0161931772240773,0.162918259363584,-115.382770076014,43.4807125720167
735,2013,0.147801950659697,0.101721149991339,0.211672996438118,-114.773918404995,43.5700430764301
736,2013,0.109501679142522,0.0755433326107709,0.153650189264176,-114.163501427333,43.6565691833324
737,2013,0.20303338894211,0.0905347705445949,0.394226480072802,-113.551563177535,43.7402787046076
739,2013,0.167808045257616,0.0981375090338781,0.266377530444667,-112.323306033627,43.8992041394788
740,2013,0.159493971528698,0.111545291950555,0.223287581463495,-111.707079475952,43.974396823416
741,2013,0.279519288096802,0.213642994278341,0.367764679240468,-111.089517958523,44.046729682195
742,2013,0.118094653316874,0.0943849460580968,0.146764215484838,-110.470664190897,44.1161945853347
747,2013,0.66836579882481,0.406541379389784,1.03974927872413,-107.358812082343,44.4201195918522
748,2013,0.181095966090758,0.10751731394204,0.288915180598642,-106.733278918328,44.4721647364724
790,2013,0.0288023142250112,0.0114083458574429,0.0588385934279595,-74.8005019980691,43.1960170152874
791,2013,0.0171303258823733,0.00636629385380801,0.0356750575353885,-74.198342428856,43.0955932326429
792,2013,0.00775166699267486,0.00362984339077058,0.0144503641722967,-73.5979595890574,42.9924262557409
793,2013,0.0603239545828792,0.0408799013044154,0.0861537770514581,-72.9993933692596,42.8865313302364
794,2013,0.0335707292452047,0.025030819445075,0.0438253136564063,-72.4026818113356,42.777921670976
795,2013,0.0161561709134873,0.0116364047530489,0.0215220589992029,-71.8078661765002,42.6666103833826
796,2013,0.000271359891552194,8.01110514096227e-05,0.000593790982058217,-71.2149800875281,42.5526120433965
815,2013,0.423970474712129,0.232486585987313,0.714237337465211,-114.045998932382,43.2167676588969
816,2013,0.0700745507381837,0.0262972039757746,0.136822799771765,-113.437837611848,43.2998789589846
819,2013,0.227656013078029,0.139560601020834,0.348405985079713,-111.604842734884,43.5323090825256
820,2013,0.256701636753314,0.200146440290183,0.327229525326773,-110.991161093688,43.604116470305
821,2013,0.137584280409401,0.108249872267882,0.172860144144491,-110.376216433854,43.6730727467328
822,2013,0.164786815197649,0.0744993837866382,0.30741782307703,-109.760055685521,43.7391683698958
826,2013,0.257087408142385,0.1824349790025,0.354302901848218,-107.284235079899,43.9747585210165
827,2013,0.174804100567005,0.0975586981538156,0.285885797472027,-106.66273806328,44.0264160330045
877,2013,0.0225569216846548,0.0138806481569056,0.0340364485139308,-73.1460089299208,42.4521210494956
878,2013,0.0231892341854287,0.0168992143276387,0.0310713772103609,-72.5527918934419,42.3442545476635
879,2013,0.00996317396000026,0.00687142970982159,0.0140002702843581,-71.9614346016644,42.2337015241572
904,2013,0.0988695146273491,0.06196213100002,0.149600391720799,-112.719706079477,42.9394365784853
905,2013,0.0803066572904224,0.0398671035562563,0.143340159962086,-112.112476692354,43.0163669827586
906,2013,0.166751413006497,0.0926213545112816,0.27222451069226,-111.503915596722,43.0904840906579
907,2013,0.198718660262489,0.123347820848391,0.303220993178441,-110.894069029749,43.1617780614914
908,2013,0.242507332893113,0.125461227395731,0.410704319266403,-110.282984473574,43.2302405334548
909,2013,0.183334194387737,0.108276921079224,0.277308992823924,-109.670705371682,43.2958576721997
911,2013,0.064855104561941,0.0196210561523086,0.143894745407012,-108.442757810671,43.4185337124392
963,2013,0.023394167589331,0.0142572942932446,0.0358979212184096,-73.2908034531097,42.0178001271581
964,2013,0.00405914129613019,0.0020281204765121,0.00691349125743015,-72.7010412022829,41.9106602199159
965,2013,0.0027214765660292,0.00101660511473715,0.00546552613533632,-72.1131053229347,41.8008479286835
984,2013,0.0704616222037214,0.00641578600893186,0.24229615635119,-116.203629398749,41.9824136247028
987,2013,0.419202214671303,0.279608300167738,0.606440779179942,-114.414750407728,42.2530490835486
988,2013,0.40811641307045,0.265917056631726,0.602386946224003,-113.815442855092,42.3377675600178
989,2013,0.125459027073898,0.0705272888571421,0.20646882194788,-113.2146984706,42.419721218099
990,2013,0.145211751589682,0.0955977671209474,0.20857164123895,-112.612560242519,42.4988994123537
991,2013,0.0884615695316545,0.0395707299506925,0.16710905020471,-112.009070954656,42.5752926426614
992,2013,0.200188528215448,0.101585188470112,0.349946725445875,-111.404274261227,42.6488905960846
993,2013,0.203397865938706,0.122895170523281,0.313164137490988,-110.798217972273,42.7196842309693
994,2013,0.163479475064893,0.082285522779578,0.297435946029291,-110.190943799606,42.7876630149683
995,2013,0.218174827078137,0.137781138311935,0.336826465905653,-109.582499689753,42.8528151708467
996,2013,0.122947746322636,0.0699538403194854,0.193506486985954,-108.972930266934,42.9151350552992
997,2013,0.0604343880776405,0.0135066631028204,0.142217911688889,-108.362287083933,42.9746150528814
1016,2013,0.00572685460573143,0.000826744955236635,0.0167944207859399,-96.621621329627,43.5564547242932
1049,2013,0.00493677586548918,0.00227094021371167,0.00913530684198232,-73.4338091418098,41.5835411257897
1067,2013,0.0536645425053457,0.00837033085503637,0.168903044119308,-116.076216826557,41.5455512102766
1068,2013,0.101976312396094,0.0306709577039727,0.243359876268701,-115.48500637125,41.6378759245124
1069,2013,0.0901420536816466,0.0255112888590326,0.214664206068869,-114.892263269215,41.7274848434247
1071,2013,0.0715154645243548,0.0248203931548512,0.152449190463797,-113.702335261937,41.8985096103371
1072,2013,0.0954669139610694,0.0294567125043765,0.225052992280851,-113.105238751938,41.9799045445942
1073,2013,0.0809491475290925,0.0147792168501622,0.20504379454251,-112.506767818374,42.0585399196457
1075,2013,0.113466096187021,0.0663920962120077,0.175730216344795,-111.305893884186,42.2074963261937
1076,2013,0.231803856152964,0.085573858615299,0.503906034905184,-110.703580859138,42.2777988800144
1077,2013,0.157035657230314,0.059865648069271,0.324339741190172,-110.100071224189,42.345304462356
1078,2013,0.101877831230836,0.0336455986747856,0.227812931253173,-109.495418486021,42.4100045574667
1079,2013,0.12473953479051,0.0513684177371736,0.24848158329519,-108.889657956902,42.4718888924363
1081,2013,0.053127239622023,0.0118968277646687,0.140470963650715,-107.675022920097,42.5871832658952
1153,2013,0.0977482059388895,0.0207616643722921,0.257286973472489,-114.77344067336,41.2894883753314
1158,2013,0.0761194692686238,0.0474473640705622,0.118777419079153,-111.806157067383,41.693681068377
1159,2013,0.10387168392416,0.0650061622257816,0.157691706343147,-111.20875371608,41.7662744536107
1160,2013,0.12103115752921,0.0694280276111001,0.196434742685566,-110.610136629169,41.8360956074426
1161,2013,0.129946668410244,0.0670804429340297,0.226480806030969,-110.010350543811,41.9031377469323
1183,2013,0.00762839992393596,0.000643378973918082,0.0262739045784974,-96.6135902963884,42.6611397355194
1233,2013,0.0159380684409355,0.0022770785606324,0.0479029919307874,-115.826086529838,40.67200354049
1240,2013,0.0954088729613242,0.0742059644642661,0.121718692578192,-111.70659825914,41.2530824601715
1241,2013,0.104277453157826,0.0718106477533787,0.149380395588561,-111.112828967095,41.3251903546144
1242,2013,0.0553304597072313,0.0210374338522863,0.10867227562387,-110.517866714772,41.394543713023
1244,2013,0.0254800056803931,0.00696645881980674,0.0616028717025442,-109.324539228095,41.5249547030918
1249,2013,0.0477824295621427,0.0175385924302294,0.10266232141691,-106.323440479132,41.8022336797733
1325,2013,0.106112686940779,0.0808905304416638,0.137894757378133,-111.60827506494,40.8125836018646
1326,2013,0.225915285831237,0.146887450070666,0.329726036628372,-111.018094906379,40.8842168298241
1327,2013,0.231483370441177,0.135470547919104,0.360264730484649,-110.426744985701,40.9531131945692
1328,2013,0.127316696029364,0.0813747740440529,0.18965898274302,-109.834266981855,41.0192645938366
1333,2013,0.130191771988175,0.0869253080360489,0.190616569868025,-106.856474378115,41.3085582936967
1334,2013,0.326059123768025,0.226672535641737,0.456363260415934,-106.258145661708,41.3580770848031
1335,2013,0.110883422052846,0.0710015763169048,0.163810543147869,-105.658999922076,41.404801409304
1336,2013,0.282737673112756,0.146775668181276,0.488608183126388,-105.059084019658,41.4487232013348
1338,2013,0.0492410143586444,0.021115903149649,0.0959018250900515,-103.857121159615,41.5281376885191
1409,2013,0.0924649517491519,0.0654501553775268,0.127205022597034,-111.511164150686,40.3721557172223
1410,2013,0.19478348492601,0.098618179616304,0.33521700347948,-110.924532316737,40.4433255564854
1411,2013,0.146155751922164,0.0624579603841541,0.280944826061364,-110.336751067485,40.5117747644432
1412,2013,0.118476341042997,0.0537739276700495,0.222170888032731,-109.747862572294,40.5774945048426
1413,2013,0.0276903162515296,0.0111416589390092,0.0551064253288115,-109.157908368446,40.6404753061641
1416,2013,0.0256024188279871,0.0096354972446745,0.0522871956277802,-107.382084389228,40.8129212642875
1417,2013,0.297922452135498,0.236105470993655,0.374188756269916,-106.78830021479,40.8648831041466
1418,2013,0.292085760424175,0.210400655203708,0.399755530770853,-106.193670449777,40.9140735584832
1419,2013,0.0868662436001228,0.0658727891135326,0.113842874388967,-105.598236458589,40.9604866520144
1420,2013,0.0255082051848544,0.0152334192370699,0.0384072645237821,-105.002047579579,41.0041170728256
1492,2013,0.0320515964478488,0.00603992530067155,0.0916399970962377,-111.997200935055,39.8583600354677
1493,2013,0.106466269567384,0.0746919048514257,0.145517188702526,-111.415243384041,39.9317719896599
1495,2013,0.0936502022220572,0.012702073046593,0.298650348572214,-110.247863439335,40.0704996825133
1501,2013,0.211217000670106,0.165783436762704,0.266437860258536,-106.720974122848,40.4213250032604
1502,2013,0.406791374643064,0.307670272932557,0.531723292694809,-106.129996789063,40.4701946699446
1503,2013,0.126182721834988,0.0914234620470284,0.17223172830851,-105.538229266375,40.5163044104533
1504,2013,0.0113464365958363,0.00616489413026087,0.0183311172010185,-104.945723200783,40.5596469372605
1576,2013,0.0438305548897696,0.0147506894580018,0.0970901199540343,-111.320491708783,39.4914045546608
1582,2013,0.0398795845380026,0.0179091228657231,0.0736987899914912,-107.8267263069,39.8725389911402
1583,2013,0.126867813830531,0.0567802495118502,0.238899154433397,-107.241029586204,39.9265610616934
1584,2013,0.140586253960042,0.099520764361673,0.195695382314027,-106.65447886542,39.9778530065854
1585,2013,0.207610651539083,0.159297537808938,0.267180406645125,-106.067110267552,40.0264104424822
1586,2013,0.0821219686642179,0.06442345051782,0.103675166556043,-105.478968667215,40.0722211759544
1587,2013,0.000488777155908268,0.000149710087588431,0.00110615398709259,-104.890096369955,40.1152852060354
1664,2013,0.0172420713817651,0.00220361884003115,0.0534487777136607,-108.335236655259,39.3733976164057
1665,2013,0.0333983773852554,0.0145080550637233,0.0664623737311152,-107.753962467665,39.4297902249419
1667,2013,0.17391443210434,0.137161548241228,0.21702728990954,-106.588801977915,39.5344426395234
1668,2013,0.219704616942006,0.163429665214986,0.295181247392889,-106.004996072895,39.5826917516443
1669,2013,0.0503751805682728,0.0386569700823077,0.0647832389578596,-105.420433632994,39.6282109702619
1670,2013,0.000453920949350037,0.000134479262172604,0.00102991823987092,-104.835155420848,39.6710005135731
1746,2013,0.0171196772936888,0.0061530829648709,0.0358746653670474,-108.259881699426,38.9310140708376
1748,2013,0.086731419388757,0.0591450373360649,0.124268268986944,-107.103415161161,39.0404087947803
1749,2013,0.146674364200922,0.10148544453111,0.2035083691843,-106.523922369266,39.0910629083992
1750,2013,0.0786579661240881,0.0567180925633887,0.105027200396571,-105.943641460323,39.139009322844
1751,2013,0.0199758924532015,0.013396784229109,0.0284051003553799,-105.362615768643,39.1842460843658
1752,2013,0.00597091224385301,0.00294639606403546,0.0099191230034113,-104.780887722694,39.2267675507065
1829,2013,0.0125520333287161,0.00628858512286791,0.0229379131987463,-107.611076141954,38.5443150840386
1830,2013,0.038559822781356,0.0240335698744025,0.0575214324787235,-107.035857146631,38.5973396057948
1831,2013,0.122523357574149,0.0902836285382058,0.162366405924978,-106.459830378089,38.6476826784603
1832,2013,0.0322045842315315,0.0145064183106517,0.0604490186486614,-105.883032326581,38.6953379085553
1833,2013,0.0168131146269516,0.0114535619191096,0.0236146662582889,-105.305501746264,38.7402976627333
1834,2013,0.0093751187762022,0.0061451799719786,0.0137516327736893,-104.727283343919,38.782559066598
1910,2013,0.107992556577096,0.0808567692054656,0.143280439202109,-107.540918612131,38.1015350484587
1911,2013,0.101979556206811,0.0709040034583208,0.145301231266229,-106.969115060283,38.1542412219608
1912,2013,0.0574328976768511,0.0309929810710631,0.0927705655933316,-106.396513705963,38.2042814448047
1913,2013,0.0390074402194458,0.0181438082614495,0.0713030604316454,-105.823154687203,38.2516502419397
1990,2013,0.00942982113470833,0.00228406073350451,0.0229154954890116,-108.039208318683,37.6036427370119
1991,2013,0.11278387122423,0.0815098277223575,0.152887234405805,-107.471599693738,37.6586900208738
1992,2013,0.103831747219126,0.0778531378078618,0.13468211088161,-106.903171237272,37.7110863934746
1993,2013,0.0417459975315854,0.0226746828553694,0.0667555794385883,-106.333955618741,37.7608301443974
2070,2013,0.00520271451321048,0.00119558194282429,0.0128627723427091,-107.967395857889,37.1610302815154
2072,2013,0.00965045359168331,0.00292786757220293,0.0212432153157635,-106.838011820175,37.2678491717506
2073,2013,0.0219366853288433,0.00821681609340611,0.0443726326885126,-106.272142802708,37.3173029771175
2151,2013,0.00366519182125115,0.000417411116416781,0.0113568985028855,-107.896430876523,36.7182962299437
6,2019,0.00361826102748994,0.000907824957480116,0.00829511763434868,-121.265128723774,48.994555393664
7,2019,0.0109414048294282,0.0057023270721958,0.0190483188027594,-120.612805474797,49.1126837672064
8,2019,0.00434905348622352,0.00150977829323519,0.0131601430296338,-119.958104358564,49.2278348396007
14,2019,0.00571607889873185,0.00148080062731294,0.0132390021130209,-121.089036419193,48.555629878705
15,2019,0.0426081720436228,0.0243001488177361,0.0614500055729563,-120.440842673788,48.672733234681
16,2019,0.061437343014738,0.0325866392624992,0.103404952960774,-119.790313872131,48.7868865773491
17,2019,0.0235321190061576,0.0115772308345678,0.0406073882232589,-119.137500463454,48.8980721978474
18,2019,0.0208288677867654,0.00906272137745313,0.0397465638456565,-118.482453966982,49.0062653448723
19,2019,0.0432471094823783,0.0178528010478674,0.0842918099058146,-117.825219759276,49.1114538833663
20,2019,0.0324439182584207,0.0108098963741897,0.0796346923001192,-117.165854351124,49.213617147949
27,2019,0.0379851272449119,0.0197298986156015,0.0646390333817757,-120.27121456213,48.2333626190998
28,2019,0.0527786106491298,0.023555222041394,0.0960836273452726,-119.624814650583,48.3465402327626
29,2019,0.0990519087531677,0.0523086412877865,0.164647203850061,-118.976175551119,48.4567680841763
30,2019,0.136766020617098,0.0755537547248537,0.221036945192581,-118.325346401563,48.564029742441
31,2019,0.151619830017721,0.111610988150991,0.20214315025727,-117.672375597358,48.6683051194705
32,2019,0.0878902697882236,0.0554963489318569,0.133985460733041,-117.017316446554,48.7695743758115
33,2019,0.0689418474983076,0.0407251957456923,0.11420489044278,-116.360221072417,48.8678199767522
34,2019,0.0632927512172069,0.0304907047536095,0.10805972207458,-115.701143087202,48.9630258969627
35,2019,0.0380466690139876,0.023991185238973,0.0589194818101778,-115.040136094933,49.0551758980945
36,2019,0.0316377116702989,0.0189466936278999,0.0497394325881059,-114.377255928809,49.1442541785679
37,2019,0.0235684117199922,0.0167397220874023,0.0318840966473979,-113.712561201883,49.2302453010975
38,2019,0.0300697685896607,0.0102454618292119,0.0708595671811601,-67.9000250105137,47.4934264776634
48,2019,0.230266241049225,0.105198625315221,0.422858255215687,-118.170381383063,48.1224031571419
49,2019,0.197875395019166,0.139043551981134,0.274560272238841,-117.521623369245,48.2257868101742
50,2019,0.138370030064446,0.100513753737373,0.186603086131069,-116.870816677498,48.3261864091953
51,2019,0.0636290950317176,0.036687195147697,0.101811736909217,-116.218015973647,48.4235822996474
52,2019,0.0695982279157694,0.04338602200992,0.10279846155429,-115.56326990492,48.5179625451974
54,2019,0.0500211474849499,0.0317570184329531,0.0742693935908766,-114.248169681455,48.6976058532625
55,2019,0.0921655621294985,0.0676490791930212,0.124707875145295,-113.587922894349,48.7828372654218
56,2019,0.047919162061977,0.0180899330125728,0.100121268290046,-112.925954282071,48.8649870003599
60,2019,0.0289766348370759,0.0053667351514077,0.0812263531189891,-110.262024903585,49.1624886658511
62,2019,0.329061717745397,0.16500021574519,0.583717411758562,-69.3497434925368,47.3166834397276
63,2019,0.42950279981091,0.203923778165036,0.775756476477179,-68.7190892921395,47.190084100331
64,2019,0.441964772837971,0.249700974257772,0.720639880679264,-68.0908928553389,47.0606651056672
65,2019,0.0998064863805126,0.0507021073605196,0.171220463670957,-67.4651983439585,46.9284486236964
72,2019,0.00667509620477453,0.00119689756702344,0.0182665447605168,-120.574861976244,47.2420031643778
76,2019,0.114899722957961,0.0666680032735669,0.181444617701695,-118.017514067676,47.68134777365
77,2019,0.107301202367749,0.0729998708769772,0.152371761391407,-117.372920136676,47.7838610764382
78,2019,0.159158413359529,0.112809252225406,0.221997390654517,-116.726314268227,47.8834122922538
79,2019,0.107987359009239,0.0656354388235024,0.163549133373933,-116.077755087246,47.9799818698788
80,2019,0.13287176739455,0.0857019531259265,0.196228597550652,-115.427287835665,48.0735557608927
81,2019,0.0421985528049599,0.0220714205809368,0.0709729635046956,-114.774974410224,48.1641173770118
82,2019,0.0403694534666696,0.0234655562086793,0.0631230743379987,-114.120865028685,48.2516520248398
83,2019,0.149664334642051,0.0987206781413826,0.217119920962224,-113.465009639246,48.3361436908319
84,2019,0.0614832678894905,0.0292769878954099,0.1157253866062,-112.807466634735,48.4175783877576
92,2019,0.0226937842979263,0.0111283812006704,0.0403215776674207,-107.493395159889,48.9573499576627
94,2019,0.0544885134087634,0.00839857443696286,0.161781787373276,-106.152156667735,49.0608164945375
97,2019,0.191762819283049,0.0135237948801804,0.764354871437004,-104.132855499805,49.1920783173635
100,2019,0.591227825481534,0.401340845843163,0.847055214582023,-69.5305289572354,46.8822366835495
101,2019,0.625851154339089,0.416843183976755,0.90904709609774,-68.9036837191155,46.7566505633992
102,2019,0.304036252223265,0.190920591730071,0.45609405318282,-68.2792539113464,46.6282572225885
103,2019,0.136179068732389,0.0900806382851827,0.198061910197975,-67.6572724385743,46.4970843359059
114,2019,0.118534649077111,0.06070315230485,0.202945296742177,-117.866704919148,47.2408178782891
115,2019,0.234384148011576,0.16280450073497,0.324713162576406,-117.226219771308,47.3424850688003
116,2019,0.186941990923272,0.13808060329224,0.249160182985727,-116.583766817315,47.4412092581095
117,2019,0.10323934638206,0.0656901919275839,0.152755565184489,-115.939397629601,47.5369728113951
118,2019,0.114213458365173,0.0757640768638198,0.165944561769753,-115.293161243123,47.6297603798853
119,2019,0.0374377151610519,0.0187266560958621,0.0680762993683126,-114.645111768531,47.7195572370623
122,2019,0.104391753417532,0.0651290379527665,0.15795556128344,-112.690610518949,47.9708590123778
123,2019,0.0687132913784931,0.0153655595047019,0.185367143851241,-112.035840782544,48.048549086942
130,2019,0.0237536220034567,0.00842316831155376,0.0522225015908664,-107.412587066948,48.505935287017
134,2019,0.174598587962579,0.0185988126304532,0.589647089801095,-104.744703388572,48.6983867024283
137,2019,0.261432192147477,0.0926726756199964,0.544649691437377,-102.734451266843,48.8093776896219
139,2019,0.136600604075185,0.0500474420526751,0.288884451778117,-101.390806404747,48.8673844104542
140,2019,0.153039087041339,0.0506674481464261,0.344485421918997,-100.718143786867,48.8915713891201
141,2019,0.0727427060616281,0.00759094279087438,0.23997164329429,-100.04500567428,48.9125444540545
146,2019,0.0627269449772417,0.00421014915090813,0.215669969644958,-96.6745640527728,48.9690518567947
147,2019,0.0640263484423589,0.00451283223610277,0.217044540482218,-96.0000064893933,48.9706680856778
150,2019,0.14277086258088,0.0548522897150564,0.293156815021873,-70.3343511214951,46.5699500753741
151,2019,0.545043326940901,0.370351474983256,0.777588799059303,-69.7089436445446,46.4481548004831
152,2019,0.533673488260634,0.36597522537363,0.751473040946496,-69.0858685956939,46.3235551326322
153,2019,0.280708700210943,0.193639193946762,0.392868204047537,-68.4651588887034,46.1961684346516
154,2019,0.182786844000664,0.114770965136435,0.275230090843202,-67.8468570793633,46.0660136069417
165,2019,0.0268848937773103,0.00834651511750475,0.0552591464392083,-117.71791068899,46.8007779901175
166,2019,0.125094661495139,0.0935134542045519,0.165668371616985,-117.081487575634,46.9016186184269
167,2019,0.152204767330346,0.0997476595377275,0.225228929287187,-116.443136033377,46.9995353119642
168,2019,0.0722166969974213,0.0356717066476461,0.123469694160135,-115.802904751804,47.094512472278
169,2019,0.0871817802944969,0.0467571955120808,0.145312894922817,-115.160845736921,47.1865339418036
170,2019,0.00796725937625836,0.00393110624010015,0.0140167687778153,-114.517008587968,47.2755858069188
171,2019,0.0160351605732983,0.00924714890906465,0.0256830167966853,-113.871445050628,47.3616548062373
173,2019,0.148245267626381,0.0766369568595079,0.262749446028175,-112.575350261847,47.5247839547667
174,2019,0.0181186747958019,0.00443676468282006,0.045518713471746,-111.924928927009,47.6018169236374
175,2019,0.023072105129143,0.00633424643650359,0.0555790301780893,-111.27299749329,47.6758117659898
180,2019,0.0246019115366011,0.00454223402068292,0.0659498481406661,-107.992691893929,47.9997729188431
182,2019,0.053022512110033,0.0077362339017213,0.162740242102504,-106.672031972892,48.1076757168689
190,2019,0.0856460078459393,0.0345075344465994,0.163863874419404,-101.352891440655,48.4135621124951
191,2019,0.086433528773218,0.0302343385619348,0.179009295738586,-100.684939981041,48.4375354833297
193,2019,0.392237320329844,0.0727619245700272,1.0565161490433,-99.3477157576692,48.4759171103027
194,2019,0.160508852367685,0.0378208426329269,0.408804694406516,-98.6785717942889,48.4903184128158
195,2019,0.150085274435626,0.034642251860199,0.382487754404917,-98.0091610849095,48.5015216972278
198,2019,0.162688120194661,0.0484953267575919,0.354970689620635,-96.0000039201961,48.5159308092361
199,2019,0.106656093806814,0.0332710763749555,0.232036924249655,-95.3301960390057,48.5143309353046
200,2019,0.10349854397152,0.0347901491862541,0.221087388873949,-94.6604508757051,48.5095282213004
201,2019,0.088280400954876,0.0292781342521529,0.187524249765272,-93.9908380770121,48.5015239659039
202,2019,0.0299036817066931,0.0132830280360729,0.0548740045843312,-93.3214253392893,48.4903201870313
203,2019,0.0406806946763168,0.0182146090256089,0.0727328588070634,-92.6522759066935,48.475915935041
204,2019,0.0517681456029143,0.0285510814047414,0.0855514154335619,-91.9834602721287,48.4583175724916
205,2019,0.0500187982762722,0.0277118237581479,0.0801396277841651,-90.6471165275859,48.4135638055177
206,2019,0.175472984254638,0.12920581480713,0.23648758952196,-88.6466915320881,48.3225626176597
207,2019,0.0767144210125554,0.0257941710738531,0.16307659157292,-70.506668638906,46.1352523753917
208,2019,0.465914836527516,0.350053668569394,0.607756113528949,-69.8850338348487,46.0144072259477
209,2019,0.513349716764749,0.385432959730566,0.673191566671075,-69.2656832950739,45.8907710876627
210,2019,0.414865991506074,0.261500234605015,0.633763461711428,-68.6486564041498,45.7643644904214
211,2019,0.168025128423652,0.0973076259755994,0.258811804736171,-68.0339922602737,45.6352042746021
212,2019,0.147109417931008,0.0846711156303864,0.241073677896682,-67.4217284444601,45.5033085389255
222,2019,0.00701279636719072,0.000509968386120598,0.0234807496954273,-118.830049766138,46.152469381733
223,2019,0.0280768587556934,0.0103243287256739,0.0570822339855234,-118.201563406335,46.2582657048174
225,2019,0.100149105499334,0.0590754628113654,0.161328760965854,-116.938683807989,46.461222370979
226,2019,0.114309372040605,0.0832982918172079,0.15371957057341,-116.304384196972,46.5583517046871
227,2019,0.0604393341843237,0.0212723946854177,0.125621543762671,-115.668241638533,46.6525615767592
228,2019,0.092591785770276,0.0458525159455088,0.163321591128023,-115.030306303664,46.7438354709386
229,2019,0.00984162952058838,0.00599515725433183,0.0148975789278229,-114.390629531162,46.832160286886
230,2019,0.0133458744885636,0.00846381121694813,0.0196952717765512,-113.749260122114,46.9175251022855
232,2019,0.180977777525769,0.109365668237202,0.289136924393708,-112.461655084182,47.0793087013163
245,2019,0.0704884359885006,0.0145090137241661,0.183532626066905,-103.962894873036,47.8339743825041
247,2019,0.106622657827028,0.015747561973879,0.338828963548742,-102.640490790603,47.9035479230808
249,2019,0.0663455662967218,0.0273030449770015,0.130564055567616,-101.315505768706,47.9605404832261
251,2019,0.20561921233509,0.0438605352664155,0.526306924998297,-99.9884473692496,48.0049104357337
253,2019,0.0884428754278425,0.0267266472881145,0.198991610317775,-98.6598330133486,48.0366278684214
256,2019,0.0723567771603968,0.008807415128765,0.239918147812246,-96.665122546838,48.0604279296598
258,2019,0.0899368356248439,0.029122441032222,0.189451792331113,-95.3348823145924,48.0604298280833
260,2019,0.0758806208301378,0.0272748939942811,0.154505266498741,-94.0048959270843,48.0477350463897
262,2019,0.0412181637491811,0.0189157570307767,0.0724048245318474,-92.6756942817593,48.0223511455104
263,2019,0.103320403497413,0.0639556276915464,0.155688422683301,-92.0115504398173,48.0049117563328
264,2019,0.0846223881114012,0.0529495451982316,0.128043676259837,-91.3477975209589,47.9843065564997
265,2019,0.219037240648136,0.158202880818904,0.293601162091184,-90.6845036809804,47.9605399161754
266,2019,0.162214036336686,0.112647714177082,0.226762950998027,-90.0217221165395,47.9336226989668
267,2019,0.447097899277329,0.324087616463716,0.611300427874553,-89.3595260117118,47.9035575485126
268,2019,0.313378213794155,0.224880976165567,0.422524286919091,-88.6979622211281,47.870332034353
269,2019,0.0871142089144487,0.0298170165883929,0.179470828974096,-70.6767402542768,45.7008752966752
270,2019,0.379446268242554,0.291988072088948,0.480803733340444,-70.0588362662863,45.5809568985751
271,2019,0.377729356116364,0.289477087068248,0.479128253933184,-69.443173730937,45.4582639237871
272,2019,0.172982092215651,0.109326891076134,0.248969175000888,-68.8297909872228,45.332814591009
273,2019,0.145718315911028,0.0846975407396614,0.225438865711292,-68.2187269301224,45.2046259432757
274,2019,0.165927933973859,0.0981423701799548,0.257636105488351,-67.6100186718221,45.0737155823609
275,2019,0.0166044408226558,0.00881354375881316,0.0284251530354904,-67.003702269256,44.9401012433577
290,2019,0.0590893970001566,0.0115075547761716,0.160110521081279,-115.535374198856,46.2110823086983
292,2019,0.0802905663595969,0.0524077825832907,0.116483469291643,-114.265944462349,46.3892456788843
293,2019,0.08620818765762,0.0555276391122689,0.125467150587235,-113.628715560547,46.4739211444767
295,2019,0.0926907209568287,0.0539098103337124,0.148207468936476,-112.349491918944,46.6343911984023
296,2019,0.0521725889616091,0.0209536487270268,0.105283589629229,-111.707601287673,46.7101626793575
300,2019,0.0322208357383444,0.00805955119425613,0.0797968122214876,-109.126073329897,46.9831825089554
312,2019,0.0785212847924447,0.0345790968397432,0.145112556121776,-101.278638743776,47.5082698888487
313,2019,0.0782353083436678,0.0334671014543238,0.147281825889211,-100.619921785345,47.531830613475
315,2019,0.313274995842914,0.0243671321080727,1.20053466846445,-99.3012171828397,47.5695522684754
319,2019,0.0621114926309776,0.0100624475511494,0.176157749183604,-96.6605002482872,47.6073015223553
320,2019,0.0295378205802341,0.0108225979292954,0.0593715646646546,-96.0000015309552,47.6088744950346
324,2019,0.0174739085464589,0.00830837223116242,0.0304064168557387,-93.3586432756584,47.5837062006271
325,2019,0.0192873012694224,0.00841708445546083,0.0355294952959711,-92.6987836625179,47.5695488190079
326,2019,0.0580011119658795,0.0388743125960124,0.0823714324387926,-92.0392406177524,47.5522583542852
327,2019,0.0637222517598494,0.0453445654565078,0.0867261118640468,-91.380080170463,47.5318319865671
328,2019,0.152341341447014,0.0846068626195073,0.251491639177622,-90.7213647962847,47.5082714380863
330,2019,0.0235366520843996,0.010098303511715,0.0460142718692352,-88.0921950487924,47.3827812490345
332,2019,0.171931056740429,0.116162271888218,0.241375615721561,-71.4609849289288,45.3830240963321
333,2019,0.502735915289017,0.339736074598119,0.710753981774758,-70.8446113305664,45.2667870166081
334,2019,0.381795533696708,0.256968326756763,0.538827293514231,-70.2303972745836,45.1477740738739
335,2019,0.142662110953086,0.0868092883770391,0.215997037889601,-69.6183834728863,45.0260023279712
336,2019,0.0230056452144716,0.0137277569166513,0.0359920091222701,-69.0086087274,44.9014884763742
337,2019,0.0290435274409497,0.0185013362154506,0.0434458270004451,-68.4011099872722,44.7742499377212
338,2019,0.0343887538220408,0.0165690887579857,0.0635049223754757,-67.7959203736645,44.6443029250288
339,2019,0.0113905597423845,0.00433812451100845,0.0237799254877087,-67.1930813361053,44.5116647668273
353,2019,0.103865557384104,0.0251731912826623,0.261421510101966,-116.032373562756,45.6773045017994
356,2019,0.0922665098233338,0.0644508049147624,0.127498782081058,-114.142918787608,45.9467992917977
357,2019,0.199480801617739,0.109290306870061,0.33277766514736,-113.509780049327,46.0308013550754
358,2019,0.112048414524893,0.0587717064327901,0.197469522849025,-112.875069121501,46.1118702559755
359,2019,0.125380137325167,0.0713145483536569,0.203634236402931,-112.238833155574,46.1899909150082
361,2019,0.0696345686145495,0.0237922917356155,0.160715914049121,-110.961991642417,46.3373407404143
362,2019,0.109409018747943,0.0222936479852442,0.297565455283491,-110.321492639281,46.4065460013088
374,2019,0.0346141680479934,0.00790939936983142,0.0908804704502437,-102.549113998863,47.0006697792495
377,2019,0.0661601765053689,0.028789246675161,0.123604397345831,-100.588086898593,47.0800669034272
380,2019,0.0682113489675692,0.0132708738805833,0.186514296490094,-98.6231351464366,47.1315018356793
384,2019,0.0256904364930149,0.00934450722487625,0.0532191706798831,-96.0000014210416,47.1564591286036
385,2019,0.0198702766364796,0.00798793431810993,0.0377374005045006,-95.3440610906269,47.1548997101512
386,2019,0.005946098963522,0.00124749619938513,0.0162529178097749,-94.6881835301603,47.1502194986402
387,2019,0.00609739771433872,0.00136418583716873,0.0161646166160872,-94.0324313689751,47.1424200620507
388,2019,0.0117754713221369,0.00550793031655485,0.0212201308278569,-93.3768684788266,47.1315042772383
389,2019,0.0136838576877639,0.00707060582657377,0.0230769175530465,-92.7215517641475,47.1174662695802
390,2019,0.0428890253047948,0.030892075715444,0.0575839189523453,-92.0665480964572,47.1003219121314
391,2019,0.0232038222904092,0.0147142189334977,0.0341519990034418,-91.411919140626,47.080066671644
395,2019,0.0192319825371542,0.00699817260300562,0.0404007115204169,-88.7983682463696,46.9680095197817
396,2019,0.0641002573284133,0.024626119942931,0.13429678195704,-88.1465282163012,46.9322626269099
400,2019,0.0250542553230841,0.0106316536147166,0.0483947258697256,-84.8996139174757,46.7074451795175
401,2019,0.0615932067350297,0.041853993142638,0.0889070196775753,-84.2530916965949,46.6533170768607
402,2019,0.012964302712934,0.00598822652448574,0.0232412612636397,-72.8545671804252,45.1707175557146
403,2019,0.0576521322183263,0.0333945872598671,0.0931339198185121,-72.2377690339484,45.0609176362494
404,2019,0.252783063298763,0.197437351262393,0.320828937465537,-71.623004821057,44.9483239475011
405,2019,0.333233047594192,0.261182921217278,0.422049734444627,-71.0103245125402,44.8329569723512
406,2019,0.196080831741579,0.134760082851259,0.270328695495717,-70.3997618876306,44.7148280484738
408,2019,0.0107100257364696,0.00649942567559916,0.0161873423812713,-69.1851491926563,44.4703556289223
409,2019,0.00765809136679245,0.00381168287636633,0.0131514995275282,-68.5811796096497,44.3440438142203
410,2019,0.00550927230377682,0.00249838652738768,0.0102831583551008,-67.9794674536805,44.2150381678463
425,2019,0.052469663505653,0.0267373637793098,0.0923156055975801,-115.899043609178,45.2373659678815
429,2019,0.131320085361556,0.0636729140469436,0.230520166931003,-113.392423274916,45.5881268522259
430,2019,0.21001800486603,0.117506632313873,0.330034680362785,-112.761782717815,45.668560394512
431,2019,0.139372137180897,0.0858640625963849,0.208107791435182,-112.129648168408,45.7460666303337
432,2019,0.0467707385643268,0.0215063244400531,0.0851694616393031,-111.496069838998,45.8206357339976
433,2019,0.0513274389795841,0.0309739501277301,0.0778580047559482,-110.861095209611,45.8922511477705
434,2019,0.0807626359009442,0.0318217587436413,0.163003928159867,-110.224782157076,45.9609058296223
446,2019,0.0622664763491955,0.0100291161620765,0.196397646154822,-102.504359482585,46.5502197979077
449,2019,0.049762901964855,0.0211876778054138,0.0986751491596955,-100.556682467185,46.628963215207
455,2019,0.00587256163201817,0.00135503101037138,0.0147549957376709,-96.6514455641382,46.7031750500181
459,2019,0.00701670597457614,0.000868223608286694,0.0229969427220408,-94.0459175605674,46.6908001888111
466,2019,0.0241823463512859,0.0120887782034404,0.040841120430516,-89.495641467529,46.5502179985882
467,2019,0.0269905192330316,0.0138184112019255,0.0450355648713894,-88.8475490096495,46.5178274876557
468,2019,0.163190321384283,0.115581135102275,0.224583522903247,-88.2001219559999,46.4823737145273
469,2019,0.0492197766224268,0.0334032489461209,0.0693891761850518,-87.5534181875996,46.4438629758044
470,2019,0.0171745370064695,0.00670377206759579,0.0341259952723711,-86.9074986216507,46.4023015077598
473,2019,0.0365543233105425,0.0127372872124779,0.0786531220735962,-84.9750218889303,46.2593857530883
474,2019,0.031893554131253,0.0188852358375373,0.0515022636368897,-84.3328128514277,46.2056954551487
475,2019,0.0269376690183382,0.0169840793051213,0.0404703624536002,-83.6916711082702,46.148994515225
476,2019,0.0121729131967754,0.00601540831480274,0.0214167821505586,-74.8578824783345,45.0447534768746
477,2019,0.00663692256624249,0.00345009060282257,0.0114785500234552,-74.2390646929974,44.9441892239489
478,2019,0.00639750680929444,0.00296410657543462,0.0120011189093836,-73.6221190079452,44.8408043371509
479,2019,0.0224615068538644,0.0172086630599163,0.0287561354359153,-73.0070899103365,44.7346122701868
480,2019,0.0682940627642221,0.0500975901655603,0.09045220021311,-72.3940193534542,44.6256304954353
481,2019,0.163552384283327,0.113535578048707,0.226881614222978,-71.7829490331442,44.5138718581006
482,2019,0.265635487400472,0.200350862325135,0.351457260878469,-71.1739155676505,44.3993521111248
483,2019,0.0342591635994246,0.0200733098003895,0.0541113962194787,-70.5669648684642,44.2820880757187
484,2019,0.00779006542002047,0.00439627919512656,0.0124388295756225,-69.9621320691256,44.1620946888982
485,2019,0.00724613483974848,0.00271344711773074,0.0148879656450894,-69.3594555418116,44.0393876523552
500,2019,0.0307680867809911,0.00925449725899806,0.0844490867656746,-116.386015924015,44.7036044928699
501,2019,0.0621060852713797,0.0320124722145032,0.107319791271761,-115.76745079886,44.7977710589561
505,2019,0.114894757844698,0.0567943524028729,0.198178079816044,-113.276610256061,45.1458605536931
506,2019,0.102646700433281,0.0644561633390323,0.150989933602147,-112.649991533319,45.2256746420955
507,2019,0.128526005766113,0.0831482097095265,0.18612714778403,-112.021907387769,45.3025808168921
508,2019,0.117043288412425,0.0836684499299765,0.16077489516464,-111.392409141963,45.3765718394876
509,2019,0.101938475700485,0.072894384623663,0.140374165914675,-110.761541185407,45.4476302633058
510,2019,0.148489910256801,0.0510049119294275,0.310384628472408,-110.129361108498,45.5157474428831
541,2019,0.0196609079549171,0.0061326718048901,0.0410763189171705,-90.1841103875549,46.1294542868697
542,2019,0.020549724602773,0.00977370589988208,0.0354295651236844,-89.5397896731285,46.100368656793
543,2019,0.0184335669551803,0.00903253846987465,0.0309296628842249,-88.8960649763765,46.0682394388238
549,2019,0.0125849967742525,0.00430394076279962,0.0286636044590229,-85.0494174511804,45.811868636415
552,2019,0.00869680601880054,0.0038949884850959,0.0159404757775636,-75.613984086982,44.7036027269212
554,2019,0.0155083324665799,0.00934248586634519,0.0236489941234625,-74.3821449942201,44.506789421891
555,2019,0.0189887277602035,0.0107278681122769,0.0310332615481893,-73.7689588899771,44.4041712809705
556,2019,0.0200144152103597,0.0147403149168441,0.0266620501478821,-73.157654155756,44.298761588991
557,2019,0.0414111990842821,0.0326316895156513,0.0522167138795934,-72.5482698612843,44.190578652805
558,2019,0.140383148260618,0.114880833846111,0.169330306898921,-71.9408481310075,44.0796341005252
559,2019,0.170287938844592,0.136560487040772,0.211161425473983,-71.3354244189059,43.9659451531973
560,2019,0.0158061373600952,0.00959793605859748,0.0238902204765664,-70.7320490133694,43.8495249221951
561,2019,0.00225748673077013,0.00100524751915598,0.00416048875618673,-70.130750482445,43.7303904946378
578,2019,0.047129134953592,0.00917112392356446,0.148705069813433,-115.637562865664,44.358485874481
581,2019,0.114356145046397,0.0593568776400353,0.194248608375417,-113.783472432459,44.6218817094677
582,2019,0.0938442638254649,0.0500522586666999,0.15554414381991,-113.162312767383,44.7039676519605
583,2019,0.108915181532616,0.0653923976803784,0.170815272058947,-112.539668903814,44.783176808501
584,2019,0.152765588039757,0.0819254935259103,0.265204674893897,-111.91558586033,44.8594980846902
585,2019,0.0382348341953571,0.0294986214983848,0.0489635478032003,-111.290114607084,44.9329241030284
586,2019,0.0382558148627278,0.0267009075158963,0.0530500778910284,-110.663302305625,45.0034382707282
587,2019,0.0698382003547124,0.0511199460673086,0.0933325194354599,-110.035201559448,45.0710303440364
588,2019,0.0507439583266351,0.0372131678987184,0.0682464127009254,-109.405868264151,45.135693329813
618,2019,0.0288166812152146,0.00387480639203438,0.0950152901141998,-90.2233418640865,45.6799299956426
620,2019,0.0174542606585419,0.00377919902612423,0.0455343334242486,-88.9439240376559,45.619201755334
630,2019,0.000853616758372359,0.000169630337326795,0.00219604013374727,-76.3624400641775,44.3584851192762
631,2019,0.00477936318041281,0.00145960016240529,0.0111363049758312,-75.7476909873557,44.2650152147975
632,2019,0.0137961145570546,0.00525031390465098,0.0280641443286086,-75.1346601488476,44.1687320357042
633,2019,0.0359024300084656,0.0236508716980141,0.0509063434708225,-74.5233891861717,44.0696482940199
634,2019,0.0561645575692188,0.033333184502155,0.0882138379494293,-73.9139194629817,43.9677786572675
635,2019,0.0269468933233454,0.0204233489773568,0.0353355369921982,-73.3062956765717,43.86313359001
636,2019,0.0561031099684661,0.0433268483740424,0.0720855796900705,-72.7005580818272,43.7557309238421
637,2019,0.0384206839936316,0.0284508342920958,0.0509302996567353,-72.096745405244,43.6455824307873
638,2019,0.0252044610047104,0.018504288241896,0.0335036009231654,-71.4948985248964,43.5327032721944
639,2019,0.0177673977926993,0.00991272216286328,0.0290527512964338,-70.8950539585084,43.4171102411319
655,2019,0.0045141830811769,0.00138196960966738,0.0101960142054974,-116.12031900192,43.8266891231278
657,2019,0.0425181638265133,0.0210322641954723,0.0724000823890464,-114.896733551418,44.0094559300545
658,2019,0.0383679307112692,0.0197262958641518,0.0635859579418496,-114.282524899195,44.0966126165839
659,2019,0.115848647389077,0.0590344927236929,0.203745366352162,-113.666766123631,44.1809357386755
660,2019,0.111554330174533,0.0627588308765311,0.178184483215374,-113.049502322059,44.2624126142002
661,2019,0.15995984001818,0.089055134175588,0.285067542461823,-112.430782400274,44.3410318458983
662,2019,0.175958063068314,0.112784468514535,0.257762593836003,-111.810649827634,44.4167791744156
663,2019,0.062453545483553,0.0478827452972698,0.0807681352032937,-111.189160078257,44.4896471530197
664,2019,0.0210525581804196,0.0136147430058977,0.0307425144061258,-110.566351563484,44.5596381394927
665,2019,0.0721075964145579,0.054690208302716,0.094647117819298,-109.942281756302,44.6267200072128
666,2019,0.0421865038005413,0.0198144644915679,0.0740235409804884,-109.316999429174,44.6908926966992
668,2019,0.188861311184242,0.101402748645247,0.323653667228832,-108.062992665469,44.8104686875657
669,2019,0.508376236869274,0.310485543450013,0.76502550508837,-107.43437659811,44.8658559511148
710,2019,0.0139038893329549,0.00568355795600536,0.0272351992612476,-75.2703931717895,43.7311027812755
711,2019,0.0368244321228108,0.0242001195768323,0.0522493847348262,-74.6628303396871,43.632734681026
712,2019,0.0286071644428973,0.017408067105644,0.0436005978206988,-74.0570367160181,43.5315963738007
713,2019,0.011438005686794,0.00569287112731871,0.0200152048066968,-73.4530532043718,43.4276991027857
714,2019,0.0451761333133974,0.0320646237658063,0.0613669294055524,-72.8509212587371,43.3210583242021
715,2019,0.0308265994700766,0.0224073043111043,0.041406378530784,-72.2506779925283,43.2116874301947
716,2019,0.0157847548314307,0.0107626416183443,0.0224345325224218,-71.6523647669208,43.0996007467112
717,2019,0.00528019206169977,0.00281481892422472,0.00901736750023483,-71.0560185015014,42.98481471806
734,2019,0.0638841161010535,0.0164364982298848,0.165878360021192,-115.382770076014,43.4807125720167
735,2019,0.152668840961974,0.104595931071383,0.219281854071967,-114.773918404995,43.5700430764301
736,2019,0.108144113828349,0.075422422095693,0.150392320962175,-114.163501427333,43.6565691833324
737,2019,0.192105724349967,0.0865740480502259,0.372385670088253,-113.551563177535,43.7402787046076
739,2019,0.148004206667879,0.0870129878311166,0.234111885003778,-112.323306033627,43.8992041394788
740,2019,0.147443822551539,0.10352872061185,0.203161457947341,-111.707079475952,43.974396823416
741,2019,0.278248168942251,0.21420128887765,0.360140251860601,-111.089517958523,44.046729682195
742,2019,0.111741989410126,0.0901321055220017,0.138275234539897,-110.470664190897,44.1161945853347
747,2019,0.63008599200859,0.384477109556972,0.971249271117439,-107.358812082343,44.4201195918522
748,2019,0.15893084132639,0.0948268277181607,0.249184707753038,-106.733278918328,44.4721647364724
790,2019,0.0257304978791009,0.010157991751567,0.0518606411258733,-74.8005019980691,43.1960170152874
791,2019,0.0159770974097193,0.00595994571864922,0.0335046429849844,-74.198342428856,43.0955932326429
792,2019,0.00733990888260443,0.00346182084708503,0.0136249223783395,-73.5979595890574,42.9924262557409
793,2019,0.0560873393503829,0.038249052883854,0.0801440781598987,-72.9993933692596,42.8865313302364
794,2019,0.0304402333712798,0.0228227396308423,0.0395854373362364,-72.4026818113356,42.777921670976
795,2019,0.0140727460718409,0.0101418929774066,0.0186343505068092,-71.8078661765002,42.6666103833826
796,2019,0.000225657550328713,6.70731451249916e-05,0.000494598485641962,-71.2149800875281,42.5526120433965
815,2019,0.41322510318863,0.229796451200295,0.689477583448115,-114.045998932382,43.2167676588969
816,2019,0.0683992367495465,0.0257024878785073,0.131912142606799,-113.437837611848,43.2998789589846
819,2019,0.218952044538127,0.134940345957211,0.333474171373015,-111.604842734884,43.5323090825256
820,2019,0.238973449848227,0.18703016610054,0.302364350519541,-110.991161093688,43.604116470305
821,2019,0.125889741924286,0.0998126271221194,0.157797431173772,-110.376216433854,43.6730727467328
822,2019,0.156522796912748,0.0699673705419615,0.291237587127762,-109.760055685521,43.7391683698958
826,2019,0.236879549303726,0.169156434411084,0.32153332531165,-107.284235079899,43.9747585210165
827,2019,0.150626364247395,0.0860323115607191,0.2430917954651,-106.66273806328,44.0264160330045
877,2019,0.0212851060070679,0.0130805154901428,0.032247013120992,-73.1460089299208,42.4521210494956
878,2019,0.0207734238942365,0.015291845824192,0.0274302756056021,-72.5527918934419,42.3442545476635
879,2019,0.00842885039721846,0.00584804119383071,0.0117490205768956,-71.9614346016644,42.2337015241572
904,2019,0.0962728942194626,0.0612723444360474,0.144034832226127,-112.719706079477,42.9394365784853
905,2019,0.0775536803368252,0.0391552476510016,0.136273836361806,-112.112476692354,43.0163669827586
906,2019,0.157521470063441,0.0870876073861887,0.255290533237574,-111.503915596722,43.0904840906579
907,2019,0.182467862996309,0.113188544263328,0.276557812006835,-110.894069029749,43.1617780614914
908,2019,0.20398086771072,0.104762563205276,0.349656364721109,-110.282984473574,43.2302405334548
909,2019,0.172542859911498,0.101888073031169,0.261283132461218,-109.670705371682,43.2958576721997
911,2019,0.058282167710789,0.0175343202454812,0.131078283129599,-108.442757810671,43.4185337124392
963,2019,0.0215428744413409,0.0132523129912911,0.0326794374278986,-73.2908034531097,42.0178001271581
964,2019,0.00377814305855528,0.00188390622181036,0.00640916437223777,-72.7010412022829,41.9106602199159
965,2019,0.00218881034996355,0.00081607093612878,0.00436686351795345,-72.1131053229347,41.8008479286835
984,2019,0.0626311981475412,0.00589835236012056,0.217643842407373,-116.203629398749,41.9824136247028
987,2019,0.371670351573131,0.251711744330516,0.531930127518166,-114.414750407728,42.2530490835486
988,2019,0.383175285250981,0.253473106089781,0.560557541005631,-113.815442855092,42.3377675600178
989,2019,0.118040301267271,0.0671897159427711,0.191195853409854,-113.2146984706,42.419721218099
990,2019,0.141925814975311,0.0936596380952051,0.203671844432035,-112.612560242519,42.4988994123537
991,2019,0.085407042712392,0.0386907210490265,0.158971427292704,-112.009070954656,42.5752926426614
992,2019,0.189817821430373,0.0964785341000139,0.331143757695279,-111.404274261227,42.6488905960846
993,2019,0.193677030175747,0.116933998241269,0.29459565550081,-110.798217972273,42.7196842309693
994,2019,0.149496320244095,0.0764484153003216,0.274289636637462,-110.190943799606,42.7876630149683
995,2019,0.203726725323266,0.129691331899374,0.31326258006194,-109.582499689753,42.8528151708467
996,2019,0.117106736745013,0.0667500222788129,0.18437542620095,-108.972930266934,42.9151350552992
997,2019,0.0543381127052977,0.0122341075575076,0.129264512944351,-108.362287083933,42.9746150528814
1016,2019,0.0051217348109955,0.000726204597387687,0.0151791906546149,-96.621621329627,43.5564547242932
1049,2019,0.00437530211040128,0.00202854682807375,0.00809742954168042,-73.4338091418098,41.5835411257897
1067,2019,0.0489722324185111,0.00783683007384093,0.15160713490948,-116.076216826557,41.5455512102766
1068,2019,0.0931265412563461,0.0277772736607243,0.221172840859831,-115.48500637125,41.6378759245124
1069,2019,0.0820269488141946,0.0235597673258905,0.195986962786001,-114.892263269215,41.7274848434247
1071,2019,0.0690397803910044,0.0243042967022045,0.146531554887975,-113.702335261937,41.8985096103371
1072,2019,0.0858873327605826,0.0274364036521002,0.197075708003783,-113.105238751938,41.9799045445942
1073,2019,0.0724597319872533,0.0136109213805043,0.180787490630342,-112.506767818374,42.0585399196457
1075,2019,0.106992470565492,0.062624134364645,0.164717384245508,-111.305893884186,42.2074963261937
1076,2019,0.215473123449773,0.0786140576518468,0.467065097379113,-110.703580859138,42.2777988800144
1077,2019,0.145216884358268,0.0558032609884731,0.299979105302513,-110.100071224189,42.345304462356
1078,2019,0.0940093512108239,0.0311229107674346,0.214358115046051,-109.495418486021,42.4100045574667
1079,2019,0.11842007520018,0.048547517686137,0.23669373868498,-108.889657956902,42.4718888924363
1081,2019,0.0486469159659923,0.0109111020359668,0.128118891050025,-107.675022920097,42.5871832658952
1153,2019,0.0855815238336018,0.0182551216883663,0.223626736591506,-114.77344067336,41.2894883753314
1158,2019,0.0710334123771853,0.0452167891611107,0.109013070065615,-111.806157067383,41.693681068377
1159,2019,0.0977484540345938,0.0613241574387481,0.146652107118414,-111.20875371608,41.7662744536107
1160,2019,0.110045540599003,0.0634734288756138,0.177992820702291,-110.610136629169,41.8360956074426
1161,2019,0.118243693130512,0.0614384059693108,0.206394025209144,-110.010350543811,41.9031377469323
1183,2019,0.00690887733936552,0.000585328225622852,0.0239440857531641,-96.6135902963884,42.6611397355194
1233,2019,0.013235890268217,0.00192883622593292,0.039372579978512,-115.826086529838,40.67200354049
1240,2019,0.0922862559324812,0.0720631256643247,0.11742229451768,-111.70659825914,41.2530824601715
1241,2019,0.0998275956258491,0.0693137587769378,0.140664772486282,-111.112828967095,41.3251903546144
1242,2019,0.0503740534845218,0.019216530360382,0.0990981081254009,-110.517866714772,41.394543713023
1244,2019,0.0232784003856514,0.00638214083762716,0.05619808305644,-109.324539228095,41.5249547030918
1249,2019,0.0433772838735514,0.0163475210775685,0.0923966998146909,-106.323440479132,41.8022336797733
1325,2019,0.105443425620445,0.0806958754578861,0.137466316699876,-111.60827506494,40.8125836018646
1326,2019,0.223788183067699,0.14645513045576,0.325160131754459,-111.018094906379,40.8842168298241
1327,2019,0.224474848738376,0.131309472777727,0.346864580661441,-110.426744985701,40.9531131945692
1328,2019,0.118441983173169,0.0764833653150219,0.174851363482318,-109.834266981855,41.0192645938366
1333,2019,0.127465516717011,0.08591350772276,0.182120908159117,-106.856474378115,41.3085582936967
1334,2019,0.306229310135075,0.213120280949151,0.426382519387737,-106.258145661708,41.3580770848031
1335,2019,0.104200971735414,0.066422193702763,0.154391407377649,-105.658999922076,41.404801409304
1336,2019,0.264680101861797,0.137683053979857,0.458349148589392,-105.059084019658,41.4487232013348
1338,2019,0.0452503532804108,0.0194762427867483,0.087254687174534,-103.857121159615,41.5281376885191
1409,2019,0.0909430125070795,0.0651164955253572,0.12331209670062,-111.511164150686,40.3721557172223
1410,2019,0.193424183594561,0.0997364668984146,0.331562237177514,-110.924532316737,40.4433255564854
1411,2019,0.14502263654859,0.0606099368291313,0.282095935819571,-110.336751067485,40.5117747644432
1412,2019,0.114483936093141,0.0519516062209978,0.215665944706956,-109.747862572294,40.5774945048426
1413,2019,0.0254020796956058,0.010338198966803,0.050162915378213,-109.157908368446,40.6404753061641
1416,2019,0.0243899587216534,0.00909949011751608,0.049561343325286,-107.382084389228,40.8129212642875
1417,2019,0.259825054435164,0.20664305984453,0.324851833809816,-106.78830021479,40.8648831041466
1418,2019,0.264098659406287,0.194366643695414,0.355616049933961,-106.193670449777,40.9140735584832
1419,2019,0.0800779356520566,0.0615131107282353,0.1040957982692,-105.598236458589,40.9604866520144
1420,2019,0.0239423045205587,0.0145285575785375,0.0359564591663753,-105.002047579579,41.0041170728256
1492,2019,0.0283774762107113,0.00522247138040379,0.0792989651054521,-111.997200935055,39.8583600354677
1493,2019,0.0947738674425294,0.0676832124842975,0.129151535257115,-111.415243384041,39.9317719896599
1495,2019,0.0877980195141091,0.0121576892340234,0.281289928207201,-110.247863439335,40.0704996825133
1501,2019,0.199718887862491,0.15756846547135,0.251151776527395,-106.720974122848,40.4213250032604
1502,2019,0.386213982222663,0.293257723789379,0.508448880704516,-106.129996789063,40.4701946699446
1503,2019,0.123178928549167,0.0894240259725328,0.168003188830423,-105.538229266375,40.5163044104533
1504,2019,0.0107866317314179,0.00594426274414134,0.0173094935155207,-104.945723200783,40.5596469372605
1576,2019,0.0415636717931559,0.0141701247815107,0.0919423987582682,-111.320491708783,39.4914045546608
1582,2019,0.0361780923623229,0.016609992457168,0.0664402550199949,-107.8267263069,39.8725389911402
1583,2019,0.122865256468376,0.0553043272193126,0.228522161784696,-107.241029586204,39.9265610616934
1584,2019,0.132473755967133,0.0953121756308304,0.182758523522956,-106.65447886542,39.9778530065854
1585,2019,0.195083269975974,0.150511149020553,0.251144891220686,-106.067110267552,40.0264104424822
1586,2019,0.0800074953380213,0.0627659475074671,0.100947994314156,-105.478968667215,40.0722211759544
1587,2019,0.000462380449428584,0.000144566472350721,0.00103789662211965,-104.890096369955,40.1152852060354
1664,2019,0.0152244551002754,0.00194747896222866,0.0467940689906323,-108.335236655259,39.3733976164057
1665,2019,0.0293080116357561,0.0124507068020207,0.0591461955564988,-107.753962467665,39.4297902249419
1667,2019,0.164123457787127,0.130515623714226,0.203738717588083,-106.588801977915,39.5344426395234
1668,2019,0.211639082613614,0.157956069225839,0.281537415696914,-106.004996072895,39.5826917516443
1669,2019,0.0500485784847463,0.0390015300890019,0.0635824618347624,-105.420433632994,39.6282109702619
1670,2019,0.000426783654301824,0.000127530828679022,0.000964045219393667,-104.835155420848,39.6710005135731
1746,2019,0.0161248883801315,0.00579880276479089,0.0336180545018044,-108.259881699426,38.9310140708376
1748,2019,0.0836831344927044,0.0573782495241403,0.119387734219747,-107.103415161161,39.0404087947803
1749,2019,0.14403877605493,0.099480745701213,0.198926863484462,-106.523922369266,39.0910629083992
1750,2019,0.0786717781395109,0.0574455840126116,0.104082406603368,-105.943641460323,39.139009322844
1751,2019,0.0203609447402116,0.0136129783103015,0.0290166349032336,-105.362615768643,39.1842460843658
1752,2019,0.0059052960491211,0.00299464326321984,0.00968594792208124,-104.780887722694,39.2267675507065
1829,2019,0.0119712881127066,0.00603257989514997,0.0218869846106418,-107.611076141954,38.5443150840386
1830,2019,0.0372413688688203,0.023593622412753,0.0549174523713871,-107.035857146631,38.5973396057948
1831,2019,0.124119842523935,0.0908992348089047,0.163401840937224,-106.459830378089,38.6476826784603
1832,2019,0.0329987557928231,0.0146715973783541,0.0621222013770956,-105.883032326581,38.6953379085553
1833,2019,0.0168841754164582,0.011516078941396,0.0237183548494718,-105.305501746264,38.7402976627333
1834,2019,0.00934754395834158,0.00612501529470411,0.0136665097856772,-104.727283343919,38.782559066598
1910,2019,0.107351610385309,0.0807117623951653,0.140452688350428,-107.540918612131,38.1015350484587
1911,2019,0.102950200145988,0.0720317656661507,0.14515139532282,-106.969115060283,38.1542412219608
1912,2019,0.058494497655866,0.031329774477223,0.0939866811169689,-106.396513705963,38.2042814448047
1913,2019,0.0384825802153727,0.0175971427506032,0.0701721652245411,-105.823154687203,38.2516502419397
1990,2019,0.00917020689943082,0.0022243250330855,0.022404839108479,-108.039208318683,37.6036427370119
1991,2019,0.112760393938304,0.0816364892269155,0.151812163870321,-107.471599693738,37.6586900208738
1992,2019,0.100708689170416,0.0752849413894416,0.130771617336671,-106.903171237272,37.7110863934746
1993,2019,0.0411151956995524,0.0224164146193728,0.0660696509411199,-106.333955618741,37.7608301443974
2070,2019,0.00476657463691453,0.00109349541708167,0.0118426172475856,-107.967395857889,37.1610302815154
2072,2019,0.00990207415542003,0.00297261609436745,0.0218308825745139,-106.838011820175,37.2678491717506
2073,2019,0.021990645551194,0.008043265773241,0.0458403167363834,-106.272142802708,37.3173029771175
2151,2019,0.00333944505703296,0.000389213214706731,0.0104192642422917,-107.896430876523,36.7182962299437
6,2025,0.0037388035459357,0.000967297568361085,0.00850811900121275,-121.265128723774,48.994555393664
7,2025,0.011816588557136,0.00614993775962944,0.0204854463246238,-120.612805474797,49.1126837672064
8,2025,0.00488671497760799,0.00168876072685196,0.0157247333370129,-119.958104358564,49.2278348396007
14,2025,0.00567802088019904,0.00146401595464223,0.0129817116352426,-121.089036419193,48.555629878705
15,2025,0.0354733782631282,0.0217864764259882,0.0508158343021129,-120.440842673788,48.672733234681
16,2025,0.0568231816102187,0.0304215582233389,0.0950442262555818,-119.790313872131,48.7868865773491
17,2025,0.0214335522655401,0.0105160808135665,0.0368319541224393,-119.137500463454,48.8980721978474
18,2025,0.018883236871962,0.00819183746830918,0.0359881736572484,-118.482453966982,49.0062653448723
19,2025,0.0399534325207635,0.0170282045666419,0.0773376561466393,-117.825219759276,49.1114538833663
20,2025,0.0303647272167723,0.0105078770910717,0.0719010497188315,-117.165854351124,49.213617147949
27,2025,0.0353411563380706,0.0182490879283042,0.06013217303326,-120.27121456213,48.2333626190998
28,2025,0.0498335397117757,0.022278571051746,0.0896670130056994,-119.624814650583,48.3465402327626
29,2025,0.0895488193145935,0.0476946603307183,0.149518354947594,-118.976175551119,48.4567680841763
30,2025,0.118050089299713,0.0650729700811927,0.190347376823999,-118.325346401563,48.564029742441
31,2025,0.13365102573361,0.098362160536247,0.1768536301388,-117.672375597358,48.6683051194705
32,2025,0.0810746394529915,0.0506126523904705,0.123154518803747,-117.017316446554,48.7695743758115
33,2025,0.0655622574642897,0.0386039223486315,0.109548525382816,-116.360221072417,48.8678199767522
34,2025,0.0564441472493908,0.0271531759602797,0.0956131752327116,-115.701143087202,48.9630258969627
35,2025,0.0338896316129049,0.0215436778030269,0.0524524644989525,-115.040136094933,49.0551758980945
36,2025,0.0274882617275925,0.0165485261063164,0.0427630979819211,-114.377255928809,49.1442541785679
37,2025,0.0184211207517746,0.0129464904715815,0.0252275997845319,-113.712561201883,49.2302453010975
38,2025,0.0261287257859941,0.00899572788772952,0.0608296400526857,-67.9000250105137,47.4934264776634
48,2025,0.190598997150954,0.0867092634129917,0.346441001700129,-118.170381383063,48.1224031571419
49,2025,0.163880343271549,0.115989679679427,0.227026457344033,-117.521623369245,48.2257868101742
50,2025,0.121859686672277,0.088364276412689,0.163297481241632,-116.870816677498,48.3261864091953
51,2025,0.0600046139759726,0.0348690881945654,0.0946903221404826,-116.218015973647,48.4235822996474
52,2025,0.0614249485852531,0.0384280556163307,0.0908495637142389,-115.56326990492,48.5179625451974
54,2025,0.0446156012593573,0.0281412816419338,0.066404362683282,-114.248169681455,48.6976058532625
55,2025,0.0737885325539342,0.054019703825536,0.100057384955514,-113.587922894349,48.7828372654218
56,2025,0.0390762307569207,0.0146509481359878,0.0816170296278393,-112.925954282071,48.8649870003599
60,2025,0.0227796452559367,0.00424525055626436,0.0635735055885108,-110.262024903585,49.1624886658511
62,2025,0.278587394950473,0.139145900858593,0.494021013966903,-69.3497434925368,47.3166834397276
63,2025,0.359211757494138,0.170463400531529,0.649496735819796,-68.7190892921395,47.190084100331
64,2025,0.365043645001819,0.205171136075458,0.595635769982926,-68.0908928553389,47.0606651056672
65,2025,0.0813828558772436,0.040652400548139,0.139492419075301,-67.4651983439585,46.9284486236964
72,2025,0.00618949229965192,0.00111216925338828,0.0169285918363437,-120.574861976244,47.2420031643778
76,2025,0.100057132823671,0.0585564465445284,0.159034447254942,-118.017514067676,47.68134777365
77,2025,0.0941125618680452,0.0646242971421428,0.13396418080111,-117.372920136676,47.7838610764382
78,2025,0.145298581588872,0.101217434850055,0.205759082004499,-116.726314268227,47.8834122922538
79,2025,0.100130771404592,0.0612907361982024,0.153499932094861,-116.077755087246,47.9799818698788
80,2025,0.118157131618396,0.0760097997088201,0.176206192345939,-115.427287835665,48.0735557608927
81,2025,0.0368758213666631,0.0194208702806622,0.0620643614982115,-114.774974410224,48.1641173770118
82,2025,0.0353073769970194,0.0202720450951273,0.0556920682939689,-114.120865028685,48.2516520248398
83,2025,0.119724489767531,0.0791990994048519,0.173683050072451,-113.465009639246,48.3361436908319
84,2025,0.0506254212868287,0.0228953494809271,0.0974641355102785,-112.807466634735,48.4175783877576
92,2025,0.0215967971574703,0.0106809009377312,0.0385213939331836,-107.493395159889,48.9573499576627
94,2025,0.0495725305034669,0.00758131525005124,0.147781977697831,-106.152156667735,49.0608164945375
97,2025,0.176000952375045,0.0125499266506853,0.696122057052787,-104.132855499805,49.1920783173635
100,2025,0.494898407754438,0.333465313807266,0.706957828319844,-69.5305289572354,46.8822366835495
101,2025,0.50581168305337,0.338926231482412,0.729920212867815,-68.9036837191155,46.7566505633992
102,2025,0.240349646927792,0.15198278535032,0.360521146492604,-68.2792539113464,46.6282572225885
103,2025,0.113955422560514,0.0758564455783697,0.16595341525703,-67.6572724385743,46.4970843359059
114,2025,0.0965961402169791,0.0501807165435532,0.16630066426284,-117.866704919148,47.2408178782891
115,2025,0.195014974742987,0.138111252500778,0.267135077387525,-117.226219771308,47.3424850688003
116,2025,0.172811498981202,0.127910170153363,0.230123028956196,-116.583766817315,47.4412092581095
117,2025,0.099500414096225,0.0629953738641824,0.147591712581898,-115.939397629601,47.5369728113951
118,2025,0.104299324669431,0.0685590554235925,0.152267972326349,-115.293161243123,47.6297603798853
119,2025,0.0352975387724013,0.0167172929411792,0.0654523982829686,-114.645111768531,47.7195572370623
122,2025,0.0812459963163451,0.050266954561517,0.12305418046568,-112.690610518949,47.9708590123778
123,2025,0.0560871212351889,0.0124325838799646,0.149926705190116,-112.035840782544,48.048549086942
130,2025,0.0244307046395553,0.00859995812859033,0.053882697774266,-107.412587066948,48.505935287017
134,2025,0.168287711294088,0.0177873043795619,0.574181600486552,-104.744703388572,48.6983867024283
137,2025,0.222431688000609,0.0786297729327495,0.466502268730547,-102.734451266843,48.8093776896219
139,2025,0.115974580824185,0.0422771208849185,0.246188247970258,-101.390806404747,48.8673844104542
140,2025,0.128966543101673,0.042678343196969,0.293388159407973,-100.718143786867,48.8915713891201
141,2025,0.0592250885695544,0.00616514266798099,0.195362497581388,-100.04500567428,48.9125444540545
146,2025,0.046928179138893,0.00304363633328019,0.164795477191742,-96.6745640527728,48.9690518567947
147,2025,0.0481715679932433,0.00334169908009847,0.16575480120962,-96.0000064893933,48.9706680856778
150,2025,0.130880164869777,0.0504282064801007,0.266818345917872,-70.3343511214951,46.5699500753741
151,2025,0.472447543590503,0.319790275741692,0.673921691773633,-69.7089436445446,46.4481548004831
152,2025,0.442791271828465,0.303908200702802,0.623365476476735,-69.0858685956939,46.3235551326322
153,2025,0.220536558633427,0.152163227198791,0.308464844421112,-68.4651588887034,46.1961684346516
154,2025,0.144327936054121,0.0906233014545436,0.21715384823241,-67.8468570793633,46.0660136069417
165,2025,0.0214303348141809,0.00658457468057406,0.0444288824262315,-117.71791068899,46.8007779901175
166,2025,0.101013069221065,0.0765216414529018,0.131703643163398,-117.081487575634,46.9016186184269
167,2025,0.145397473660197,0.0953077699466618,0.213534798768372,-116.443136033377,46.9995353119642
168,2025,0.0666652530577306,0.0327393144002358,0.114450148213615,-115.802904751804,47.094512472278
169,2025,0.0765948955474557,0.0407847109746897,0.127657246544499,-115.160845736921,47.1865339418036
170,2025,0.0067294941693134,0.00317939237125527,0.0121887965462643,-114.517008587968,47.2755858069188
171,2025,0.0137471092737479,0.00783462529240488,0.0220271812388752,-113.871445050628,47.3616548062373
173,2025,0.11138499032167,0.0592856954839853,0.194249992234824,-112.575350261847,47.5247839547667
174,2025,0.0159336535787,0.00389384087963939,0.0400457578386228,-111.924928927009,47.6018169236374
175,2025,0.0190159804339792,0.00521994693847647,0.0459438546155205,-111.27299749329,47.6758117659898
180,2025,0.024018042615228,0.00432733706526249,0.0649318668974355,-107.992691893929,47.9997729188431
182,2025,0.0541919460354887,0.00796968845864801,0.16699267392577,-106.672031972892,48.1076757168689
190,2025,0.0726346324509128,0.0292555548272921,0.138185737724843,-101.352891440655,48.4135621124951
191,2025,0.0699545680743542,0.0246312252675102,0.144896850869443,-100.684939981041,48.4375354833297
193,2025,0.300344120218212,0.0564241325654135,0.816176218952049,-99.3477157576692,48.4759171103027
194,2025,0.123539614931287,0.0289110517364937,0.313190858989641,-98.6785717942889,48.4903184128158
195,2025,0.115292039916294,0.0266214380004615,0.295787260044355,-98.0091610849095,48.5015216972278
198,2025,0.123677514796091,0.0369023543242011,0.26668645538975,-96.0000039201961,48.5159308092361
199,2025,0.0782166208602046,0.0239947367477817,0.170682807403046,-95.3301960390057,48.5143309353046
200,2025,0.075577370780516,0.0254842305693284,0.160153873570619,-94.6604508757051,48.5095282213004
201,2025,0.0676850496613921,0.0222443368222065,0.144074949828132,-93.9908380770121,48.5015239659039
202,2025,0.0248634417768069,0.0109968042979942,0.0457544800929029,-93.3214253392893,48.4903201870313
203,2025,0.0357919747995961,0.0158789600025423,0.0637850441838782,-92.6522759066935,48.475915935041
204,2025,0.0453450804011865,0.0247683013987609,0.0750346090124918,-91.9834602721287,48.4583175724916
205,2025,0.0433710679805327,0.0242354223311738,0.0701206973776143,-90.6471165275859,48.4135638055177
206,2025,0.142899307334187,0.105603888074598,0.191803835649555,-88.6466915320881,48.3225626176597
207,2025,0.0746018174656276,0.0247076420272142,0.158246726167968,-70.506668638906,46.1352523753917
208,2025,0.412131857925793,0.309225071211901,0.53541085456326,-69.8850338348487,46.0144072259477
209,2025,0.461698266340441,0.344243433764189,0.616903431759747,-69.2656832950739,45.8907710876627
210,2025,0.322370879784436,0.201714373650766,0.497359134442481,-68.6486564041498,45.7643644904214
211,2025,0.130105065097192,0.0742584148484806,0.200461386454692,-68.0339922602737,45.6352042746021
212,2025,0.120936895422244,0.0696003734942571,0.197572161015287,-67.4217284444601,45.5033085389255
222,2025,0.00583849331599517,0.000422541804947626,0.0193114442934973,-118.830049766138,46.152469381733
223,2025,0.0237805833349281,0.00883673010042843,0.0475967993274146,-118.201563406335,46.2582657048174
225,2025,0.0779149759400066,0.0459211954998346,0.124834586171358,-116.938683807989,46.461222370979
226,2025,0.100549562712701,0.0728973415402086,0.135880627967828,-116.304384196972,46.5583517046871
227,2025,0.0596429690225333,0.0204585378647913,0.125267247648628,-115.668241638533,46.6525615767592
228,2025,0.0866887387110555,0.0435107282665493,0.151356543797045,-115.030306303664,46.7438354709386
229,2025,0.00826255529271517,0.005053913821282,0.0125899578703113,-114.390629531162,46.832160286886
230,2025,0.0116388048802193,0.00742940708918022,0.0172081597159853,-113.749260122114,46.9175251022855
232,2025,0.135939919972314,0.0828766630658407,0.214555599560609,-112.461655084182,47.0793087013163
245,2025,0.0684216105832278,0.0140779819979969,0.17937050127965,-103.962894873036,47.8339743825041
247,2025,0.0936392583186891,0.0136863530043886,0.297486459480557,-102.640490790603,47.9035479230808
249,2025,0.0558171462772196,0.0227690355281816,0.109799051889738,-101.315505768706,47.9605404832261
251,2025,0.162679208400632,0.0347732917051077,0.418810427445489,-99.9884473692496,48.0049104357337
253,2025,0.069535475658535,0.0213955955862375,0.15326486179504,-98.6598330133486,48.0366278684214
256,2025,0.0535002721449728,0.00652395940032389,0.180568230019125,-96.665122546838,48.0604279296598
258,2025,0.0649981781688664,0.0210386277435878,0.13720594840586,-95.3348823145924,48.0604298280833
260,2025,0.0565376685793264,0.0198727016875934,0.115339030633005,-94.0048959270843,48.0477350463897
262,2025,0.0327787400731205,0.014778608338484,0.0584999556161316,-92.6756942817593,48.0223511455104
263,2025,0.0840063502315757,0.0521796918378825,0.127115236313757,-92.0115504398173,48.0049117563328
264,2025,0.0705642179804999,0.0441700389266793,0.106585459583528,-91.3477975209589,47.9843065564997
265,2025,0.188116069011255,0.135734450526847,0.255029305305713,-90.6845036809804,47.9605399161754
266,2025,0.135627941018318,0.0938728003331415,0.189930446062044,-90.0217221165395,47.9336226989668
267,2025,0.343615100485282,0.247926092838957,0.472023670494239,-89.3595260117118,47.9035575485126
268,2025,0.245398346584499,0.17831933129758,0.328287728479447,-88.6979622211281,47.870332034353
269,2025,0.0811326436945431,0.0276546403648689,0.167867093428382,-70.6767402542768,45.7008752966752
270,2025,0.327272321654363,0.252037334088095,0.414768084875654,-70.0588362662863,45.5809568985751
271,2025,0.31359850214443,0.243113417232353,0.39528877564558,-69.443173730937,45.4582639237871
272,2025,0.133333637807557,0.0847966191195346,0.190594929190156,-68.8297909872228,45.332814591009
273,2025,0.122335137860151,0.0701962319234074,0.189813053766819,-68.2187269301224,45.2046259432757
274,2025,0.143316415577043,0.0851976762621908,0.223750526944942,-67.6100186718221,45.0737155823609
275,2025,0.0155880205368164,0.00813940547153722,0.0265649260598008,-67.003702269256,44.9401012433577
290,2025,0.0529854029658034,0.0102505679753409,0.144128555661975,-115.535374198856,46.2110823086983
292,2025,0.0665404489781989,0.0437031524981317,0.0971888716120875,-114.265944462349,46.3892456788843
293,2025,0.0692446153968877,0.0440230714315257,0.101746725618241,-113.628715560547,46.4739211444767
295,2025,0.0710145775715666,0.0419480420314334,0.113360695351598,-112.349491918944,46.6343911984023
296,2025,0.043513639937833,0.0175199843789127,0.0883007939590939,-111.707601287673,46.7101626793575
300,2025,0.0260434036621212,0.00651843296548298,0.0647087865150116,-109.126073329897,46.9831825089554
312,2025,0.0680317773127049,0.030200790210714,0.124745616204862,-101.278638743776,47.5082698888487
313,2025,0.063151586816281,0.0272614281370467,0.118386060887553,-100.619921785345,47.531830613475
315,2025,0.248885547843966,0.0190998207850946,0.942435853291311,-99.3012171828397,47.5695522684754
319,2025,0.0465636183928703,0.00770821272998733,0.132016927381671,-96.6605002482872,47.6073015223553
320,2025,0.0224343984981248,0.00830033441940884,0.0449922788156262,-96.0000015309552,47.6088744950346
324,2025,0.0134218802727466,0.00641021088422571,0.0232254902298041,-93.3586432756584,47.5837062006271
325,2025,0.0148346678102607,0.00665454862496508,0.0272339519572212,-92.6987836625179,47.5695488190079
326,2025,0.0437926230677731,0.0293582409292717,0.0618927883381297,-92.0392406177524,47.5522583542852
327,2025,0.0519301331860166,0.0368724318697512,0.070941236290052,-91.380080170463,47.5318319865671
328,2025,0.129967306913276,0.0726752015005952,0.213493531414854,-90.7213647962847,47.5082714380863
330,2025,0.0204438227845008,0.00867016395055205,0.0402411936760402,-88.0921950487924,47.3827812490345
332,2025,0.158162200402442,0.107048509136484,0.221686288920571,-71.4609849289288,45.3830240963321
333,2025,0.451128557232934,0.301659867377531,0.640671855034017,-70.8446113305664,45.2667870166081
334,2025,0.316250106110507,0.212826859345753,0.451539590216262,-70.2303972745836,45.1477740738739
335,2025,0.114499308956055,0.0697339818036433,0.173565624160568,-69.6183834728863,45.0260023279712
336,2025,0.0176100529466283,0.0104492406228711,0.0274210602935817,-69.0086087274,44.9014884763742
337,2025,0.0247910258179445,0.0157905292643903,0.0370913471383956,-68.4011099872722,44.7742499377212
338,2025,0.0306523510922405,0.0148458153108209,0.0561736988198759,-67.7959203736645,44.6443029250288
339,2025,0.0108339981630207,0.00412512353986243,0.0222576124227745,-67.1930813361053,44.5116647668273
353,2025,0.0895041233071131,0.021851197235041,0.22839329694647,-116.032373562756,45.6773045017994
356,2025,0.0759526960736118,0.0528582429681545,0.104812848942792,-114.142918787608,45.9467992917977
357,2025,0.164237201225593,0.0898010307498201,0.274501495371494,-113.509780049327,46.0308013550754
358,2025,0.0894709116304981,0.0478660721759196,0.156074362690851,-112.875069121501,46.1118702559755
359,2025,0.0996296320323426,0.0578307147715482,0.161727745188696,-112.238833155574,46.1899909150082
361,2025,0.0592106947648327,0.0198612726227132,0.138137481331281,-110.961991642417,46.3373407404143
362,2025,0.0903953750448893,0.0187592978964453,0.244791366053181,-110.321492639281,46.4065460013088
374,2025,0.0290090564941933,0.0066227071814403,0.0758090016474167,-102.549113998863,47.0006697792495
377,2025,0.0540215737902115,0.0237447089878912,0.100627261810024,-100.588086898593,47.0800669034272
380,2025,0.0576572660822882,0.0112695507736286,0.155950023990571,-98.6231351464366,47.1315018356793
384,2025,0.020221330631278,0.00741148020889785,0.0415837650144282,-96.0000014210416,47.1564591286036
385,2025,0.0152531506012035,0.00619374304508251,0.0297207773026626,-95.3440610906269,47.1548997101512
386,2025,0.00462096967075709,0.000972866422128626,0.0127492579562682,-94.6881835301603,47.1502194986402
387,2025,0.00474174572915445,0.00105309422322816,0.0128522758314643,-94.0324313689751,47.1424200620507
388,2025,0.0088393169376575,0.00415054023730173,0.01573198082837,-93.3768684788266,47.1315042772383
389,2025,0.00994648631536569,0.00512676147655763,0.0167308906525356,-92.7215517641475,47.1174662695802
390,2025,0.0326493430551936,0.0234890824077789,0.0441842286476563,-92.0665480964572,47.1003219121314
391,2025,0.0181475454512054,0.0116916151948161,0.0266983428979073,-91.411919140626,47.080066671644
395,2025,0.0159901844212274,0.0058402455011101,0.0338106897586265,-88.7983682463696,46.9680095197817
396,2025,0.0522036416354898,0.0199988699053818,0.109561456953231,-88.1465282163012,46.9322626269099
400,2025,0.02094601283481,0.00892501187164236,0.0408326847374273,-84.8996139174757,46.7074451795175
401,2025,0.0504863375234765,0.0342668619812847,0.0726864737577918,-84.2530916965949,46.6533170768607
402,2025,0.0117904251633864,0.00554562846869431,0.0211386844846692,-72.8545671804252,45.1707175557146
403,2025,0.0512041810212556,0.0295626008162286,0.0828711385838163,-72.2377690339484,45.0609176362494
404,2025,0.229795040661315,0.178787804271102,0.292270852242857,-71.623004821057,44.9483239475011
405,2025,0.282282408154802,0.22115891125675,0.358312157910429,-71.0103245125402,44.8329569723512
406,2025,0.161276750899707,0.110720291107629,0.22342250137895,-70.3997618876306,44.7148280484738
408,2025,0.00875360015146621,0.00529154709421738,0.0132950940240888,-69.1851491926563,44.4703556289223
409,2025,0.00628590359497686,0.00317261875254353,0.0107785227564527,-68.5811796096497,44.3440438142203
410,2025,0.0041713643776399,0.00189872747124926,0.00773185872667804,-67.9794674536805,44.2150381678463
425,2025,0.0408986411158129,0.0206242239976148,0.0717622130578947,-115.899043609178,45.2373659678815
429,2025,0.105310114836107,0.0512711880950077,0.185449960683748,-113.392423274916,45.5881268522259
430,2025,0.16892282535101,0.0952404260779703,0.264207599599057,-112.761782717815,45.668560394512
431,2025,0.111716929088557,0.0695166046286735,0.165373255950328,-112.129648168408,45.7460666303337
432,2025,0.0403335692251809,0.0183660908136479,0.073683830669494,-111.496069838998,45.8206357339976
433,2025,0.0407161654656242,0.0245436264670885,0.0617791998593183,-110.861095209611,45.8922511477705
434,2025,0.0688288046056471,0.0274076526231036,0.138907326289648,-110.224782157076,45.9609058296223
446,2025,0.0504611873800511,0.00825742751398249,0.159207285622034,-102.504359482585,46.5502197979077
449,2025,0.0408500613061457,0.0171081308171387,0.0801574560629311,-100.556682467185,46.628963215207
455,2025,0.00452157354585406,0.00105212422608167,0.0112900316999398,-96.6514455641382,46.7031750500181
459,2025,0.0054268182735686,0.000666340149964454,0.0174693879873895,-94.0459175605674,46.6908001888111
466,2025,0.0198342149190752,0.00995745924788611,0.0336901993182135,-89.495641467529,46.5502179985882
467,2025,0.0215591335803967,0.0110051274109941,0.0360244975955122,-88.8475490096495,46.5178274876557
468,2025,0.134215497800362,0.0951661308952763,0.185730358804312,-88.2001219559999,46.4823737145273
469,2025,0.041632887241658,0.0282172837096977,0.05921925399368,-87.5534181875996,46.4438629758044
470,2025,0.0144378228752191,0.00563137985327492,0.0290536855516588,-86.9074986216507,46.4023015077598
473,2025,0.0318841439186462,0.0111067170947019,0.0683469446775931,-84.9750218889303,46.2593857530883
474,2025,0.0261957916553445,0.0153747647145274,0.0423382958435456,-84.3328128514277,46.2056954551487
475,2025,0.0215265351739354,0.0136173203110771,0.0321218766949874,-83.6916711082702,46.148994515225
476,2025,0.0105955107193062,0.00519931792306587,0.0187910598704069,-74.8578824783345,45.0447534768746
477,2025,0.0058402532384757,0.00306216226783832,0.0100112615003583,-74.2390646929974,44.9441892239489
478,2025,0.00574269836550598,0.00266843068607675,0.0106436071336302,-73.6221190079452,44.8408043371509
479,2025,0.0205234342614873,0.0156007802953231,0.0263451446234245,-73.0070899103365,44.7346122701868
480,2025,0.0600737794564687,0.0440124994945329,0.0797295427326344,-72.3940193534542,44.6256304954353
481,2025,0.143904490532949,0.100621675280968,0.19976162470175,-71.7829490331442,44.5138718581006
482,2025,0.236427092760713,0.175141582694302,0.318350190169106,-71.1739155676505,44.3993521111248
483,2025,0.0278885445955398,0.0163070587315172,0.0436503490550727,-70.5669648684642,44.2820880757187
484,2025,0.00652168092075395,0.00371698373020068,0.010443537868797,-69.9621320691256,44.1620946888982
485,2025,0.00625653919654596,0.00234091097655564,0.0128856323618169,-69.3594555418116,44.0393876523552
500,2025,0.0243833007889987,0.00719737850660138,0.0688388356309768,-116.386015924015,44.7036044928699
501,2025,0.0477652789099523,0.0245111734356735,0.0820503321354913,-115.76745079886,44.7977710589561
505,2025,0.0964947839248547,0.0480356181384662,0.166555354328217,-113.276610256061,45.1458605536931
506,2025,0.0850205555437055,0.0535455700335764,0.125903624466011,-112.649991533319,45.2256746420955
507,2025,0.107580503961212,0.0700144876619544,0.155536573887767,-112.021907387769,45.3025808168921
508,2025,0.0929373463870127,0.0666604025148335,0.129240679378292,-111.392409141963,45.3765718394876
509,2025,0.0816647790367452,0.0588985100598193,0.112541679200081,-110.761541185407,45.4476302633058
510,2025,0.118273745611153,0.0415288751912168,0.246422494903875,-110.129361108498,45.5157474428831
541,2025,0.0155945038017141,0.00479357947237651,0.0326478642622839,-90.1841103875549,46.1294542868697
542,2025,0.0167633715144841,0.00797657363623688,0.0290441156006976,-89.5397896731285,46.100368656793
543,2025,0.0153898275566955,0.00755180334916291,0.0260267773068243,-88.8960649763765,46.0682394388238
549,2025,0.0108142368269567,0.00367139051813215,0.0245158949398694,-85.0494174511804,45.811868636415
552,2025,0.00755663262817478,0.00339885648239576,0.0138034720770407,-75.613984086982,44.7036027269212
554,2025,0.0139475404799384,0.00836626069974261,0.0212795106238573,-74.3821449942201,44.506789421891
555,2025,0.018159524944773,0.0100970756885889,0.0297435751638501,-73.7689588899771,44.4041712809705
556,2025,0.0180488143549199,0.0131862840947154,0.0241567102619661,-73.157654155756,44.298761588991
557,2025,0.0362838584006763,0.0284223326132259,0.0458476526253923,-72.5482698612843,44.190578652805
558,2025,0.129414722470837,0.105572177151607,0.157275563780608,-71.9408481310075,44.0796341005252
559,2025,0.157172343334699,0.124548999277053,0.196696479273164,-71.3354244189059,43.9659451531973
560,2025,0.0134107314361074,0.00806455123970389,0.0200952228326011,-70.7320490133694,43.8495249221951
561,2025,0.00181222545011131,0.000807900400471411,0.00336632248943209,-70.130750482445,43.7303904946378
578,2025,0.0396521985009974,0.00797737842336428,0.122085612283406,-115.637562865664,44.358485874481
581,2025,0.0982613300502731,0.0508321010621702,0.166807142009263,-113.783472432459,44.6218817094677
582,2025,0.0792820504942307,0.0424375506586256,0.131219651483247,-113.162312767383,44.7039676519605
583,2025,0.0942324412191429,0.0570375089691639,0.146653941145154,-112.539668903814,44.783176808501
584,2025,0.128858410295285,0.069435316439066,0.221470666210785,-111.91558586033,44.8594980846902
585,2025,0.0319193429893757,0.0246155917147466,0.0407142391099376,-111.290114607084,44.9329241030284
586,2025,0.0323380686240636,0.0224376648902929,0.0447929069868456,-110.663302305625,45.0034382707282
587,2025,0.0556504760356131,0.040481249332235,0.0740707447637478,-110.035201559448,45.0710303440364
588,2025,0.0418236754925878,0.0304669153636968,0.0565003682921925,-109.405868264151,45.135693329813
618,2025,0.0222689555981637,0.0029999284789911,0.0733316612412528,-90.2233418640865,45.6799299956426
620,2025,0.0147197248646591,0.00321044716245034,0.0382765548538847,-88.9439240376559,45.619201755334
630,2025,0.000733736736591724,0.000145452833549089,0.00187174276265772,-76.3624400641775,44.3584851192762
631,2025,0.00415081363226763,0.00126601558834334,0.00963352681189613,-75.7476909873557,44.2650152147975
632,2025,0.0123295842209772,0.00469491411587149,0.0251991216365942,-75.1346601488476,44.1687320357042
633,2025,0.0332137895793223,0.0218794139777711,0.0468030823681361,-74.5233891861717,44.0696482940199
634,2025,0.0532289772341183,0.0313287579748568,0.0843952442768044,-73.9139194629817,43.9677786572675
635,2025,0.02332080415524,0.0175095269544442,0.0310906879069977,-73.3062956765717,43.86313359001
636,2025,0.0502659779783241,0.0389548255967936,0.0648216516490381,-72.7005580818272,43.7557309238421
637,2025,0.0335385896301153,0.0248511695869238,0.0446543058626702,-72.096745405244,43.6455824307873
638,2025,0.0220521373663661,0.0160264911676912,0.0294337208180017,-71.4948985248964,43.5327032721944
639,2025,0.0151467437127748,0.00856337510567504,0.0249990015474805,-70.8950539585084,43.4171102411319
655,2025,0.00363900927210211,0.00110872135952865,0.00828468771461474,-116.12031900192,43.8266891231278
657,2025,0.0382430381732691,0.0189426643926467,0.0647999090628432,-114.896733551418,44.0094559300545
658,2025,0.0341531911903483,0.0174899513067627,0.0569645755134107,-114.282524899195,44.0966126165839
659,2025,0.100575441284865,0.0517116059602435,0.175073584416237,-113.666766123631,44.1809357386755
660,2025,0.0961848158105503,0.0542321815745034,0.152942038603984,-113.049502322059,44.2624126142002
661,2025,0.134365082862306,0.0737995574110936,0.241592867345138,-112.430782400274,44.3410318458983
662,2025,0.149125031829046,0.0958281641058285,0.219691101997697,-111.810649827634,44.4167791744156
663,2025,0.0533257175238875,0.039928258636255,0.0708025616345711,-111.189160078257,44.4896471530197
664,2025,0.0153120620831393,0.00979341471047539,0.0224653816838667,-110.566351563484,44.5596381394927
665,2025,0.0556127467439111,0.042434024545954,0.073268495505622,-109.942281756302,44.6267200072128
666,2025,0.03677932614634,0.01667993138065,0.0659080262681305,-109.316999429174,44.6908926966992
668,2025,0.162635076473793,0.0869200959213948,0.280574971328491,-108.062992665469,44.8104686875657
669,2025,0.414944649085869,0.257542321967608,0.623623502927595,-107.43437659811,44.8658559511148
710,2025,0.0122723093175268,0.00503160746405704,0.023922095428187,-75.2703931717895,43.7311027812755
711,2025,0.0337293009294114,0.0222791707963491,0.0478228570554851,-74.6628303396871,43.632734681026
712,2025,0.0248462338901904,0.0152077390402777,0.0379844913674803,-74.0570367160181,43.5315963738007
713,2025,0.0104867900307807,0.00522231828193762,0.0183157807513433,-73.4530532043718,43.4276991027857
714,2025,0.0421115523884742,0.0300092640810146,0.0574622019000775,-72.8509212587371,43.3210583242021
715,2025,0.0277852160198766,0.0202190251530004,0.0374867282513505,-72.2506779925283,43.2116874301947
716,2025,0.014121598719231,0.00961111353081449,0.02001659336625,-71.6523647669208,43.0996007467112
717,2025,0.00477130474401986,0.00254014651462242,0.00814701495053691,-71.0560185015014,42.98481471806
734,2025,0.0517008801742309,0.0132312945894859,0.133183839655084,-115.382770076014,43.4807125720167
735,2025,0.125759858510102,0.0854524858669039,0.18006947624687,-114.773918404995,43.5700430764301
736,2025,0.0905292330609244,0.0623887368040207,0.126262446308136,-114.163501427333,43.6565691833324
737,2025,0.165051539774976,0.0734510375087747,0.321334029635537,-113.551563177535,43.7402787046076
739,2025,0.128270255609686,0.0756125381081194,0.203207080511536,-112.323306033627,43.8992041394788
740,2025,0.123549529396618,0.0856316549394628,0.171817341525572,-111.707079475952,43.974396823416
741,2025,0.231816758038974,0.176092000130133,0.302042442848433,-111.089517958523,44.046729682195
742,2025,0.0886747838357405,0.0713527559823175,0.110176022352943,-110.470664190897,44.1161945853347
747,2025,0.500356156765079,0.301690474083647,0.778170652611526,-107.358812082343,44.4201195918522
748,2025,0.12806296617578,0.0754733372772779,0.2032180563876,-106.733278918328,44.4721647364724
790,2025,0.0234353542512467,0.00923243668070164,0.04695677686505,-74.8005019980691,43.1960170152874
791,2025,0.0136918265993284,0.00512767636926242,0.0288685176134914,-74.198342428856,43.0955932326429
792,2025,0.00647412572814835,0.00311139259505025,0.0119149035375171,-73.5979595890574,42.9924262557409
793,2025,0.0502577780779192,0.0342494365432782,0.0715240436497371,-72.9993933692596,42.8865313302364
794,2025,0.0280276450659164,0.0208458253721463,0.0366920556639915,-72.4026818113356,42.777921670976
795,2025,0.0127574789828108,0.00914560341763748,0.0169562978829806,-71.8078661765002,42.6666103833826
796,2025,0.000200872514843666,5.86615333132647e-05,0.000439593473859489,-71.2149800875281,42.5526120433965
815,2025,0.361121414289748,0.198000260464812,0.608527724237767,-114.045998932382,43.2167676588969
816,2025,0.0574819889742963,0.021859410018434,0.111734185640108,-113.437837611848,43.2998789589846
819,2025,0.18068002004711,0.11101207800086,0.278208229939587,-111.604842734884,43.5323090825256
820,2025,0.200983456806887,0.155623511623464,0.254892181458613,-110.991161093688,43.604116470305
821,2025,0.109895881113067,0.0865841551767531,0.138022000559795,-110.376216433854,43.6730727467328
822,2025,0.127496912130376,0.0574717601731196,0.241063930271692,-109.760055685521,43.7391683698958
826,2025,0.188339399632055,0.133881564476205,0.25864991064215,-107.284235079899,43.9747585210165
827,2025,0.124202719883442,0.070663434040574,0.202057145163008,-106.66273806328,44.0264160330045
877,2025,0.0189941477623417,0.0116852301751467,0.028969148134194,-73.1460089299208,42.4521210494956
878,2025,0.0194578740991648,0.0141844799069951,0.026080502946288,-72.5527918934419,42.3442545476635
879,2025,0.00765556726587539,0.00531984576532743,0.0106737947462578,-71.9614346016644,42.2337015241572
904,2025,0.0789828029750072,0.0502152222053626,0.119015142456609,-112.719706079477,42.9394365784853
905,2025,0.0645473179399315,0.0324736133483918,0.111440671895116,-112.112476692354,43.0163669827586
906,2025,0.13889678340003,0.0761324495811765,0.226952909802782,-111.503915596722,43.0904840906579
907,2025,0.159127085283518,0.098633780701158,0.2413138635925,-110.894069029749,43.1617780614914
908,2025,0.179203572822718,0.0919810918043165,0.307244803650433,-110.282984473574,43.2302405334548
909,2025,0.147102382392579,0.0860690462046809,0.221734381146534,-109.670705371682,43.2958576721997
911,2025,0.0506368259395151,0.0151245931498773,0.112971562045914,-108.442757810671,43.4185337124392
963,2025,0.0197625878188231,0.0121902801264132,0.0299099648560918,-73.2908034531097,42.0178001271581
964,2025,0.00345300812041258,0.00173504414167408,0.00588358132676102,-72.7010412022829,41.9106602199159
965,2025,0.0019848613323375,0.000748048764361731,0.00393061522449277,-72.1131053229347,41.8008479286835
984,2025,0.0520878053117832,0.00488119323809974,0.179010762565089,-116.203629398749,41.9824136247028
987,2025,0.320499180067898,0.217257595470748,0.458950741203858,-114.414750407728,42.2530490835486
988,2025,0.315729787851779,0.208634964907712,0.46566520100242,-113.815442855092,42.3377675600178
989,2025,0.096931261456329,0.0554677363017881,0.158986735456115,-113.2146984706,42.419721218099
990,2025,0.117271489707405,0.0775683201541705,0.167689653512146,-112.612560242519,42.4988994123537
991,2025,0.0699537300723894,0.0313372011048453,0.129583503168967,-112.009070954656,42.5752926426614
992,2025,0.165711095761688,0.0836188240381565,0.289588434744597,-111.404274261227,42.6488905960846
993,2025,0.170481334239963,0.102690259054317,0.258010133526163,-110.798217972273,42.7196842309693
994,2025,0.12999541598924,0.0663681823145919,0.238022940159835,-110.190943799606,42.7876630149683
995,2025,0.171156411272515,0.10851399774176,0.264491032843424,-109.582499689753,42.8528151708467
996,2025,0.0934638438241964,0.053577237499992,0.145410611946628,-108.972930266934,42.9151350552992
997,2025,0.0463853079034573,0.0103845617984823,0.109733253830246,-108.362287083933,42.9746150528814
1016,2025,0.00407724420918399,0.000562548409801723,0.0120019630130365,-96.621621329627,43.5564547242932
1049,2025,0.0040693589560196,0.00188690913110978,0.00752572202816981,-73.4338091418098,41.5835411257897
1067,2025,0.040970012443308,0.00657266121225362,0.127854755184841,-116.076216826557,41.5455512102766
1068,2025,0.0806949623480683,0.0238520501430228,0.192507075005948,-115.48500637125,41.6378759245124
1069,2025,0.069988462957357,0.0200973686581555,0.166581949510525,-114.892263269215,41.7274848434247
1071,2025,0.0573567481337565,0.0199686858509709,0.121012239413716,-113.702335261937,41.8985096103371
1072,2025,0.0733621761718298,0.0228744077606354,0.166447519444892,-113.105238751938,41.9799045445942
1073,2025,0.0591597939516039,0.0110895718442094,0.1457806559017,-112.506767818374,42.0585399196457
1075,2025,0.0951163002825597,0.0556298938573448,0.145584430508421,-111.305893884186,42.2074963261937
1076,2025,0.193380319776685,0.0709194181422748,0.423386796062882,-110.703580859138,42.2777988800144
1077,2025,0.126146431528015,0.0481874579428461,0.260826535253823,-110.100071224189,42.345304462356
1078,2025,0.0817200548387282,0.0268578864043524,0.187454095926225,-109.495418486021,42.4100045574667
1079,2025,0.097662629164281,0.0406979947053794,0.19360153593221,-108.889657956902,42.4718888924363
1081,2025,0.0401016402152871,0.00898066603121406,0.105858577968258,-107.675022920097,42.5871832658952
1153,2025,0.0722581129417544,0.0156947779836833,0.18796107619668,-114.77344067336,41.2894883753314
1158,2025,0.0596859566290807,0.0379344786801478,0.0912264165607791,-111.806157067383,41.693681068377
1159,2025,0.082574859862412,0.0515494893533336,0.123271263027981,-111.20875371608,41.7662744536107
1160,2025,0.0983070419122319,0.0565449858868428,0.159101265706693,-110.610136629169,41.8360956074426
1161,2025,0.102205685390628,0.0533169349157097,0.178121096139147,-110.010350543811,41.9031377469323
1183,2025,0.00612497326497159,0.000513626793632413,0.0211059472401078,-96.6135902963884,42.6611397355194
1233,2025,0.011310873728059,0.00165114024129026,0.0334810135334898,-115.826086529838,40.67200354049
1240,2025,0.0749719174727831,0.05823644863422,0.0962962878582128,-111.70659825914,41.2530824601715
1241,2025,0.083534312667064,0.0577088408132951,0.119550592812049,-111.112828967095,41.3251903546144
1242,2025,0.0429670508996359,0.0164391252732303,0.0842740037266472,-110.517866714772,41.394543713023
1244,2025,0.0197274896542431,0.0054031559129356,0.0474163405411562,-109.324539228095,41.5249547030918
1249,2025,0.0358350096065088,0.0132043532270681,0.0773320213679356,-106.323440479132,41.8022336797733
1325,2025,0.0832372690624241,0.0635687587084362,0.109138816918387,-111.60827506494,40.8125836018646
1326,2025,0.178454934609637,0.11692681198996,0.257972406138248,-111.018094906379,40.8842168298241
1327,2025,0.182225363957367,0.105513972334757,0.283977981809209,-110.426744985701,40.9531131945692
1328,2025,0.0909409889949028,0.0586342397003707,0.135868787271945,-109.834266981855,41.0192645938366
1333,2025,0.0996826365349606,0.0670997704792529,0.144206978433326,-106.856474378115,41.3085582936967
1334,2025,0.234479200460093,0.161312573895104,0.330230376335503,-106.258145661708,41.3580770848031
1335,2025,0.0878337824318335,0.0561704247770673,0.128493474430727,-105.658999922076,41.404801409304
1336,2025,0.242854510883261,0.123805527257426,0.422699507103038,-105.059084019658,41.4487232013348
1338,2025,0.040722079540296,0.0176868318033275,0.07818138025313,-103.857121159615,41.5281376885191
1409,2025,0.0726532128038864,0.0516688743214336,0.0993260733216821,-111.511164150686,40.3721557172223
1410,2025,0.143027601123151,0.0761510491553213,0.237381496598362,-110.924532316737,40.4433255564854
1411,2025,0.104545921170303,0.0447801512335715,0.205702006948819,-110.336751067485,40.5117747644432
1412,2025,0.0872847785863953,0.0388451298114916,0.166206500074944,-109.747862572294,40.5774945048426
1413,2025,0.0197804395409107,0.00789223362633787,0.039545774942883,-109.157908368446,40.6404753061641
1416,2025,0.0196462342660397,0.00734026924185639,0.0403163395937106,-107.382084389228,40.8129212642875
1417,2025,0.201388103013056,0.159801628308689,0.251180347027074,-106.78830021479,40.8648831041466
1418,2025,0.180186636762924,0.130480816568002,0.246659156913518,-106.193670449777,40.9140735584832
1419,2025,0.0637604853040005,0.0493304014988991,0.0819465038791993,-105.598236458589,40.9604866520144
1420,2025,0.021012467008056,0.0126621653067047,0.0318307082126218,-105.002047579579,41.0041170728256
1492,2025,0.0229506593376413,0.00422942405614239,0.0654655353625837,-111.997200935055,39.8583600354677
1493,2025,0.0726003333257933,0.0517290015811158,0.0992959620306961,-111.415243384041,39.9317719896599
1495,2025,0.0708356420059564,0.00948363513707321,0.229155310946693,-110.247863439335,40.0704996825133
1501,2025,0.15265952115992,0.120300112396267,0.191227669110781,-106.720974122848,40.4213250032604
1502,2025,0.267394662395685,0.200819140482094,0.359656552423616,-106.129996789063,40.4701946699446
1503,2025,0.0809761213659112,0.0584359656286493,0.111966034567092,-105.538229266375,40.5163044104533
1504,2025,0.00887759779303965,0.00489914456729626,0.0143449452005047,-104.945723200783,40.5596469372605
1576,2025,0.0329833743348842,0.0111435903423591,0.0722262477791672,-111.320491708783,39.4914045546608
1582,2025,0.0294233928201937,0.0132157289502932,0.0548604256219856,-107.8267263069,39.8725389911402
1583,2025,0.0910115573274561,0.0400987187697724,0.173481047069123,-107.241029586204,39.9265610616934
1584,2025,0.102404650039129,0.0727043881390971,0.142143074863024,-106.65447886542,39.9778530065854
1585,2025,0.135140692103664,0.103001255236715,0.174665978575301,-106.067110267552,40.0264104424822
1586,2025,0.0642482334560029,0.0505259618165638,0.0812548366879974,-105.478968667215,40.0722211759544
1587,2025,0.000373818934815458,0.000114929521723406,0.000832530961424037,-104.890096369955,40.1152852060354
1664,2025,0.0113951879440505,0.00141553867980801,0.0357045033870894,-108.335236655259,39.3733976164057
1665,2025,0.0238902878632578,0.0100922005276669,0.0471631116549903,-107.753962467665,39.4297902249419
1667,2025,0.126972134802021,0.100629824083889,0.159510006891314,-106.588801977915,39.5344426395234
1668,2025,0.16229592293164,0.119407708004527,0.21957082609293,-106.004996072895,39.5826917516443
1669,2025,0.0393997637668,0.030191092271862,0.0511458370041266,-105.420433632994,39.6282109702619
1670,2025,0.000351735974862637,0.000104697736007771,0.00079071877075322,-104.835155420848,39.6710005135731
1746,2025,0.0130085165186848,0.00470419363032075,0.0270702784136703,-108.259881699426,38.9310140708376
1748,2025,0.0682726017251594,0.046827535440712,0.0976153320804583,-107.103415161161,39.0404087947803
1749,2025,0.111810769414522,0.0766451247964492,0.155940190695456,-106.523922369266,39.0910629083992
1750,2025,0.0611560936877119,0.0444527117795685,0.0815041924410475,-105.943641460323,39.139009322844
1751,2025,0.0153970040217908,0.0103795774905533,0.021769732129785,-105.362615768643,39.1842460843658
1752,2025,0.00467896412167155,0.0023796842551962,0.00762806001079123,-104.780887722694,39.2267675507065
1829,2025,0.0102208136956219,0.00512952615641007,0.0184665448866047,-107.611076141954,38.5443150840386
1830,2025,0.031274005990652,0.0193726532819263,0.0472937296948064,-107.035857146631,38.5973396057948
1831,2025,0.0951992950988446,0.070655477195553,0.125092971557191,-106.459830378089,38.6476826784603
1832,2025,0.0257806423280596,0.0117573291679735,0.0478200037855248,-105.883032326581,38.6953379085553
1833,2025,0.0132050914582312,0.00893478752972549,0.0184656231896566,-105.305501746264,38.7402976627333
1834,2025,0.00752200844208249,0.0048935620675443,0.0110558740623334,-104.727283343919,38.782559066598
1910,2025,0.0909320676021065,0.0680183832609768,0.120720262184738,-107.540918612131,38.1015350484587
1911,2025,0.0840216194589672,0.05870170138385,0.119940692882448,-106.969115060283,38.1542412219608
1912,2025,0.0457630051194112,0.0244971477900696,0.0747474793497088,-106.396513705963,38.2042814448047
1913,2025,0.030127359392606,0.0139367018990883,0.0548760816267649,-105.823154687203,38.2516502419397
1990,2025,0.00690362729803064,0.00164402442327449,0.0170591280777586,-108.039208318683,37.6036427370119
1991,2025,0.0918610099362659,0.0669490689983015,0.123978857830432,-107.471599693738,37.6586900208738
1992,2025,0.0791483591171488,0.0594561902322351,0.102882830553652,-106.903171237272,37.7110863934746
1993,2025,0.0313032818269285,0.0170908117010971,0.0501035371703563,-106.333955618741,37.7608301443974
2070,2025,0.00379516196217113,0.000845813608927685,0.0093631982757577,-107.967395857889,37.1610302815154
2072,2025,0.0074961281231089,0.00221724493495776,0.0169477092077369,-106.838011820175,37.2678491717506
2073,2025,0.0170373373514783,0.00624035383214787,0.0354882322117452,-106.272142802708,37.3173029771175
2151,2025,0.00303690188394126,0.000348582441311307,0.00954790811106841,-107.896430876523,36.7182962299437
