"cell100","link_occ_intercept_mean","link_occ_intercept_q025","link_occ_intercept_q975","MWMT_effect_mean","MWMT_effect_q025","MWMT_effect_q975","MCMT_effect_mean","MCMT_effect_q025","MCMT_effect_q975","x","y","lon","lat"
1,-4.04940860651796,-9.6691372820648,0.87419163626566,0.773589494536666,-1.73629713691843,3.39007626956775,-1.76234429394634,-7.35516146322475,3.56657401554989,-1975000,3210000,-123.169325592467,49.3418514172384
2,-4.05556075117148,-9.0410899732868,0.26908611988159,0.608852808680793,-1.63369488766919,2.91808263597855,-1.72533525852625,-6.64482730180957,2.95887551101251,-2175000,3110000,-125.34278383401,47.9398318622962
3,-4.05339015387506,-8.59408926962606,-0.115956366935286,0.660148485860341,-1.25893992313484,2.65180998861035,-1.73765451491838,-6.02552651691655,2.31793073692926,-2075000,3110000,-124.072494736524,48.2097010749556
4,-4.04560970000564,-8.30289240515858,-0.35592763513913,0.775884399135179,-0.834321361020382,2.49926494094154,-1.76592356182585,-5.52246739458142,1.69979935685001,-1975000,3110000,-122.791789339332,48.4681839714966
5,-4.02562617505778,-7.86668148303504,-0.553419215763275,0.998513792580781,-0.0324895907560285,2.28520168477664,-1.8230875273527,-4.79648911493607,0.435713310830424,-1875000,3110000,-121.501009306634,48.7151138832371
6,-3.05653376902492,-6.21688381999305,-0.190968618702801,0.708263120044711,0.0543849373312467,1.23229270356536,-0.276096581165392,-4.91561030323591,2.67012626853455,-1775000,3110000,-120.200515518212,48.950330479974
7,-4.14787622834931,-7.17352446172079,-0.958536631892669,0.529165621946995,-0.623593867012089,1.72929981735249,-1.07732933118745,-4.04213893470558,1.77047677980065,-1675000,3110000,-118.890692449359,49.173665496168
8,-3.31261006073489,-6.602533080298,-0.227647978521347,-0.101937778576108,-1.36684620675527,1.38590162859389,-0.0355088390235728,-2.88703168273786,2.65772008062603,-1575000,3110000,-117.57193502443,49.3849715064046
9,-4.05992323275433,-8.63010886101646,-0.0727978075640084,0.560594091043794,-1.47614512561688,2.61164041031495,-1.70845021304333,-6.15325023009685,2.46922045480794,-2175000,3010000,-124.944602195595,47.0768315721678
10,-4.06484978659009,-8.3031804850374,-0.383515748408684,0.596829751109525,-1.15483627931728,2.39950345405862,-1.72549740211441,-5.60923313296041,1.92876053267503,-2075000,3010000,-123.689487635121,47.3423221219025
11,-4.06612355420608,-8.01674236107546,-0.5632462334089,0.671668428775661,-0.831628376643345,2.2644307152157,-1.73735345686151,-5.17703428543816,1.49288849438644,-1975000,3010000,-122.424349185026,47.5965515324135
12,-4.03353259359741,-7.7063373345781,-0.692663177173478,0.788689497570364,-0.441860366480927,2.13875047853934,-1.61518765070476,-4.61044455720844,1.18496947237148,-1875000,3010000,-121.149526306278,47.839361849303
13,-3.71743680803588,-6.90482605380626,-0.715659319642832,0.883679977573381,0,1.88827383610541,-0.731008740524845,-3.09211562450628,1.61244708783239,-1775000,3010000,-119.865365081081,48.0705979891592
14,-3.29167368280653,-6.16380069046121,-0.690627578301415,0.894531806961105,-0.151432354107563,2.05294202557115,0.61439010857604,-1.41308856455228,2.95474978004665,-1675000,3010000,-118.572236234479,48.2901120225146
15,-3.43354554675407,-6.13294043591133,-0.83794445302481,0.984626972003526,0.127503893790005,1.81860003757195,1.0947043474033,-0.598082449231916,3.0873905789392,-1575000,3010000,-117.270533071915,48.4977609801067
16,-3.23316853202573,-6.02957372697789,-0.636249667307381,0.0827868842468083,-0.869941889760014,1.06894019530731,-0.639690160769036,-2.86041016065317,1.46165859035885,-1475000,3010000,-115.960661041074,48.6933941718837
17,-3.47994772646834,-6.24421419919975,-0.953193379924626,0.169734616744485,-0.605521527653883,0.940838189626759,-1.96059237040723,-4.67133666323488,0.488794275181734,-1375000,3010000,-114.643049676115,48.8768826533956
18,-2.91962692301113,-5.37606026409731,-0.618280467648178,0.141573907425659,-0.485358736532685,0.818776805804468,-0.925329511128747,-3.43220466009554,1.51970532157535,-1275000,3010000,-113.318137223694,49.0480950400485
19,-3.23777009144123,-6.10869658297401,-0.657688128768337,-0.144172259115777,-1.54998893729039,1.21901875355318,-0.727937217143811,-3.7950087378881,2.31721334536709,-1175000,3010000,-111.986386874357,49.2069044582452
20,-3.79266590995503,-6.65204026652139,-0.986902419013033,-0.376062901701575,-1.94853780920657,1.12943582426649,-0.476674386666549,-3.62496983128362,2.76329268453228,-1075000,3010000,-110.648254645755,49.3531978006547
21,-3.78173767452631,-7.38833507054501,-0.604926616814985,-0.357090597984625,-2.26240223256047,1.48955887433415,-0.585435533670335,-4.40972590953222,3.28989149436456,-975000,3010000,-109.304253844539,49.4868615079761
22,-1.49914618831897,-4.91678188918675,1.94635777273069,0.412065671663482,-1.67430105488329,2.64648745445802,-1.2476573014382,-3.26120901882345,0.764916835271177,2025000,3010000,-68.9418484895862,47.4708524086458
23,-1.42583504433093,-4.91300506695103,1.98225253283005,0.67988141484653,-1.40115742467573,2.88813901798907,-1.29805560972333,-3.35886412674532,0.711904031896078,2125000,3010000,-67.6816786508927,47.210973594439
24,-4.05196065982213,-8.42228133534339,-0.285777110108931,0.478218668793036,-1.4533089217317,2.4274138028989,-1.68045362431512,-5.90075433875352,2.27147380396136,-2175000,2910000,-124.556771259415,46.2151445142847
25,-4.07062322077672,-8.11804003857788,-0.529392746254948,0.495480493182299,-1.19913171686941,2.22835225855858,-1.71978654915646,-5.45907746966385,1.76553802420438,-2075000,2910000,-123.316508091049,46.476464425411
26,-4.12283874643874,-7.91012738651333,-0.737250122716172,0.532831371866091,-0.953824282620713,2.05909215048962,-1.83690104696226,-5.13132682520022,1.22290885345885,-1975000,2910000,-122.066597318278,46.7266416222802
27,-4.31677518724367,-7.81371316485025,-0.96192171826723,0.600711935060326,-0.576659060842922,1.88952026353494,-2.1827710835354,-4.60509307791579,0.0425894210150553,-1875000,2910000,-120.807383290054,46.9655337435543
28,-3.7718373142967,-7.03185249780018,-0.736590548912134,0.534618365471631,-0.66520579181459,1.78528295149037,-1.0147357126278,-3.63705500064603,1.58104345634599,-1775000,2910000,-119.539181916033,47.1929905096932
29,-3.16006448277623,-5.94488770684745,-0.541410842529242,0.491923171423115,-0.633365028971357,1.65280133296862,0.341129537700632,-1.38804796184789,2.22956506842753,-1675000,2910000,-118.262362517152,47.4088723985633
30,-3.50683409955314,-6.25942005269785,-0.785321356674839,0.200199550949259,-0.595287830043037,0.987163435093384,1.43902275264117,-0.0354459995073116,3.12041138430723,-1575000,2910000,-116.977305416189,47.6130445359909
31,-3.19743650117126,-5.82593607061257,-0.730839618878945,-0.343891584553096,-1.21953605877063,0.406236942232837,0.0140402382901056,-1.76985794186074,1.87775934352667,-1475000,2910000,-115.684400453992,47.8053694530831
32,-3.43900238029703,-5.90411471381525,-1,0.35078063933565,-0.564632302082735,1.3168206461653,-0.832881243953048,-2.79051730828811,1.21413824430266,-1375000,2910000,-114.384063627296,47.9857192724675
33,-2.80351401465952,-5.00957048254825,-0.810508662039256,-0.0744640774675842,-0.756680474234149,0.641847623849339,-0.703300006874079,-3.18418312541917,1.78289742797559,-1275000,2910000,-113.07671707658,48.1539750061968
34,-2.99902871779906,-5.35314541684744,-0.864337531498182,-0.201351049174014,-1.43400028153777,0.985516642258085,-0.76942113954435,-3.26456180276317,1.66625822137587,-1175000,2910000,-111.762803161925,48.3100205882903
35,-3.44951232969858,-6.16001181103011,-0.934430982575554,-0.306702266540396,-1.69807236380876,1.02056602522496,-0.822868426851934,-3.66111373118786,1.99304594359069,-1075000,2910000,-110.442781289464,48.4537426271522
36,-3.76725467473569,-6.64411272805899,-0.974893455343909,-0.34482760698881,-1.78986281262841,1.0415637615741,-0.704957451508628,-3.57449918589259,2.14288214128388,-975000,2910000,-109.117119896649,48.5850413786676
37,-4.20980475587462,-7.06786657692227,-1.03038665927495,-0.425387294876917,-1.85237501875601,0.940898304987834,-0.209680784749667,-2.42091230249733,2.0279879915606,-875000,2910000,-107.78628448641,48.7038150700903
38,-4.02040858413569,-7.1182514484885,-0.968385944704866,-0.34636053488591,-1.89262465022693,1.18777068536232,-0.706128033811808,-3.13718376445252,1.70398818794182,-775000,2910000,-106.450811318463,48.8099833864942
39,-3.67111448268838,-6.86107729259889,-0.731717701987517,-0.224550147061032,-1.82096425630908,1.373485258671,-1.56145258734311,-4.33810746642231,1.09636132461586,-675000,2910000,-105.111174299054,48.9034745389889
40,-3.52724329428657,-6.8323464461923,-0.466886952868082,-0.152105667962419,-1.81869278585542,1.52081505823176,-2.18582342009001,-4.84220806299052,0.364419989886883,-575000,2910000,-103.767896388197,48.9842029518359
41,-3.85915183285142,-7.1355802566124,-0.680487908807913,-0.227153423109286,-1.96622894662219,1.51331144545715,-1.80515917604404,-3.83089954131165,0.0615129517017349,-475000,2910000,-102.421506196304,49.0521142768701
42,-4.30867376291753,-7.76253784384403,-0.861646472375567,-0.349239093626754,-2.11055337885984,1.40718871822421,-1.25080778525104,-3.0476861807375,0.456644520102851,-375000,2910000,-101.072520869239,49.1071676856237
43,-4.64885256468033,-8.30304152674439,-0.940032065775703,-0.399054144461669,-2.24260771819416,1.41159039973998,-0.82742516671903,-2.69357758658515,1.02554498626842,-275000,2910000,-99.7214769519869,49.1492955628535
44,-4.82205131305428,-8.58807549434338,-0.957039430903424,-0.477091036249323,-2.35589332399139,1.34206571484571,-0.947233844126891,-3.75659809166852,1.74040631048401,-175000,2910000,-98.3689334255098,49.1784873265989
45,-5.01694189729856,-8.8400698825085,-0.981242653105523,-0.507364492592141,-2.44744541962701,1.38094688068529,-0.832409981005579,-2.66336363552639,1.03691736377292,-75000,2910000,-97.0154273891687,49.1947113733697
46,-5.13570830383264,-9.08829540753581,-0.978504495845752,-0.494847991098055,-2.50758035311429,1.47079447998924,-0.851577385473693,-2.64647767982384,0.974795455522353,25000,2910000,-95.6615242485339,49.1979574268762
47,-5.17986352635511,-9.47472158318626,-0.925546006317877,-0.460131929031983,-2.62954691051578,1.68986406498474,-1.2705277026956,-4.5517874526995,1.88871300381924,125000,2910000,-94.3077452671195,49.1882282867317
48,-1.64363423718098,-4.69498736433775,1.41261701177406,0.0709003415399652,-1.81839623065897,2.03862813006024,-1.35084088912916,-3.44244045931838,0.801428446925653,1925000,2910000,-70.5618618681648,46.8475096756011
49,-1.62972295801463,-4.17530534678137,0.895750705062644,0.144242805064742,-1.48863490808187,1.78529829540981,-1.49875502262359,-3.13713597230245,0.0984882216353957,2025000,2910000,-69.3072560535944,46.6029571177955
50,-1.64369177618687,-4.31058652220647,0.895429931976873,0.484340100491124,-1.15889166586649,2.18121132828438,-1.05400529139713,-3.00523047280025,0.855657395546969,2125000,2910000,-68.0621362436662,46.3471907168816
51,-4.04099747832128,-8.32201752835448,-0.374334678257654,0.379506173042057,-1.49778220686358,2.28930275391545,-1.62054422219245,-5.74547206021934,2.25221697631388,-2175000,2810000,-124.178879012635,45.3545182589243
52,-4.04955375202062,-7.96579664694803,-0.607461068303321,0.378552335686064,-1.29310928729692,2.07594985739644,-1.64775464101225,-5.29694916194402,1.79370519124997,-2075000,2810000,-122.953170983124,45.6118611005211
53,-4.06162873301119,-7.76047804109143,-0.759163333144673,0.3760562807318,-1.14009857074141,1.91355754894422,-1.71425568796776,-5.01635356155201,1.38680749696822,-1975000,2810000,-121.718175914643,45.8581812469937
54,-4.07077573656749,-7.55690243819152,-0.852149492080999,0.341632393261573,-1.02712165225289,1.73374583697938,-1.75913274823055,-4.66929743086725,0.977803022138802,-1875000,2810000,-120.474217274227,46.0933389368615
55,-3.88987721860024,-7.16304111308797,-0.829481093392915,0.174384446276726,-0.980224836405379,1.33985746935709,-1.47572749949355,-3.53009582744776,0.466221523424206,-1775000,2810000,-119.221617624861,46.3171975288635
56,-3.45012096585766,-6.41066742946004,-0.705321912204799,-0.0289198240160226,-1.18937334962138,1.08385089073162,-0.479283981787793,-1.98411536845237,1.04725602875262,-1675000,2810000,-117.960730956215,46.5296240200819
57,-2.96250393170015,-5.77400853276774,-0.479729789949435,-0.551914727583242,-1.44867300229749,0.206439396719301,0.838303787713762,-0.458651984479618,2.39404239114293,-1575000,2810000,-116.691922996525,46.7304897212872
58,-3.38656551950044,-5.9527043401705,-0.967404846244406,-0.064844809517203,-1.03807641114661,0.93694473840373,-0.270409162976901,-2.03484089221039,1.60138426419131,-1475000,2810000,-115.415574049453,46.9196677221897
59,-4.57402569935588,-6.93663543354086,-1.17646123105142,0.362966206944475,-0.415663724280901,1.26710628881731,-2.543256862029,-4.71137805600351,-0.271589579211913,-1375000,2810000,-114.132086348469,47.0970369578489
60,-2.53048956642588,-4.3236010115637,-0.865237058053441,-0.284350435962833,-0.960125433799968,0.472488842896347,-0.805115046209866,-2.93979760408731,1.39206755371468,-1275000,2810000,-112.84186615986,47.2624872304639
61,-3.20710367804024,-5.52856636297035,-0.988101568505809,-0.423342430844049,-1.50965642977052,0.588499576998665,-1.67118182718643,-4.00024753654017,0.411846241411201,-1175000,2810000,-111.54534124316,47.4159064774435
62,-3.23816453378279,-5.80714528304647,-0.865575415087072,-0.305518836849087,-1.57501342493781,0.918361640371929,-1.33510787223424,-4.13999286849837,1.28905822758254,-1075000,2810000,-110.242950680317,47.5571913530339
63,-3.63285330684236,-6.32251431427841,-0.989472182139573,-0.286853389942936,-1.55629434541195,0.96004364325615,-1.20539225293226,-4.00709098547722,1.45288331230829,-975000,2810000,-108.935146487358,47.6862450692055
64,-3.959318025793,-6.61046669685792,-1.0288254891693,-0.454207752236402,-1.59413145516262,0.625374999260396,-0.926248140224515,-3.63021661685855,1.70225403550019,-875000,2810000,-107.622393912519,47.8029801239973
65,-3.78832412593354,-6.58081563889474,-0.982045974177356,-0.343221980207289,-1.57071668695601,0.843421575615856,-1.0482293625046,-3.8506825243134,1.55939714428696,-775000,2810000,-106.305168819975,47.9073123211315
66,-3.71295663012544,-6.71774454261659,-0.882503118015853,-0.27252211090676,-1.67265463734988,1.12161623957776,-1.33989415286722,-4.31263751309751,1.46178436376463,-675000,2810000,-104.983955639354,47.9991712513146
67,-3.72277191698704,-6.6222662594638,-0.867313574850105,-0.217100681227852,-1.51819413801906,1.07402752472244,-1.61411503515902,-4.47262368032402,1.08405967149061,-575000,2810000,-103.659251405998,48.0784890864749
68,-3.9822311946448,-7.05277024156116,-0.914933292972389,-0.262418689703752,-1.73469959535339,1.16020782488166,-1.51177944606368,-4.07790137779586,0.891403620717396,-475000,2810000,-102.331558524705,48.1452102224919
69,-4.38434280078914,-7.54777795213718,-0.990475769734507,-0.340313593294378,-1.86739981626251,1.16174227588299,-1.07633918088637,-2.834836444077,0.59650458359092,-375000,2810000,-101.001385027133,48.1992851979385
70,-4.36449274060817,-7.68886659472509,-0.956732876195827,-0.299214599362121,-1.90759178556245,1.25142856111725,-1.71992308075582,-3.50226791758125,0.00552679339493002,-275000,2810000,-99.6692479541713,48.2406742527315
71,-4.81200775059751,-8.20915991830119,-1.00143151872172,-0.531567032964145,-2.19988074302535,1.02632120376673,-1.17706577708258,-2.84981551875457,0.388313179018682,-175000,2810000,-98.3356669779927,48.2693492469662
72,-5.04233034482795,-8.54667124135573,-1.0090013272768,-0.522449644398105,-2.22916901702722,1.11413818845185,-0.907647445232878,-2.82095097999027,0.923700531234002,-75000,2810000,-97.0011666035386,48.2852864652238
73,-5.00219454795975,-8.46563563578841,-1,-0.457779786749543,-2.20258492708022,1.28447055856684,-1.55364463327194,-3.10313940410728,0,25000,2810000,-95.6662693519086,48.2884754768216
74,-5.22169583673745,-8.67013823095891,-1.00161730465068,-0.428571655021953,-2.16109393774946,1.30238026222279,-1.68008092542656,-3.20334340546497,-0.0207758131341275,125000,2810000,-94.3315018396169,48.2789124504967
75,-5.67257390500395,-9.19039498161222,-1.05439557284216,-0.356151195329993,-2.0971503301159,1.41092938320758,-0.910871914820447,-2.29068174189875,0.370311994817425,225000,2810000,-92.997390137809,48.2566028128906
76,-5.60170050902278,-8.89259248015311,-1.0534440489923,-0.0460375799992067,-1.69540088279008,1.70088294124579,-1.47302664970603,-2.81456500626863,-0.0483213393994611,325000,2810000,-91.6644655087382,48.2215646681103
77,-4.84102234779686,-7.70852155612608,-1.01956708960048,0.448747806680843,-1.05525317281024,2.15138788747303,-1.85865915486458,-3.08915526091606,-0.423467250842553,425000,2810000,-90.3332609530476,48.1738332005057
78,-3.24831106180016,-5.78663311565176,-0.682477895921961,-0.708419649524622,-2.37427380475836,0.92478267389093,-3.38303820584799,-5.69805294402725,-0.939295804412031,525000,2810000,-89.0042539390201,48.1134276170105
79,-4.28471976585789,-7.35505184520509,-0.969214820494601,-0.819212611268256,-2.74947221821325,1.00095924949439,-3.84305837936976,-7.38893670931386,-0.18398173731324,625000,2810000,-87.6779922829481,48.0404012489156
80,-4.64480359137025,-8.26577463037837,-0.97242685256945,-0.786501755394966,-2.95742823313653,1.28567360537771,-3.75677613723989,-8.05299895367798,0.0997049013172653,725000,2810000,-86.3549771384183,47.9548095862599
81,-1.99643324562889,-4.59328550804097,0.442038004024366,0.0087361161926823,-1.48836254972126,1.61317808641995,-0.535832874161769,-2.49462534786421,1.50872350928523,1925000,2810000,-70.9027006384988,45.9771669400464
82,-1.84346567925032,-3.8430501824941,0.12408052117752,-0.153337593202183,-1.34037970242697,1.05657857216039,-1.62178872389668,-3.22288446214624,-0.0220745493445761,2025000,2810000,-69.6631822161933,45.7364137978074
83,-2.55374821052797,-4.58246499065029,-0.631940764665683,-0.254237534722573,-1.43615735052164,1.00238389503354,-2.62343456950901,-4.25584506478833,-0.841138950668192,2125000,2810000,-68.432791635546,45.4845661104195
84,-2.75851454596212,-4.64573985993076,-0.921891712015692,0.0672543201181122,-1.49349296353489,1.68638799602581,-4.99595579121633,-7.892629579253,-2.09048444311897,2225000,2810000,-67.2118376991686,45.221770223143
85,-4.01942925033912,-8.17413335365494,-0.436270644753223,0.276351645814761,-1.59142489624769,2.1457599495058,-1.51724931873766,-5.56297167178991,2.30491683091115,-2175000,2710000,-123.810571054555,44.4947177637686
86,-4.01821160016043,-7.82937503479758,-0.648948481722564,0.274508630685811,-1.39831194506713,1.9446703960246,-1.54343051709069,-5.14532446335683,1.8624683757327,-2075000,2710000,-122.599118448898,44.7482627377056
87,-4.01690831588391,-7.65017040880779,-0.76264595134166,0.257578700187902,-1.30788614412904,1.80854563392531,-1.59440596850798,-4.93399401235005,1.52650725486669,-1975000,2710000,-121.378723900361,44.9909001656083
88,-4.00972187765265,-7.49797415692245,-0.84875797677598,0.216721338218543,-1.24465797577518,1.66156148736292,-1.65640605266399,-4.71388091634703,1.1981869826907,-1875000,2710000,-120.149691068532,45.2224985222062
89,-4.02255164386931,-7.25589995468829,-0.956791196098766,0.131966392414945,-1.21716376134732,1.48016223298744,-1.79779432185598,-4.35124104206168,0.357231756708417,-1775000,2710000,-118.912344450706,45.4429306819675
90,-3.69584392534911,-6.75560003821617,-0.86026305988655,-0.034298860193755,-1.30111059383316,1.18762261797735,-1.11016352206408,-3.75158410478698,1.42367333716869,-1675000,2710000,-117.667024450493,45.6520628861101
91,-3.48222236470646,-6.19152506212983,-0.912715938054446,-0.184889360093982,-1.11073029548787,0.826359404738722,-0.711930963534031,-3.2070067331007,1.55354807408236,-1575000,2710000,-116.414082614044,45.8497815298647
92,-3.17999938944277,-5.73034788576145,-0.800284177779744,-0.192108768145062,-1.39095909783777,0.952597066778501,-0.807254603250208,-2.87657620819047,1.08192704689591,-1475000,2710000,-115.153895433217,46.0359649024647
93,-3.02960657751927,-5.308069405161,-0.915867058306879,-0.362931064260365,-1.09242656147601,0.333254353722961,-1.90258944113923,-3.96379153983652,0.0193689262994765,-1375000,2710000,-113.886838481153,46.2105027178984
94,-2.60304742856662,-4.65149270882233,-0.684619174271066,-0.00874408514360989,-0.743687944906901,0.804257545540497,-1.56482908127025,-4.00060697104644,0.640579948134731,-1275000,2710000,-112.613318458256,46.3732825876321
95,-2.78469204225113,-4.87954395466364,-0.817821809223466,0.0169563490685418,-0.883084057819896,0.953552552608853,-2.27253333150707,-4.831813971887,0.000646912724756921,-1175000,2710000,-111.333743391348,46.5242070681126
96,-2.66190141219124,-4.94369085168637,-0.558839704283405,-0.20842032292805,-1.23955489232503,0.874091342434894,-1.64768513148476,-4.40572434938153,0.817115424829647,-1075000,2710000,-110.048531846479,46.6631748214316
97,-3.56721495189904,-5.96933493024885,-1.01791566318404,-0.0454276067440108,-1.02724040098145,1.02448128522533,-1.85432060498662,-4.48388698825169,0.365766196890194,-975000,2710000,-108.758125628156,46.7900977190569
98,-3.49646151189832,-6.15830467043748,-0.954808479894324,-0.288570633567151,-1.53283612361132,0.949066278501488,-1.27935984125057,-4.15280901327987,1.39187094244203,-875000,2710000,-107.462965624746,46.9048919556832
99,-3.54818680733261,-6.35827291217834,-0.897372168423997,-0.324959921834024,-1.64922992212626,0.981764345659547,-1.12844197084421,-4.07673333400169,1.65063842944143,-775000,2710000,-106.16351693014,47.0074830739936
100,-3.66051297831901,-6.59869896041385,-0.890137188547629,-0.309593627807884,-1.69000595426134,1.06972135759002,-1.15652357477266,-4.15274039420326,1.68711105775194,-675000,2710000,-104.860235008944,47.0977980906832
101,-3.86187152311874,-6.82883448427152,-0.941398814295885,-0.316188853094968,-1.70796982607362,1.06693750296498,-1.1930887373791,-4.15896528846721,1.61632932704603,-575000,2710000,-103.553602831978,47.1757766260873
102,-4.29362970196137,-7.21155055860672,-1.01439304218908,-0.440043320939741,-1.79460820241562,0.871127093085638,-0.960148692792851,-3.65070006085492,1.6178975739119,-475000,2710000,-102.244105919719,47.2413671018957
103,-4.26512956382246,-7.21332389977029,-0.995834941047252,-0.282740754558708,-1.652776279678,1.10640401110723,-1.37113854535166,-3.58540549579138,0.664634783695843,-375000,2710000,-100.932232562311,47.2945218067302
104,-4.29383657151787,-7.45479482613887,-0.988987386069811,-0.252133620576365,-1.7415906611504,1.25100086115023,-1.8185369781271,-4.19656151897597,0.399659250303728,-275000,2710000,-99.6184700473596,47.3352051544233
105,-4.78902709277155,-7.97372668639717,-1.02454954056119,-0.445733871006489,-1.97560893082171,1.0514279063775,-1.14750152811643,-3.31176395274402,0.858069830641868,-175000,2710000,-98.3033256988446,47.3633898590921
106,-5.08545186732934,-8.39480279918418,-1.02459952840539,-0.469848129825083,-2.05744221403204,1.07024362222337,-1.00916779787876,-3.04900851444628,0.868033370253799,-75000,2710000,-96.9872989155872,47.3790544641413
107,-5.50000080975987,-8.8725375933077,-1.05122041982853,-0.430991023032123,-2.05769099399848,1.16815502419988,-0.673375840685654,-2.34175402185273,0.873370959086864,25000,2710000,-95.6708914781791,47.3821879008367
108,-5.98012997701854,-9.41160913941229,-1.08538898761155,-0.588831980861156,-2.23342016117295,1.03161179416523,0.164443421926065,-1.64990727658161,1.96841073855964,125000,2710000,-94.3546107461381,47.3727883299767
109,-5.93456056395988,-9.18457287742542,-1.12262060169611,-0.409762528640301,-2.00702848931498,1.21330855811702,-0.661331074245159,-2.1468146214718,0.749535045399047,225000,2710000,-93.0389611247777,47.3508624180115
110,-6.03836357389494,-9.00171661973486,-1.16027000558922,-0.353847214989674,-1.92001851418454,1.2097035797156,-1.56034053919368,-2.87110159962623,0.0249041361919462,325000,2710000,-91.724446741076,47.3164242121662
111,-5.21295528533031,-8.09198763886844,-1.06380851246138,-0.455356147962184,-2.02933436972793,1.10063750801532,-2.86454900937222,-4.47322699658799,-0.821220304055703,425000,2710000,-90.4115689367797,47.2695029069829
112,-5.88950644405845,-8.55873327234081,-1.32092528566187,-0.90117540474248,-2.57854370426618,0.660118947409514,-2.16135920260351,-4.57002613898018,0.218014363132255,525000,2710000,-89.1008199145916,47.2101227809329
113,-4.97286535056493,-7.30535173539089,-1.30476215351942,-0.969525666554293,-2.74148189880315,0.662826772807461,-4.39590348979972,-7.23536279983116,-0.663956735302189,625000,2710000,-87.7926967012489,47.1383314497345
114,-5.00505155004444,-7.74564719642391,-1.27961088620056,-0.748957088509858,-2.5295458494891,0.945049398464246,-3.67076884858149,-7.039449181073,-0.099447959758808,725000,2710000,-86.4876829031037,47.0541765986081
115,-4.92152007209334,-7.21836406273826,-1.30244098226198,-0.38171116934012,-2.13865291044721,1.42384653122225,-3.23976008724266,-6.9097179517398,0.0521463833938527,825000,2710000,-85.1862619184882,46.9577189915905
116,-3.2682087925572,-5.85568772522455,-0.613669777310483,-0.259518456418554,-2.30699055525235,1.87070598592507,-4.10169006674622,-7.60411038836287,-0.198085972461998,925000,2710000,-83.8888917430575,46.8490191553907
117,-2.65264054536146,-5.01869800309137,-0.490643278866247,-0.994426306225064,-2.31012849538995,0.166056535673303,-2.43216107417768,-5.10249930423733,0.00393290104085098,1825000,2710000,-72.4679660051332,45.3341179714632
118,-1.25763414167716,-3.20637106662074,0.60104283833265,-0.0641534221700771,-1.19550326396375,1.1505483469937,-1.23765312434,-3.10110562158618,0.566079457239461,1925000,2710000,-71.2347313233464,45.1080885259231
119,-2.62249600015609,-4.52823079224949,-0.816779441322631,-0.957562186545201,-2.29229907581536,0.231307107403328,-2.07946730712132,-3.87285950723972,-0.218285754416631,2025000,2710000,-70.0099758745498,44.8709568962281
120,-3.43559063758055,-5.23575360237502,-1.03542834429768,-0.914866805945774,-2.15737676153271,0.248053825333502,-1.92140506951199,-3.61658208054835,-0.121991531370627,2125000,2710000,-68.7940137238503,44.6228529295662
121,-2.88192668278687,-4.74712828652669,-0.979099608477442,-0.551624293371896,-2.06050314334165,0.964427441026043,-2.20267319072451,-4.48935574542095,0.0395357048113626,2225000,2710000,-67.5871353311431,44.3639094762467
122,-3.99010807305312,-8.65490592348417,0.0388564776623678,0.139819556222544,-2.1417393541823,2.36636683173335,-1.31771604128315,-6.11689115307773,3.28206994576866,-2275000,2610000,-124.640096898849,43.3749344598104
123,-3.99607953495035,-7.99272203499245,-0.511190623808198,0.177320666238325,-1.67899772487913,1.98592630537747,-1.38703929221536,-5.30710930995316,2.33553736998201,-2175000,2610000,-123.451510147749,43.6355125318297
124,-3.99336142073208,-7.75862467925003,-0.674516391217563,0.177725201406028,-1.5077387230225,1.84474834184168,-1.42280530386657,-5.07638611675068,2.02952730271725,-2075000,2610000,-122.254018432239,43.8854267758358
125,-3.98060714265294,-7.60409505227352,-0.750204463033008,0.163154317335819,-1.43435678846919,1.72497666434564,-1.44825918599165,-4.85859296900622,1.76344661481582,-1975000,2610000,-121.047910314476,44.1245481240391
126,-3.95068694624916,-7.40647336709752,-0.823451867883451,0.126206101801676,-1.3781763409182,1.62017429853084,-1.47725953803608,-4.67514159490343,1.521847199605,-1875000,2610000,-119.833479189901,44.3527471083302
127,-3.90831622422359,-7.16020144322986,-0.891534975358457,0.0600624818154911,-1.35537059169593,1.45450417845183,-1.51207055972668,-4.48308176698881,1.27494437904506,-1775000,2610000,-118.611045692422,44.5699054213012
128,-3.82455327466678,-6.85203735051664,-0.933419755725142,-0.0455956060385463,-1.33406537600997,1.2044908266215,-1.45441782297565,-4.33018467737715,1.27873099236787,-1675000,2610000,-117.38093648438,44.775903267959
129,-3.90861374059537,-6.41381548908911,-1.00949503412885,-0.147746332616304,-0.997853482575103,0.682328363320657,-1.70454072995404,-4.42956960451321,1.0076107386959,-1575000,2610000,-116.143495509043,44.9706230593224
130,-3.41824524668651,-6.03761434066786,-0.93499202671203,0.0277026995755483,-1.12257374167712,1.13302335422005,-1.46560377503263,-4.163716137336,1.05342479573128,-1475000,2610000,-114.899083038688,45.1539549577359
131,-2.85152575752944,-5.07780453235897,-0.815358512109895,-0.045792440597429,-0.822171516227258,0.71323597197868,-1.66633044315568,-4.3685769737666,0.777131937670644,-1375000,2610000,-113.648066778663,45.3257936135533
132,-2.1011297132182,-4.0406673548756,-0.335751773273386,-0.116407333024819,-0.781291920460444,0.586192620042665,-1.95558704642143,-4.54741733859855,0.321313269530488,-1275000,2610000,-112.390832534202,45.486034168998
133,-1.35284802500347,-3.01463955464819,0.299999198527234,0.642623537715601,0.0110860028067402,1.285472783773,-2.40950953967942,-4.30170505988088,-0.398337205024187,-1175000,2610000,-111.127777763629,45.6345844219682
134,-2.25154751705394,-4.42280904393839,-0.200886583456856,0.264368648267419,-0.399616559004674,1.1037079791111,-1.96365927451265,-4.65994637186746,0.293202780124351,-1075000,2610000,-109.859311193903,45.7713506492328
135,-2.72826961263582,-5.16242870571207,-0.509195149315147,-0.0389154656387525,-1.20577185180038,1.14328128092546,-1.57413223730852,-4.3883589157706,1.00833245496937,-975000,2610000,-108.585852969427,45.8962493314652
136,-2.91343750738919,-5.51017126393588,-0.542939555394264,-0.331807695197055,-1.5669563402881,0.875164257193539,-1.19195381758379,-4.11892359158665,1.55674376785829,-875000,2610000,-107.307828686632,46.0092000026633
137,-3.24335452790492,-6.02287930680376,-0.693088571228523,-0.356093778704232,-1.6701518558547,0.947681860315456,-1.03294758168693,-4.00413483907525,1.80542159333754,-775000,2610000,-106.025684210415,46.1101359792789
138,-3.53135805181764,-6.40508312659003,-0.829326580083567,-0.330439412067773,-1.72057639354828,1.04161854846345,-1.00101585993127,-4.02486263934597,1.92038083019986,-675000,2610000,-104.739862177153,46.1989853468259
139,-3.77148992938079,-6.72939292029312,-0.911000317390918,-0.296162826857934,-1.69318360418462,1.08601943113669,-1.04588746135804,-4.09972012565349,1.83205043771744,-575000,2610000,-103.45082176241,46.2756917970743
140,-3.89995213944545,-6.75905684839959,-0.985029680227907,-0.224179105667512,-1.54734983872894,1.0995690428318,-1.15878632215698,-4.10083414424167,1.55989527341485,-475000,2610000,-102.159030811349,46.340206393226
141,-4.14498529427179,-7.10206228608192,-1.00037446938652,-0.245877570156859,-1.54359850825382,1.07819480362673,-1.26806232879772,-3.62025868860898,0.923020060003689,-375000,2610000,-100.864959980772,46.3924895008005
142,-4.49901755958047,-7.65660526760688,-1.00695545788109,-0.365495603266397,-1.85476248867864,1.10162890387195,-1.14148239893766,-3.97031676890246,1.53705099266645,-275000,2610000,-99.5690776844766,46.432502303479
143,-4.94190370621062,-8.20787025312895,-1.03856345194491,-0.539148294206717,-2.07761322211444,0.946183763703106,-0.667387364458386,-3.42113175598521,1.99763743468155,-175000,2610000,-98.2718678498018,46.4602195498466
144,-5.53209712732059,-8.85310408565288,-1.0888372329251,-0.788293537925057,-2.29521921224532,0.597716951659403,0.204636908443499,-1.95330770049043,2.37350379966041,-75000,2610000,-96.9738104943814,46.4756267578932
145,-5.56600736433943,-8.98213163363787,-1.07582810068719,-0.629893262780498,-2.2310726305806,0.898244171251655,-0.251591992939894,-2.83607747420531,2.33133947331838,25000,2610000,-95.6753878946385,46.4787090203694
146,-5.81449983794777,-9.23347692939815,-1.08100585174067,-0.638697859138165,-2.25097708715802,0.91619436805535,-0.118904671666158,-2.13740772010833,1.96078415469095,125000,2610000,-94.37708991207,46.46946472606
147,-5.80778680096867,-9.21228861374649,-1.12032275837546,-0.57178802209922,-2.17316733841909,1.00872291376459,-0.722042087866207,-3.32591999267821,1.80271751824163,225000,2610000,-93.0793945823607,46.4479012479532
148,-5.84362569025327,-9.10006872126074,-1.17465272182243,-0.600830362152091,-2.21281214500756,0.968215633968893,-1.25261049349413,-3.88337747593892,1.24939940174576,325000,2610000,-91.7827876393318,46.4140315360846
149,-5.86407419647697,-8.81257235107501,-1.26607369586639,-0.801162493336659,-2.43109366405423,0.704455265981655,-1.47798060545285,-3.5394330382898,0.604453656480799,425000,2610000,-90.4877530431245,46.3678791065479
150,-6.04923737882292,-8.78010555526552,-1.34442903594283,-1.08219139079078,-2.76955337739563,0.459351099543449,-1.65672849738506,-3.57481043313023,0.324068898352671,525000,2610000,-89.1947610865324,46.3094729286813
151,-6.10016883051387,-8.46144027352199,-1.5899238192013,-1.3584560814348,-3.11746188801191,0.165468399493083,-4.51348646823495,-6.57983700796715,-0.959535469654456,625000,2610000,-87.9042890182078,46.2388545353684
152,-5.47151946860797,-7.82694131574754,-1.4603093818185,-0.855504126766315,-2.58826020281951,0.735740557568359,-3.30204453155956,-6.38677866128866,-0.0377774620442738,725000,2610000,-86.6168021709846,46.1560692563891
153,-4.81522023415899,-7.01539420546709,-1.40408149373613,-0.480636196930319,-2.17712664752821,1.19867624867964,-2.76817183748126,-5.95436015722003,0.185804618585476,825000,2610000,-85.3327636130219,46.0611724898309
154,-4.75209878901875,-7.04815071114001,-1.27524778479934,-0.162579193441054,-1.81793270286847,1.55341063535193,-1.94980460681412,-4.94980957840851,0.894161687807467,925000,2610000,-84.0526239826261,45.9542234016105
155,-4.78074065502215,-8.41290345622881,-1.00628523777141,-0.313775676273415,-2.39612144072851,1.8407610399575,-1.91047508947089,-6.14939164348796,2.08702453523113,1025000,2610000,-82.7768223819586,45.835290432552
156,-3.57360126844325,-6.43338919518621,-0.96726010076296,-0.47158749983806,-1.73582395624741,0.753088101523101,-1.64477688884199,-5.04817360691617,1.46893551943568,1625000,2610000,-75.2368900936172,44.8746780255005
157,-4.51149086677794,-6.72737972265121,-1.34129240192378,-1.04275788287157,-2.20445354236865,0.0116371353875176,-0.560635067776709,-3.21135359997349,1.99403630914592,1725000,2610000,-74.0030716676134,44.6743054964555
158,-3.81424917357621,-5.69148125810728,-1.13837655163336,-1.00305979361457,-1.88397277151066,-0.106777863482012,-2.28041602705369,-4.21536712308602,-0.282326383375301,1825000,2610000,-72.7767576013691,44.4627145573286
159,-1.90551199017735,-3.0124312121149,-0.873745808836531,-0.46952822978003,-1.06143809428805,0.164459586208577,-2.09467604188003,-3.84537634096535,-0.294451220919447,1925000,2610000,-71.5582842479757,44.2400196661519
160,-2.73805598709533,-4.46537814952669,-0.95374942013978,-1.12240150252304,-2.33377163057904,-0.00867496277257533,-2.55861120257696,-4.94930813921451,-0.269653840705077,2025000,2610000,-70.3479740989494,44.006344721543
161,-2.81947777446719,-5.2466217399426,-0.602141351712949,-0.882055244783925,-2.5361433365659,0.605871517656119,-2.11045048040419,-5.26606463472877,0.588417102604681,2125000,2610000,-69.1461340352417,43.7618125284244
162,-3.99116784434542,-8.37571998881579,-0.24526330569784,0.0988621360542205,-1.991283890273,2.14177798141237,-1.25118987588905,-5.6858995688015,3.03828230046656,-2275000,2510000,-124.276589711141,42.5196635197032
163,-3.99323523237572,-7.97328892469431,-0.548448901224632,0.110626790241404,-1.74611206494224,1.92240044087375,-1.28037322350349,-5.25958897850494,2.49344498264092,-2175000,2510000,-123.101354873406,42.7766750863451
164,-3.97527139887582,-7.72223413000221,-0.685991012988201,0.105160404354015,-1.63035615509919,1.79805363396079,-1.2962676116605,-4.96290097098856,2.20348451014918,-2075000,2510000,-121.917537271614,43.0231200318388
165,-3.94531896586725,-7.52550588768159,-0.751237564166065,0.0926370797593816,-1.53184672037705,1.68170571828999,-1.29705076136637,-4.74791131060859,2.00882529021432,-1975000,2510000,-120.72541232373,43.2588809867614
166,-3.89031515235415,-7.32485666632634,-0.794240611227346,0.0683352950025805,-1.47805206894782,1.58482368938309,-1.29494222878608,-4.56772937001641,1.80951872138596,-1875000,2510000,-119.52527433195,43.4838385763568
167,-3.83013189821356,-7.06146281266511,-0.839405638715686,0.0251710790615261,-1.41868426485323,1.44041993053737,-1.32315308542475,-4.4029570297985,1.60780228665583,-1775000,2510000,-118.317423990685,43.6978732133452
168,-3.80468173975684,-6.81238208008841,-0.920430896412794,-0.0500273153480551,-1.38018331030236,1.24027447121894,-1.50288131659055,-4.37030390300819,1.19005035076361,-1675000,2510000,-117.102182087555,43.900876959445
169,-4.03686742841765,-6.68097225822208,-1,-0.214085978302008,-1.25640602443059,0.777151714401648,-2.43157824560114,-4.57875620670298,-0.148803668615205,-1575000,2510000,-115.879884396032,44.0927371699208
170,-3.73264686357585,-5.9761632483133,-1.01853093789038,0.500787745581121,-0.276162342758562,1.26934094412215,-1.69146089289244,-4.22267025920879,0.552669428575312,-1475000,2510000,-114.65087541792,44.2733512581949
171,-2.58885046068527,-4.49392085052013,-0.7955997392008,0.162818117267141,-0.624288380204716,1.01385518456429,-1.11294066882992,-3.61555236210325,1.20291591984289,-1375000,2510000,-113.415513182435,44.4426182014882
172,-1.72851488277708,-3.16860812378415,-0.371198786966501,0.38362032252541,-0.301102138815153,1.09876125764616,-1.25565276769511,-3.69858250597123,0.966954969047765,-1275000,2510000,-112.174172283697,44.6004395100756
173,-0.718437862949522,-2.23270298906895,0.82967059367254,2.07390710902438,0.688584486658003,3.12907258457085,-1.78561500775939,-3.9774357737988,0.197488485253619,-1175000,2510000,-110.927231728181,44.7467310200649
174,-2.33693890478284,-4.16131697744935,-0.667674100810107,0.67650837122319,0.0725853812066849,1.30095875964088,-2.20025183794209,-4.38316370628256,-0.145939570759802,-1075000,2510000,-109.675088052793,44.8814008716224
175,-2.16548098605191,-4.13946703016615,-0.511169245278218,-0.0478312244781672,-1.04216067714716,1.04237146288721,-1.3010066965883,-4.05907482840847,1.24740031869749,-975000,2510000,-108.418143504939,45.0043708002791
176,-2.18738778054416,-4.58303398201811,-0.0337465612756992,-0.638006538927368,-1.37767011362232,0.157027321286092,-0.879374248600126,-3.77430194559302,2.07937312601307,-875000,2510000,-107.156815397124,45.1155686612087
177,-2.97751540718327,-5.67227368097174,-0.494807160993944,-0.4373761196548,-1.71109568968695,0.79106397941708,-0.777475897429818,-3.70780358387304,2.06025420860141,-775000,2510000,-105.891526751483,45.214928513264
178,-3.45336817481605,-6.30398167893264,-0.770383594583211,-0.363154562330405,-1.75474429330708,1.00084441870588,-0.767583105584945,-3.75400611068666,2.13572036067739,-675000,2510000,-104.622703703334,45.3023791456614
179,-3.77879348263354,-6.73730763588699,-0.916356913852789,-0.327760307124921,-1.74659116783725,1.08714606429309,-0.818968493174047,-3.8721029724649,2.12277295625023,-575000,2510000,-103.350794249416,45.377878376678
180,-4.03960737736161,-7.04398788646499,-0.973571665118828,-0.315268404307509,-1.73527784316291,1.10147182649459,-0.887568677472041,-3.90869081744915,2.01903237315889,-475000,2510000,-102.076240311248,45.4413738232402
181,-4.30005845880421,-7.41327147444788,-0.998609537071369,-0.345874317272225,-1.79111300302659,1.09472149373747,-0.918255143023426,-3.8452897938895,1.91467670564733,-375000,2510000,-100.799495022197,45.4928270363301
182,-4.60878205511512,-7.80733283139412,-1.01503662983259,-0.432699746576808,-1.93993030746431,1.04324693205751,-0.831386087834655,-3.80755840546654,2.04768781728327,-275000,2510000,-99.5210149530259,45.5322021491702
183,-4.94913482380389,-8.24184171737706,-1.04310148463136,-0.555466457084824,-2.10210884876531,0.921933376811111,-0.594350308595789,-3.55271741640239,2.29173177832408,-175000,2510000,-98.2412566708248,45.5594780876157
184,-5.28868375645573,-8.62610856092135,-1.07197799410125,-0.67165103644725,-2.22172273459539,0.805228761183146,-0.31596053010547,-3.19299416229207,2.53841949264216,-75000,2510000,-96.9606863348268,45.5746399269759
185,-5.44213885275599,-8.83567635746115,-1.07468584565665,-0.651093449853734,-2.23265190180538,0.868158366129112,-0.411397363798162,-3.29911582130392,2.46122926065746,25000,2510000,-95.6797638607442,45.5776739175358
186,-5.58147584441374,-8.97053510287329,-1.09192335933578,-0.643120456092792,-2.24616377362775,0.896985326064868,-0.522398558434921,-3.38906077374133,2.3122081321074,125000,2510000,-94.3989607302688,45.5685765111325
187,-5.63586381603432,-9.03365577167505,-1.11105205430622,-0.632264677655587,-2.24438703728488,0.914543208936034,-0.853231611611457,-3.78263224248611,1.98237660955057,225000,2510000,-93.1187380442572,45.547356777308
188,-5.66683537065873,-8.9882387756659,-1.13584715724214,-0.669656616446168,-2.30298450043462,0.894113946691345,-1.23781173807772,-4.13061339336415,1.52530363917079,325000,2510000,-91.8395573031073,45.5140265708204
189,-5.6404960946423,-8.75654054698758,-1.19190375486167,-0.76639133209281,-2.422533893993,0.786642601824958,-1.63947495888892,-4.11917984621749,0.779766311167817,425000,2510000,-90.5618885900968,45.4686066671807
190,-5.96331386334737,-9.04558204567361,-1.28286886181218,-0.924988021131765,-2.61077459549305,0.657246307606683,-1.52693802851008,-3.89618876506274,0.798724069877191,525000,2510000,-89.2861810587034,45.4111265823802
191,-5.7171959280913,-8.74933766812317,-1.36042478742273,-0.974232630366117,-2.68631835800514,0.607786653910133,-2.67347424167151,-5.64934989465281,0.113435031640183,625000,2510000,-88.012892801619,45.3416229621257
192,-5.36636777427171,-8.32816157424956,-1.32177572564053,-0.7895941922575,-2.50575726670553,0.8318802378446,-2.61801414526749,-5.85675643595785,0.358898042480761,725000,2510000,-86.7424758441206,45.2601402546404
193,-5.02467762527836,-7.95479965977002,-1.24536623071647,-0.590555685354342,-2.30172776477771,1.0864849846307,-2.35955442718702,-5.73166315483311,0.77601828247188,825000,2510000,-85.4753665010222,45.1667279586419
194,-4.86929496846169,-7.91041981309106,-1.14745430057049,-0.447535892139548,-2.20371815858458,1.30757835517798,-2.02628707607494,-5.46383757365814,1.22276632993061,925000,2510000,-84.2120023908695,45.0614453161208
195,-4.80857948067734,-8.25462840675874,-1.03440338452206,-0.461253533593408,-2.3849996566535,1.4362522579327,-1.88257706263614,-5.73001287765642,1.73687643526568,1025000,2510000,-82.9528131922785,44.9443523593683
196,-4.78523294531182,-9.0128044880326,-0.886872190561632,-0.514866168080525,-2.79896575576965,1.78138291259505,-1.80988832269151,-6.53302248500251,2.63525662710092,1125000,2510000,-81.6982189720677,44.8155211950274
197,-5.18485388698767,-8.55364728165631,-1.19661622572602,-1.68999775129927,-3.38389089184764,-0.0859967651046784,-0.707562712324599,-4.76609816542964,3.2207392229288,1525000,2510000,-76.7338060848753,44.1844556492149
198,-4.48246169482077,-6.8882996806398,-1.22874701193007,-1.12434685595618,-2.40635469048144,0.0513696246995884,-0.320861899539019,-3.25440853222628,2.59646778532943,1625000,2510000,-75.5081069676889,43.9982048098737
199,-3.19835903600943,-4.92051339205185,-1.10277949443758,-0.763006074867237,-1.91731504103899,0.363837263818033,0.288577609261587,-1.97647259025433,2.53154230211558,1725000,2510000,-74.2892940880531,43.8007600593612
200,-2.35822829462949,-3.55249062940018,-0.986548742617245,-1.35891115747565,-2.46979109228009,-0.301085386721358,-1.07047510749657,-2.94408529494062,0.64379930050156,1825000,2510000,-73.0777070531219,43.5922274359447
201,-2.1588582398396,-3.61494078822714,-0.757812945735472,-0.559734240375914,-1.59132528469733,0.413999123715915,-0.165111316186063,-2.11838835991545,1.75346532083317,1925000,2510000,-71.8736714521537,43.3727164462042
202,-2.39655546186011,-4.54935100185441,-0.51052697281367,-0.584302297712691,-1.78249915716045,0.666284907421359,-0.128038822711446,-2.52303598119397,2.21262002022494,2025000,2510000,-70.677500330129,43.1423441390525
203,-4.00186766948762,-8.28040716614739,-0.334414149968128,0.0459343023284997,-1.99572242883559,2.023998530945,-1.16747906785272,-5.5059074240055,3.00508625834019,-2275000,2410000,-123.921927008605,41.6643956944455
204,-3.99739455924304,-7.93320371818291,-0.575346205016385,0.0483046742608009,-1.81152025555495,1.84487575361283,-1.17321684059406,-5.1404787645374,2.59242806037546,-2175000,2410000,-122.759784447886,41.917995818072
205,-3.96659531805917,-7.70880580483002,-0.694263709529432,0.0451820478542077,-1.68395588030541,1.74531938406823,-1.17184624575286,-4.87288164951274,2.34286126291663,-2075000,2410000,-121.589366418942,42.1611250737791
206,-3.9164868785757,-7.48695351455614,-0.741045289633103,0.0353104249953662,-1.62467500892886,1.64394844526465,-1.14494457433987,-4.6175541304189,2.19738998811902,-1975000,2410000,-120.410937451793,42.3936756539895
207,-3.83654410532329,-7.24977225640542,-0.776169645120157,0.0210408775420994,-1.54868967358101,1.54133415230845,-1.0870939765372,-4.34753995005397,2.05468550723817,-1875000,2410000,-119.224781394301,42.6155315788474
208,-3.71103475241371,-6.95629873892098,-0.780639644897621,0.0119871459074096,-1.46842339232537,1.45196318053406,-0.982052317947791,-4.04051655328375,1.97934685573492,-1775000,2410000,-118.031195652878,42.8265830550932
209,-3.50792743338197,-6.48059939602768,-0.770333604431585,0.0383529293975365,-1.33121194769963,1.37917014916749,-0.803079232218856,-3.566112094969,1.91680505186632,-1675000,2410000,-116.830488959124,43.026730245816
210,-3.18543447344173,-5.68857744254955,-0.775665429434177,0.17246226461486,-1.03906586460911,1.3590610460527,-0.490197702641352,-2.72902190456546,1.69832601192479,-1575000,2410000,-115.622986402491,43.2158614692986
211,-2.29824214656613,-3.99899428566124,-0.595209304983171,0.854562196164382,0.263574197864886,1.42290468152964,1.03929271907646,-0.997784143678301,3.35648956319454,-1475000,2410000,-114.409021930846,43.3938824068634
212,-2.46368055757116,-3.97996637968951,-0.888084078578049,-0.473136903404708,-1.17779088500556,0.222849525657537,-0.263793301002037,-2.56854721673865,2.02108795967917,-1375000,2410000,-113.188945079662,43.5606971096854
213,-1.50249982647504,-2.79523498142516,-0.271153208659348,-0.190005685131521,-1.02983328210225,0.620984404160546,0.450384540142876,-1.59206724712301,2.58644875983734,-1275000,2410000,-111.963110320733,43.7162144084173
214,-0.633371338697625,-1.93655210026624,0.809249093937302,0.668623495586015,-0.0939382370340482,1.49665775217772,1.14476123544335,-1.01857538689701,3.28790124874783,-1175000,2410000,-110.731889348917,43.8603490890377
215,-2.00558364680314,-4.03564853839041,-0.13686287556837,0.344042998901194,-0.264758095840145,1.01622601951566,-0.880591842327916,-3.43260585522508,1.59154712798057,-1075000,2410000,-109.495662449487,43.9930218257071
216,-2.32385167124529,-4.58718671070221,-0.218421964433147,-0.0831526333877272,-1.18524882203433,1.00029938473296,-0.861257777808397,-3.49692372794138,1.67648271800404,-975000,2410000,-108.25481889395,44.1141550323677
217,-2.1707702225707,-4.25193520559802,-0.330021450452777,-0.467256096339394,-1.08470358419522,0.0888123201940187,-0.40907731923301,-2.29312879354141,1.39312475147347,-875000,2410000,-107.009764880455,44.2236842383415
218,-3.01730087305278,-5.65068687859341,-0.57917335218815,-0.394996187844985,-1.66472163541898,0.823264660917263,-0.438185825653942,-3.19139917488061,2.28609931427212,-775000,2410000,-105.760903676018,44.3215397377488
219,-3.5218599962514,-6.3830404420249,-0.835156336786231,-0.35166126771794,-1.73231230209627,1.00781616143462,-0.477786340588915,-3.42239778925059,2.43689197983577,-675000,2410000,-104.508640620417,44.4076650336019
220,-3.86740767487302,-6.8427844473059,-0.953475703887462,-0.341872751619461,-1.76767635172539,1.06787097016405,-0.561426777561505,-3.58847350801243,2.4217637220655,-575000,2410000,-103.253410877116,44.4820142938306
221,-4.14879792215575,-7.20573127174934,-0.988311239551277,-0.356543681032597,-1.81024653739162,1.07998269936433,-0.655002873411012,-3.69194162480511,2.34337470701686,-475000,2410000,-101.995642611597,44.5445381338074
222,-4.41024325741768,-7.55530655064709,-1.00803163767578,-0.394745104654306,-1.86536640056236,1.06084452575994,-0.699469991608919,-3.76831265865401,2.30542844864009,-375000,2410000,-100.735767833982,44.5952013368778
223,-4.68239753985836,-7.89781735395314,-1.02941811755699,-0.471001002914637,-1.97126650474537,0.995130469199454,-0.676791270454226,-3.76380811276175,2.35083764627117,-275000,2410000,-99.4742241451228,44.6339732215115
224,-4.95436136348414,-8.23609481901325,-1.0518823567248,-0.57462172038551,-2.08248812197092,0.867902937481767,-0.567369233077421,-3.62595865706318,2.46487750446951,-175000,2410000,-98.2114577896882,44.6608305881316
225,-5.22142444929693,-8.55736563485119,-1.06901695613324,-0.676076475088522,-2.15782085325823,0.738581076749633,-0.457819636052209,-3.50747723401182,2.56398443363543,-75000,2410000,-96.9479124881699,44.6757567881909
226,-5.34397219945174,-8.70670561394822,-1.08063632003951,-0.661041079029327,-2.19925595988315,0.813478033873809,-0.54659514927051,-3.57758591729678,2.48020903332723,25000,2410000,-95.6840230902804,44.6787409627886
227,-5.43055556113438,-8.84845949028259,-1.0816660037188,-0.650627436638209,-2.23237186252405,0.860940776026591,-0.701425617240469,-3.76098895076802,2.31995075540393,125000,2410000,-94.4202492053578,44.6697862993377
228,-5.49026256257925,-8.90598682350424,-1.09159983796848,-0.654293929983977,-2.2657350230839,0.893851450723513,-0.93658832970667,-4.01978408283918,2.05324716736435,225000,2410000,-93.1570328778525,44.6488934731438
229,-5.5224572394217,-8.92191687807693,-1.10684982706681,-0.681472494229268,-2.33076693887028,0.88993400536977,-1.20730825625446,-4.34130596172099,1.7550750065221,325000,2410000,-91.8948193316484,44.6160750596533
230,-5.52738385625451,-8.84793854416181,-1.14885699205752,-0.736283190460358,-2.42007537849838,0.846149835691624,-1.4638111495145,-4.52780888565385,1.43984626440214,425000,2410000,-90.6340558176997,44.5713534298675
231,-5.58075829222154,-8.85007294561605,-1.191991326855,-0.801566975846541,-2.49962292944185,0.789549516898439,-1.64215110726366,-4.70984966991197,1.2342407440022,525000,2410000,-89.3751799367013,44.5147545342663
232,-5.45287460288133,-8.67670933571788,-1.21813723995338,-0.816257879641525,-2.5332164529943,0.796436997326686,-2.0447294439761,-5.25544032636909,0.960964009162396,625000,2410000,-88.1186345738319,44.4463146361658
233,-5.24946163894901,-8.46650681298724,-1.18940809791157,-0.7405430634483,-2.48377671351104,0.921221732989182,-2.13545368122696,-5.48743029259378,1.00064182563811,725000,2410000,-86.8648383753044,44.3660704226495
234,-5.04439629135742,-8.24765177144811,-1.13237127454102,-0.642441696556109,-2.38791351336569,1.05250277506627,-2.05239219105439,-5.52466172969753,1.14546461250174,825000,2410000,-85.6142209653254,44.2740700331965
235,-4.89479333900176,-8.18954561859469,-1.07418704669939,-0.572481937458216,-2.35593355694336,1.19213018583065,-1.90678320782544,-5.48317845566104,1.43905565559372,925000,2410000,-84.3672058530588,44.1703729080487
236,-4.80368813263659,-8.3081874874292,-1.03033501930086,-0.559927825718533,-2.44470118131103,1.29834012548794,-1.80236443879983,-5.63365670602926,1.76607806954801,1025000,2410000,-83.1242043153571,44.0550361055168
237,-4.75768300424833,-8.72630066580374,-0.969782000427394,-0.571798524062722,-2.66424890532598,1.49252100415811,-1.73358984386594,-6.06194451722906,2.30725756471145,1125000,2410000,-81.8856259624444,43.9281207594121
238,-4.1416179431768,-8.49311829821972,-0.257531937756325,-1.03774126079309,-3.36654632444404,1.18965128137203,-0.811282250311273,-5.65411944053212,3.87605833744518,1325000,2410000,-79.4232805038828,43.6398707406051
239,-4.15746238759286,-7.96610687183124,-0.750472600776219,-1.09939197671022,-3.11297424139553,0.788731982620492,-0.745041758954199,-4.98378954039134,3.36107864835082,1425000,2410000,-78.2002773369179,43.4786932629911
240,-4.27478297222839,-7.50231881088693,-1.01901798747547,-1.23943550746412,-2.92671876425901,0.292816694194169,-0.650374041140709,-4.30089370393603,2.85696735413132,1525000,2410000,-76.9832123624678,43.3062646959397
241,-3.83975780724589,-6.65206947064723,-1.02267590912079,-1.09822022096548,-2.61179161056953,0.285228305032819,-0.442658537054377,-3.68340406680154,2.68738012439423,1625000,2410000,-75.772434664557,43.122677739609
242,-3.09388994254109,-5.14470129096015,-1.00649483911944,-1.01587415298106,-2.33778021295006,0.204013909766947,-0.233689450910311,-3.14026879783174,2.60875082982512,1725000,2410000,-74.5682882814499,42.9280278304991
243,-2.26249354553911,-3.37773749376104,-0.988759414124925,-1.17478907402558,-2.24584560712442,-0.109280829831691,-0.408350313181758,-2.88973478231513,1.95521614202451,1825000,2410000,-73.3711025977739,42.7224168251762
244,-2.14499396704462,-4.04716745787096,-0.431519712026893,-0.519900561520673,-1.69163188244212,0.663512522198215,0.300239493599055,-2.14517001466393,2.64687215585921,1925000,2410000,-72.1811937579873,42.5059481058465
245,-2.3852983546992,-5.07197013385183,-0.00993049533938661,-0.755174482387663,-2.1716911990839,0.617625778578958,-0.358616908655761,-3.06767257204214,2.088396464717,2025000,2410000,-70.9988642825853,42.278730047737
246,-2.38773788208131,-6.2739570924928,1.13280384608129,-0.79851227314144,-2.93715353116697,1.23747184757009,-0.422397086420817,-4.71038888479042,3.68850518787611,2125000,2410000,-69.8244057151763,42.0408752559939
247,-4.01857794832918,-8.80766793596923,0.161097540810998,-0.0248351148042332,-2.41447677808601,2.28548909026485,-1.06734229029437,-6.15402366750634,3.91182348652376,-2375000,2310000,-124.716851005901,40.5483632947236
248,-4.01242501458535,-8.16366234888708,-0.442764565265346,-0.00453149371865607,-2.01315902737889,1.92375408059024,-1.08886142872981,-5.34880818670366,3.03290036623867,-2275000,2310000,-123.575793360719,40.80894619253
249,-4.00287007614293,-7.93922926196512,-0.604410033040416,-0.00109674927710951,-1.83768124399528,1.79356625494801,-1.09271021728513,-5.05546266016669,2.70999984658045,-2175000,2310000,-122.426496221548,41.0592761665368
250,-3.970175818179,-7.73032013629701,-0.680305733976154,-0.00559704839704749,-1.77572840736762,1.70902958326161,-1.07428256121376,-4.7708538973106,2.48467064572503,-2075000,2310000,-121.269205360262,41.2992313528186
251,-3.9154681975473,-7.49979600439617,-0.738666319146964,-0.0136337103576734,-1.69445778365731,1.62117477717124,-1.02444902620196,-4.52832442974745,2.35719130505897,-1975000,2310000,-120.104189269231,41.5287129658605
252,-3.8238561174136,-7.24526299635805,-0.75863768936784,-0.0292047313676398,-1.61556366673604,1.51236372263016,-0.925297273192334,-4.20375835730878,2.25656689379516,-1875000,2310000,-118.931719506468,41.7476069659488
253,-3.66079442857373,-6.90266342472007,-0.757832639866967,-0.0287840863875445,-1.51809554817143,1.44791749297097,-0.722648424893732,-3.71861607049193,2.2153670817463,-1775000,2310000,-117.752086773745,41.955809008191
254,-3.3406059126662,-6.2357899020895,-0.707059994305081,0.0114677376621543,-1.38062261084927,1.36099108082564,-0.241087554391944,-2.54917134503615,2.08110192679269,-1675000,2310000,-116.565593994127,42.1532228815568
255,-3.01518169309324,-5.70985216522424,-0.505814081158158,0.0596175733921595,-1.21447576546754,1.33782379493723,0.219594794676889,-2.23161942749059,2.81836539586622,-1575000,2310000,-115.372551217794,42.3397480780913
256,-2.31770068030758,-4.65670639707039,-0.0537311113614944,0.136732689234858,-0.9840246082697,1.26007591024351,1.44696925611629,-0.182564272979266,3.27980476082926,-1475000,2310000,-114.173284556761,42.5152921222688
257,-2.17460703350587,-4.29085711597413,-0.157019700035869,-0.42581748877729,-1.42769881246953,0.458960914025486,0.82143211107436,-0.996615207383057,2.85531945122581,-1375000,2310000,-112.968130489046,42.6797656325449
258,-2.17835281668647,-3.80726650115371,-0.600444855722473,-0.489877911207709,-1.34214017314055,0.312133902595133,0.0281794668116121,-1.93294968629307,2.01022673050113,-1275000,2310000,-111.757434265478,42.8330836833794
259,-2.16582872015248,-3.8443104742827,-0.571260024427206,-0.0119812914443481,-0.696209073770648,0.725722132216461,-0.410982571317615,-2.25716896142438,1.50581616707426,-1175000,2310000,-110.541553500283,42.9751659990714
260,-2.84465190259542,-4.71198610272361,-1.0061698138648,0.0684183120883034,-0.505972344808332,0.579715975794983,-1.77489550340803,-3.94434734451445,0.528342876272608,-1075000,2310000,-109.320853507492,43.1059322606383
261,-2.95164818857301,-5.05383573743918,-0.946890012315884,-0.172522419710398,-1.15507449635375,0.704701901266239,-0.852366964471022,-3.41376122674227,1.56820464079767,-975000,2310000,-108.095712300849,43.225315942627
262,-3.04486124689524,-5.52528588241573,-0.747000797294036,-0.343687067394979,-1.53594850952828,0.801582664049555,-0.347104393343301,-2.97424615446506,2.26837011991702,-875000,2310000,-106.866525568173,43.3332516474493
263,-3.40021533707035,-6.08255537710195,-0.850993908965746,-0.307606125085178,-1.60969342108101,0.959759108662073,-0.091227368855287,-2.82844683274647,2.73586396736294,-775000,2310000,-105.633669533668,43.4296773695054
264,-3.74749670935543,-6.60631958916003,-0.947575283325657,-0.31341399151483,-1.68145858477261,1.03033740275716,-0.149436612052003,-3.03478446802038,2.80067251493794,-675000,2310000,-104.397549231449,43.5145378915457
265,-4.03545846936362,-7.01165064824831,-0.985972045348309,-0.335171616940794,-1.75297705991967,1.07969633149414,-0.322524073157431,-3.31147985267883,2.69732641365307,-575000,2310000,-103.158569068504,43.5877920652492
266,-4.27924545064602,-7.36116078484465,-1.00191766777265,-0.368181011308551,-1.83219071332509,1.06941336498092,-0.461386817376551,-3.51067513290273,2.58900103935801,-475000,2310000,-101.917152845092,43.6493888658671
267,-4.50556407082121,-7.69646509933706,-1.01780504947995,-0.418294006078681,-1.91363425394517,1.03190443926498,-0.555020153595126,-3.67263000046562,2.54665071187829,-375000,2310000,-100.673709151462,43.6993005965851
268,-4.73313624566167,-7.98617028321176,-1.0342554556465,-0.488313846844775,-1.94908216671963,0.951815592441796,-0.577445260178894,-3.71690690494595,2.52721872236977,-275000,2310000,-99.4286641267082,43.7374952021568
269,-4.97887743972696,-8.24540741299281,-1.05238552515135,-0.598219001427946,-2.02546969878088,0.774131033349529,-0.529870634694731,-3.65319059284978,2.57244535297171,-175000,2310000,-98.1824461526275,43.7639463450631
270,-5.30117050311732,-8.5374198681303,-1.10362150775144,-0.794453764775185,-1.98302245356919,0.287132997851231,-0.410025646785896,-3.43062552657862,2.68867400609426,-75000,2310000,-96.935472505759,43.7786544967904
271,-5.28271557285402,-8.63223817444803,-1.07653228550554,-0.673938892030543,-2.14869975892917,0.714819210644278,-0.617217872538224,-3.75754543406054,2.53205106549088,25000,2310000,-95.6881725038036,43.7815979068381
272,-5.32451562890983,-8.74828411394828,-1.07309298784822,-0.646598290690601,-2.2232755774048,0.857166932946387,-0.783156506383785,-3.9572522066202,2.34909904817446,125000,2310000,-94.440978485695,43.7727759934994
273,-5.36012663408166,-8.78057376669813,-1.086954828668,-0.654978602017659,-2.28382263017803,0.895710847707523,-0.965370420840626,-4.19311128031815,2.19173012306843,225000,2310000,-93.1943260587188,43.7521957316197
274,-5.38076538333592,-8.77803379204373,-1.09474309435176,-0.671768674805272,-2.32733894766757,0.916574328094054,-1.17208158245692,-4.40013263521937,1.94804542724937,325000,2310000,-91.9486374693534,43.71986314953
275,-5.37671055111927,-8.73920833146064,-1.11075994056733,-0.704628412925358,-2.39136415186771,0.901604334680436,-1.36702800811738,-4.60273856066801,1.73562191920713,425000,2310000,-90.7043402792528,43.675807744886
276,-5.36154543841493,-8.70923046797872,-1.12687314042612,-0.735795440732991,-2.45494799018242,0.889601137479848,-1.54560587926861,-4.84307704474895,1.58303741579702,525000,2310000,-89.4618568386701,43.6200475836663
277,-5.27512379857381,-8.5801371595766,-1.13198773900486,-0.743158386588,-2.49003112408985,0.899001511079164,-1.74319035042273,-5.13366926295721,1.42662873357114,625000,2310000,-88.2216097450467,43.5526178418474
278,-5.14576898171131,-8.44865099281969,-1.10790872214813,-0.710399505236093,-2.46661456650527,0.948544673904951,-1.82218181243346,-5.2580540216133,1.42104082949473,725000,2310000,-86.9840116192471,43.473555549981
279,-5.00230496206094,-8.32439333849229,-1.07766230571979,-0.667401104784047,-2.42858853169098,1.03892489565973,-1.80794747812126,-5.36936344519442,1.47658883026221,825000,2310000,-85.7494728795877,43.3829013497705
280,-4.86853366071761,-8.25459234971496,-1.04991216331858,-0.634501560626045,-2.42731415239529,1.09590442692609,-1.73780785237542,-5.37769096305574,1.66272658805814,925000,2310000,-84.5183956416989,43.2807164612886
281,-4.76070684182321,-8.2971290616961,-1.0233747813699,-0.626368558380309,-2.48912441564741,1.16416161674914,-1.66043347177549,-5.4153129642824,1.85666647965537,1025000,2310000,-83.2911767576013,43.1670487370145
282,-4.68824660290631,-8.52752410695051,-0.984740807071824,-0.634018899916253,-2.66212800815514,1.32206508604347,-1.58747630925006,-5.67997921380648,2.27773591330154,1125000,2310000,-82.0682089615206,43.0419669338457
283,-4.12340117589377,-8.00069839138072,-0.624679674192117,-0.982005800905429,-3.051866096026,0.979937772094657,-0.864765274926144,-5.20000156385164,3.26042266773353,1325000,2310000,-79.6365542122071,42.7578235443058
284,-4.05692818046991,-7.58343685946975,-0.84461049621136,-1.02086800559174,-2.90368094606586,0.738457729558965,-0.795755987670724,-4.74991897653705,2.96121968489977,1425000,2310000,-78.428580520681,42.5989157923603
285,-3.9187993740625,-7.15227684676271,-0.938143801540074,-1.06016737075945,-2.78698577609601,0.543286049322444,-0.70763175351491,-4.34985088235515,2.77857087037588,1525000,2310000,-77.2263272037138,42.4288965544901
286,-3.5067755597853,-6.47638797935175,-0.833001052681423,-1.02233711254542,-2.63181494803837,0.483421974178837,-0.593201832529982,-4.01296208568834,2.65249464606724,1625000,2310000,-76.0301284088443,42.2478515984656
287,-2.78405798033246,-5.37814438468938,-0.432945954498176,-0.970286494780185,-2.48831132137963,0.453187286822652,-0.515755097105556,-3.71618374052139,2.49499114887569,1725000,2310000,-74.8403200902003,42.0558709974918
288,-1.51875637390658,-3.45886230949717,0.30467674329607,-0.906681053109123,-2.22178072559062,0.329650561144846,-0.558448942253557,-3.25842377376036,1.9047853131978,1825000,2310000,-73.6572194988189,41.8530517027769
289,-2.31663793529377,-4.75092077748982,-0.157887309191865,-1.00719684138042,-2.46736133447203,0.305655617571485,-0.824995585789006,-3.65273858392623,1.74517605085755,1925000,2310000,-72.4811314762533,41.639490726904
290,-2.36512180714232,-5.38888244815514,0.378223208647927,-0.874738622379346,-2.6420934740317,0.754501130875352,-0.568094970330619,-4.00962675230888,2.70161622972953,2025000,2310000,-71.3123538469143,41.4152916195476
291,-2.37911280252631,-6.32164349547776,1.25073970246564,-0.838320593472558,-3.05506072252122,1.27486239101385,-0.493635692566982,-4.96336167269543,3.80884131568263,2125000,2310000,-70.1511655789659,41.1805592398721
292,-4.02993948144048,-8.5895603682112,-0.0828645660615988,-0.0437582522338553,-2.28473372247878,2.12192193587583,-1.03824592692973,-5.81313443503514,3.56976540250135,-2375000,2210000,-124.366668889219,39.6957602560734
293,-4.03274675102466,-8.21559483011639,-0.441036672305213,-0.0379924575680514,-2.04946188167272,1.89839874724383,-1.04387173897112,-5.34451205384338,3.06573153040086,-2275000,2210000,-123.237911513173,39.9531280518351
294,-4.02879935203528,-7.990779838534,-0.596729193250856,-0.041630285761771,-1.91403963715665,1.76593683764255,-1.03519652141009,-5.01245494101891,2.79676972387807,-2175000,2210000,-122.101199729495,40.2003292092095
295,-3.99838281516912,-7.76638421967918,-0.677725361745307,-0.0458180633514951,-1.82221069341024,1.67507094440676,-1.01742799187417,-4.79713973363002,2.58075938082411,-2075000,2210000,-120.956775030807,40.4372490703231
296,-3.94915001048018,-7.56374541301733,-0.729060148326786,-0.0602253217797317,-1.75034568820724,1.5767810026368,-0.971443203768758,-4.52175845975137,2.44618208963332,-1975000,2210000,-119.804891082338,40.6637886852378
297,-3.87751433610802,-7.31953958788479,-0.780162939841791,-0.0836833000205822,-1.68805992972501,1.46667407344464,-0.883186497862408,-4.18089514666199,2.33855751891465,-1875000,2210000,-118.645824188768,40.8798455566876
298,-3.76482725313155,-7.02907029414608,-0.82333840564662,-0.110612155652814,-1.6327952212844,1.35471055113137,-0.723755303268169,-3.73649526936243,2.23474906787569,-1775000,2210000,-117.479846281863,41.0853237663888
299,-3.53518936770808,-6.48647129972515,-0.82882664338414,-0.137137108028036,-1.54713893087814,1.23192504100459,-0.382600854404382,-2.80266288211455,1.95098053679737,-1675000,2210000,-116.307253081711,41.2801256236472
300,-3.2183998397171,-5.8090851393756,-0.744104998018471,-0.0933248529710393,-1.26096947686302,1.12882151063865,0.170934465569354,-1.92500220894977,2.3957731645358,-1575000,2210000,-115.12834432174,41.4641609531531
301,-3.23430773735613,-5.72238781139823,-0.845783580811943,-0.277076488167969,-1.483366106764,0.813721789980318,0.109974152733269,-1.99928461683098,2.31938087723404,-1475000,2210000,-113.943437455959,41.6373394386979
302,-2.85370627373739,-5.18356884662145,-0.695214363179316,-0.382874181278035,-1.49937836011163,0.599809747808514,0.467179272444329,-1.62549367429013,2.74686641393092,-1375000,2210000,-112.752863359626,41.7995771202851
303,-2.80023751874749,-4.4656681551408,-0.980112971338185,-0.455244177496845,-1.4674752203454,0.43263782320047,0.189318062067918,-1.61533276129378,2.06770328157604,-1275000,2210000,-111.556944775385,41.9507926877976
304,-2.46465282920239,-3.80146577949082,-0.981467470917677,-0.262593899228623,-1.08508124978208,0.579469839889373,0.0301631079060474,-1.89762146903672,2.06376086905166,-1175000,2210000,-110.356034267495,42.0909116462797
305,-3.50747700941282,-5.54774325060357,-1.04179341091641,-0.191890090663921,-0.961578276233571,0.716479274793106,-0.264391444940917,-2.38876052927909,1.98600750187406,-1075000,2210000,-109.150488620773,42.2198627844944
306,-3.61332946682608,-5.8608665250524,-1.00783497864829,-0.311979879643903,-1.44929185769413,0.753710223073309,-0.319226342867626,-2.86050838533541,2.24509192553192,-975000,2210000,-107.940667478358,42.3375751957261
307,-3.66957231454396,-6.20154653306474,-0.995684703461982,-0.423881089200194,-1.63869694181431,0.730915094232092,-0.0402129738978619,-2.65695454899342,2.66141043829082,-875000,2210000,-106.726946326634,42.4439915701453
308,-3.79574217934907,-6.47693360848001,-0.995600634027124,-0.191512645789054,-1.44713455998018,1.06809545011326,0.590546272557889,-2.00889337670283,3.42432163822016,-775000,2210000,-105.509697791703,42.5390543168276
309,-4.03217642950731,-6.90555721874333,-1.00311378607431,-0.252335571026647,-1.56542878244796,1.05703864277112,0.260940760318301,-2.44115538663752,3.14324176449074,-675000,2210000,-104.289309879784,42.6227131278166
310,-4.25146649508078,-7.2789970922473,-1.01455046437878,-0.314636414212427,-1.71941082670691,1.0749846003102,-0.089275642893174,-3.0097321535373,2.93013430415406,-575000,2210000,-103.066177162309,42.6949157705262
311,-4.43369574216525,-7.58931342024112,-1.01950141778571,-0.363950660740115,-1.83355486720573,1.06215617725888,-0.331740044463794,-3.37788959429324,2.78574665809985,-475000,2210000,-101.840688736394,42.7556332782465
312,-4.60214828579477,-7.85660951446653,-1.02746223801477,-0.415130507297896,-1.90710638102427,1.0193641170479,-0.473120612459229,-3.59825775194256,2.68392518637617,-375000,2210000,-100.613255821384,42.804826995459
313,-4.76700074604251,-8.06025024927844,-1.03900942170052,-0.471050410125262,-1.95095141807082,0.964860299891129,-0.546136110835404,-3.72730106410048,2.66050964251091,-275000,2210000,-99.3842823482881,42.8424715138687
314,-4.9241601976144,-8.2326438278486,-1.05526397611952,-0.524825267135594,-1.94899222555501,0.836805911503406,-0.578958588769711,-3.78009205204642,2.65697138171667,-175000,2210000,-98.1541775260997,42.8685462874996
315,-5.02597026722488,-8.29213631187168,-1.06861490348552,-0.537343653557459,-1.67392770956807,0.503457723438536,-0.611729247976597,-3.82576408720796,2.54759080957285,-75000,2210000,-96.9233507319464,42.8830394587131
316,-5.16099839497506,-8.55584637169778,-1.06303275085441,-0.595161144457042,-2.05720659263236,0.802405928563299,-0.720762718268411,-3.95706600708384,2.52036882462987,25000,2210000,-95.6922100953912,42.8859395914119
317,-5.22393689902891,-8.65341377460223,-1.0595160372036,-0.612063877010583,-2.18320023428853,0.890783452596914,-0.851325951099398,-4.15201309879016,2.39760481541196,125000,2210000,-94.4611752895052,42.8772458689184
318,-5.25069156407649,-8.69098855226117,-1.06554369013598,-0.632887472916235,-2.25772939668819,0.925889257634477,-0.994870819439165,-4.29450608932803,2.22747725713748,225000,2210000,-93.2306547085955,42.8569599636002
319,-5.26249447166639,-8.69127894384243,-1.07606219709477,-0.650947790879774,-2.33656779727847,0.948962510914842,-1.1481438216921,-4.49436793499774,2.10638888162601,325000,2210000,-92.0010611132426,42.8250978321817
320,-5.2527735837653,-8.66359071639918,-1.07997532491994,-0.674362615962971,-2.38833618156932,0.948388987455854,-1.29938175619474,-4.66818465576594,1.96701563593908,425000,2210000,-90.7728080284661,42.7816733584782
321,-5.2146102078888,-8.63781721448461,-1.085686380845,-0.694660039311264,-2.42377718780127,0.947944971379068,-1.43308432349411,-4.83587165544523,1.8333255647195,525000,2210000,-89.546299405688,42.7267126099512
322,-5.14559486274957,-8.52819494211211,-1.06965135962842,-0.701792668453707,-2.45825924459329,0.954919094851594,-1.56503922776854,-5.05197283430246,1.7478092527539,625000,2210000,-88.3219380381429,42.6602447903749
323,-5.04653239558812,-8.42265456121004,-1.06041153492106,-0.694192481105191,-2.44944794988806,0.971942672317651,-1.61992233651038,-5.14436707552567,1.72300393083843,725000,2210000,-87.1001248449407,42.5823074529897
324,-4.93467124946304,-8.34941623875417,-1.04218679019605,-0.681082044332948,-2.43534104696318,1.00786585596091,-1.62116822438983,-5.19123106374459,1.75114353843119,825000,2210000,-85.8812603208715,42.4929406001126
325,-4.82064778810334,-8.27962504415634,-1.03206148682005,-0.671573183146026,-2.47752377568934,1.05024299032113,-1.57952205680036,-5.23568895301137,1.81947928795373,925000,2210000,-84.6657250251664,42.3921954325942
326,-4.6935662405746,-8.19090193888838,-1.01705869283039,-0.67569265513383,-2.49391630352842,1.06139510617259,-1.50312874741824,-5.21364514207077,1.95772241254259,1025000,2210000,-83.4539037129285,42.2801213255464
327,-4.56503815751672,-8.10913168718626,-0.991360412274476,-0.706947750923582,-2.5590535506957,1.06064131099059,-1.37232559500089,-5.18707702199241,2.17203978080547,1125000,2210000,-82.246177195223,42.1567819303924
328,-4.37547590381033,-8.0799964810924,-0.913248770647303,-0.797563019826223,-2.74231194155706,1.05421340170206,-1.15846534340166,-5.20877443827427,2.63874841029236,1225000,2210000,-81.0429093092304,42.0222406230526
329,-4.18209629211764,-7.68369986183588,-0.895342609360206,-0.893795127000925,-2.75718902571532,0.856048600671964,-0.973362147625878,-4.82485127808097,2.6830594205796,1325000,2210000,-79.8444546482191,41.876563949559
330,-4.0261380254442,-7.48149638413628,-0.859773667325395,-0.936133054654639,-2.77375489851802,0.761273301936257,-0.874424500911697,-4.65456828673186,2.72191544352013,1425000,2210000,-78.6511643630983,41.7198283788934
331,-3.81878278956187,-7.1001710333139,-0.792742860254032,-0.962135032768333,-2.72856047183546,0.684883407794629,-0.789668325614708,-4.46009468686914,2.71295283195364,1525000,2210000,-77.4633802864788,41.5521113546796
332,-3.48790004907466,-6.60703088332455,-0.644753900877241,-0.961716739778437,-2.69204814077816,0.620293335383778,-0.714522956701237,-4.26783219117136,2.644571919046,1625000,2210000,-76.2814340387216,41.3734948398519
333,-3.02687515736927,-5.98649164814819,-0.358460756039847,-0.942218664679175,-2.62456050821917,0.616143779768798,-0.665367605389788,-4.08404769392642,2.58421586932463,1725000,2210000,-75.1056436530582,41.1840657562154
334,-2.51588121897036,-5.33021867226477,0.0337753790588999,-0.923757803554616,-2.57781595842696,0.600179040256894,-0.66037076402766,-3.98460289534212,2.51004477946095,1825000,2210000,-73.9363196358531,40.9839148243017
335,-2.41042203653482,-5.55366087279896,0.443155387149729,-0.945734447428189,-2.75939564064575,0.762974090755415,-0.697049975627452,-4.36157315612532,2.78459891292806,1925000,2210000,-72.773758580985,40.7731342127787
336,-2.38966956640656,-6.09357142501901,1.00166504269197,-0.907534282861348,-3.00035630792896,1.09617983115263,-0.631807912949316,-4.88069492558068,3.44077179610475,2025000,2210000,-71.618249501135,40.5518241974476
337,-4.04907536204097,-8.61041727603835,-0.113067129142314,-0.0604954951888469,-2.28481634392588,2.0677411870728,-1.01293231707864,-5.69642862720844,3.56950133038087,-2375000,2110000,-124.02466717871,38.8424668401163
338,-4.04990362545019,-8.28928993192235,-0.4368702430362,-0.0565807015449362,-2.08061313058848,1.89990387004501,-1.01162925915361,-5.29089867288663,3.13639641304868,-2275000,2110000,-122.907985943425,39.0967675061304
339,-4.05555258652313,-8.05340942452398,-0.602212501924333,-0.0655044620615605,-1.96453229849282,1.76533769289574,-1.00313501247796,-5.02072080069009,2.84741768404646,-2175000,2110000,-121.783619133343,39.3409702251509
340,-4.04231327327223,-7.8519178105444,-0.701530762495473,-0.076545790198522,-1.87921698283806,1.66645034193968,-0.982424112129419,-4.81437980963073,2.68234766726105,-2075000,2110000,-120.651806753046,39.5749805978363
341,-4.0202743411844,-7.67410400500881,-0.782118444343767,-0.0959247981809267,-1.81425712568817,1.55813442811875,-0.943414917861446,-4.5361653169111,2.51140049583067,-1975000,2110000,-119.51279218513,39.7987035291027
342,-3.9855703493184,-7.48278673543396,-0.82730349863056,-0.128658207052037,-1.75938671971735,1.44956730366384,-0.906278809860414,-4.29164501604278,2.38946797905433,-1875000,2110000,-118.366840144988,40.012046616231
343,-3.9796472802657,-7.31141565184899,-0.892275009861666,-0.188612934753434,-1.7335586777069,1.28118650851561,-0.897469968520455,-3.98545587905313,2.12879138080162,-1775000,2110000,-117.214222868428,40.2149158315049
344,-4.07054206958887,-7.12722237762883,-0.996891021102486,-0.330252636498666,-1.7059677289546,0.964531793629667,-1.10182348672818,-3.57680363832217,1.25606299331934,-1675000,2110000,-116.055222960757,40.4072198239495
345,-3.72596222630673,-6.70538400465922,-0.900405875598075,-0.247551412286918,-1.62632394266394,1.07736584204948,-0.375187810669831,-3.10835889660268,2.39563366448406,-1575000,2110000,-114.890134705471,40.5888730639049
346,-3.60391923643274,-6.4563982704645,-0.891845748135945,-0.311226637321325,-1.64710615791683,0.948017327724359,-0.0336626645278648,-2.71107704254513,2.73966642754691,-1475000,2110000,-113.71926692808,40.7597899382393
347,-3.44714240563596,-6.08515450009909,-0.906728379606207,-0.387822905891765,-1.61122865520527,0.744080698616624,0.438669555195678,-2.04077568900041,3.08131346408429,-1375000,2110000,-112.542930205307,40.9198908281501
348,-3.29311938430092,-5.25496031510674,-1,-0.369308605617085,-0.955634814233161,0.12847186341528,1.48307524649117,-0.0628263306070826,3.27980329609311,-1275000,2110000,-111.36144948593,41.06909979067
349,-3.85050174315145,-5.83891293593415,-1.10924006629961,-0.411048968441362,-0.961911863884906,0.0705810873178868,0.242066260288416,-2.00553937635969,2.56233006298057,-1175000,2110000,-110.175158649969,41.2073448359788
350,-4.53619427452644,-6.78116802848909,-1.18886385064159,-0.51570251859734,-1.58302441355495,0.487999904371562,-0.380389650848675,-2.84644863073762,2.14559713940768,-1075000,2110000,-108.984400313954,41.3345568546214
351,-4.43452044499163,-6.97344468894647,-1.12169075280196,-0.504976143438971,-1.68724905584047,0.603349102707027,-0.243335677536391,-2.85697590563549,2.45861884165571,-975000,2110000,-107.789526802437,41.4506758964338
352,-4.21782936823929,-6.43315658132079,-1.09954366902003,-0.84888162475757,-1.6828058800192,-0.0572973036600543,-0.0976484559353537,-2.35267237628201,2.2948196411369,-875000,2110000,-106.59089321746,41.5556414409199
353,-4.07375360470261,-6.35497826594961,-1.06417594348275,0.221110505834073,-0.751902331373933,1.2619853994625,2.2187608595722,0.094946233003441,4.35331537209563,-775000,2110000,-105.388866783082,41.6494033927703
354,-4.33772481707519,-7.12798656938536,-1.04522194145716,-0.192648991981266,-1.34048659425953,0.91887148565458,0.689836689173042,-1.40796458784821,3.06210725748398,-675000,2110000,-104.183816639022,41.7319112061745
355,-4.4948204108336,-7.58821417435516,-1.0387446762872,-0.305104227611821,-1.7010155763007,1.03980604190002,0.0291463844465778,-2.78621631873568,3.018039433142,-575000,2110000,-102.976127108277,41.8031169696211
356,-4.60288246749957,-7.83207404462509,-1.03584905964142,-0.360776278389432,-1.8205266863252,1.0594247639318,-0.286706417884592,-3.31785755258068,2.8463289015,-475000,2110000,-101.766174148434,41.8629927325748
357,-4.71119569005462,-8.03449842475586,-1.03668180002344,-0.407242928657252,-1.91218353072531,1.05247152622379,-0.458572797122616,-3.64525583303643,2.77314533801265,-375000,2110000,-100.554346689676,41.911503280644
358,-4.8161620621919,-8.15174924766633,-1.03781286103765,-0.454709536303868,-1.97806357226406,1.00615633986662,-0.55900824599906,-3.79128018200657,2.7285385121662,-275000,2110000,-99.3410346863698,41.9486254730008
359,-4.9221727839151,-8.30328286791151,-1.04908916664262,-0.489560843791484,-1.99332574595505,0.952383681571506,-0.636800537760295,-3.91661865571053,2.66956977842239,-175000,2110000,-98.1266346638523,41.9743378408648
360,-5.01354564771728,-8.41474092615694,-1.05537950203254,-0.520126678611846,-1.98684399259412,0.885787946513607,-0.699288237926065,-3.99463850945124,2.61743138230084,-75000,2110000,-96.9115395157956,41.9886267304627
361,-5.09881960418487,-8.55172082720784,-1.05563254371717,-0.555813441022934,-2.10147194143671,0.9376127175163,-0.786813080902765,-4.12191848404906,2.49890844764052,25000,2110000,-95.6961446528039,41.991486078231
362,-5.15241783395892,-8.65022598281116,-1.0500373861582,-0.579405591653812,-2.20051890877379,0.961357290074124,-0.892222775509794,-4.24967448378426,2.38272226062216,125000,2110000,-94.4808485830904,41.9829135492977
363,-5.16986058553582,-8.63366313035569,-1.05161853570237,-0.605735135232778,-2.26161057010021,0.983323697218836,-1.00284896423583,-4.41155712905145,2.32256458371382,225000,2110000,-93.266052908834,41.9629091532816
364,-5.17261650958118,-8.65896162757026,-1.05197139204239,-0.626481086182892,-2.32365623599251,0.999031688400828,-1.12777316773524,-4.54810875516451,2.19259741997245,325000,2110000,-92.0521452789278,41.9314906325088
365,-5.15340157385059,-8.65034300115468,-1.05521025815291,-0.646629893226403,-2.36193364965818,1.00141509229702,-1.24474538156897,-4.69434216931232,2.12596701110552,425000,2110000,-90.839526788387,41.8886696516792
366,-5.11168510684489,-8.57823516038579,-1.05563627638094,-0.665467235748843,-2.40895576849465,1.00258802288213,-1.34578943919331,-4.85199886823995,2.02084858699622,525000,2110000,-89.6285889024042,41.8344717157659
367,-5.04924409390876,-8.53615333447104,-1.04386055533666,-0.67498379087967,-2.44317887565007,1.01202455739771,-1.43099564811425,-4.98770509083557,1.97789578668762,625000,2110000,-88.4197175457727,41.7689244091229
368,-4.96927700803084,-8.45149416403184,-1.03026179193324,-0.682067202200843,-2.45587110045977,1.01763498182272,-1.4713926674556,-5.0546460190781,1.9573343328488,725000,2110000,-87.2133024335968,41.692060123963
369,-4.87195719341118,-8.34500337654356,-1.02480789851703,-0.682400862292774,-2.46182821025776,1.04013468680344,-1.47422793790316,-5.10350135004728,1.96420897580877,825000,2110000,-86.0097184343607,41.6039223021239
370,-4.7666136951087,-8.26581422592624,-1.01536045011674,-0.685807345979716,-2.4915984097193,1.04884112209671,-1.44929299222408,-5.12634094587879,2.0225355046603,925000,2110000,-84.8093409789062,41.5045530421012
371,-4.64822262999894,-8.17203875690222,-1.0022679544988,-0.702679065042345,-2.53191907870495,1.03557805148635,-1.3786246704763,-5.112837861186,2.14602195612573,1025000,2110000,-83.6125428482249,41.3940018941463
372,-4.51729137620692,-8.04139623397617,-0.980750826466682,-0.728527209834998,-2.57244256317982,1.02459408879141,-1.26872323113289,-5.04550723716094,2.25781510293432,1125000,2110000,-82.4196830369011,41.2723284259948
373,-4.36724486931231,-7.91895760676067,-0.946814526459623,-0.78633802899115,-2.65718697810659,0.976857463742475,-1.14153758016065,-4.94543373809107,2.46138598033107,1225000,2110000,-81.2311182419823,41.1395912895322
374,-4.19799131376559,-7.68993316500823,-0.893941598546955,-0.842023123617118,-2.69020581379062,0.89418816636719,-1.02424737625964,-4.80589276576581,2.5695131327946,1325000,2110000,-80.047189593144,40.9958571056395
375,-4.03905206036533,-7.50160212950641,-0.834117250739998,-0.878331756643632,-2.72366915334273,0.828671010854403,-0.935316287722493,-4.7397896379658,2.68795068171943,1425000,2110000,-78.8682390611401,40.8411933649345
376,-3.84872903704305,-7.24917273640362,-0.734103348231971,-0.901331074301657,-2.71443640900591,0.766964740970691,-0.863088613801946,-4.6304388996031,2.67780496418622,1525000,2110000,-77.6945959284787,40.6756770333937
377,-3.60483022702348,-6.94986790917317,-0.580181783723101,-0.909000697380067,-2.72210247306988,0.749651461061359,-0.803421690084692,-4.54309265303993,2.72444134437853,1625000,2110000,-76.5265788372098,40.499384451219
378,-3.31934383391648,-6.6417960861961,-0.335268444891296,-0.904886962806208,-2.72008696451954,0.777040770524292,-0.761778030091349,-4.50111310195741,2.80350013547192,1725000,2110000,-75.3644980606552,40.3123952820703
379,-3.09657644386892,-6.58945284607939,0.0384888347986762,-0.903820633007889,-2.83621842441184,0.917276963569176,-0.742120620253872,-4.68461980982536,3.06314124318892,1825000,2110000,-74.2086542262029,40.114797506282
380,-4.07349683010431,-8.70675556754634,-0.0796126752586437,-0.0719256427622861,-2.32314033299372,2.09185431735727,-0.992810308992086,-5.77202240842021,3.66409203121596,-2375000,2010000,-123.690575175088,37.9883530050156
381,-4.08222534572288,-8.35615181506074,-0.406004777555589,-0.0765405755457169,-2.11008717231335,1.87724977657406,-0.989693154611065,-5.30688032502613,3.21439015859772,-2275000,2010000,-122.585745468367,38.239691350883
382,-4.09662891647793,-8.13266876309578,-0.609086511258678,-0.0803023952077059,-1.99887201559581,1.77317212185062,-0.977710104737428,-5.0481553181568,2.93538382154826,-2175000,2010000,-121.47348888451,38.4810169528956
383,-4.0924847622369,-7.91747512850271,-0.723561013021067,-0.0926587679600311,-1.92684645877503,1.6626957112185,-0.957283757115519,-4.80060399073814,2.7672715911747,-2075000,2010000,-120.354038648524,38.712245495553
384,-4.08493754648451,-7.77208257211742,-0.800894709664216,-0.110436709478462,-1.8513482405398,1.56938068057616,-0.930167390216527,-4.59879609327137,2.63992778461589,-1975000,2010000,-119.227631525795,38.9332683676049
385,-4.08231518027879,-7.64096839264449,-0.847156415093043,-0.141737353430011,-1.81438073703786,1.46474260853207,-0.898039648871655,-4.37572746489728,2.47953607620017,-1875000,2010000,-118.094522470213,39.1440086195691
386,-4.09458226698511,-7.50234303174767,-0.911951837857506,-0.187441868644761,-1.78335711661873,1.33643086195852,-0.871352435928902,-4.15042465958247,2.30622029866669,-1775000,2010000,-116.954982492597,39.3443817106297
387,-4.10343903477962,-7.35779116287979,-0.953361778552677,-0.247066742521831,-1.75775629729746,1.19836396317387,-0.829138084220334,-3.90409535018518,2.20152079268496,-1675000,2010000,-115.809282161801,39.5342958913394
388,-4.0195047447989,-7.17795546571364,-0.955693275782339,-0.259723766145701,-1.72458886602551,1.13425238943237,-0.548183838491681,-3.55361613814922,2.43117604230859,-1575000,2010000,-114.657709939626,39.7136684469224
389,-4.00318124897797,-7.00611446340991,-0.979176523157005,-0.330231874741849,-1.70047976259565,0.980154680978695,-0.321942652819427,-3.15004149822887,2.53091050154433,-1475000,2010000,-113.500564444049,39.8824215502567
390,-4.0623278441121,-6.77791166890132,-1.00458477934422,-0.493775260000403,-1.674063454064,0.537853183257444,-0.155396201859036,-2.44191725138424,2.07653931741954,-1375000,2010000,-112.338143945367,40.0404788793236
391,-3.56268021741252,-5.66580605527201,-1,-0.394911857135686,-1.13191551150456,0.384687192755475,1.33560958660232,-0.539389657588851,3.35764956975408,-1275000,2010000,-111.170764411934,40.18776930806
392,-3.95824971802998,-6.1316562546969,-1.14264055688812,-0.222224745408741,-1.00581794305185,0.712758525080863,0.721735774510054,-1.80669204069249,3.44502861577256,-1175000,2010000,-109.998749984575,40.3242257181423
393,-5.14395054158435,-7.45168798910624,-1.30557721169972,-0.479236224146415,-1.49053657923347,0.402862084616727,-0.393740855288795,-2.8706758031312,2.16982552724177,-1075000,2010000,-108.822429612141,40.4497773098035
394,-5.38565596553464,-7.78972617040303,-1.31588927342167,-0.334975364076905,-1.23892708675456,0.568792384316683,-0.169805164209092,-2.61657039392235,2.4523771335329,-975000,2010000,-107.642143820197,40.5643699474026
395,-3.89941727953249,-6.0719537823841,-1.03016622073658,-0.86838098601818,-1.5637871695947,-0.176905991042197,1.1515984757645,-0.885224044403761,3.5182587273814,-875000,2010000,-106.458235640887,40.6679518955742
396,-4.98282226209796,-7.54590513648678,-1.22021243868659,-0.581356965722012,-1.19979407289034,-0.0147858189340742,0.686588133584827,-0.863121816064383,2.43807425218355,-775000,2010000,-105.271059236609,40.7604693298299
397,-4.82225239099633,-7.86411280653346,-1.09186300344372,-0.384198071573549,-1.65691268313876,0.813718450784979,0.112909249878427,-2.43761751660731,2.88912360883706,-675000,2010000,-104.08097448227,40.8418772253529
398,-4.78176359767339,-7.97558947317692,-1.06646929686446,-0.353869582807508,-1.76498447446302,0.995933807132676,-0.203765388642613,-3.10393639123185,2.81431344677274,-575000,2010000,-102.888343292226,40.9121347144876
399,-4.79206166084453,-8.11768833691239,-1.05413045903645,-0.369085749477201,-1.8372219159436,1.05310786422335,-0.39863557886818,-3.47204555126461,2.77511809321724,-475000,2010000,-101.693534863631,40.9712072746865
400,-4.83169829400947,-8.20824306012756,-1.04528498340823,-0.399600623479914,-1.91908983604439,1.07550450842879,-0.527901711522937,-3.73634393252998,2.73636722963937,-375000,2010000,-100.496920670694,41.0190657809495
401,-4.87795083952911,-8.33658114376319,-1.04226281055892,-0.436405989800363,-1.99191498107424,1.06837080651668,-0.626212281368884,-3.92103104562636,2.6703502709826,-275000,2010000,-99.2988801756839,41.0556868237843
402,-4.94523442095392,-8.44257009156737,-1.04416892617318,-0.469509877433901,-2.02625919935912,1.03390544538417,-0.696505920862783,-4.02619394144094,2.67502585777802,-175000,2010000,-98.0997890019451,41.0810524766069
403,-5.00744922828443,-8.5261213274239,-1.04842778004311,-0.502831305024456,-2.08249021310678,1.02819801046237,-0.75579988400922,-4.14257914928206,2.61209712874889,-75000,2010000,-96.900029261422,41.0951476604923
404,-5.06389064116719,-8.5803093501613,-1.04601318269924,-0.53197672596876,-2.14783678582012,1.03512540225001,-0.830008181087926,-4.25542720742576,2.53712959301194,25000,2010000,-95.6999824523253,41.0979674220134
405,-5.09951084840571,-8.61975326158953,-1.04268676720789,-0.556531552454724,-2.21430349340231,1.04168484781467,-0.92387213375418,-4.33076243297815,2.44251534768237,125000,2010000,-94.5000225027118,41.0895118518794
406,-5.10970833624338,-8.61524398440629,-1.04074100453368,-0.582849943926238,-2.26990588362664,1.03222736767826,-1.01585162880561,-4.46784701171975,2.37994493953894,225000,2010000,-93.3005547598557,41.0697780913334
407,-5.10572292453104,-8.62563559838997,-1.03864222804138,-0.602904989537793,-2.31422341389759,1.04238604031315,-1.11389416582451,-4.5993477547369,2.28702916827965,325000,2010000,-92.1019394546199,41.0387822324557
408,-5.08015546682151,-8.57582162702131,-1.03783962209862,-0.620010427498942,-2.37285329044691,1.05577713479769,-1.20634520871186,-4.74208138568628,2.21908833041,425000,2010000,-90.9045686463151,40.9965395761819
409,-5.03572514695902,-8.55853780656115,-1.0338147708714,-0.639194893785243,-2.40999699926916,1.05826913267023,-1.27965873837426,-4.82146065013703,2.13465484412641,525000,2010000,-89.7088101887789,40.9430683142658
410,-4.97693664522433,-8.50842560469506,-1.0248938126896,-0.653501317494441,-2.43532386242006,1.06821743139898,-1.3374330062241,-4.93568106228148,2.12198151636268,625000,2010000,-88.5150437818865,40.8783975984254
411,-4.90365070858222,-8.46384089648467,-1.01640985530128,-0.667564212706981,-2.46973922563387,1.05942133283781,-1.35856003834319,-4.99368635057595,2.09619700682488,725000,2010000,-87.323639297194,40.8025615909423
412,-4.81812546757113,-8.39253018036184,-1.00801024890784,-0.678208090527945,-2.4935041060745,1.04874744133295,-1.35897997245368,-5.04887801472354,2.11414340653226,825000,2010000,-86.134963841458,40.7155940766201
413,-4.72860709410622,-8.2917028739162,-1.00071700564614,-0.688003492138166,-2.50150828350932,1.06782092084114,-1.33604998307674,-5.0576824014354,2.19179916771589,925000,2010000,-84.9493777694851,40.6175391591221
414,-4.61945786127082,-8.17511854135733,-0.985796940450766,-0.707158961801803,-2.529741721798,1.02763993184317,-1.28428244372238,-5.0451903532021,2.27773702216671,1025000,2010000,-83.7672382885002,40.5084429773383
415,-4.49832300629062,-8.05384050642188,-0.964421981156359,-0.733625654671568,-2.56846911622038,1.00928890411161,-1.21115257286557,-4.98386033399146,2.36489329535085,1125000,2010000,-82.5888945111626,40.3883613812353
416,-4.36159844861003,-7.92958567241396,-0.922007818491041,-0.770902300607878,-2.63485744663593,0.981452893668167,-1.12993154256566,-4.92330950490598,2.48305458737593,1225000,2010000,-81.4146844466061,40.2573492311621
417,-4.21794461308993,-7.76607497941703,-0.87911957595053,-0.808329439680641,-2.67869963446513,0.940091977740619,-1.04980403216366,-4.87334450089689,2.60725526839749,1325000,2010000,-80.2449461441666,40.1154701580989
418,-4.07137186289856,-7.6070106279694,-0.788816494430671,-0.836098892580096,-2.71218447365769,0.908853600682911,-0.980163087699409,-4.85548691794151,2.69106153537202,1425000,2010000,-79.0800084521777,39.9627891903775
419,-3.91042863194742,-7.45673323397564,-0.682506487453433,-0.855176461110273,-2.71264743278514,0.87690863686709,-0.920143857260834,-4.80919132456598,2.75429581148821,1525000,2010000,-77.9201832427106,39.7993758387588
420,-3.73923448222578,-7.31070587571323,-0.537090578440484,-0.866047215169651,-2.74637750552248,0.878382344176407,-0.872663243200682,-4.75873077300628,2.83806034607356,1625000,2010000,-76.7657864466883,39.6253048987876
421,-3.57035145078736,-7.15197265459704,-0.356856164289805,-0.873062999742492,-2.79421465385013,0.929341809081193,-0.840414124204454,-4.83400428739474,2.96699254536049,1725000,2010000,-75.6171147550378,39.4406542768368
422,-3.45326951698361,-7.30948874012775,-0.0096565590483702,-0.875615666793408,-2.95224793400979,1.09069516275463,-0.819762066853802,-5.08966559652087,3.2902159008364,1825000,2010000,-74.4744641371131,39.2455035256483
423,-4.09459957039091,-9.04669068565508,0.182232265207549,-0.0779323855444271,-2.5073603987401,2.26917021881508,-0.974026719716628,-6.11191351886206,4.0814622929826,-2375000,1910000,-123.364139802869,37.133237709461
424,-4.11883772826874,-8.44222951086261,-0.380702672831527,-0.0863919695948429,-2.1645335618871,1.91272998918433,-0.972552065462814,-5.33835089892678,3.31729208095803,-2275000,1910000,-122.270940439918,37.3817316655807
425,-4.13847255160384,-8.20718824439261,-0.57267885276414,-0.0941940955917708,-2.04344634967903,1.79012596155455,-0.968431747845749,-5.08637391216836,3.04921680129092,-2175000,1910000,-121.170556370058,37.6202990460882
426,-4.15019414394125,-8.00689742387048,-0.722972890146655,-0.102669611765155,-1.96275620371612,1.69989553309075,-0.950058911518068,-4.86984147794836,2.86307097199385,-2075000,1910000,-120.063216515436,37.8488565238208
427,-4.16458289491043,-7.8921853113342,-0.802655148997598,-0.116870318206342,-1.88622927213942,1.59860418969116,-0.923992036199332,-4.68804836922312,2.72193423904704,-1975000,1910000,-118.949164906707,38.0672969781992
428,-4.17580842028551,-7.78813197522314,-0.867396676683195,-0.139178634098319,-1.84231272570548,1.51244455961067,-0.890852837102163,-4.46891235915845,2.58541855013717,-1875000,1910000,-117.828634808273,38.2755478091655
429,-4.19880180351057,-7.67102795794866,-0.927763585955694,-0.171369890655721,-1.80928082474081,1.39418467369624,-0.851211833799323,-4.28582304822207,2.49992339051383,-1775000,1910000,-116.701898442097,38.4735261614019
430,-4.22255429749397,-7.58985583126955,-0.955334334913625,-0.203083479540304,-1.77398161972567,1.31422971737138,-0.783550640154117,-4.05798911462866,2.44191449940072,-1675000,1910000,-115.569216507636,38.6611511293628
431,-4.24465157199531,-7.51582769895321,-0.979412663171897,-0.223306305301045,-1.73575203702257,1.23629707836822,-0.661832096758566,-3.82377888976934,2.47685397055963,-1575000,1910000,-114.430864334256,38.8383413992471
432,-4.31124880946528,-7.4752827331907,-1.00309813205338,-0.255150730527669,-1.71874387086835,1.13387695058934,-0.538996577947466,-3.57708851007727,2.47410485291903,-1475000,1910000,-113.287134549627,39.0050231809484
433,-4.46515306182644,-7.46639606172426,-1.03272689589796,-0.267721845566372,-1.59505942379774,1.01527309786701,-0.443485935297095,-3.25250303989845,2.36593115458668,-1375000,1910000,-112.138316914213,39.1611262238652
434,-4.76019817151639,-7.40813149043343,-1.13866568983357,-0.140684174466778,-1.14386750498765,0.926455122170737,-0.380289065603279,-2.79061143266285,2.04649881472576,-1275000,1910000,-110.984716291787,39.3065802889194
435,-4.7702479950775,-7.53520666142363,-1.1461940177965,-0.240850939979926,-1.43169266304043,0.923534733829594,-0.267294039126186,-2.93984504972095,2.48052613123294,-1175000,1910000,-109.826648326472,39.4413270905346
436,-5.12733730595858,-7.83427484220375,-1.27659976077118,-0.436317397400155,-1.52065084921676,0.529502211836378,-0.511649629143089,-2.86340615504238,1.88639470345407,-1075000,1910000,-108.664425877166,39.5652914364816
437,-4.70858283375012,-7.04177999236211,-1.23637582205705,-0.564606126361706,-1.31712573337032,0.108363220427056,0.192140058312614,-1.82841555749494,2.3773730159146,-975000,1910000,-107.498379620196,39.6784269898166
438,-3.6347689880582,-5.9928569977944,-1,-0.527710050070965,-1.23973829899561,0.156666887483084,1.53795534568459,-1.18995147800147,4.50977600880607,-875000,1910000,-106.328849223869,39.7806861639027
439,-5.61597654907533,-8.77563434355569,-1.29529458894462,-0.56648329631112,-1.2879738829213,0.0115053468362978,-1.56354190753325,-3.37835993314688,0.354804609284988,-775000,1910000,-105.156164121953,39.8720145010301
440,-5.20384664082576,-8.48532149149418,-1.15156176313507,-0.407715646778861,-1.71229239234699,0.798141997597327,-0.711831658323282,-3.40874399877544,2.1004364147264,-675000,1910000,-103.980677204383,39.9523738001415
441,-5.03085046553061,-8.40433340272181,-1.08666201673356,-0.363631880466649,-1.80589669134136,1.00725180920407,-0.560976967236542,-3.5393642258638,2.49249983104303,-575000,1910000,-102.802738668306,40.0217208316808
442,-4.95698544032336,-8.37563987005446,-1.05751012978593,-0.37025120851469,-1.88734694152339,1.0824659136247,-0.577048499178133,-3.70897777013501,2.62317502808874,-475000,1910000,-101.622700582812,40.0800264655784
443,-4.94336922966787,-8.43224390602462,-1.04958755567292,-0.389714477071218,-1.95026572676474,1.10957208246789,-0.636608363794796,-3.88880519053767,2.65405329517389,-375000,1910000,-100.440924837769,40.1272612847441
444,-4.94554071715948,-8.45178421099458,-1.04201036295417,-0.417121616510881,-2.00680713713169,1.10845340093478,-0.699600650791166,-4.04269395723351,2.65550768320323,-275000,1910000,-99.2577747951668,40.1634055044929
445,-4.97384138602666,-8.50652366254449,-1.0418308875369,-0.450428664086784,-2.05903093740544,1.10360486958625,-0.760055527415039,-4.17353520467815,2.65786186111311,-175000,1910000,-98.0736130638335,40.1884389212326
446,-5.00850242271328,-8.5780819177627,-1.04156618462804,-0.482545749696664,-2.11895500657719,1.0987300419361,-0.810347714749044,-4.26847521757133,2.61461372436389,-75000,1910000,-96.8888070694395,40.2023503597627
447,-5.04181769003401,-8.60511407687284,-1.04228542987767,-0.512268809137398,-2.16884631179192,1.08622810748738,-0.867948530308333,-4.35414080571494,2.58204535061839,25000,1910000,-95.7037246441612,40.2051329417067
448,-5.0634087733739,-8.66947802606787,-1.03516579521996,-0.537710435274795,-2.24783926028565,1.0926132493651,-0.948521980438579,-4.43376295569238,2.4780144507078,125000,1910000,-94.5187325079532,40.1967870721733
449,-5.06690319540978,-8.63834854054933,-1.02624553362251,-0.562169661162108,-2.28063920395001,1.09059082111198,-1.03044433825551,-4.5793263465625,2.44941248292283,225000,1910000,-93.3342014057342,40.1773131918377
450,-5.05203451503885,-8.63653179719293,-1.02449651565458,-0.582721735427023,-2.3285504783811,1.1003320505493,-1.10425352053443,-4.70229363913675,2.36497478979685,325000,1910000,-92.1504974387415,40.1467208385896
451,-5.02036846163118,-8.58307978934428,-1.02405225605286,-0.601979294637733,-2.3672250975591,1.0812864642401,-1.17200947704149,-4.81622042975066,2.33667665372634,425000,1910000,-90.9679923341251,40.1050265786383
452,-4.97228438788931,-8.57504706244231,-1.01630927039525,-0.619573033860084,-2.40245977464681,1.08677645567642,-1.23428488592831,-4.88041327751734,2.26058115293124,525000,1910000,-89.787043447119,40.0522523996091
453,-4.92026507882252,-8.52704615338847,-1.01546292430059,-0.638512596428852,-2.44727709224628,1.08552524023689,-1.27421016528914,-4.93493191305454,2.20239643645003,625000,1910000,-88.6080093209986,39.9884213180666
454,-4.85537091653814,-8.48781396456921,-1.00719038602205,-0.655833651848314,-2.47764552889409,1.06781316023828,-1.28038173974299,-4.9687117111699,2.22653028183216,725000,1910000,-87.431250321447,39.913563387544
455,-4.78273319405915,-8.41600062841803,-0.997067322521051,-0.668575349577866,-2.50218893307768,1.07050829606438,-1.2737083994012,-4.98184587541498,2.25973252755001,825000,1910000,-86.2571201639262,39.8277180118406
456,-4.69995351399605,-8.32360023477009,-0.986817634825231,-0.679600321261926,-2.5289136520404,1.07175669427794,-1.25598831491284,-5.00969815388824,2.32040852014105,925000,1910000,-85.0859688685511,39.7309164528084
457,-4.59721288558813,-8.21950791936628,-0.966933717731283,-0.698905825660191,-2.55477307492251,1.0715711192179,-1.2208845306339,-5.01398464608515,2.3688431548192,1025000,1910000,-83.9181388324194,39.6232115518933
458,-4.48578546878922,-8.1092378806087,-0.94525199442731,-0.723869298915534,-2.58690905817232,1.05017241309525,-1.17108849580121,-4.96960090506215,2.42127083395549,1125000,1910000,-82.7539664461255,39.5046515597834
459,-4.36841556654347,-7.97419488746489,-0.903155052991909,-0.754228523844878,-2.62742533056835,1.01499462727757,-1.12146086255938,-4.94850573597373,2.52489031647519,1225000,1910000,-81.5937793077488,39.3752901198459
460,-4.24314415986796,-7.85801952544445,-0.8380238294884,-0.782799532477549,-2.68882806990933,0.993624894023547,-1.07294172009125,-4.95517865262742,2.61184225486474,1325000,1910000,-80.4379043381719,39.2351846493327
461,-4.11171344903068,-7.74271030197823,-0.763368596922014,-0.803367708474241,-2.71687416760403,0.978979223541152,-1.01795488390494,-4.94984879964466,2.69925716637925,1425000,1910000,-79.2866582266095,39.084399215757
462,-3.9847499321807,-7.64925537539794,-0.623910980339303,-0.821037189602515,-2.72398927969866,0.970680498303368,-0.967283904820282,-4.96425532059236,2.7915804093409,1525000,1910000,-78.1403458907661,38.9229990413948
463,-3.86615537019165,-7.61439358014953,-0.490823168323696,-0.835162359133519,-2.77073725227863,0.985916730957761,-0.928101932067489,-5.00389680232884,2.9199231834973,1625000,1910000,-76.9992644478365,38.751053696057
464,-3.76014988158496,-7.59764300926062,-0.346888973661649,-0.836500845532942,-2.84248650825363,1.05753042976992,-0.90007778662587,-5.08275898497825,3.08934930551296,1725000,1910000,-75.8637108585641,38.568638201777
465,-3.68957772132572,-7.78215206772617,-0.0393992607342934,-0.83935415013495,-3.02155459162602,1.23445875726774,-0.882577470822456,-5.37189122278375,3.42826919149728,1825000,1910000,-74.7339714696923,38.3758256984646
466,-4.17153686390069,-8.61596690758441,-0.242064762166582,-0.0951661932448473,-2.28456235390419,2.04951019888324,-0.9541345047534,-5.5714288764602,3.58166025147105,-2275000,1810000,-121.963316797246,36.5227297641207
467,-4.19444759211473,-8.30911774755822,-0.578865683164504,-0.1026795736073,-2.0969644975551,1.84292632463902,-0.949495223046748,-5.13390365695738,3.15538992434916,-2175000,1810000,-120.874579671004,36.7586500509818
468,-4.21728755381278,-8.14994429680992,-0.737483587806134,-0.110333450372868,-2.00466413167245,1.73629718691069,-0.935884846281644,-4.90282242853755,2.9475499956212,-2075000,1810000,-119.779122344335,36.9846443508705
469,-4.2371833149462,-8.03759273356913,-0.827434142446386,-0.118029860444658,-1.92766595020353,1.63571221768656,-0.920563906197251,-4.75363045619711,2.79455889230046,-1975000,1810000,-118.677173928102,37.2006086078164
470,-4.26790342433381,-7.93763707938571,-0.897218270379624,-0.13673944015796,-1.8867192084178,1.55093383822504,-0.898717734749875,-4.57809078721184,2.68723072855591,-1875000,1810000,-117.568969347457,37.4064704640047
471,-4.30314213148602,-7.86464970988517,-0.942952828503348,-0.153712688238229,-1.83543438795464,1.47479247795787,-0.857659665822418,-4.38922768710717,2.60178336918555,-1775000,1810000,-116.454763068425,37.602159059994
472,-4.35182044980291,-7.80968232256872,-0.970175069783333,-0.171767953789863,-1.81211130280103,1.40933761063829,-0.815435995112229,-4.22268121509468,2.53970007619955,-1675000,1810000,-115.334821629858,37.7875907063225
473,-4.42069206557244,-7.77822635535746,-0.993099550177699,-0.182129954429561,-1.7496699873016,1.33211483058645,-0.766160359469125,-4.07275737187452,2.51790534186703,-1575000,1810000,-114.209402997868,37.9626925335056
474,-4.53748328420097,-7.82833429777106,-1.01232047866409,-0.19470377648055,-1.69761068119221,1.26610817448245,-0.717336612670886,-3.91812743542955,2.458886897352,-1475000,1810000,-113.078793489228,38.1273911027606
475,-4.70628468625474,-7.93102758693519,-1.04508489162322,-0.177703950910232,-1.60639337068226,1.20850070808794,-0.699453243337188,-3.76757494008817,2.35992766051047,-1375000,1810000,-111.943272280348,38.281622014064
476,-4.9500643920467,-8.03355268903736,-1.0983562712319,-0.1361154761693,-1.46739081049997,1.16365069702028,-0.744637001693673,-3.66745264971307,2.15972839657015,-1275000,1810000,-110.803140045422,38.4253197327179
477,-5.23159073672057,-8.23702123992662,-1.17743070580414,-0.157355018555797,-1.41300636385861,1.08364256952037,-0.899541013304575,-3.72148852817526,1.90611628986773,-1175000,1810000,-109.658693064788,38.558423728445
478,-5.73730263177486,-8.41982234190154,-1.31522518090561,-0.243479832650211,-1.12879551748125,0.712764870853385,-1.31910345132379,-3.82585643911028,1.06443932405883,-1075000,1810000,-108.510246384219,38.6808734741312
479,-6.16879965564516,-8.79912285158295,-1.46577793202283,-0.628812212676296,-1.26088232917874,-0.01351540751668,-1.71861949960555,-3.92935988800427,0.415327018963025,-975000,1810000,-107.358107471698,38.7926179451893
480,-5.26949908477008,-8.19292160484042,-1.16380294515603,-0.505737677348065,-1.23049247999364,0.174365833962752,-0.832012379418604,-2.87505861114497,1.14350568167122,-875000,1810000,-106.202606631269,38.8936110471824
481,-5.67529461130705,-9.06144982705744,-1.22298675870416,-0.252307886984477,-0.888755594405132,0.320974792159548,-0.894674774680425,-2.70601657605391,1.04065443914541,-775000,1810000,-105.044072025927,38.9838054906408
482,-5.35093854194069,-8.73550593907777,-1.15028694397473,-0.314222484529906,-1.6213248766508,0.937916188912882,-0.837032216816316,-3.63070951858886,2.03352132410608,-675000,1810000,-103.882833972763,39.063159676498
483,-5.16857360549051,-8.59359704431444,-1.09413529575463,-0.331605959434329,-1.78997505567844,1.06688719819872,-0.753613272272369,-3.81864190966825,2.36102169985208,-575000,1810000,-102.719230463248,39.1316384707988
484,-5.07140742724667,-8.53768931941026,-1.06745426711771,-0.354977905852634,-1.88395500114286,1.11830244027189,-0.731121874095535,-3.92670450365649,2.48177679579525,-475000,1810000,-101.553605201575,39.1892102475581
485,-5.02621043566455,-8.56085891833073,-1.04899506466958,-0.380456801784576,-1.96200842776264,1.14318660421559,-0.74491889446071,-4.05718900829853,2.59138691137048,-375000,1810000,-100.386305270081,39.2358501161527
486,-4.99983799113165,-8.54269743437489,-1.0383422740152,-0.405826373159427,-2.01998388235229,1.1587959701137,-0.776838432035161,-4.17811489099514,2.61534280425567,-275000,1810000,-99.2176799101368,39.2715368784843
487,-5.00002556267952,-8.59628132118306,-1.03293824238365,-0.435941082873003,-2.06652567230341,1.14392153597219,-0.823477085384431,-4.30277993730235,2.65917668480716,-175000,1810000,-98.0480803590827,39.2962534340166
488,-5.01435666540981,-8.6708139851013,-1.03502404350584,-0.467437436068482,-2.12862288022823,1.13989315805628,-0.866081365084722,-4.38707670618525,2.61316864023068,-75000,1810000,-96.8778602753395,39.3099892385922
489,-5.02711828998699,-8.66665300529579,-1.03605080677165,-0.494831903943691,-2.2030747060682,1.13129694753893,-0.904859426788027,-4.44645338154279,2.58649795818997,25000,1810000,-95.7073739921315,39.312736656183
490,-5.03378895331354,-8.67592562348307,-1.02888297353226,-0.522199515815547,-2.25731512771069,1.13846855293392,-0.964090476665498,-4.51858832898974,2.53267870711618,125000,1810000,-94.536975812285,39.3044948614665
491,-5.02541921747624,-8.66179741388478,-1.01979042687242,-0.544289028099473,-2.30633521851573,1.13642895029547,-1.028563652322,-4.63901176877803,2.50749664875965,225000,1810000,-93.367019578954,39.2852677919423
492,-5.00765746865006,-8.62074129882374,-1.01649152286718,-0.563247089703544,-2.32915652803142,1.13724274164409,-1.08847158034139,-4.74611396136427,2.45235907426461,325000,1810000,-92.1978615363494,39.2550630413775
493,-4.97420417849077,-8.60316269634424,-1.00781196685913,-0.588220487348637,-2.36495203138161,1.12505219591427,-1.14537248110815,-4.83303268857537,2.4420059136035,425000,1810000,-91.0298572592328,39.2138964848205
494,-4.92677953339763,-8.56384895051271,-1.00587333653442,-0.608906036399542,-2.40878325343179,1.10663331099275,-1.18096023233888,-4.88743925743974,2.38768290868946,525000,1810000,-89.8633544742128,39.1617860665734
495,-4.87240742394121,-8.53707944984681,-1.00052543950155,-0.626184266888111,-2.45581557059273,1.10396495482713,-1.21602065015694,-4.91571958220697,2.35838496910149,625000,1810000,-88.6986950427581,39.0987594942317
496,-4.81626784478416,-8.48617507426995,-0.997680108771785,-0.643799699264427,-2.48659176232649,1.11562816425934,-1.221162212248,-4.93478440641064,2.34225461673952,725000,1810000,-87.5362327291951,39.0248355889654
497,-4.75198934761739,-8.4311904494275,-0.984402299005085,-0.658339633775861,-2.51379299453324,1.10426036938489,-1.22032868939888,-4.99661980918148,2.38273459633922,825000,1810000,-86.3763011353176,38.9400578804009
498,-4.67872433685527,-8.3555913638,-0.971467365140359,-0.670867927774622,-2.52311283592687,1.10931412371625,-1.20494907905113,-5.01056194667517,2.41548383305866,925000,1810000,-85.2192398083647,38.844460273732
499,-4.58282019572862,-8.26362510278315,-0.948231732194196,-0.689214336109711,-2.57307547587208,1.10524987914952,-1.18365202392417,-5.01986665845719,2.45550090225896,1025000,1810000,-84.0653801095545,38.738083711298
500,-4.4877491191927,-8.18046681781466,-0.912475894039128,-0.716784168276587,-2.61138141549103,1.08978409484951,-1.14814989682923,-5.00843871511016,2.4800927673968,1125000,1810000,-82.9150496017059,38.6209788255593
501,-4.38564487035494,-8.06074992937043,-0.871637479215403,-0.742087266568684,-2.64790646664668,1.08598656412158,-1.1075808134384,-5.02993781283616,2.59643237608518,1225000,1810000,-81.7685622955321,38.4931948041475
502,-4.2856229100673,-7.97977457236892,-0.811474687125486,-0.763705402297001,-2.68693770802767,1.06793890296579,-1.07572669207987,-4.99209968170807,2.62586584202627,1325000,1810000,-80.6262337606023,38.3547878664613
503,-4.17404712840145,-7.89222418467135,-0.74159959252013,-0.779394709426174,-2.73716138473954,1.04452448045668,-1.02863983082839,-5.03115851314187,2.77253794029584,1425000,1810000,-79.4883728759915,38.2058182537914
504,-4.06801210391871,-7.85375698982218,-0.624915449881307,-0.794207946439689,-2.75431109923728,1.06183596674301,-0.994895567078112,-5.13616496141195,2.89191068450638,1525000,1810000,-78.3552703640717,38.0463448601077
505,-3.97817369093371,-7.85949146929654,-0.485260934753474,-0.80672719485135,-2.80120119299284,1.09484066899155,-0.969378693069224,-5.18242244613008,2.98540912679336,1625000,1810000,-77.2272208587285,37.87643549677
506,-3.90333144927515,-7.88740537247295,-0.310371974534576,-0.811553770418152,-2.89643505168784,1.17164681768256,-0.953872492669645,-5.36485027918452,3.18419454902293,1725000,1810000,-76.1045034109448,37.6961609191856
507,-3.85524199134337,-8.13677465492877,-0.0397375536476386,-0.815375910832749,-3.04704009805372,1.32267044456065,-0.93191891336128,-5.6398404455561,3.53474067744578,1825000,1810000,-74.9873987742512,37.5055916781847
508,-4.20861330874206,-8.99070108134715,-0.00121541925784672,-0.103489325863749,-2.50398540090607,2.24568635308168,-0.936116673608007,-5.94902758441881,3.99571761570446,-2275000,1710000,-121.662638085093,35.6625308438152
509,-4.25243054269002,-8.42175573977293,-0.58367424693933,-0.108476645662793,-2.18328971475498,1.90790636967895,-0.930035159884808,-5.26259519559888,3.27823134987221,-2175000,1710000,-120.58533287474,35.8959078141616
510,-4.27964509696823,-8.28446488401223,-0.725858759966002,-0.111251550971206,-2.06020073060524,1.79093978947251,-0.92188662674724,-5.00276018121655,3.05509412156001,-2075000,1710000,-119.501521961124,36.1194344555924
511,-4.31932126491428,-8.18691223988041,-0.832394080424291,-0.12011064766851,-1.99614868707438,1.68480012630503,-0.919459506998438,-4.81998864142388,2.9050743678599,-1975000,1710000,-118.411436232228,36.3330276026651
512,-4.35715223300809,-8.07776190929879,-0.906626534403428,-0.132196541307306,-1.95530193194088,1.60873768581463,-0.906615702640082,-4.68996666177288,2.77903522797166,-1875000,1710000,-117.315303694894,36.5366063417174
513,-4.40267310731075,-8.02973439007928,-0.944299298445281,-0.13617769696609,-1.88374963785245,1.55482904075317,-0.885633683428811,-4.53955951762374,2.68195172551248,-1775000,1710000,-116.2133725082,36.7300989226248
514,-4.46710305693278,-8.03163355639657,-0.973444267640181,-0.142669886798216,-1.81686367751415,1.48700254861591,-0.868340910627158,-4.42675457522997,2.57395164512833,-1675000,1710000,-115.105896338569,36.9134261328976
515,-4.56194476944762,-8.03212984250594,-0.995606714968318,-0.148266367001992,-1.76820927571409,1.43002141526542,-0.855547424242455,-4.30173699325949,2.50767483626114,-1575000,1710000,-113.993137669056,37.086526449283
516,-4.69869041104449,-8.11213281755158,-1.01949695430335,-0.148847699535692,-1.70055875614226,1.36644366857607,-0.853225540400974,-4.21068651770271,2.45125088072904,-1475000,1710000,-112.875360805283,37.2493280291278
517,-4.87373347005358,-8.24184149827949,-1.04860742943911,-0.12161101171113,-1.62292475871369,1.33516018590327,-0.890323721353673,-4.10904819394123,2.30962098792521,-1375000,1710000,-111.752845455242,37.4017670620493
518,-5.12019688503006,-8.38717580145421,-1.09608611655435,-0.0727646114508389,-1.48603439698373,1.31140736794433,-1.00442110820716,-4.07630577701975,2.05167589989592,-1275000,1710000,-110.62587640612,37.5437825048112
519,-5.46210706083921,-8.6834560061526,-1.16810858369992,0.00745075893750929,-1.26758538848229,1.2788914251545,-1.26118831233591,-4.1869248406014,1.6079254870199,-1175000,1710000,-109.49474479043,37.6753176673013
520,-6.00052851816926,-9.09253252613619,-1.28838998622749,0.22077989693295,-0.491186222978513,1.06595882719036,-1.76945811814497,-4.36340138919959,0.579618569952763,-1075000,1710000,-108.359753418836,37.7963175306898
521,-5.59682199795965,-8.41133233017021,-1.2869740111389,-0.561460645132542,-1.1190869828653,0,-1.80766197993185,-4.33132652771074,0.430316877693722,-975000,1710000,-107.221201750999,37.906729199834
522,-5.27137585793471,-8.07787644451135,-1.26938301447573,-0.320868443454881,-1.09648588550095,0.466386823397691,-1.36975756844526,-3.89039246665697,1.00267860253333,-875000,1710000,-106.079403702253,38.0065108227328
523,-5.4400147283259,-8.72941472457112,-1.19908518062012,-0.234491314606363,-1.47178552488443,0.957543937220693,-1.11777243275043,-3.86533409789562,1.66352760591146,-775000,1710000,-104.934684147493,38.0956200471449
524,-5.33841809530742,-8.78419787476427,-1.14154978326477,-0.263927812967366,-1.65341232168788,1.08127355577178,-0.984004417675795,-3.97330412027729,2.0369034331685,-675000,1710000,-103.78735330854,38.1740155516912
525,-5.21921736940975,-8.70336952215252,-1.09046946885307,-0.297341052051769,-1.7879932698154,1.15016614724256,-0.894590342143189,-4.06197567277961,2.29550843946375,-575000,1710000,-102.637745435024,38.2416599587625
526,-5.12910836407875,-8.66458652449579,-1.05770741713782,-0.331142019807891,-1.89026974118697,1.19960203779063,-0.857933938578297,-4.14565517081912,2.45036913891388,-475000,1710000,-101.486185949486,38.2985307288224
527,-5.07123556662108,-8.64562031285205,-1.04865720200056,-0.364247322978595,-1.9687321542867,1.19659884452657,-0.842669714910349,-4.23028162420397,2.5668100670523,-375000,1710000,-100.333011826432,38.3446012177633
528,-5.0366957778584,-8.64447610058163,-1.03455798402762,-0.391993728242959,-2.04781051309984,1.21072906173405,-0.85808063245856,-4.34417035062041,2.60910546707838,-275000,1710000,-99.1785602223057,38.379851189393
529,-5.02610527741101,-8.6823733169846,-1.02900457053049,-0.421248894537533,-2.10859682185635,1.20728246388389,-0.878902202578893,-4.40893725237687,2.64877142305764,-175000,1710000,-98.0231689990501,38.4042651351409
530,-5.02110313228043,-8.68850770535443,-1.02869247429216,-0.454102582074212,-2.16676868583021,1.19806800516965,-0.905726823874438,-4.47112517709823,2.66261346469763,-75000,1710000,-96.8671796584544,38.4178319140735
531,-5.02175283596026,-8.70152726498808,-1.02037324545521,-0.480065487920557,-2.21381029485741,1.19325538149905,-0.94214398737381,-4.54237867699636,2.65303521256474,25000,1710000,-95.7109328012382,38.4205468639626
532,-5.01722904023327,-8.6870400132348,-1.02166472268471,-0.507294085594886,-2.26485967007854,1.18037005452181,-0.978946584721549,-4.60168836287834,2.61762484098043,125000,1710000,-94.5547730329334,38.4124052219911
533,-5.00336214673493,-8.70692385819914,-1.01391065542,-0.527540549583505,-2.32047230000252,1.19498927511975,-1.03264167187773,-4.68951393318058,2.57569221205657,225000,1710000,-93.3990396329599,38.3934131075646
534,-4.97744383936525,-8.69007931401219,-1.00861478461384,-0.550592374365473,-2.34080675211609,1.17197311394166,-1.07776314684545,-4.79396748641363,2.53360980475819,325000,1710000,-92.2440747815653,38.363578337748
535,-4.9390360653649,-8.62628614764259,-1.00341022432294,-0.57463977218934,-2.38350154077635,1.1811712102926,-1.11935396185076,-4.8644866725492,2.5250874448249,425000,1710000,-91.0902207445828,38.3229155180324
536,-4.89032522093298,-8.54616057211339,-0.997662182542144,-0.599275107030227,-2.44718189175718,1.1640603461902,-1.15502403039949,-4.89230267800098,2.45771557674744,525000,1710000,-89.937814287283,38.2714405142085
537,-4.84924039290325,-8.55578353250542,-0.99153640854623,-0.617776224524181,-2.47448811714815,1.14875953803569,-1.17825875309637,-4.92651934165131,2.47059584882131,625000,1710000,-88.7871865883385,38.2091795679962
538,-4.79490818297355,-8.54183131203783,-0.981329664712425,-0.63598198241704,-2.52417482506202,1.14925927810375,-1.17616624091936,-4.93004329513004,2.47158825878441,725000,1710000,-87.6386757528329,38.1361525051646
539,-4.74465563945897,-8.51014904516311,-0.974703132761753,-0.651125697590744,-2.52896031054169,1.15008730391071,-1.17803403045846,-4.9635689067883,2.46979212635008,825000,1710000,-86.4926073540341,38.0523977996748
540,-4.66675596865198,-8.41374365943845,-0.945990796669898,-0.665019912570611,-2.54642697540123,1.15512251582741,-1.16489527580171,-5.0210801994017,2.46908513599484,925000,1710000,-85.3493065114026,37.9579486932014
541,-4.58349773363867,-8.34663646929106,-0.918936636018789,-0.685649844250296,-2.58010596287618,1.13499764814292,-1.1522079357645,-5.04113088427394,2.53176425544473,1025000,1710000,-84.2090954411049,37.8528455052283
542,-4.49973678558782,-8.23725056588212,-0.880923790788115,-0.708289278327244,-2.62195825249949,1.13684687589175,-1.13241690500823,-5.07092388814736,2.55220221948975,1125000,1710000,-83.0722855019255,37.737133194436
543,-4.41925317675766,-8.18724280190645,-0.830744428313497,-0.730536474446894,-2.65246124688918,1.12855727087963,-1.10343627361332,-5.0805048070639,2.62507594678417,1225000,1710000,-81.9391860941472,37.6108595901945
544,-4.32980550655457,-8.10384723340332,-0.763033890262601,-0.745791115373557,-2.70494574787511,1.11647775116278,-1.06775773130866,-5.11971149990383,2.73154744594471,1325000,1710000,-80.8100992716109,37.474078655353
545,-4.23313918560623,-8.10562720055476,-0.685713339998726,-0.762667410332794,-2.76120445601499,1.11685610679517,-1.03851190281762,-5.15053159446331,2.83338510087427,1425000,1710000,-79.6853184209332,37.3268448504166
546,-4.14331476674437,-8.04463086187858,-0.587554325502854,-0.776356625367421,-2.79983061667385,1.14591785228882,-1.00994316229806,-5.22932450509209,2.94908214814818,1525000,1710000,-78.5651377299824,37.1692169128821
547,-4.07255901899984,-8.0514134297873,-0.451291779656952,-0.786076888706566,-2.85613829299948,1.17676184653059,-0.997732921342,-5.34556677453319,3.07385449133045,1625000,1710000,-77.4498330833081,37.0012570112371
548,-4.0127452970942,-8.13245713618225,-0.277209071803838,-0.793806594070044,-2.95359933482576,1.26865569802878,-0.987017079573613,-5.52182062910597,3.27387513047672,1725000,1710000,-76.3396773005736,36.8230338616193
549,-3.9773601766039,-8.38425924507331,-0.0165718598820226,-0.797177829351872,-3.1369377308693,1.41912213616283,-0.978065611330596,-5.90814340872037,3.63927062860787,1825000,1710000,-75.2349523677552,36.6346159610231
550,-4.32790147586551,-8.70870201109805,-0.423945493776042,-0.109953299084937,-2.29440795755595,2.0160472733256,-0.921180894890839,-5.5323985832166,3.54403006006671,-2175000,1610000,-120.302590776607,35.0319080612148
551,-4.34894874786816,-8.47109145631819,-0.686059466589732,-0.112948760166974,-2.14606455975403,1.8594436374295,-0.927808977426794,-5.21243342489025,3.19730517053719,-2075000,1610000,-119.230199494328,35.253077098854
552,-4.3867478263307,-8.32700099840767,-0.814839297724285,-0.116604864704436,-2.06680410504314,1.75329023706823,-0.925439826632953,-4.99977900537462,2.99531878692269,-1975000,1610000,-118.151738936509,35.4643909262371
553,-4.43091314029188,-8.25861006061607,-0.897758318340873,-0.124417845006378,-2.00091031965806,1.68968267641341,-0.920895704564736,-4.82322327556549,2.86533086761544,-1875000,1610000,-117.067438641068,35.6657758068516
554,-4.48553269343322,-8.2016252310865,-0.942057691866661,-0.119858090328431,-1.91060363265164,1.63344674968195,-0.916549019383712,-4.71769954963924,2.75476101884625,-1775000,1610000,-115.9775300731,35.8571589949447
555,-4.56350091553961,-8.21485706722518,-0.97143301531595,-0.117648942709794,-1.84853755930718,1.57966665725627,-0.91284581334189,-4.61020955190759,2.63143762071108,-1675000,1610000,-114.882266614617,36.0384807480857
556,-4.66429409979041,-8.25719650140153,-0.994873736322623,-0.120199337462265,-1.7951274458262,1.50694816954124,-0.924726644405642,-4.49063927870106,2.54176473576466,-1575000,1610000,-113.781889418405,36.209661329931
557,-4.79849811783293,-8.34449105049488,-1.01990583245981,-0.113354901577216,-1.72238291022834,1.44483758784822,-0.947554429327005,-4.44456755342441,2.42299925801718,-1475000,1610000,-112.676670132679,36.3706439340947
558,-4.97048607807453,-8.47970595169968,-1.04482303243781,-0.0883493606928833,-1.63618554561332,1.42409065648479,-1.00715945303746,-4.36563327659888,2.2538514119644,-1375000,1610000,-111.566874236892,36.5213650906732
559,-5.1896121118023,-8.63177359663443,-1.08921689983049,-0.0439342320487277,-1.50803501066334,1.40005787029823,-1.13798153828755,-4.36612994689532,2.00296271355335,-1275000,1610000,-110.452777127526,36.6617694629001
560,-5.4844411106173,-8.85055874267166,-1.14213512770862,0.0358896915614385,-1.30621445311903,1.37238893421326,-1.36791160090104,-4.34989557855669,1.56701156349007,-1175000,1610000,-109.33466178757,36.7918036274834
561,-5.89748318642313,-9.09705947418361,-1.24996903188511,0.163948852883419,-0.849997075941508,1.18454575388422,-1.75147365435107,-3.98835153114356,0.450279646040322,-1075000,1610000,-108.212816832847,36.9114129398742
562,-6.15645227695709,-9.2640273642877,-1.33109143865067,0.391221514190497,-0.374480891711464,1.29095223336564,-1.83483827627277,-4.56132393881652,0.670288659264911,-975000,1610000,-107.087542286182,37.0205493451879
563,-5.64620183265846,-8.72491685092195,-1.29578919329707,0.115663823683168,-0.757798898936787,1.15378422900685,-1.43548973009697,-4.3554503629226,1.40354491641393,-875000,1610000,-105.959132755568,37.119170536019
564,-5.46613648452691,-8.83163131814842,-1.18611901862802,-0.105548795206744,-1.43975257042621,1.20335015048398,-1.21986413925432,-4.26459005099963,1.80212159216345,-775000,1610000,-104.827902891441,37.2072367968329
565,-5.34556389373328,-8.84056090349421,-1.12554585647401,-0.205378843309001,-1.67828164133732,1.21760485573861,-1.08039450301457,-4.25708111143935,2.08825992036328,-675000,1610000,-103.694155486083,37.2847171399654
566,-5.24644491651723,-8.80870216167315,-1.08358915164857,-0.264839470737654,-1.81651988619341,1.2387863444357,-0.993582414304395,-4.29056081741876,2.27114809758359,-575000,1610000,-102.558210832804,37.3515676833009
567,-5.16645696450922,-8.76801485540643,-1.05950366611182,-0.311375568494358,-1.93098730204109,1.25380151098758,-0.954152210629879,-4.34707756919841,2.41227209032493,-475000,1610000,-101.420382928987,37.4077669518579
568,-5.10999687993157,-8.74412776574217,-1.03931772285992,-0.348982633284753,-1.99724221568268,1.25284995588743,-0.93363812830889,-4.4043429897579,2.5327080945902,-375000,1610000,-100.280996301427,37.4532960064895
569,-5.07237218417057,-8.72726165802372,-1.03288522617175,-0.380318455823475,-2.06157786604873,1.24814264042803,-0.92908063407763,-4.42605176403941,2.61350586246043,-275000,1610000,-99.1403803655908,37.488127794232
570,-5.04114644019404,-8.72645288033378,-1.02370430717705,-0.410877995745992,-2.1243658754786,1.25499876809649,-0.929385054909907,-4.50172559490859,2.63958044646149,-175000,1610000,-97.9988566265981,37.5122514357631
571,-5.02798020925277,-8.74914399695907,-1.01576830583885,-0.442112359352273,-2.19215310819545,1.21886792693387,-0.934184606643311,-4.54111823853106,2.6804459637934,-75000,1610000,-96.856758037379,37.5256561411825
572,-5.0178324246691,-8.73546805656028,-1.01312843303334,-0.471661683770991,-2.2575847399522,1.22561220824681,-0.959996546392693,-4.63726248654352,2.66420203678049,25000,1610000,-95.7144128201398,37.5283384001339
573,-4.99983582121995,-8.69177058576932,-1.00704448052629,-0.495295117007571,-2.28543100882296,1.22978658913605,-0.99543714342914,-4.64990876535151,2.65279891450659,125000,1610000,-94.5721440592926,37.5202937895389
574,-4.98061925795934,-8.692336073516,-1.00704717368771,-0.516239487079103,-2.32093827247663,1.24291392888354,-1.02677728475984,-4.73798454608448,2.62175870681325,225000,1610000,-93.4302899326995,37.5015272369665
575,-4.9541669738715,-8.69861117091755,-0.998579504879002,-0.543590672161103,-2.3599955886204,1.20040794807037,-1.06267466645902,-4.79410109661708,2.5953532073603,325000,1610000,-92.2891787158639,37.472046992223
576,-4.91373269216833,-8.64855100829768,-0.988212704228155,-0.565183415842387,-2.40137745218931,1.22210822248707,-1.09775617427833,-4.86251278720321,2.60404926431292,425000,1610000,-91.1491373682446,37.431866867467
577,-4.85940621496079,-8.62194305494148,-0.985505707530263,-0.588476188752964,-2.43610653813247,1.21340136604901,-1.1264521311373,-4.92299332172446,2.55008546594598,525000,1610000,-90.0104907932009,37.3809994378495
578,-4.82418254065402,-8.56587525185854,-0.978576104159587,-0.61001018061362,-2.4879555713263,1.21769425080645,-1.14443751597757,-4.92518751136473,2.56642712271879,625000,1610000,-88.8735629644813,37.3194699063328
579,-4.778511278663,-8.54864426192145,-0.966134335432416,-0.624722691766997,-2.51165987502874,1.21518432761727,-1.1506806144436,-4.9840710385509,2.55484164937195,725000,1610000,-87.7386760931953,37.2473004911942
580,-4.73170722258156,-8.52895702208145,-0.950607114305251,-0.642950435892102,-2.53066117943754,1.19249227504089,-1.14191190939179,-5.03919457909522,2.59123813704643,825000,1610000,-86.6061456296575,37.164524450563
581,-4.6648086625317,-8.46743829439768,-0.920637740541878,-0.655919222163431,-2.54080241265998,1.19385319577762,-1.12927125979495,-5.06193080917293,2.62796542340368,925000,1610000,-85.4762862507707,37.0711745439806
582,-4.58749619272378,-8.39486477508316,-0.884684968716492,-0.676807570653952,-2.59712984969807,1.17529260446426,-1.12165136366909,-5.10475264554494,2.60568687659186,1025000,1610000,-84.3494084272059,36.9672917375404
583,-4.5146925843925,-8.33919312606508,-0.844852767363754,-0.696750436282687,-2.63338022543224,1.16607520661471,-1.10555640867934,-5.12837998492217,2.65969498450916,1125000,1610000,-83.2258116661339,36.8529122762995
584,-4.44415035565898,-8.30484779922194,-0.795172052910912,-0.71198646150782,-2.68266187449151,1.16954632115412,-1.09434043910864,-5.19528033681493,2.74333302341302,1225000,1610000,-82.1057962855944,36.7280855142713
585,-4.3728706733696,-8.21795195644046,-0.718752648659341,-0.726565228567109,-2.73332060287838,1.19651567854503,-1.07869834972515,-5.21362079150432,2.80252397705142,1325000,1610000,-80.9896553568726,36.5928588630763
586,-4.29095643939821,-8.22931407202947,-0.645484316569168,-0.742910018502835,-2.79579732438932,1.19567490860482,-1.04997043986545,-5.23996575749507,2.88306118715957,1425000,1610000,-79.8776732937981,36.4472883764282
587,-4.2166673022898,-8.22787933066046,-0.54171650244817,-0.761107374565766,-2.84383429552092,1.21817505840123,-1.03490428186261,-5.33961421492622,3.00880619067718,1525000,1610000,-78.7701306682196,36.2914295214887
588,-4.1519907016551,-8.25620691919449,-0.403327917615407,-0.770676543225502,-2.90743763710997,1.25203049874749,-1.0104506741248,-5.48103454545093,3.20241859518786,1625000,1610000,-77.6673005161407,36.1253403081565
589,-4.09915596268691,-8.39124929089334,-0.218468694263515,-0.780634519954889,-3.00843625957722,1.33666959849934,-1.00867781632189,-5.71909297228212,3.4137557734299,1725000,1610000,-76.569445967277,35.9490790398563
590,-4.05940231622846,-8.68800214048365,0.0868190405905997,-0.786574364813965,-3.21487694157972,1.51085347651907,-1.00035221728344,-6.13573613155726,3.84691491543895,1825000,1610000,-75.4768283533307,35.7627187035339
591,-4.38146882580666,-8.96385975384892,-0.268345129505131,-0.107983351219703,-2.40681453495741,2.12901254232355,-0.923408459515238,-5.78709991276444,3.82223985221662,-2175000,1510000,-120.02613654133,34.1664962429658
592,-4.40418055577559,-8.64858630589704,-0.579536868397411,-0.109956745943994,-2.22330287734661,1.92789567400943,-0.938324643081341,-5.39255826852898,3.37579317387476,-2075000,1510000,-118.964949047009,34.3854061396851
593,-4.44123408795412,-8.49221521234835,-0.781347586577659,-0.112800915957168,-2.12263295407029,1.83494283177005,-0.940759862611084,-5.15762626119153,3.14955720369002,-1975000,1510000,-117.897888054186,34.5945337015146
594,-4.49158460123272,-8.40531560710497,-0.885166571281385,-0.115421694690307,-2.04693277878116,1.7451918441406,-0.945009701266055,-5.00177108124032,2.99574704556453,-1875000,1510000,-116.825177471489,34.7938141247035
595,-4.55614891280441,-8.37184464072008,-0.931288222673553,-0.114978441205854,-1.96049145585041,1.68681996594997,-0.953025576113315,-4.89533632541974,2.82902548647647,-1775000,1510000,-115.747047988938,34.9831808868647
596,-4.6333918872201,-8.37875624314808,-0.969195700107815,-0.108791522142975,-1.88400292489276,1.64231231206573,-0.957247866136054,-4.77094608127959,2.76436349400718,-1675000,1510000,-114.663736271027,35.1625657203732
597,-4.73417207395419,-8.42726978062856,-0.995425414016384,-0.105392406712961,-1.82184670384271,1.57588922073091,-0.970383630723974,-4.70464450709163,2.6548376452828,-1575000,1510000,-113.575486327155,35.3319114580904
598,-4.85543801099523,-8.48832672327313,-1.01553559567047,-0.0955544675485238,-1.745467645373,1.53750611465128,-1.0121745649338,-4.57178866828416,2.49751632986507,-1475000,1510000,-112.482556777768,35.4911508855669
599,-5.01058160586546,-8.62846942940026,-1.03677020446265,-0.0734191613631931,-1.65024827567122,1.49341478437993,-1.08360504653101,-4.53516126671199,2.31501963524891,-1375000,1510000,-111.385204137064,35.6402291144279
600,-5.19545007623326,-8.71638851026602,-1.06578033320971,-0.0377813487808964,-1.58344910066795,1.48613674401157,-1.18631464773729,-4.50908286150537,2.08076435512474,-1275000,1510000,-110.283695559501,35.7790906685353
601,-5.39416089239556,-8.88712289231476,-1.11238931604839,0.0162765589034513,-1.44324285685825,1.45543149608417,-1.3331084559563,-4.50631449122983,1.80314528014076,-1175000,1510000,-109.178307857342,35.9076846356341
602,-5.60073619874834,-9.0474595903744,-1.16946073550797,0.0770645334341751,-1.27893520194569,1.43687299703945,-1.49953281547321,-4.51051606575218,1.48439991279788,-1075000,1510000,-108.069316837298,36.0259633119086
603,-5.69305395651689,-9.13872802089403,-1.21048310678482,0.126798898997992,-1.18149065547021,1.45225403231807,-1.5239950360571,-4.60650031431111,1.47156091254104,-975000,1510000,-106.957014864548,36.133879337387
604,-5.55030880781323,-8.99554847305047,-1.17898456696889,0.0268640503040089,-1.32457811488587,1.38612357676283,-1.37974760456746,-4.53074604425286,1.73202114759218,-875000,1510000,-105.841689149214,36.2313911468949
605,-5.42615682987527,-8.9671647931374,-1.14500103818922,-0.0912121039412253,-1.56318138785592,1.35035755169851,-1.24354190883828,-4.49065746616052,1.96738431361786,-775000,1510000,-104.723636010913,36.3184629216187
606,-5.32588968241056,-8.9203804208118,-1.10000229530972,-0.176009605814399,-1.72388944906154,1.33480238799368,-1.12652943351736,-4.44329408412342,2.15631696940035,-675000,1510000,-103.603156184361,36.3950594861517
607,-5.24232164803636,-8.90468843439258,-1.06574004088616,-0.240955054374087,-1.83191232566897,1.32738721438765,-1.05442212522461,-4.45514991261392,2.29612063928131,-575000,1510000,-102.480554240713,36.4611501488424
608,-5.1754445735284,-8.84490282979122,-1.04613399845224,-0.290560732626217,-1.93103060956419,1.31503955970589,-1.0091856721771,-4.46949499545325,2.41922368177109,-475000,1510000,-101.356139402595,36.5167115383577
609,-5.12421317427972,-8.82739330443913,-1.03452385698072,-0.337565115600962,-2.01462533113908,1.29919021399166,-0.98998918166316,-4.55327987068391,2.52514733860112,-375000,1510000,-100.230217342821,36.5617170529393
610,-5.09229780840657,-8.82126834475884,-1.0306287777416,-0.370533398219443,-2.06874016428659,1.3156608160755,-0.976560691357767,-4.59162490705697,2.57828753886758,-275000,1510000,-99.1031081466468,36.5961508838878
611,-5.06181329596346,-8.82978449908558,-1.0165917759759,-0.403875627251493,-2.15087539838001,1.29516555699373,-0.964837222806841,-4.631665902881,2.66000883579069,-175000,1510000,-97.97512382986,36.6199978976237
612,-5.038351145645,-8.80269134926017,-1.01114936074271,-0.432898823585373,-2.21121462736455,1.27031134961291,-0.969809302652746,-4.687715039098,2.69077600699953,-75000,1510000,-96.8465832366941,36.6332474968347
613,-5.01319211939106,-8.76089655655908,-1.00529523374377,-0.460691287840203,-2.27054731186966,1.26965113966136,-0.982715610685879,-4.69374856644433,2.68111407655174,25000,1510000,-95.7178054313627,36.6358950864565
614,-4.98504083584231,-8.72376539717309,-1.00163847994537,-0.483825560131651,-2.31548075020817,1.26947810057558,-1.0098700075881,-4.75361256752078,2.69530562831924,125000,1510000,-94.5890993693622,36.6279457447866
615,-4.96457706185813,-8.73627626021102,-0.996868062361956,-0.510217199126753,-2.32833971337997,1.26817440997777,-1.02945700322488,-4.78330198270579,2.68509848745225,225000,1510000,-93.4607988549087,36.6093969291428
616,-4.93314623721528,-8.71797272908739,-0.992502408804136,-0.534936318046257,-2.37480425993219,1.2549259057169,-1.05414702678547,-4.85213812478671,2.67074729525204,325000,1510000,-92.3332113962127,36.5802555949369
617,-4.89518177730143,-8.69227417506216,-0.985234407088746,-0.557754366447546,-2.39957193720151,1.24447252218373,-1.08027810003475,-4.87775334827776,2.66180592435111,425000,1510000,-91.2066571253456,36.5405345975734
618,-4.84012157003312,-8.6417766967389,-0.976248873221592,-0.579396196614479,-2.44924420537312,1.25513433079262,-1.10995679257242,-4.95787665681939,2.61359043816641,525000,1510000,-90.0814490964747,36.490251352068
619,-4.81074599274258,-8.60319569820201,-0.961545341204338,-0.602769279348845,-2.48809553607846,1.25375407434873,-1.11823530358624,-4.96901834757906,2.64075903773439,625000,1510000,-88.9579002873176,36.4294205043187
620,-4.76339120673705,-8.61921180562246,-0.944392785346413,-0.619781128148313,-2.50568651984551,1.24280239759692,-1.12333729262787,-5.0272301618336,2.62924425289431,725000,1510000,-87.8363208121425,36.3580733327893
621,-4.71123649289203,-8.58197146044111,-0.909832243576061,-0.632950216141555,-2.54011738441978,1.22030986083374,-1.11512578961945,-5.05658589246309,2.66515061091741,825000,1510000,-86.7170145279256,36.2762347558494
622,-4.65245437581817,-8.52832498909995,-0.890102272383907,-0.648537708478014,-2.55946126805508,1.23085002025711,-1.10895143898475,-5.09120413376177,2.67970969555643,925000,1510000,-85.600287763351,36.1839370134053
623,-4.58902561180249,-8.47896869827764,-0.84815960339354,-0.66766465157835,-2.61605810394386,1.22112424521353,-1.10358788864735,-5.12859371974986,2.70545815968816,1025000,1510000,-84.4864366967876,36.081218143254
624,-4.52273501866999,-8.44757783644123,-0.803203817186093,-0.684318036661881,-2.66243245338542,1.21579569617776,-1.10715428185882,-5.20540246938547,2.72898995022662,1125000,1510000,-83.3757543007893,35.9681156892377
625,-4.46893404705093,-8.38807510809039,-0.766643779460471,-0.700871255031268,-2.70649315078467,1.22696671473553,-1.10004037742699,-5.25416356712279,2.80631316153271,1225000,1510000,-82.2685305541749,35.8446742725125
626,-4.41120446523382,-8.37660486772515,-0.695257949880953,-0.716278280103419,-2.75801334983596,1.24487729969259,-1.08879463763134,-5.30532579448048,2.87282533801751,1325000,1510000,-81.1650469273391,35.7109377876521
627,-4.34084570135896,-8.3573553024787,-0.617256549746069,-0.729361225719259,-2.81051952868152,1.25640159738713,-1.07145975393317,-5.34823963613572,2.99015421691763,1425000,1510000,-80.0655817732434,35.5669609294259
628,-4.27476232773375,-8.3582143430358,-0.499897533195353,-0.743521481639558,-2.89623342766667,1.28934224862112,-1.05074756900015,-5.42421432779699,3.13592572059705,1525000,1510000,-78.9704081276645,35.412796109555
629,-4.21787482159011,-8.47176569855373,-0.335491331770228,-0.756531945529714,-2.98047292700593,1.33038630652287,-1.03814870421924,-5.57852160399694,3.30918684758645,1625000,1510000,-77.8797851380037,35.2484958376365
630,-4.16008671382894,-8.62920204117,-0.145939113165117,-0.768663809114658,-3.10409240210901,1.43259236939471,-1.0335743096388,-5.87405509843629,3.58251359875123,1725000,1510000,-76.7939731044321,35.0741222988729
631,-4.10865817936008,-9.12297328514258,0.315944728981684,-0.779454404063945,-3.39606101427652,1.7141603573484,-1.01504910839265,-6.53791420716093,4.25829209369191,1825000,1510000,-75.7132230142061,34.8897383052878
632,-4.40914455667188,-9.35581700386607,0.00480784191693305,-0.107814662031078,-2.60396456490161,2.33777011062292,-0.924363018693188,-6.22490816618922,4.25639475815241,-2175000,1410000,-119.755767711857,33.2995266771737
633,-4.4475911426845,-8.87654646526439,-0.489985828189396,-0.104701998130593,-2.30299599629624,2.05342792996711,-0.937533168988757,-5.64601845169524,3.61287082156501,-2075000,1410000,-118.705572132918,33.516262079008
634,-4.48682308350939,-8.71496357931913,-0.711974630727256,-0.105931494086566,-2.18647573241042,1.92629002732819,-0.951588093172268,-5.40630148813681,3.32401916661904,-1975000,1410000,-117.649689716217,33.7232936288822
635,-4.54446181374394,-8.6024015166809,-0.855175286140616,-0.10904081619589,-2.08837284483945,1.82332128580585,-0.97059336635444,-5.23111950105141,3.10511983800608,-1875000,1410000,-116.588339544561,33.9205553561383
636,-4.61855563006018,-8.53482076268967,-0.923265288783527,-0.106540967735126,-1.99854447385675,1.75231421854216,-0.98576164924954,-5.06794209102984,2.96457300225394,-1775000,1410000,-115.521748159785,34.1079848738004
637,-4.69314609569846,-8.56059914093373,-0.96904120801366,-0.101019317042985,-1.92141094796227,1.69078935925659,-0.993077791892127,-4.95322227535461,2.84811041541804,-1675000,1410000,-114.4501433785,34.2855219466443
638,-4.78072998785762,-8.53545170752365,-0.991400024223195,-0.0960808481661304,-1.86791901826513,1.64054587039525,-1.0174826854937,-4.84803631007293,2.7121193704683,-1575000,1410000,-113.373766698282,34.4531033661059
639,-4.89270587334111,-8.61496034515778,-1.00553331684892,-0.0883309772261234,-1.8048645940744,1.6071408780666,-1.05346924653122,-4.75085971215685,2.58061087459009,-1475000,1410000,-112.292865879915,34.6106732761876
640,-5.02165735772138,-8.71744967037645,-1.02928616229349,-0.071815929203007,-1.73527219210651,1.570253320353,-1.12079582162288,-4.66728668013054,2.38314800387706,-1375000,1410000,-111.207687031943,34.7581768218737
641,-5.16646210243962,-8.82408336896622,-1.05335075444511,-0.0467688693650804,-1.68065617143749,1.56702196016207,-1.19149014957802,-4.66024510696474,2.20643883668455,-1275000,1410000,-110.118495266948,34.8955608956508
642,-5.30100060848887,-8.94006723967324,-1.078236631399,-0.0188379462053407,-1.58417361648937,1.53756536767338,-1.28176458659283,-4.63468823565386,2.06668850438675,-1175000,1410000,-109.025554704559,35.0227765030052
643,-5.42333406914236,-9.01558086753687,-1.11214754486421,0.00869245486453486,-1.51867256966502,1.52636763648751,-1.3647793458205,-4.69197666807655,1.91600914540868,-1075000,1410000,-107.929135090049,35.1397781586986
644,-5.47523656080288,-9.06588330942996,-1.12315102254154,0.0165110543628108,-1.47016226246552,1.50732316019433,-1.37543305314532,-4.67583739401563,1.89714403402639,-975000,1410000,-106.829513440832,35.2465236306665
645,-5.4320760153748,-9.02078225247956,-1.1149370370606,-0.0336524939291225,-1.54364808039821,1.48311474656719,-1.31986093352245,-4.65596647536302,1.95269400107195,-875000,1410000,-105.726972594357,35.3429738755778
646,-5.36661744272728,-9.01053347947835,-1.08621817428301,-0.106328765665615,-1.67120016454185,1.43083444199991,-1.23282155371274,-4.62958232782296,2.105123897863,-775000,1410000,-104.621798300476,35.429092902366
647,-5.29697499869957,-9.00461384188198,-1.06167715076282,-0.174603716796521,-1.78496429536116,1.40121240443575,-1.14657969530126,-4.57963119320597,2.26242087593642,-675000,1410000,-103.514280052647,35.5048478297149
648,-5.23027402706414,-8.92449219721462,-1.04287492347411,-0.233055038224037,-1.89092907930844,1.38871839484729,-1.09138773786534,-4.5711157592165,2.36186293679635,-575000,1410000,-102.404712979181,35.5702117788851
649,-5.17471817141515,-8.94479001281528,-1.03509568394861,-0.284892073212834,-1.97360732714328,1.34905935177209,-1.04554118092154,-4.61478159952584,2.45337129120707,-475000,1410000,-101.293394757491,35.625156518245
650,-5.13117757139615,-8.88662346076178,-1.02419073257163,-0.3246391793614,-2.04558022301608,1.35881954738871,-1.02175472036774,-4.67084226711304,2.56902807891596,-375000,1410000,-100.18062547812,35.669663486866
651,-5.09809844124634,-8.91237791529765,-1.01546090059637,-0.360353096031811,-2.10347225225817,1.3500636372948,-1.00714459487917,-4.69877858713052,2.60774051608352,-275000,1410000,-99.0667079701669,35.7037145552923
652,-5.05882312587809,-8.86674432444083,-1.00650512238162,-0.395951510778519,-2.16040104625089,1.33173078712133,-1.00119408270588,-4.75683118028346,2.66520349645775,-175000,1410000,-97.9519459884714,35.7272963047346
653,-5.02791152129314,-8.8697520694575,-1.00233950202077,-0.427522262037601,-2.23674134178026,1.31673526853834,-1.00250766061022,-4.76596080175669,2.68898637145023,-75000,1410000,-96.8366480045183,35.7403992996318
654,-5.0095591895762,-8.81700623112111,-0.997276631070105,-0.452019174316881,-2.27951771181471,1.31127566414087,-1.01290540681266,-4.80257459974857,2.73556246622539,25000,1410000,-95.7211160345087,35.7430163204157
655,-4.97960933315371,-8.81441031131018,-0.996508037022335,-0.477311595953228,-2.3206270331588,1.29967083438396,-1.02718527849394,-4.80400088752952,2.73868541211294,125000,1410000,-94.6056610064898,35.7351583636162
656,-4.94842687788935,-8.77188807547129,-0.990746375338977,-0.503857912257313,-2.36382170602572,1.29435292344193,-1.03758192576477,-4.84472342936976,2.74132298461542,225000,1410000,-93.4905895765965,35.7168133598825
657,-4.91496747016687,-8.73783217943654,-0.98104019956727,-0.528079438397123,-2.39652402022834,1.30926287368704,-1.05493839874302,-4.87243594031714,2.7513468993681,325000,1410000,-92.3762127222775,35.6879946515624
658,-4.88205238046828,-8.68171316370031,-0.978640063763565,-0.552388430216976,-2.44063656776025,1.28290011150599,-1.07153878131362,-4.93639363623856,2.7397727375843,425000,1410000,-91.2628300138707,35.6487141854069
659,-4.83274921026155,-8.65106286766948,-0.964495080737654,-0.57148681277657,-2.47381645270842,1.27680572673133,-1.09413876051508,-5.01421961926259,2.70107808463913,525000,1410000,-90.1507477421055,35.5989898372738
660,-4.79029393969296,-8.63338428821842,-0.945309005077999,-0.593740686258378,-2.49834409407719,1.26953438573396,-1.09831744475716,-5.04957328632287,2.69431550765062,625000,1410000,-89.0402678671287,35.5388307555967
661,-4.74950744828912,-8.63733984543111,-0.91462211919224,-0.610493898207949,-2.52920813600859,1.27881927005726,-1.10131133551748,-5.06841105044755,2.7397233452046,725000,1410000,-87.9316871575939,35.4682688985767
662,-4.69691685915626,-8.63005577501862,-0.870941441248884,-0.625793937001104,-2.55130017580954,1.2645084181053,-1.09968991944511,-5.09966922702794,2.75753468718781,825000,1410000,-86.8253040844332,35.3873275624262
663,-4.64873681094501,-8.62747812126472,-0.847496176655257,-0.642908856821801,-2.59495781381429,1.26622464077775,-1.09350904897509,-5.11873017277148,2.81256260259674,925000,1410000,-85.7214097162494,35.2960391411054
664,-4.59344653222742,-8.58720928117745,-0.808655481408132,-0.661431336633824,-2.63507128315022,1.277755761283,-1.09980853588293,-5.19952798211517,2.83574580655549,1025000,1410000,-84.6202929301209,35.1944357417502
665,-4.53734891165179,-8.5559333852451,-0.745867807189331,-0.67474243622372,-2.68628749184164,1.27387505980604,-1.10058160780453,-5.23738152059876,2.87566246983881,1125000,1410000,-83.5222368547706,35.0825561825678
666,-4.4903505339086,-8.49598992205877,-0.693910104465147,-0.691109462889702,-2.73377320945939,1.28351131101234,-1.09691784136672,-5.28745083667749,2.92585869148496,1225000,1410000,-82.4275225235468,34.9604413945872
667,-4.44049378005012,-8.48398297718044,-0.650287087244477,-0.703906648649013,-2.79121719077775,1.3090912631609,-1.08937996055488,-5.34346261960122,2.98151396296005,1325000,1410000,-81.3364211947235,34.8281313360714
668,-4.38430190183636,-8.47758338237062,-0.570953459055202,-0.715713418847882,-2.85260863610879,1.32500078060701,-1.07543218092999,-5.4366777678874,3.08784343583978,1425000,1410000,-80.2492034789188,34.6856809849614
669,-4.32842593964601,-8.52209236015124,-0.450523598591955,-0.72889204071698,-2.9281880538619,1.36002332135528,-1.0609574130108,-5.57557042749628,3.23286597717857,1525000,1410000,-79.166132768045,34.533139454012
670,-4.27911711202444,-8.67407352204194,-0.284135486670498,-0.743905821236944,-3.06513005435479,1.45163570006979,-1.05999383613392,-5.79812408644317,3.47432772944514,1625000,1410000,-78.0874581116755,34.3705582313875
671,-4.22005885457494,-9.10032298822325,0.152251554752413,-0.75659240179645,-3.32482286592685,1.70025873967882,-1.05236689971414,-6.3883842330598,4.0826784070715,1725000,1410000,-77.0134395853254,34.1979912013965
672,-4.48426648053927,-9.40719515625366,-0.147811926322108,-0.10461342455336,-2.56060570041774,2.33413030028859,-0.948975786041145,-6.21992975717911,4.19660935684154,-2075000,1310000,-118.45187810382,32.6454945275466
673,-4.52151194701939,-9.07298610789806,-0.53017393948847,-0.104172752577396,-2.31849685830944,2.09775433050717,-0.966399376795284,-5.79282146531915,3.70955118860188,-1975000,1310000,-117.40695980481,32.8505123765459
674,-4.59001108495943,-8.81822549464739,-0.789239359413483,-0.105900016746878,-2.1558451869633,1.92042890313494,-0.993363119662584,-5.45718948958013,3.27739736590783,-1875000,1310000,-116.356749393639,33.0458373349885
675,-4.66376057872054,-8.7530229379802,-0.895566898027941,-0.104662956263332,-2.07405710533178,1.83827809425083,-1.00747227546045,-5.29073937396424,3.14077792960619,-1775000,1310000,-115.301460360369,33.2314089515716
676,-4.74115341066247,-8.70538316854681,-0.961563641071056,-0.100792072565735,-2.00535658555217,1.76322913249665,-1.02679277261026,-5.14688675552445,2.92996182271941,-1675000,1310000,-114.241326933326,33.4071729217273
677,-4.81997793647322,-8.71699448632254,-0.982239906657783,-0.0939756927470309,-1.9235889651978,1.72934429590196,-1.04760983278655,-5.00000113295153,2.8669870330287,-1575000,1310000,-113.176576341102,33.5730659529794
678,-4.9132800486136,-8.75576957919679,-1.00384155056356,-0.0867776309190692,-1.88515198283952,1.67683126580699,-1.07968586117287,-4.89421160711315,2.67961495944563,-1475000,1310000,-112.107448416824,33.7290335441835
679,-5.01916752185043,-8.81592423330734,-1.01851727330643,-0.0742797451426147,-1.82717489730164,1.64381374575064,-1.12584057566129,-4.79450275572625,2.56995809531421,-1375000,1310000,-111.034188507601,33.8750260438921
680,-5.1334138190188,-8.88012440001245,-1.03657038562741,-0.0637264448717201,-1.77979930051968,1.61898841403439,-1.17558295105949,-4.77767704417101,2.39502756713595,-1275000,1310000,-109.95704579015,34.0109928229485
681,-5.23415558701086,-8.93805300836415,-1.0575732484949,-0.0493009097422626,-1.71942923039921,1.60177821708382,-1.2342880684194,-4.75903859384462,2.25741960949252,-1175000,1310000,-108.87627972884,34.1368883865764
682,-5.31657367334379,-9.03435130029587,-1.07654913813945,-0.0427671762515338,-1.67388919001699,1.58113532011357,-1.28110994371553,-4.76113485489724,2.20711160139618,-1075000,1310000,-107.792152551364,34.2526687772856
683,-5.34946826480684,-9.07824334026369,-1.08075207572005,-0.0497350218478393,-1.6701613595555,1.54656214140832,-1.28417722421381,-4.75673861180549,2.17353162033705,-975000,1310000,-106.704932526035,34.3582941498966
684,-5.34406593305393,-9.05297885859204,-1.06701699864032,-0.0807728274494386,-1.70204037993145,1.53380192694214,-1.25923803430934,-4.78128230506983,2.20323550250961,-875000,1310000,-105.614890091814,34.453727140488
685,-5.30756373271066,-9.05216668831531,-1.04821668590683,-0.129256570403626,-1.77608629275688,1.48720833222179,-1.21519260135587,-4.7723816042728,2.26459103261532,-775000,1310000,-104.52230422908,34.538933848633
686,-5.25724506252537,-9.02156499124499,-1.03745259412956,-0.179130034551874,-1.85608495381269,1.47000556451734,-1.1568701100853,-4.76231523839666,2.37537350769288,-675000,1310000,-103.427455278723,34.6138832306841
687,-5.20616754259162,-8.9887654675895,-1.02780067886628,-0.230595308909958,-1.93377018825047,1.45522485961936,-1.10228762597852,-4.70438072682264,2.48641507903323,-575000,1310000,-102.330623434408,34.6785483650452
688,-5.16410834917698,-8.97794512872954,-1.02046670816334,-0.277816120686294,-1.99387677085595,1.42559728257629,-1.06165280145464,-4.73643097617178,2.56635459763738,-475000,1310000,-101.232102292344,34.7329055858472
689,-5.12898011605448,-9.01290651146616,-1.0164868072628,-0.319192617822319,-2.06704440189263,1.42947556964645,-1.03858806668529,-4.75862333630908,2.62438049479666,-375000,1310000,-100.132180812428,34.776934091496
690,-5.0951667082053,-8.99104247468463,-1.01136457540902,-0.352221015277762,-2.14183718098689,1.40103059288549,-1.02932908795794,-4.80545882937377,2.64614375161502,-275000,1310000,-99.0311502260404,34.810617880447
691,-5.05703988889227,-8.9692454000884,-0.997978367823225,-0.387944496868637,-2.19880439067572,1.38793362766719,-1.02060248537034,-4.83154761453407,2.71130732843514,-175000,1310000,-97.92930558465,34.8339467558551
692,-5.02877025682333,-8.95073490079052,-0.994099080558451,-0.418923955611481,-2.25815247900589,1.37549849132514,-1.02251383340103,-4.86536489283119,2.77026236928752,-75000,1310000,-96.8269397009582,34.8469100101894
693,-5.00529436870612,-8.92516704392468,-0.989091300785896,-0.447621808533316,-2.30581509926195,1.36276557106444,-1.03077347573336,-4.89050056565709,2.7809715556797,25000,1310000,-95.7243493341121,34.8495025793325
694,-4.97532318150844,-8.88284121440614,-0.989565319684014,-0.47185313463714,-2.32782626343005,1.34972023084637,-1.04282621687962,-4.90338986989032,2.78956182230829,125000,1310000,-94.6218373027716,34.8417249776994
695,-4.94800043231757,-8.83238916120818,-0.9798682340349,-0.501535986460427,-2.37789450630425,1.33355686515803,-1.05943019447979,-4.93467501956581,2.78598221268947,225000,1310000,-93.5196944964226,34.8235763143187
696,-4.91202687493312,-8.82331779027451,-0.970474161086729,-0.52556867186488,-2.41404230151234,1.32991692295412,-1.06482024668271,-4.99354053764058,2.80368372083267,325000,1310000,-92.4182197555327,34.7950682171791
697,-4.87314241833583,-8.74852356827998,-0.955770024699169,-0.546783570473572,-2.44309171397526,1.30974267308504,-1.0660380769801,-5.01954064581533,2.82156913103918,425000,1310000,-91.3177039649991,34.7562112546357
698,-4.82688809113375,-8.72847139121685,-0.939843360439234,-0.569820276420774,-2.49085040050682,1.31012601823505,-1.08041806403529,-5.04474063507562,2.79251768826201,525000,1310000,-90.2184444734102,34.7070151933426
699,-4.7828648185175,-8.68333919304377,-0.91665093641821,-0.588331017555352,-2.51974710050818,1.2974127001534,-1.08322815103215,-5.0815298963724,2.8101495988664,625000,1310000,-89.1207337749995,34.6475014862421
700,-4.73829649612696,-8.66979810720719,-0.869654493613691,-0.605854540867291,-2.5502480481604,1.31689697689227,-1.0885265267258,-5.13669207197668,2.83200768188528,725000,1310000,-88.024857612169,34.5776921517986
701,-4.69216654109526,-8.69069876713057,-0.824089077799501,-0.61975667034443,-2.59461134262087,1.31736792706411,-1.09226347448062,-5.16758100450807,2.84116257977795,825000,1310000,-86.9311042062443,34.4976107173387
702,-4.65062308753462,-8.69832653011418,-0.784425068761945,-0.638731354895254,-2.62161664770821,1.30980772437528,-1.09737573045309,-5.20945268097878,2.91880919663962,925000,1310000,-85.839752487359,34.407286264616
703,-4.59897681294539,-8.6887583040896,-0.737244658074108,-0.65370696575777,-2.68049168145539,1.32410389443142,-1.106480148213,-5.26681900048929,2.94682107205292,1025000,1310000,-84.7510872429644,34.3067544618372
704,-4.55163766854744,-8.67425145622238,-0.708630048164098,-0.667830492850578,-2.70570313404175,1.33336853563669,-1.1039722599238,-5.33022623818077,2.98659213342177,1125000,1310000,-83.665379114307,34.1960440521244
705,-4.51020871996734,-8.65235281391308,-0.660861105772647,-0.679175556918699,-2.75964461987689,1.34280076111443,-1.09210700589542,-5.37733677616122,3.04731668402588,1225000,1310000,-82.5828997212192,34.075199436067
706,-4.47239931910038,-8.66309954132953,-0.600664859520431,-0.689604378918414,-2.8177786692926,1.35713846667959,-1.09009522682113,-5.4342608071658,3.08319719003013,1325000,1310000,-81.5039127201187,33.9442609078414
707,-4.42403028902475,-8.64018857900597,-0.517718317990061,-0.704654615162456,-2.87771770258731,1.4147247205532,-1.08271347555395,-5.55288794558187,3.23080909876549,1425000,1310000,-80.4286797769703,33.8032753325303
708,-4.37365384501738,-8.71269531259286,-0.383450203255639,-0.715884038542822,-3.00344510454884,1.49246257254447,-1.07587763846081,-5.78285934279049,3.45168607823361,1525000,1310000,-79.3574530661827,33.6522892252346
709,-4.32557897051477,-9.15915513929615,0.0179525385789201,-0.729496149768026,-3.29546604179172,1.73129751741173,-1.07091612567933,-6.38943021902997,3.9727328056065,1625000,1310000,-78.2904822660197,33.4913521980324
710,-4.64913889780425,-9.41787374979362,-0.419853118446833,-0.10145384834443,-2.4960280437434,2.25899001260135,-1.01895207505743,-6.12449794463629,3.93421026179595,-1875000,1210000,-116.130230750013,32.1695014344233
711,-4.70289539363707,-9.10223691197514,-0.769858825261576,-0.0980792761209961,-2.24620960365005,2.03536097833306,-1.0313103769621,-5.67266472089671,3.47240665525785,-1775000,1210000,-115.086026396862,32.3532940133539
712,-4.78805947765102,-8.9158283842982,-0.926049515059607,-0.0953230884413644,-2.07565466514983,1.88373835012421,-1.04596318514787,-5.37043259366798,3.16323338588015,-1675000,1210000,-114.037128939674,32.5273552020581
713,-4.85563696837947,-8.89622242679072,-0.969996492724855,-0.0900617285443902,-2.01758993083821,1.82791227367512,-1.05675753481953,-5.20921752224065,3.03206108499952,-1575000,1210000,-112.983764859903,32.6916276112211
714,-4.939078109509,-8.88538092945156,-0.992525001167577,-0.0913225210603009,-1.96754753554801,1.76137272003891,-1.08148711404703,-5.03367512397645,2.82896908918684,-1475000,1210000,-111.926168334523,32.8460595126934
715,-5.02570886627787,-8.94281343899852,-1.0050976380047,-0.0791526900186862,-1.92494443959943,1.73873913428636,-1.12325641166563,-4.94974788559514,2.6841508687511,-1375000,1210000,-110.864572364379,32.9906041233626
716,-5.10911360193901,-8.97181436972595,-1.01904999385804,-0.0767698332218909,-1.88331545979338,1.69721515108827,-1.15923005574227,-4.8856883942652,2.57921316511428,-1275000,1210000,-109.799223026468,33.1252140281523
717,-5.17819104370815,-9.01411398146307,-1.03064515703365,-0.0733139161333829,-1.83432713839202,1.670977607226,-1.19758510623227,-4.88019614929458,2.44186807118953,-1175000,1210000,-108.730369715669,33.249844224397
718,-5.24401967517667,-9.07267515575449,-1.04418791615697,-0.0805487300712229,-1.8047094324225,1.62059149068588,-1.22875943873263,-4.88824499449673,2.39346196556068,-1075000,1210000,-107.658266697578,33.3644545195476
719,-5.27618865374833,-9.1007423394865,-1.05565908340813,-0.0931530781018592,-1.8000110878724,1.59550916590177,-1.23918824582567,-4.90137043545207,2.36984324004432,-975000,1210000,-106.583171959116,33.4690053726413
720,-5.28285049985475,-9.08470651109394,-1.04183662731936,-0.11626406632117,-1.82379780445983,1.56487024897779,-1.21855424377553,-4.8777710156507,2.38969192334952,-875000,1210000,-105.505352049694,33.56346401548
721,-5.26091472423176,-9.10074839580359,-1.03220119657757,-0.149448552106944,-1.87997125704641,1.54682797592985,-1.19091199187953,-4.89270981186573,2.40026437512787,-775000,1210000,-104.42507354702,33.6477969462214
722,-5.22585464953199,-9.1054546832303,-1.02531851203719,-0.191580537478133,-1.92762072679578,1.53581477676286,-1.14001215403966,-4.84224199200931,2.50424432917099,-675000,1210000,-103.342606611435,33.7219742727259
723,-5.18699558739387,-9.10534514532486,-1.01729481763676,-0.234927888608661,-1.98807941595233,1.51674366866849,-1.09705491437558,-4.85462995888949,2.58679401711065,-575000,1210000,-102.258226119147,33.7859720689396
724,-5.15409027439579,-9.09745383203037,-1.01146429917353,-0.275998640559654,-2.05535662555904,1.49120086044609,-1.07723080302585,-4.86927863188672,2.60174439061238,-475000,1210000,-101.172213041616,33.8397649411581
725,-5.12175669846966,-9.09836717885448,-1.00758799215897,-0.312115133332677,-2.11230817112461,1.47935921016092,-1.05650617533792,-4.87574818766326,2.64434646276566,-375000,1210000,-100.084846390624,33.8833355318816
726,-5.08791711692145,-9.05223543265353,-0.997797644053439,-0.34718602205152,-2.15920021241489,1.45124623916926,-1.045131103372,-4.89671779623225,2.66466389712908,-275000,1210000,-98.9964083694874,33.9166691178214
727,-5.06517304764348,-9.07745558429351,-0.988475528255986,-0.383918697386143,-2.2338459287938,1.43931399650053,-1.04044276108998,-4.91699008666898,2.74998578237048,-175000,1210000,-97.9071824929901,33.939754932982
728,-5.03022548824211,-9.03954054797917,-0.985291285343466,-0.413862898251271,-2.27212048370547,1.42176296440333,-1.04560447199782,-4.99014440746124,2.77425262967721,-75000,1210000,-96.8174544661051,33.9525817632668
729,-5.00150797330465,-8.99973921726541,-0.980203414148988,-0.442384389283788,-2.31144933573254,1.4079873044016,-1.05032216566079,-4.98757179161663,2.81332136126179,25000,1210000,-95.7275124988413,33.9551473713053
730,-4.97490766778374,-8.97383494987661,-0.973007268982064,-0.468078048173801,-2.36590944210376,1.39730998042084,-1.05618348141632,-4.96819978625356,2.82308064183525,125000,1210000,-94.63764199485,33.9474503011663
731,-4.94015279539071,-8.92261915886089,-0.969740940164654,-0.496132129042455,-2.40657438840241,1.40253873211107,-1.0597764214891,-5.02041481535164,2.86764430138581,225000,1210000,-93.5481296996546,33.9294924632574
732,-4.89880180911748,-8.8860547364849,-0.946840759205641,-0.520415546954374,-2.44851536479119,1.36937049582199,-1.06486909503459,-5.0629569370863,2.94037002875915,325000,1210000,-92.4592613667222,33.9012813130538
733,-4.85931579221578,-8.83359779378058,-0.927533067109215,-0.542272143783417,-2.46812117810454,1.33618367025901,-1.05846066620656,-5.07060885855632,2.91801657908193,425000,1210000,-91.3713215710726,33.8628277041948
734,-4.81622025900615,-8.78013887790719,-0.895423524654661,-0.564328227055751,-2.53083408960437,1.34515681621839,-1.0594499716986,-5.09872155563237,2.92679548169675,525000,1210000,-90.2845950296556,33.8141422577973
735,-4.76768796225491,-8.73513791702717,-0.86990287376041,-0.585348696060001,-2.56266548770101,1.34414975109577,-1.06473587441699,-5.12420528517983,2.91884478218633,625000,1210000,-89.1993638320021,33.7552444966108
736,-4.72488685561122,-8.73137519016802,-0.827048246783059,-0.603974218504404,-2.58904211299676,1.34962388128304,-1.07843942648515,-5.19261792778301,2.93103197118882,725000,1210000,-88.115904597508,33.6861566115233
737,-4.68019699076627,-8.73833856755167,-0.772703269421974,-0.616949249484014,-2.62384379071729,1.34148539052831,-1.08369280643719,-5.21471499459809,2.92561899389699,825000,1210000,-87.0344967314845,33.6068980030177
738,-4.63938996918566,-8.75088028062549,-0.742959291788462,-0.632056866482304,-2.67232841919756,1.36378967836335,-1.08378818365243,-5.28639780028824,3.01587015592963,925000,1210000,-85.9554133753244,33.5174985457128
739,-4.60640149679473,-8.76121440645535,-0.69460133820032,-0.645537725398847,-2.72007313211412,1.38490449903066,-1.08847185957248,-5.3029074342741,3.06506453841451,1025000,1210000,-84.8789235527341,33.4179901108821
740,-4.56902205590451,-8.78291882134296,-0.668511062765708,-0.660020506133258,-2.76692033536168,1.40101529649446,-1.09129183395709,-5.37242367298059,3.12188814945384,1125000,1210000,-83.8052919528626,33.3084027135569
741,-4.52545556775876,-8.80208796588747,-0.613310294126714,-0.670143853316266,-2.81015303009904,1.42251120753553,-1.08709289196056,-5.4058088688208,3.18951118705991,1225000,1210000,-82.7347821525948,33.1887769558534
742,-4.48576727315696,-8.77999884496262,-0.53363129175561,-0.677838371531796,-2.85913559497083,1.44892249828984,-1.08167698549697,-5.49729863237955,3.2108107102939,1325000,1210000,-81.6676503377851,33.0591513414736
743,-4.44426507676882,-8.82485519465953,-0.452416071278862,-0.683111136556695,-2.93443005484681,1.5201643325951,-1.08004455103413,-5.68332926107343,3.3780868264911,1425000,1210000,-80.6041452859298,32.9195670750299
744,-4.4078115265261,-9.24351341972093,-0.0430327295469592,-0.69575473383625,-3.22321507738649,1.77539231269825,-1.07666584448838,-6.33915955202923,3.9443726410795,1525000,1210000,-79.5445171782623,32.7700708955299
745,-4.84118718986274,-9.5566899395077,-0.648566124436119,-0.0917150214205273,-2.41473525220375,2.2191912430806,-1.06123967612131,-6.04796348652884,3.84856057366081,-1675000,1110000,-113.837394306416,31.6459049480797
746,-4.88203178460316,-9.25419971438567,-0.893465908519398,-0.0884577066016195,-2.21087471783579,2.01312036839555,-1.06883088894668,-5.5448575873759,3.38716686228319,-1575000,1110000,-112.795190412232,31.8086231276158
747,-4.96029713831273,-9.0929596249006,-0.970661501167312,-0.0862642375584213,-2.08594983688767,1.89040604647352,-1.08757469595631,-5.2602082102948,3.06368897518582,-1475000,1110000,-111.748883872014,31.9615829387714
748,-5.03140935736024,-9.09167597013988,-0.989596654637867,-0.0833207595231921,-2.03707914206806,1.84914569286155,-1.11655797651054,-5.181995424789,2.90276058147321,-1375000,1110000,-110.698710195839,32.1047398258897
749,-5.10040040012384,-9.07737526596418,-1.0018327275989,-0.0901413172125342,-2.02013636078977,1.80186642639084,-1.14598263911727,-5.09574399116688,2.78074538539574,-1275000,1110000,-109.644904989782,32.2380489411709
750,-5.15338805187452,-9.15257906729508,-1.01748379349745,-0.0927444423728052,-1.96927133672294,1.75565728941784,-1.17389213553947,-5.07307372608629,2.66826114540255,-1175000,1110000,-108.587709574732,32.3614671203778
751,-5.19499985663474,-9.13119982007532,-1.0237553097576,-0.101245460076867,-1.93906420577771,1.70180439143561,-1.19803252596847,-5.0511961648572,2.59493778869483,-1075000,1110000,-107.527370167889,32.4749549234747
752,-5.22608978262523,-9.15913081881593,-1.02519156851721,-0.121350303828268,-1.92850735899247,1.65348239425263,-1.20024048361801,-5.02051722262236,2.59629034473377,-975000,1110000,-106.464140762435,32.5784778359336
753,-5.23612865432199,-9.16369362990852,-1.0265490003212,-0.145431109001901,-1.94686571420391,1.62621371439317,-1.17925817366112,-4.98150626195371,2.58615322142929,-875000,1110000,-105.398273911397,32.672002209677
754,-5.23069285936156,-9.19023192832081,-1.01848575029224,-0.17038737282433,-1.98059550352079,1.62652625706208,-1.15770679304945,-5.00181151818982,2.59002134730916,-775000,1110000,-104.330032445637,32.7554982750351
755,-5.20333488209887,-9.16653936905576,-1.01448512477064,-0.208698161572257,-2.01804425484726,1.58852576045414,-1.12939873366004,-4.96203064102635,2.62302819725885,-675000,1110000,-103.259672062575,32.8289345141816
756,-5.17206259595076,-9.20269919857897,-1.00953835777074,-0.246238779257482,-2.07294002665203,1.56772293263564,-1.09554110099544,-4.963026994904,2.70356782796322,-575000,1110000,-102.187465848771,32.8922910082234
757,-5.14263028661241,-9.15893925366098,-1.0027669012261,-0.281326601793662,-2.1063211277775,1.55668183746833,-1.08174993898234,-4.99797286884445,2.73087886118158,-475000,1110000,-101.113679486847,32.945545638673
758,-5.11490842963392,-9.17529216116524,-0.991748047627027,-0.314128375756936,-2.15717322175015,1.53802830366819,-1.07029876769001,-5.01415154175754,2.74725036487975,-375000,1110000,-100.038583745589,32.9886785130209
759,-5.08093352126048,-9.14921497454026,-0.987752576329644,-0.345877442001253,-2.21109037024888,1.50123446045504,-1.05460342955741,-5.02447107790558,2.77325651141764,-275000,1110000,-98.9624536059061,33.0216776262313
760,-5.05922387326423,-9.15001416856674,-0.977543494421443,-0.380652751350417,-2.26601548835519,1.47925458301065,-1.05453347862254,-5.05393323295484,2.78650997580115,-175000,1110000,-97.8855633040747,33.0445296220363
761,-5.03241751382419,-9.12862183722248,-0.975723590579628,-0.409222885609509,-2.31261732234364,1.45858988103636,-1.05070410769071,-5.06585330900569,2.87081210012879,-75000,1110000,-96.8081874431372,33.0572268034515
762,-5.00784373388772,-9.09810921756009,-0.972625884815368,-0.440326438585939,-2.36605378565544,1.43680363178429,-1.05702550731663,-5.06783280281149,2.87574233751603,25000,1110000,-95.7306031166704,33.0597666389608
763,-4.96907950467706,-9.06092608034459,-0.964061630945083,-0.470355220029252,-2.38912583341512,1.43647639931184,-1.05520303388555,-5.09421972019582,2.89778215069149,125000,1110000,-94.6530886695218,33.0521478715802
764,-4.9369715820334,-9.00266380839642,-0.955120375570856,-0.495708738528085,-2.44910011251977,1.42602328427954,-1.05782972046984,-5.11934304924989,2.93658763350162,225000,1110000,-93.5759204103261,33.0343703962874
765,-4.89949949274425,-8.97517375873663,-0.931094876216165,-0.517010805975472,-2.48421556576971,1.4085411623576,-1.05149288611167,-5.12459164153602,2.99061200739383,325000,1110000,-92.4993740906601,33.0064435248212
766,-4.85702939536838,-8.92889386244232,-0.901692272109393,-0.540361394492322,-2.50711547561798,1.38735266530272,-1.05005254937022,-5.17339253084172,3.0130806351799,425000,1110000,-91.4237263954127,32.9683762441561
767,-4.80685821310883,-8.84761681317154,-0.863136674094293,-0.558723863169875,-2.54113253164878,1.39667224588859,-1.04887880415688,-5.17282739118352,3.01967829037281,525000,1110000,-90.3492503196104,32.9201807345056
768,-4.76254724351013,-8.8415028422822,-0.820893915379332,-0.582799161993902,-2.58656952035958,1.38487846176212,-1.0527387063385,-5.2004737563818,3.01552845054668,625000,1110000,-89.2762186596696,32.8618736521532
769,-4.72012707990416,-8.81622752362826,-0.753811065817039,-0.603226842741625,-2.62852095525503,1.38031911236976,-1.06968591637263,-5.24126636092995,3.04134396531103,725000,1110000,-88.2049010059731,32.7934754567078
770,-4.67970915925083,-8.83203453417915,-0.709865720530407,-0.616218526774473,-2.66436230326232,1.38876500599612,-1.06468540745387,-5.29337168708994,3.06491200444757,825000,1110000,-87.1355661122617,32.7150050059478
771,-4.6411116240782,-8.8519038864405,-0.661156585020497,-0.631716833151626,-2.72286102015005,1.42944780707975,-1.06961421193551,-5.33243923452309,3.1127302660264,925000,1110000,-86.0684783819145,32.626491579767
772,-4.61483127479128,-8.85045857561815,-0.633741914661468,-0.644365847114445,-2.77684363053023,1.44841007050826,-1.06806631551825,-5.36395534598348,3.18852545679033,1025000,1110000,-85.0038983416293,32.5279646812729
773,-4.57589181552465,-8.88311558279573,-0.574835489245692,-0.653827857388921,-2.82909431550832,1.46683846709344,-1.0730268541003,-5.44670822453865,3.25566980340805,1125000,1110000,-83.9420830441051,32.4194532572963
774,-4.53628758298147,-8.88623662896587,-0.519651345306921,-0.661161135756225,-2.87109955463117,1.48317669183721,-1.07292671407942,-5.57023227328055,3.33441167354035,1225000,1110000,-82.8832857379118,32.3009943330884
775,-4.50016630387799,-8.96186653435958,-0.430531070819082,-0.667441256409392,-2.93353096463175,1.54064337644655,-1.07424584182602,-5.67413432021735,3.43164718926159,1325000,1110000,-81.8277536614297,32.1726256850511
776,-4.47427301612586,-9.1484455320263,-0.251622158212128,-0.668083332912997,-3.07696964558586,1.68795485845533,-1.07228449703723,-5.93928345061906,3.71575731778121,1425000,1110000,-80.7757291200381,32.0343840489595
777,-5.00038862484203,-9.75561982953965,-0.763499549793086,-0.0820684157688121,-2.44596054570792,2.25784857766066,-1.09199784272769,-6.00885547529154,3.78605154434357,-1475000,1010000,-111.575468462577,31.0754377465306
778,-5.04183769872817,-9.46717837601939,-0.935494994477115,-0.08397228584684,-2.27711435811444,2.05765283440955,-1.11791366574445,-5.64558760840961,3.38457824658971,-1375000,1010000,-110.536481268194,31.2172666316762
779,-5.09585532185306,-9.41608619420356,-0.966068063357549,-0.0938217137334532,-2.20964424310387,1.96980191421688,-1.13127689457854,-5.48999419574202,3.22383597281636,-1275000,1010000,-109.493979937214,31.3493258792959
780,-5.1424469392369,-9.41406634149857,-0.9801290244524,-0.10175084237147,-2.17100129248407,1.920024637356,-1.15581067786025,-5.44368881936924,3.03543024013751,-1175000,1010000,-108.448193705726,31.4715805259419
781,-5.18488783535222,-9.42991137819344,-0.99712294195721,-0.113515270606845,-2.12782827990175,1.85836342694636,-1.18492343831172,-5.42418663805188,2.97790931961507,-1075000,1010000,-107.399369263344,31.5839962810105
782,-5.20438043679764,-9.31910493449317,-1.00481694533241,-0.142707804507903,-2.07951940872319,1.7631620284586,-1.17004474019376,-5.26217428596146,2.87340210651367,-975000,1010000,-106.347746273466,31.6865352536215
783,-5.21212351935461,-9.28943310737194,-1.00796039333751,-0.166426699579114,-2.07326855194166,1.73189518650403,-1.15366181709763,-5.1744782932726,2.82942780960271,-875000,1010000,-105.293573993566,31.7791655810601
784,-5.20808475311894,-9.29622713995237,-1.00992842589205,-0.187144980115359,-2.08970060249141,1.69736437942879,-1.13931068628099,-5.14996433778567,2.80088557460458,-775000,1010000,-104.237102894503,31.8618586128421
785,-5.18409783791141,-9.28384059445547,-1.00123543934875,-0.223297805603939,-2.12427094645253,1.66925222257362,-1.11954262409294,-5.1509609261765,2.85416911259385,-675000,1010000,-103.178586070048,31.9345878505908
786,-5.15867750379586,-9.27500622731911,-0.99926641171499,-0.256054464777037,-2.14312323513687,1.62723435353638,-1.09960365338536,-5.09577981456438,2.85350407968553,-575000,1010000,-102.118284810935,31.9973304541004
787,-5.13700506812897,-9.28203778304234,-0.993135763357012,-0.288514429095512,-2.18281091068641,1.60257618796439,-1.08299306474839,-5.12341852106146,2.87342942766171,-475000,1010000,-101.056452975703,32.0500666164775
788,-5.10899065849892,-9.24022075383893,-0.981464299579592,-0.321453041423998,-2.23334485646216,1.57156364794305,-1.06755986041548,-5.1131842430247,2.8664781333635,-375000,1010000,-99.9933574320077,32.0927795991547
789,-5.0832500359939,-9.23954278131091,-0.971396913884518,-0.353861855659334,-2.26486874849475,1.55269493410637,-1.0588459690981,-5.12436984701218,2.90194811412916,-275000,1010000,-98.9292599273357,32.1254561213571
790,-5.060272276551,-9.21936471811879,-0.965355769118486,-0.385693653324557,-2.32466435200396,1.52702768652951,-1.05795312328406,-5.16925348984031,2.89720750221214,-175000,1010000,-97.864429132849,32.1480853605769
791,-5.03065678751083,-9.20660922353766,-0.964257342795578,-0.409161770627915,-2.36001191781324,1.50037835214641,-1.05623100098695,-5.18784835599561,2.94449317849546,-75000,1010000,-96.7991277736952,32.1606587449227
792,-4.99743205776601,-9.17579120955834,-0.959328963365837,-0.437617753418978,-2.40776044044127,1.48339051816732,-1.06126856250226,-5.17806270046686,2.95997913875451,25000,1010000,-95.7336245251084,32.1631736635527
793,-4.95821882733653,-9.12562547074999,-0.939940338745751,-0.466729429876391,-2.45095716719887,1.45926282528065,-1.05536710089225,-5.18831148138218,3.01282747643327,125000,1010000,-94.6681883984092,32.1556285482587
794,-4.92549455418216,-9.07876749794241,-0.919372919314994,-0.493314656094455,-2.48194877503634,1.45759296142282,-1.05413078781226,-5.22413714592264,3.03974637704047,225000,1010000,-93.6030868952831,32.1380256023399
795,-4.88922294332215,-9.02078466601866,-0.907205915948683,-0.517686490700448,-2.51239208662542,1.44679374076187,-1.05390891034543,-5.24927650398365,3.0967255580544,325000,1010000,-92.5385887665323,32.1103712375884
796,-4.85154865242817,-8.97913605503198,-0.881918176101732,-0.538314527144129,-2.54352451220397,1.44395190132776,-1.05338403240594,-5.24621886462644,3.11401739924102,425000,1010000,-91.4749572778092,32.0726750822359
797,-4.80166582078928,-8.93794543464092,-0.838394688123095,-0.558418754080804,-2.61170367222759,1.44060039558365,-1.05123665424515,-5.27853974751441,3.12734389520533,525000,1010000,-90.4124602116912,32.0249475356968
798,-4.76262862682089,-8.94660806023368,-0.758976450147138,-0.579917985798488,-2.64442761538361,1.43005440284801,-1.05017958708412,-5.28388257912135,3.1486099771239,625000,1010000,-89.351358815336,31.9672054728945
799,-4.72711126419884,-8.92174235500626,-0.691460287784491,-0.598775235583208,-2.68138980017057,1.43505672048211,-1.05618489414786,-5.32772414037256,3.18453759412868,725000,1010000,-88.2919151330561,31.8994669356114
800,-4.68215503955045,-8.92328825298907,-0.664414615951205,-0.616161417023649,-2.73979109484974,1.45257998854232,-1.05564331761975,-5.40073052486139,3.19144472248966,825000,1010000,-87.2343896070177,31.8217527396474
801,-4.64359442628724,-8.92257389255398,-0.602408267801714,-0.632108832832707,-2.77666814362419,1.46688019507106,-1.05385541312454,-5.41158724394935,3.2813358942616,925000,1010000,-86.1790366091299,31.7340882768591
802,-4.60210707347685,-8.9878649700314,-0.54430205989724,-0.643281672685662,-2.86032312325691,1.50716770025596,-1.05817615215497,-5.48580403035734,3.28852692745507,1025000,1010000,-85.1261097160248,31.6365015190406
803,-4.56630484092955,-9.01601216168398,-0.473623606696858,-0.650884434418123,-2.89926286983894,1.54578388880216,-1.06306277374048,-5.57699663845772,3.38986443989705,1125000,1010000,-84.0758533052752,31.5290207400367
804,-4.53265707600704,-9.01303156712913,-0.426916807346597,-0.65177778019495,-2.95765918936099,1.57638948407969,-1.05656558020879,-5.70689746574223,3.56402173259312,1225000,1010000,-83.0285193894619,31.4116802852153
805,-4.50085470116103,-9.12595192535483,-0.317568260486877,-0.658338088155506,-3.02210519136845,1.66683875173567,-1.06989344574243,-5.85337567794479,3.65716933269175,1325000,1010000,-81.98434533522,31.2845136334057
806,-4.47862823034819,-9.35531180360668,-0.0870615608700743,-0.659784180659169,-3.17721130029583,1.8027463379105,-1.06997000940749,-6.13180838795523,3.9666410843335,1425000,1010000,-80.943571063257,31.1475643195976
807,-5.19345211805389,-9.91489160883513,-0.90520716958169,-0.163629739071485,-2.46514275469744,2.11819976365867,-1.14335385567705,-5.96541174754084,3.65601970861978,-975000,910000,-106.233903913442,30.7930011802926
808,-5.19827872637906,-9.56077214888122,-0.9809933889439,-0.185234297319048,-2.26199946981865,1.8796311184569,-1.1279809256239,-5.49777113820431,3.20230534003213,-875000,910000,-105.191173719878,30.8847732504244
809,-5.18490080731685,-9.48818630866148,-0.986732320491307,-0.209822438779295,-2.24141207059508,1.8120667880724,-1.12011514339783,-5.40239498420487,3.05428475182303,-775000,910000,-104.146221590366,30.9666989001472
810,-5.17754788466694,-9.47472463123266,-0.985996951748347,-0.233736636153663,-2.22551147031349,1.76627922808439,-1.10992323957685,-5.3293904609255,3.03069158228324,-675000,910000,-103.099290495635,31.0387495377939
811,-5.14876592364496,-9.42418717566415,-0.978552455887055,-0.262290065992106,-2.2382234873579,1.70646110844904,-1.09713194395937,-5.29015878846728,3.02321175495038,-575000,910000,-102.050631317018,31.1009036403587
812,-5.12663251591274,-9.42256903855263,-0.973811544991696,-0.294896994734806,-2.25663809464484,1.65800932667287,-1.08295775525466,-5.21949279274311,3.038043477207,-475000,910000,-101.000493918412,31.1531456419892
813,-5.09958027356089,-9.37141812467894,-0.965237219089031,-0.327684992923527,-2.30628995911412,1.63287836024958,-1.06712360067426,-5.22104606129228,3.03516874125463,-375000,910000,-99.9491316307318,31.1954575369752
814,-5.08159196048689,-9.35248006487257,-0.954719240650675,-0.359236810707615,-2.3425170092093,1.59825470769857,-1.06109623288428,-5.25842104189557,3.07355456359259,-275000,910000,-98.8968017882416,31.2278250724367
815,-5.05962148189163,-9.34928214337801,-0.943628879640231,-0.386222565393453,-2.38219983381644,1.57461500533231,-1.05956150418962,-5.27433379224077,3.03576432783349,-175000,910000,-97.8437607398471,31.2502407857477
816,-5.03432222595775,-9.34458676442436,-0.928213259726189,-0.411056340146002,-2.41438087040639,1.56816419357756,-1.06504203242172,-5.33324790659005,3.04124955106503,-75000,910000,-96.7902670030458,31.2626954955233
817,-4.99328097111489,-9.26486719056779,-0.925873179247415,-0.432386354968246,-2.45416432650161,1.55870166521276,-1.06705128394475,-5.33492256389079,3.05705340528885,25000,910000,-95.7365789741952,31.2651864277473
818,-4.95322491206824,-9.23964820074008,-0.904367660908435,-0.460943683967197,-2.5020606892019,1.54440676642295,-1.05561938127635,-5.3251793694017,3.09858876556935,125000,910000,-94.6829536361488,31.2577131642446
819,-4.92069563917981,-9.17999069106985,-0.897514247611796,-0.48855213213019,-2.54027509787724,1.52679672245591,-1.04704684179568,-5.33081466887095,3.16614348393269,225000,910000,-93.6296505556532,31.2402792611563
820,-4.88210811341606,-9.12023868188197,-0.862427793138821,-0.514685750285451,-2.5708614687406,1.51050013570633,-1.05265524539608,-5.35660801741194,3.23574079392722,325000,910000,-92.5769338640609,31.2128818201598
821,-4.84660513720677,-9.11182780601406,-0.816936869797555,-0.536762853335848,-2.6216954267367,1.5014307154763,-1.04924386265812,-5.36250953799478,3.24682704446232,425000,910000,-91.5250556026908,31.1755414441662
822,-4.80617273568897,-9.0945073547307,-0.765755822063308,-0.55706104107981,-2.68394272088314,1.50693217444587,-1.0533204217824,-5.39578837811262,3.2749622635139,525000,910000,-90.4742733085068,31.1282628871063
823,-4.76621690675111,-9.05954896649682,-0.669272645149518,-0.57487734676788,-2.70807253175498,1.50769356714078,-1.05536546559235,-5.43214179296695,3.30357214029761,625000,910000,-89.4248416057857,31.0710619965013
824,-4.72163339067653,-9.04795048286421,-0.641599621020091,-0.595227111656565,-2.75059671384223,1.51871955388583,-1.05496326371962,-5.41631402393227,3.32324999270021,725000,910000,-88.3770120651239,31.0039561434681
825,-4.67932680897087,-9.08929762480972,-0.583776459023843,-0.611731799199987,-2.79899555760018,1.52578817207405,-1.05753519408375,-5.50037847212825,3.35173754268877,825000,910000,-87.3310388393641,30.9269644437951
826,-4.63404187780704,-9.09945559611802,-0.51663673916783,-0.628353803822033,-2.85787871740449,1.5516244185588,-1.04843324405594,-5.57126381012474,3.42355029454389,925000,910000,-86.2871674206158,30.8401145867847
827,-4.59251934286601,-9.09337125625362,-0.416127957832447,-0.641322713272141,-2.91349720750933,1.59039875015965,-1.05120098262748,-5.64544977626659,3.49961509883158,1025000,910000,-85.2456413167257,30.7434279376412
828,-4.5509200220271,-9.09757281567413,-0.358188301712775,-0.647506478086941,-2.99325763207325,1.63420975567241,-1.04928228254405,-5.76307619217439,3.61940594316126,1125000,910000,-84.2067053342269,30.6369346283635
829,-4.51456993818399,-9.15305617881489,-0.24911926832599,-0.649153735348491,-3.06047458971685,1.70550787706126,-1.05294032763401,-5.93515107145119,3.7656080745902,1225000,910000,-83.1705938009628,30.5206648527131
830,-4.4888724332031,-9.27339800358654,-0.14292046616574,-0.652541359265723,-3.13442058375874,1.79185176545495,-1.05327806240444,-6.08950948878476,3.94271632402751,1325000,910000,-82.1375416668753,30.3946546309007
831,-4.4691990923938,-9.52450615791325,0.111456376098283,-0.652410199260747,-3.28813277146015,1.93511795901864,-1.05653667019899,-6.4202417813271,4.27316042025882,1425000,910000,-81.1077781224943,30.2589416930088
832,-5.18766801024608,-10.0870300631242,-0.769159134159275,-0.200853789671146,-2.63830566019794,2.21203978129397,-1.12219892407401,-6.18951003121133,3.88228922748672,-875000,810000,-105.091000570475,29.9886613568333
833,-5.17556886611187,-9.7611698864756,-0.91462794614732,-0.22178440243976,-2.4617278698338,1.98369706085511,-1.11150622216201,-5.7216495548205,3.45934002302497,-775000,810000,-104.057317997957,30.0698488245623
834,-5.16847335660983,-9.73602505763515,-0.92877630927218,-0.241147115257116,-2.41541972298172,1.92945030216009,-1.10471493603162,-5.64072399599559,3.35323021450961,-675000,810000,-103.021718440221,30.1412522345985
835,-5.14228421028897,-9.67605081784182,-0.919489908640606,-0.268359538404917,-2.39052039594633,1.85940545233622,-1.09937157515656,-5.58895450438023,3.31356266592806,-575000,810000,-101.98444715802,30.2028487864283
836,-5.11715936405825,-9.59287748880734,-0.937373200829071,-0.311132027093359,-2.36468511954523,1.73450843009185,-1.07580128284676,-5.4230676443914,3.24188423752405,-475000,810000,-100.945755692911,30.2546108421076
837,-5.09218468394452,-9.55911091875716,-0.918082872199127,-0.338804920670623,-2.3956284553507,1.71853945579212,-1.06128693771735,-5.42393426512865,3.23248654530776,-375000,810000,-99.9058731826072,30.2965351092689
838,-5.07033419462417,-9.49799848089643,-0.900034438868959,-0.364769137140711,-2.42951526881165,1.6598664363701,-1.05651447675439,-5.42365127377156,3.22172318801161,-275000,810000,-98.8650539522963,30.3286072271536
839,-5.04879963712119,-9.50452122176815,-0.897154356843452,-0.389442350383802,-2.46518963790206,1.63736545265285,-1.05502260014736,-5.46238251708418,3.24208942252167,-175000,810000,-97.8235465946411,30.3508165209493
840,-5.02295608379514,-9.46273988805292,-0.884308829012599,-0.408552883995557,-2.48513130606854,1.62226718205852,-1.06365891935622,-5.47240061839676,3.21053717804943,-75000,810000,-96.7816012828175,30.3631571353753
841,-4.99571377878456,-9.46105136060765,-0.869062931858627,-0.433448834214842,-2.5300379558042,1.62996478696788,-1.05804690088656,-5.48205115995122,3.19618098879122,25000,810000,-95.7394673180897,30.36562686893
842,-4.95836291905904,-9.35572107476367,-0.850461002943928,-0.455859580046941,-2.55736669972654,1.58237676549381,-1.04195136651724,-5.41297134403325,3.27368765492593,125000,810000,-94.6973953640965,30.3582210695963
843,-4.92332413759766,-9.28531937968554,-0.852257117247623,-0.482207702434727,-2.60917244302596,1.59133558468435,-1.04442802086864,-5.45864472432518,3.29673805924439,225000,810000,-93.6556361445698,30.3409446883299
844,-4.88232630353699,-9.26951259228806,-0.794296292338893,-0.50974092546094,-2.62923130010804,1.5758865050902,-1.04648996215406,-5.51230022435701,3.38828552101533,325000,810000,-92.6144401135275,30.3137998957627
845,-4.84962665560626,-9.26919403813755,-0.714221229355678,-0.531134444246776,-2.69322271309711,1.5894153128569,-1.04817361062272,-5.51327974112743,3.41899367155234,425000,810000,-91.5740571732259,30.2767986741923
846,-4.81183267798048,-9.25279695466899,-0.654234459646599,-0.551359079354407,-2.74777267318656,1.60921156242557,-1.04874824847874,-5.51246123161928,3.47789935679825,525000,810000,-90.5347342522646,30.2299505969596
847,-4.77516762012977,-9.2580159256999,-0.589254836041811,-0.569080041405179,-2.81262101895614,1.61118467681477,-1.05441488925644,-5.59807329356986,3.54470684055576,625000,810000,-89.4967206756629,30.1732690179632
848,-4.73053946580033,-9.26126048968309,-0.499076659232407,-0.591670239886729,-2.86707298780227,1.61439171155231,-1.05243291088502,-5.61957876266388,3.55004192243476,725000,810000,-88.4602585391847,30.1067672387357
849,-4.68097533274835,-9.32198817661015,-0.400633699836351,-0.608293894417809,-2.96250067302383,1.67172508561025,-1.04455780265934,-5.80231806848518,3.66106661000019,825000,810000,-87.4255885341334,30.0304753957623
850,-4.62728448945213,-9.3484151287626,-0.285463826000867,-0.622724088165569,-3.01835607629519,1.72998812867781,-1.03863400154568,-5.86709260154228,3.76001530129555,925000,810000,-86.3929516189877,29.944398272617
851,-4.57958511383315,-9.34016185908515,-0.207162996912809,-0.640933729269685,-3.06935072583415,1.75736222850578,-1.04433824047533,-5.98999087096035,3.83603377011036,1025000,810000,-85.3625855729206,29.8485747694758
852,-4.54012974697378,-9.38117891147781,-0.128391218588995,-0.650256319293712,-3.15700652348631,1.79786146068448,-1.05351304601082,-6.12269968531066,3.93979663969564,1125000,810000,-84.3347298107358,29.7430273275091
853,-4.49191054396396,-9.381034464483,-0.0381615002633085,-0.649009574436847,-3.21726936872214,1.85231813995491,-1.04630896278734,-6.25727717087948,4.09959318334399,1225000,810000,-83.3096065808924,29.6277846482538
854,-4.46233045381062,-9.50030744687536,0.118525233514636,-0.644426842042469,-3.29043909447681,1.94227465236026,-1.04112670631115,-6.42896665077667,4.28800819734237,1325000,810000,-82.2874472652973,29.5028808411313
855,-4.43345046928708,-9.64104201862935,0.401365865796601,-0.639100403081724,-3.43847507904137,2.08464944682487,-1.04362122582413,-6.71799407917615,4.58736820803463,1425000,810000,-81.2684708861615,29.3683499635391
856,-4.41134187745076,-10.3252343866684,0.941488211120842,-0.630771883992269,-3.80921884470242,2.46795216751633,-1.03567756640261,-7.54284135262759,5.32840356136801,1525000,810000,-80.2528985379793,29.2242284815985
857,-5.17607321192917,-10.5080755392272,-0.464520472670657,-0.236306174811805,-2.90231171009272,2.37688991302378,-1.09816195852319,-6.61716347627663,4.35635230186714,-775000,710000,-103.970332729672,29.1711345184768
858,-5.17358719902859,-10.4804182986247,-0.463002360827495,-0.240130532435347,-2.89664748303547,2.35883493905997,-1.10146830340169,-6.60734270460463,4.32879180082504,-675000,710000,-102.945823694478,29.2419107503682
859,-5.10129370971334,-10.0679662817751,-0.70734635094081,-0.340422502637516,-2.63808187591448,1.92990247676447,-1.05754017084507,-5.95650687695842,3.75714537348964,-475000,710000,-100.892206006231,29.3542821339543
860,-5.09013855985133,-9.8186143835995,-0.814389328327367,-0.355604579351897,-2.5435425541864,1.79671954083245,-1.04794933192883,-5.72112814291424,3.51000048029414,-375000,710000,-99.8635538433568,29.3958378918731
861,-5.07343330007785,-9.71713847417923,-0.816897775966837,-0.371827890734847,-2.53885743423956,1.75139539345189,-1.04407821071766,-5.64651563356368,3.43169092887552,-275000,710000,-98.8339955170184,29.4276273597761
862,-5.05713005847722,-9.6997074618822,-0.814087995420831,-0.391063652987419,-2.5511425170338,1.73056132714611,-1.04557619270332,-5.63609128755328,3.43534737954056,-175000,710000,-97.8037712093334,29.4496414766614
863,-5.03093981989941,-9.61169637645806,-0.811485422460634,-0.412172428173917,-2.56589308630377,1.69459941407536,-1.05076098835713,-5.63877030180362,3.43280610020629,-75000,710000,-96.7731222235808,29.4618719470509
864,-5.00586084225255,-9.64247880770326,-0.793420021303351,-0.431992392678671,-2.62126856149216,1.70161458779523,-1.05100502215177,-5.66103315926589,3.42942755289695,25000,710000,-95.7422934190831,29.4643186321203
865,-4.9734684347483,-9.54058254311752,-0.76953290937167,-0.452630287861743,-2.65302073407896,1.70298071249661,-1.04170212152064,-5.65559590569167,3.45716570798492,125000,710000,-94.7115246549036,29.4569778903576
866,-4.92784810358487,-9.57470770340147,-0.694362659171763,-0.480346687719583,-2.75534362239633,1.73270023017959,-1.04181533878958,-5.76594218840008,3.61744548568497,225000,710000,-93.6810578695653,29.4398516907835
867,-4.88637747148957,-9.53772382966519,-0.649541451151257,-0.507949216672396,-2.80222803745985,1.73766120383156,-1.03858056645182,-5.78994778405111,3.68875168538733,325000,710000,-92.6511375648389,29.4129484837211
868,-4.85255790552743,-9.52763810078569,-0.565425125795386,-0.531545661104389,-2.87347422683736,1.74584023234353,-1.04745335930892,-5.86591437705293,3.7470462267434,425000,710000,-91.6219979760643,29.3762713439853
869,-4.81753784712649,-9.51636269347575,-0.498150493061781,-0.547638419246099,-2.91372948194674,1.75800010540225,-1.0536453389811,-5.88683026192466,3.80778096206827,525000,710000,-90.5938864631691,29.329835496974
870,-4.78187862913056,-9.56834558279472,-0.376511767690457,-0.563923145671581,-3.00599922773593,1.82697712448087,-1.05696790857014,-6.01302854511143,3.93793764589818,625000,710000,-89.5670427921306,29.273652339948
871,-4.75574072504003,-9.82376144361088,-0.154449790107983,-0.578345792128393,-3.19705575379789,1.96756364419429,-1.05909823771392,-6.33836837220868,4.25146112606644,725000,710000,-88.5417045145063,29.2077355032546
872,-4.46030417684417,-9.99506549028471,0.498103922179096,-0.644068216454755,-3.59364744261365,2.20426689408006,-1.04340247523448,-6.99217793417986,4.83847587713508,1225000,710000,-83.4456570528557,28.7328723714034
873,-4.43152026428186,-9.78168524695928,0.48492183518382,-0.635544630003213,-3.49294516411106,2.14827238541103,-1.03763843719,-6.85820495427644,4.74665152689586,1325000,710000,-82.4341679113987,28.609029601256
874,-4.41196839724984,-9.91656737647197,0.682719818201958,-0.63300809610594,-3.60075759341551,2.23920372003675,-1.03078152716384,-7.08753542360714,4.92881388949729,1425000,710000,-81.4257589214284,28.4756302741436
875,-4.3921871072979,-10.255813472635,0.97601329216217,-0.627786461012669,-3.7970300616138,2.43224018094653,-1.02592807797977,-7.48926996953693,5.320402932172,1525000,710000,-80.4206503145145,28.3327141664549
876,-5.10345148266809,-10.477279480468,-0.353322353674126,-0.356321222389844,-2.92265351319442,2.17661083281744,-1.02990629164825,-6.42366754722835,4.35315883937819,-475000,610000,-100.839799170516,28.4519846347817
877,-5.08964147704522,-10.0359642492096,-0.648585898193163,-0.368984632449242,-2.717457958416,1.91971256227001,-1.02352500055026,-5.96580120514241,3.8121242696682,-375000,610000,-99.8221410586447,28.4931897923187
878,-5.08195520865302,-9.95045601343064,-0.683015692275613,-0.381463867352835,-2.68333292703725,1.86841897722127,-1.03313489550356,-5.91107337666706,3.70755411078603,-275000,610000,-98.8036037532023,28.5247088807883
879,-5.06787181243701,-9.91053394572924,-0.687738570600251,-0.391526565159006,-2.68144404092832,1.84997994868611,-1.03854584657808,-5.89934856835496,3.70202893026824,-175000,610000,-97.7844205006506,28.5465353882343
880,-5.04896871089516,-9.88896556362367,-0.691801472655389,-0.40783122962383,-2.68314690696895,1.81614679349587,-1.03824259821857,-5.84721634990462,3.65785650076892,-75000,610000,-96.7648271835526,28.5586625642858
881,-5.02077955022632,-9.99437790348708,-0.612823446345695,-0.427444493544115,-2.80210946515067,1.89460081379693,-1.04465387662283,-6.02265082629268,3.85399580799606,25000,610000,-95.7450594404413,28.5610887774951
882,-5.00067795754487,-10.1869347796508,-0.410125454983605,-0.440333815362535,-2.9841347402623,2.05368097818634,-1.04265662452713,-6.36124311081561,4.16586442430198,125000,610000,-94.7253496516552,28.5538106653276
883,-4.39607427227215,-10.2390084439005,1.00045966403983,-0.625227950304976,-3.81900972361268,2.44256327800257,-1.03111535150788,-7.56804200543322,5.38250599234909,1325000,610000,-82.5778001011611,27.7129348158714
884,-4.38088299867082,-10.2511397092463,1.01452570284973,-0.621992582947787,-3.78208728312848,2.43538377833783,-1.03583026245277,-7.50805234173199,5.33739491470778,1425000,610000,-81.5797498080299,27.5806225765842
885,-4.36768792164535,-10.4238037289097,1.24761219648835,-0.619986029383001,-3.88911007914903,2.54304416320772,-1.02964087871927,-7.7544824893506,5.58217499528249,1525000,610000,-80.5848967856478,27.4388599433824
886,-4.35574130769959,-10.9943787754384,1.79475824357318,-0.62086436367729,-4.22770660351446,2.87868204879525,-1.02856696229351,-8.48232902293697,6.23737635270842,1625000,610000,-79.5934442932274,27.2876851795014
887,-5.09072916803435,-10.4476630413914,-0.347010206421523,-0.37851356017523,-2.95541988421759,2.15437350452927,-1.00537399183396,-6.46947793808118,4.39285504240773,-375000,510000,-99.7816056004002,27.5884209095092
888,-5.08723399753511,-10.2646064331605,-0.47276893917106,-0.383725439934993,-2.85603168246672,2.03341320633671,-1.01915596614835,-6.28366992141874,4.07879721043074,-275000,510000,-98.7738559594508,27.6196803654525
889,-5.08023471889,-10.23522314354,-0.491210416925982,-0.392226441720114,-2.85813731106831,1.9933251277911,-1.02232916240238,-6.26026628456106,4.04714168368914,-175000,510000,-97.7654811441418,27.6413270736729
890,-5.0790235457304,-10.3745694032973,-0.413894022318534,-0.398352008692255,-2.95395885415991,2.09039159549021,-1.02171066199829,-6.45937365818432,4.24329865068751,-75000,510000,-96.7567093281511,27.6533554899831
891,-4.38073801955414,-10.7352906845459,1.42945595188095,-0.621685431307537,-4.05561092274429,2.69635881510263,-1.04473454534404,-8.1042351426482,5.90067886544842,1325000,510000,-82.7184446400312,26.8144392584395
892,-4.36402709598114,-10.545314275668,1.37083262466167,-0.614840971315017,-3.96529164354652,2.62176287153155,-1.04809269305411,-7.98115542891528,5.74228649743006,1425000,510000,-81.7305465487477,26.6831660478232
893,-4.35391299648584,-10.6636878400881,1.55182763648115,-0.616148128931488,-4.03918733919719,2.69317104246158,-1.03978015165165,-8.15387098906788,5.88939245894593,1525000,510000,-80.745748026708,26.5425084849531
894,-4.34138262170816,-10.9659214449575,1.81195249331465,-0.617619437565332,-4.21513440656316,2.84438605447709,-1.03266037239011,-8.49792489429162,6.22595963125634,1625000,510000,-79.7642440538776,26.3925027330855
895,-5.09584226153327,-10.877072411769,0.0166333198095223,-0.381768669930791,-3.21843095619039,2.40784558729084,-0.991037184035319,-7.00902323201507,4.91737906645966,-375000,410000,-99.7419201953412,26.6813602201636
896,-5.09248168977896,-10.5612744859361,-0.221441366243678,-0.384807603941925,-3.03847686221627,2.23319708160169,-1.00341012363263,-6.62272098635287,4.48959904091733,-275000,410000,-98.7447346457662,26.7123724146124
897,-5.09430118841173,-10.5397787708062,-0.216040362733601,-0.39070165792887,-3.05488229312243,2.20519682453104,-1.0055582614024,-6.64336182320842,4.46901836374779,-175000,410000,-97.7469409873041,26.7338467365782
898,-5.09244912147576,-10.7583936595322,-0.0988344826740592,-0.394944348070273,-3.15380134439757,2.30932658567423,-1.00239891589521,-6.87828948909176,4.68392389928101,-75000,410000,-96.7487635710306,26.7457778544979
899,-4.33765901328248,-11.0172993820954,1.85417462558145,-0.607979359556388,-4.23997288677795,2.8950991134688,-1.04602796421038,-8.51561905280108,6.275118213062,1425000,410000,-81.878244686014,25.7831008713119
900,-4.33770513836013,-10.9514201313243,1.85208364634385,-0.614607505457513,-4.23807305722103,2.85145663926116,-1.04115693274348,-8.52530237181085,6.21831761253936,1525000,410000,-80.9033047976919,25.6435018135794
901,-4.32735020320948,-11.12906367503,2.02196770458079,-0.616709535733447,-4.34259354308765,2.97395259761758,-1.03025230815129,-8.71405713341033,6.45469782040631,1625000,410000,-79.9315578597677,25.4946134628712
902,-5.10006163571706,-11.1337522564802,0.234550674965166,-0.389013677048507,-3.35987966549539,2.52461571739803,-1.00574784721076,-7.30821360049666,5.19459499885855,-275000,310000,-98.716210420344,25.8026137935416
903,-5.10474787437987,-10.9477994208982,0.0863525813729748,-0.388321889907799,-3.30206873104256,2.44924817051825,-1.00798971197272,-7.13298057418698,4.98464722739713,-175000,310000,-97.7287863742879,25.8239260818634
904,-5.10156740364582,-11.2096938532583,0.315623260181382,-0.388658639257237,-3.41810926797571,2.57108521694814,-0.995177339476403,-7.36807934689838,5.26725211101057,-75000,310000,-96.7409844529545,25.8357647579242
905,-4.31128112286497,-12.2179827188359,3.08105824158546,-0.609277923966347,-5.01344598379598,3.60565486478655,-1.03922335893847,-10.0237936018951,7.69761581007612,1325000,310000,-82.9911318916856,25.0095908443845
906,-4.31276877940855,-11.3553158650338,2.25416646476182,-0.611216336338211,-4.51825974463992,3.14914744482122,-1.03785309604719,-8.97884618769819,6.69891125223431,1425000,310000,-82.0229437252732,24.8802638701045
907,-4.32030193496697,-11.2451410059003,2.14278703013208,-0.614021012826155,-4.4236170668586,3.05734107360952,-1.03314003210023,-8.86304121019161,6.57269462780679,1525000,310000,-81.0576693487307,24.7416782746969
908,-4.32571003617336,-11.4669992232119,2.32021272802935,-0.615488287829864,-4.50835414239647,3.15396668255992,-1.03064600924684,-9.06882308093159,6.81396090641888,1625000,310000,-80.0954929633818,24.5938615514206
