cell50,year,species_count,total_mammal_count_same_cell
8,2008,0,1
15,2008,0,2
17,2008,0,3
19,2008,0,1
20,2008,0,5
34,2008,0,1
36,2008,1,2
37,2008,0,3
54,2008,1,7
55,2008,0,20
77,2008,0,1
83,2008,0,3
92,2008,0,4
99,2008,0,1
130,2008,0,1
147,2008,0,7
150,2008,0,3
157,2008,0,5
166,2008,1,3
168,2008,0,1
170,2008,2,4
216,2008,0,4
230,2008,0,1
263,2008,0,1
264,2008,0,2
265,2008,0,1
266,2008,0,2
275,2008,0,4
311,2008,0,2
328,2008,1,2
333,2008,0,1
338,2008,0,2
339,2008,0,6
351,2008,0,1
372,2008,0,4
400,2008,0,1
401,2008,0,2
402,2008,0,1
404,2008,0,1
409,2008,1,1
410,2008,0,4
467,2008,0,1
472,2008,0,1
474,2008,0,1
475,2008,1,5
476,2008,0,6
480,2008,0,1
482,2008,0,2
483,2008,0,4
485,2008,0,1
501,2008,0,1
504,2008,0,1
508,2008,0,1
513,2008,0,1
535,2008,0,2
540,2008,0,1
552,2008,0,4
556,2008,0,1
557,2008,1,3
559,2008,0,1
561,2008,0,1
577,2008,0,1
586,2008,0,23
587,2008,0,11
588,2008,2,4
614,2008,0,1
619,2008,0,1
621,2008,0,1
623,2008,0,1
626,2008,3,19
630,2008,2,4
631,2008,1,1
636,2008,0,4
640,2008,0,1
662,2008,0,2
663,2008,0,2
664,2008,0,35
691,2008,0,1
692,2008,0,1
696,2008,0,1
701,2008,0,1
709,2008,0,1
713,2008,0,1
715,2008,0,25
716,2008,0,3
717,2008,0,1
740,2008,0,1
741,2008,0,1
742,2008,0,2
751,2008,0,3
770,2008,0,1
772,2008,0,1
775,2008,1,4
776,2008,1,1
787,2008,0,4
792,2008,0,14
793,2008,0,1
795,2008,0,1
796,2008,1,12
797,2008,0,1
820,2008,0,9
821,2008,0,7
831,2008,0,1
832,2008,1,2
850,2008,0,2
853,2008,2,14
869,2008,0,1
870,2008,0,3
872,2008,0,1
878,2008,0,1
879,2008,0,2
880,2008,0,3
881,2008,0,1
882,2008,0,1
919,2008,1,23
921,2008,0,3
936,2008,0,1
943,2008,0,1
949,2008,3,8
953,2008,0,4
957,2008,1,2
958,2008,3,9
961,2008,1,4
964,2008,1,2
966,2008,0,1
967,2008,0,1
1005,2008,0,2
1025,2008,0,1
1026,2008,0,1
1027,2008,0,1
1028,2008,0,1
1029,2008,1,3
1030,2008,0,1
1033,2008,0,1
1039,2008,0,1
1042,2008,1,2
1110,2008,0,3
1111,2008,1,7
1112,2008,0,1
1113,2008,0,4
1115,2008,0,3
1116,2008,0,1
1117,2008,11,37
1118,2008,5,19
1119,2008,1,7
1124,2008,0,1
1125,2008,0,1
1130,2008,2,3
1131,2008,1,8
1132,2008,0,1
1133,2008,1,1
1134,2008,0,2
1181,2008,1,1
1195,2008,0,5
1197,2008,0,1
1198,2008,0,2
1199,2008,1,5
1200,2008,1,5
1202,2008,1,6
1203,2008,0,1
1204,2008,1,2
1206,2008,1,3
1214,2008,0,1
1216,2008,0,1
1217,2008,0,22
1270,2008,0,1
1279,2008,1,4
1280,2008,0,2
1285,2008,0,1
1287,2008,2,3
1289,2008,0,2
1290,2008,1,5
1292,2008,0,1
1296,2008,0,2
1300,2008,1,2
1302,2008,0,1
1334,2008,0,1
1355,2008,0,2
1356,2008,0,2
1359,2008,1,1
1360,2008,1,3
1364,2008,1,1
1366,2008,0,1
1368,2008,1,1
1375,2008,2,5
1383,2008,0,2
1385,2008,0,2
1386,2008,0,1
1435,2008,0,1
1458,2008,1,1
1462,2008,0,3
1463,2008,0,1
1468,2008,0,1
1469,2008,0,2
1471,2008,0,1
1530,2008,2,2
1537,2008,0,1
1541,2008,0,1
1546,2008,1,1
1548,2008,0,1
1550,2008,1,4
1551,2008,1,5
1552,2008,1,6
1554,2008,1,1
1555,2008,0,1
1586,2008,0,25
1587,2008,0,2
1604,2008,0,1
1615,2008,0,2
1618,2008,2,3
1623,2008,1,1
1624,2008,0,2
1630,2008,0,2
1633,2008,0,2
1634,2008,2,11
1635,2008,0,4
1636,2008,0,1
1637,2008,0,1
1668,2008,0,5
1669,2008,0,7
1670,2008,0,2
1700,2008,0,1
1704,2008,1,1
1709,2008,0,1
1713,2008,1,3
1715,2008,2,8
1717,2008,0,2
1721,2008,0,3
1782,2008,0,1
1787,2008,1,1
1801,2008,1,1
1803,2008,0,5
1834,2008,0,10
1841,2008,0,1
1850,2008,0,1
1853,2008,0,1
1856,2008,1,2
1880,2008,1,1
1881,2008,0,2
1934,2008,0,2
1940,2008,0,1
1945,2008,1,1
1959,2008,1,2
1962,2008,0,14
1964,2008,0,1
2034,2008,0,1
2040,2008,0,2
2046,2008,0,1
2101,2008,0,1
2108,2008,3,3
2117,2008,0,1
2127,2008,0,3
2177,2008,0,1
2196,2008,0,1
2201,2008,0,1
2202,2008,0,2
2206,2008,0,1
2207,2008,1,2
2238,2008,0,1
2272,2008,0,2
2275,2008,0,1
2279,2008,0,1
2284,2008,3,4
2285,2008,0,3
2319,2008,0,2
2354,2008,0,3
2358,2008,4,4
2360,2008,0,1
2363,2008,0,2
2385,2008,0,1
2386,2008,0,1
2397,2008,0,1
2412,2008,1,1
2419,2008,0,1
2422,2008,0,4
2433,2008,0,1
2436,2008,0,1
2437,2008,0,1
2438,2008,0,1
2441,2008,0,1
2463,2008,0,1
2509,2008,1,2
2524,2008,0,1
2537,2008,0,1
2555,2008,2,5
2577,2008,0,1
2591,2008,0,1
2597,2008,0,3
2614,2008,0,2
2643,2008,0,1
2659,2008,0,1
2661,2008,0,1
2679,2008,0,1
2697,2008,0,7
2700,2008,1,1
2709,2008,1,3
2724,2008,0,1
2729,2008,0,2
2736,2008,0,1
2746,2008,0,1
2751,2008,0,1
2755,2008,0,3
2763,2008,1,1
2772,2008,0,1
2790,2008,0,1
2809,2008,0,14
2810,2008,0,1
2815,2008,0,1
2859,2008,0,1
2862,2008,0,1
2869,2008,0,1
2870,2008,2,9
2871,2008,0,1
2872,2008,0,1
2873,2008,1,9
2895,2008,0,4
2896,2008,0,6
2897,2008,0,2
2927,2008,0,1
2928,2008,0,1
2929,2008,2,7
2967,2008,0,1
2975,2008,0,1
2976,2008,0,2
2983,2008,0,1
2996,2008,0,1
3046,2008,0,1
3047,2008,0,1
3055,2008,0,1
3061,2008,0,3
3064,2008,0,1
3079,2008,0,1
3083,2008,0,2
3087,2008,0,4
3099,2008,1,2
3105,2008,0,1
3109,2008,0,1
3123,2008,0,1
3133,2008,0,1
3137,2008,0,1
3139,2008,0,1
3144,2008,0,4
3145,2008,0,1
3147,2008,0,2
3148,2008,0,1
3151,2008,0,1
3156,2008,0,1
3157,2008,0,1
3162,2008,0,2
3174,2008,0,1
3176,2008,0,1
3185,2008,0,1
3189,2008,0,2
3190,2008,1,2
3191,2008,0,2
3192,2008,1,13
3203,2008,0,2
3209,2008,1,1
3216,2008,0,1
3221,2008,1,9
3226,2008,0,3
3228,2008,1,9
3229,2008,0,1
3232,2008,0,2
3233,2008,0,1
3234,2008,0,1
3235,2008,0,1
3236,2008,0,1
3248,2008,0,1
3249,2008,0,1
3266,2008,0,1
3275,2008,0,1
3276,2008,0,1
3277,2008,0,3
3279,2008,0,2
3289,2008,0,1
3292,2008,0,1
3294,2008,0,1
3295,2008,0,1
3296,2008,1,1
3297,2008,0,1
3305,2008,2,4
3309,2008,1,1
3320,2008,0,1
3322,2008,1,5
3324,2008,0,1
3325,2008,0,2
3334,2008,0,8
3335,2008,0,5
3344,2008,0,1
3345,2008,0,1
3349,2008,2,11
3355,2008,0,1
3356,2008,0,12
3357,2008,0,6
3358,2008,0,2
28,2009,0,1
36,2009,0,1
37,2009,1,10
51,2009,0,1
54,2009,0,3
55,2009,0,20
59,2009,0,2
77,2009,0,1
81,2009,0,1
83,2009,0,1
92,2009,1,6
100,2009,0,2
116,2009,0,1
117,2009,1,2
120,2009,1,2
141,2009,0,1
144,2009,0,1
157,2009,0,1
164,2009,0,1
167,2009,1,1
170,2009,0,4
173,2009,0,1
206,2009,0,1
207,2009,0,1
216,2009,0,2
225,2009,0,1
226,2009,0,1
233,2009,0,1
255,2009,0,1
257,2009,1,1
263,2009,0,1
265,2009,0,1
266,2009,0,5
275,2009,0,2
293,2009,0,1
309,2009,0,1
339,2009,1,4
356,2009,0,2
373,2009,0,17
383,2009,0,1
385,2009,0,2
389,2009,0,4
396,2009,0,1
400,2009,0,4
401,2009,0,9
402,2009,0,3
403,2009,0,2
407,2009,0,1
408,2009,0,1
409,2009,0,2
441,2009,0,1
449,2009,0,1
455,2009,0,1
462,2009,0,1
467,2009,0,1
469,2009,3,5
471,2009,0,1
472,2009,0,2
473,2009,0,1
474,2009,1,2
475,2009,1,10
476,2009,0,4
479,2009,0,1
482,2009,0,5
483,2009,0,2
508,2009,0,1
535,2009,0,1
536,2009,0,1
547,2009,0,2
550,2009,0,3
552,2009,1,3
553,2009,1,2
554,2009,0,2
555,2009,0,4
556,2009,1,4
557,2009,1,3
559,2009,0,3
561,2009,0,5
585,2009,0,1
586,2009,0,31
587,2009,0,7
588,2009,0,2
614,2009,0,2
615,2009,0,1
619,2009,0,1
620,2009,0,2
626,2009,1,11
631,2009,1,2
632,2009,0,1
633,2009,0,2
636,2009,0,2
637,2009,0,1
638,2009,0,1
663,2009,0,9
664,2009,0,35
691,2009,0,2
692,2009,0,1
697,2009,0,1
704,2009,0,4
708,2009,1,1
710,2009,1,1
711,2009,0,1
713,2009,0,9
715,2009,0,7
716,2009,0,3
717,2009,0,10
718,2009,0,4
742,2009,0,3
751,2009,1,3
769,2009,0,3
770,2009,2,3
772,2009,0,4
787,2009,0,1
791,2009,0,1
792,2009,0,5
794,2009,0,4
796,2009,1,8
797,2009,0,5
820,2009,0,16
821,2009,0,3
832,2009,0,1
848,2009,0,3
849,2009,1,1
850,2009,0,4
852,2009,0,1
853,2009,0,3
857,2009,0,1
868,2009,0,1
869,2009,1,1
870,2009,0,3
871,2009,1,3
872,2009,0,2
876,2009,0,2
877,2009,0,2
878,2009,0,3
879,2009,0,1
881,2009,1,1
882,2009,0,2
919,2009,0,25
921,2009,0,11
922,2009,0,3
943,2009,0,1
944,2009,4,4
949,2009,1,4
953,2009,1,7
954,2009,0,1
955,2009,0,3
957,2009,0,1
958,2009,2,4
959,2009,0,1
963,2009,0,1
966,2009,0,2
967,2009,1,2
968,2009,0,2
1005,2009,0,1
1026,2009,0,1
1027,2009,0,1
1028,2009,1,1
1029,2009,0,2
1030,2009,1,1
1037,2009,1,3
1039,2009,0,1
1040,2009,0,2
1048,2009,2,3
1051,2009,0,1
1052,2009,0,2
1083,2009,0,1
1093,2009,0,1
1096,2009,1,3
1110,2009,0,1
1111,2009,1,2
1113,2009,1,6
1114,2009,0,3
1116,2009,0,1
1117,2009,10,30
1118,2009,2,27
1119,2009,1,4
1120,2009,1,1
1122,2009,0,3
1124,2009,0,2
1131,2009,1,6
1133,2009,2,4
1160,2009,0,1
1170,2009,0,1
1190,2009,2,3
1195,2009,0,2
1197,2009,0,6
1199,2009,1,3
1202,2009,0,3
1203,2009,0,2
1204,2009,2,2
1206,2009,1,4
1213,2009,0,3
1214,2009,0,1
1216,2009,0,2
1217,2009,0,17
1270,2009,0,1
1273,2009,1,1
1276,2009,0,1
1279,2009,8,17
1280,2009,0,2
1285,2009,0,1
1286,2009,0,1
1287,2009,0,6
1290,2009,3,12
1292,2009,0,1
1294,2009,0,2
1296,2009,0,3
1300,2009,1,1
1301,2009,2,6
1302,2009,1,7
1303,2009,0,1
1334,2009,0,4
1335,2009,0,2
1355,2009,0,1
1356,2009,1,3
1364,2009,0,1
1365,2009,2,5
1368,2009,1,1
1373,2009,0,1
1375,2009,3,8
1380,2009,0,1
1385,2009,3,5
1386,2009,3,7
1435,2009,0,1
1449,2009,0,1
1453,2009,0,1
1458,2009,1,2
1461,2009,1,1
1462,2009,0,1
1463,2009,0,1
1469,2009,0,4
1471,2009,1,2
1505,2009,0,2
1514,2009,0,1
1515,2009,0,1
1530,2009,1,2
1534,2009,0,1
1540,2009,0,2
1541,2009,0,4
1546,2009,2,2
1548,2009,0,1
1550,2009,1,3
1551,2009,1,6
1552,2009,3,8
1554,2009,0,3
1555,2009,0,4
1586,2009,0,38
1587,2009,0,1
1608,2009,0,1
1615,2009,1,2
1618,2009,9,24
1619,2009,0,3
1620,2009,1,4
1623,2009,1,1
1624,2009,1,4
1630,2009,1,5
1634,2009,3,22
1635,2009,0,4
1636,2009,1,1
1637,2009,0,3
1668,2009,0,4
1669,2009,0,12
1670,2009,0,9
1696,2009,0,2
1699,2009,0,1
1702,2009,0,1
1709,2009,0,2
1712,2009,0,1
1713,2009,1,4
1715,2009,6,7
1716,2009,0,1
1717,2009,0,5
1719,2009,0,2
1721,2009,3,7
1784,2009,1,1
1786,2009,0,1
1787,2009,1,3
1789,2009,0,1
1794,2009,0,1
1795,2009,1,1
1797,2009,0,1
1798,2009,1,1
1803,2009,0,2
1834,2009,0,7
1837,2009,0,1
1850,2009,1,1
1851,2009,0,1
1855,2009,1,2
1856,2009,3,3
1863,2009,0,1
1864,2009,1,2
1865,2009,0,1
1873,2009,0,1
1876,2009,0,1
1877,2009,0,1
1878,2009,0,1
1879,2009,0,2
1881,2009,0,1
1934,2009,0,1
1939,2009,0,2
1940,2009,0,5
1941,2009,0,1
1961,2009,1,1
1962,2009,0,1
1965,2009,0,2
1994,2009,0,2
2009,2009,0,1
2010,2009,0,1
2031,2009,1,1
2046,2009,1,4
2084,2009,0,1
2103,2009,0,1
2127,2009,0,4
2164,2009,1,1
2177,2009,0,1
2179,2009,0,2
2196,2009,0,1
2198,2009,0,1
2200,2009,0,2
2202,2009,0,2
2207,2009,0,1
2208,2009,0,3
2239,2009,0,1
2240,2009,0,1
2250,2009,0,1
2254,2009,1,2
2275,2009,0,1
2278,2009,0,1
2279,2009,2,3
2284,2009,1,1
2285,2009,0,3
2287,2009,0,2
2290,2009,0,1
2307,2009,0,1
2308,2009,0,10
2339,2009,0,1
2349,2009,0,1
2353,2009,0,2
2357,2009,0,3
2358,2009,1,2
2363,2009,0,4
2370,2009,1,2
2371,2009,0,1
2385,2009,0,4
2398,2009,0,1
2411,2009,0,2
2412,2009,0,1
2414,2009,0,1
2420,2009,0,1
2432,2009,0,2
2461,2009,0,1
2462,2009,0,1
2463,2009,0,1
2487,2009,0,1
2488,2009,1,1
2513,2009,0,1
2524,2009,0,2
2538,2009,0,1
2588,2009,0,1
2613,2009,0,1
2614,2009,0,1
2633,2009,0,10
2636,2009,0,1
2659,2009,2,2
2679,2009,0,1
2682,2009,0,1
2697,2009,0,7
2705,2009,1,1
2724,2009,1,1
2728,2009,0,1
2729,2009,3,4
2746,2009,0,1
2747,2009,0,3
2750,2009,0,1
2755,2009,0,1
2762,2009,0,5
2768,2009,0,3
2772,2009,0,2
2775,2009,0,3
2791,2009,0,1
2809,2009,0,13
2810,2009,0,1
2819,2009,1,1
2835,2009,0,1
2857,2009,0,1
2858,2009,0,1
2865,2009,0,1
2869,2009,0,2
2870,2009,3,12
2871,2009,0,2
2873,2009,4,22
2895,2009,1,2
2896,2009,0,1
2897,2009,0,4
2901,2009,0,1
2902,2009,0,1
2905,2009,1,1
2913,2009,0,1
2914,2009,0,1
2926,2009,0,1
2927,2009,0,3
2928,2009,2,3
2929,2009,1,9
2930,2009,0,1
2932,2009,0,1
2957,2009,0,2
2958,2009,0,2
2984,2009,0,1
3001,2009,1,2
3034,2009,0,1
3053,2009,0,1
3069,2009,0,1
3081,2009,1,2
3083,2009,0,3
3087,2009,0,6
3098,2009,0,3
3099,2009,0,2
3102,2009,1,1
3106,2009,0,1
3129,2009,0,2
3133,2009,0,2
3137,2009,0,1
3141,2009,0,4
3144,2009,0,2
3145,2009,0,3
3147,2009,0,1
3149,2009,0,2
3150,2009,0,2
3157,2009,0,4
3162,2009,0,1
3163,2009,0,2
3164,2009,0,2
3170,2009,0,1
3174,2009,0,3
3176,2009,0,1
3179,2009,0,1
3188,2009,0,1
3189,2009,1,3
3190,2009,1,4
3191,2009,2,10
3192,2009,0,5
3195,2009,0,1
3196,2009,0,3
3200,2009,0,1
3201,2009,0,1
3203,2009,0,2
3206,2009,0,2
3207,2009,0,2
3213,2009,1,2
3215,2009,0,2
3221,2009,3,7
3224,2009,0,1
3225,2009,4,5
3226,2009,0,1
3227,2009,0,1
3228,2009,0,5
3229,2009,0,2
3230,2009,1,2
3232,2009,1,1
3233,2009,4,5
3234,2009,0,7
3236,2009,0,1
3238,2009,0,1
3249,2009,1,2
3250,2009,0,2
3251,2009,0,1
3252,2009,0,1
3254,2009,0,3
3260,2009,0,2
3261,2009,0,1
3266,2009,2,8
3267,2009,0,1
3275,2009,0,1
3277,2009,1,5
3279,2009,0,1
3286,2009,0,1
3291,2009,0,2
3292,2009,0,2
3293,2009,0,2
3296,2009,0,4
3297,2009,0,2
3302,2009,2,3
3305,2009,1,4
3309,2009,0,1
3311,2009,0,1
3316,2009,0,1
3320,2009,0,1
3322,2009,0,2
3326,2009,1,2
3327,2009,0,2
3331,2009,0,2
3332,2009,1,4
3334,2009,0,9
3335,2009,0,5
3336,2009,1,2
3344,2009,0,2
3348,2009,0,3
3349,2009,3,7
3354,2009,0,1
3355,2009,0,1
3356,2009,0,10
3357,2009,1,11
3358,2009,0,7
3359,2009,0,1
8,2010,0,1
15,2010,0,3
16,2010,0,1
17,2010,0,7
19,2010,0,4
20,2010,0,5
32,2010,0,1
34,2010,0,1
36,2010,0,4
37,2010,1,15
54,2010,5,7
55,2010,2,48
77,2010,0,1
82,2010,0,1
115,2010,0,2
120,2010,0,1
130,2010,0,1
137,2010,0,1
149,2010,0,1
150,2010,0,1
157,2010,0,8
164,2010,0,3
165,2010,1,1
166,2010,0,1
170,2010,0,4
175,2010,0,1
206,2010,1,3
209,2010,0,2
216,2010,0,14
230,2010,0,3
264,2010,0,1
265,2010,0,6
266,2010,1,9
267,2010,0,1
273,2010,0,3
275,2010,0,3
309,2010,0,1
327,2010,1,3
334,2010,1,2
372,2010,0,1
373,2010,0,6
385,2010,0,2
389,2010,0,4
391,2010,0,3
399,2010,0,1
400,2010,1,4
401,2010,1,7
402,2010,1,3
403,2010,1,5
405,2010,0,1
407,2010,0,3
409,2010,0,1
430,2010,0,4
462,2010,0,2
464,2010,0,6
466,2010,0,2
469,2010,0,2
471,2010,0,1
472,2010,0,2
473,2010,0,1
475,2010,2,12
476,2010,0,2
480,2010,1,2
481,2010,0,2
482,2010,0,3
483,2010,0,4
485,2010,0,1
500,2010,0,1
504,2010,0,1
506,2010,0,1
508,2010,0,2
542,2010,0,1
543,2010,0,2
552,2010,0,4
553,2010,0,1
554,2010,0,1
556,2010,1,17
557,2010,1,7
560,2010,0,1
561,2010,0,3
562,2010,0,3
586,2010,0,24
587,2010,0,7
588,2010,0,2
616,2010,0,1
620,2010,2,10
622,2010,0,1
626,2010,5,29
627,2010,0,1
630,2010,2,4
631,2010,0,1
633,2010,1,1
635,2010,0,1
636,2010,0,2
640,2010,0,2
664,2010,0,17
666,2010,0,1
690,2010,0,1
700,2010,0,1
703,2010,0,1
704,2010,0,1
714,2010,0,1
715,2010,0,4
716,2010,0,6
717,2010,1,5
718,2010,0,2
740,2010,0,1
742,2010,0,5
751,2010,2,11
769,2010,4,6
770,2010,0,6
772,2010,0,1
775,2010,1,1
784,2010,0,1
785,2010,1,2
788,2010,1,1
792,2010,0,2
793,2010,1,2
794,2010,0,1
796,2010,1,30
797,2010,0,8
820,2010,0,21
821,2010,0,5
832,2010,2,2
848,2010,0,1
852,2010,0,1
853,2010,0,1
855,2010,0,1
856,2010,1,3
859,2010,0,2
863,2010,0,2
870,2010,1,2
871,2010,2,3
873,2010,0,1
877,2010,0,1
878,2010,0,3
879,2010,0,5
880,2010,1,2
882,2010,0,2
883,2010,0,2
919,2010,2,21
921,2010,0,19
922,2010,0,1
930,2010,0,1
934,2010,0,1
936,2010,0,1
937,2010,0,2
940,2010,0,1
949,2010,5,9
953,2010,0,5
954,2010,1,8
956,2010,1,4
957,2010,0,1
958,2010,1,5
959,2010,0,1
962,2010,2,7
966,2010,0,5
967,2010,0,1
969,2010,0,1
1005,2010,0,3
1015,2010,0,1
1027,2010,1,2
1036,2010,0,1
1037,2010,1,1
1038,2010,0,1
1046,2010,0,1
1048,2010,0,6
1050,2010,5,8
1052,2010,1,5
1110,2010,0,1
1111,2010,1,4
1114,2010,0,2
1115,2010,3,4
1116,2010,1,1
1117,2010,10,26
1118,2010,0,8
1119,2010,0,10
1124,2010,0,1
1130,2010,1,2
1131,2010,0,1
1132,2010,0,4
1133,2010,7,30
1172,2010,0,1
1190,2010,1,1
1197,2010,1,2
1198,2010,0,1
1199,2010,0,3
1201,2010,1,2
1202,2010,1,3
1203,2010,0,1
1204,2010,2,2
1206,2010,0,1
1207,2010,1,2
1209,2010,0,2
1213,2010,0,1
1214,2010,0,3
1215,2010,0,2
1216,2010,0,3
1217,2010,0,20
1253,2010,0,1
1273,2010,0,1
1279,2010,5,13
1280,2010,0,1
1281,2010,0,1
1285,2010,0,1
1286,2010,0,2
1288,2010,0,1
1289,2010,2,2
1290,2010,5,13
1295,2010,0,1
1296,2010,0,7
1298,2010,0,1
1300,2010,1,2
1301,2010,2,10
1302,2010,1,10
1303,2010,0,3
1334,2010,0,1
1335,2010,0,1
1340,2010,0,1
1355,2010,1,3
1356,2010,1,1
1360,2010,1,3
1364,2010,0,1
1367,2010,1,1
1368,2010,1,1
1374,2010,0,4
1375,2010,5,16
1378,2010,0,1
1383,2010,0,2
1385,2010,0,1
1386,2010,2,11
1387,2010,0,2
1388,2010,0,1
1420,2010,0,1
1435,2010,0,1
1447,2010,0,1
1453,2010,2,2
1457,2010,0,1
1458,2010,0,2
1459,2010,1,3
1462,2010,2,2
1463,2010,1,1
1468,2010,1,1
1469,2010,0,2
1504,2010,0,4
1505,2010,0,2
1515,2010,0,2
1519,2010,0,1
1537,2010,0,1
1541,2010,0,6
1543,2010,0,1
1547,2010,0,4
1548,2010,0,2
1549,2010,1,1
1550,2010,0,3
1551,2010,0,7
1552,2010,1,9
1553,2010,0,1
1554,2010,1,1
1555,2010,0,3
1584,2010,0,1
1586,2010,0,16
1587,2010,0,4
1605,2010,1,1
1618,2010,1,2
1619,2010,0,1
1620,2010,0,1
1624,2010,2,9
1625,2010,0,1
1626,2010,0,1
1630,2010,1,6
1633,2010,0,1
1634,2010,6,24
1635,2010,2,6
1637,2010,0,1
1638,2010,1,2
1668,2010,0,3
1669,2010,0,11
1670,2010,0,9
1702,2010,0,1
1712,2010,0,2
1713,2010,1,3
1715,2010,3,3
1717,2010,2,6
1718,2010,1,2
1719,2010,0,5
1721,2010,3,10
1752,2010,0,2
1780,2010,0,1
1783,2010,0,1
1786,2010,0,1
1787,2010,1,3
1789,2010,0,1
1794,2010,0,2
1795,2010,0,1
1797,2010,1,2
1798,2010,1,1
1801,2010,1,1
1803,2010,0,10
1834,2010,0,9
1850,2010,0,2
1851,2010,0,1
1855,2010,0,3
1856,2010,0,1
1869,2010,0,1
1877,2010,0,1
1878,2010,1,2
1880,2010,0,1
1914,2010,0,1
1915,2010,0,3
1925,2010,0,1
1937,2010,0,2
1940,2010,1,2
1948,2010,0,1
1958,2010,0,2
1961,2010,0,3
1964,2010,0,1
1965,2010,0,1
1994,2010,0,2
2010,2010,1,1
2025,2010,0,1
2026,2010,0,1
2032,2010,0,2
2038,2010,0,1
2046,2010,2,3
2102,2010,0,1
2110,2010,0,1
2117,2010,0,4
2127,2010,0,4
2160,2010,0,1
2164,2010,0,1
2175,2010,0,1
2177,2010,0,1
2179,2010,0,1
2186,2010,0,3
2196,2010,0,2
2202,2010,1,3
2207,2010,0,1
2208,2010,0,2
2238,2010,0,7
2239,2010,0,3
2240,2010,0,1
2242,2010,0,1
2250,2010,0,1
2259,2010,0,1
2271,2010,0,1
2284,2010,1,1
2285,2010,1,5
2319,2010,0,1
2340,2010,0,1
2342,2010,1,2
2352,2010,0,1
2353,2010,1,1
2354,2010,0,1
2358,2010,2,3
2360,2010,0,2
2370,2010,0,1
2371,2010,0,1
2386,2010,0,1
2398,2010,0,1
2412,2010,1,2
2415,2010,0,1
2420,2010,0,1
2434,2010,0,1
2437,2010,0,1
2438,2010,0,1
2441,2010,0,1
2462,2010,0,1
2480,2010,0,1
2488,2010,1,2
2493,2010,1,3
2502,2010,0,1
2537,2010,0,1
2563,2010,0,1
2571,2010,0,3
2584,2010,0,1
2586,2010,0,1
2587,2010,0,1
2595,2010,0,1
2597,2010,0,1
2598,2010,1,1
2614,2010,0,1
2629,2010,0,1
2633,2010,1,3
2637,2010,0,1
2643,2010,0,1
2644,2010,1,2
2652,2010,0,1
2654,2010,0,1
2659,2010,1,2
2669,2010,0,5
2679,2010,0,1
2697,2010,0,1
2703,2010,0,1
2709,2010,3,4
2713,2010,0,1
2714,2010,1,2
2729,2010,0,4
2736,2010,0,1
2746,2010,1,1
2750,2010,0,1
2752,2010,0,1
2762,2010,0,3
2772,2010,0,3
2775,2010,0,1
2781,2010,0,2
2795,2010,0,1
2803,2010,1,6
2809,2010,1,17
2811,2010,0,2
2815,2010,0,1
2819,2010,0,1
2835,2010,0,1
2850,2010,0,1
2853,2010,0,4
2857,2010,0,3
2869,2010,0,3
2870,2010,4,14
2871,2010,0,2
2873,2010,2,6
2895,2010,0,4
2896,2010,0,4
2897,2010,0,10
2905,2010,0,3
2913,2010,0,1
2914,2010,0,1
2927,2010,0,1
2928,2010,0,3
2929,2010,4,10
2953,2010,0,1
2957,2010,0,2
2966,2010,0,1
2985,2010,0,1
3000,2010,0,1
3006,2010,1,2
3007,2010,1,2
3014,2010,0,1
3023,2010,1,1
3035,2010,0,3
3046,2010,0,1
3051,2010,0,1
3057,2010,0,2
3063,2010,0,1
3065,2010,0,1
3075,2010,0,2
3079,2010,0,2
3081,2010,1,3
3083,2010,0,4
3087,2010,0,6
3096,2010,0,1
3105,2010,0,5
3106,2010,0,1
3123,2010,0,1
3124,2010,0,1
3133,2010,0,1
3134,2010,0,3
3137,2010,0,1
3141,2010,0,8
3143,2010,1,3
3144,2010,0,5
3145,2010,0,3
3147,2010,0,1
3149,2010,0,1
3157,2010,0,2
3159,2010,0,1
3160,2010,0,2
3162,2010,0,5
3164,2010,0,1
3165,2010,0,1
3166,2010,0,1
3167,2010,1,2
3168,2010,1,1
3171,2010,0,2
3174,2010,1,3
3188,2010,0,1
3189,2010,0,4
3190,2010,3,8
3191,2010,0,1
3192,2010,1,9
3193,2010,1,2
3196,2010,0,2
3197,2010,1,3
3203,2010,0,2
3206,2010,0,2
3214,2010,0,1
3216,2010,0,1
3217,2010,0,2
3221,2010,9,20
3225,2010,1,1
3226,2010,0,4
3228,2010,3,8
3229,2010,0,2
3230,2010,0,1
3232,2010,1,2
3233,2010,0,5
3234,2010,2,9
3235,2010,1,4
3236,2010,0,4
3238,2010,0,1
3247,2010,0,2
3248,2010,0,1
3249,2010,0,3
3250,2010,0,1
3251,2010,0,3
3252,2010,0,6
3253,2010,0,4
3258,2010,0,1
3259,2010,0,3
3260,2010,0,1
3266,2010,2,5
3267,2010,0,2
3277,2010,0,7
3279,2010,0,1
3292,2010,0,3
3293,2010,0,1
3294,2010,0,2
3295,2010,1,1
3296,2010,2,3
3302,2010,2,5
3303,2010,1,1
3304,2010,3,4
3305,2010,0,5
3309,2010,0,2
3311,2010,0,1
3319,2010,0,3
3320,2010,0,2
3321,2010,0,1
3322,2010,0,2
3327,2010,0,2
3329,2010,1,1
3333,2010,0,1
3334,2010,0,3
3335,2010,0,2
3336,2010,0,1
3338,2010,0,2
3344,2010,0,1
3349,2010,1,3
3350,2010,0,2
3354,2010,0,2
3356,2010,0,10
3357,2010,0,8
3358,2010,0,10
3359,2010,0,1
3361,2010,0,2
8,2011,0,1
17,2011,0,1
30,2011,0,1
35,2011,0,1
36,2011,0,3
37,2011,3,17
51,2011,0,1
54,2011,1,6
55,2011,0,28
56,2011,0,1
77,2011,0,2
83,2011,0,3
92,2011,0,5
116,2011,0,3
117,2011,0,2
120,2011,0,1
130,2011,0,1
136,2011,0,3
141,2011,0,1
144,2011,0,1
149,2011,0,1
157,2011,0,7
164,2011,0,4
166,2011,0,2
170,2011,0,5
171,2011,0,2
189,2011,0,1
197,2011,0,1
201,2011,1,1
203,2011,1,2
209,2011,0,1
210,2011,0,1
216,2011,0,2
225,2011,0,1
229,2011,0,2
265,2011,0,2
266,2011,0,2
267,2011,1,6
271,2011,0,1
273,2011,1,1
275,2011,0,3
292,2011,0,2
293,2011,0,1
295,2011,0,2
309,2011,0,1
327,2011,0,2
336,2011,0,2
339,2011,0,2
356,2011,1,3
373,2011,0,1
379,2011,1,2
389,2011,1,2
396,2011,0,1
400,2011,0,1
401,2011,0,5
403,2011,1,2
407,2011,1,1
408,2011,0,1
409,2011,0,2
410,2011,0,4
431,2011,0,1
433,2011,0,1
444,2011,0,1
462,2011,0,1
463,2011,1,1
465,2011,0,1
470,2011,0,1
473,2011,1,2
475,2011,0,2
479,2011,0,1
481,2011,0,1
482,2011,0,13
483,2011,0,3
505,2011,0,2
506,2011,0,1
509,2011,0,1
535,2011,0,9
536,2011,1,1
543,2011,0,1
550,2011,0,3
552,2011,1,4
555,2011,1,2
557,2011,2,5
560,2011,0,1
561,2011,0,3
577,2011,0,2
586,2011,0,60
587,2011,0,18
588,2011,0,9
612,2011,0,4
614,2011,0,1
616,2011,0,3
620,2011,0,1
622,2011,0,1
626,2011,2,21
630,2011,2,16
631,2011,0,3
634,2011,0,1
635,2011,1,6
636,2011,0,5
637,2011,2,3
638,2011,0,1
639,2011,0,1
640,2011,1,7
663,2011,0,9
664,2011,0,62
691,2011,0,1
701,2011,0,4
705,2011,0,2
709,2011,1,2
711,2011,0,1
713,2011,0,2
714,2011,0,1
715,2011,0,5
716,2011,0,2
717,2011,0,8
718,2011,0,2
742,2011,0,8
751,2011,2,10
769,2011,1,8
770,2011,2,4
772,2011,2,7
775,2011,1,1
782,2011,0,2
784,2011,0,2
785,2011,0,1
787,2011,0,2
788,2011,1,3
792,2011,0,3
793,2011,0,6
794,2011,0,3
795,2011,0,2
796,2011,2,22
820,2011,0,31
821,2011,0,9
832,2011,1,1
842,2011,0,1
850,2011,1,1
853,2011,0,1
854,2011,0,2
855,2011,1,3
856,2011,0,2
867,2011,1,1
869,2011,0,2
870,2011,1,2
871,2011,0,3
874,2011,0,1
876,2011,0,3
877,2011,0,1
878,2011,1,6
879,2011,2,4
880,2011,3,6
881,2011,2,6
882,2011,0,7
911,2011,0,2
919,2011,2,35
921,2011,0,6
935,2011,0,1
936,2011,0,1
938,2011,0,1
943,2011,0,1
949,2011,12,24
953,2011,0,5
954,2011,0,1
957,2011,0,2
958,2011,4,7
961,2011,0,1
962,2011,0,2
963,2011,0,1
965,2011,0,1
966,2011,0,6
967,2011,0,2
969,2011,0,3
1026,2011,0,1
1027,2011,0,2
1028,2011,1,2
1029,2011,1,1
1032,2011,1,1
1036,2011,0,1
1038,2011,0,1
1045,2011,0,1
1048,2011,2,4
1049,2011,0,1
1050,2011,0,7
1051,2011,2,2
1052,2011,1,3
1083,2011,0,1
1088,2011,0,1
1111,2011,0,3
1113,2011,0,4
1115,2011,0,2
1116,2011,2,3
1117,2011,4,14
1118,2011,0,6
1119,2011,4,11
1124,2011,0,1
1130,2011,0,2
1131,2011,0,1
1132,2011,3,6
1133,2011,6,23
1134,2011,0,3
1171,2011,0,1
1172,2011,0,1
1183,2011,1,1
1190,2011,3,3
1192,2011,0,1
1195,2011,0,2
1197,2011,8,15
1199,2011,0,3
1201,2011,0,1
1202,2011,2,5
1203,2011,0,1
1204,2011,2,3
1207,2011,0,4
1213,2011,0,4
1214,2011,0,3
1215,2011,0,4
1216,2011,0,4
1217,2011,0,34
1270,2011,0,9
1273,2011,0,2
1276,2011,0,2
1279,2011,2,12
1280,2011,0,7
1285,2011,1,2
1286,2011,1,1
1287,2011,4,11
1288,2011,0,1
1290,2011,3,16
1292,2011,0,1
1294,2011,0,1
1295,2011,0,2
1296,2011,0,4
1297,2011,0,1
1298,2011,0,1
1300,2011,0,3
1301,2011,5,6
1302,2011,0,3
1334,2011,0,8
1335,2011,0,3
1355,2011,2,4
1356,2011,1,2
1358,2011,0,1
1359,2011,1,3
1364,2011,1,2
1365,2011,0,2
1368,2011,1,1
1374,2011,0,1
1375,2011,4,11
1377,2011,0,2
1378,2011,1,3
1381,2011,1,4
1383,2011,0,2
1384,2011,0,1
1385,2011,1,4
1386,2011,4,15
1388,2011,1,1
1420,2011,0,1
1451,2011,0,1
1453,2011,1,2
1455,2011,0,1
1458,2011,0,3
1459,2011,1,5
1461,2011,0,1
1462,2011,0,3
1464,2011,0,2
1465,2011,0,1
1468,2011,0,1
1469,2011,0,2
1471,2011,1,5
1472,2011,0,2
1504,2011,0,1
1505,2011,0,2
1530,2011,0,3
1540,2011,0,1
1541,2011,1,5
1547,2011,1,1
1550,2011,1,2
1551,2011,4,10
1552,2011,1,11
1553,2011,2,4
1554,2011,0,3
1555,2011,0,6
1584,2011,0,1
1586,2011,1,10
1587,2011,0,8
1615,2011,0,2
1619,2011,0,1
1623,2011,1,2
1624,2011,0,11
1630,2011,2,3
1634,2011,11,39
1635,2011,3,7
1636,2011,2,5
1638,2011,0,1
1668,2011,0,7
1669,2011,0,14
1670,2011,2,8
1686,2011,0,1
1687,2011,1,2
1709,2011,0,1
1710,2011,0,1
1712,2011,0,2
1713,2011,0,1
1715,2011,5,9
1716,2011,0,1
1717,2011,1,9
1719,2011,0,1
1720,2011,0,2
1721,2011,1,9
1752,2011,0,5
1783,2011,0,3
1787,2011,0,3
1796,2011,0,1
1797,2011,0,1
1802,2011,1,1
1803,2011,0,4
1834,2011,1,10
1851,2011,0,3
1855,2011,1,4
1856,2011,3,3
1867,2011,0,1
1869,2011,0,1
1876,2011,0,1
1878,2011,0,1
1879,2011,1,1
1880,2011,1,1
1881,2011,0,2
1914,2011,0,2
1915,2011,0,2
1940,2011,0,1
1949,2011,0,1
1952,2011,0,1
1959,2011,0,1
1962,2011,0,1
1964,2011,1,1
2000,2011,0,1
2009,2011,0,2
2026,2011,1,1
2038,2011,0,1
2046,2011,3,4
2089,2011,0,2
2094,2011,0,2
2100,2011,1,1
2103,2011,0,3
2114,2011,1,3
2117,2011,0,3
2120,2011,0,1
2127,2011,0,1
2160,2011,0,1
2167,2011,0,1
2170,2011,0,1
2175,2011,0,2
2186,2011,0,1
2197,2011,0,2
2201,2011,1,2
2202,2011,1,5
2203,2011,0,1
2208,2011,0,3
2238,2011,0,3
2250,2011,0,1
2253,2011,0,2
2279,2011,0,1
2280,2011,0,1
2284,2011,1,2
2285,2011,0,2
2290,2011,0,2
2308,2011,0,2
2319,2011,0,7
2330,2011,0,1
2335,2011,0,1
2342,2011,0,1
2352,2011,0,1
2353,2011,1,2
2357,2011,0,1
2358,2011,0,4
2359,2011,0,1
2362,2011,1,1
2363,2011,1,2
2370,2011,0,1
2386,2011,0,1
2397,2011,0,2
2406,2011,0,1
2412,2011,0,2
2417,2011,0,2
2421,2011,0,1
2427,2011,1,1
2430,2011,0,1
2433,2011,1,1
2441,2011,0,2
2461,2011,0,1
2462,2011,0,2
2485,2011,0,1
2498,2011,1,1
2502,2011,0,1
2505,2011,0,1
2507,2011,0,1
2511,2011,0,3
2521,2011,0,1
2538,2011,0,1
2556,2011,1,6
2563,2011,0,7
2564,2011,0,1
2581,2011,0,1
2582,2011,0,2
2585,2011,0,1
2591,2011,0,1
2595,2011,1,1
2610,2011,0,1
2613,2011,0,1
2633,2011,1,10
2638,2011,0,1
2643,2011,0,1
2645,2011,0,1
2657,2011,0,1
2658,2011,0,1
2659,2011,1,2
2660,2011,0,1
2661,2011,7,13
2664,2011,0,1
2669,2011,0,4
2679,2011,0,6
2683,2011,0,1
2700,2011,0,1
2707,2011,0,1
2709,2011,1,1
2724,2011,0,1
2726,2011,0,1
2729,2011,1,2
2733,2011,1,8
2734,2011,0,2
2736,2011,0,1
2755,2011,0,1
2762,2011,0,3
2763,2011,0,1
2768,2011,0,1
2769,2011,0,1
2772,2011,0,1
2775,2011,0,2
2790,2011,0,1
2799,2011,0,1
2803,2011,0,1
2809,2011,0,26
2810,2011,0,1
2811,2011,0,1
2859,2011,0,1
2866,2011,0,1
2869,2011,1,2
2870,2011,2,12
2871,2011,0,1
2873,2011,0,21
2891,2011,0,1
2895,2011,0,4
2896,2011,0,2
2897,2011,0,22
2905,2011,1,1
2914,2011,0,1
2917,2011,21,38
2928,2011,1,3
2929,2011,4,17
2949,2011,0,4
2952,2011,0,1
2953,2011,1,1
2956,2011,0,1
2957,2011,1,3
2958,2011,0,1
2965,2011,0,1
2976,2011,0,1
2985,2011,0,1
3000,2011,0,1
3006,2011,0,1
3035,2011,0,1
3049,2011,0,1
3053,2011,0,1
3057,2011,0,1
3076,2011,0,2
3079,2011,0,1
3087,2011,0,4
3097,2011,0,1
3099,2011,0,2
3105,2011,0,3
3116,2011,1,6
3124,2011,1,2
3127,2011,0,1
3130,2011,0,1
3133,2011,0,1
3134,2011,0,10
3137,2011,0,5
3141,2011,0,2
3143,2011,3,4
3145,2011,0,11
3147,2011,0,4
3149,2011,0,1
3158,2011,0,1
3159,2011,1,1
3162,2011,0,8
3168,2011,0,2
3170,2011,0,1
3171,2011,1,2
3174,2011,1,6
3185,2011,0,1
3189,2011,0,1
3190,2011,3,10
3191,2011,5,8
3192,2011,0,21
3193,2011,0,1
3194,2011,1,2
3196,2011,1,3
3197,2011,1,1
3201,2011,1,3
3203,2011,0,1
3206,2011,0,2
3207,2011,0,2
3211,2011,0,2
3213,2011,0,2
3215,2011,0,1
3216,2011,0,3
3217,2011,0,2
3221,2011,2,12
3223,2011,0,3
3224,2011,0,2
3225,2011,1,1
3226,2011,0,8
3228,2011,5,14
3229,2011,0,1
3232,2011,7,10
3233,2011,3,16
3234,2011,0,2
3235,2011,1,9
3236,2011,0,3
3247,2011,0,1
3249,2011,0,3
3250,2011,0,1
3251,2011,0,2
3252,2011,0,4
3253,2011,0,5
3254,2011,2,5
3256,2011,1,1
3258,2011,0,3
3259,2011,0,3
3260,2011,0,2
3261,2011,0,2
3266,2011,3,11
3275,2011,0,1
3277,2011,0,6
3278,2011,0,3
3279,2011,0,5
3285,2011,0,1
3289,2011,0,1
3291,2011,0,1
3292,2011,1,4
3293,2011,0,2
3296,2011,0,1
3297,2011,0,1
3300,2011,0,1
3302,2011,0,1
3305,2011,0,5
3309,2011,0,4
3311,2011,1,2
3314,2011,1,2
3322,2011,0,2
3324,2011,0,1
3325,2011,0,1
3327,2011,0,8
3328,2011,0,1
3331,2011,4,8
3334,2011,0,6
3335,2011,0,2
3336,2011,1,1
3338,2011,0,3
3345,2011,0,1
3348,2011,0,2
3349,2011,0,2
3354,2011,0,2
3356,2011,0,39
3357,2011,0,6
3358,2011,1,10
3359,2011,0,1
3361,2011,0,1
8,2012,0,7
17,2012,0,2
19,2012,0,2
20,2012,0,1
27,2012,0,1
28,2012,0,1
31,2012,0,3
32,2012,0,1
36,2012,0,6
37,2012,0,13
50,2012,0,1
54,2012,2,6
55,2012,0,34
60,2012,0,1
64,2012,0,1
78,2012,0,1
82,2012,0,2
83,2012,0,2
92,2012,1,4
93,2012,0,2
94,2012,0,1
102,2012,0,1
116,2012,0,1
119,2012,0,1
120,2012,1,2
147,2012,0,1
153,2012,1,4
157,2012,0,8
165,2012,0,1
166,2012,0,5
170,2012,0,2
171,2012,0,1
175,2012,0,1
202,2012,0,3
203,2012,0,1
206,2012,1,4
209,2012,0,1
216,2012,0,2
229,2012,0,2
230,2012,1,2
231,2012,1,2
232,2012,0,5
239,2012,0,1
263,2012,1,7
264,2012,0,3
265,2012,0,1
266,2012,0,6
271,2012,1,2
274,2012,0,1
275,2012,0,8
290,2012,0,1
312,2012,0,1
326,2012,0,2
327,2012,0,2
328,2012,0,1
336,2012,0,2
358,2012,0,2
360,2012,0,1
373,2012,0,10
376,2012,0,1
385,2012,0,1
387,2012,0,1
389,2012,0,4
399,2012,0,1
400,2012,0,2
401,2012,0,7
402,2012,0,1
403,2012,1,2
404,2012,0,1
407,2012,0,1
408,2012,0,1
409,2012,0,3
410,2012,2,8
424,2012,0,1
433,2012,0,1
456,2012,1,3
462,2012,0,1
464,2012,0,1
465,2012,0,1
467,2012,0,3
470,2012,0,1
471,2012,0,1
472,2012,0,2
473,2012,0,2
474,2012,0,1
475,2012,3,11
476,2012,3,8
477,2012,0,1
479,2012,0,6
480,2012,1,5
481,2012,0,1
482,2012,0,3
485,2012,0,1
505,2012,0,3
506,2012,0,1
508,2012,0,3
512,2012,1,1
535,2012,1,4
537,2012,0,1
542,2012,0,1
550,2012,0,2
554,2012,0,4
555,2012,0,1
556,2012,0,5
557,2012,2,23
559,2012,0,3
561,2012,1,3
562,2012,0,2
577,2012,0,1
584,2012,0,2
586,2012,0,55
587,2012,0,21
588,2012,0,6
612,2012,0,2
614,2012,0,5
615,2012,0,1
616,2012,1,3
620,2012,1,2
622,2012,0,1
626,2012,4,13
630,2012,1,7
631,2012,0,2
633,2012,0,1
634,2012,0,2
635,2012,0,16
636,2012,2,7
637,2012,3,9
638,2012,0,1
639,2012,0,2
640,2012,1,1
663,2012,0,5
664,2012,0,24
666,2012,0,1
668,2012,0,1
691,2012,1,1
692,2012,1,3
700,2012,7,7
703,2012,0,2
704,2012,0,3
705,2012,1,1
708,2012,0,1
711,2012,1,2
712,2012,0,1
713,2012,0,3
714,2012,0,2
715,2012,0,3
716,2012,1,3
717,2012,1,31
718,2012,0,1
742,2012,0,6
748,2012,0,1
751,2012,0,9
769,2012,4,21
770,2012,2,8
772,2012,2,4
775,2012,1,2
783,2012,0,1
785,2012,0,3
787,2012,0,2
788,2012,0,4
789,2012,0,1
792,2012,1,1
793,2012,1,2
794,2012,1,10
796,2012,0,23
797,2012,1,8
820,2012,0,10
821,2012,0,5
822,2012,0,1
830,2012,0,1
831,2012,0,4
848,2012,0,1
849,2012,2,4
850,2012,0,2
853,2012,0,1
854,2012,0,1
855,2012,1,1
856,2012,0,1
857,2012,1,3
867,2012,0,3
870,2012,2,6
871,2012,1,4
872,2012,2,5
876,2012,0,2
878,2012,0,4
879,2012,1,5
880,2012,2,6
881,2012,0,4
882,2012,0,5
883,2012,0,6
919,2012,3,23
921,2012,0,6
943,2012,1,1
948,2012,0,1
949,2012,4,6
950,2012,0,1
953,2012,0,5
954,2012,1,2
957,2012,1,6
958,2012,3,26
962,2012,8,24
963,2012,0,2
964,2012,1,3
965,2012,0,5
966,2012,2,5
967,2012,0,4
968,2012,0,1
996,2012,0,3
1016,2012,0,1
1028,2012,0,1
1033,2012,0,2
1035,2012,0,1
1038,2012,0,1
1039,2012,0,2
1041,2012,0,1
1043,2012,0,1
1045,2012,2,4
1048,2012,0,3
1049,2012,0,2
1050,2012,1,6
1051,2012,0,5
1052,2012,1,6
1083,2012,0,1
1110,2012,0,1
1111,2012,0,1
1113,2012,0,4
1116,2012,0,4
1117,2012,6,16
1118,2012,0,1
1119,2012,5,10
1123,2012,0,1
1129,2012,0,2
1130,2012,0,1
1131,2012,0,1
1132,2012,3,4
1133,2012,1,5
1134,2012,0,7
1160,2012,0,1
1181,2012,0,1
1190,2012,0,1
1191,2012,1,1
1193,2012,0,1
1197,2012,4,21
1198,2012,0,1
1200,2012,0,1
1201,2012,0,1
1202,2012,0,4
1204,2012,0,3
1207,2012,0,5
1209,2012,0,1
1212,2012,0,6
1213,2012,0,1
1214,2012,0,6
1215,2012,0,2
1216,2012,2,6
1217,2012,0,46
1272,2012,0,1
1273,2012,0,3
1279,2012,5,17
1280,2012,1,14
1282,2012,0,1
1286,2012,1,4
1287,2012,3,7
1288,2012,0,1
1289,2012,1,2
1290,2012,7,39
1292,2012,1,3
1293,2012,1,2
1296,2012,1,14
1298,2012,0,2
1299,2012,0,3
1300,2012,1,8
1301,2012,7,12
1302,2012,2,14
1334,2012,0,1
1335,2012,0,2
1355,2012,1,1
1356,2012,1,2
1358,2012,0,1
1360,2012,2,16
1363,2012,0,2
1364,2012,0,2
1365,2012,1,1
1366,2012,0,2
1368,2012,2,2
1370,2012,1,1
1371,2012,0,2
1372,2012,0,2
1374,2012,0,6
1375,2012,7,49
1377,2012,0,1
1378,2012,0,1
1379,2012,1,1
1383,2012,2,6
1384,2012,1,3
1385,2012,2,4
1386,2012,0,16
1387,2012,1,1
1418,2012,0,2
1420,2012,0,1
1421,2012,0,1
1435,2012,0,1
1439,2012,0,4
1440,2012,1,1
1443,2012,0,3
1444,2012,0,1
1457,2012,0,2
1458,2012,0,1
1459,2012,0,2
1462,2012,2,8
1464,2012,0,2
1467,2012,0,2
1469,2012,1,6
1471,2012,1,3
1504,2012,0,2
1505,2012,0,3
1508,2012,0,1
1530,2012,1,3
1541,2012,0,2
1542,2012,0,1
1547,2012,0,4
1548,2012,2,6
1550,2012,0,1
1551,2012,4,11
1552,2012,2,6
1553,2012,0,2
1554,2012,0,4
1555,2012,0,3
1586,2012,0,47
1587,2012,0,4
1608,2012,0,1
1615,2012,1,1
1618,2012,0,2
1619,2012,0,3
1620,2012,0,1
1621,2012,0,1
1622,2012,0,3
1624,2012,0,3
1626,2012,0,1
1627,2012,0,2
1630,2012,5,10
1631,2012,0,1
1633,2012,1,3
1634,2012,8,41
1635,2012,1,19
1636,2012,1,6
1637,2012,0,2
1638,2012,0,1
1668,2012,0,5
1669,2012,0,18
1670,2012,3,19
1679,2012,0,1
1702,2012,0,2
1704,2012,0,1
1705,2012,1,4
1709,2012,0,6
1712,2012,0,3
1715,2012,4,12
1717,2012,1,12
1719,2012,1,15
1721,2012,1,4
1752,2012,0,3
1783,2012,0,1
1787,2012,0,1
1789,2012,0,1
1795,2012,1,1
1798,2012,0,1
1800,2012,1,9
1802,2012,0,1
1803,2012,0,12
1834,2012,4,17
1840,2012,0,1
1849,2012,0,2
1850,2012,0,2
1851,2012,5,5
1852,2012,0,1
1855,2012,5,15
1856,2012,1,1
1863,2012,0,1
1877,2012,0,1
1878,2012,1,10
1879,2012,1,2
1881,2012,5,8
1883,2012,0,1
1914,2012,0,1
1915,2012,0,2
1925,2012,0,2
1939,2012,1,1
1940,2012,1,5
1960,2012,0,1
1961,2012,1,5
1963,2012,0,2
1964,2012,3,4
1965,2012,0,1
1994,2012,0,1
2000,2012,0,1
2002,2012,0,1
2020,2012,1,4
2031,2012,0,1
2033,2012,0,1
2034,2012,0,1
2038,2012,0,8
2045,2012,0,1
2088,2012,1,1
2089,2012,0,1
2103,2012,1,2
2108,2012,1,1
2115,2012,3,3
2118,2012,0,1
2127,2012,1,6
2160,2012,0,1
2184,2012,0,2
2185,2012,0,3
2196,2012,0,1
2198,2012,2,3
2202,2012,2,5
2208,2012,0,2
2238,2012,0,2
2253,2012,1,3
2257,2012,0,1
2273,2012,0,1
2275,2012,0,1
2279,2012,0,1
2280,2012,0,3
2281,2012,0,1
2284,2012,0,2
2287,2012,0,1
2288,2012,0,2
2290,2012,0,2
2307,2012,0,3
2308,2012,0,14
2319,2012,0,3
2336,2012,0,1
2340,2012,3,4
2342,2012,2,3
2344,2012,0,2
2348,2012,0,1
2352,2012,2,3
2353,2012,3,3
2354,2012,0,1
2357,2012,0,2
2358,2012,3,6
2360,2012,0,5
2361,2012,0,2
2362,2012,1,1
2363,2012,0,2
2366,2012,0,1
2370,2012,0,1
2371,2012,0,2
2385,2012,0,1
2386,2012,0,4
2397,2012,0,1
2411,2012,0,1
2412,2012,0,1
2416,2012,0,1
2417,2012,0,1
2419,2012,0,1
2420,2012,0,1
2429,2012,0,1
2433,2012,0,1
2434,2012,1,1
2438,2012,0,2
2463,2012,0,3
2502,2012,0,2
2514,2012,1,1
2516,2012,0,1
2524,2012,0,1
2537,2012,0,2
2556,2012,2,3
2563,2012,1,3
2585,2012,1,1
2586,2012,0,2
2587,2012,0,1
2590,2012,2,2
2591,2012,0,1
2595,2012,0,1
2597,2012,2,4
2598,2012,0,2
2610,2012,0,3
2613,2012,0,1
2614,2012,0,1
2633,2012,0,1
2645,2012,0,1
2657,2012,1,3
2659,2012,0,2
2661,2012,5,10
2664,2012,0,3
2666,2012,0,1
2667,2012,1,1
2669,2012,1,2
2679,2012,0,2
2683,2012,0,1
2706,2012,0,1
2709,2012,0,1
2710,2012,0,1
2714,2012,0,1
2724,2012,0,2
2726,2012,0,1
2728,2012,0,1
2732,2012,0,3
2733,2012,0,3
2737,2012,0,1
2745,2012,0,1
2747,2012,0,4
2750,2012,0,1
2751,2012,0,1
2752,2012,0,1
2758,2012,0,2
2768,2012,0,2
2769,2012,0,3
2772,2012,0,2
2792,2012,1,1
2802,2012,0,3
2803,2012,0,1
2809,2012,1,20
2810,2012,1,1
2815,2012,0,6
2829,2012,1,4
2835,2012,7,18
2836,2012,0,1
2838,2012,0,1
2840,2012,0,2
2844,2012,0,1
2848,2012,1,1
2856,2012,0,1
2857,2012,0,2
2863,2012,0,3
2864,2012,0,1
2866,2012,0,1
2869,2012,0,1
2870,2012,1,26
2871,2012,0,3
2873,2012,6,13
2888,2012,0,1
2890,2012,0,1
2895,2012,1,5
2896,2012,1,14
2897,2012,0,16
2899,2012,0,1
2905,2012,0,1
2926,2012,0,4
2928,2012,0,1
2929,2012,4,13
2930,2012,0,1
2931,2012,0,1
2949,2012,0,3
2954,2012,0,3
2965,2012,0,2
2976,2012,0,2
2984,2012,0,1
2985,2012,0,2
3000,2012,0,3
3002,2012,0,1
3007,2012,0,1
3035,2012,2,3
3047,2012,0,2
3052,2012,0,1
3053,2012,0,3
3055,2012,1,1
3058,2012,0,1
3071,2012,0,1
3073,2012,0,1
3083,2012,0,1
3087,2012,0,6
3099,2012,1,1
3102,2012,0,1
3103,2012,4,4
3105,2012,1,3
3107,2012,0,1
3109,2012,0,1
3111,2012,0,3
3117,2012,0,2
3121,2012,0,1
3124,2012,0,3
3128,2012,1,1
3130,2012,0,1
3137,2012,0,1
3141,2012,0,2
3143,2012,0,1
3144,2012,0,1
3145,2012,1,12
3146,2012,0,1
3147,2012,1,25
3148,2012,1,1
3149,2012,0,2
3150,2012,0,2
3156,2012,0,1
3157,2012,0,3
3158,2012,0,1
3161,2012,0,1
3162,2012,0,6
3163,2012,0,1
3164,2012,0,1
3168,2012,1,1
3170,2012,0,4
3171,2012,0,2
3174,2012,1,6
3175,2012,0,1
3176,2012,1,2
3179,2012,0,1
3183,2012,0,1
3187,2012,1,2
3189,2012,0,1
3190,2012,2,6
3191,2012,0,8
3192,2012,5,17
3193,2012,0,1
3195,2012,0,1
3196,2012,0,2
3197,2012,1,7
3200,2012,0,1
3201,2012,0,2
3202,2012,0,1
3203,2012,0,3
3206,2012,0,6
3213,2012,0,2
3215,2012,0,3
3216,2012,0,3
3217,2012,0,5
3221,2012,6,7
3223,2012,5,33
3224,2012,0,1
3225,2012,2,2
3226,2012,1,2
3228,2012,6,22
3229,2012,2,5
3230,2012,0,1
3232,2012,1,3
3233,2012,1,22
3234,2012,0,4
3235,2012,2,5
3236,2012,0,4
3238,2012,0,1
3247,2012,1,1
3249,2012,2,3
3250,2012,2,5
3252,2012,0,1
3253,2012,0,1
3254,2012,1,5
3260,2012,0,7
3266,2012,6,17
3277,2012,0,3
3278,2012,1,2
3279,2012,0,5
3289,2012,0,1
3291,2012,0,1
3292,2012,3,10
3294,2012,0,2
3295,2012,0,4
3297,2012,0,3
3302,2012,0,2
3305,2012,3,10
3309,2012,0,2
3313,2012,1,2
3321,2012,0,4
3322,2012,0,2
3323,2012,0,3
3325,2012,0,1
3327,2012,2,11
3328,2012,2,3
3332,2012,1,1
3334,2012,0,4
3335,2012,0,5
3336,2012,1,1
3337,2012,0,1
3338,2012,0,1
3339,2012,1,3
3343,2012,1,1
3344,2012,0,2
3346,2012,0,1
3348,2012,0,3
3349,2012,0,2
3350,2012,0,2
3351,2012,0,2
3356,2012,0,4
3357,2012,0,3
3358,2012,1,9
3359,2012,0,1
3361,2012,2,2
8,2013,0,1
15,2013,0,1
16,2013,0,1
17,2013,0,2
27,2013,0,3
31,2013,0,1
33,2013,0,1
36,2013,1,4
37,2013,0,11
51,2013,1,6
52,2013,0,3
54,2013,0,5
55,2013,0,44
59,2013,0,1
64,2013,0,1
77,2013,0,2
92,2013,0,1
93,2013,0,2
94,2013,0,1
115,2013,0,2
116,2013,1,1
137,2013,0,1
141,2013,0,1
157,2013,0,11
164,2013,0,2
206,2013,3,4
209,2013,0,4
210,2013,0,4
216,2013,0,9
230,2013,0,2
266,2013,0,7
271,2013,0,1
272,2013,0,2
275,2013,1,8
287,2013,0,1
294,2013,0,1
295,2013,0,3
311,2013,0,1
312,2013,0,1
327,2013,0,3
328,2013,0,1
334,2013,0,6
336,2013,0,3
337,2013,0,1
339,2013,0,6
356,2013,0,1
358,2013,0,1
372,2013,0,1
373,2013,0,8
379,2013,1,1
385,2013,0,3
389,2013,0,8
390,2013,0,1
391,2013,2,2
401,2013,4,8
402,2013,0,1
403,2013,1,5
404,2013,0,11
405,2013,0,1
407,2013,0,1
408,2013,1,7
409,2013,1,4
410,2013,1,5
428,2013,0,1
429,2013,0,1
431,2013,0,1
432,2013,0,1
444,2013,0,1
448,2013,0,1
449,2013,1,2
455,2013,1,2
459,2013,0,1
462,2013,1,2
464,2013,0,1
469,2013,0,2
472,2013,0,1
473,2013,0,1
474,2013,2,3
475,2013,2,5
476,2013,1,6
477,2013,0,1
478,2013,0,5
479,2013,0,2
480,2013,1,17
481,2013,1,6
482,2013,0,2
483,2013,0,2
485,2013,0,4
501,2013,0,3
506,2013,1,1
508,2013,0,1
513,2013,0,1
520,2013,1,5
533,2013,0,1
535,2013,1,1
546,2013,0,1
550,2013,0,1
552,2013,0,2
554,2013,1,4
555,2013,1,4
556,2013,5,39
557,2013,8,32
560,2013,0,5
561,2013,2,9
585,2013,0,1
586,2013,0,28
587,2013,0,12
588,2013,1,3
612,2013,0,2
615,2013,0,1
616,2013,0,2
620,2013,1,2
626,2013,2,3
628,2013,0,1
630,2013,4,36
631,2013,0,3
634,2013,0,1
635,2013,4,33
636,2013,12,57
637,2013,3,16
638,2013,0,1
639,2013,0,4
640,2013,0,4
663,2013,0,5
664,2013,0,36
691,2013,1,1
692,2013,1,2
700,2013,0,1
701,2013,0,4
704,2013,0,1
705,2013,1,1
713,2013,0,7
714,2013,0,3
715,2013,0,5
716,2013,2,7
717,2013,0,22
718,2013,1,4
739,2013,0,1
742,2013,0,3
747,2013,0,4
751,2013,0,5
752,2013,0,1
753,2013,0,1
769,2013,0,18
770,2013,3,8
771,2013,0,1
772,2013,1,5
775,2013,1,3
785,2013,0,1
788,2013,0,1
789,2013,1,1
793,2013,5,27
794,2013,1,19
795,2013,0,6
796,2013,3,39
797,2013,0,7
820,2013,0,12
821,2013,0,7
822,2013,0,1
840,2013,0,2
843,2013,0,2
852,2013,0,1
853,2013,0,1
856,2013,3,13
857,2013,0,1
859,2013,0,1
867,2013,0,8
868,2013,0,1
869,2013,0,1
870,2013,3,5
872,2013,4,7
876,2013,0,5
878,2013,1,25
879,2013,0,14
880,2013,1,4
881,2013,2,8
882,2013,0,11
883,2013,0,2
919,2013,2,23
921,2013,0,22
922,2013,0,1
944,2013,0,1
947,2013,0,1
948,2013,0,2
949,2013,3,7
950,2013,0,1
953,2013,3,7
954,2013,3,5
955,2013,1,1
957,2013,1,1
958,2013,0,8
962,2013,4,16
964,2013,1,2
965,2013,1,6
966,2013,0,4
967,2013,1,6
968,2013,0,2
969,2013,0,1
1005,2013,0,4
1013,2013,0,1
1016,2013,0,3
1027,2013,1,4
1029,2013,1,1
1030,2013,0,1
1032,2013,0,1
1033,2013,0,2
1037,2013,1,4
1038,2013,0,1
1045,2013,1,5
1047,2013,0,1
1048,2013,3,10
1049,2013,1,1
1050,2013,1,2
1051,2013,0,1
1052,2013,0,6
1083,2013,0,2
1093,2013,1,1
1096,2013,0,5
1110,2013,0,3
1111,2013,1,2
1113,2013,0,6
1114,2013,0,1
1115,2013,1,4
1116,2013,1,3
1117,2013,3,16
1118,2013,0,5
1119,2013,7,12
1122,2013,2,6
1124,2013,1,3
1127,2013,0,3
1130,2013,1,2
1131,2013,0,2
1132,2013,4,7
1133,2013,2,9
1134,2013,1,5
1182,2013,1,1
1190,2013,1,1
1191,2013,0,1
1192,2013,0,1
1193,2013,0,2
1195,2013,0,2
1197,2013,5,10
1198,2013,0,4
1200,2013,2,3
1201,2013,0,1
1202,2013,0,3
1203,2013,0,2
1204,2013,0,4
1205,2013,0,1
1206,2013,0,2
1207,2013,3,6
1208,2013,1,1
1209,2013,1,7
1213,2013,0,9
1214,2013,1,3
1215,2013,1,4
1216,2013,2,13
1217,2013,1,50
1252,2013,0,1
1274,2013,1,3
1275,2013,1,2
1276,2013,0,3
1278,2013,0,3
1279,2013,2,11
1280,2013,7,38
1283,2013,0,1
1286,2013,3,7
1287,2013,0,10
1288,2013,0,3
1289,2013,0,8
1290,2013,7,43
1292,2013,0,1
1293,2013,2,6
1294,2013,0,1
1295,2013,0,1
1296,2013,0,1
1299,2013,0,1
1300,2013,2,4
1301,2013,8,17
1302,2013,4,9
1303,2013,1,1
1334,2013,0,2
1355,2013,1,2
1356,2013,2,2
1359,2013,0,2
1360,2013,0,1
1363,2013,0,5
1364,2013,1,3
1365,2013,0,1
1366,2013,0,2
1368,2013,1,3
1371,2013,0,2
1374,2013,0,2
1375,2013,8,44
1377,2013,0,2
1378,2013,1,9
1379,2013,0,7
1382,2013,0,1
1383,2013,1,9
1384,2013,1,6
1385,2013,1,5
1386,2013,2,13
1388,2013,0,1
1420,2013,0,4
1434,2013,0,1
1435,2013,0,2
1440,2013,4,4
1441,2013,1,1
1453,2013,0,2
1457,2013,0,1
1458,2013,0,4
1459,2013,1,4
1461,2013,2,4
1462,2013,2,9
1464,2013,0,4
1466,2013,1,2
1467,2013,0,1
1468,2013,0,4
1469,2013,2,11
1470,2013,1,1
1471,2013,2,6
1504,2013,0,4
1505,2013,0,1
1508,2013,0,1
1518,2013,0,1
1529,2013,0,1
1541,2013,0,6
1542,2013,0,1
1543,2013,2,5
1546,2013,2,7
1547,2013,0,1
1548,2013,0,2
1549,2013,1,4
1550,2013,1,5
1551,2013,6,15
1552,2013,3,22
1553,2013,3,4
1554,2013,1,21
1555,2013,1,12
1584,2013,0,2
1586,2013,0,29
1587,2013,1,7
1614,2013,0,1
1615,2013,1,4
1619,2013,0,1
1620,2013,0,2
1621,2013,0,4
1622,2013,0,3
1623,2013,4,5
1624,2013,2,6
1625,2013,0,1
1626,2013,2,3
1629,2013,0,1
1630,2013,0,2
1633,2013,1,5
1634,2013,8,48
1635,2013,6,19
1636,2013,2,19
1637,2013,0,5
1638,2013,1,8
1668,2013,0,8
1669,2013,0,34
1670,2013,0,19
1700,2013,0,1
1701,2013,0,1
1702,2013,0,4
1704,2013,0,4
1705,2013,0,3
1709,2013,0,1
1713,2013,3,4
1714,2013,1,7
1715,2013,3,7
1716,2013,0,2
1717,2013,2,18
1718,2013,1,1
1719,2013,1,14
1721,2013,0,17
1752,2013,0,3
1772,2013,0,1
1780,2013,1,1
1786,2013,0,1
1787,2013,1,4
1795,2013,0,2
1796,2013,0,1
1797,2013,0,1
1798,2013,1,1
1800,2013,0,5
1802,2013,0,1
1803,2013,0,21
1834,2013,11,45
1847,2013,0,1
1848,2013,1,2
1851,2013,0,2
1852,2013,0,1
1855,2013,0,9
1858,2013,0,1
1860,2013,0,1
1861,2013,0,1
1867,2013,0,1
1872,2013,0,1
1874,2013,2,4
1878,2013,0,2
1879,2013,0,5
1881,2013,1,5
1882,2013,0,1
1914,2013,1,4
1915,2013,2,7
1924,2013,0,1
1925,2013,0,2
1927,2013,0,1
1929,2013,0,1
1931,2013,0,1
1934,2013,0,2
1938,2013,0,1
1939,2013,1,2
1940,2013,0,5
1946,2013,0,1
1948,2013,0,1
1952,2013,0,1
1954,2013,0,1
1957,2013,0,3
1958,2013,0,5
1959,2013,0,1
1960,2013,0,1
1961,2013,0,1
1962,2013,0,2
1964,2013,0,5
1965,2013,0,3
1994,2013,0,1
2018,2013,0,1
2023,2013,1,1
2034,2013,1,1
2037,2013,0,1
2038,2013,3,19
2039,2013,0,1
2042,2013,0,5
2045,2013,0,3
2046,2013,0,6
2076,2013,0,1
2090,2013,0,1
2094,2013,0,1
2103,2013,8,15
2114,2013,2,6
2115,2013,2,11
2116,2013,1,2
2117,2013,0,2
2119,2013,1,4
2122,2013,0,6
2127,2013,0,1
2160,2013,0,1
2175,2013,0,5
2184,2013,0,2
2185,2013,0,1
2196,2013,0,1
2197,2013,0,1
2198,2013,2,6
2199,2013,0,1
2200,2013,1,1
2201,2013,1,1
2202,2013,15,24
2203,2013,1,4
2207,2013,1,2
2238,2013,0,2
2239,2013,0,2
2240,2013,0,2
2241,2013,0,2
2250,2013,0,1
2253,2013,0,1
2257,2013,0,1
2259,2013,0,1
2266,2013,0,1
2275,2013,1,1
2278,2013,0,1
2280,2013,0,5
2284,2013,0,12
2285,2013,0,2
2308,2013,0,8
2319,2013,0,9
2333,2013,0,1
2336,2013,0,2
2339,2013,1,3
2340,2013,1,1
2342,2013,0,1
2353,2013,0,3
2354,2013,0,1
2357,2013,0,2
2358,2013,2,4
2360,2013,0,4
2363,2013,0,2
2371,2013,0,3
2385,2013,0,1
2386,2013,0,1
2397,2013,0,1
2398,2013,0,5
2408,2013,0,1
2412,2013,0,1
2414,2013,0,2
2417,2013,1,2
2419,2013,0,1
2421,2013,1,2
2423,2013,0,1
2427,2013,0,2
2429,2013,0,1
2436,2013,0,1
2441,2013,0,1
2443,2013,0,1
2448,2013,0,3
2461,2013,0,1
2463,2013,0,1
2464,2013,0,1
2488,2013,2,3
2493,2013,0,1
2494,2013,0,5
2497,2013,0,1
2502,2013,1,6
2509,2013,0,4
2510,2013,0,1
2511,2013,0,3
2521,2013,0,6
2524,2013,0,1
2537,2013,0,3
2556,2013,0,2
2559,2013,0,2
2560,2013,1,1
2563,2013,0,3
2577,2013,0,1
2582,2013,0,1
2583,2013,0,2
2588,2013,0,5
2593,2013,0,1
2595,2013,0,3
2597,2013,1,5
2613,2013,0,2
2614,2013,0,1
2629,2013,0,1
2633,2013,3,22
2634,2013,0,2
2636,2013,0,1
2643,2013,0,2
2645,2013,0,1
2656,2013,1,2
2659,2013,0,2
2661,2013,1,6
2665,2013,0,1
2666,2013,1,1
2679,2013,0,3
2680,2013,0,1
2683,2013,0,1
2699,2013,0,1
2703,2013,0,1
2709,2013,0,1
2733,2013,1,7
2736,2013,0,2
2737,2013,0,1
2747,2013,0,3
2750,2013,0,9
2755,2013,0,2
2756,2013,0,1
2762,2013,0,1
2763,2013,0,1
2769,2013,0,3
2770,2013,1,2
2772,2013,0,6
2777,2013,0,1
2782,2013,0,1
2784,2013,0,1
2786,2013,0,1
2790,2013,1,3
2794,2013,0,1
2796,2013,1,3
2802,2013,1,4
2803,2013,0,2
2808,2013,0,1
2809,2013,1,36
2810,2013,0,5
2811,2013,0,2
2815,2013,0,3
2816,2013,0,1
2819,2013,1,5
2829,2013,1,2
2834,2013,1,2
2835,2013,4,13
2836,2013,0,2
2840,2013,0,2
2857,2013,0,1
2858,2013,0,1
2860,2013,0,1
2865,2013,0,1
2866,2013,1,1
2870,2013,2,59
2871,2013,1,39
2872,2013,0,1
2873,2013,2,12
2891,2013,1,6
2892,2013,1,1
2894,2013,0,4
2895,2013,1,8
2896,2013,0,105
2897,2013,0,78
2898,2013,1,1
2900,2013,1,9
2902,2013,0,3
2905,2013,0,2
2915,2013,0,1
2925,2013,0,1
2926,2013,0,1
2928,2013,0,11
2929,2013,5,42
2930,2013,0,1
2931,2013,0,1
2945,2013,0,1
2949,2013,0,1
2953,2013,0,4
2954,2013,0,6
2957,2013,0,2
2958,2013,2,7
2959,2013,0,1
2963,2013,1,2
2976,2013,0,2
2984,2013,0,1
2987,2013,0,6
2995,2013,0,1
2998,2013,0,1
2999,2013,0,1
3006,2013,0,1
3007,2013,0,1
3009,2013,0,1
3019,2013,0,1
3029,2013,0,5
3031,2013,0,1
3035,2013,0,5
3046,2013,0,2
3047,2013,0,1
3053,2013,0,1
3055,2013,1,2
3065,2013,0,1
3069,2013,0,2
3081,2013,0,2
3083,2013,0,1
3087,2013,0,12
3092,2013,0,1
3094,2013,0,5
3095,2013,0,1
3096,2013,0,4
3098,2013,0,2
3099,2013,0,1
3100,2013,0,2
3102,2013,0,2
3103,2013,0,1
3105,2013,0,1
3106,2013,0,4
3109,2013,0,1
3117,2013,0,4
3119,2013,0,4
3125,2013,1,2
3130,2013,0,2
3133,2013,0,22
3134,2013,0,5
3137,2013,0,2
3141,2013,1,5
3142,2013,0,4
3143,2013,1,1
3144,2013,1,14
3145,2013,11,48
3146,2013,4,8
3147,2013,0,5
3148,2013,0,3
3149,2013,0,2
3150,2013,0,1
3156,2013,0,1
3157,2013,0,4
3158,2013,0,2
3161,2013,0,1
3162,2013,0,12
3165,2013,0,4
3166,2013,0,1
3167,2013,1,5
3170,2013,1,3
3171,2013,0,6
3174,2013,1,9
3176,2013,1,3
3179,2013,0,1
3180,2013,0,10
3184,2013,1,1
3185,2013,0,2
3187,2013,0,1
3188,2013,0,3
3189,2013,2,16
3190,2013,5,19
3191,2013,11,50
3192,2013,13,124
3193,2013,0,13
3195,2013,7,48
3196,2013,0,10
3197,2013,0,3
3198,2013,0,3
3199,2013,0,3
3202,2013,0,1
3203,2013,0,3
3205,2013,0,1
3206,2013,0,8
3213,2013,2,2
3215,2013,1,1
3216,2013,0,1
3217,2013,0,6
3221,2013,11,25
3223,2013,4,29
3225,2013,4,6
3226,2013,2,15
3227,2013,1,4
3228,2013,2,31
3229,2013,0,5
3230,2013,0,2
3232,2013,1,3
3233,2013,2,61
3234,2013,0,9
3235,2013,2,4
3236,2013,0,3
3238,2013,0,1
3242,2013,0,1
3247,2013,0,5
3249,2013,1,5
3250,2013,1,11
3251,2013,1,6
3252,2013,0,16
3253,2013,0,7
3254,2013,2,54
3258,2013,1,2
3259,2013,1,2
3260,2013,0,3
3266,2013,1,10
3267,2013,0,5
3275,2013,0,2
3276,2013,1,2
3277,2013,0,11
3278,2013,1,2
3279,2013,0,2
3288,2013,1,3
3291,2013,1,3
3292,2013,1,8
3293,2013,0,3
3294,2013,0,9
3295,2013,1,3
3296,2013,0,1
3297,2013,0,2
3302,2013,2,2
3303,2013,0,2
3305,2013,4,17
3306,2013,0,2
3309,2013,2,8
3313,2013,1,1
3314,2013,1,1
3320,2013,0,3
3321,2013,0,13
3322,2013,0,2
3323,2013,1,6
3324,2013,0,1
3327,2013,0,3
3328,2013,0,2
3331,2013,0,1
3332,2013,0,5
3334,2013,0,4
3335,2013,1,5
3336,2013,0,1
3338,2013,0,5
3339,2013,0,1
3341,2013,0,1
3344,2013,2,7
3346,2013,0,3
3348,2013,0,1
3349,2013,0,4
3351,2013,0,2
3354,2013,1,2
3355,2013,0,1
3356,2013,0,15
3357,2013,0,7
3358,2013,0,17
3359,2013,0,4
3361,2013,0,1
8,2014,0,6
15,2014,0,1
16,2014,0,6
17,2014,0,4
19,2014,0,1
20,2014,0,3
27,2014,0,3
28,2014,0,1
36,2014,0,2
37,2014,0,12
49,2014,0,2
51,2014,0,3
52,2014,0,1
53,2014,1,2
54,2014,1,4
55,2014,0,49
60,2014,0,1
63,2014,0,1
77,2014,1,2
80,2014,0,1
81,2014,0,1
82,2014,1,2
83,2014,0,6
92,2014,0,1
99,2014,0,1
101,2014,0,1
102,2014,0,1
116,2014,0,1
117,2014,0,1
120,2014,0,1
149,2014,0,1
157,2014,0,6
164,2014,0,1
167,2014,0,1
169,2014,0,1
171,2014,0,3
173,2014,0,1
175,2014,0,1
202,2014,1,1
203,2014,1,2
206,2014,0,6
208,2014,0,1
209,2014,0,5
212,2014,0,1
216,2014,0,25
227,2014,1,3
229,2014,0,1
230,2014,2,6
239,2014,0,3
253,2014,0,2
255,2014,0,1
262,2014,1,1
266,2014,0,8
267,2014,0,1
271,2014,0,3
273,2014,0,2
274,2014,1,2
275,2014,0,8
288,2014,0,1
289,2014,0,2
290,2014,0,2
296,2014,0,1
309,2014,0,2
311,2014,0,2
325,2014,0,2
327,2014,0,3
328,2014,0,1
332,2014,0,1
334,2014,1,2
336,2014,0,2
337,2014,0,1
351,2014,0,1
354,2014,1,2
356,2014,0,1
358,2014,0,1
373,2014,0,11
385,2014,0,2
386,2014,1,1
389,2014,0,6
391,2014,0,1
398,2014,0,1
399,2014,0,2
400,2014,0,4
401,2014,1,18
402,2014,1,4
404,2014,0,1
405,2014,0,3
406,2014,0,1
407,2014,0,2
408,2014,2,18
409,2014,4,8
410,2014,4,19
424,2014,0,1
431,2014,0,1
451,2014,0,2
456,2014,0,3
462,2014,1,5
467,2014,0,1
468,2014,0,2
469,2014,0,1
471,2014,0,3
473,2014,1,1
474,2014,2,4
475,2014,0,10
476,2014,1,3
478,2014,1,28
479,2014,1,8
480,2014,3,19
481,2014,0,5
482,2014,0,3
483,2014,0,10
484,2014,0,2
485,2014,0,2
501,2014,0,1
504,2014,0,1
505,2014,0,1
507,2014,0,2
508,2014,0,3
535,2014,0,2
536,2014,0,1
537,2014,0,2
542,2014,1,3
543,2014,0,2
552,2014,0,3
553,2014,0,1
554,2014,0,9
555,2014,1,10
556,2014,9,44
557,2014,9,42
558,2014,2,4
559,2014,6,23
561,2014,1,17
562,2014,0,1
585,2014,0,1
586,2014,0,43
587,2014,0,29
605,2014,0,1
610,2014,0,1
612,2014,1,1
616,2014,2,5
620,2014,1,5
621,2014,0,1
623,2014,0,1
626,2014,2,8
630,2014,2,27
631,2014,1,2
634,2014,0,4
635,2014,8,47
636,2014,11,79
637,2014,3,17
638,2014,0,1
639,2014,0,3
663,2014,0,7
664,2014,0,84
669,2014,0,1
690,2014,0,1
691,2014,2,2
692,2014,0,1
693,2014,0,1
695,2014,1,1
701,2014,1,1
705,2014,0,1
708,2014,1,2
710,2014,0,1
713,2014,2,10
714,2014,1,11
715,2014,0,7
716,2014,1,5
717,2014,1,10
718,2014,1,2
740,2014,0,1
741,2014,0,1
742,2014,0,11
751,2014,0,2
769,2014,2,20
770,2014,2,7
772,2014,0,1
781,2014,0,1
785,2014,0,1
787,2014,0,1
788,2014,0,3
789,2014,0,1
792,2014,1,4
793,2014,0,14
794,2014,0,7
795,2014,0,6
796,2014,4,45
797,2014,0,1
820,2014,0,44
821,2014,0,29
832,2014,1,3
843,2014,0,7
848,2014,0,1
856,2014,0,1
867,2014,1,9
868,2014,2,3
869,2014,1,6
870,2014,4,16
871,2014,6,11
872,2014,1,10
873,2014,2,2
875,2014,1,3
876,2014,0,3
877,2014,1,11
878,2014,0,36
879,2014,1,13
880,2014,3,12
881,2014,0,2
882,2014,0,8
904,2014,0,1
906,2014,0,1
919,2014,2,34
921,2014,0,36
922,2014,0,5
925,2014,0,1
933,2014,0,3
935,2014,0,2
936,2014,0,1
937,2014,1,1
938,2014,0,1
940,2014,0,1
943,2014,0,2
947,2014,0,1
948,2014,0,1
949,2014,4,14
953,2014,3,13
954,2014,1,4
955,2014,1,1
957,2014,0,4
958,2014,1,9
959,2014,0,3
962,2014,10,24
963,2014,0,4
964,2014,0,9
965,2014,2,15
966,2014,0,3
967,2014,0,9
968,2014,0,4
969,2014,0,1
1005,2014,0,4
1016,2014,0,3
1024,2014,1,1
1025,2014,0,1
1027,2014,1,4
1028,2014,0,1
1030,2014,2,6
1032,2014,0,1
1033,2014,0,3
1036,2014,0,2
1037,2014,0,2
1039,2014,1,5
1040,2014,0,2
1041,2014,0,2
1042,2014,2,7
1043,2014,1,12
1044,2014,1,1
1045,2014,0,5
1047,2014,1,1
1048,2014,1,6
1049,2014,0,2
1050,2014,1,5
1051,2014,1,8
1052,2014,0,6
1088,2014,0,1
1093,2014,0,8
1099,2014,0,1
1104,2014,0,1
1108,2014,1,4
1111,2014,1,8
1113,2014,1,11
1114,2014,0,3
1115,2014,0,2
1116,2014,1,7
1117,2014,3,11
1118,2014,1,5
1119,2014,7,18
1121,2014,0,1
1122,2014,0,2
1123,2014,0,3
1124,2014,0,5
1125,2014,0,2
1128,2014,0,2
1130,2014,0,2
1131,2014,0,3
1132,2014,3,8
1133,2014,3,12
1134,2014,0,2
1160,2014,0,1
1171,2014,0,1
1177,2014,1,1
1178,2014,0,1
1179,2014,0,2
1181,2014,0,1
1182,2014,0,1
1183,2014,1,3
1188,2014,0,1
1195,2014,0,3
1197,2014,3,13
1198,2014,0,1
1199,2014,10,54
1200,2014,1,5
1202,2014,1,6
1203,2014,0,4
1204,2014,2,7
1205,2014,1,3
1206,2014,0,7
1207,2014,0,4
1208,2014,3,4
1209,2014,0,2
1211,2014,1,1
1212,2014,0,2
1213,2014,0,9
1214,2014,0,2
1215,2014,0,3
1216,2014,4,19
1217,2014,0,69
1270,2014,1,6
1273,2014,0,1
1276,2014,0,1
1278,2014,0,6
1279,2014,4,32
1280,2014,6,35
1282,2014,0,3
1283,2014,0,1
1284,2014,0,1
1286,2014,2,4
1287,2014,1,15
1288,2014,0,3
1289,2014,2,4
1290,2014,7,41
1293,2014,2,11
1294,2014,1,2
1296,2014,1,8
1300,2014,0,1
1301,2014,3,15
1302,2014,3,9
1334,2014,0,4
1335,2014,0,7
1338,2014,0,1
1351,2014,0,2
1352,2014,0,3
1354,2014,0,2
1356,2014,0,4
1360,2014,0,1
1363,2014,0,3
1364,2014,3,16
1365,2014,0,2
1366,2014,1,5
1367,2014,0,3
1368,2014,1,4
1371,2014,0,1
1372,2014,1,3
1373,2014,0,1
1374,2014,1,12
1375,2014,12,80
1376,2014,0,3
1377,2014,0,1
1378,2014,1,4
1379,2014,0,4
1380,2014,0,1
1381,2014,0,4
1383,2014,0,5
1385,2014,2,12
1386,2014,5,18
1387,2014,1,1
1388,2014,0,2
1418,2014,0,2
1420,2014,0,5
1435,2014,0,2
1440,2014,6,8
1446,2014,0,1
1450,2014,0,1
1456,2014,0,2
1457,2014,0,1
1458,2014,5,16
1459,2014,0,6
1461,2014,1,9
1462,2014,6,10
1463,2014,2,3
1464,2014,0,8
1465,2014,1,2
1466,2014,1,4
1467,2014,1,6
1468,2014,0,2
1469,2014,3,13
1470,2014,0,2
1471,2014,3,5
1472,2014,0,1
1504,2014,0,3
1518,2014,0,2
1527,2014,1,2
1534,2014,0,1
1538,2014,0,1
1539,2014,2,8
1541,2014,1,10
1543,2014,1,2
1546,2014,1,3
1548,2014,0,3
1549,2014,1,2
1550,2014,1,3
1551,2014,4,12
1552,2014,12,34
1553,2014,0,9
1554,2014,2,30
1555,2014,0,13
1586,2014,0,23
1587,2014,0,5
1608,2014,1,1
1612,2014,0,1
1614,2014,1,1
1615,2014,1,6
1617,2014,1,3
1619,2014,0,5
1620,2014,0,1
1621,2014,0,4
1622,2014,1,4
1623,2014,3,7
1624,2014,11,35
1625,2014,0,2
1626,2014,0,5
1627,2014,1,2
1629,2014,0,1
1630,2014,0,2
1631,2014,0,1
1633,2014,1,4
1634,2014,15,73
1635,2014,8,34
1636,2014,0,2
1637,2014,1,1
1638,2014,2,5
1668,2014,0,8
1669,2014,0,27
1670,2014,1,20
1686,2014,0,1
1701,2014,0,2
1702,2014,0,4
1704,2014,0,4
1705,2014,1,3
1709,2014,0,1
1710,2014,1,1
1712,2014,1,2
1713,2014,3,6
1714,2014,0,1
1715,2014,3,8
1717,2014,6,14
1719,2014,0,5
1720,2014,0,3
1721,2014,2,7
1752,2014,0,2
1782,2014,0,4
1786,2014,0,2
1787,2014,3,14
1788,2014,1,2
1791,2014,1,2
1795,2014,1,7
1796,2014,0,3
1797,2014,1,1
1798,2014,0,1
1799,2014,0,1
1800,2014,2,12
1801,2014,1,1
1803,2014,0,23
1834,2014,1,8
1848,2014,0,3
1849,2014,0,1
1850,2014,0,2
1851,2014,0,4
1855,2014,1,12
1856,2014,1,2
1861,2014,1,3
1863,2014,0,1
1869,2014,0,2
1872,2014,0,1
1877,2014,0,1
1878,2014,0,1
1879,2014,0,1
1880,2014,1,2
1881,2014,1,5
1915,2014,0,2
1922,2014,0,5
1936,2014,1,1
1938,2014,0,2
1940,2014,0,3
1941,2014,0,1
1949,2014,0,1
1950,2014,0,3
1952,2014,0,4
1957,2014,0,4
1958,2014,1,18
1959,2014,2,6
1960,2014,1,4
1961,2014,0,3
1962,2014,0,2
1963,2014,2,10
1964,2014,2,4
1965,2014,0,4
1994,2014,0,8
2000,2014,0,1
2015,2014,0,3
2020,2014,1,2
2023,2014,0,1
2027,2014,0,1
2032,2014,0,1
2035,2014,2,7
2038,2014,4,39
2039,2014,0,1
2041,2014,0,1
2042,2014,1,1
2046,2014,1,2
2094,2014,1,1
2097,2014,0,1
2103,2014,3,10
2104,2014,0,2
2108,2014,0,1
2110,2014,0,1
2113,2014,0,1
2114,2014,1,1
2115,2014,3,9
2116,2014,2,2
2117,2014,2,7
2119,2014,0,9
2126,2014,0,2
2127,2014,0,4
2172,2014,0,2
2175,2014,0,2
2177,2014,0,1
2179,2014,0,1
2184,2014,2,4
2192,2014,0,1
2194,2014,0,3
2195,2014,0,1
2196,2014,1,4
2198,2014,0,2
2201,2014,0,1
2202,2014,9,20
2203,2014,1,3
2206,2014,0,1
2207,2014,0,2
2208,2014,0,4
2238,2014,0,5
2240,2014,0,1
2241,2014,0,1
2242,2014,0,2
2248,2014,0,1
2250,2014,0,2
2253,2014,1,7
2258,2014,0,2
2261,2014,0,1
2266,2014,0,2
2267,2014,0,1
2270,2014,1,1
2271,2014,0,1
2279,2014,0,5
2284,2014,0,1
2285,2014,0,24
2286,2014,1,1
2287,2014,0,5
2308,2014,0,6
2319,2014,0,1
2324,2014,0,3
2336,2014,1,4
2337,2014,0,1
2339,2014,1,2
2340,2014,0,1
2342,2014,0,1
2344,2014,0,1
2348,2014,0,1
2349,2014,0,1
2350,2014,0,1
2352,2014,1,4
2353,2014,0,5
2354,2014,0,1
2356,2014,0,2
2357,2014,0,1
2358,2014,7,11
2359,2014,0,1
2360,2014,0,15
2361,2014,0,1
2363,2014,2,5
2364,2014,0,2
2370,2014,0,2
2371,2014,0,1
2385,2014,0,5
2386,2014,0,11
2397,2014,0,1
2406,2014,1,1
2411,2014,2,3
2412,2014,0,2
2414,2014,0,2
2417,2014,1,8
2418,2014,0,1
2422,2014,0,4
2423,2014,1,5
2424,2014,0,1
2433,2014,1,2
2434,2014,0,1
2436,2014,0,4
2438,2014,0,4
2441,2014,0,1
2448,2014,0,2
2461,2014,0,2
2462,2014,0,3
2464,2014,0,1
2486,2014,0,1
2488,2014,0,1
2489,2014,0,1
2496,2014,4,22
2497,2014,0,2
2502,2014,0,2
2509,2014,0,1
2514,2014,0,1
2515,2014,0,1
2521,2014,0,5
2523,2014,0,1
2524,2014,1,2
2537,2014,0,2
2538,2014,0,1
2539,2014,0,1
2556,2014,1,3
2557,2014,0,1
2560,2014,2,2
2563,2014,0,2
2571,2014,1,2
2573,2014,1,2
2575,2014,0,2
2582,2014,0,6
2583,2014,2,3
2586,2014,0,1
2591,2014,0,1
2593,2014,0,3
2595,2014,0,1
2597,2014,0,1
2611,2014,0,2
2613,2014,0,5
2614,2014,0,5
2629,2014,0,7
2631,2014,0,1
2633,2014,1,10
2636,2014,0,1
2643,2014,0,2
2653,2014,2,13
2654,2014,0,3
2657,2014,1,1
2658,2014,1,1
2659,2014,2,23
2661,2014,2,3
2669,2014,0,1
2682,2014,0,1
2683,2014,0,1
2698,2014,0,1
2700,2014,12,26
2705,2014,0,1
2706,2014,0,1
2714,2014,1,2
2724,2014,0,1
2728,2014,0,2
2729,2014,0,7
2730,2014,0,1
2732,2014,0,2
2733,2014,0,9
2735,2014,0,1
2736,2014,1,2
2737,2014,2,2
2745,2014,1,3
2747,2014,0,2
2749,2014,0,1
2750,2014,0,4
2755,2014,0,4
2756,2014,0,2
2758,2014,0,1
2762,2014,0,2
2768,2014,0,1
2769,2014,0,2
2772,2014,4,8
2773,2014,2,5
2776,2014,1,2
2781,2014,0,1
2782,2014,0,1
2784,2014,0,1
2794,2014,1,11
2795,2014,0,1
2802,2014,2,7
2803,2014,0,3
2806,2014,1,1
2808,2014,0,3
2809,2014,0,56
2810,2014,0,11
2814,2014,0,1
2815,2014,0,2
2819,2014,0,2
2829,2014,0,2
2831,2014,0,1
2833,2014,2,2
2834,2014,0,2
2835,2014,13,53
2836,2014,0,5
2840,2014,0,2
2844,2014,0,2
2857,2014,0,1
2858,2014,0,1
2859,2014,3,8
2860,2014,1,1
2866,2014,2,4
2870,2014,2,34
2871,2014,3,35
2872,2014,0,1
2873,2014,3,38
2890,2014,0,2
2894,2014,0,3
2895,2014,6,43
2896,2014,4,295
2897,2014,1,151
2901,2014,2,2
2905,2014,0,1
2906,2014,0,1
2914,2014,0,1
2917,2014,5,9
2924,2014,0,1
2927,2014,0,1
2928,2014,0,9
2929,2014,5,50
2944,2014,1,2
2945,2014,0,2
2948,2014,0,4
2950,2014,0,1
2951,2014,0,2
2952,2014,0,3
2953,2014,6,24
2954,2014,0,15
2955,2014,1,2
2957,2014,0,1
2958,2014,1,6
2959,2014,0,1
2960,2014,2,4
2963,2014,1,2
2979,2014,1,1
2984,2014,0,4
2987,2014,0,7
2995,2014,0,3
2996,2014,0,4
2999,2014,0,1
3000,2014,1,8
3001,2014,0,1
3002,2014,0,4
3003,2014,0,4
3005,2014,0,1
3006,2014,0,4
3011,2014,0,2
3014,2014,0,1
3022,2014,0,2
3033,2014,0,1
3035,2014,1,7
3046,2014,0,3
3054,2014,0,1
3056,2014,1,8
3057,2014,0,6
3058,2014,0,4
3059,2014,4,4
3062,2014,0,1
3078,2014,0,2
3081,2014,1,1
3083,2014,0,2
3086,2014,0,3
3087,2014,0,11
3091,2014,0,1
3092,2014,0,1
3096,2014,0,6
3097,2014,0,1
3098,2014,0,4
3100,2014,0,1
3101,2014,3,4
3103,2014,0,1
3106,2014,0,1
3107,2014,0,2
3109,2014,0,1
3111,2014,0,1
3120,2014,0,1
3122,2014,0,1
3123,2014,0,1
3124,2014,1,3
3125,2014,0,1
3129,2014,0,1
3130,2014,0,2
3133,2014,0,9
3134,2014,0,2
3136,2014,0,3
3137,2014,0,5
3141,2014,1,24
3142,2014,0,2
3143,2014,2,13
3144,2014,3,24
3145,2014,15,66
3146,2014,5,19
3147,2014,0,5
3148,2014,0,5
3149,2014,0,2
3150,2014,0,2
3151,2014,0,1
3156,2014,0,1
3157,2014,0,3
3158,2014,0,1
3159,2014,1,1
3160,2014,0,1
3162,2014,1,4
3167,2014,1,1
3168,2014,0,1
3171,2014,2,3
3174,2014,0,9
3175,2014,1,1
3176,2014,0,3
3177,2014,2,5
3184,2014,0,3
3185,2014,1,4
3186,2014,0,2
3187,2014,0,7
3188,2014,0,3
3189,2014,0,6
3190,2014,5,21
3191,2014,18,79
3192,2014,14,108
3193,2014,2,19
3194,2014,0,3
3195,2014,1,3
3196,2014,2,8
3197,2014,0,2
3200,2014,1,2
3203,2014,0,1
3206,2014,0,13
3209,2014,0,1
3213,2014,1,4
3214,2014,0,1
3215,2014,0,4
3216,2014,1,5
3217,2014,0,1
3221,2014,19,41
3223,2014,0,13
3224,2014,0,3
3225,2014,0,1
3226,2014,1,5
3227,2014,0,1
3228,2014,9,76
3229,2014,1,6
3230,2014,2,4
3231,2014,1,9
3232,2014,3,7
3233,2014,2,40
3234,2014,0,8
3235,2014,0,10
3236,2014,0,3
3238,2014,0,1
3247,2014,0,1
3248,2014,0,1
3249,2014,1,9
3250,2014,0,3
3251,2014,0,9
3252,2014,0,6
3253,2014,1,13
3254,2014,1,2
3255,2014,0,5
3256,2014,0,1
3257,2014,0,3
3258,2014,1,4
3259,2014,1,3
3260,2014,0,11
3261,2014,0,3
3266,2014,1,11
3267,2014,0,6
3275,2014,0,1
3277,2014,0,6
3278,2014,1,3
3279,2014,1,5
3281,2014,0,1
3286,2014,0,2
3287,2014,0,1
3288,2014,1,4
3290,2014,0,2
3291,2014,2,2
3292,2014,2,14
3293,2014,0,3
3294,2014,1,6
3295,2014,0,2
3296,2014,2,5
3297,2014,0,2
3300,2014,0,1
3304,2014,1,1
3305,2014,5,14
3306,2014,0,4
3309,2014,0,4
3311,2014,0,1
3313,2014,0,1
3317,2014,0,1
3320,2014,0,4
3321,2014,0,40
3322,2014,0,5
3323,2014,0,13
3326,2014,0,2
3327,2014,0,18
3328,2014,1,1
3331,2014,2,4
3332,2014,0,7
3333,2014,0,2
3334,2014,0,17
3335,2014,1,13
3336,2014,0,3
3338,2014,0,8
3344,2014,1,8
3345,2014,1,3
3346,2014,0,2
3348,2014,1,14
3350,2014,0,3
3351,2014,1,1
3354,2014,0,2
3355,2014,0,2
3356,2014,0,15
3357,2014,0,7
3358,2014,0,9
3359,2014,0,2
8,2015,0,9
15,2015,0,2
16,2015,0,1
17,2015,0,1
19,2015,0,3
27,2015,0,1
32,2015,0,1
33,2015,1,1
36,2015,0,5
37,2015,2,35
49,2015,1,2
50,2015,0,1
51,2015,0,1
53,2015,0,1
54,2015,1,2
55,2015,1,59
64,2015,0,1
77,2015,1,2
78,2015,1,1
79,2015,0,1
83,2015,0,3
92,2015,0,16
93,2015,0,1
98,2015,0,1
99,2015,0,1
102,2015,1,2
116,2015,0,1
119,2015,3,5
150,2015,0,1
157,2015,0,10
166,2015,0,4
169,2015,0,1
170,2015,0,7
171,2015,0,7
175,2015,0,1
197,2015,1,9
202,2015,1,4
203,2015,0,1
206,2015,3,6
209,2015,0,6
210,2015,0,1
216,2015,0,31
223,2015,0,1
227,2015,0,1
230,2015,4,12
232,2015,0,1
252,2015,0,1
255,2015,0,1
263,2015,0,1
264,2015,0,1
265,2015,0,2
266,2015,0,3
267,2015,0,2
271,2015,0,1
275,2015,3,9
289,2015,0,2
290,2015,0,2
291,2015,0,2
292,2015,0,4
293,2015,0,2
296,2015,0,1
319,2015,0,1
325,2015,0,2
327,2015,0,3
333,2015,0,1
336,2015,0,7
337,2015,0,2
338,2015,0,1
339,2015,1,11
351,2015,0,4
353,2015,0,1
356,2015,0,1
372,2015,0,2
373,2015,0,18
383,2015,0,1
385,2015,0,2
388,2015,1,2
389,2015,1,6
391,2015,3,5
396,2015,0,1
398,2015,0,1
400,2015,0,5
401,2015,0,24
402,2015,1,6
403,2015,0,1
404,2015,0,1
405,2015,1,1
408,2015,4,18
409,2015,2,13
410,2015,0,30
424,2015,0,3
425,2015,0,1
428,2015,0,1
429,2015,0,1
432,2015,0,1
433,2015,0,2
455,2015,0,3
456,2015,0,3
458,2015,0,1
459,2015,1,1
462,2015,1,4
463,2015,0,1
464,2015,0,1
466,2015,1,1
468,2015,0,1
469,2015,0,2
471,2015,0,3
472,2015,0,1
474,2015,0,6
475,2015,1,15
476,2015,0,5
478,2015,2,32
479,2015,3,11
480,2015,1,15
481,2015,0,1
482,2015,1,5
483,2015,0,5
484,2015,0,1
485,2015,0,8
501,2015,0,1
504,2015,0,4
507,2015,0,3
508,2015,0,2
509,2015,0,4
512,2015,0,1
520,2015,0,1
535,2015,2,4
541,2015,0,2
542,2015,1,4
544,2015,0,1
546,2015,0,1
549,2015,0,3
552,2015,1,4
553,2015,0,2
554,2015,4,16
555,2015,0,7
556,2015,5,62
557,2015,17,80
558,2015,0,9
559,2015,0,3
560,2015,0,4
561,2015,1,47
562,2015,0,2
585,2015,0,1
586,2015,0,44
587,2015,0,37
588,2015,0,11
612,2015,0,4
614,2015,0,1
615,2015,0,1
616,2015,0,3
619,2015,0,1
620,2015,3,4
622,2015,0,1
625,2015,0,1
626,2015,0,8
627,2015,1,5
630,2015,5,21
631,2015,3,7
633,2015,0,1
634,2015,2,5
635,2015,3,49
636,2015,11,71
637,2015,6,19
638,2015,1,3
639,2015,1,23
640,2015,0,8
662,2015,0,3
663,2015,0,11
664,2015,0,41
669,2015,0,3
670,2015,0,1
688,2015,0,4
692,2015,1,8
693,2015,1,1
703,2015,3,13
704,2015,0,1
708,2015,0,1
709,2015,1,1
710,2015,1,2
711,2015,0,1
713,2015,4,30
714,2015,0,15
715,2015,0,8
716,2015,0,13
717,2015,0,18
718,2015,1,7
742,2015,0,13
748,2015,0,1
751,2015,0,3
769,2015,13,51
770,2015,1,8
775,2015,1,3
778,2015,0,2
781,2015,0,1
783,2015,0,1
785,2015,1,2
787,2015,0,2
788,2015,3,16
791,2015,1,1
792,2015,2,13
793,2015,1,19
794,2015,1,5
795,2015,0,6
796,2015,8,68
797,2015,1,6
819,2015,0,1
820,2015,0,40
821,2015,0,38
822,2015,0,3
831,2015,0,1
842,2015,1,2
843,2015,0,2
846,2015,1,6
848,2015,1,1
853,2015,0,1
855,2015,0,4
856,2015,0,2
857,2015,0,1
863,2015,0,3
867,2015,0,6
868,2015,0,1
869,2015,0,3
870,2015,3,9
871,2015,0,4
872,2015,1,7
875,2015,1,1
876,2015,2,17
877,2015,2,17
878,2015,1,8
879,2015,1,10
880,2015,13,60
881,2015,0,6
882,2015,1,21
883,2015,0,1
904,2015,0,1
919,2015,1,35
921,2015,1,37
922,2015,0,3
928,2015,0,1
929,2015,1,1
930,2015,0,1
932,2015,0,2
933,2015,1,5
935,2015,1,2
936,2015,0,1
937,2015,0,3
940,2015,1,5
941,2015,0,2
942,2015,0,1
944,2015,0,1
948,2015,0,2
949,2015,2,11
950,2015,1,2
951,2015,1,1
953,2015,1,16
954,2015,8,18
955,2015,0,1
957,2015,1,3
958,2015,1,22
961,2015,0,1
962,2015,0,2
963,2015,1,7
964,2015,2,14
965,2015,5,19
966,2015,0,6
967,2015,3,15
968,2015,0,1
1005,2015,0,6
1016,2015,0,4
1018,2015,1,1
1020,2015,0,2
1027,2015,0,3
1028,2015,0,1
1030,2015,0,1
1031,2015,0,1
1033,2015,0,6
1036,2015,0,1
1037,2015,0,1
1039,2015,0,3
1045,2015,1,2
1048,2015,2,13
1049,2015,1,4
1050,2015,1,15
1051,2015,1,7
1052,2015,1,8
1083,2015,1,1
1093,2015,0,1
1096,2015,1,5
1104,2015,0,1
1108,2015,0,2
1110,2015,0,8
1111,2015,2,44
1113,2015,0,13
1114,2015,0,2
1115,2015,0,6
1116,2015,0,4
1117,2015,5,23
1118,2015,4,16
1119,2015,7,15
1120,2015,0,1
1122,2015,0,1
1123,2015,0,1
1124,2015,0,2
1128,2015,0,1
1129,2015,0,2
1130,2015,1,1
1131,2015,0,8
1132,2015,2,9
1133,2015,4,18
1134,2015,9,27
1170,2015,0,1
1181,2015,0,1
1191,2015,0,2
1193,2015,0,2
1196,2015,1,2
1197,2015,0,4
1198,2015,0,1
1199,2015,0,6
1200,2015,0,3
1201,2015,1,8
1202,2015,2,7
1203,2015,0,1
1204,2015,1,13
1205,2015,0,2
1206,2015,0,2
1207,2015,1,15
1208,2015,0,1
1209,2015,0,6
1210,2015,0,2
1212,2015,0,1
1213,2015,1,6
1214,2015,1,2
1215,2015,1,6
1216,2015,10,63
1217,2015,2,91
1270,2015,1,3
1276,2015,0,1
1277,2015,1,2
1278,2015,0,1
1279,2015,8,58
1280,2015,6,55
1281,2015,0,1
1282,2015,1,9
1283,2015,0,5
1286,2015,3,7
1287,2015,3,16
1288,2015,0,8
1289,2015,6,15
1290,2015,12,81
1291,2015,2,5
1292,2015,0,5
1293,2015,3,9
1294,2015,9,10
1295,2015,0,2
1296,2015,2,14
1297,2015,0,4
1300,2015,1,1
1301,2015,7,35
1302,2015,18,55
1334,2015,0,3
1335,2015,0,2
1341,2015,2,4
1346,2015,0,1
1356,2015,0,1
1358,2015,2,4
1363,2015,1,2
1364,2015,8,27
1365,2015,12,15
1366,2015,0,4
1367,2015,1,3
1368,2015,1,2
1371,2015,1,2
1372,2015,0,1
1373,2015,0,2
1374,2015,6,24
1375,2015,13,49
1376,2015,0,1
1377,2015,0,1
1378,2015,0,2
1380,2015,2,6
1381,2015,1,2
1383,2015,1,15
1384,2015,0,2
1385,2015,3,17
1386,2015,3,30
1387,2015,2,7
1388,2015,0,3
1418,2015,0,1
1420,2015,1,5
1434,2015,0,1
1435,2015,1,6
1446,2015,0,1
1447,2015,0,1
1448,2015,0,3
1449,2015,0,5
1456,2015,0,1
1457,2015,3,10
1458,2015,1,15
1459,2015,0,2
1461,2015,5,11
1462,2015,6,20
1463,2015,2,8
1466,2015,1,4
1467,2015,0,9
1468,2015,0,2
1469,2015,3,18
1470,2015,0,3
1471,2015,0,3
1504,2015,0,14
1505,2015,1,4
1514,2015,0,1
1518,2015,0,2
1528,2015,0,1
1529,2015,1,2
1530,2015,2,4
1534,2015,0,1
1537,2015,1,1
1538,2015,1,2
1539,2015,1,1
1541,2015,1,8
1542,2015,0,4
1544,2015,0,1
1545,2015,1,2
1546,2015,1,3
1548,2015,0,2
1550,2015,1,5
1551,2015,0,4
1552,2015,10,31
1553,2015,1,5
1554,2015,0,6
1555,2015,0,12
1584,2015,0,1
1586,2015,2,66
1587,2015,0,8
1588,2015,0,1
1600,2015,1,1
1605,2015,1,1
1608,2015,1,3
1612,2015,0,3
1614,2015,0,1
1615,2015,1,6
1616,2015,1,1
1619,2015,1,2
1620,2015,4,34
1621,2015,3,11
1622,2015,2,5
1623,2015,3,5
1624,2015,4,14
1625,2015,1,1
1626,2015,1,1
1627,2015,0,3
1629,2015,1,2
1630,2015,1,3
1631,2015,1,2
1632,2015,1,8
1633,2015,5,10
1634,2015,19,99
1635,2015,20,67
1636,2015,1,8
1637,2015,0,2
1638,2015,2,3
1668,2015,0,18
1669,2015,0,61
1670,2015,4,40
1680,2015,0,1
1686,2015,0,1
1691,2015,0,3
1693,2015,0,3
1696,2015,0,5
1700,2015,0,1
1701,2015,0,1
1702,2015,0,2
1703,2015,1,1
1704,2015,5,17
1705,2015,2,7
1708,2015,1,4
1709,2015,1,5
1712,2015,1,4
1713,2015,0,2
1714,2015,1,3
1715,2015,4,13
1716,2015,0,4
1717,2015,1,14
1718,2015,1,3
1719,2015,0,3
1720,2015,0,3
1721,2015,1,9
1752,2015,0,7
1772,2015,0,1
1779,2015,0,2
1780,2015,0,1
1781,2015,3,6
1782,2015,1,8
1783,2015,1,7
1784,2015,2,10
1785,2015,1,2
1786,2015,0,4
1787,2015,6,19
1789,2015,0,1
1791,2015,0,1
1795,2015,0,1
1796,2015,0,2
1797,2015,2,4
1799,2015,0,4
1800,2015,7,14
1803,2015,0,18
1834,2015,0,16
1843,2015,1,1
1847,2015,0,1
1848,2015,1,3
1850,2015,0,4
1851,2015,0,2
1852,2015,0,2
1855,2015,2,28
1859,2015,0,1
1860,2015,0,1
1863,2015,0,1
1865,2015,0,1
1869,2015,0,1
1872,2015,1,3
1876,2015,0,1
1877,2015,0,2
1878,2015,0,1
1879,2015,4,5
1880,2015,0,1
1881,2015,12,22
1883,2015,1,2
1914,2015,0,1
1915,2015,0,6
1929,2015,0,1
1932,2015,0,1
1939,2015,3,13
1940,2015,1,9
1942,2015,0,1
1948,2015,2,3
1949,2015,0,1
1950,2015,3,9
1957,2015,0,3
1958,2015,0,1
1959,2015,1,7
1961,2015,1,5
1962,2015,1,4
1963,2015,0,1
1964,2015,2,12
1965,2015,1,4
1994,2015,0,4
1998,2015,0,1
2000,2015,0,1
2007,2015,0,2
2017,2015,0,1
2020,2015,0,1
2021,2015,0,4
2032,2015,0,2
2038,2015,2,29
2040,2015,0,1
2041,2015,2,2
2042,2015,2,6
2045,2015,1,3
2046,2015,0,2
2086,2015,0,1
2088,2015,0,3
2089,2015,2,9
2100,2015,1,5
2103,2015,4,12
2108,2015,1,3
2110,2015,0,2
2115,2015,1,4
2119,2015,0,5
2122,2015,0,2
2126,2015,0,2
2127,2015,0,11
2160,2015,1,5
2170,2015,0,1
2171,2015,0,1
2179,2015,0,2
2180,2015,0,5
2189,2015,0,1
2194,2015,1,1
2196,2015,0,8
2197,2015,0,2
2198,2015,0,1
2199,2015,1,1
2200,2015,0,7
2201,2015,0,10
2202,2015,3,21
2203,2015,0,5
2206,2015,0,1
2207,2015,1,7
2208,2015,1,7
2238,2015,0,5
2239,2015,0,4
2240,2015,0,1
2241,2015,0,2
2242,2015,0,3
2246,2015,0,1
2250,2015,0,1
2253,2015,0,5
2257,2015,0,2
2259,2015,1,1
2270,2015,2,2
2278,2015,0,2
2279,2015,0,2
2280,2015,1,6
2281,2015,0,1
2284,2015,1,4
2285,2015,6,23
2288,2015,0,3
2307,2015,0,1
2308,2015,0,8
2319,2015,0,8
2329,2015,1,1
2336,2015,1,7
2340,2015,0,1
2352,2015,0,6
2353,2015,0,1
2354,2015,0,1
2356,2015,0,3
2357,2015,0,1
2358,2015,5,13
2359,2015,1,8
2360,2015,1,34
2361,2015,0,1
2362,2015,15,16
2363,2015,1,6
2364,2015,8,25
2367,2015,0,1
2370,2015,0,3
2371,2015,0,2
2385,2015,1,7
2397,2015,0,4
2398,2015,0,6
2406,2015,0,1
2407,2015,0,1
2414,2015,0,1
2418,2015,0,1
2419,2015,1,4
2420,2015,1,1
2421,2015,0,1
2424,2015,0,3
2426,2015,0,1
2436,2015,0,1
2437,2015,1,2
2438,2015,0,6
2441,2015,0,4
2442,2015,1,1
2443,2015,0,1
2448,2015,1,2
2461,2015,0,8
2462,2015,0,4
2463,2015,0,5
2464,2015,0,2
2480,2015,0,2
2485,2015,0,1
2488,2015,1,8
2489,2015,0,2
2491,2015,0,1
2493,2015,0,2
2496,2015,17,56
2498,2015,1,3
2502,2015,1,5
2510,2015,1,18
2511,2015,0,2
2512,2015,0,1
2513,2015,1,1
2514,2015,0,1
2515,2015,0,3
2518,2015,1,5
2521,2015,0,2
2524,2015,0,1
2537,2015,0,10
2555,2015,0,1
2556,2015,4,4
2563,2015,0,2
2564,2015,2,2
2572,2015,1,3
2577,2015,0,1
2581,2015,0,2
2585,2015,0,1
2586,2015,0,1
2588,2015,1,5
2589,2015,0,1
2592,2015,0,1
2593,2015,0,3
2595,2015,1,2
2597,2015,0,1
2610,2015,0,1
2611,2015,0,2
2613,2015,0,5
2614,2015,0,3
2629,2015,0,10
2631,2015,0,3
2633,2015,2,20
2638,2015,1,1
2641,2015,0,2
2655,2015,0,2
2656,2015,0,1
2658,2015,1,1
2659,2015,2,20
2660,2015,0,7
2661,2015,1,3
2666,2015,0,1
2667,2015,0,1
2669,2015,0,4
2679,2015,0,4
2680,2015,0,1
2682,2015,0,4
2683,2015,0,1
2699,2015,1,8
2700,2015,26,40
2702,2015,0,3
2703,2015,1,2
2709,2015,1,2
2714,2015,0,1
2720,2015,0,1
2724,2015,0,1
2726,2015,1,2
2728,2015,0,2
2729,2015,1,4
2730,2015,0,1
2733,2015,1,5
2736,2015,0,1
2748,2015,0,1
2750,2015,0,22
2751,2015,0,1
2755,2015,0,3
2758,2015,0,2
2762,2015,0,12
2763,2015,0,2
2766,2015,1,1
2768,2015,2,9
2769,2015,0,7
2770,2015,0,2
2771,2015,0,1
2772,2015,3,5
2773,2015,1,6
2776,2015,1,2
2777,2015,2,2
2781,2015,0,2
2782,2015,0,1
2790,2015,0,7
2791,2015,0,1
2792,2015,0,1
2794,2015,0,4
2795,2015,0,1
2796,2015,0,1
2799,2015,0,1
2802,2015,4,25
2803,2015,0,5
2806,2015,0,1
2808,2015,0,1
2809,2015,2,101
2810,2015,0,17
2814,2015,0,27
2815,2015,0,7
2816,2015,0,2
2819,2015,0,1
2829,2015,0,5
2832,2015,0,1
2834,2015,0,2
2835,2015,9,72
2836,2015,0,20
2838,2015,0,2
2839,2015,0,1
2842,2015,0,1
2845,2015,0,3
2853,2015,0,1
2856,2015,0,1
2857,2015,0,3
2859,2015,0,1
2865,2015,0,4
2869,2015,0,1
2870,2015,3,63
2871,2015,1,56
2872,2015,0,15
2873,2015,3,32
2890,2015,0,1
2892,2015,0,2
2893,2015,1,3
2894,2015,0,1
2895,2015,9,77
2896,2015,9,171
2897,2015,1,118
2898,2015,2,5
2901,2015,0,12
2902,2015,0,4
2904,2015,0,1
2905,2015,1,3
2909,2015,0,1
2910,2015,1,1
2914,2015,0,1
2916,2015,0,2
2917,2015,2,2
2919,2015,0,2
2925,2015,0,1
2926,2015,0,4
2927,2015,0,1
2928,2015,0,16
2929,2015,4,32
2930,2015,0,1
2932,2015,1,1
2944,2015,0,1
2945,2015,0,2
2946,2015,0,2
2947,2015,0,1
2949,2015,1,7
2950,2015,0,1
2951,2015,0,3
2952,2015,0,1
2953,2015,2,13
2954,2015,0,68
2955,2015,0,3
2956,2015,0,2
2957,2015,0,2
2958,2015,1,4
2959,2015,0,1
2960,2015,1,7
2961,2015,1,2
2966,2015,0,1
2967,2015,1,1
2975,2015,0,1
2976,2015,1,1
2977,2015,0,1
2979,2015,0,1
2980,2015,1,1
2981,2015,1,7
2984,2015,0,1
2986,2015,0,1
2987,2015,0,5
2995,2015,0,1
2998,2015,0,1
3001,2015,0,1
3003,2015,0,2
3004,2015,0,1
3006,2015,0,3
3007,2015,1,5
3008,2015,0,2
3012,2015,0,1
3016,2015,0,3
3020,2015,0,1
3034,2015,0,1
3035,2015,1,2
3043,2015,0,1
3046,2015,1,7
3047,2015,0,1
3048,2015,0,1
3050,2015,0,2
3052,2015,0,2
3053,2015,0,3
3055,2015,10,11
3057,2015,2,43
3058,2015,0,1
3059,2015,0,1
3063,2015,0,2
3068,2015,0,2
3073,2015,0,2
3075,2015,0,1
3081,2015,2,2
3082,2015,0,1
3083,2015,0,4
3086,2015,0,8
3087,2015,0,17
3090,2015,0,3
3091,2015,0,1
3093,2015,0,1
3095,2015,1,2
3096,2015,2,4
3097,2015,2,8
3098,2015,2,6
3099,2015,0,2
3101,2015,6,10
3104,2015,3,18
3105,2015,1,9
3106,2015,0,9
3107,2015,0,1
3111,2015,0,1
3113,2015,0,1
3115,2015,0,1
3117,2015,0,1
3119,2015,0,1
3120,2015,2,3
3123,2015,1,1
3124,2015,1,3
3125,2015,1,1
3130,2015,0,4
3133,2015,0,12
3134,2015,0,9
3137,2015,3,7
3139,2015,0,1
3141,2015,1,13
3142,2015,0,4
3143,2015,1,11
3144,2015,4,18
3145,2015,19,105
3146,2015,7,40
3147,2015,0,9
3148,2015,1,14
3149,2015,1,4
3150,2015,0,4
3151,2015,0,1
3152,2015,0,1
3157,2015,0,6
3158,2015,1,6
3160,2015,0,7
3161,2015,0,1
3162,2015,0,3
3164,2015,0,2
3165,2015,0,2
3166,2015,0,1
3168,2015,1,4
3171,2015,0,2
3174,2015,3,18
3176,2015,0,1
3177,2015,0,2
3179,2015,0,3
3180,2015,0,1
3183,2015,0,4
3185,2015,1,1
3187,2015,0,12
3188,2015,0,1
3189,2015,2,10
3190,2015,3,9
3191,2015,16,93
3192,2015,19,185
3193,2015,1,10
3194,2015,0,2
3195,2015,0,3
3196,2015,16,37
3197,2015,1,2
3198,2015,2,6
3199,2015,0,6
3201,2015,1,3
3202,2015,0,1
3203,2015,2,4
3206,2015,0,4
3207,2015,0,1
3211,2015,0,1
3213,2015,1,3
3215,2015,0,1
3216,2015,0,1
3217,2015,0,5
3221,2015,11,29
3223,2015,2,9
3224,2015,1,5
3225,2015,2,6
3226,2015,3,11
3227,2015,0,3
3228,2015,18,96
3229,2015,1,10
3230,2015,1,12
3231,2015,0,2
3232,2015,2,3
3233,2015,1,75
3234,2015,0,25
3235,2015,5,13
3236,2015,0,9
3238,2015,0,5
3240,2015,0,2
3244,2015,1,1
3245,2015,0,2
3247,2015,1,4
3248,2015,0,1
3249,2015,1,18
3250,2015,0,6
3251,2015,0,9
3252,2015,0,4
3253,2015,0,4
3255,2015,0,8
3257,2015,0,1
3258,2015,0,2
3259,2015,0,1
3260,2015,0,10
3261,2015,1,2
3266,2015,2,21
3267,2015,0,2
3275,2015,1,4
3276,2015,2,2
3277,2015,0,18
3278,2015,1,4
3279,2015,0,2
3281,2015,0,1
3285,2015,0,1
3286,2015,0,1
3287,2015,0,2
3288,2015,0,1
3290,2015,0,1
3291,2015,1,4
3292,2015,1,10
3293,2015,0,3
3294,2015,0,19
3295,2015,1,6
3296,2015,1,2
3297,2015,0,3
3298,2015,0,1
3300,2015,0,1
3301,2015,0,1
3302,2015,4,7
3304,2015,2,2
3305,2015,1,12
3306,2015,2,7
3309,2015,1,11
3314,2015,0,1
3316,2015,0,1
3319,2015,0,2
3320,2015,4,18
3321,2015,1,38
3322,2015,0,6
3323,2015,0,2
3325,2015,0,2
3326,2015,0,1
3327,2015,0,12
3328,2015,0,1
3329,2015,0,1
3331,2015,3,6
3332,2015,1,4
3333,2015,0,2
3334,2015,0,21
3335,2015,0,7
3336,2015,2,3
3337,2015,0,3
3338,2015,0,15
3341,2015,0,1
3342,2015,0,1
3344,2015,0,15
3345,2015,0,2
3346,2015,1,1
3348,2015,0,8
3349,2015,0,4
3350,2015,0,4
3351,2015,4,4
3354,2015,0,2
3355,2015,0,1
3356,2015,0,25
3357,2015,0,23
3358,2015,0,30
3359,2015,0,4
3361,2015,0,1
8,2016,0,4
15,2016,0,3
16,2016,0,2
17,2016,0,5
18,2016,0,1
19,2016,0,1
20,2016,0,3
27,2016,0,1
28,2016,0,1
29,2016,0,1
32,2016,0,4
33,2016,3,5
34,2016,0,1
36,2016,0,4
37,2016,3,30
49,2016,0,4
50,2016,3,4
51,2016,0,2
54,2016,3,16
55,2016,5,141
60,2016,0,1
63,2016,0,1
64,2016,0,2
77,2016,1,9
78,2016,0,3
82,2016,1,4
83,2016,0,11
84,2016,0,1
92,2016,1,26
93,2016,0,2
98,2016,0,1
116,2016,1,3
117,2016,1,2
119,2016,0,2
120,2016,0,2
130,2016,0,1
141,2016,0,1
146,2016,0,1
149,2016,0,3
150,2016,0,1
152,2016,0,1
157,2016,1,20
164,2016,0,1
166,2016,2,15
170,2016,0,13
172,2016,0,2
175,2016,0,8
177,2016,0,2
202,2016,1,1
206,2016,0,12
207,2016,0,1
208,2016,0,1
209,2016,1,10
210,2016,0,5
216,2016,0,62
223,2016,0,1
225,2016,0,1
226,2016,0,1
229,2016,1,9
230,2016,7,26
231,2016,0,5
233,2016,0,1
236,2016,0,1
237,2016,0,1
253,2016,0,1
255,2016,0,1
263,2016,0,4
264,2016,0,1
265,2016,0,10
266,2016,0,10
267,2016,0,4
269,2016,0,3
270,2016,1,4
271,2016,0,4
275,2016,1,5
287,2016,0,3
289,2016,0,1
292,2016,0,4
295,2016,0,4
296,2016,0,3
300,2016,0,1
309,2016,0,4
311,2016,0,1
321,2016,0,1
322,2016,0,1
325,2016,0,1
327,2016,6,26
328,2016,0,1
332,2016,0,2
336,2016,0,4
337,2016,2,15
338,2016,1,4
339,2016,0,5
351,2016,0,5
353,2016,0,1
372,2016,0,4
373,2016,0,11
386,2016,0,5
389,2016,0,12
390,2016,0,2
391,2016,3,7
396,2016,0,1
398,2016,0,1
400,2016,1,11
401,2016,7,70
402,2016,1,12
403,2016,0,6
404,2016,1,2
405,2016,0,2
407,2016,2,19
408,2016,0,10
409,2016,1,13
410,2016,6,79
425,2016,0,1
426,2016,0,1
429,2016,0,1
431,2016,0,2
432,2016,3,7
433,2016,0,8
434,2016,0,3
435,2016,1,4
438,2016,0,1
449,2016,0,1
455,2016,0,1
456,2016,1,1
457,2016,1,1
458,2016,1,2
459,2016,1,2
461,2016,0,1
462,2016,1,9
464,2016,0,1
467,2016,0,1
468,2016,0,1
469,2016,2,5
471,2016,0,2
472,2016,0,1
474,2016,1,10
475,2016,5,25
476,2016,1,2
477,2016,0,1
478,2016,2,61
479,2016,17,50
480,2016,1,21
481,2016,2,5
482,2016,0,5
483,2016,1,3
484,2016,0,7
485,2016,2,13
501,2016,0,6
504,2016,0,2
506,2016,0,2
507,2016,0,1
508,2016,0,6
509,2016,0,2
533,2016,0,2
535,2016,0,9
537,2016,1,2
538,2016,0,2
540,2016,1,2
541,2016,0,1
542,2016,0,5
543,2016,0,1
549,2016,1,2
550,2016,1,9
552,2016,0,8
554,2016,2,14
555,2016,0,7
556,2016,60,248
557,2016,11,61
558,2016,8,16
559,2016,0,7
560,2016,0,3
561,2016,0,23
562,2016,0,2
585,2016,0,2
586,2016,0,95
587,2016,0,37
588,2016,0,11
610,2016,0,1
611,2016,1,2
612,2016,0,8
614,2016,1,1
615,2016,0,2
616,2016,0,2
622,2016,0,2
623,2016,0,1
626,2016,2,18
627,2016,2,6
630,2016,0,25
631,2016,3,13
632,2016,0,3
633,2016,0,6
634,2016,0,3
635,2016,7,75
636,2016,15,87
637,2016,32,66
638,2016,0,6
639,2016,1,25
640,2016,0,2
662,2016,0,4
663,2016,0,14
664,2016,0,133
666,2016,0,1
668,2016,0,3
669,2016,0,1
687,2016,0,1
688,2016,0,1
689,2016,0,2
690,2016,1,9
691,2016,9,55
692,2016,3,17
693,2016,0,1
697,2016,1,1
701,2016,1,4
703,2016,4,8
705,2016,0,1
706,2016,0,1
707,2016,0,1
711,2016,0,5
712,2016,1,1
713,2016,2,16
714,2016,2,33
715,2016,2,13
716,2016,3,8
717,2016,13,42
718,2016,0,8
740,2016,0,1
741,2016,0,2
742,2016,0,4
747,2016,0,1
751,2016,3,20
752,2016,0,1
753,2016,0,1
764,2016,0,1
765,2016,0,3
769,2016,15,131
770,2016,15,48
771,2016,0,1
772,2016,0,1
775,2016,2,2
778,2016,0,6
780,2016,1,4
781,2016,0,1
782,2016,0,2
783,2016,0,1
785,2016,1,5
787,2016,1,11
788,2016,3,14
791,2016,0,3
792,2016,4,21
793,2016,2,14
794,2016,2,25
795,2016,2,22
796,2016,11,184
797,2016,6,19
820,2016,3,65
821,2016,0,20
830,2016,0,1
832,2016,1,9
842,2016,0,4
843,2016,0,6
846,2016,2,7
847,2016,0,1
848,2016,3,7
849,2016,0,3
850,2016,1,2
851,2016,0,1
853,2016,1,2
854,2016,1,4
855,2016,0,1
856,2016,3,7
857,2016,0,2
861,2016,0,2
862,2016,0,2
863,2016,1,1
864,2016,1,3
867,2016,0,9
868,2016,0,2
869,2016,0,2
870,2016,1,8
871,2016,1,2
872,2016,1,11
873,2016,0,1
874,2016,2,7
875,2016,1,7
876,2016,2,40
877,2016,0,18
878,2016,9,77
879,2016,0,14
880,2016,15,69
881,2016,1,23
882,2016,3,34
883,2016,0,15
904,2016,0,3
911,2016,0,1
919,2016,2,61
921,2016,0,29
922,2016,0,6
930,2016,0,3
932,2016,0,1
933,2016,1,4
934,2016,0,8
935,2016,0,3
936,2016,0,1
937,2016,0,6
938,2016,0,1
939,2016,0,4
940,2016,1,4
941,2016,1,1
943,2016,0,4
944,2016,0,2
948,2016,0,1
949,2016,2,13
950,2016,1,1
951,2016,0,2
953,2016,0,22
954,2016,21,58
955,2016,1,14
956,2016,0,2
957,2016,0,2
958,2016,8,77
959,2016,1,7
962,2016,3,11
963,2016,0,7
964,2016,5,37
965,2016,0,12
966,2016,1,15
967,2016,1,9
968,2016,0,12
969,2016,0,1
996,2016,0,3
1005,2016,0,12
1013,2016,1,1
1016,2016,0,2
1017,2016,0,1
1021,2016,1,2
1022,2016,1,1
1023,2016,1,2
1024,2016,1,2
1027,2016,0,4
1028,2016,2,5
1029,2016,0,1
1030,2016,13,25
1032,2016,0,4
1033,2016,0,4
1034,2016,0,2
1035,2016,0,2
1037,2016,1,3
1038,2016,1,1
1039,2016,0,3
1040,2016,0,1
1041,2016,0,1
1042,2016,0,1
1043,2016,0,3
1044,2016,0,1
1045,2016,3,10
1046,2016,1,6
1047,2016,0,5
1048,2016,2,16
1049,2016,1,8
1050,2016,3,21
1051,2016,1,21
1052,2016,1,10
1089,2016,0,2
1093,2016,0,2
1096,2016,0,1
1105,2016,0,2
1108,2016,0,2
1110,2016,1,14
1111,2016,5,89
1112,2016,0,2
1113,2016,3,38
1114,2016,0,1
1115,2016,0,4
1116,2016,3,13
1117,2016,5,28
1118,2016,4,33
1119,2016,14,44
1120,2016,0,6
1122,2016,0,3
1124,2016,1,6
1125,2016,0,4
1126,2016,0,1
1128,2016,0,1
1130,2016,0,2
1131,2016,0,5
1132,2016,6,14
1133,2016,10,45
1134,2016,5,14
1160,2016,0,1
1177,2016,0,1
1183,2016,0,1
1188,2016,0,1
1190,2016,1,2
1191,2016,0,1
1193,2016,1,1
1194,2016,1,1
1195,2016,0,4
1196,2016,1,2
1197,2016,2,36
1198,2016,0,5
1199,2016,7,31
1201,2016,0,2
1202,2016,1,13
1204,2016,1,21
1205,2016,1,4
1206,2016,0,2
1207,2016,0,5
1208,2016,2,7
1209,2016,2,10
1210,2016,1,1
1211,2016,0,3
1212,2016,2,4
1213,2016,0,6
1214,2016,1,7
1215,2016,2,11
1216,2016,14,72
1217,2016,9,161
1270,2016,3,6
1271,2016,0,1
1273,2016,0,1
1274,2016,0,1
1275,2016,0,1
1276,2016,0,1
1277,2016,0,1
1278,2016,2,9
1279,2016,14,84
1280,2016,22,98
1281,2016,0,2
1282,2016,0,7
1283,2016,0,5
1284,2016,1,1
1285,2016,0,1
1286,2016,0,6
1287,2016,5,18
1288,2016,0,5
1289,2016,6,29
1290,2016,36,138
1291,2016,1,4
1293,2016,2,7
1294,2016,1,4
1295,2016,0,2
1296,2016,7,47
1297,2016,0,3
1298,2016,0,33
1299,2016,0,3
1300,2016,2,8
1301,2016,3,21
1302,2016,23,153
1303,2016,3,12
1334,2016,0,4
1335,2016,0,7
1351,2016,0,3
1355,2016,0,5
1356,2016,0,2
1358,2016,0,7
1360,2016,0,4
1362,2016,0,2
1364,2016,12,33
1365,2016,2,10
1366,2016,2,6
1367,2016,0,3
1368,2016,1,3
1371,2016,0,4
1372,2016,1,4
1373,2016,2,5
1374,2016,7,25
1375,2016,7,53
1376,2016,0,5
1377,2016,0,2
1378,2016,3,14
1379,2016,0,1
1382,2016,1,1
1383,2016,3,24
1384,2016,0,2
1385,2016,9,26
1386,2016,13,78
1387,2016,1,7
1388,2016,0,9
1418,2016,0,3
1420,2016,0,9
1421,2016,0,1
1435,2016,2,51
1437,2016,2,2
1441,2016,1,1
1445,2016,0,2
1447,2016,0,2
1448,2016,0,1
1449,2016,0,4
1453,2016,0,3
1456,2016,2,4
1457,2016,0,1
1458,2016,10,27
1459,2016,1,2
1460,2016,0,5
1461,2016,2,17
1462,2016,4,12
1463,2016,1,5
1464,2016,0,2
1465,2016,0,1
1466,2016,0,1
1467,2016,0,2
1468,2016,1,5
1469,2016,8,106
1470,2016,1,3
1471,2016,0,4
1504,2016,4,55
1505,2016,0,6
1508,2016,1,1
1512,2016,0,5
1515,2016,0,2
1518,2016,0,2
1527,2016,1,1
1530,2016,0,4
1531,2016,0,43
1534,2016,0,6
1538,2016,0,4
1539,2016,1,1
1541,2016,3,23
1542,2016,1,2
1544,2016,1,2
1545,2016,2,8
1546,2016,0,1
1547,2016,2,3
1548,2016,0,1
1549,2016,1,2
1550,2016,5,22
1551,2016,3,10
1552,2016,23,62
1553,2016,0,1
1554,2016,1,8
1555,2016,0,12
1584,2016,0,1
1586,2016,2,153
1587,2016,1,28
1588,2016,0,1
1601,2016,2,11
1611,2016,0,1
1612,2016,2,8
1614,2016,1,5
1615,2016,3,15
1616,2016,0,2
1617,2016,0,1
1618,2016,0,2
1619,2016,3,13
1620,2016,1,5
1621,2016,0,3
1622,2016,2,14
1623,2016,8,13
1624,2016,1,12
1625,2016,0,1
1626,2016,1,8
1627,2016,0,2
1629,2016,0,7
1630,2016,0,1
1632,2016,0,2
1633,2016,9,34
1634,2016,84,328
1635,2016,30,91
1636,2016,1,7
1637,2016,1,5
1638,2016,2,6
1668,2016,0,52
1669,2016,0,60
1670,2016,6,90
1687,2016,0,1
1694,2016,1,1
1695,2016,1,2
1696,2016,5,26
1697,2016,1,1
1701,2016,0,3
1702,2016,0,1
1704,2016,1,3
1705,2016,1,7
1708,2016,1,2
1709,2016,1,6
1710,2016,0,3
1712,2016,0,2
1713,2016,2,3
1714,2016,1,4
1715,2016,11,39
1716,2016,1,3
1717,2016,6,34
1718,2016,0,1
1719,2016,0,5
1720,2016,0,1
1721,2016,2,14
1752,2016,0,21
1768,2016,0,1
1769,2016,0,1
1776,2016,0,1
1777,2016,0,1
1780,2016,0,3
1781,2016,2,5
1783,2016,1,4
1784,2016,2,2
1785,2016,0,1
1786,2016,1,5
1787,2016,2,12
1789,2016,1,3
1794,2016,0,1
1795,2016,2,3
1796,2016,1,8
1797,2016,8,24
1798,2016,1,4
1800,2016,4,10
1801,2016,1,2
1803,2016,0,12
1834,2016,6,55
1847,2016,0,2
1848,2016,1,5
1849,2016,0,1
1850,2016,1,4
1851,2016,0,7
1855,2016,6,63
1856,2016,0,2
1858,2016,5,5
1859,2016,0,2
1869,2016,1,2
1871,2016,0,1
1872,2016,0,2
1873,2016,1,1
1875,2016,0,1
1876,2016,0,1
1877,2016,0,1
1878,2016,1,2
1879,2016,1,9
1880,2016,0,1
1881,2016,88,167
1882,2016,1,1
1883,2016,2,5
1914,2016,1,6
1915,2016,1,16
1924,2016,0,1
1929,2016,0,2
1932,2016,1,4
1934,2016,0,1
1935,2016,1,1
1936,2016,1,1
1937,2016,1,3
1938,2016,0,1
1939,2016,1,5
1940,2016,7,22
1941,2016,1,2
1945,2016,0,1
1948,2016,5,13
1949,2016,2,2
1950,2016,1,3
1952,2016,0,1
1954,2016,0,2
1957,2016,0,2
1958,2016,0,4
1959,2016,2,10
1960,2016,0,3
1961,2016,4,25
1962,2016,2,8
1963,2016,0,3
1964,2016,9,18
1965,2016,4,9
1994,2016,0,9
1996,2016,0,1
2000,2016,0,1
2007,2016,0,2
2009,2016,0,1
2010,2016,0,1
2011,2016,0,2
2015,2016,0,1
2016,2016,0,1
2017,2016,1,5
2020,2016,1,1
2021,2016,1,1
2022,2016,0,1
2023,2016,1,2
2026,2016,1,1
2031,2016,0,2
2032,2016,0,2
2033,2016,1,1
2034,2016,0,1
2038,2016,2,16
2039,2016,0,7
2042,2016,1,7
2043,2016,0,1
2045,2016,0,3
2046,2016,0,11
2076,2016,0,2
2082,2016,0,1
2089,2016,0,1
2090,2016,0,1
2100,2016,1,7
2102,2016,0,1
2103,2016,7,27
2104,2016,1,1
2105,2016,0,1
2106,2016,1,2
2107,2016,0,1
2108,2016,2,2
2110,2016,1,6
2114,2016,1,4
2115,2016,0,6
2116,2016,1,2
2117,2016,1,1
2118,2016,0,2
2119,2016,0,2
2120,2016,0,1
2123,2016,0,1
2125,2016,0,1
2127,2016,2,17
2167,2016,0,1
2170,2016,1,5
2177,2016,3,6
2179,2016,0,1
2182,2016,1,1
2183,2016,0,3
2184,2016,0,1
2185,2016,3,13
2186,2016,0,2
2188,2016,0,1
2189,2016,0,11
2195,2016,0,4
2196,2016,0,9
2197,2016,0,2
2198,2016,1,8
2199,2016,0,4
2200,2016,2,6
2201,2016,2,6
2202,2016,9,21
2203,2016,0,3
2205,2016,0,1
2206,2016,7,12
2207,2016,3,10
2208,2016,1,8
2238,2016,0,12
2239,2016,0,3
2240,2016,0,7
2241,2016,0,2
2242,2016,0,7
2248,2016,0,2
2253,2016,0,5
2254,2016,0,1
2257,2016,0,1
2263,2016,0,1
2264,2016,0,1
2268,2016,0,2
2272,2016,1,2
2274,2016,0,1
2275,2016,0,2
2277,2016,0,1
2278,2016,1,2
2279,2016,18,31
2280,2016,0,2
2282,2016,2,3
2283,2016,1,1
2284,2016,5,15
2285,2016,3,38
2286,2016,0,1
2287,2016,1,2
2288,2016,0,3
2289,2016,0,2
2308,2016,0,10
2319,2016,0,7
2324,2016,0,5
2329,2016,1,3
2330,2016,1,2
2336,2016,3,11
2337,2016,0,1
2338,2016,0,1
2339,2016,0,3
2340,2016,1,2
2342,2016,0,2
2343,2016,0,1
2348,2016,0,1
2352,2016,5,13
2353,2016,2,3
2356,2016,1,2
2357,2016,2,4
2358,2016,9,36
2359,2016,1,8
2360,2016,9,35
2361,2016,1,2
2362,2016,1,1
2363,2016,2,13
2364,2016,21,80
2365,2016,0,2
2367,2016,1,3
2371,2016,0,8
2385,2016,0,7
2386,2016,0,10
2397,2016,0,6
2398,2016,0,3
2399,2016,0,1
2406,2016,1,7
2407,2016,0,5
2411,2016,0,1
2412,2016,0,4
2414,2016,1,13
2415,2016,0,2
2417,2016,1,5
2419,2016,0,1
2421,2016,0,1
2424,2016,0,2
2427,2016,0,4
2428,2016,0,1
2430,2016,0,2
2433,2016,2,2
2434,2016,2,10
2436,2016,0,1
2437,2016,1,3
2438,2016,0,2
2439,2016,0,1
2440,2016,0,2
2441,2016,3,16
2442,2016,1,1
2443,2016,0,2
2446,2016,0,3
2447,2016,0,2
2448,2016,1,3
2461,2016,0,4
2462,2016,0,7
2463,2016,1,2
2480,2016,0,2
2481,2016,0,1
2482,2016,0,1
2484,2016,0,1
2485,2016,0,1
2488,2016,2,7
2489,2016,0,4
2491,2016,0,1
2494,2016,0,3
2495,2016,0,1
2496,2016,15,46
2498,2016,3,5
2502,2016,5,15
2508,2016,0,1
2509,2016,1,5
2510,2016,2,6
2511,2016,1,2
2512,2016,0,1
2514,2016,0,1
2515,2016,0,2
2516,2016,1,4
2520,2016,1,3
2524,2016,0,6
2537,2016,0,8
2538,2016,0,2
2539,2016,0,2
2555,2016,1,3
2556,2016,2,9
2558,2016,0,1
2559,2016,0,1
2563,2016,0,8
2569,2016,0,2
2571,2016,2,2
2572,2016,1,6
2573,2016,0,1
2575,2016,0,1
2576,2016,0,1
2577,2016,2,9
2580,2016,0,1
2582,2016,0,2
2583,2016,0,3
2584,2016,0,1
2585,2016,0,8
2587,2016,1,5
2588,2016,1,1
2589,2016,0,1
2590,2016,0,1
2591,2016,0,1
2592,2016,4,5
2593,2016,1,7
2595,2016,0,1
2597,2016,0,1
2610,2016,0,1
2613,2016,0,4
2614,2016,0,2
2629,2016,0,6
2630,2016,0,1
2631,2016,0,1
2633,2016,1,32
2634,2016,0,1
2636,2016,2,5
2637,2016,1,3
2642,2016,0,1
2643,2016,0,4
2644,2016,0,3
2645,2016,0,1
2650,2016,0,3
2654,2016,0,1
2656,2016,1,7
2657,2016,0,4
2658,2016,0,1
2659,2016,6,28
2660,2016,3,11
2661,2016,3,16
2666,2016,4,8
2669,2016,0,2
2679,2016,0,7
2683,2016,0,2
2699,2016,0,3
2700,2016,1,14
2702,2016,0,6
2705,2016,0,3
2706,2016,1,2
2708,2016,0,2
2709,2016,3,3
2710,2016,0,1
2712,2016,0,1
2713,2016,0,1
2714,2016,2,5
2716,2016,2,3
2718,2016,0,1
2724,2016,3,8
2726,2016,0,1
2728,2016,3,17
2729,2016,2,7
2731,2016,1,1
2733,2016,1,7
2737,2016,0,1
2743,2016,0,1
2745,2016,1,1
2746,2016,1,8
2747,2016,0,2
2748,2016,2,14
2750,2016,0,7
2751,2016,0,1
2752,2016,0,1
2755,2016,0,6
2762,2016,0,16
2763,2016,1,6
2764,2016,0,2
2765,2016,0,1
2768,2016,0,9
2769,2016,0,7
2770,2016,0,1
2771,2016,0,4
2772,2016,2,7
2773,2016,0,3
2775,2016,0,1
2776,2016,1,1
2777,2016,0,1
2784,2016,0,1
2787,2016,0,1
2789,2016,2,4
2790,2016,2,17
2792,2016,1,1
2794,2016,0,1
2796,2016,0,2
2802,2016,3,27
2803,2016,1,13
2806,2016,0,1
2808,2016,0,1
2809,2016,1,193
2810,2016,4,25
2811,2016,0,1
2814,2016,0,10
2819,2016,0,11
2828,2016,0,1
2829,2016,4,11
2830,2016,0,1
2833,2016,1,3
2834,2016,0,9
2835,2016,14,100
2836,2016,0,38
2837,2016,0,2
2838,2016,1,3
2840,2016,1,1
2842,2016,1,1
2844,2016,0,2
2845,2016,1,9
2846,2016,0,1
2853,2016,0,2
2855,2016,0,2
2856,2016,0,1
2857,2016,1,8
2858,2016,1,4
2859,2016,1,2
2864,2016,0,2
2865,2016,0,4
2866,2016,0,4
2869,2016,0,2
2870,2016,7,74
2871,2016,2,48
2872,2016,1,9
2873,2016,14,56
2888,2016,0,1
2889,2016,1,2
2890,2016,0,2
2891,2016,0,2
2892,2016,0,1
2893,2016,0,3
2894,2016,3,3
2895,2016,18,210
2896,2016,9,319
2897,2016,2,162
2898,2016,1,2
2899,2016,1,17
2900,2016,1,1
2901,2016,2,5
2902,2016,0,4
2904,2016,0,2
2905,2016,1,2
2910,2016,0,1
2912,2016,0,1
2914,2016,0,1
2917,2016,0,3
2919,2016,2,8
2920,2016,0,1
2923,2016,0,1
2926,2016,0,4
2927,2016,1,5
2928,2016,2,23
2929,2016,12,44
2930,2016,0,1
2931,2016,0,1
2932,2016,0,1
2944,2016,0,2
2945,2016,0,4
2947,2016,0,2
2948,2016,1,4
2949,2016,5,21
2950,2016,0,1
2951,2016,0,3
2952,2016,0,3
2953,2016,5,25
2954,2016,2,54
2955,2016,1,9
2956,2016,1,2
2957,2016,1,11
2958,2016,0,5
2959,2016,1,3
2960,2016,0,1
2961,2016,0,1
2963,2016,0,1
2966,2016,1,2
2968,2016,0,1
2975,2016,1,1
2976,2016,0,3
2977,2016,0,2
2984,2016,0,4
2985,2016,0,2
2986,2016,2,2
2987,2016,0,5
2995,2016,0,3
2996,2016,0,4
2998,2016,0,1
2999,2016,0,2
3000,2016,0,3
3001,2016,0,1
3002,2016,0,1
3004,2016,1,5
3006,2016,0,3
3007,2016,0,5
3008,2016,1,3
3009,2016,1,2
3010,2016,0,1
3011,2016,5,7
3013,2016,0,2
3019,2016,0,2
3023,2016,0,1
3025,2016,0,1
3031,2016,1,5
3035,2016,2,5
3044,2016,0,1
3045,2016,0,2
3046,2016,2,4
3047,2016,0,3
3049,2016,0,1
3052,2016,0,3
3053,2016,1,4
3054,2016,0,1
3055,2016,3,3
3056,2016,4,7
3057,2016,2,95
3058,2016,1,3
3060,2016,0,1
3061,2016,0,1
3064,2016,2,8
3072,2016,0,1
3073,2016,0,2
3074,2016,0,1
3075,2016,0,3
3076,2016,1,2
3078,2016,0,3
3079,2016,0,1
3081,2016,2,4
3082,2016,0,1
3083,2016,0,9
3086,2016,0,5
3087,2016,0,19
3091,2016,0,2
3092,2016,0,1
3093,2016,0,2
3094,2016,0,1
3095,2016,0,3
3096,2016,3,4
3097,2016,0,2
3098,2016,0,3
3099,2016,2,5
3100,2016,1,2
3101,2016,4,10
3102,2016,0,1
3103,2016,0,1
3104,2016,1,5
3105,2016,0,2
3106,2016,0,4
3111,2016,0,1
3114,2016,0,1
3115,2016,0,1
3117,2016,0,1
3118,2016,0,2
3120,2016,1,7
3122,2016,0,7
3123,2016,0,2
3124,2016,0,2
3125,2016,0,3
3126,2016,0,1
3127,2016,0,1
3129,2016,0,2
3130,2016,0,6
3133,2016,0,12
3134,2016,0,23
3136,2016,0,1
3137,2016,0,11
3138,2016,0,1
3139,2016,3,12
3140,2016,0,3
3141,2016,0,6
3142,2016,0,4
3143,2016,1,6
3144,2016,2,10
3145,2016,34,148
3146,2016,4,25
3147,2016,1,8
3148,2016,0,3
3149,2016,0,6
3150,2016,1,1
3151,2016,0,6
3152,2016,0,1
3153,2016,1,5
3156,2016,0,2
3157,2016,0,4
3158,2016,1,4
3159,2016,1,7
3160,2016,0,2
3161,2016,0,4
3162,2016,0,2
3163,2016,0,3
3164,2016,1,6
3165,2016,0,14
3166,2016,0,6
3167,2016,1,3
3168,2016,3,3
3170,2016,1,3
3171,2016,6,8
3174,2016,5,61
3175,2016,0,3
3176,2016,0,1
3177,2016,1,2
3183,2016,0,3
3184,2016,0,5
3185,2016,1,3
3186,2016,0,2
3187,2016,1,6
3188,2016,0,7
3189,2016,1,6
3190,2016,3,33
3191,2016,11,59
3192,2016,22,494
3193,2016,3,12
3194,2016,0,1
3195,2016,2,5
3196,2016,51,77
3197,2016,2,11
3198,2016,2,4
3199,2016,1,3
3200,2016,0,3
3201,2016,0,1
3202,2016,0,1
3203,2016,1,8
3205,2016,0,2
3206,2016,0,20
3207,2016,0,1
3209,2016,1,2
3210,2016,0,1
3213,2016,4,8
3214,2016,0,4
3215,2016,0,3
3216,2016,0,8
3217,2016,0,9
3221,2016,8,29
3223,2016,2,16
3224,2016,0,5
3225,2016,3,7
3226,2016,0,11
3227,2016,0,4
3228,2016,20,72
3229,2016,6,20
3230,2016,5,14
3231,2016,0,1
3232,2016,1,1
3233,2016,0,82
3234,2016,2,81
3235,2016,4,15
3236,2016,0,8
3238,2016,0,2
3242,2016,0,1
3243,2016,1,2
3247,2016,0,1
3248,2016,0,7
3249,2016,6,38
3250,2016,8,35
3251,2016,0,16
3252,2016,0,13
3253,2016,0,14
3254,2016,4,17
3255,2016,0,2
3256,2016,0,3
3257,2016,0,1
3258,2016,0,1
3260,2016,1,14
3261,2016,2,6
3264,2016,0,1
3265,2016,0,1
3266,2016,2,10
3267,2016,0,3
3275,2016,0,4
3276,2016,1,5
3277,2016,1,25
3278,2016,2,11
3279,2016,6,23
3281,2016,2,6
3284,2016,0,1
3286,2016,2,3
3288,2016,1,3
3291,2016,2,5
3292,2016,0,25
3293,2016,0,6
3294,2016,0,17
3295,2016,1,6
3296,2016,4,6
3297,2016,0,1
3298,2016,1,12
3301,2016,0,2
3302,2016,2,6
3303,2016,1,2
3304,2016,0,2
3305,2016,6,25
3306,2016,1,17
3309,2016,4,19
3311,2016,2,3
3313,2016,2,8
3314,2016,1,5
3316,2016,0,1
3318,2016,1,7
3319,2016,6,26
3320,2016,0,52
3321,2016,2,24
3322,2016,0,6
3323,2016,0,5
3324,2016,0,1
3325,2016,0,1
3326,2016,0,6
3327,2016,0,24
3328,2016,1,3
3331,2016,0,1
3332,2016,3,7
3333,2016,0,1
3334,2016,0,33
3335,2016,4,21
3336,2016,0,2
3337,2016,0,4
3338,2016,0,18
3342,2016,0,1
3344,2016,0,6
3345,2016,0,3
3346,2016,0,5
3348,2016,0,8
3349,2016,0,3
3350,2016,0,2
3351,2016,3,4
3354,2016,4,15
3355,2016,0,9
3356,2016,0,32
3357,2016,0,33
3358,2016,3,28
3359,2016,0,7
3361,2016,0,1
8,2017,0,4
15,2017,0,6
16,2017,0,1
17,2017,1,9
19,2017,0,1
20,2017,1,2
27,2017,0,4
30,2017,0,3
31,2017,0,1
33,2017,1,3
36,2017,0,4
37,2017,0,31
49,2017,0,7
50,2017,0,3
51,2017,2,8
52,2017,0,5
53,2017,0,1
54,2017,5,17
55,2017,1,195
56,2017,0,1
60,2017,0,2
76,2017,0,4
77,2017,4,28
78,2017,1,3
79,2017,0,1
80,2017,0,1
81,2017,1,3
82,2017,5,18
83,2017,0,22
84,2017,1,2
92,2017,1,24
93,2017,0,5
94,2017,0,1
114,2017,0,1
115,2017,0,9
116,2017,1,5
117,2017,0,3
118,2017,0,1
119,2017,0,1
120,2017,2,6
130,2017,1,2
137,2017,0,2
139,2017,0,1
144,2017,1,1
149,2017,0,2
157,2017,0,17
164,2017,0,3
165,2017,0,1
166,2017,3,17
170,2017,4,39
171,2017,2,13
175,2017,0,3
188,2017,0,1
190,2017,0,2
191,2017,0,1
202,2017,1,1
203,2017,0,1
205,2017,0,3
206,2017,5,43
207,2017,0,1
209,2017,0,4
210,2017,0,4
212,2017,0,1
216,2017,0,124
223,2017,0,8
225,2017,0,3
229,2017,1,3
230,2017,10,35
231,2017,0,6
233,2017,1,5
255,2017,1,1
263,2017,3,13
264,2017,1,1
265,2017,0,10
266,2017,1,11
267,2017,1,16
269,2017,4,7
270,2017,1,4
271,2017,1,4
272,2017,2,2
275,2017,3,9
287,2017,0,4
289,2017,1,1
292,2017,1,9
293,2017,0,2
294,2017,0,1
295,2017,0,5
296,2017,0,3
309,2017,0,1
311,2017,0,1
314,2017,0,2
322,2017,0,1
324,2017,0,1
325,2017,0,1
326,2017,1,1
327,2017,9,57
328,2017,1,5
332,2017,0,4
333,2017,0,3
336,2017,1,1
337,2017,0,8
338,2017,1,2
339,2017,0,3
351,2017,1,20
356,2017,0,3
362,2017,1,2
363,2017,0,2
372,2017,0,10
373,2017,0,14
374,2017,0,1
375,2017,0,2
377,2017,0,2
383,2017,0,2
384,2017,0,1
385,2017,0,2
386,2017,0,2
387,2017,0,1
388,2017,1,3
389,2017,2,17
390,2017,0,1
391,2017,1,8
392,2017,0,2
395,2017,0,2
396,2017,0,2
399,2017,0,3
400,2017,2,17
401,2017,1,100
402,2017,4,29
403,2017,7,24
404,2017,1,11
405,2017,0,1
406,2017,1,7
407,2017,0,9
408,2017,1,16
409,2017,5,27
410,2017,9,50
424,2017,0,2
431,2017,0,1
432,2017,0,12
433,2017,25,72
434,2017,1,1
445,2017,0,1
449,2017,2,7
451,2017,0,1
455,2017,0,5
456,2017,0,4
457,2017,0,2
458,2017,0,1
459,2017,2,2
460,2017,1,2
461,2017,0,1
462,2017,2,20
464,2017,1,1
466,2017,0,3
467,2017,0,4
469,2017,3,9
470,2017,0,3
471,2017,2,9
472,2017,1,10
473,2017,0,3
474,2017,4,22
475,2017,6,28
476,2017,5,18
477,2017,0,2
478,2017,1,7
479,2017,15,92
480,2017,3,39
481,2017,0,5
482,2017,0,19
483,2017,0,2
484,2017,0,8
485,2017,0,16
500,2017,0,6
501,2017,0,9
504,2017,0,1
505,2017,0,2
506,2017,0,2
507,2017,0,1
508,2017,0,21
509,2017,2,4
510,2017,0,2
512,2017,0,1
513,2017,0,1
532,2017,1,4
533,2017,1,2
534,2017,0,4
535,2017,1,9
536,2017,1,2
537,2017,0,1
538,2017,0,1
539,2017,0,1
540,2017,1,2
541,2017,0,4
542,2017,2,9
543,2017,1,1
546,2017,0,1
547,2017,0,1
549,2017,0,7
550,2017,2,6
552,2017,0,5
553,2017,1,5
554,2017,3,8
555,2017,5,8
556,2017,76,322
557,2017,14,60
558,2017,3,8
559,2017,1,13
560,2017,2,7
561,2017,9,46
562,2017,1,5
577,2017,1,6
580,2017,7,58
581,2017,0,3
584,2017,0,1
585,2017,0,5
586,2017,1,165
587,2017,0,76
588,2017,3,22
601,2017,1,1
607,2017,0,2
609,2017,0,1
610,2017,0,2
611,2017,0,3
612,2017,5,12
614,2017,2,5
615,2017,0,1
616,2017,1,1
617,2017,0,1
619,2017,2,4
620,2017,3,14
623,2017,0,1
625,2017,0,1
626,2017,6,25
627,2017,4,11
628,2017,1,2
630,2017,12,45
631,2017,1,9
633,2017,0,6
634,2017,0,5
635,2017,10,50
636,2017,7,81
637,2017,46,115
638,2017,2,9
639,2017,0,4
640,2017,0,8
662,2017,0,1
663,2017,0,37
664,2017,0,190
666,2017,0,7
669,2017,0,1
670,2017,0,2
686,2017,0,2
687,2017,2,3
690,2017,3,12
691,2017,23,119
692,2017,3,29
693,2017,1,4
694,2017,1,1
697,2017,1,1
701,2017,0,5
703,2017,1,1
704,2017,0,3
705,2017,1,9
706,2017,1,1
709,2017,0,2
710,2017,45,46
711,2017,1,4
713,2017,5,13
714,2017,7,19
715,2017,3,20
716,2017,2,13
717,2017,2,33
718,2017,0,8
739,2017,1,12
740,2017,0,3
741,2017,0,1
742,2017,0,13
744,2017,0,2
747,2017,0,1
748,2017,0,1
751,2017,4,25
752,2017,0,1
753,2017,0,2
765,2017,5,6
766,2017,0,1
767,2017,2,3
768,2017,1,4
769,2017,24,209
770,2017,16,86
775,2017,0,5
778,2017,3,5
780,2017,0,1
781,2017,2,14
782,2017,0,3
783,2017,1,2
784,2017,0,1
785,2017,1,4
787,2017,1,9
788,2017,4,10
789,2017,0,2
790,2017,0,1
791,2017,0,2
792,2017,5,46
793,2017,12,37
794,2017,3,33
795,2017,3,22
796,2017,25,500
797,2017,4,18
819,2017,0,3
820,2017,0,89
821,2017,0,45
824,2017,0,1
827,2017,0,1
830,2017,0,1
831,2017,0,2
832,2017,0,5
842,2017,0,3
844,2017,0,2
846,2017,1,6
847,2017,0,2
848,2017,2,8
849,2017,2,4
850,2017,0,2
853,2017,1,2
854,2017,0,1
855,2017,1,2
856,2017,1,10
859,2017,0,1
860,2017,0,1
861,2017,0,1
862,2017,4,6
863,2017,1,3
865,2017,0,1
867,2017,1,17
868,2017,2,6
869,2017,1,11
870,2017,5,19
871,2017,0,5
872,2017,6,18
873,2017,1,4
874,2017,4,14
875,2017,2,6
876,2017,10,67
877,2017,0,8
878,2017,57,559
879,2017,0,24
880,2017,26,92
881,2017,8,58
882,2017,3,61
883,2017,0,8
904,2017,0,11
919,2017,9,118
921,2017,0,37
922,2017,0,11
930,2017,1,3
933,2017,0,3
934,2017,0,20
935,2017,1,5
936,2017,0,1
937,2017,2,7
939,2017,1,9
940,2017,1,5
941,2017,2,4
942,2017,0,2
943,2017,0,3
946,2017,0,1
947,2017,0,2
948,2017,1,2
949,2017,9,35
950,2017,0,2
951,2017,0,1
952,2017,0,1
953,2017,2,32
954,2017,19,43
955,2017,1,23
956,2017,2,5
957,2017,1,7
958,2017,3,53
959,2017,0,2
960,2017,1,4
961,2017,1,5
962,2017,2,18
963,2017,4,11
964,2017,2,35
965,2017,6,49
966,2017,1,15
967,2017,4,23
968,2017,1,4
996,2017,1,4
1005,2017,0,16
1014,2017,0,1
1016,2017,0,6
1021,2017,1,1
1022,2017,0,1
1024,2017,0,1
1027,2017,0,1
1028,2017,0,4
1029,2017,0,1
1030,2017,2,14
1032,2017,0,11
1033,2017,0,8
1034,2017,1,7
1035,2017,0,1
1036,2017,0,3
1037,2017,2,5
1038,2017,0,2
1039,2017,0,1
1040,2017,0,1
1041,2017,0,2
1043,2017,2,8
1044,2017,0,1
1045,2017,2,9
1046,2017,2,2
1047,2017,4,4
1048,2017,3,21
1049,2017,3,17
1050,2017,3,54
1051,2017,6,33
1052,2017,1,9
1085,2017,0,2
1087,2017,0,1
1088,2017,0,1
1089,2017,0,14
1091,2017,0,2
1093,2017,0,3
1096,2017,1,3
1104,2017,0,1
1105,2017,2,7
1108,2017,0,2
1110,2017,1,11
1111,2017,6,100
1112,2017,2,7
1113,2017,9,57
1114,2017,1,5
1115,2017,0,5
1116,2017,2,7
1117,2017,16,38
1118,2017,11,107
1119,2017,25,77
1120,2017,0,4
1122,2017,4,9
1123,2017,1,3
1124,2017,1,8
1125,2017,0,1
1126,2017,0,1
1128,2017,0,6
1130,2017,2,7
1131,2017,3,14
1132,2017,10,26
1133,2017,28,118
1134,2017,12,35
1160,2017,0,1
1169,2017,0,1
1170,2017,0,1
1171,2017,0,2
1172,2017,0,1
1176,2017,1,1
1177,2017,0,1
1182,2017,0,2
1183,2017,0,1
1190,2017,7,13
1192,2017,1,2
1193,2017,0,3
1195,2017,0,4
1196,2017,1,3
1197,2017,7,58
1199,2017,4,18
1200,2017,0,4
1201,2017,1,2
1202,2017,1,27
1203,2017,1,7
1204,2017,2,17
1205,2017,0,2
1206,2017,0,7
1207,2017,1,6
1208,2017,2,7
1209,2017,0,2
1210,2017,0,1
1211,2017,0,1
1212,2017,0,4
1213,2017,2,7
1214,2017,5,21
1215,2017,4,20
1216,2017,42,220
1217,2017,18,682
1255,2017,0,1
1269,2017,1,2
1270,2017,2,19
1272,2017,0,1
1273,2017,0,4
1275,2017,0,1
1276,2017,0,1
1277,2017,0,3
1278,2017,0,7
1279,2017,39,198
1280,2017,31,244
1282,2017,2,8
1283,2017,0,1
1284,2017,1,6
1285,2017,1,1
1286,2017,3,11
1287,2017,4,24
1288,2017,3,25
1289,2017,18,51
1290,2017,33,175
1291,2017,0,4
1292,2017,0,2
1293,2017,5,15
1294,2017,1,2
1296,2017,9,45
1297,2017,0,4
1298,2017,0,2
1299,2017,1,4
1300,2017,1,15
1301,2017,8,27
1302,2017,50,185
1303,2017,4,21
1333,2017,0,1
1334,2017,0,10
1335,2017,1,4
1355,2017,5,11
1356,2017,0,3
1358,2017,2,7
1359,2017,0,3
1360,2017,2,13
1361,2017,0,1
1363,2017,0,3
1364,2017,14,63
1365,2017,17,33
1366,2017,0,3
1367,2017,1,3
1368,2017,1,4
1369,2017,0,2
1370,2017,0,1
1371,2017,2,4
1372,2017,0,5
1373,2017,0,2
1374,2017,7,31
1375,2017,21,93
1376,2017,1,6
1377,2017,3,7
1378,2017,4,11
1379,2017,3,7
1380,2017,1,2
1381,2017,0,9
1382,2017,1,4
1383,2017,1,30
1384,2017,3,14
1385,2017,7,21
1386,2017,50,180
1387,2017,1,5
1388,2017,0,6
1418,2017,0,5
1420,2017,0,4
1421,2017,1,5
1425,2017,0,1
1426,2017,1,1
1435,2017,22,59
1439,2017,0,1
1440,2017,1,1
1444,2017,0,1
1446,2017,0,1
1447,2017,0,7
1448,2017,5,22
1449,2017,1,33
1450,2017,1,3
1451,2017,3,4
1453,2017,0,4
1455,2017,0,3
1456,2017,1,8
1457,2017,1,4
1458,2017,4,19
1459,2017,3,6
1460,2017,1,4
1461,2017,4,9
1462,2017,13,51
1463,2017,1,5
1464,2017,0,3
1465,2017,0,2
1466,2017,1,3
1467,2017,1,16
1468,2017,0,6
1469,2017,9,63
1470,2017,1,8
1471,2017,2,7
1472,2017,0,1
1504,2017,4,55
1505,2017,0,10
1508,2017,0,1
1512,2017,0,1
1514,2017,0,1
1515,2017,0,2
1518,2017,0,50
1519,2017,0,1
1523,2017,0,1
1524,2017,0,1
1526,2017,0,1
1529,2017,1,2
1530,2017,7,28
1531,2017,1,4
1532,2017,1,3
1533,2017,0,1
1534,2017,0,5
1535,2017,0,5
1536,2017,0,1
1538,2017,2,3
1539,2017,1,2
1540,2017,1,1
1541,2017,11,58
1542,2017,2,7
1543,2017,0,1
1545,2017,1,1
1546,2017,2,9
1547,2017,0,1
1548,2017,2,10
1549,2017,0,3
1550,2017,8,23
1551,2017,12,34
1552,2017,17,67
1553,2017,9,23
1554,2017,3,26
1555,2017,1,24
1586,2017,6,240
1587,2017,0,30
1592,2017,0,1
1598,2017,0,1
1601,2017,0,2
1608,2017,2,4
1611,2017,0,2
1612,2017,1,6
1614,2017,2,3
1615,2017,1,7
1616,2017,4,15
1617,2017,2,2
1618,2017,0,5
1619,2017,1,5
1620,2017,0,6
1621,2017,0,9
1622,2017,8,19
1623,2017,6,11
1624,2017,4,27
1625,2017,0,5
1626,2017,2,5
1627,2017,0,1
1629,2017,4,13
1630,2017,2,10
1631,2017,1,3
1632,2017,0,5
1633,2017,8,20
1634,2017,129,549
1635,2017,40,137
1636,2017,3,10
1637,2017,2,13
1638,2017,2,8
1668,2017,0,43
1669,2017,0,95
1670,2017,11,160
1680,2017,0,1
1684,2017,0,1
1686,2017,1,1
1687,2017,0,1
1690,2017,0,1
1691,2017,0,1
1694,2017,1,2
1695,2017,1,2
1696,2017,5,13
1700,2017,1,6
1701,2017,0,3
1702,2017,0,4
1704,2017,2,8
1705,2017,2,9
1706,2017,0,1
1707,2017,1,2
1708,2017,5,11
1709,2017,1,14
1710,2017,0,3
1712,2017,0,1
1713,2017,3,7
1714,2017,1,3
1715,2017,9,23
1716,2017,2,18
1717,2017,16,78
1718,2017,1,2
1719,2017,1,9
1720,2017,0,2
1721,2017,2,22
1752,2017,0,27
1755,2017,1,2
1765,2017,0,1
1769,2017,3,5
1771,2017,0,1
1776,2017,0,1
1777,2017,1,1
1778,2017,0,2
1780,2017,2,5
1781,2017,0,1
1783,2017,2,9
1784,2017,1,2
1785,2017,0,1
1786,2017,1,6
1787,2017,7,25
1788,2017,1,1
1789,2017,0,1
1790,2017,1,4
1791,2017,1,1
1793,2017,0,1
1795,2017,0,3
1796,2017,2,10
1797,2017,15,28
1798,2017,2,4
1799,2017,1,2
1800,2017,12,57
1801,2017,1,6
1802,2017,0,2
1803,2017,0,12
1834,2017,3,90
1846,2017,0,1
1847,2017,0,1
1848,2017,0,8
1849,2017,0,2
1850,2017,0,6
1851,2017,3,15
1852,2017,0,9
1855,2017,12,172
1857,2017,0,2
1858,2017,1,3
1859,2017,5,12
1860,2017,1,4
1863,2017,0,1
1868,2017,1,2
1869,2017,1,1
1870,2017,0,1
1871,2017,1,2
1872,2017,4,7
1874,2017,1,1
1875,2017,0,3
1876,2017,1,2
1877,2017,1,4
1878,2017,0,1
1879,2017,4,14
1880,2017,0,1
1881,2017,38,96
1882,2017,0,1
1883,2017,1,6
1914,2017,0,1
1915,2017,1,12
1925,2017,0,3
1927,2017,0,2
1931,2017,0,1
1932,2017,3,3
1933,2017,2,6
1936,2017,2,12
1937,2017,1,5
1938,2017,0,7
1939,2017,0,5
1940,2017,22,45
1941,2017,1,4
1942,2017,1,2
1946,2017,0,1
1947,2017,0,1
1948,2017,10,28
1949,2017,1,2
1950,2017,1,6
1951,2017,0,4
1953,2017,0,1
1954,2017,3,5
1955,2017,1,1
1956,2017,1,3
1957,2017,1,1
1958,2017,5,6
1959,2017,3,10
1960,2017,0,6
1961,2017,4,13
1962,2017,1,10
1963,2017,1,2
1964,2017,21,53
1965,2017,1,22
1994,2017,0,10
1996,2017,0,3
1998,2017,0,2
2000,2017,1,2
2003,2017,0,1
2006,2017,2,4
2007,2017,0,8
2008,2017,0,5
2009,2017,0,7
2013,2017,0,2
2016,2017,0,3
2017,2017,2,2
2018,2017,0,1
2019,2017,1,6
2020,2017,0,1
2021,2017,0,1
2022,2017,4,4
2023,2017,3,5
2024,2017,0,4
2025,2017,0,1
2026,2017,1,2
2027,2017,0,1
2031,2017,2,5
2032,2017,0,1
2033,2017,1,2
2034,2017,0,1
2037,2017,1,2
2038,2017,3,18
2039,2017,9,31
2042,2017,1,5
2044,2017,0,1
2045,2017,4,14
2046,2017,1,10
2083,2017,0,1
2084,2017,0,8
2088,2017,1,3
2089,2017,4,13
2094,2017,1,3
2095,2017,0,2
2096,2017,1,1
2097,2017,0,1
2098,2017,0,2
2100,2017,0,4
2101,2017,0,2
2102,2017,0,5
2103,2017,2,21
2104,2017,0,4
2105,2017,1,1
2106,2017,0,2
2107,2017,0,2
2108,2017,10,10
2110,2017,0,3
2114,2017,2,3
2115,2017,1,2
2116,2017,1,2
2117,2017,1,1
2118,2017,1,4
2119,2017,1,8
2121,2017,1,1
2123,2017,0,1
2124,2017,0,2
2125,2017,1,3
2127,2017,8,29
2160,2017,0,6
2162,2017,0,1
2170,2017,0,2
2172,2017,0,2
2174,2017,0,3
2175,2017,2,11
2176,2017,0,3
2177,2017,1,9
2179,2017,1,4
2181,2017,0,3
2182,2017,0,1
2184,2017,1,3
2186,2017,0,5
2188,2017,1,1
2189,2017,5,104
2190,2017,1,1
2191,2017,2,2
2192,2017,0,1
2194,2017,0,1
2196,2017,3,14
2197,2017,0,2
2198,2017,2,12
2199,2017,1,5
2200,2017,0,5
2201,2017,1,12
2202,2017,10,52
2203,2017,18,44
2204,2017,0,3
2206,2017,0,6
2207,2017,1,5
2208,2017,0,12
2238,2017,0,12
2239,2017,0,5
2240,2017,0,2
2241,2017,0,1
2242,2017,0,4
2244,2017,0,6
2249,2017,0,2
2250,2017,0,1
2252,2017,1,2
2253,2017,0,2
2254,2017,0,6
2257,2017,1,3
2259,2017,0,2
2263,2017,0,1
2266,2017,0,2
2268,2017,1,4
2269,2017,1,7
2270,2017,0,2
2271,2017,3,3
2274,2017,0,1
2275,2017,0,1
2278,2017,1,2
2279,2017,23,49
2280,2017,0,10
2281,2017,0,1
2282,2017,1,6
2283,2017,1,3
2284,2017,8,30
2285,2017,15,83
2287,2017,13,15
2288,2017,1,5
2289,2017,0,1
2290,2017,0,2
2307,2017,3,87
2308,2017,0,32
2319,2017,0,4
2324,2017,0,1
2329,2017,0,1
2330,2017,1,1
2336,2017,5,20
2337,2017,0,1
2339,2017,1,9
2340,2017,1,4
2341,2017,0,2
2343,2017,0,1
2344,2017,0,4
2346,2017,1,3
2348,2017,0,2
2349,2017,1,1
2350,2017,1,1
2352,2017,10,31
2353,2017,19,27
2355,2017,1,2
2356,2017,0,1
2357,2017,0,2
2358,2017,20,39
2359,2017,0,16
2360,2017,1,39
2361,2017,1,6
2362,2017,0,1
2363,2017,3,16
2364,2017,13,59
2366,2017,0,2
2367,2017,1,6
2370,2017,0,6
2371,2017,1,10
2385,2017,1,11
2386,2017,0,12
2397,2017,0,5
2398,2017,0,4
2406,2017,1,3
2407,2017,0,1
2411,2017,1,1
2412,2017,3,11
2413,2017,1,1
2414,2017,0,9
2415,2017,1,2
2417,2017,0,3
2418,2017,0,2
2419,2017,7,36
2420,2017,0,1
2422,2017,0,1
2423,2017,0,1
2424,2017,0,3
2427,2017,1,7
2428,2017,0,1
2429,2017,0,1
2430,2017,0,2
2432,2017,0,2
2433,2017,1,1
2434,2017,0,2
2436,2017,0,2
2437,2017,0,6
2438,2017,4,16
2439,2017,0,2
2440,2017,0,2
2441,2017,2,13
2442,2017,2,5
2445,2017,0,1
2446,2017,0,3
2448,2017,2,2
2461,2017,0,8
2462,2017,0,4
2463,2017,1,2
2464,2017,1,2
2480,2017,0,1
2481,2017,0,2
2485,2017,0,2
2486,2017,0,1
2487,2017,0,1
2488,2017,3,21
2489,2017,0,1
2492,2017,0,1
2493,2017,0,2
2494,2017,2,13
2495,2017,0,3
2496,2017,4,13
2497,2017,0,1
2498,2017,2,5
2499,2017,0,1
2502,2017,1,19
2504,2017,2,7
2508,2017,84,111
2509,2017,3,6
2510,2017,7,11
2511,2017,1,4
2512,2017,0,4
2513,2017,2,7
2514,2017,9,23
2515,2017,1,15
2516,2017,3,9
2520,2017,1,1
2521,2017,1,2
2522,2017,0,2
2523,2017,0,1
2524,2017,1,14
2537,2017,0,7
2538,2017,0,4
2539,2017,0,4
2555,2017,0,2
2556,2017,1,8
2563,2017,0,20
2564,2017,16,26
2565,2017,0,1
2570,2017,1,2
2571,2017,1,4
2572,2017,2,17
2573,2017,1,2
2576,2017,0,1
2577,2017,2,9
2582,2017,0,4
2583,2017,5,26
2585,2017,1,17
2586,2017,0,3
2587,2017,0,2
2588,2017,0,4
2589,2017,1,1
2591,2017,1,4
2592,2017,0,4
2593,2017,2,15
2594,2017,0,47
2595,2017,0,2
2597,2017,0,3
2598,2017,2,5
2610,2017,0,3
2613,2017,0,7
2626,2017,0,1
2629,2017,0,20
2630,2017,1,2
2631,2017,0,1
2633,2017,2,49
2634,2017,0,3
2635,2017,0,1
2636,2017,0,1
2637,2017,0,2
2638,2017,0,1
2640,2017,0,1
2643,2017,2,2
2644,2017,1,6
2645,2017,0,2
2650,2017,1,6
2654,2017,0,1
2655,2017,0,1
2656,2017,2,8
2657,2017,0,5
2658,2017,1,4
2659,2017,8,29
2660,2017,20,61
2661,2017,6,13
2662,2017,0,2
2664,2017,0,1
2665,2017,0,1
2666,2017,1,2
2669,2017,0,7
2679,2017,0,9
2680,2017,3,9
2698,2017,0,1
2699,2017,7,28
2700,2017,106,396
2702,2017,0,8
2703,2017,1,4
2706,2017,1,1
2707,2017,1,1
2709,2017,0,3
2710,2017,0,1
2713,2017,0,64
2716,2017,4,6
2717,2017,0,1
2723,2017,1,1
2724,2017,1,4
2725,2017,0,3
2726,2017,0,2
2727,2017,0,1
2728,2017,3,26
2729,2017,1,4
2730,2017,0,1
2732,2017,0,1
2733,2017,0,8
2734,2017,0,1
2736,2017,1,12
2737,2017,2,5
2745,2017,0,3
2746,2017,0,10
2747,2017,0,2
2748,2017,0,4
2750,2017,0,23
2755,2017,0,10
2756,2017,0,1
2758,2017,0,3
2762,2017,0,18
2763,2017,2,4
2764,2017,1,2
2765,2017,1,1
2766,2017,0,1
2767,2017,0,2
2768,2017,4,20
2769,2017,5,56
2771,2017,0,5
2772,2017,1,11
2774,2017,0,8
2775,2017,0,1
2776,2017,0,1
2778,2017,0,5
2780,2017,0,2
2781,2017,0,27
2782,2017,0,2
2784,2017,1,2
2785,2017,1,1
2786,2017,0,4
2789,2017,1,6
2790,2017,4,38
2794,2017,0,1
2797,2017,0,1
2799,2017,1,1
2800,2017,0,1
2802,2017,8,36
2803,2017,2,23
2806,2017,0,4
2808,2017,0,11
2809,2017,1,414
2810,2017,4,45
2811,2017,0,6
2814,2017,1,14
2815,2017,0,2
2816,2017,0,1
2819,2017,0,21
2827,2017,0,1
2828,2017,1,3
2829,2017,9,33
2830,2017,0,1
2831,2017,0,1
2832,2017,0,1
2833,2017,2,3
2834,2017,1,5
2835,2017,43,211
2836,2017,6,33
2837,2017,1,5
2839,2017,0,1
2840,2017,1,1
2841,2017,1,7
2842,2017,0,1
2844,2017,3,27
2845,2017,0,46
2848,2017,0,1
2850,2017,1,1
2853,2017,1,1
2854,2017,0,3
2856,2017,1,7
2857,2017,2,15
2858,2017,1,4
2859,2017,0,4
2863,2017,0,2
2864,2017,0,2
2865,2017,5,9
2866,2017,1,6
2869,2017,1,3
2870,2017,12,112
2871,2017,1,69
2872,2017,0,11
2873,2017,25,102
2889,2017,0,2
2890,2017,0,1
2892,2017,0,2
2893,2017,2,6
2894,2017,10,18
2895,2017,28,159
2896,2017,13,407
2897,2017,0,181
2898,2017,0,4
2899,2017,1,7
2901,2017,3,10
2902,2017,0,8
2905,2017,0,1
2909,2017,0,1
2910,2017,0,3
2912,2017,0,1
2913,2017,1,2
2914,2017,0,1
2916,2017,0,4
2917,2017,2,14
2918,2017,1,5
2919,2017,1,16
2920,2017,0,1
2923,2017,0,1
2924,2017,1,1
2926,2017,0,6
2927,2017,4,14
2928,2017,6,52
2929,2017,66,157
2930,2017,0,4
2931,2017,1,13
2932,2017,0,1
2944,2017,0,4
2945,2017,0,6
2946,2017,0,1
2947,2017,1,3
2948,2017,1,5
2949,2017,5,19
2950,2017,0,1
2951,2017,0,3
2952,2017,1,8
2953,2017,5,34
2954,2017,0,83
2955,2017,0,6
2956,2017,1,11
2957,2017,1,27
2958,2017,0,9
2959,2017,0,4
2960,2017,0,1
2963,2017,0,1
2964,2017,0,1
2966,2017,0,1
2967,2017,1,3
2969,2017,0,2
2973,2017,0,1
2976,2017,1,10
2977,2017,1,7
2978,2017,0,1
2979,2017,0,2
2983,2017,0,1
2984,2017,1,3
2985,2017,0,5
2987,2017,0,24
2995,2017,0,4
2996,2017,2,8
2998,2017,1,11
2999,2017,0,7
3000,2017,1,5
3001,2017,1,2
3002,2017,0,1
3003,2017,1,5
3004,2017,2,8
3005,2017,0,2
3006,2017,0,3
3007,2017,1,10
3008,2017,0,3
3009,2017,0,1
3010,2017,2,3
3011,2017,3,4
3014,2017,1,1
3019,2017,0,1
3020,2017,0,1
3021,2017,1,1
3025,2017,0,1
3026,2017,0,1
3027,2017,0,10
3028,2017,0,5
3034,2017,0,1
3035,2017,0,5
3043,2017,0,1
3046,2017,5,32
3047,2017,2,41
3048,2017,0,3
3049,2017,0,6
3050,2017,1,7
3051,2017,0,1
3052,2017,0,1
3053,2017,3,25
3054,2017,0,2
3055,2017,2,6
3056,2017,0,6
3057,2017,5,202
3058,2017,5,50
3060,2017,0,1
3061,2017,1,2
3062,2017,1,3
3063,2017,0,2
3064,2017,2,12
3065,2017,0,3
3067,2017,1,2
3068,2017,0,2
3073,2017,0,4
3076,2017,0,15
3077,2017,1,1
3078,2017,0,1
3080,2017,1,1
3081,2017,0,4
3082,2017,0,3
3083,2017,0,5
3086,2017,0,22
3087,2017,3,50
3090,2017,1,4
3091,2017,0,3
3092,2017,0,1
3093,2017,2,16
3094,2017,2,6
3095,2017,0,2
3096,2017,2,5
3097,2017,2,10
3098,2017,1,4
3099,2017,8,20
3100,2017,0,3
3101,2017,0,1
3102,2017,2,4
3103,2017,2,5
3104,2017,0,4
3105,2017,0,4
3106,2017,3,10
3107,2017,1,3
3108,2017,1,1
3109,2017,0,9
3110,2017,0,1
3112,2017,0,1
3113,2017,1,2
3115,2017,0,1
3117,2017,0,7
3119,2017,1,4
3120,2017,0,3
3123,2017,0,1
3124,2017,0,11
3125,2017,0,3
3126,2017,0,2
3127,2017,0,1
3128,2017,0,1
3129,2017,1,2
3130,2017,0,15
3133,2017,2,14
3134,2017,0,11
3137,2017,0,5
3139,2017,0,6
3140,2017,1,3
3141,2017,3,31
3142,2017,0,1
3143,2017,11,31
3144,2017,10,57
3145,2017,41,256
3146,2017,8,25
3147,2017,0,15
3148,2017,1,12
3149,2017,0,12
3151,2017,1,2
3152,2017,1,1
3153,2017,0,13
3156,2017,0,5
3157,2017,6,88
3158,2017,2,7
3159,2017,1,16
3160,2017,0,4
3161,2017,0,8
3162,2017,0,2
3163,2017,0,9
3164,2017,1,14
3165,2017,1,12
3166,2017,1,4
3167,2017,1,2
3168,2017,0,9
3169,2017,0,1
3170,2017,1,9
3171,2017,6,11
3173,2017,1,3
3174,2017,22,139
3175,2017,4,22
3176,2017,0,6
3177,2017,0,4
3179,2017,0,1
3183,2017,0,3
3184,2017,0,6
3185,2017,0,11
3186,2017,0,3
3187,2017,0,2
3189,2017,1,6
3190,2017,6,30
3191,2017,39,179
3192,2017,67,359
3193,2017,4,49
3194,2017,1,4
3195,2017,2,13
3196,2017,58,123
3197,2017,2,7
3198,2017,2,3
3199,2017,0,2
3200,2017,1,9
3201,2017,1,9
3202,2017,0,2
3203,2017,0,1
3205,2017,0,2
3206,2017,2,34
3207,2017,0,12
3209,2017,0,1
3211,2017,0,6
3213,2017,3,6
3214,2017,0,2
3215,2017,0,14
3216,2017,0,7
3217,2017,6,24
3221,2017,6,26
3223,2017,1,18
3224,2017,0,8
3225,2017,1,11
3226,2017,1,7
3227,2017,2,4
3228,2017,27,148
3229,2017,15,47
3230,2017,7,23
3231,2017,1,7
3232,2017,3,23
3233,2017,35,125
3234,2017,10,185
3235,2017,10,42
3236,2017,0,18
3238,2017,0,4
3242,2017,0,1
3243,2017,0,1
3247,2017,1,25
3248,2017,0,5
3249,2017,2,29
3250,2017,20,56
3251,2017,1,22
3252,2017,0,32
3253,2017,0,6
3254,2017,2,16
3255,2017,1,1
3256,2017,0,12
3257,2017,0,2
3258,2017,1,6
3259,2017,0,2
3260,2017,0,16
3261,2017,0,2
3262,2017,0,2
3263,2017,1,5
3265,2017,1,2
3266,2017,8,26
3267,2017,0,29
3275,2017,2,5
3276,2017,0,4
3277,2017,3,47
3278,2017,6,19
3279,2017,2,17
3281,2017,1,10
3284,2017,0,1
3285,2017,0,1
3286,2017,4,9
3287,2017,0,4
3288,2017,3,10
3290,2017,0,5
3291,2017,0,3
3292,2017,5,62
3293,2017,4,38
3294,2017,0,41
3295,2017,0,9
3296,2017,3,4
3297,2017,0,5
3298,2017,0,5
3300,2017,1,2
3301,2017,0,2
3302,2017,5,8
3303,2017,0,1
3304,2017,1,3
3305,2017,13,47
3306,2017,0,5
3309,2017,3,18
3310,2017,0,1
3311,2017,3,8
3313,2017,2,13
3314,2017,0,2
3315,2017,0,1
3316,2017,0,1
3317,2017,0,1
3318,2017,1,2
3319,2017,2,16
3320,2017,9,105
3321,2017,3,33
3322,2017,0,25
3323,2017,2,16
3324,2017,0,1
3325,2017,1,1
3326,2017,0,4
3327,2017,1,22
3328,2017,5,11
3330,2017,0,1
3331,2017,3,22
3332,2017,10,25
3333,2017,0,3
3334,2017,1,43
3335,2017,6,22
3336,2017,1,2
3337,2017,0,16
3338,2017,0,29
3340,2017,0,1
3342,2017,0,4
3343,2017,0,1
3344,2017,0,13
3345,2017,0,1
3346,2017,1,4
3348,2017,1,11
3349,2017,0,1
3350,2017,0,9
3351,2017,2,3
3354,2017,1,10
3355,2017,0,3
3356,2017,0,33
3357,2017,0,36
3358,2017,1,23
3359,2017,0,8
3361,2017,1,5
8,2018,0,10
15,2018,0,20
16,2018,0,2
17,2018,0,3
18,2018,2,4
19,2018,0,2
20,2018,0,2
27,2018,0,3
28,2018,0,2
29,2018,0,1
31,2018,1,5
32,2018,1,6
33,2018,6,10
35,2018,1,2
36,2018,0,4
37,2018,1,21
48,2018,4,10
49,2018,2,6
50,2018,1,8
51,2018,0,6
52,2018,0,3
54,2018,5,27
55,2018,9,236
56,2018,0,1
64,2018,0,5
65,2018,0,2
76,2018,0,4
77,2018,15,69
78,2018,1,6
81,2018,0,1
82,2018,8,18
83,2018,0,19
84,2018,0,3
92,2018,0,23
93,2018,0,2
94,2018,1,2
99,2018,0,1
101,2018,1,1
114,2018,0,1
115,2018,1,24
116,2018,1,14
117,2018,0,5
118,2018,0,1
119,2018,0,2
120,2018,3,10
137,2018,0,2
138,2018,1,1
139,2018,0,1
144,2018,0,2
145,2018,0,1
147,2018,1,2
148,2018,0,1
149,2018,0,3
150,2018,0,1
153,2018,1,6
154,2018,0,2
157,2018,1,55
164,2018,0,3
165,2018,0,2
166,2018,3,45
168,2018,0,6
169,2018,1,4
170,2018,3,35
171,2018,2,20
172,2018,1,6
173,2018,0,1
175,2018,0,12
190,2018,2,6
191,2018,0,2
197,2018,0,2
200,2018,1,2
201,2018,2,2
202,2018,2,5
203,2018,1,2
206,2018,3,33
209,2018,0,3
210,2018,0,7
216,2018,0,249
223,2018,2,14
224,2018,0,3
225,2018,0,8
229,2018,2,22
230,2018,16,77
231,2018,2,5
232,2018,0,1
233,2018,0,1
239,2018,1,11
252,2018,0,2
253,2018,1,1
255,2018,2,5
256,2018,1,4
262,2018,1,3
263,2018,8,55
264,2018,0,1
265,2018,0,15
266,2018,0,31
267,2018,2,28
269,2018,1,5
270,2018,0,4
271,2018,1,10
272,2018,1,2
273,2018,0,3
274,2018,4,17
275,2018,7,20
287,2018,0,1
289,2018,0,1
292,2018,4,21
293,2018,1,6
295,2018,6,8
296,2018,3,9
298,2018,1,2
299,2018,0,1
300,2018,0,1
309,2018,2,22
311,2018,1,6
312,2018,0,1
320,2018,0,5
322,2018,1,4
324,2018,0,4
325,2018,0,2
326,2018,1,6
327,2018,26,144
328,2018,2,8
329,2018,0,1
332,2018,4,22
333,2018,1,11
334,2018,1,8
335,2018,2,3
336,2018,1,18
337,2018,3,21
338,2018,1,9
339,2018,0,1
351,2018,1,47
353,2018,2,9
361,2018,0,1
372,2018,0,5
373,2018,0,67
374,2018,0,1
376,2018,0,2
377,2018,0,2
378,2018,0,2
380,2018,0,1
383,2018,1,2
384,2018,0,1
385,2018,4,13
386,2018,1,4
387,2018,0,1
388,2018,1,4
389,2018,2,46
390,2018,4,14
391,2018,2,9
392,2018,1,1
394,2018,1,3
395,2018,0,3
396,2018,0,3
397,2018,0,4
399,2018,0,1
400,2018,0,11
401,2018,2,97
402,2018,8,47
403,2018,10,36
404,2018,1,10
405,2018,3,9
406,2018,0,11
407,2018,2,14
408,2018,1,30
409,2018,14,61
410,2018,11,71
424,2018,0,1
425,2018,0,2
428,2018,0,2
429,2018,0,1
430,2018,2,4
431,2018,0,2
432,2018,0,4
433,2018,12,39
434,2018,3,4
444,2018,0,1
448,2018,0,3
449,2018,2,14
451,2018,0,1
452,2018,0,2
455,2018,0,16
456,2018,0,2
457,2018,0,1
458,2018,1,4
459,2018,5,14
460,2018,0,3
461,2018,18,42
462,2018,13,42
463,2018,0,2
464,2018,2,12
465,2018,0,1
466,2018,2,3
467,2018,1,3
468,2018,0,2
469,2018,7,13
470,2018,0,5
471,2018,2,25
472,2018,1,11
473,2018,0,10
474,2018,5,23
475,2018,6,20
476,2018,6,25
477,2018,0,2
478,2018,0,5
479,2018,16,130
480,2018,12,99
481,2018,2,32
482,2018,0,21
483,2018,0,9
484,2018,2,33
485,2018,5,46
500,2018,0,2
501,2018,0,29
504,2018,1,1
505,2018,0,1
506,2018,2,12
507,2018,0,7
508,2018,1,45
509,2018,1,15
512,2018,0,3
513,2018,0,7
520,2018,0,1
532,2018,1,4
533,2018,0,3
534,2018,0,1
535,2018,2,26
536,2018,0,1
537,2018,0,3
538,2018,2,11
539,2018,0,2
540,2018,0,4
541,2018,0,1
542,2018,8,38
543,2018,3,7
544,2018,4,12
546,2018,0,1
547,2018,1,4
549,2018,2,4
550,2018,2,9
552,2018,1,10
553,2018,0,9
554,2018,4,9
555,2018,8,32
556,2018,84,400
557,2018,31,123
558,2018,1,21
559,2018,1,27
560,2018,3,19
561,2018,12,118
562,2018,8,23
577,2018,0,2
580,2018,0,26
583,2018,0,2
584,2018,0,1
585,2018,0,9
586,2018,1,197
587,2018,0,87
588,2018,1,26
609,2018,0,2
610,2018,0,3
611,2018,0,3
612,2018,1,10
614,2018,4,6
615,2018,1,3
616,2018,0,1
619,2018,2,9
620,2018,2,9
621,2018,2,4
622,2018,7,17
623,2018,0,2
625,2018,0,3
626,2018,4,21
627,2018,0,7
628,2018,1,5
630,2018,12,115
631,2018,0,12
632,2018,0,5
633,2018,7,30
634,2018,1,15
635,2018,15,81
636,2018,24,143
637,2018,24,135
638,2018,9,54
639,2018,0,22
640,2018,1,28
662,2018,0,3
663,2018,1,49
664,2018,0,238
666,2018,0,1
668,2018,0,1
669,2018,0,8
670,2018,0,2
686,2018,0,1
687,2018,0,1
688,2018,1,3
689,2018,2,2
690,2018,2,9
691,2018,32,207
692,2018,6,31
693,2018,1,1
694,2018,1,5
696,2018,1,1
697,2018,0,1
698,2018,1,1
699,2018,0,1
701,2018,4,16
703,2018,2,20
704,2018,2,5
705,2018,1,1
707,2018,1,1
708,2018,1,5
709,2018,0,1
711,2018,1,9
712,2018,6,18
713,2018,3,31
714,2018,8,63
715,2018,8,74
716,2018,4,24
717,2018,3,83
718,2018,2,17
739,2018,0,2
740,2018,1,26
741,2018,0,6
742,2018,0,17
747,2018,0,3
748,2018,1,3
751,2018,2,14
753,2018,1,2
760,2018,0,5
761,2018,0,3
764,2018,0,2
765,2018,1,7
768,2018,0,1
769,2018,80,542
770,2018,39,128
771,2018,0,3
772,2018,2,6
775,2018,14,28
776,2018,0,11
777,2018,2,7
778,2018,4,11
779,2018,0,2
780,2018,1,2
781,2018,2,12
782,2018,3,3
783,2018,1,2
784,2018,0,5
785,2018,6,13
787,2018,0,11
788,2018,0,2
789,2018,1,9
790,2018,1,5
791,2018,7,26
792,2018,12,57
793,2018,11,76
794,2018,6,50
795,2018,14,91
796,2018,81,1180
797,2018,10,116
819,2018,0,1
820,2018,0,172
821,2018,1,74
822,2018,0,1
827,2018,0,1
830,2018,1,1
831,2018,0,1
832,2018,1,12
837,2018,0,1
840,2018,0,2
842,2018,0,2
843,2018,0,2
846,2018,3,11
847,2018,1,7
848,2018,1,6
849,2018,1,15
850,2018,0,1
852,2018,0,1
853,2018,4,6
854,2018,1,4
855,2018,0,3
856,2018,9,69
857,2018,3,11
859,2018,0,2
860,2018,3,4
862,2018,0,3
863,2018,0,1
865,2018,0,5
867,2018,0,23
868,2018,0,1
869,2018,6,24
870,2018,18,49
871,2018,1,19
872,2018,16,62
873,2018,0,5
874,2018,3,7
875,2018,3,19
876,2018,12,82
877,2018,3,23
878,2018,19,283
879,2018,7,47
880,2018,31,213
881,2018,15,104
882,2018,10,102
883,2018,0,25
904,2018,0,15
911,2018,0,2
919,2018,12,145
921,2018,0,54
922,2018,0,10
930,2018,1,6
933,2018,2,5
934,2018,8,24
935,2018,1,6
936,2018,1,1
937,2018,2,14
938,2018,0,7
939,2018,1,9
940,2018,2,7
941,2018,6,25
942,2018,0,7
943,2018,0,3
944,2018,2,5
946,2018,1,7
947,2018,0,2
948,2018,7,16
949,2018,4,28
950,2018,1,5
951,2018,2,4
952,2018,1,6
953,2018,5,77
954,2018,21,59
955,2018,6,18
956,2018,0,3
957,2018,0,11
958,2018,24,148
959,2018,0,1
960,2018,0,1
961,2018,1,3
962,2018,6,32
963,2018,8,49
964,2018,20,147
965,2018,16,66
966,2018,10,45
967,2018,4,30
968,2018,5,19
969,2018,0,8
996,2018,0,3
1005,2018,0,12
1013,2018,0,1
1014,2018,0,1
1016,2018,2,12
1017,2018,1,1
1018,2018,1,2
1019,2018,0,1
1021,2018,0,2
1022,2018,0,1
1023,2018,1,1
1024,2018,0,2
1025,2018,0,1
1026,2018,2,3
1027,2018,5,13
1028,2018,1,17
1029,2018,3,11
1030,2018,4,33
1031,2018,0,1
1032,2018,2,11
1033,2018,4,28
1034,2018,3,14
1035,2018,0,8
1036,2018,4,19
1037,2018,11,33
1038,2018,1,12
1039,2018,2,12
1040,2018,0,5
1041,2018,0,4
1042,2018,63,65
1043,2018,1,13
1044,2018,2,6
1045,2018,1,14
1046,2018,1,4
1047,2018,3,9
1048,2018,14,84
1049,2018,19,93
1050,2018,10,100
1051,2018,4,32
1052,2018,3,16
1079,2018,0,1
1083,2018,0,1
1085,2018,0,1
1088,2018,0,1
1089,2018,2,7
1093,2018,0,2
1095,2018,1,2
1096,2018,1,4
1102,2018,0,6
1104,2018,0,5
1105,2018,3,17
1106,2018,1,1
1107,2018,1,2
1108,2018,2,3
1109,2018,1,1
1110,2018,3,14
1111,2018,16,118
1112,2018,5,11
1113,2018,4,84
1114,2018,2,15
1115,2018,12,57
1116,2018,3,15
1117,2018,11,56
1118,2018,37,159
1119,2018,48,191
1120,2018,0,15
1122,2018,0,20
1123,2018,1,1
1124,2018,2,28
1125,2018,2,2
1126,2018,2,11
1127,2018,2,8
1128,2018,0,4
1129,2018,9,31
1130,2018,9,39
1131,2018,2,20
1132,2018,20,57
1133,2018,49,149
1134,2018,12,46
1160,2018,0,1
1166,2018,0,1
1170,2018,0,1
1171,2018,0,2
1172,2018,0,1
1177,2018,0,2
1182,2018,0,2
1183,2018,2,5
1188,2018,1,1
1190,2018,8,34
1191,2018,1,2
1193,2018,1,6
1194,2018,0,1
1195,2018,1,7
1196,2018,8,17
1197,2018,15,77
1198,2018,1,9
1199,2018,16,84
1200,2018,0,6
1201,2018,1,5
1202,2018,9,101
1203,2018,1,32
1204,2018,10,48
1205,2018,0,9
1206,2018,2,11
1207,2018,6,12
1208,2018,1,7
1209,2018,0,9
1210,2018,2,4
1211,2018,2,5
1212,2018,1,3
1213,2018,3,20
1214,2018,13,51
1215,2018,9,29
1216,2018,164,468
1217,2018,37,1148
1254,2018,0,2
1268,2018,4,6
1269,2018,0,3
1270,2018,4,41
1271,2018,1,5
1272,2018,1,1
1273,2018,3,5
1274,2018,0,1
1277,2018,8,37
1278,2018,11,43
1279,2018,86,365
1280,2018,49,865
1281,2018,6,30
1282,2018,0,22
1283,2018,0,1
1284,2018,0,11
1285,2018,1,8
1286,2018,5,36
1287,2018,8,52
1288,2018,6,40
1289,2018,26,131
1290,2018,110,504
1291,2018,4,98
1292,2018,23,68
1293,2018,12,23
1295,2018,1,3
1296,2018,10,288
1297,2018,1,6
1298,2018,4,10
1299,2018,2,6
1300,2018,5,28
1301,2018,17,47
1302,2018,96,376
1303,2018,12,36
1333,2018,0,4
1334,2018,0,9
1335,2018,0,25
1338,2018,0,12
1339,2018,0,3
1341,2018,0,1
1351,2018,0,1
1354,2018,1,3
1355,2018,12,27
1356,2018,1,4
1358,2018,7,16
1359,2018,0,1
1360,2018,2,10
1361,2018,0,4
1362,2018,1,6
1363,2018,2,14
1364,2018,23,98
1365,2018,25,67
1366,2018,6,26
1367,2018,0,6
1368,2018,3,11
1369,2018,0,3
1370,2018,18,19
1371,2018,0,9
1372,2018,6,27
1373,2018,0,5
1374,2018,11,55
1375,2018,37,202
1376,2018,12,63
1377,2018,4,16
1378,2018,21,71
1379,2018,1,13
1380,2018,0,1
1381,2018,7,28
1382,2018,0,1
1383,2018,18,54
1384,2018,23,42
1385,2018,18,55
1386,2018,130,514
1387,2018,4,13
1388,2018,0,15
1418,2018,0,5
1420,2018,0,10
1421,2018,0,3
1427,2018,1,1
1434,2018,0,1
1435,2018,20,115
1438,2018,11,21
1439,2018,0,2
1443,2018,2,8
1446,2018,0,21
1447,2018,6,33
1448,2018,4,15
1449,2018,2,20
1450,2018,1,10
1452,2018,0,2
1453,2018,1,12
1455,2018,1,6
1456,2018,3,8
1457,2018,1,3
1458,2018,7,35
1459,2018,3,8
1460,2018,2,3
1461,2018,5,16
1462,2018,104,222
1463,2018,11,29
1464,2018,1,11
1465,2018,4,15
1466,2018,0,5
1467,2018,8,33
1468,2018,2,22
1469,2018,14,75
1470,2018,7,32
1471,2018,3,16
1472,2018,1,5
1504,2018,5,90
1505,2018,0,15
1508,2018,1,1
1515,2018,0,2
1518,2018,2,113
1519,2018,0,1
1520,2018,1,1
1521,2018,0,1
1522,2018,0,2
1523,2018,0,3
1524,2018,2,2
1527,2018,1,3
1528,2018,0,1
1529,2018,1,8
1530,2018,9,27
1531,2018,0,18
1533,2018,1,5
1534,2018,2,22
1535,2018,0,1
1536,2018,1,18
1537,2018,0,4
1538,2018,1,4
1539,2018,0,1
1541,2018,80,291
1542,2018,7,13
1543,2018,1,6
1544,2018,0,3
1545,2018,10,14
1546,2018,6,19
1547,2018,2,10
1548,2018,3,14
1549,2018,1,7
1550,2018,18,59
1551,2018,49,90
1552,2018,78,252
1553,2018,8,14
1554,2018,0,26
1555,2018,3,42
1584,2018,0,5
1586,2018,11,368
1587,2018,4,149
1588,2018,0,1
1589,2018,1,2
1601,2018,0,1
1607,2018,0,1
1608,2018,3,7
1611,2018,0,2
1612,2018,1,13
1613,2018,0,4
1614,2018,1,1
1615,2018,2,38
1616,2018,2,15
1617,2018,0,2
1618,2018,5,29
1619,2018,19,94
1620,2018,0,4
1621,2018,3,20
1622,2018,10,49
1623,2018,3,14
1624,2018,10,58
1625,2018,1,19
1626,2018,2,14
1627,2018,73,117
1629,2018,3,21
1630,2018,3,8
1631,2018,1,1
1632,2018,6,19
1633,2018,26,54
1634,2018,273,913
1635,2018,59,202
1636,2018,5,28
1637,2018,4,16
1638,2018,16,26
1668,2018,0,85
1669,2018,0,234
1670,2018,14,362
1680,2018,0,1
1684,2018,0,2
1685,2018,0,1
1686,2018,0,1
1687,2018,1,3
1693,2018,0,1
1695,2018,2,15
1696,2018,3,12
1700,2018,1,71
1701,2018,3,15
1702,2018,0,30
1703,2018,0,3
1704,2018,9,24
1705,2018,6,46
1706,2018,0,2
1707,2018,0,12
1708,2018,3,16
1709,2018,9,27
1710,2018,4,17
1711,2018,14,36
1712,2018,5,15
1713,2018,9,29
1714,2018,1,6
1715,2018,17,63
1716,2018,14,66
1717,2018,45,211
1718,2018,6,22
1719,2018,6,36
1720,2018,0,4
1721,2018,1,31
1752,2018,0,55
1755,2018,0,1
1762,2018,0,1
1765,2018,1,2
1768,2018,1,3
1769,2018,1,6
1770,2018,0,1
1771,2018,0,1
1777,2018,0,1
1780,2018,3,7
1781,2018,1,1
1783,2018,1,9
1784,2018,1,9
1785,2018,1,2
1786,2018,12,19
1787,2018,15,64
1789,2018,1,4
1790,2018,1,4
1791,2018,1,3
1792,2018,4,7
1793,2018,1,3
1794,2018,1,4
1795,2018,3,7
1796,2018,2,13
1797,2018,8,30
1798,2018,8,15
1799,2018,2,8
1800,2018,43,169
1801,2018,6,27
1803,2018,1,58
1834,2018,3,118
1837,2018,1,2
1840,2018,0,4
1846,2018,0,1
1847,2018,0,2
1848,2018,12,30
1849,2018,1,2
1850,2018,2,15
1851,2018,5,45
1852,2018,1,11
1854,2018,2,6
1855,2018,20,228
1856,2018,0,3
1857,2018,0,1
1858,2018,5,39
1859,2018,26,67
1860,2018,1,3
1861,2018,0,1
1863,2018,0,1
1864,2018,0,1
1865,2018,1,1
1868,2018,1,1
1869,2018,0,1
1871,2018,0,1
1872,2018,13,24
1873,2018,5,10
1874,2018,3,8
1875,2018,2,11
1876,2018,1,2
1877,2018,0,2
1878,2018,1,9
1879,2018,1,14
1880,2018,4,7
1881,2018,10,48
1882,2018,2,8
1883,2018,0,8
1914,2018,1,7
1915,2018,0,29
1922,2018,5,6
1925,2018,2,3
1929,2018,1,3
1931,2018,1,2
1932,2018,2,9
1933,2018,0,3
1934,2018,0,1
1935,2018,0,2
1936,2018,5,15
1937,2018,3,16
1938,2018,0,2
1939,2018,21,52
1940,2018,22,167
1941,2018,1,2
1942,2018,0,2
1946,2018,0,3
1947,2018,0,1
1948,2018,18,50
1949,2018,1,6
1950,2018,2,10
1951,2018,1,3
1952,2018,1,1
1953,2018,0,2
1955,2018,0,2
1956,2018,8,23
1957,2018,2,3
1958,2018,2,14
1959,2018,9,20
1960,2018,1,11
1961,2018,6,52
1962,2018,6,21
1963,2018,2,8
1964,2018,18,126
1965,2018,2,24
1994,2018,0,14
1996,2018,0,8
2000,2018,0,1
2002,2018,0,4
2003,2018,0,1
2007,2018,3,6
2008,2018,0,20
2009,2018,0,1
2011,2018,0,6
2013,2018,2,3
2014,2018,0,1
2017,2018,1,1
2018,2018,0,1
2019,2018,1,2
2020,2018,0,2
2021,2018,2,2
2022,2018,3,7
2023,2018,1,2
2026,2018,0,3
2028,2018,1,1
2029,2018,3,6
2030,2018,1,1
2031,2018,0,11
2032,2018,4,13
2034,2018,2,9
2035,2018,2,8
2038,2018,22,76
2039,2018,4,13
2040,2018,2,4
2041,2018,0,4
2042,2018,1,5
2043,2018,1,1
2044,2018,0,2
2045,2018,3,23
2046,2018,2,22
2076,2018,0,5
2082,2018,1,3
2083,2018,1,1
2084,2018,0,28
2086,2018,1,1
2088,2018,2,5
2089,2018,2,25
2090,2018,0,4
2091,2018,0,1
2096,2018,0,4
2097,2018,1,1
2098,2018,0,4
2100,2018,0,2
2101,2018,1,3
2102,2018,0,5
2103,2018,8,28
2104,2018,1,1
2106,2018,0,1
2107,2018,0,6
2108,2018,7,9
2109,2018,2,2
2110,2018,0,4
2111,2018,0,1
2113,2018,1,1
2115,2018,2,6
2116,2018,18,84
2117,2018,6,10
2118,2018,2,9
2119,2018,0,5
2120,2018,0,1
2121,2018,1,3
2122,2018,1,6
2123,2018,0,2
2124,2018,0,1
2125,2018,0,1
2126,2018,0,3
2127,2018,3,37
2160,2018,0,7
2164,2018,1,1
2165,2018,0,1
2166,2018,0,1
2167,2018,0,3
2170,2018,1,5
2172,2018,0,1
2175,2018,0,1
2176,2018,0,2
2177,2018,5,15
2179,2018,0,2
2180,2018,1,4
2181,2018,1,2
2183,2018,2,6
2184,2018,1,8
2185,2018,3,18
2186,2018,2,17
2187,2018,1,2
2188,2018,0,2
2189,2018,5,146
2190,2018,1,2
2191,2018,1,2
2192,2018,0,3
2193,2018,0,4
2194,2018,0,1
2195,2018,0,2
2196,2018,3,38
2197,2018,2,7
2198,2018,3,21
2199,2018,3,5
2200,2018,2,10
2201,2018,3,24
2202,2018,19,89
2203,2018,20,97
2204,2018,0,7
2205,2018,0,3
2206,2018,2,6
2207,2018,5,19
2208,2018,1,18
2238,2018,0,14
2239,2018,1,8
2240,2018,0,9
2241,2018,0,2
2242,2018,0,7
2248,2018,0,2
2250,2018,0,3
2252,2018,0,4
2253,2018,4,14
2254,2018,0,10
2257,2018,1,5
2258,2018,0,2
2259,2018,1,5
2261,2018,0,1
2266,2018,3,8
2268,2018,1,4
2269,2018,8,23
2270,2018,2,10
2271,2018,6,14
2272,2018,0,1
2273,2018,0,1
2274,2018,2,9
2276,2018,5,5
2277,2018,0,3
2278,2018,1,4
2279,2018,35,65
2280,2018,5,17
2281,2018,2,9
2282,2018,3,14
2283,2018,0,1
2284,2018,13,42
2285,2018,22,287
2286,2018,0,3
2287,2018,2,11
2288,2018,1,9
2289,2018,1,2
2290,2018,0,3
2307,2018,0,52
2308,2018,0,58
2319,2018,0,2
2330,2018,4,16
2333,2018,0,1
2334,2018,0,1
2336,2018,11,30
2337,2018,2,7
2338,2018,0,1
2339,2018,4,20
2340,2018,4,12
2341,2018,1,6
2342,2018,1,5
2343,2018,2,4
2344,2018,1,6
2347,2018,0,1
2348,2018,1,8
2349,2018,1,3
2350,2018,2,6
2351,2018,0,2
2352,2018,25,63
2353,2018,16,36
2354,2018,4,8
2355,2018,0,3
2356,2018,5,10
2357,2018,5,33
2358,2018,15,103
2359,2018,4,26
2360,2018,1,68
2361,2018,0,13
2362,2018,1,2
2363,2018,15,54
2364,2018,23,122
2366,2018,1,5
2367,2018,0,6
2368,2018,0,1
2370,2018,2,11
2371,2018,0,15
2385,2018,2,22
2386,2018,0,27
2397,2018,0,5
2398,2018,0,7
2406,2018,0,3
2407,2018,1,2
2410,2018,0,1
2411,2018,0,1
2412,2018,8,36
2413,2018,1,4
2414,2018,4,32
2415,2018,1,9
2416,2018,1,4
2417,2018,4,25
2418,2018,0,2
2419,2018,6,32
2420,2018,3,22
2421,2018,7,164
2422,2018,0,1
2423,2018,0,7
2424,2018,0,4
2427,2018,1,2
2428,2018,1,4
2429,2018,0,3
2430,2018,3,12
2431,2018,0,1
2432,2018,2,6
2433,2018,0,1
2434,2018,2,3
2436,2018,0,2
2437,2018,1,18
2438,2018,6,52
2439,2018,0,6
2440,2018,0,28
2441,2018,13,58
2442,2018,1,10
2443,2018,0,1
2444,2018,1,2
2446,2018,0,4
2447,2018,0,2
2461,2018,0,12
2462,2018,0,26
2463,2018,0,7
2464,2018,0,4
2480,2018,1,9
2481,2018,0,6
2485,2018,0,1
2488,2018,12,30
2489,2018,1,6
2490,2018,1,2
2492,2018,0,1
2493,2018,1,7
2494,2018,3,8
2495,2018,1,5
2496,2018,3,7
2497,2018,0,1
2498,2018,4,13
2499,2018,0,1
2501,2018,1,4
2502,2018,8,61
2503,2018,1,2
2504,2018,0,1
2505,2018,1,3
2506,2018,2,6
2507,2018,1,4
2508,2018,5,10
2509,2018,0,2
2510,2018,22,54
2511,2018,8,21
2512,2018,1,5
2513,2018,3,16
2514,2018,2,11
2515,2018,2,27
2516,2018,1,21
2520,2018,1,2
2522,2018,1,4
2524,2018,2,16
2537,2018,0,25
2538,2018,0,10
2539,2018,0,14
2555,2018,0,10
2556,2018,3,11
2557,2018,0,1
2558,2018,0,3
2563,2018,1,24
2564,2018,5,7
2565,2018,1,4
2570,2018,0,2
2571,2018,0,2
2572,2018,6,37
2573,2018,3,9
2574,2018,1,4
2575,2018,0,3
2576,2018,0,1
2577,2018,3,13
2578,2018,1,1
2580,2018,0,2
2581,2018,1,4
2582,2018,7,27
2583,2018,24,186
2584,2018,2,13
2585,2018,3,14
2586,2018,0,4
2587,2018,1,18
2588,2018,4,6
2589,2018,1,2
2590,2018,0,1
2591,2018,0,2
2592,2018,1,3
2593,2018,12,33
2594,2018,8,289
2595,2018,5,21
2597,2018,0,7
2598,2018,1,4
2610,2018,0,8
2613,2018,0,10
2614,2018,0,15
2629,2018,0,25
2630,2018,0,2
2631,2018,0,1
2633,2018,4,48
2634,2018,0,1
2636,2018,2,6
2638,2018,0,1
2641,2018,0,1
2642,2018,0,1
2643,2018,4,11
2644,2018,1,3
2645,2018,0,6
2649,2018,0,1
2650,2018,1,2
2651,2018,0,2
2652,2018,0,1
2653,2018,0,2
2654,2018,1,9
2655,2018,0,1
2656,2018,9,12
2657,2018,0,8
2658,2018,2,12
2659,2018,23,88
2660,2018,11,33
2661,2018,3,69
2663,2018,1,3
2664,2018,2,8
2665,2018,0,4
2666,2018,4,11
2668,2018,0,1
2669,2018,0,13
2679,2018,0,20
2680,2018,0,4
2682,2018,0,1
2683,2018,0,1
2697,2018,0,1
2698,2018,0,1
2699,2018,6,15
2700,2018,92,331
2701,2018,1,3
2702,2018,1,14
2703,2018,1,6
2705,2018,3,4
2706,2018,0,2
2707,2018,0,1
2708,2018,1,1
2709,2018,1,5
2710,2018,0,5
2711,2018,2,4
2712,2018,0,8
2713,2018,0,14
2714,2018,0,8
2715,2018,0,1
2716,2018,0,3
2718,2018,1,6
2721,2018,0,1
2723,2018,1,2
2724,2018,1,16
2725,2018,1,2
2726,2018,1,4
2727,2018,1,3
2728,2018,7,50
2729,2018,1,13
2730,2018,0,1
2732,2018,1,3
2733,2018,2,14
2734,2018,0,1
2736,2018,5,16
2737,2018,6,11
2743,2018,1,1
2745,2018,2,10
2746,2018,2,9
2747,2018,0,2
2748,2018,0,4
2750,2018,0,9
2751,2018,1,1
2752,2018,0,1
2755,2018,1,26
2756,2018,0,1
2758,2018,0,9
2762,2018,0,89
2763,2018,1,7
2764,2018,1,5
2767,2018,0,3
2768,2018,15,60
2769,2018,7,40
2770,2018,2,6
2771,2018,1,45
2772,2018,7,40
2773,2018,0,5
2774,2018,0,2
2775,2018,0,1
2776,2018,1,2
2780,2018,1,2
2781,2018,1,9
2782,2018,1,7
2784,2018,0,6
2785,2018,0,2
2786,2018,0,1
2787,2018,1,4
2788,2018,2,4
2789,2018,2,15
2790,2018,5,96
2791,2018,1,3
2792,2018,3,4
2793,2018,0,3
2794,2018,2,3
2795,2018,0,3
2796,2018,1,1
2799,2018,1,1
2800,2018,0,1
2802,2018,10,29
2803,2018,6,61
2806,2018,0,12
2808,2018,1,3
2809,2018,8,628
2810,2018,3,63
2811,2018,0,18
2814,2018,0,12
2815,2018,0,4
2816,2018,0,1
2819,2018,13,392
2827,2018,0,2
2829,2018,6,29
2832,2018,0,1
2833,2018,2,3
2834,2018,2,12
2835,2018,39,273
2836,2018,9,81
2837,2018,2,4
2838,2018,2,2
2840,2018,0,4
2841,2018,0,2
2842,2018,1,3
2844,2018,1,29
2845,2018,0,132
2846,2018,0,1
2848,2018,0,1
2849,2018,1,1
2850,2018,9,25
2851,2018,1,1
2852,2018,0,1
2853,2018,1,5
2854,2018,0,2
2856,2018,1,3
2857,2018,3,21
2858,2018,0,1
2859,2018,1,4
2860,2018,0,1
2863,2018,0,3
2864,2018,0,2
2865,2018,6,29
2866,2018,2,17
2869,2018,2,20
2870,2018,13,125
2871,2018,5,69
2873,2018,28,148
2889,2018,0,13
2890,2018,1,16
2891,2018,0,2
2892,2018,1,3
2893,2018,1,2
2894,2018,8,13
2895,2018,58,286
2896,2018,11,755
2897,2018,0,326
2898,2018,0,1
2899,2018,3,21
2900,2018,5,17
2901,2018,2,5
2902,2018,1,5
2905,2018,1,12
2906,2018,0,1
2910,2018,0,3
2912,2018,1,1
2913,2018,2,18
2914,2018,1,22
2915,2018,0,3
2916,2018,3,27
2917,2018,0,33
2918,2018,2,11
2919,2018,0,4
2920,2018,0,1
2923,2018,1,4
2924,2018,1,1
2925,2018,0,1
2926,2018,3,40
2927,2018,1,10
2928,2018,8,61
2929,2018,39,137
2930,2018,0,3
2931,2018,0,10
2932,2018,0,1
2944,2018,0,6
2945,2018,0,13
2946,2018,3,7
2947,2018,0,1
2948,2018,2,3
2949,2018,5,29
2951,2018,0,7
2952,2018,2,66
2953,2018,5,39
2954,2018,0,139
2955,2018,1,8
2956,2018,2,9
2957,2018,4,41
2958,2018,6,21
2959,2018,1,4
2960,2018,3,10
2961,2018,0,1
2962,2018,2,11
2963,2018,0,2
2965,2018,0,2
2966,2018,0,1
2967,2018,1,7
2968,2018,0,2
2969,2018,0,1
2971,2018,0,1
2974,2018,3,15
2975,2018,3,23
2976,2018,1,19
2977,2018,0,7
2978,2018,3,4
2979,2018,0,4
2981,2018,0,1
2983,2018,0,2
2984,2018,1,22
2985,2018,0,17
2986,2018,0,2
2987,2018,2,55
2995,2018,2,16
2996,2018,2,13
2997,2018,0,2
2998,2018,0,1
2999,2018,0,3
3000,2018,0,2
3001,2018,4,9
3002,2018,2,5
3003,2018,0,2
3004,2018,6,11
3005,2018,0,2
3006,2018,0,1
3007,2018,2,11
3008,2018,1,13
3009,2018,1,29
3010,2018,4,14
3011,2018,5,8
3012,2018,0,10
3014,2018,1,1
3016,2018,0,1
3019,2018,0,5
3020,2018,0,4
3021,2018,0,1
3022,2018,2,4
3023,2018,1,2
3024,2018,0,2
3025,2018,0,3
3026,2018,2,14
3027,2018,0,2
3028,2018,0,1
3029,2018,1,4
3030,2018,0,2
3031,2018,0,1
3034,2018,0,3
3035,2018,1,15
3043,2018,0,6
3044,2018,0,2
3046,2018,4,22
3047,2018,0,3
3048,2018,0,1
3049,2018,0,1
3050,2018,1,2
3051,2018,6,18
3052,2018,3,13
3053,2018,7,28
3054,2018,1,2
3055,2018,3,6
3056,2018,0,3
3057,2018,14,259
3058,2018,25,229
3059,2018,0,2
3060,2018,0,2
3061,2018,2,5
3062,2018,0,20
3063,2018,0,1
3064,2018,3,13
3065,2018,0,1
3067,2018,1,6
3068,2018,3,10
3069,2018,0,2
3070,2018,0,1
3073,2018,0,5
3076,2018,1,4
3077,2018,0,2
3078,2018,0,2
3081,2018,11,34
3082,2018,0,6
3083,2018,5,24
3086,2018,0,10
3087,2018,4,97
3090,2018,0,1
3092,2018,0,2
3093,2018,0,7
3095,2018,0,1
3096,2018,2,6
3097,2018,0,15
3098,2018,2,13
3099,2018,39,170
3100,2018,0,11
3101,2018,1,8
3103,2018,7,12
3104,2018,7,25
3105,2018,5,10
3106,2018,0,4
3107,2018,0,6
3109,2018,0,2
3110,2018,0,1
3111,2018,2,4
3113,2018,1,2
3115,2018,0,1
3116,2018,1,2
3117,2018,0,9
3118,2018,1,2
3119,2018,0,13
3120,2018,0,12
3121,2018,0,1
3123,2018,0,1
3124,2018,1,19
3125,2018,1,16
3126,2018,1,1
3127,2018,0,1
3128,2018,0,2
3129,2018,2,11
3130,2018,3,26
3133,2018,1,28
3134,2018,1,27
3137,2018,0,10
3138,2018,1,4
3139,2018,6,14
3140,2018,0,3
3141,2018,1,43
3142,2018,1,2
3143,2018,5,41
3144,2018,22,87
3145,2018,123,553
3146,2018,6,29
3147,2018,1,55
3148,2018,3,16
3149,2018,13,476
3150,2018,1,13
3151,2018,0,3
3152,2018,1,4
3153,2018,0,9
3155,2018,0,6
3156,2018,0,2
3157,2018,1,51
3158,2018,1,10
3159,2018,4,16
3160,2018,0,24
3161,2018,0,4
3162,2018,11,62
3163,2018,0,14
3164,2018,0,17
3165,2018,0,14
3166,2018,0,7
3167,2018,4,12
3168,2018,10,14
3169,2018,1,3
3170,2018,3,13
3171,2018,20,43
3173,2018,1,4
3174,2018,26,219
3175,2018,10,23
3176,2018,1,7
3177,2018,18,31
3180,2018,0,12
3183,2018,0,2
3184,2018,0,2
3185,2018,1,10
3186,2018,3,11
3187,2018,0,5
3188,2018,2,10
3189,2018,7,33
3190,2018,19,66
3191,2018,102,309
3192,2018,111,597
3193,2018,16,62
3194,2018,1,9
3195,2018,5,30
3196,2018,189,308
3197,2018,7,24
3198,2018,2,5
3199,2018,1,8
3200,2018,4,27
3201,2018,0,20
3202,2018,1,7
3203,2018,2,30
3205,2018,0,3
3206,2018,2,37
3207,2018,1,14
3210,2018,10,26
3212,2018,1,2
3213,2018,1,9
3214,2018,2,9
3215,2018,1,19
3216,2018,1,16
3217,2018,9,62
3221,2018,12,42
3223,2018,10,39
3224,2018,3,14
3225,2018,0,6
3226,2018,4,29
3227,2018,10,25
3228,2018,114,478
3229,2018,38,103
3230,2018,4,18
3231,2018,1,4
3232,2018,5,7
3233,2018,40,137
3234,2018,16,421
3235,2018,13,85
3236,2018,0,28
3238,2018,0,17
3242,2018,0,2
3243,2018,0,4
3245,2018,0,1
3247,2018,9,51
3248,2018,3,17
3249,2018,10,39
3250,2018,20,113
3251,2018,0,34
3252,2018,1,39
3253,2018,0,39
3254,2018,3,13
3256,2018,2,8
3258,2018,1,6
3259,2018,2,7
3260,2018,1,48
3261,2018,9,29
3262,2018,1,3
3263,2018,0,1
3264,2018,0,1
3265,2018,1,3
3266,2018,11,36
3267,2018,1,34
3275,2018,5,25
3276,2018,9,45
3277,2018,13,99
3278,2018,13,59
3279,2018,2,37
3281,2018,0,5
3283,2018,1,3
3284,2018,5,10
3285,2018,0,1
3286,2018,0,5
3287,2018,4,8
3288,2018,7,22
3289,2018,1,5
3290,2018,1,7
3291,2018,2,10
3292,2018,17,173
3293,2018,15,693
3294,2018,7,102
3295,2018,3,17
3296,2018,13,15
3297,2018,0,20
3298,2018,0,1
3300,2018,0,1
3301,2018,0,2
3302,2018,5,13
3303,2018,2,5
3304,2018,4,5
3305,2018,28,80
3306,2018,1,7
3309,2018,10,51
3311,2018,3,20
3313,2018,1,21
3314,2018,0,7
3317,2018,0,1
3318,2018,1,4
3319,2018,8,24
3320,2018,26,224
3321,2018,6,27
3322,2018,2,28
3323,2018,3,22
3324,2018,2,3
3325,2018,0,1
3326,2018,0,10
3327,2018,1,49
3328,2018,7,18
3330,2018,0,1
3331,2018,2,10
3332,2018,7,25
3333,2018,0,9
3334,2018,3,73
3335,2018,5,41
3336,2018,0,1
3337,2018,2,14
3338,2018,0,71
3339,2018,6,41
3340,2018,0,1
3341,2018,2,4
3342,2018,1,2
3343,2018,1,3
3344,2018,1,27
3345,2018,0,3
3346,2018,5,29
3348,2018,1,11
3349,2018,0,3
3350,2018,2,22
3351,2018,5,12
3354,2018,9,28
3355,2018,0,8
3356,2018,5,162
3357,2018,1,91
3358,2018,2,52
3359,2018,0,25
3361,2018,0,3
8,2019,1,35
15,2019,0,13
16,2019,0,14
17,2019,0,14
18,2019,0,7
19,2019,1,11
20,2019,0,10
27,2019,0,10
28,2019,0,3
29,2019,0,1
30,2019,0,2
31,2019,1,2
32,2019,0,8
33,2019,3,5
34,2019,0,2
35,2019,1,6
36,2019,0,12
37,2019,1,46
48,2019,0,2
49,2019,2,13
50,2019,0,5
51,2019,4,14
52,2019,0,1
54,2019,6,20
55,2019,15,379
59,2019,0,2
60,2019,0,1
63,2019,0,2
64,2019,0,3
65,2019,1,2
76,2019,0,1
77,2019,7,179
78,2019,4,10
79,2019,0,2
82,2019,4,23
83,2019,1,21
84,2019,0,1
92,2019,0,13
93,2019,0,4
99,2019,0,1
100,2019,0,3
101,2019,1,5
102,2019,0,1
103,2019,1,8
115,2019,0,12
116,2019,4,17
117,2019,0,1
118,2019,1,3
119,2019,14,36
120,2019,2,9
123,2019,0,1
137,2019,0,1
138,2019,0,2
139,2019,0,1
144,2019,0,3
146,2019,0,1
147,2019,0,1
148,2019,0,1
149,2019,1,1
150,2019,0,2
152,2019,0,3
153,2019,0,2
154,2019,0,2
157,2019,0,54
164,2019,0,5
165,2019,0,5
166,2019,6,64
167,2019,1,4
168,2019,0,2
169,2019,0,1
170,2019,1,34
171,2019,2,26
172,2019,0,1
173,2019,0,2
175,2019,0,2
188,2019,1,5
190,2019,0,2
191,2019,0,2
195,2019,0,1
197,2019,1,5
198,2019,0,2
201,2019,1,3
202,2019,2,16
203,2019,1,12
206,2019,9,52
207,2019,0,1
208,2019,0,2
209,2019,0,4
212,2019,0,5
216,2019,0,433
223,2019,3,7
225,2019,0,27
226,2019,1,3
229,2019,3,30
230,2019,9,50
233,2019,0,2
239,2019,0,5
247,2019,0,2
249,2019,1,1
252,2019,1,2
253,2019,0,2
255,2019,1,8
256,2019,0,3
262,2019,0,3
263,2019,14,59
264,2019,0,14
265,2019,0,16
266,2019,4,39
267,2019,7,48
269,2019,0,6
270,2019,2,3
271,2019,2,9
272,2019,1,3
273,2019,1,8
274,2019,2,9
275,2019,18,48
287,2019,1,14
288,2019,1,3
289,2019,1,2
290,2019,1,2
291,2019,0,2
292,2019,5,26
293,2019,0,3
294,2019,1,1
295,2019,0,7
296,2019,0,7
298,2019,0,1
300,2019,0,2
309,2019,0,22
311,2019,0,2
312,2019,2,9
319,2019,0,2
320,2019,1,9
321,2019,2,6
322,2019,4,31
324,2019,0,6
325,2019,0,5
326,2019,15,23
327,2019,15,151
328,2019,1,7
332,2019,0,5
333,2019,0,4
334,2019,0,3
335,2019,0,2
336,2019,2,24
337,2019,6,24
338,2019,3,13
339,2019,2,16
351,2019,0,18
353,2019,0,2
356,2019,0,7
358,2019,0,4
361,2019,0,1
362,2019,0,1
363,2019,1,1
372,2019,1,23
373,2019,1,98
374,2019,0,5
375,2019,0,1
376,2019,0,2
377,2019,1,5
378,2019,0,3
380,2019,1,11
383,2019,0,5
385,2019,2,42
386,2019,3,9
387,2019,0,3
388,2019,1,12
389,2019,2,45
390,2019,1,15
391,2019,3,24
392,2019,0,5
394,2019,0,7
395,2019,0,5
396,2019,2,13
397,2019,0,4
398,2019,0,5
400,2019,0,15
401,2019,2,96
402,2019,2,33
403,2019,8,38
404,2019,1,24
405,2019,0,9
406,2019,0,4
407,2019,0,16
408,2019,19,78
409,2019,20,87
410,2019,10,53
425,2019,1,6
426,2019,0,1
428,2019,0,2
429,2019,0,6
430,2019,0,3
432,2019,1,9
433,2019,14,65
434,2019,0,1
435,2019,0,7
444,2019,0,3
448,2019,1,4
449,2019,5,35
453,2019,2,4
455,2019,17,81
456,2019,0,8
458,2019,0,4
459,2019,3,16
460,2019,3,13
461,2019,4,18
462,2019,14,78
463,2019,0,8
464,2019,0,3
465,2019,1,2
466,2019,0,3
467,2019,1,4
468,2019,0,4
469,2019,12,57
470,2019,0,2
471,2019,1,9
472,2019,0,5
473,2019,0,13
474,2019,7,14
475,2019,3,42
476,2019,8,37
478,2019,2,17
479,2019,15,128
480,2019,10,71
481,2019,4,23
482,2019,1,42
483,2019,1,6
484,2019,9,35
485,2019,10,68
501,2019,0,15
506,2019,4,16
507,2019,0,1
508,2019,0,9
509,2019,3,16
510,2019,0,2
512,2019,1,6
513,2019,5,19
520,2019,0,1
521,2019,1,2
531,2019,0,1
532,2019,0,5
533,2019,0,5
535,2019,6,24
536,2019,0,1
537,2019,5,16
538,2019,0,5
539,2019,1,3
540,2019,1,9
541,2019,0,1
542,2019,4,13
543,2019,0,2
544,2019,2,7
545,2019,0,1
546,2019,0,1
547,2019,0,1
548,2019,8,13
549,2019,0,4
550,2019,0,12
551,2019,2,2
552,2019,1,27
553,2019,0,34
554,2019,5,17
555,2019,11,32
556,2019,72,504
557,2019,31,159
558,2019,3,42
559,2019,1,20
560,2019,4,19
561,2019,10,86
562,2019,1,9
577,2019,0,5
580,2019,0,1
581,2019,0,1
585,2019,0,10
586,2019,1,443
587,2019,0,203
588,2019,0,35
607,2019,1,2
609,2019,1,4
610,2019,1,5
611,2019,0,1
612,2019,0,9
613,2019,2,3
614,2019,5,19
615,2019,4,13
616,2019,0,2
619,2019,4,15
620,2019,0,1
621,2019,0,1
622,2019,0,2
623,2019,1,6
625,2019,0,4
626,2019,4,21
627,2019,0,6
628,2019,1,4
629,2019,5,26
630,2019,32,193
631,2019,2,17
632,2019,1,8
633,2019,1,15
634,2019,2,13
635,2019,12,93
636,2019,24,130
637,2019,35,183
638,2019,7,21
639,2019,2,27
640,2019,5,33
662,2019,0,12
663,2019,1,69
664,2019,0,370
666,2019,0,10
668,2019,0,7
669,2019,0,4
670,2019,0,2
686,2019,1,3
687,2019,0,2
688,2019,2,4
689,2019,3,8
690,2019,6,27
691,2019,63,265
692,2019,13,86
693,2019,2,6
694,2019,1,4
696,2019,0,2
697,2019,1,3
698,2019,1,3
699,2019,2,5
700,2019,0,1
701,2019,5,23
703,2019,6,17
704,2019,4,17
705,2019,15,28
706,2019,0,1
707,2019,0,2
708,2019,5,9
709,2019,1,4
710,2019,2,7
711,2019,5,7
712,2019,8,16
713,2019,3,28
714,2019,9,83
715,2019,5,61
716,2019,3,26
717,2019,14,131
718,2019,3,24
739,2019,1,7
740,2019,2,25
741,2019,0,6
742,2019,0,54
747,2019,0,3
748,2019,0,8
751,2019,5,40
753,2019,0,2
759,2019,0,1
765,2019,4,9
766,2019,1,3
767,2019,0,1
768,2019,1,3
769,2019,87,652
770,2019,61,232
771,2019,1,2
772,2019,5,9
773,2019,1,2
774,2019,0,1
775,2019,5,26
776,2019,2,3
777,2019,1,5
778,2019,7,34
779,2019,0,2
780,2019,1,2
781,2019,2,22
782,2019,1,3
783,2019,0,4
784,2019,1,3
785,2019,4,13
787,2019,2,10
788,2019,0,8
789,2019,3,7
790,2019,1,2
791,2019,2,4
792,2019,5,26
793,2019,3,107
794,2019,20,118
795,2019,17,93
796,2019,125,2233
797,2019,21,111
819,2019,1,7
820,2019,5,305
821,2019,0,123
822,2019,0,2
831,2019,0,7
832,2019,2,21
837,2019,0,1
843,2019,1,8
844,2019,1,1
846,2019,7,24
847,2019,2,8
848,2019,7,22
849,2019,2,33
850,2019,1,9
851,2019,1,1
852,2019,0,1
853,2019,0,7
854,2019,3,13
855,2019,1,17
856,2019,10,48
857,2019,4,12
858,2019,0,1
859,2019,2,10
860,2019,0,1
861,2019,1,2
862,2019,4,10
863,2019,0,1
864,2019,2,5
865,2019,0,1
867,2019,1,40
868,2019,1,4
869,2019,4,23
870,2019,21,142
871,2019,6,126
872,2019,36,121
873,2019,5,16
874,2019,2,7
875,2019,4,15
876,2019,38,126
877,2019,2,33
878,2019,19,193
879,2019,13,89
880,2019,68,503
881,2019,46,216
882,2019,14,177
883,2019,0,26
904,2019,0,24
906,2019,0,1
911,2019,0,1
919,2019,8,153
921,2019,0,113
922,2019,0,9
929,2019,0,1
930,2019,0,3
932,2019,3,14
933,2019,0,1
934,2019,2,18
935,2019,0,4
936,2019,2,3
937,2019,12,24
938,2019,2,25
939,2019,0,7
940,2019,3,6
941,2019,3,18
942,2019,1,6
943,2019,0,4
944,2019,0,9
945,2019,3,6
946,2019,0,1
947,2019,2,5
948,2019,15,84
949,2019,5,29
950,2019,0,3
951,2019,0,3
952,2019,0,7
953,2019,16,134
954,2019,32,83
955,2019,4,17
956,2019,3,12
957,2019,4,26
958,2019,20,192
959,2019,0,2
960,2019,0,4
961,2019,0,5
962,2019,16,56
963,2019,9,68
964,2019,16,117
965,2019,27,70
966,2019,17,105
967,2019,13,71
968,2019,6,64
969,2019,9,26
996,2019,0,9
1005,2019,0,12
1013,2019,0,3
1014,2019,0,1
1015,2019,1,3
1016,2019,2,14
1018,2019,1,4
1019,2019,0,1
1021,2019,0,1
1023,2019,0,1
1024,2019,0,2
1025,2019,0,2
1026,2019,2,3
1027,2019,5,28
1028,2019,3,18
1029,2019,7,24
1030,2019,20,65
1032,2019,19,54
1033,2019,10,41
1034,2019,3,13
1035,2019,3,16
1036,2019,1,12
1037,2019,6,26
1038,2019,0,19
1039,2019,3,11
1040,2019,3,7
1041,2019,1,8
1042,2019,1,2
1043,2019,2,7
1044,2019,0,5
1045,2019,3,56
1046,2019,1,6
1047,2019,0,7
1048,2019,36,133
1049,2019,19,71
1050,2019,31,132
1051,2019,7,57
1052,2019,6,26
1079,2019,0,4
1083,2019,0,5
1087,2019,0,1
1089,2019,1,31
1091,2019,0,1
1093,2019,0,3
1096,2019,0,2
1099,2019,1,3
1105,2019,6,7
1106,2019,0,3
1108,2019,1,5
1109,2019,1,1
1110,2019,1,15
1111,2019,17,187
1112,2019,10,40
1113,2019,10,82
1114,2019,9,25
1115,2019,269,373
1116,2019,5,12
1117,2019,22,79
1118,2019,49,191
1119,2019,78,341
1120,2019,0,12
1122,2019,4,37
1123,2019,2,21
1124,2019,10,29
1125,2019,1,6
1126,2019,1,9
1127,2019,1,7
1128,2019,2,4
1129,2019,11,26
1130,2019,14,35
1131,2019,33,59
1132,2019,27,105
1133,2019,53,250
1134,2019,31,89
1160,2019,0,5
1169,2019,0,1
1171,2019,1,6
1172,2019,0,3
1176,2019,0,1
1177,2019,0,2
1181,2019,0,1
1183,2019,3,3
1184,2019,0,2
1186,2019,1,1
1188,2019,0,1
1189,2019,2,3
1190,2019,4,26
1193,2019,5,13
1194,2019,0,2
1195,2019,1,18
1196,2019,16,65
1197,2019,22,90
1198,2019,1,7
1199,2019,31,108
1200,2019,6,13
1201,2019,4,14
1202,2019,16,135
1203,2019,5,38
1204,2019,6,38
1205,2019,2,11
1206,2019,3,51
1207,2019,10,30
1208,2019,1,6
1209,2019,3,18
1210,2019,3,13
1211,2019,7,16
1212,2019,4,34
1213,2019,6,31
1214,2019,28,79
1215,2019,17,76
1216,2019,169,850
1217,2019,41,1254
1252,2019,0,2
1253,2019,0,7
1254,2019,0,1
1257,2019,1,1
1264,2019,0,1
1269,2019,1,5
1270,2019,6,32
1271,2019,2,5
1272,2019,1,1
1273,2019,4,15
1274,2019,0,1
1275,2019,0,1
1276,2019,0,1
1277,2019,7,45
1278,2019,3,52
1279,2019,88,368
1280,2019,71,974
1281,2019,2,17
1282,2019,4,36
1283,2019,2,8
1284,2019,2,12
1285,2019,5,17
1286,2019,12,76
1287,2019,7,55
1288,2019,2,46
1289,2019,32,222
1290,2019,83,441
1291,2019,8,22
1292,2019,16,52
1293,2019,11,35
1294,2019,3,7
1295,2019,1,3
1296,2019,10,320
1297,2019,0,6
1298,2019,3,13
1299,2019,1,18
1300,2019,19,67
1301,2019,38,97
1302,2019,147,558
1303,2019,9,36
1333,2019,0,3
1334,2019,0,37
1335,2019,0,47
1338,2019,1,31
1339,2019,0,1
1351,2019,3,7
1352,2019,1,1
1355,2019,13,43
1356,2019,1,11
1357,2019,0,3
1358,2019,7,36
1359,2019,3,4
1360,2019,4,15
1361,2019,1,2
1362,2019,1,4
1363,2019,3,36
1364,2019,28,106
1365,2019,31,84
1366,2019,0,23
1367,2019,4,15
1368,2019,1,7
1369,2019,4,21
1370,2019,1,7
1371,2019,5,13
1372,2019,1,21
1373,2019,0,1
1374,2019,16,72
1375,2019,56,268
1376,2019,23,77
1377,2019,9,44
1378,2019,25,109
1379,2019,3,25
1380,2019,3,10
1381,2019,5,37
1382,2019,2,7
1383,2019,7,41
1384,2019,8,39
1385,2019,36,119
1386,2019,171,776
1387,2019,6,26
1388,2019,3,30
1418,2019,2,16
1420,2019,0,22
1421,2019,0,3
1425,2019,0,1
1426,2019,0,2
1427,2019,0,3
1433,2019,0,1
1434,2019,1,3
1435,2019,19,129
1438,2019,8,39
1439,2019,4,6
1440,2019,1,7
1443,2019,0,5
1444,2019,2,2
1445,2019,0,2
1446,2019,0,4
1447,2019,2,9
1448,2019,8,22
1449,2019,3,64
1450,2019,1,1
1451,2019,0,2
1452,2019,0,6
1453,2019,7,23
1454,2019,0,2
1455,2019,1,7
1456,2019,4,13
1457,2019,1,6
1458,2019,11,48
1459,2019,4,16
1460,2019,1,1
1461,2019,63,113
1462,2019,155,369
1463,2019,8,43
1464,2019,5,11
1465,2019,3,7
1466,2019,10,28
1467,2019,8,35
1468,2019,10,36
1469,2019,22,111
1470,2019,13,46
1471,2019,3,27
1472,2019,0,5
1504,2019,8,156
1505,2019,0,18
1508,2019,0,1
1511,2019,1,1
1514,2019,1,7
1515,2019,0,1
1517,2019,0,1
1518,2019,1,74
1519,2019,1,7
1521,2019,0,1
1523,2019,1,2
1526,2019,1,2
1527,2019,2,4
1528,2019,0,6
1529,2019,2,8
1530,2019,7,16
1531,2019,2,29
1532,2019,0,4
1534,2019,5,37
1535,2019,0,2
1536,2019,0,15
1537,2019,0,4
1538,2019,1,5
1539,2019,9,18
1540,2019,4,8
1541,2019,51,210
1542,2019,7,36
1543,2019,2,9
1544,2019,0,1
1545,2019,13,41
1546,2019,1,13
1547,2019,4,19
1548,2019,7,26
1549,2019,2,16
1550,2019,22,71
1551,2019,33,112
1552,2019,142,428
1553,2019,8,26
1554,2019,8,34
1555,2019,2,64
1584,2019,0,5
1586,2019,3,349
1587,2019,6,195
1588,2019,0,2
1592,2019,1,1
1598,2019,0,1
1601,2019,0,5
1607,2019,1,1
1608,2019,1,9
1610,2019,1,2
1611,2019,2,2
1612,2019,1,10
1613,2019,1,3
1614,2019,2,7
1615,2019,27,106
1616,2019,5,19
1617,2019,0,1
1618,2019,3,26
1619,2019,15,125
1620,2019,2,7
1621,2019,0,11
1622,2019,20,56
1623,2019,4,22
1624,2019,8,92
1625,2019,10,33
1626,2019,3,34
1627,2019,4,9
1628,2019,0,1
1629,2019,2,9
1630,2019,12,28
1631,2019,1,11
1632,2019,8,29
1633,2019,37,88
1634,2019,651,1802
1635,2019,99,275
1636,2019,8,27
1637,2019,3,12
1638,2019,5,23
1668,2019,0,86
1669,2019,1,248
1670,2019,35,435
1676,2019,0,1
1678,2019,0,2
1686,2019,1,3
1691,2019,1,2
1692,2019,1,3
1693,2019,1,6
1696,2019,6,35
1697,2019,1,8
1698,2019,1,4
1699,2019,2,3
1700,2019,4,98
1701,2019,4,19
1702,2019,4,99
1703,2019,1,5
1704,2019,13,36
1705,2019,13,57
1706,2019,1,3
1707,2019,5,9
1708,2019,4,11
1709,2019,15,83
1710,2019,1,7
1711,2019,3,5
1712,2019,3,10
1713,2019,6,19
1714,2019,2,9
1715,2019,32,79
1716,2019,8,50
1717,2019,96,385
1718,2019,14,57
1719,2019,6,54
1720,2019,6,16
1721,2019,4,49
1752,2019,0,50
1755,2019,0,2
1758,2019,0,1
1760,2019,0,4
1761,2019,3,6
1765,2019,0,7
1766,2019,1,1
1768,2019,0,2
1769,2019,6,13
1772,2019,1,2
1777,2019,0,2
1779,2019,0,2
1780,2019,1,17
1781,2019,2,6
1782,2019,0,8
1783,2019,19,64
1784,2019,1,12
1785,2019,0,4
1786,2019,22,42
1787,2019,22,85
1789,2019,0,8
1790,2019,1,1
1791,2019,0,1
1793,2019,4,10
1794,2019,1,2
1795,2019,6,16
1796,2019,2,15
1797,2019,6,27
1798,2019,22,41
1799,2019,7,34
1800,2019,38,209
1801,2019,2,21
1802,2019,0,1
1803,2019,2,43
1834,2019,11,343
1837,2019,0,1
1841,2019,0,1
1843,2019,0,2
1847,2019,1,7
1848,2019,13,45
1849,2019,1,3
1850,2019,9,57
1851,2019,3,28
1852,2019,3,9
1853,2019,0,3
1854,2019,1,3
1855,2019,37,103
1856,2019,3,9
1857,2019,1,3
1858,2019,5,29
1859,2019,25,61
1860,2019,1,4
1861,2019,0,7
1863,2019,1,4
1864,2019,2,2
1865,2019,0,1
1866,2019,0,1
1867,2019,4,12
1868,2019,2,4
1869,2019,2,7
1870,2019,1,2
1871,2019,0,1
1872,2019,2,9
1873,2019,1,3
1874,2019,5,7
1875,2019,1,1
1876,2019,0,2
1877,2019,1,5
1878,2019,11,26
1879,2019,10,46
1880,2019,5,15
1881,2019,23,146
1882,2019,4,11
1883,2019,0,11
1914,2019,1,7
1915,2019,1,38
1922,2019,0,1
1925,2019,0,4
1928,2019,1,1
1931,2019,0,1
1932,2019,2,8
1933,2019,0,1
1934,2019,2,6
1935,2019,1,1
1936,2019,12,34
1937,2019,2,32
1938,2019,1,3
1939,2019,37,78
1940,2019,27,220
1941,2019,1,9
1942,2019,2,5
1943,2019,1,1
1944,2019,0,1
1946,2019,2,5
1947,2019,1,2
1948,2019,30,88
1949,2019,0,3
1950,2019,5,27
1951,2019,1,1
1952,2019,1,5
1953,2019,0,1
1955,2019,1,1
1956,2019,11,19
1957,2019,4,13
1958,2019,3,5
1959,2019,3,20
1960,2019,1,8
1961,2019,14,90
1962,2019,10,64
1963,2019,2,6
1964,2019,33,216
1965,2019,3,35
1994,2019,0,12
1996,2019,0,1
1998,2019,0,1
2000,2019,0,1
2002,2019,1,1
2006,2019,0,1
2007,2019,1,6
2008,2019,5,24
2009,2019,2,5
2011,2019,0,2
2012,2019,0,1
2014,2019,0,1
2015,2019,2,11
2016,2019,0,3
2017,2019,4,12
2018,2019,0,2
2019,2019,1,7
2020,2019,1,2
2021,2019,0,2
2022,2019,5,8
2023,2019,1,5
2024,2019,0,2
2025,2019,2,8
2026,2019,0,7
2027,2019,1,5
2028,2019,0,3
2029,2019,0,10
2030,2019,0,1
2031,2019,3,27
2032,2019,1,12
2033,2019,0,1
2034,2019,0,1
2035,2019,0,2
2036,2019,0,1
2037,2019,0,2
2038,2019,20,94
2039,2019,5,22
2040,2019,2,7
2041,2019,1,5
2042,2019,2,5
2043,2019,1,3
2044,2019,2,7
2045,2019,5,19
2046,2019,4,44
2084,2019,0,11
2086,2019,0,1
2088,2019,1,7
2089,2019,3,24
2090,2019,0,1
2093,2019,0,2
2094,2019,1,5
2095,2019,0,2
2096,2019,3,9
2097,2019,1,2
2098,2019,2,6
2100,2019,0,2
2101,2019,0,2
2102,2019,0,27
2103,2019,11,45
2104,2019,0,3
2105,2019,0,1
2106,2019,1,4
2107,2019,1,3
2108,2019,16,25
2109,2019,0,3
2110,2019,2,5
2112,2019,2,12
2113,2019,1,1
2114,2019,2,2
2115,2019,7,9
2116,2019,10,38
2117,2019,3,13
2118,2019,0,1
2119,2019,5,23
2120,2019,1,2
2121,2019,3,3
2122,2019,6,15
2124,2019,0,2
2125,2019,0,1
2126,2019,0,5
2127,2019,1,39
2160,2019,0,4
2162,2019,1,10
2169,2019,0,5
2170,2019,9,48
2171,2019,0,1
2174,2019,0,2
2176,2019,0,1
2177,2019,4,25
2179,2019,0,3
2180,2019,0,4
2182,2019,1,3
2183,2019,1,8
2184,2019,2,16
2185,2019,0,6
2186,2019,0,7
2187,2019,0,1
2188,2019,0,1
2189,2019,4,18
2191,2019,3,5
2192,2019,2,2
2193,2019,0,3
2194,2019,3,3
2195,2019,2,3
2196,2019,23,65
2197,2019,3,16
2198,2019,3,16
2199,2019,10,18
2200,2019,5,25
2201,2019,11,48
2202,2019,55,188
2203,2019,51,142
2204,2019,4,15
2205,2019,10,103
2206,2019,0,6
2207,2019,0,10
2208,2019,2,14
2238,2019,0,28
2239,2019,0,5
2240,2019,0,6
2241,2019,0,2
2242,2019,0,2
2243,2019,0,1
2244,2019,0,1
2248,2019,1,1
2250,2019,1,3
2253,2019,1,13
2254,2019,3,7
2255,2019,0,1
2256,2019,0,1
2257,2019,2,8
2258,2019,0,1
2259,2019,2,8
2260,2019,0,1
2261,2019,1,1
2262,2019,1,4
2263,2019,3,4
2264,2019,3,5
2266,2019,0,1
2267,2019,1,3
2268,2019,2,10
2269,2019,10,53
2270,2019,7,13
2271,2019,11,35
2272,2019,0,3
2273,2019,1,2
2274,2019,1,18
2275,2019,0,10
2276,2019,6,14
2277,2019,1,3
2278,2019,9,27
2279,2019,48,103
2280,2019,10,38
2281,2019,2,8
2282,2019,5,41
2283,2019,3,33
2284,2019,58,150
2285,2019,29,220
2286,2019,1,11
2287,2019,3,15
2288,2019,3,5
2289,2019,0,1
2290,2019,1,5
2307,2019,0,21
2308,2019,0,62
2319,2019,0,8
2324,2019,0,4
2330,2019,0,14
2332,2019,0,1
2333,2019,0,2
2334,2019,1,2
2336,2019,12,37
2337,2019,6,21
2338,2019,2,4
2339,2019,8,22
2340,2019,1,12
2341,2019,0,5
2342,2019,4,13
2343,2019,0,6
2344,2019,0,2
2346,2019,7,20
2347,2019,0,1
2348,2019,0,6
2349,2019,1,1
2350,2019,1,7
2351,2019,0,5
2352,2019,27,147
2353,2019,36,70
2354,2019,4,9
2355,2019,3,12
2356,2019,0,7
2357,2019,5,38
2358,2019,51,175
2359,2019,7,27
2360,2019,13,119
2361,2019,0,14
2362,2019,1,6
2363,2019,15,151
2364,2019,75,178
2365,2019,1,4
2366,2019,0,6
2367,2019,0,4
2368,2019,0,5
2369,2019,0,1
2370,2019,5,21
2371,2019,1,18
2385,2019,0,38
2386,2019,1,38
2397,2019,0,5
2398,2019,0,1
2403,2019,0,1
2407,2019,0,2
2409,2019,0,1
2411,2019,1,3
2412,2019,7,45
2413,2019,2,7
2414,2019,3,79
2415,2019,8,18
2416,2019,0,3
2417,2019,4,36
2418,2019,0,2
2419,2019,2,3
2420,2019,2,5
2421,2019,1,122
2422,2019,1,4
2423,2019,2,9
2424,2019,2,5
2425,2019,0,2
2426,2019,1,2
2427,2019,27,64
2428,2019,1,2
2430,2019,4,26
2431,2019,7,15
2432,2019,8,18
2433,2019,6,19
2434,2019,4,14
2435,2019,2,6
2436,2019,0,7
2437,2019,2,31
2438,2019,13,56
2439,2019,2,10
2440,2019,1,41
2441,2019,16,73
2442,2019,13,35
2443,2019,2,9
2444,2019,0,4
2445,2019,0,2
2446,2019,0,1
2447,2019,1,4
2448,2019,0,4
2461,2019,0,24
2462,2019,2,19
2463,2019,2,13
2464,2019,0,13
2480,2019,0,10
2481,2019,1,11
2482,2019,0,2
2485,2019,0,2
2486,2019,0,1
2487,2019,0,1
2488,2019,16,59
2489,2019,3,9
2492,2019,2,4
2493,2019,2,4
2494,2019,3,14
2495,2019,0,4
2496,2019,5,22
2497,2019,0,3
2498,2019,1,2
2499,2019,1,1
2501,2019,0,2
2502,2019,9,39
2503,2019,0,1
2504,2019,1,1
2505,2019,1,4
2506,2019,7,13
2507,2019,2,5
2508,2019,29,38
2509,2019,3,12
2510,2019,49,156
2511,2019,16,136
2512,2019,4,6
2513,2019,1,6
2514,2019,1,11
2515,2019,4,43
2516,2019,3,32
2517,2019,0,1
2520,2019,0,6
2521,2019,0,1
2522,2019,0,2
2524,2019,1,16
2537,2019,1,17
2538,2019,4,15
2539,2019,0,9
2555,2019,2,10
2556,2019,7,21
2558,2019,2,2
2559,2019,0,3
2560,2019,2,3
2563,2019,0,30
2564,2019,7,11
2565,2019,1,2
2566,2019,1,1
2568,2019,0,1
2569,2019,1,3
2570,2019,1,1
2571,2019,1,14
2572,2019,6,35
2573,2019,4,7
2574,2019,0,2
2575,2019,0,5
2577,2019,14,37
2578,2019,0,3
2579,2019,1,2
2580,2019,0,1
2581,2019,4,16
2582,2019,8,32
2583,2019,32,168
2584,2019,3,23
2585,2019,2,13
2586,2019,1,7
2587,2019,7,41
2588,2019,4,22
2589,2019,2,3
2590,2019,3,6
2591,2019,0,2
2592,2019,5,21
2593,2019,7,36
2594,2019,3,286
2595,2019,2,16
2596,2019,0,1
2597,2019,5,32
2598,2019,3,13
2610,2019,1,12
2613,2019,0,16
2614,2019,0,7
2626,2019,0,1
2629,2019,0,35
2630,2019,0,3
2632,2019,0,1
2633,2019,2,65
2634,2019,2,4
2635,2019,1,2
2636,2019,0,5
2637,2019,0,1
2638,2019,0,1
2640,2019,1,1
2641,2019,1,2
2642,2019,0,4
2643,2019,1,5
2644,2019,3,9
2645,2019,1,18
2648,2019,1,4
2649,2019,0,1
2650,2019,9,19
2651,2019,0,1
2653,2019,0,1
2654,2019,1,8
2655,2019,2,12
2656,2019,30,39
2657,2019,0,5
2658,2019,7,15
2659,2019,44,182
2660,2019,40,105
2661,2019,25,95
2662,2019,1,1
2663,2019,0,3
2664,2019,0,7
2665,2019,0,3
2666,2019,14,46
2667,2019,0,2
2668,2019,0,2
2669,2019,0,23
2679,2019,0,32
2680,2019,1,2
2683,2019,0,5
2699,2019,7,25
2700,2019,3,17
2701,2019,0,2
2702,2019,0,9
2703,2019,0,2
2705,2019,0,3
2706,2019,2,8
2708,2019,2,3
2709,2019,1,5
2710,2019,0,1
2711,2019,1,4
2712,2019,3,6
2713,2019,1,14
2714,2019,0,3
2716,2019,1,5
2717,2019,2,3
2718,2019,5,13
2722,2019,0,1
2723,2019,4,10
2724,2019,1,18
2725,2019,0,6
2726,2019,0,5
2727,2019,1,7
2728,2019,21,131
2729,2019,7,33
2730,2019,1,3
2731,2019,1,2
2732,2019,0,2
2733,2019,3,13
2736,2019,0,21
2737,2019,4,9
2745,2019,1,5
2746,2019,0,11
2747,2019,1,6
2748,2019,0,3
2750,2019,0,16
2751,2019,0,4
2752,2019,0,9
2755,2019,0,52
2758,2019,1,6
2762,2019,1,86
2763,2019,1,4
2764,2019,2,5
2767,2019,2,2
2768,2019,24,84
2769,2019,7,17
2770,2019,0,2
2771,2019,0,5
2772,2019,8,35
2773,2019,2,7
2776,2019,0,1
2778,2019,0,3
2781,2019,0,5
2782,2019,0,7
2783,2019,0,1
2784,2019,0,13
2785,2019,0,2
2786,2019,5,33
2787,2019,1,5
2788,2019,4,6
2789,2019,1,8
2790,2019,8,83
2791,2019,0,3
2792,2019,1,1
2793,2019,0,2
2794,2019,2,7
2795,2019,1,11
2796,2019,11,21
2797,2019,0,5
2798,2019,0,1
2799,2019,0,1
2800,2019,1,3
2801,2019,0,2
2802,2019,7,38
2803,2019,4,48
2806,2019,0,11
2808,2019,0,1
2809,2019,12,620
2810,2019,5,80
2811,2019,0,9
2814,2019,1,18
2815,2019,2,4
2816,2019,0,3
2819,2019,25,612
2827,2019,0,2
2829,2019,0,7
2831,2019,1,1
2832,2019,1,6
2833,2019,3,9
2834,2019,0,7
2835,2019,52,353
2836,2019,15,150
2837,2019,2,7
2838,2019,7,13
2839,2019,1,2
2840,2019,2,4
2842,2019,0,6
2843,2019,0,4
2844,2019,0,37
2845,2019,0,17
2848,2019,0,1
2849,2019,0,2
2850,2019,1,21
2852,2019,0,2
2853,2019,0,5
2854,2019,0,3
2855,2019,0,2
2856,2019,1,5
2857,2019,1,13
2858,2019,4,7
2859,2019,0,1
2860,2019,0,7
2861,2019,0,1
2862,2019,1,4
2863,2019,0,2
2864,2019,1,2
2865,2019,11,54
2866,2019,5,26
2869,2019,1,17
2870,2019,39,271
2871,2019,12,114
2872,2019,1,3
2873,2019,44,234
2888,2019,0,1
2889,2019,0,5
2890,2019,0,2
2891,2019,3,7
2892,2019,0,3
2893,2019,2,5
2894,2019,8,22
2895,2019,79,229
2896,2019,30,753
2897,2019,3,314
2898,2019,8,9
2899,2019,2,10
2900,2019,3,11
2901,2019,4,17
2902,2019,3,12
2905,2019,1,6
2906,2019,1,2
2907,2019,2,3
2909,2019,1,2
2913,2019,1,6
2914,2019,2,11
2915,2019,1,4
2916,2019,1,28
2917,2019,3,51
2918,2019,1,8
2919,2019,0,4
2921,2019,0,1
2923,2019,7,16
2924,2019,0,2
2925,2019,1,3
2926,2019,4,28
2927,2019,1,27
2928,2019,15,95
2929,2019,83,202
2930,2019,0,7
2931,2019,0,12
2932,2019,0,5
2944,2019,0,14
2945,2019,0,9
2946,2019,0,3
2947,2019,0,4
2948,2019,1,2
2949,2019,4,40
2950,2019,0,1
2952,2019,3,46
2953,2019,4,38
2954,2019,1,84
2955,2019,3,17
2956,2019,3,18
2957,2019,7,63
2958,2019,7,18
2959,2019,1,9
2960,2019,1,10
2961,2019,2,3
2962,2019,0,5
2963,2019,2,11
2964,2019,0,8
2965,2019,1,3
2966,2019,0,1
2967,2019,2,21
2968,2019,0,4
2969,2019,0,3
2970,2019,1,4
2972,2019,1,1
2973,2019,0,2
2974,2019,0,4
2975,2019,5,54
2976,2019,0,23
2977,2019,7,10
2978,2019,0,6
2979,2019,1,5
2980,2019,0,1
2981,2019,0,1
2983,2019,3,4
2984,2019,5,35
2985,2019,4,17
2986,2019,0,3
2987,2019,0,323
2995,2019,2,23
2996,2019,1,20
2997,2019,3,11
2998,2019,0,4
2999,2019,3,11
3000,2019,4,13
3001,2019,2,5
3002,2019,1,1
3003,2019,0,5
3004,2019,8,15
3005,2019,0,3
3006,2019,0,4
3007,2019,3,11
3008,2019,2,14
3009,2019,0,33
3010,2019,3,14
3011,2019,1,1
3012,2019,0,1
3015,2019,0,1
3016,2019,0,2
3017,2019,0,1
3019,2019,1,7
3020,2019,2,16
3021,2019,0,1
3022,2019,0,1
3024,2019,1,11
3025,2019,2,3
3026,2019,5,29
3027,2019,1,13
3028,2019,0,3
3029,2019,0,1
3032,2019,1,1
3033,2019,1,3
3034,2019,0,1
3035,2019,2,19
3043,2019,2,25
3044,2019,1,8
3045,2019,0,10
3046,2019,15,40
3047,2019,11,75
3048,2019,2,9
3050,2019,16,65
3051,2019,23,51
3052,2019,1,9
3053,2019,11,34
3054,2019,1,9
3055,2019,0,2
3056,2019,4,12
3057,2019,10,219
3058,2019,24,210
3059,2019,1,4
3061,2019,1,3
3062,2019,1,9
3063,2019,0,5
3064,2019,7,25
3065,2019,0,4
3066,2019,0,1
3067,2019,0,10
3068,2019,2,14
3069,2019,1,2
3070,2019,1,1
3071,2019,0,1
3073,2019,0,1
3074,2019,0,7
3075,2019,0,1
3076,2019,0,5
3077,2019,0,7
3078,2019,2,5
3079,2019,0,2
3081,2019,0,9
3082,2019,0,20
3083,2019,6,31
3086,2019,2,16
3087,2019,4,130
3090,2019,0,2
3091,2019,1,4
3092,2019,0,1
3093,2019,2,5
3095,2019,0,3
3096,2019,2,9
3097,2019,6,26
3098,2019,4,14
3099,2019,34,175
3100,2019,5,30
3101,2019,2,7
3102,2019,0,7
3103,2019,16,30
3104,2019,2,6
3105,2019,6,22
3106,2019,3,10
3107,2019,1,11
3108,2019,2,8
3109,2019,1,10
3110,2019,0,8
3111,2019,4,11
3113,2019,1,3
3114,2019,0,1
3115,2019,1,5
3116,2019,1,5
3117,2019,0,22
3118,2019,0,3
3119,2019,3,23
3120,2019,1,15
3121,2019,2,9
3123,2019,0,8
3124,2019,10,137
3125,2019,8,58
3126,2019,0,1
3127,2019,0,10
3128,2019,2,7
3129,2019,3,26
3130,2019,19,68
3133,2019,2,37
3134,2019,0,31
3137,2019,0,14
3139,2019,0,3
3140,2019,0,1
3141,2019,3,31
3142,2019,5,11
3143,2019,10,62
3144,2019,37,119
3145,2019,148,606
3146,2019,23,84
3147,2019,7,60
3148,2019,2,15
3149,2019,8,30
3150,2019,1,3
3151,2019,0,7
3152,2019,0,1
3153,2019,0,9
3155,2019,0,4
3156,2019,0,9
3157,2019,3,194
3158,2019,1,30
3159,2019,7,40
3160,2019,1,24
3161,2019,1,11
3162,2019,4,96
3163,2019,0,10
3164,2019,5,25
3165,2019,0,24
3166,2019,0,16
3167,2019,7,24
3168,2019,7,17
3169,2019,0,2
3170,2019,5,11
3171,2019,1,21
3173,2019,1,2
3174,2019,26,234
3175,2019,6,22
3176,2019,3,22
3177,2019,11,21
3179,2019,0,1
3180,2019,1,4
3183,2019,0,1
3184,2019,0,1
3185,2019,3,14
3186,2019,1,5
3187,2019,2,30
3188,2019,10,37
3189,2019,19,59
3190,2019,30,133
3191,2019,171,492
3192,2019,94,740
3193,2019,15,45
3194,2019,7,19
3195,2019,8,72
3196,2019,164,329
3197,2019,2,38
3198,2019,1,4
3199,2019,0,4
3200,2019,2,27
3201,2019,1,29
3202,2019,2,24
3203,2019,3,42
3205,2019,1,5
3206,2019,2,53
3207,2019,0,17
3209,2019,1,1
3210,2019,1,11
3211,2019,0,1
3213,2019,6,15
3214,2019,0,6
3215,2019,2,21
3216,2019,4,17
3217,2019,3,89
3221,2019,26,67
3223,2019,8,59
3224,2019,0,10
3225,2019,1,10
3226,2019,12,59
3227,2019,8,31
3228,2019,202,896
3229,2019,67,184
3230,2019,17,58
3231,2019,3,8
3232,2019,5,12
3233,2019,65,193
3234,2019,12,733
3235,2019,44,183
3236,2019,1,42
3238,2019,1,29
3240,2019,0,1
3242,2019,0,1
3243,2019,0,3
3244,2019,0,2
3245,2019,0,1
3246,2019,0,1
3247,2019,3,32
3248,2019,4,28
3249,2019,21,92
3250,2019,25,149
3251,2019,0,65
3252,2019,0,92
3253,2019,0,24
3254,2019,2,43
3256,2019,3,11
3257,2019,0,6
3258,2019,0,15
3259,2019,2,16
3260,2019,1,70
3261,2019,13,25
3262,2019,1,4
3263,2019,1,9
3264,2019,0,9
3265,2019,2,12
3266,2019,11,69
3267,2019,0,53
3275,2019,15,54
3276,2019,13,52
3277,2019,7,156
3278,2019,14,89
3279,2019,10,65
3281,2019,1,3
3283,2019,0,1
3284,2019,3,6
3285,2019,1,5
3286,2019,2,9
3287,2019,1,10
3288,2019,5,11
3289,2019,10,38
3290,2019,5,13
3291,2019,9,42
3292,2019,25,246
3293,2019,11,801
3294,2019,4,183
3295,2019,7,38
3296,2019,18,31
3297,2019,0,44
3298,2019,0,4
3299,2019,1,1
3300,2019,0,4
3301,2019,1,3
3302,2019,9,32
3303,2019,2,15
3304,2019,11,20
3305,2019,41,104
3306,2019,1,5
3309,2019,19,113
3310,2019,0,1
3311,2019,6,31
3312,2019,0,4
3313,2019,6,46
3314,2019,3,11
3315,2019,1,1
3316,2019,8,13
3317,2019,0,1
3319,2019,14,61
3320,2019,21,168
3321,2019,9,57
3322,2019,2,40
3323,2019,3,28
3324,2019,3,9
3325,2019,1,4
3326,2019,0,19
3327,2019,1,74
3328,2019,48,172
3329,2019,0,1
3330,2019,0,2
3331,2019,3,28
3332,2019,23,67
3333,2019,2,9
3334,2019,1,182
3335,2019,6,82
3336,2019,1,5
3337,2019,1,14
3338,2019,0,110
3339,2019,0,1
3340,2019,1,4
3341,2019,1,5
3342,2019,0,1
3343,2019,1,1
3344,2019,7,44
3345,2019,0,6
3346,2019,2,24
3348,2019,1,19
3349,2019,0,7
3350,2019,5,23
3351,2019,4,4
3354,2019,9,27
3355,2019,0,20
3356,2019,0,115
3357,2019,0,126
3358,2019,4,88
3359,2019,2,18
3361,2019,0,10
8,2020,1,49
15,2020,1,15
16,2020,0,37
17,2020,2,25
18,2020,2,6
19,2020,0,12
20,2020,0,9
27,2020,0,19
28,2020,0,3
30,2020,1,4
31,2020,0,4
32,2020,0,20
33,2020,0,8
34,2020,1,2
36,2020,1,12
37,2020,4,64
48,2020,0,6
49,2020,0,27
50,2020,0,5
51,2020,6,14
53,2020,1,2
54,2020,2,17
55,2020,3,206
59,2020,0,1
60,2020,0,4
63,2020,0,2
64,2020,0,4
65,2020,1,5
76,2020,0,5
77,2020,14,77
78,2020,9,20
79,2020,0,3
80,2020,2,5
82,2020,5,36
83,2020,0,2
84,2020,0,1
92,2020,0,24
93,2020,0,3
99,2020,0,1
100,2020,0,3
101,2020,1,2
102,2020,1,8
103,2020,0,5
114,2020,0,7
115,2020,3,22
116,2020,0,7
117,2020,0,8
118,2020,0,1
119,2020,13,57
120,2020,1,20
123,2020,1,2
137,2020,1,6
138,2020,0,4
139,2020,1,4
144,2020,0,3
146,2020,3,4
147,2020,2,4
148,2020,0,2
150,2020,0,2
152,2020,0,5
153,2020,1,5
154,2020,1,9
157,2020,1,75
164,2020,0,7
165,2020,1,12
166,2020,13,129
167,2020,3,6
168,2020,1,3
169,2020,0,5
170,2020,1,21
171,2020,3,25
172,2020,0,1
173,2020,0,6
175,2020,1,3
177,2020,1,1
189,2020,1,1
190,2020,1,7
191,2020,0,1
195,2020,0,1
197,2020,2,5
198,2020,1,6
200,2020,1,4
201,2020,2,6
202,2020,1,13
203,2020,0,4
205,2020,0,2
206,2020,17,58
207,2020,1,11
209,2020,0,13
210,2020,1,7
212,2020,0,11
216,2020,0,729
223,2020,8,24
224,2020,1,4
225,2020,0,10
226,2020,2,3
229,2020,6,46
230,2020,31,145
231,2020,0,7
232,2020,1,3
233,2020,0,3
239,2020,0,1
249,2020,0,1
250,2020,0,1
253,2020,0,6
255,2020,0,1
256,2020,0,1
257,2020,2,4
262,2020,2,6
263,2020,10,61
264,2020,0,16
265,2020,0,36
266,2020,0,54
267,2020,1,36
269,2020,0,2
270,2020,1,9
271,2020,3,16
272,2020,3,18
273,2020,0,8
274,2020,4,21
275,2020,11,44
287,2020,0,16
288,2020,0,4
289,2020,0,2
290,2020,0,1
291,2020,0,3
292,2020,4,38
293,2020,1,3
295,2020,0,2
296,2020,1,5
298,2020,0,2
299,2020,0,1
300,2020,0,1
309,2020,0,8
311,2020,1,2
312,2020,0,7
313,2020,0,4
314,2020,2,5
320,2020,5,13
321,2020,0,2
322,2020,1,22
323,2020,0,7
324,2020,0,8
325,2020,2,8
326,2020,3,13
327,2020,5,82
328,2020,3,10
329,2020,0,5
332,2020,0,6
333,2020,0,4
334,2020,0,12
335,2020,2,6
336,2020,4,65
337,2020,16,69
338,2020,0,13
339,2020,0,8
351,2020,0,22
353,2020,0,2
356,2020,1,12
358,2020,0,4
361,2020,0,1
372,2020,1,34
373,2020,1,95
376,2020,2,6
377,2020,1,1
378,2020,1,8
379,2020,0,2
380,2020,1,5
383,2020,2,9
384,2020,1,1
385,2020,6,33
386,2020,0,6
387,2020,1,3
388,2020,4,14
389,2020,6,98
390,2020,1,15
391,2020,15,47
392,2020,0,4
394,2020,0,12
395,2020,0,21
396,2020,4,9
397,2020,0,2
398,2020,0,6
399,2020,0,2
400,2020,2,21
401,2020,12,211
402,2020,10,53
403,2020,6,38
404,2020,1,34
405,2020,1,27
406,2020,20,98
407,2020,9,60
408,2020,12,150
409,2020,35,155
410,2020,14,63
424,2020,1,20
425,2020,0,1
428,2020,0,1
429,2020,0,1
430,2020,0,4
431,2020,0,2
432,2020,0,5
433,2020,7,34
434,2020,0,2
435,2020,0,3
448,2020,0,1
449,2020,5,27
451,2020,1,1
452,2020,0,1
453,2020,3,11
455,2020,17,69
456,2020,5,20
457,2020,0,2
458,2020,0,1
459,2020,5,32
460,2020,1,4
461,2020,1,16
462,2020,34,116
463,2020,1,12
464,2020,7,50
465,2020,2,8
466,2020,2,6
467,2020,0,3
468,2020,0,6
469,2020,15,275
470,2020,5,31
471,2020,5,48
472,2020,1,15
473,2020,0,3
474,2020,3,27
475,2020,14,103
476,2020,5,41
477,2020,2,8
478,2020,3,66
479,2020,27,184
480,2020,8,108
481,2020,5,56
482,2020,3,59
483,2020,6,27
484,2020,16,101
485,2020,7,74
500,2020,0,7
501,2020,1,22
505,2020,0,3
506,2020,2,9
507,2020,0,3
508,2020,3,27
509,2020,4,16
510,2020,0,1
512,2020,1,12
513,2020,1,10
520,2020,0,8
521,2020,0,2
532,2020,3,24
533,2020,0,3
534,2020,1,5
535,2020,17,65
536,2020,1,5
537,2020,0,14
538,2020,2,3
539,2020,3,15
540,2020,1,6
541,2020,0,5
542,2020,4,31
543,2020,1,17
544,2020,0,2
546,2020,2,6
547,2020,2,11
549,2020,2,13
550,2020,0,7
552,2020,2,43
553,2020,5,77
554,2020,16,60
555,2020,13,108
556,2020,101,1002
557,2020,78,550
558,2020,6,66
559,2020,6,77
560,2020,11,65
561,2020,30,193
562,2020,0,14
577,2020,1,5
580,2020,0,1
582,2020,0,2
583,2020,0,2
584,2020,0,1
585,2020,0,20
586,2020,2,283
587,2020,0,166
588,2020,3,67
592,2020,0,1
605,2020,1,10
607,2020,0,3
609,2020,0,1
610,2020,1,2
611,2020,4,18
612,2020,4,16
613,2020,1,6
614,2020,3,14
615,2020,3,11
616,2020,0,4
617,2020,0,2
618,2020,0,2
619,2020,2,13
620,2020,1,3
621,2020,0,2
622,2020,1,4
623,2020,0,2
625,2020,0,2
626,2020,15,67
627,2020,2,13
628,2020,0,2
629,2020,1,114
630,2020,59,367
631,2020,2,17
632,2020,0,16
633,2020,3,19
634,2020,0,19
635,2020,14,131
636,2020,38,283
637,2020,104,614
638,2020,12,60
639,2020,8,67
640,2020,7,55
662,2020,0,13
663,2020,0,38
664,2020,0,312
666,2020,0,7
668,2020,0,25
669,2020,0,13
670,2020,2,10
685,2020,0,2
686,2020,0,8
687,2020,1,9
688,2020,2,6
689,2020,0,7
690,2020,8,46
691,2020,47,240
692,2020,40,221
693,2020,6,17
694,2020,1,6
695,2020,0,1
696,2020,1,4
697,2020,15,19
698,2020,0,7
699,2020,2,4
700,2020,2,7
701,2020,3,24
703,2020,4,60
704,2020,3,11
705,2020,2,14
706,2020,0,3
707,2020,2,8
708,2020,2,7
709,2020,1,4
710,2020,4,14
711,2020,0,9
712,2020,4,11
713,2020,6,58
714,2020,11,180
715,2020,58,231
716,2020,9,99
717,2020,30,274
718,2020,4,40
739,2020,1,11
740,2020,0,3
741,2020,0,5
742,2020,0,24
744,2020,1,6
747,2020,0,8
748,2020,4,17
751,2020,7,36
752,2020,1,3
753,2020,0,3
758,2020,1,3
759,2020,0,1
760,2020,1,8
763,2020,1,10
765,2020,0,10
766,2020,2,5
767,2020,1,4
768,2020,2,9
769,2020,115,1067
770,2020,91,480
771,2020,2,7
772,2020,20,70
773,2020,2,2
774,2020,3,6
775,2020,33,118
776,2020,0,4
777,2020,4,14
778,2020,9,41
779,2020,1,8
780,2020,1,15
781,2020,7,29
782,2020,0,2
783,2020,1,6
784,2020,0,6
785,2020,1,9
787,2020,4,12
788,2020,3,9
789,2020,3,14
790,2020,0,4
791,2020,1,17
792,2020,10,67
793,2020,14,146
794,2020,27,197
795,2020,41,287
796,2020,165,2758
797,2020,29,250
819,2020,0,7
820,2020,5,297
821,2020,0,118
822,2020,0,15
824,2020,0,2
827,2020,0,2
830,2020,0,12
831,2020,1,6
832,2020,2,15
837,2020,11,30
838,2020,0,1
840,2020,1,4
842,2020,2,6
843,2020,0,10
844,2020,0,1
846,2020,3,12
847,2020,2,9
848,2020,19,60
849,2020,11,80
850,2020,7,30
852,2020,12,23
853,2020,1,5
854,2020,4,28
855,2020,1,12
856,2020,25,75
857,2020,2,17
859,2020,1,6
860,2020,3,7
861,2020,3,7
862,2020,7,11
863,2020,0,5
864,2020,0,1
865,2020,0,5
867,2020,4,78
868,2020,4,33
869,2020,3,33
870,2020,34,205
871,2020,1,39
872,2020,33,222
873,2020,2,22
874,2020,0,8
875,2020,4,19
876,2020,33,228
877,2020,9,110
878,2020,35,291
879,2020,44,339
880,2020,121,1277
881,2020,42,281
882,2020,31,302
883,2020,0,42
904,2020,0,43
906,2020,0,1
911,2020,0,4
919,2020,14,227
921,2020,2,214
922,2020,0,20
923,2020,1,1
924,2020,1,3
928,2020,0,4
930,2020,0,1
931,2020,1,4
933,2020,0,1
934,2020,4,32
935,2020,0,8
936,2020,3,7
937,2020,14,52
938,2020,3,9
939,2020,3,31
940,2020,3,14
941,2020,3,25
942,2020,2,7
943,2020,6,29
944,2020,5,19
945,2020,2,9
946,2020,1,12
947,2020,1,5
948,2020,29,83
949,2020,12,88
950,2020,1,5
952,2020,4,5
953,2020,25,183
954,2020,72,224
955,2020,3,30
956,2020,2,8
957,2020,7,70
958,2020,48,357
959,2020,0,3
960,2020,1,10
961,2020,10,42
962,2020,37,143
963,2020,11,97
964,2020,17,211
965,2020,42,200
966,2020,47,242
967,2020,45,158
968,2020,62,245
969,2020,4,22
996,2020,0,12
1004,2020,0,1
1005,2020,0,34
1006,2020,0,1
1013,2020,0,9
1015,2020,0,1
1016,2020,10,54
1017,2020,0,3
1018,2020,1,4
1019,2020,3,6
1020,2020,1,3
1021,2020,3,8
1022,2020,0,5
1024,2020,1,3
1025,2020,1,9
1026,2020,3,9
1027,2020,14,65
1028,2020,5,46
1029,2020,43,112
1030,2020,31,414
1032,2020,12,77
1033,2020,18,121
1034,2020,8,28
1035,2020,6,37
1036,2020,3,42
1037,2020,20,96
1038,2020,2,30
1039,2020,4,17
1040,2020,5,19
1041,2020,2,10
1042,2020,2,4
1043,2020,13,82
1044,2020,0,12
1045,2020,16,64
1046,2020,41,182
1047,2020,13,52
1048,2020,45,207
1049,2020,19,113
1050,2020,54,639
1051,2020,34,131
1052,2020,31,102
1079,2020,1,8
1083,2020,1,14
1085,2020,1,2
1087,2020,1,2
1088,2020,1,5
1089,2020,1,72
1093,2020,0,5
1094,2020,0,1
1095,2020,0,1
1096,2020,3,13
1099,2020,1,3
1104,2020,0,1
1105,2020,2,9
1106,2020,2,6
1107,2020,0,1
1108,2020,0,5
1109,2020,0,4
1110,2020,2,28
1111,2020,23,356
1112,2020,28,97
1113,2020,44,490
1114,2020,60,208
1115,2020,78,233
1116,2020,15,41
1117,2020,61,240
1118,2020,94,367
1119,2020,138,610
1120,2020,0,27
1122,2020,9,84
1123,2020,4,22
1124,2020,8,40
1125,2020,7,14
1126,2020,4,20
1127,2020,5,12
1128,2020,6,23
1129,2020,20,67
1130,2020,21,73
1131,2020,11,70
1132,2020,100,334
1133,2020,138,719
1134,2020,68,223
1160,2020,0,7
1169,2020,0,5
1170,2020,0,2
1171,2020,2,17
1172,2020,1,3
1176,2020,0,3
1177,2020,2,7
1178,2020,0,9
1179,2020,1,2
1180,2020,1,1
1182,2020,1,7
1183,2020,2,10
1186,2020,1,1
1189,2020,0,1
1190,2020,10,58
1192,2020,0,1
1193,2020,3,21
1194,2020,1,5
1195,2020,13,107
1196,2020,15,106
1197,2020,55,272
1198,2020,2,17
1199,2020,267,358
1200,2020,3,16
1201,2020,4,23
1202,2020,44,347
1203,2020,7,98
1204,2020,28,120
1205,2020,4,36
1206,2020,7,32
1207,2020,4,23
1208,2020,5,17
1209,2020,5,38
1210,2020,2,16
1211,2020,2,11
1212,2020,14,63
1213,2020,22,94
1214,2020,54,210
1215,2020,75,318
1216,2020,287,1423
1217,2020,62,1955
1253,2020,0,8
1255,2020,1,3
1263,2020,0,1
1264,2020,0,2
1268,2020,1,3
1269,2020,6,10
1270,2020,28,102
1271,2020,0,1
1273,2020,16,92
1274,2020,1,13
1275,2020,2,6
1276,2020,4,14
1277,2020,11,56
1278,2020,96,777
1279,2020,181,727
1280,2020,140,1135
1281,2020,5,18
1282,2020,11,82
1283,2020,6,30
1284,2020,4,21
1285,2020,1,9
1286,2020,31,132
1287,2020,5,54
1288,2020,11,91
1289,2020,64,265
1290,2020,206,801
1291,2020,9,38
1292,2020,21,82
1293,2020,17,53
1294,2020,2,20
1295,2020,11,36
1296,2020,20,416
1297,2020,0,24
1298,2020,7,34
1299,2020,5,28
1300,2020,33,198
1301,2020,67,205
1302,2020,252,1211
1303,2020,50,156
1333,2020,2,17
1334,2020,0,41
1335,2020,0,61
1338,2020,2,75
1339,2020,0,2
1346,2020,0,2
1350,2020,1,2
1351,2020,2,12
1354,2020,1,8
1355,2020,26,99
1356,2020,2,16
1357,2020,0,1
1358,2020,20,153
1359,2020,1,8
1360,2020,2,32
1361,2020,0,5
1362,2020,1,2
1363,2020,10,28
1364,2020,51,215
1365,2020,53,227
1366,2020,6,53
1367,2020,2,20
1368,2020,5,41
1369,2020,4,45
1370,2020,1,5
1371,2020,8,31
1372,2020,1,9
1373,2020,0,9
1374,2020,22,120
1375,2020,131,527
1376,2020,18,120
1377,2020,14,72
1378,2020,93,260
1379,2020,28,98
1380,2020,3,25
1381,2020,7,32
1382,2020,6,29
1383,2020,32,120
1384,2020,17,107
1385,2020,77,244
1386,2020,385,1838
1387,2020,19,62
1388,2020,3,86
1418,2020,0,53
1420,2020,0,48
1421,2020,0,5
1425,2020,1,4
1427,2020,0,4
1432,2020,0,1
1434,2020,4,9
1435,2020,108,349
1437,2020,0,2
1438,2020,0,10
1439,2020,0,9
1440,2020,2,2
1443,2020,2,16
1444,2020,0,1
1445,2020,0,1
1446,2020,0,4
1447,2020,2,16
1448,2020,4,17
1449,2020,4,25
1450,2020,2,15
1451,2020,1,6
1452,2020,4,13
1453,2020,13,105
1454,2020,0,1
1455,2020,4,20
1456,2020,0,6
1457,2020,4,27
1458,2020,27,118
1459,2020,3,13
1460,2020,2,6
1461,2020,16,80
1462,2020,161,563
1463,2020,14,90
1464,2020,11,38
1465,2020,2,8
1466,2020,4,22
1467,2020,23,146
1468,2020,21,93
1469,2020,45,217
1470,2020,9,74
1471,2020,8,100
1472,2020,0,14
1504,2020,7,164
1505,2020,2,10
1508,2020,0,2
1511,2020,0,3
1514,2020,0,6
1515,2020,1,2
1517,2020,1,2
1518,2020,12,126
1519,2020,2,11
1520,2020,0,1
1522,2020,0,3
1523,2020,0,2
1524,2020,1,2
1525,2020,0,1
1526,2020,0,3
1527,2020,0,5
1528,2020,0,4
1529,2020,6,10
1530,2020,8,57
1531,2020,3,36
1533,2020,0,1
1534,2020,6,237
1535,2020,0,23
1536,2020,2,7
1537,2020,3,35
1538,2020,9,28
1539,2020,16,41
1540,2020,1,6
1541,2020,117,528
1542,2020,14,68
1543,2020,9,28
1544,2020,3,5
1545,2020,9,35
1546,2020,10,34
1547,2020,6,27
1548,2020,13,49
1549,2020,3,18
1550,2020,35,136
1551,2020,59,267
1552,2020,219,868
1553,2020,5,31
1554,2020,23,84
1555,2020,3,100
1584,2020,0,4
1586,2020,5,529
1587,2020,2,225
1588,2020,0,4
1589,2020,0,1
1598,2020,0,4
1600,2020,0,1
1601,2020,0,7
1605,2020,1,2
1606,2020,0,3
1607,2020,0,1
1608,2020,1,13
1611,2020,1,7
1612,2020,1,15
1613,2020,0,2
1614,2020,3,11
1615,2020,28,204
1616,2020,17,36
1617,2020,2,18
1618,2020,5,46
1619,2020,40,256
1620,2020,2,56
1621,2020,5,30
1622,2020,27,144
1623,2020,8,36
1624,2020,18,113
1625,2020,6,19
1626,2020,6,32
1627,2020,1,7
1628,2020,1,2
1629,2020,6,27
1630,2020,16,63
1631,2020,8,12
1632,2020,18,70
1633,2020,92,227
1634,2020,1570,4577
1635,2020,132,629
1636,2020,7,52
1637,2020,25,113
1638,2020,19,84
1668,2020,0,203
1669,2020,2,333
1670,2020,44,700
1678,2020,3,15
1684,2020,0,2
1685,2020,0,1
1686,2020,0,7
1687,2020,0,11
1688,2020,5,13
1690,2020,0,1
1691,2020,0,1
1693,2020,1,8
1694,2020,0,1
1695,2020,2,7
1696,2020,18,70
1697,2020,3,13
1698,2020,1,3
1699,2020,0,5
1700,2020,1,33
1701,2020,5,42
1702,2020,7,104
1703,2020,1,4
1704,2020,233,556
1705,2020,46,242
1706,2020,2,11
1707,2020,2,10
1708,2020,1,11
1709,2020,18,60
1710,2020,4,11
1711,2020,9,26
1712,2020,4,16
1713,2020,13,32
1714,2020,7,25
1715,2020,54,154
1716,2020,53,156
1717,2020,81,451
1718,2020,17,77
1719,2020,14,90
1720,2020,4,18
1721,2020,8,107
1752,2020,0,122
1758,2020,0,3
1759,2020,1,3
1760,2020,1,22
1761,2020,0,2
1762,2020,1,2
1765,2020,0,2
1766,2020,0,4
1767,2020,1,1
1768,2020,1,3
1769,2020,9,29
1770,2020,3,7
1771,2020,0,1
1772,2020,1,4
1773,2020,1,2
1774,2020,1,3
1776,2020,1,2
1777,2020,0,3
1779,2020,1,1
1780,2020,18,104
1781,2020,0,1
1782,2020,2,9
1783,2020,28,95
1784,2020,4,25
1785,2020,1,6
1786,2020,12,65
1787,2020,64,217
1788,2020,0,1
1789,2020,1,22
1790,2020,3,14
1791,2020,2,6
1792,2020,2,3
1793,2020,3,8
1794,2020,0,2
1795,2020,10,57
1796,2020,7,38
1797,2020,41,82
1798,2020,11,45
1799,2020,34,185
1800,2020,48,179
1801,2020,7,35
1802,2020,3,5
1803,2020,4,123
1834,2020,8,417
1840,2020,0,1
1841,2020,0,4
1842,2020,0,2
1843,2020,0,4
1845,2020,1,2
1846,2020,0,1
1847,2020,1,6
1848,2020,4,36
1849,2020,1,8
1850,2020,7,98
1851,2020,13,142
1852,2020,4,19
1853,2020,0,15
1854,2020,0,2
1855,2020,43,360
1856,2020,0,12
1857,2020,3,6
1858,2020,8,54
1859,2020,15,53
1860,2020,1,5
1862,2020,1,2
1863,2020,0,1
1864,2020,0,2
1865,2020,0,13
1866,2020,1,4
1867,2020,2,12
1868,2020,1,2
1869,2020,1,2
1870,2020,0,1
1871,2020,0,1
1872,2020,8,18
1873,2020,6,13
1874,2020,2,15
1875,2020,2,9
1876,2020,3,14
1877,2020,1,9
1878,2020,9,38
1879,2020,23,110
1880,2020,9,25
1881,2020,49,256
1882,2020,4,13
1883,2020,3,29
1914,2020,0,22
1915,2020,3,26
1922,2020,0,4
1925,2020,1,3
1927,2020,1,9
1928,2020,0,1
1929,2020,1,7
1930,2020,1,4
1931,2020,5,9
1932,2020,5,11
1933,2020,1,5
1934,2020,5,10
1936,2020,5,22
1937,2020,3,24
1938,2020,0,1
1939,2020,41,129
1940,2020,51,266
1941,2020,1,4
1942,2020,1,3
1943,2020,0,1
1944,2020,0,1
1945,2020,0,2
1946,2020,1,7
1948,2020,28,130
1949,2020,1,7
1950,2020,10,185
1951,2020,0,1
1953,2020,0,2
1954,2020,1,2
1956,2020,10,28
1957,2020,10,32
1958,2020,5,15
1959,2020,43,91
1960,2020,0,12
1961,2020,70,269
1962,2020,41,123
1963,2020,10,38
1964,2020,34,130
1965,2020,5,83
1994,2020,0,25
1996,2020,0,7
1998,2020,0,4
2006,2020,0,1
2007,2020,0,10
2008,2020,3,19
2009,2020,0,1
2010,2020,0,1
2012,2020,1,1
2013,2020,0,2
2014,2020,0,8
2015,2020,0,8
2016,2020,0,3
2017,2020,9,15
2018,2020,0,3
2019,2020,0,4
2020,2020,2,8
2021,2020,34,51
2022,2020,12,14
2023,2020,5,15
2024,2020,1,2
2025,2020,2,6
2026,2020,7,29
2027,2020,1,4
2028,2020,1,2
2029,2020,2,8
2030,2020,0,1
2031,2020,7,62
2032,2020,5,19
2033,2020,0,3
2034,2020,0,4
2035,2020,3,14
2036,2020,0,3
2037,2020,0,5
2038,2020,37,188
2039,2020,14,40
2040,2020,4,9
2041,2020,2,9
2042,2020,1,8
2043,2020,2,7
2044,2020,0,6
2045,2020,8,29
2046,2020,5,74
2084,2020,1,4
2086,2020,1,1
2088,2020,8,25
2089,2020,18,59
2090,2020,0,1
2092,2020,0,4
2093,2020,1,5
2094,2020,1,7
2095,2020,2,3
2096,2020,2,5
2097,2020,0,1
2098,2020,4,14
2099,2020,0,2
2100,2020,0,3
2101,2020,0,3
2102,2020,0,12
2103,2020,15,47
2104,2020,3,6
2106,2020,0,9
2107,2020,0,4
2108,2020,8,15
2109,2020,2,4
2110,2020,0,4
2111,2020,1,6
2112,2020,1,4
2113,2020,0,1
2114,2020,0,7
2115,2020,5,21
2116,2020,15,59
2117,2020,10,42
2118,2020,4,18
2119,2020,4,26
2120,2020,4,8
2121,2020,2,3
2122,2020,9,22
2123,2020,1,1
2124,2020,0,2
2125,2020,0,1
2126,2020,0,10
2127,2020,3,95
2160,2020,0,7
2165,2020,0,1
2169,2020,5,21
2170,2020,9,28
2174,2020,1,9
2175,2020,2,8
2176,2020,1,5
2177,2020,8,41
2179,2020,1,6
2180,2020,1,6
2181,2020,0,6
2182,2020,1,4
2183,2020,1,5
2184,2020,1,7
2185,2020,2,11
2186,2020,9,35
2188,2020,0,3
2189,2020,1,20
2190,2020,1,5
2191,2020,2,2
2192,2020,1,6
2193,2020,0,3
2194,2020,6,9
2195,2020,9,19
2196,2020,36,147
2197,2020,8,57
2198,2020,2,34
2199,2020,5,14
2200,2020,8,45
2201,2020,8,95
2202,2020,114,495
2203,2020,62,237
2204,2020,3,15
2205,2020,2,13
2206,2020,0,2
2207,2020,2,24
2208,2020,4,19
2238,2020,0,13
2239,2020,0,12
2240,2020,0,5
2241,2020,0,3
2242,2020,0,11
2243,2020,0,1
2244,2020,0,1
2246,2020,2,3
2248,2020,0,2
2250,2020,1,5
2252,2020,0,2
2253,2020,2,22
2254,2020,3,20
2255,2020,0,4
2256,2020,0,1
2257,2020,3,11
2258,2020,0,4
2259,2020,2,13
2260,2020,0,4
2261,2020,0,2
2262,2020,0,7
2263,2020,0,3
2264,2020,0,1
2266,2020,3,9
2267,2020,1,3
2268,2020,6,27
2269,2020,15,53
2270,2020,3,18
2271,2020,17,39
2272,2020,7,12
2273,2020,16,31
2274,2020,65,171
2275,2020,3,17
2276,2020,7,14
2277,2020,0,7
2278,2020,7,40
2279,2020,27,108
2280,2020,16,72
2281,2020,3,11
2282,2020,14,68
2283,2020,6,22
2284,2020,67,234
2285,2020,89,458
2286,2020,4,21
2287,2020,3,12
2288,2020,2,7
2289,2020,0,4
2290,2020,0,6
2307,2020,0,16
2308,2020,1,117
2319,2020,0,30
2324,2020,1,6
2330,2020,7,32
2331,2020,0,1
2333,2020,0,7
2334,2020,1,6
2335,2020,0,3
2336,2020,22,96
2337,2020,16,67
2338,2020,4,13
2339,2020,15,81
2340,2020,6,33
2341,2020,1,9
2342,2020,6,19
2343,2020,1,4
2344,2020,1,7
2345,2020,0,1
2346,2020,5,15
2347,2020,0,2
2348,2020,2,19
2349,2020,2,6
2350,2020,0,3
2351,2020,1,3
2352,2020,59,172
2353,2020,33,82
2354,2020,10,16
2355,2020,3,22
2356,2020,1,6
2357,2020,14,116
2358,2020,39,164
2359,2020,9,58
2360,2020,28,226
2361,2020,5,32
2362,2020,1,12
2363,2020,16,121
2364,2020,2,24
2365,2020,4,17
2366,2020,6,33
2367,2020,1,9
2368,2020,1,3
2369,2020,1,7
2370,2020,1,16
2371,2020,0,24
2385,2020,3,63
2386,2020,1,59
2397,2020,0,11
2398,2020,0,6
2399,2020,0,3
2406,2020,3,32
2407,2020,0,4
2409,2020,0,4
2411,2020,1,8
2412,2020,8,61
2413,2020,2,4
2414,2020,3,167
2415,2020,6,23
2416,2020,1,10
2417,2020,24,158
2418,2020,2,7
2419,2020,2,23
2420,2020,2,6
2421,2020,1,166
2422,2020,3,8
2423,2020,1,22
2424,2020,4,84
2425,2020,2,9
2426,2020,7,9
2427,2020,32,81
2428,2020,0,1
2429,2020,0,2
2430,2020,12,171
2431,2020,1,7
2432,2020,1,5
2433,2020,3,32
2434,2020,6,25
2435,2020,2,12
2436,2020,1,9
2437,2020,3,39
2438,2020,4,75
2439,2020,9,25
2440,2020,4,76
2441,2020,26,98
2442,2020,2,28
2443,2020,10,24
2444,2020,2,8
2445,2020,1,4
2446,2020,0,3
2447,2020,1,11
2448,2020,9,16
2461,2020,0,27
2462,2020,2,14
2463,2020,2,14
2464,2020,0,17
2480,2020,0,17
2481,2020,1,21
2482,2020,0,2
2484,2020,0,4
2485,2020,0,3
2486,2020,0,4
2487,2020,1,3
2488,2020,22,121
2489,2020,6,31
2490,2020,0,3
2491,2020,0,3
2492,2020,3,13
2493,2020,5,20
2494,2020,2,23
2495,2020,0,5
2496,2020,4,21
2497,2020,0,4
2498,2020,2,9
2499,2020,0,5
2501,2020,1,19
2502,2020,21,85
2503,2020,0,2
2504,2020,0,4
2505,2020,0,2
2506,2020,0,4
2507,2020,1,2
2508,2020,86,105
2509,2020,5,15
2510,2020,55,183
2511,2020,30,260
2512,2020,5,17
2513,2020,5,31
2514,2020,0,22
2515,2020,9,57
2516,2020,6,28
2517,2020,1,3
2518,2020,1,5
2519,2020,4,6
2520,2020,0,5
2522,2020,0,6
2523,2020,0,2
2524,2020,7,91
2537,2020,0,52
2538,2020,4,13
2539,2020,0,30
2555,2020,3,21
2556,2020,11,30
2557,2020,0,1
2558,2020,0,2
2559,2020,0,1
2560,2020,1,1
2562,2020,0,2
2563,2020,5,97
2564,2020,21,45
2565,2020,2,8
2566,2020,0,3
2567,2020,2,5
2569,2020,2,6
2570,2020,1,2
2571,2020,1,7
2572,2020,9,45
2573,2020,4,21
2574,2020,1,1
2575,2020,2,14
2577,2020,14,56
2578,2020,1,6
2579,2020,1,2
2580,2020,0,1
2581,2020,2,15
2582,2020,18,31
2583,2020,23,100
2584,2020,1,9
2585,2020,1,16
2586,2020,0,12
2587,2020,8,21
2588,2020,11,45
2589,2020,2,10
2590,2020,1,8
2591,2020,3,13
2592,2020,10,25
2593,2020,14,69
2594,2020,5,391
2595,2020,2,10
2596,2020,0,6
2597,2020,13,103
2598,2020,5,15
2610,2020,5,27
2611,2020,4,10
2613,2020,0,38
2614,2020,0,21
2629,2020,1,120
2630,2020,1,4
2631,2020,0,1
2632,2020,0,5
2633,2020,3,104
2634,2020,2,5
2635,2020,1,1
2636,2020,4,23
2637,2020,0,1
2638,2020,0,1
2640,2020,0,4
2642,2020,0,2
2643,2020,5,14
2644,2020,6,27
2645,2020,2,40
2646,2020,0,2
2648,2020,1,3
2649,2020,0,1
2650,2020,5,35
2651,2020,3,5
2652,2020,1,4
2653,2020,2,7
2654,2020,0,5
2655,2020,0,13
2656,2020,21,28
2657,2020,3,13
2658,2020,6,24
2659,2020,73,247
2660,2020,94,234
2661,2020,71,184
2662,2020,3,7
2663,2020,1,7
2664,2020,3,8
2665,2020,1,3
2666,2020,23,70
2667,2020,0,3
2668,2020,0,1
2669,2020,3,33
2679,2020,0,21
2680,2020,2,43
2682,2020,0,2
2683,2020,0,1
2697,2020,0,2
2698,2020,0,2
2699,2020,10,36
2700,2020,17,61
2701,2020,0,3
2702,2020,4,20
2705,2020,1,3
2706,2020,0,1
2707,2020,1,3
2708,2020,1,4
2709,2020,11,25
2710,2020,0,4
2711,2020,1,3
2712,2020,1,3
2713,2020,0,5
2714,2020,0,7
2715,2020,1,2
2716,2020,1,3
2717,2020,0,1
2718,2020,5,43
2720,2020,0,1
2721,2020,0,2
2722,2020,0,1
2723,2020,1,7
2724,2020,4,22
2725,2020,0,4
2726,2020,1,5
2727,2020,3,36
2728,2020,22,153
2729,2020,13,56
2730,2020,5,10
2731,2020,2,6
2732,2020,2,8
2733,2020,7,20
2734,2020,0,1
2736,2020,4,16
2737,2020,8,22
2743,2020,0,1
2745,2020,2,16
2746,2020,3,13
2747,2020,4,15
2748,2020,3,22
2749,2020,0,1
2750,2020,1,22
2751,2020,0,6
2752,2020,1,65
2755,2020,0,108
2756,2020,0,3
2758,2020,0,4
2762,2020,3,284
2763,2020,11,24
2764,2020,0,4
2765,2020,0,1
2767,2020,1,1
2768,2020,27,140
2769,2020,3,12
2770,2020,3,18
2771,2020,1,39
2772,2020,13,74
2773,2020,2,6
2774,2020,0,2
2775,2020,0,4
2776,2020,0,6
2777,2020,1,5
2778,2020,0,3
2780,2020,0,1
2781,2020,0,5
2782,2020,3,4
2783,2020,0,1
2784,2020,1,18
2785,2020,2,9
2786,2020,3,57
2787,2020,3,14
2788,2020,0,2
2789,2020,1,23
2790,2020,16,123
2791,2020,0,4
2792,2020,1,2
2793,2020,0,1
2794,2020,6,11
2795,2020,1,6
2796,2020,6,19
2797,2020,0,1
2798,2020,1,1
2799,2020,0,1
2800,2020,0,1
2801,2020,1,2
2802,2020,4,49
2803,2020,11,84
2806,2020,0,13
2808,2020,0,3
2809,2020,20,1170
2810,2020,11,90
2811,2020,2,20
2814,2020,0,18
2815,2020,0,5
2816,2020,0,5
2819,2020,16,906
2829,2020,0,6
2830,2020,0,1
2831,2020,2,4
2832,2020,0,2
2833,2020,3,6
2834,2020,2,25
2835,2020,60,550
2836,2020,21,336
2837,2020,1,7
2838,2020,0,6
2839,2020,7,14
2840,2020,1,3
2841,2020,0,2
2842,2020,3,11
2843,2020,0,1
2844,2020,0,20
2845,2020,1,31
2848,2020,0,1
2849,2020,0,11
2850,2020,4,12
2851,2020,0,1
2852,2020,2,5
2853,2020,3,21
2854,2020,1,2
2855,2020,0,1
2856,2020,2,9
2857,2020,6,59
2858,2020,1,8
2859,2020,1,5
2860,2020,1,3
2863,2020,0,4
2864,2020,0,3
2865,2020,6,39
2866,2020,13,25
2869,2020,1,9
2870,2020,38,229
2871,2020,25,132
2872,2020,2,9
2873,2020,49,215
2888,2020,1,1
2889,2020,0,3
2891,2020,0,7
2892,2020,1,3
2893,2020,6,10
2894,2020,7,24
2895,2020,72,302
2896,2020,67,1477
2897,2020,8,518
2898,2020,4,15
2899,2020,9,33
2900,2020,4,15
2901,2020,1,10
2902,2020,1,1
2904,2020,0,1
2905,2020,0,10
2906,2020,0,2
2907,2020,0,1
2909,2020,0,1
2910,2020,0,1
2911,2020,1,1
2912,2020,0,1
2913,2020,0,19
2914,2020,2,20
2915,2020,0,2
2916,2020,1,25
2917,2020,7,33
2918,2020,2,7
2919,2020,1,6
2920,2020,0,2
2922,2020,1,1
2923,2020,0,1
2924,2020,1,5
2925,2020,0,7
2926,2020,13,48
2927,2020,1,14
2928,2020,17,109
2929,2020,50,169
2930,2020,1,16
2931,2020,3,22
2944,2020,0,2
2945,2020,0,13
2946,2020,1,10
2947,2020,0,4
2948,2020,9,18
2949,2020,12,108
2950,2020,1,8
2951,2020,0,2
2952,2020,5,18
2953,2020,12,63
2954,2020,1,169
2955,2020,0,20
2956,2020,14,44
2957,2020,8,89
2958,2020,1,23
2959,2020,0,8
2960,2020,3,17
2962,2020,2,10
2963,2020,1,4
2964,2020,0,2
2965,2020,0,2
2966,2020,1,5
2967,2020,7,41
2969,2020,1,10
2970,2020,0,6
2972,2020,0,2
2973,2020,1,2
2975,2020,8,46
2976,2020,3,13
2977,2020,4,5
2978,2020,0,3
2979,2020,2,3
2980,2020,4,5
2981,2020,1,3
2982,2020,0,2
2983,2020,0,9
2984,2020,1,16
2985,2020,0,11
2986,2020,0,1
2987,2020,1,279
2995,2020,1,48
2996,2020,4,34
2997,2020,1,3
2998,2020,0,2
2999,2020,2,6
3000,2020,1,8
3001,2020,1,7
3002,2020,3,6
3003,2020,3,10
3004,2020,7,14
3005,2020,0,7
3006,2020,0,5
3007,2020,8,42
3008,2020,0,10
3009,2020,6,29
3010,2020,0,7
3011,2020,0,1
3013,2020,0,1
3014,2020,0,2
3015,2020,1,1
3016,2020,2,13
3017,2020,3,7
3019,2020,1,6
3020,2020,5,22
3021,2020,1,2
3022,2020,1,3
3023,2020,0,6
3024,2020,1,6
3025,2020,1,6
3026,2020,0,9
3027,2020,1,8
3028,2020,0,1
3030,2020,1,4
3031,2020,0,3
3034,2020,1,16
3035,2020,9,29
3043,2020,13,29
3044,2020,1,1
3046,2020,6,59
3047,2020,5,37
3048,2020,0,3
3049,2020,1,4
3050,2020,4,19
3051,2020,158,303
3052,2020,1,16
3053,2020,6,53
3054,2020,6,19
3055,2020,1,7
3056,2020,1,11
3057,2020,10,283
3058,2020,6,120
3059,2020,2,6
3061,2020,0,5
3062,2020,0,14
3063,2020,0,3
3064,2020,5,26
3065,2020,1,6
3066,2020,0,2
3067,2020,0,3
3068,2020,4,180
3069,2020,1,5
3070,2020,1,2
3071,2020,0,2
3072,2020,0,1
3074,2020,0,2
3075,2020,0,4
3076,2020,0,4
3077,2020,1,11
3078,2020,0,17
3079,2020,0,16
3081,2020,5,16
3082,2020,0,13
3083,2020,4,30
3086,2020,2,25
3087,2020,7,143
3090,2020,0,1
3091,2020,1,2
3092,2020,1,3
3093,2020,0,5
3095,2020,0,7
3096,2020,3,15
3097,2020,6,26
3098,2020,4,11
3099,2020,37,148
3100,2020,6,41
3101,2020,2,10
3102,2020,0,11
3103,2020,20,39
3104,2020,2,18
3105,2020,8,32
3106,2020,1,8
3107,2020,0,11
3108,2020,0,3
3109,2020,0,11
3110,2020,1,3
3111,2020,3,24
3112,2020,2,5
3113,2020,1,12
3114,2020,0,4
3115,2020,1,3
3116,2020,1,2
3117,2020,1,29
3118,2020,2,10
3119,2020,2,20
3120,2020,2,25
3121,2020,1,10
3122,2020,1,1
3123,2020,0,2
3124,2020,9,63
3125,2020,7,39
3126,2020,0,2
3127,2020,3,12
3128,2020,5,16
3129,2020,5,42
3130,2020,13,108
3133,2020,2,91
3134,2020,0,45
3136,2020,0,1
3137,2020,1,4
3139,2020,1,6
3140,2020,1,7
3141,2020,10,70
3142,2020,3,14
3143,2020,26,79
3144,2020,36,142
3145,2020,167,965
3146,2020,26,118
3147,2020,33,242
3148,2020,8,27
3149,2020,12,95
3150,2020,8,20
3151,2020,0,33
3152,2020,0,1
3153,2020,1,7
3154,2020,0,3
3155,2020,0,9
3156,2020,1,13
3157,2020,6,219
3158,2020,4,44
3159,2020,5,44
3160,2020,3,33
3161,2020,0,12
3162,2020,3,149
3163,2020,1,17
3164,2020,11,98
3165,2020,3,30
3166,2020,0,16
3167,2020,11,23
3168,2020,9,25
3170,2020,3,18
3171,2020,10,47
3172,2020,1,1
3173,2020,2,7
3174,2020,95,499
3175,2020,9,45
3176,2020,5,26
3177,2020,3,24
3179,2020,0,4
3180,2020,0,2
3183,2020,0,2
3184,2020,0,2
3185,2020,0,5
3186,2020,1,12
3187,2020,3,21
3188,2020,9,49
3189,2020,49,183
3190,2020,74,232
3191,2020,130,481
3192,2020,102,633
3193,2020,21,76
3194,2020,35,92
3195,2020,13,94
3196,2020,319,601
3197,2020,12,83
3198,2020,3,25
3199,2020,0,9
3200,2020,1,31
3201,2020,1,10
3202,2020,0,4
3203,2020,1,18
3204,2020,0,4
3205,2020,0,11
3206,2020,0,74
3207,2020,0,32
3210,2020,2,6
3211,2020,0,1
3212,2020,0,2
3213,2020,15,24
3214,2020,1,10
3215,2020,4,25
3216,2020,4,24
3217,2020,3,48
3221,2020,15,44
3223,2020,11,73
3224,2020,1,27
3225,2020,2,17
3226,2020,9,56
3227,2020,12,67
3228,2020,396,1406
3229,2020,100,279
3230,2020,33,79
3231,2020,2,8
3232,2020,19,47
3233,2020,67,242
3234,2020,20,678
3235,2020,61,321
3236,2020,0,15
3238,2020,0,9
3240,2020,0,1
3241,2020,0,1
3242,2020,2,12
3243,2020,0,14
3244,2020,0,9
3245,2020,0,2
3246,2020,0,1
3247,2020,1,16
3248,2020,8,33
3249,2020,21,102
3250,2020,35,300
3251,2020,2,52
3252,2020,0,17
3253,2020,0,15
3254,2020,0,3
3255,2020,0,2
3256,2020,1,5
3257,2020,3,12
3258,2020,3,19
3259,2020,1,8
3260,2020,4,78
3261,2020,27,46
3262,2020,1,6
3263,2020,5,13
3264,2020,1,12
3265,2020,1,7
3266,2020,18,116
3267,2020,0,41
3275,2020,15,67
3276,2020,14,58
3277,2020,16,109
3278,2020,14,57
3279,2020,2,50
3281,2020,1,6
3284,2020,1,4
3285,2020,1,7
3286,2020,3,9
3287,2020,2,7
3288,2020,7,17
3289,2020,8,34
3290,2020,7,31
3291,2020,8,68
3292,2020,29,258
3293,2020,9,386
3294,2020,3,120
3295,2020,10,37
3296,2020,20,38
3297,2020,1,72
3298,2020,0,4
3300,2020,2,4
3301,2020,3,7
3302,2020,21,41
3303,2020,5,23
3304,2020,9,24
3305,2020,83,225
3306,2020,0,7
3309,2020,41,169
3310,2020,3,5
3311,2020,8,34
3312,2020,2,8
3313,2020,11,60
3314,2020,3,20
3316,2020,15,24
3317,2020,0,4
3318,2020,0,5
3319,2020,11,46
3320,2020,16,157
3321,2020,9,55
3322,2020,10,99
3323,2020,8,57
3324,2020,3,21
3325,2020,0,7
3326,2020,3,21
3327,2020,9,119
3328,2020,28,75
3329,2020,2,2
3330,2020,7,14
3331,2020,17,67
3332,2020,26,88
3333,2020,2,17
3334,2020,2,188
3335,2020,10,106
3336,2020,1,3
3337,2020,0,40
3338,2020,1,238
3339,2020,1,3
3340,2020,0,1
3341,2020,4,6
3342,2020,1,6
3343,2020,0,1
3344,2020,5,41
3345,2020,2,14
3346,2020,3,72
3348,2020,0,18
3349,2020,1,6
3350,2020,0,7
3351,2020,9,15
3354,2020,10,25
3355,2020,0,14
3356,2020,2,44
3357,2020,0,92
3358,2020,5,108
3359,2020,1,11
3361,2020,0,2
8,2021,0,25
15,2021,0,20
16,2021,1,54
17,2021,2,32
18,2021,3,10
19,2021,1,29
20,2021,1,6
27,2021,0,16
28,2021,0,4
29,2021,0,2
30,2021,1,8
31,2021,2,3
32,2021,2,5
33,2021,11,23
34,2021,1,4
35,2021,5,22
36,2021,1,19
37,2021,6,129
48,2021,0,5
49,2021,6,21
50,2021,5,20
51,2021,6,23
52,2021,4,15
53,2021,4,5
54,2021,10,44
55,2021,6,490
56,2021,0,2
59,2021,1,2
60,2021,0,4
63,2021,1,3
64,2021,0,8
65,2021,2,8
76,2021,1,7
77,2021,21,155
78,2021,21,58
79,2021,0,5
80,2021,0,1
81,2021,0,5
82,2021,11,35
83,2021,0,71
84,2021,0,2
92,2021,4,82
93,2021,0,8
94,2021,0,2
98,2021,1,4
99,2021,0,3
100,2021,0,1
101,2021,1,3
102,2021,0,6
103,2021,0,10
114,2021,0,9
115,2021,3,35
116,2021,5,13
117,2021,0,5
118,2021,1,3
119,2021,3,20
120,2021,4,20
123,2021,0,3
130,2021,0,1
137,2021,0,1
139,2021,8,16
141,2021,0,1
144,2021,0,7
147,2021,1,2
148,2021,1,2
149,2021,1,5
150,2021,0,2
152,2021,0,3
153,2021,1,3
154,2021,0,7
157,2021,0,150
164,2021,0,15
165,2021,0,1
166,2021,18,129
167,2021,1,12
168,2021,0,2
169,2021,0,4
170,2021,4,44
171,2021,4,30
172,2021,1,2
173,2021,0,2
175,2021,2,32
177,2021,0,2
182,2021,1,7
188,2021,0,9
190,2021,4,20
191,2021,1,1
195,2021,1,1
197,2021,1,4
198,2021,0,2
200,2021,0,2
201,2021,1,9
202,2021,0,27
203,2021,3,13
206,2021,7,49
207,2021,1,3
208,2021,1,10
209,2021,0,20
210,2021,0,9
212,2021,1,6
216,2021,0,944
223,2021,3,12
224,2021,1,13
225,2021,2,25
226,2021,0,2
229,2021,2,34
230,2021,43,165
231,2021,0,9
232,2021,0,2
233,2021,0,7
234,2021,0,1
236,2021,1,5
237,2021,0,2
239,2021,0,3
249,2021,1,3
250,2021,0,2
252,2021,0,1
253,2021,0,6
255,2021,12,48
256,2021,1,1
257,2021,0,4
262,2021,2,8
263,2021,8,65
264,2021,0,9
265,2021,1,41
266,2021,5,66
267,2021,0,38
269,2021,0,1
270,2021,0,6
271,2021,5,17
272,2021,0,7
274,2021,1,10
275,2021,32,136
287,2021,0,18
288,2021,0,2
289,2021,1,2
290,2021,1,1
291,2021,0,6
292,2021,6,50
293,2021,0,3
294,2021,0,1
295,2021,0,13
296,2021,0,7
298,2021,0,1
299,2021,0,2
300,2021,0,3
309,2021,0,19
311,2021,0,1
312,2021,2,8
313,2021,0,6
314,2021,1,11
319,2021,0,5
320,2021,2,7
321,2021,2,7
322,2021,2,32
323,2021,0,1
324,2021,1,5
325,2021,0,6
326,2021,1,20
327,2021,18,92
328,2021,3,20
329,2021,3,12
332,2021,2,5
333,2021,0,1
334,2021,0,3
335,2021,1,5
336,2021,4,56
337,2021,12,91
338,2021,2,11
339,2021,3,18
351,2021,0,28
353,2021,3,3
354,2021,0,2
356,2021,2,8
358,2021,0,7
360,2021,1,3
361,2021,1,4
362,2021,0,3
363,2021,0,4
372,2021,0,25
373,2021,0,72
374,2021,0,3
376,2021,1,7
377,2021,6,18
378,2021,0,5
379,2021,0,6
380,2021,0,3
383,2021,0,2
384,2021,0,4
385,2021,6,40
386,2021,2,13
387,2021,1,4
388,2021,1,6
389,2021,13,102
390,2021,10,25
391,2021,4,38
392,2021,2,7
394,2021,0,1
395,2021,4,15
396,2021,1,8
397,2021,2,5
398,2021,2,5
399,2021,1,4
400,2021,1,25
401,2021,24,324
402,2021,6,51
403,2021,9,40
404,2021,6,55
405,2021,2,15
406,2021,3,19
407,2021,2,32
408,2021,8,99
409,2021,26,164
410,2021,29,208
424,2021,3,10
425,2021,0,3
426,2021,0,1
428,2021,0,2
429,2021,0,6
430,2021,1,6
431,2021,0,4
432,2021,0,8
433,2021,4,38
434,2021,1,5
435,2021,0,4
441,2021,0,2
444,2021,1,1
445,2021,0,1
446,2021,0,2
448,2021,0,2
449,2021,4,18
451,2021,0,1
452,2021,1,2
453,2021,0,3
455,2021,1,46
456,2021,5,28
457,2021,1,6
458,2021,3,10
459,2021,3,30
460,2021,1,8
461,2021,2,10
462,2021,33,145
463,2021,1,9
464,2021,2,26
465,2021,7,11
466,2021,7,14
467,2021,0,3
468,2021,7,27
469,2021,13,52
470,2021,4,27
471,2021,2,17
472,2021,0,10
473,2021,1,5
474,2021,8,25
475,2021,25,145
476,2021,14,93
477,2021,4,17
478,2021,0,65
479,2021,25,182
480,2021,6,74
481,2021,2,49
482,2021,1,52
483,2021,1,16
484,2021,8,71
485,2021,9,119
500,2021,1,2
501,2021,0,25
504,2021,0,10
505,2021,0,4
506,2021,3,11
507,2021,1,10
508,2021,0,51
509,2021,4,23
510,2021,0,3
512,2021,0,7
513,2021,0,12
520,2021,0,1
521,2021,0,1
531,2021,0,1
532,2021,0,12
533,2021,0,1
534,2021,0,4
535,2021,13,81
536,2021,0,1
537,2021,4,21
538,2021,2,10
539,2021,12,25
540,2021,2,19
541,2021,1,5
542,2021,9,35
543,2021,1,12
544,2021,2,4
545,2021,3,3
546,2021,0,6
547,2021,0,6
548,2021,0,4
549,2021,1,24
550,2021,0,13
552,2021,4,88
553,2021,7,25
554,2021,15,59
555,2021,10,127
556,2021,51,513
557,2021,57,454
558,2021,7,57
559,2021,4,60
560,2021,8,37
561,2021,34,284
562,2021,2,29
577,2021,0,6
580,2021,0,5
581,2021,0,7
582,2021,0,2
583,2021,2,5
584,2021,0,3
585,2021,0,16
586,2021,5,449
587,2021,0,266
588,2021,11,106
604,2021,0,1
605,2021,0,1
607,2021,0,3
609,2021,0,9
610,2021,1,8
611,2021,1,12
612,2021,0,10
613,2021,0,2
614,2021,7,35
615,2021,2,14
616,2021,1,9
617,2021,0,1
618,2021,0,4
619,2021,3,23
620,2021,2,11
621,2021,1,5
622,2021,0,2
623,2021,2,5
625,2021,0,3
626,2021,25,114
627,2021,6,17
628,2021,0,5
629,2021,2,5
630,2021,59,452
631,2021,10,45
632,2021,15,101
633,2021,10,50
634,2021,4,28
635,2021,32,230
636,2021,56,265
637,2021,52,297
638,2021,9,62
639,2021,10,56
640,2021,10,74
662,2021,0,3
663,2021,1,71
664,2021,0,485
666,2021,1,7
668,2021,0,4
669,2021,1,11
670,2021,0,3
671,2021,0,1
685,2021,0,5
686,2021,1,3
687,2021,2,5
688,2021,2,4
689,2021,2,4
690,2021,10,49
691,2021,40,246
692,2021,29,188
693,2021,5,23
694,2021,1,5
695,2021,1,1
696,2021,0,1
697,2021,3,7
698,2021,0,4
699,2021,9,17
700,2021,2,3
701,2021,12,36
703,2021,10,69
704,2021,0,11
705,2021,1,19
706,2021,0,5
707,2021,0,5
708,2021,4,12
709,2021,6,20
710,2021,6,10
711,2021,1,7
712,2021,0,16
713,2021,20,85
714,2021,24,250
715,2021,11,157
716,2021,26,126
717,2021,56,588
718,2021,0,62
739,2021,2,11
740,2021,1,7
741,2021,0,6
742,2021,0,36
744,2021,0,2
747,2021,2,15
748,2021,7,32
751,2021,6,34
752,2021,0,1
753,2021,1,12
758,2021,2,4
759,2021,1,1
760,2021,0,1
761,2021,1,1
763,2021,0,4
764,2021,2,7
765,2021,3,20
766,2021,0,2
767,2021,0,1
768,2021,0,9
769,2021,156,1377
770,2021,122,463
771,2021,10,26
772,2021,6,34
773,2021,0,1
774,2021,0,3
775,2021,46,103
776,2021,0,4
777,2021,2,3
778,2021,9,46
779,2021,0,2
780,2021,1,13
781,2021,3,33
782,2021,0,3
783,2021,1,25
784,2021,1,8
785,2021,0,23
787,2021,4,22
788,2021,1,10
789,2021,8,28
790,2021,5,10
791,2021,2,10
792,2021,6,63
793,2021,14,90
794,2021,24,249
795,2021,40,330
796,2021,212,2580
797,2021,35,198
819,2021,0,3
820,2021,3,380
821,2021,0,144
822,2021,0,6
827,2021,1,9
830,2021,0,7
831,2021,1,11
832,2021,9,39
837,2021,11,33
838,2021,1,1
840,2021,0,2
842,2021,0,1
843,2021,0,37
846,2021,1,2
847,2021,2,17
848,2021,17,68
849,2021,21,79
850,2021,6,30
851,2021,0,1
852,2021,6,13
853,2021,3,8
854,2021,9,25
855,2021,1,13
856,2021,45,78
857,2021,6,24
858,2021,1,2
859,2021,14,26
860,2021,1,4
861,2021,1,2
862,2021,0,8
863,2021,0,3
864,2021,0,1
865,2021,1,6
867,2021,6,189
868,2021,4,27
869,2021,4,32
870,2021,55,236
871,2021,8,42
872,2021,34,515
873,2021,14,41
874,2021,0,8
875,2021,2,32
876,2021,23,190
877,2021,8,86
878,2021,37,300
879,2021,20,274
880,2021,113,1071
881,2021,53,346
882,2021,17,278
883,2021,1,26
904,2021,0,75
906,2021,0,1
911,2021,0,2
919,2021,10,294
921,2021,1,242
922,2021,0,24
924,2021,4,6
928,2021,0,2
929,2021,2,3
930,2021,1,17
931,2021,1,2
932,2021,0,2
933,2021,0,4
934,2021,2,26
935,2021,2,14
936,2021,2,7
937,2021,6,40
938,2021,0,12
939,2021,2,58
940,2021,5,21
941,2021,4,14
942,2021,2,16
943,2021,1,22
944,2021,7,28
945,2021,0,8
946,2021,3,5
947,2021,5,18
948,2021,36,79
949,2021,16,79
950,2021,1,2
951,2021,1,2
952,2021,1,5
953,2021,27,229
954,2021,128,311
955,2021,5,37
956,2021,7,36
957,2021,6,29
958,2021,45,320
959,2021,2,7
960,2021,4,12
961,2021,7,25
962,2021,24,144
963,2021,11,110
964,2021,29,211
965,2021,20,125
966,2021,31,213
967,2021,26,136
968,2021,29,146
969,2021,7,22
996,2021,0,23
1004,2021,1,1
1005,2021,2,58
1013,2021,2,5
1015,2021,1,3
1016,2021,8,49
1017,2021,2,4
1018,2021,0,6
1021,2021,3,10
1022,2021,0,1
1023,2021,0,6
1024,2021,9,23
1025,2021,0,5
1026,2021,2,5
1027,2021,6,64
1028,2021,6,36
1029,2021,45,122
1030,2021,14,216
1032,2021,5,42
1033,2021,26,135
1034,2021,21,52
1035,2021,6,37
1036,2021,14,52
1037,2021,25,108
1038,2021,10,43
1039,2021,7,34
1040,2021,4,31
1041,2021,4,10
1042,2021,1,3
1043,2021,4,53
1044,2021,43,74
1045,2021,17,79
1046,2021,37,104
1047,2021,26,54
1048,2021,35,183
1049,2021,20,94
1050,2021,42,279
1051,2021,34,117
1052,2021,20,66
1079,2021,0,6
1083,2021,2,36
1085,2021,1,2
1087,2021,0,1
1088,2021,0,3
1089,2021,2,55
1095,2021,0,1
1096,2021,2,4
1099,2021,1,1
1102,2021,0,1
1104,2021,1,3
1105,2021,6,19
1106,2021,1,3
1107,2021,0,1
1108,2021,4,17
1109,2021,1,6
1110,2021,5,46
1111,2021,34,382
1112,2021,24,72
1113,2021,28,342
1114,2021,15,70
1115,2021,14,131
1116,2021,27,79
1117,2021,52,198
1118,2021,56,245
1119,2021,131,449
1120,2021,3,18
1122,2021,14,84
1123,2021,9,60
1124,2021,11,54
1125,2021,3,12
1126,2021,3,9
1127,2021,4,17
1128,2021,0,3
1129,2021,22,56
1130,2021,10,38
1131,2021,13,54
1132,2021,75,213
1133,2021,143,434
1134,2021,58,193
1160,2021,0,4
1166,2021,0,4
1169,2021,0,2
1170,2021,0,8
1171,2021,1,16
1172,2021,0,2
1175,2021,1,1
1176,2021,1,1
1177,2021,0,2
1178,2021,0,1
1180,2021,1,3
1182,2021,4,7
1183,2021,8,24
1186,2021,0,2
1187,2021,2,2
1189,2021,0,1
1190,2021,8,39
1191,2021,1,2
1192,2021,0,1
1193,2021,6,21
1194,2021,0,6
1195,2021,13,96
1196,2021,4,42
1197,2021,35,173
1198,2021,1,18
1199,2021,132,395
1200,2021,5,20
1201,2021,3,16
1202,2021,28,403
1203,2021,11,75
1204,2021,17,75
1205,2021,3,30
1206,2021,30,66
1207,2021,7,20
1208,2021,9,27
1209,2021,1,46
1210,2021,0,12
1211,2021,5,15
1212,2021,6,48
1213,2021,14,50
1214,2021,38,125
1215,2021,49,195
1216,2021,297,1440
1217,2021,73,2049
1252,2021,0,1
1253,2021,1,16
1254,2021,0,2
1263,2021,1,2
1265,2021,0,2
1267,2021,0,1
1268,2021,0,1
1269,2021,11,19
1270,2021,31,128
1271,2021,3,4
1272,2021,0,3
1273,2021,19,71
1275,2021,5,18
1276,2021,3,31
1277,2021,6,95
1278,2021,18,115
1279,2021,175,638
1280,2021,165,1499
1281,2021,5,12
1282,2021,10,69
1283,2021,1,8
1284,2021,0,8
1285,2021,0,5
1286,2021,18,98
1287,2021,15,134
1288,2021,19,67
1289,2021,34,177
1290,2021,164,780
1291,2021,12,40
1292,2021,23,73
1293,2021,13,49
1294,2021,7,17
1295,2021,7,30
1296,2021,14,566
1297,2021,0,14
1298,2021,5,24
1299,2021,11,30
1300,2021,31,134
1301,2021,68,195
1302,2021,276,901
1303,2021,31,100
1333,2021,1,7
1334,2021,0,28
1335,2021,0,51
1338,2021,0,51
1339,2021,1,2
1340,2021,1,3
1341,2021,0,2
1345,2021,0,1
1346,2021,0,3
1350,2021,0,1
1351,2021,6,37
1352,2021,0,1
1354,2021,0,1
1355,2021,70,157
1356,2021,2,25
1357,2021,1,2
1358,2021,15,75
1359,2021,2,5
1360,2021,22,62
1361,2021,0,7
1362,2021,3,8
1363,2021,4,20
1364,2021,68,231
1365,2021,52,139
1366,2021,8,61
1367,2021,0,9
1368,2021,5,29
1369,2021,11,58
1370,2021,1,2
1371,2021,9,34
1372,2021,4,17
1373,2021,1,11
1374,2021,37,111
1375,2021,180,552
1376,2021,18,83
1377,2021,8,63
1378,2021,54,238
1379,2021,15,50
1380,2021,8,16
1381,2021,3,42
1382,2021,4,8
1383,2021,18,87
1384,2021,15,78
1385,2021,35,178
1386,2021,420,1534
1387,2021,19,98
1388,2021,9,87
1418,2021,0,14
1420,2021,0,36
1421,2021,1,5
1425,2021,0,2
1426,2021,0,9
1427,2021,0,2
1431,2021,0,3
1434,2021,0,8
1435,2021,28,188
1438,2021,1,8
1439,2021,3,7
1440,2021,1,2
1441,2021,4,9
1443,2021,1,3
1444,2021,2,8
1445,2021,0,13
1446,2021,3,10
1447,2021,4,14
1448,2021,0,21
1449,2021,4,38
1450,2021,0,2
1451,2021,1,1
1452,2021,2,14
1453,2021,8,43
1454,2021,0,7
1455,2021,3,12
1456,2021,3,18
1457,2021,1,13
1458,2021,26,120
1459,2021,4,18
1460,2021,0,5
1461,2021,55,123
1462,2021,156,530
1463,2021,25,103
1464,2021,16,36
1465,2021,3,9
1466,2021,4,31
1467,2021,8,69
1468,2021,25,91
1469,2021,59,280
1470,2021,26,176
1471,2021,20,156
1472,2021,3,14
1504,2021,5,171
1505,2021,0,17
1508,2021,0,2
1511,2021,0,2
1512,2021,0,1
1514,2021,0,2
1515,2021,2,7
1517,2021,0,3
1518,2021,13,114
1519,2021,3,13
1520,2021,1,1
1521,2021,1,2
1523,2021,1,2
1524,2021,0,2
1525,2021,1,2
1526,2021,2,2
1527,2021,2,7
1528,2021,1,4
1529,2021,1,15
1530,2021,5,41
1531,2021,0,32
1532,2021,0,3
1534,2021,16,267
1535,2021,0,12
1536,2021,0,5
1537,2021,1,15
1538,2021,9,43
1539,2021,1,30
1540,2021,0,3
1541,2021,96,402
1542,2021,7,25
1543,2021,0,7
1544,2021,1,4
1545,2021,30,46
1546,2021,9,65
1547,2021,9,52
1548,2021,6,45
1549,2021,4,31
1550,2021,38,149
1551,2021,73,240
1552,2021,248,946
1553,2021,16,48
1554,2021,10,91
1555,2021,5,144
1584,2021,0,4
1586,2021,17,606
1587,2021,10,307
1588,2021,0,2
1589,2021,0,1
1598,2021,0,23
1600,2021,0,2
1601,2021,0,7
1604,2021,1,3
1605,2021,0,1
1607,2021,0,1
1608,2021,0,1
1610,2021,2,4
1611,2021,0,3
1612,2021,2,19
1614,2021,5,12
1615,2021,62,274
1616,2021,11,44
1617,2021,0,25
1618,2021,13,121
1619,2021,19,182
1620,2021,2,18
1621,2021,6,64
1622,2021,19,105
1623,2021,15,46
1624,2021,10,67
1625,2021,5,21
1626,2021,4,17
1627,2021,1,7
1628,2021,0,4
1629,2021,14,69
1630,2021,30,60
1631,2021,2,2
1632,2021,12,38
1633,2021,65,200
1634,2021,1169,3318
1635,2021,126,474
1636,2021,13,78
1637,2021,29,143
1638,2021,36,126
1668,2021,0,206
1669,2021,2,369
1670,2021,50,649
1678,2021,0,3
1684,2021,0,4
1686,2021,0,4
1687,2021,0,6
1688,2021,10,29
1692,2021,0,1
1693,2021,0,5
1695,2021,1,5
1696,2021,7,47
1697,2021,5,16
1698,2021,1,3
1699,2021,1,2
1700,2021,2,16
1701,2021,6,36
1702,2021,2,128
1703,2021,0,7
1704,2021,72,189
1705,2021,54,221
1706,2021,1,8
1707,2021,7,15
1708,2021,2,12
1709,2021,19,68
1710,2021,5,8
1711,2021,14,45
1712,2021,15,51
1713,2021,20,55
1714,2021,2,8
1715,2021,54,89
1716,2021,21,112
1717,2021,71,414
1718,2021,18,86
1719,2021,20,141
1720,2021,4,44
1721,2021,11,135
1752,2021,0,124
1755,2021,1,4
1756,2021,1,2
1758,2021,0,1
1759,2021,0,1
1762,2021,0,1
1763,2021,0,2
1766,2021,0,4
1767,2021,0,2
1768,2021,1,2
1769,2021,7,37
1770,2021,2,6
1772,2021,2,6
1773,2021,1,1
1774,2021,1,1
1776,2021,2,5
1777,2021,0,3
1778,2021,0,2
1779,2021,1,2
1780,2021,19,121
1781,2021,1,5
1782,2021,2,9
1783,2021,31,106
1784,2021,8,33
1785,2021,0,1
1786,2021,18,59
1787,2021,54,211
1788,2021,0,2
1789,2021,19,25
1790,2021,1,4
1791,2021,2,6
1792,2021,6,9
1793,2021,10,30
1794,2021,1,1
1795,2021,9,52
1796,2021,11,42
1797,2021,28,76
1798,2021,28,87
1799,2021,6,132
1800,2021,37,130
1801,2021,6,40
1802,2021,3,12
1803,2021,12,147
1834,2021,9,312
1837,2021,0,2
1840,2021,0,2
1842,2021,0,1
1843,2021,0,1
1845,2021,1,2
1846,2021,0,1
1847,2021,0,1
1848,2021,7,47
1849,2021,0,9
1850,2021,14,116
1851,2021,21,118
1852,2021,9,27
1853,2021,2,23
1854,2021,0,3
1855,2021,54,264
1856,2021,2,8
1857,2021,1,11
1858,2021,2,52
1859,2021,12,42
1860,2021,1,5
1861,2021,0,2
1862,2021,0,4
1863,2021,0,3
1864,2021,1,4
1865,2021,8,22
1866,2021,2,5
1867,2021,5,18
1868,2021,2,6
1869,2021,0,4
1871,2021,1,2
1872,2021,5,23
1873,2021,3,8
1874,2021,12,24
1875,2021,7,16
1876,2021,4,12
1877,2021,1,7
1878,2021,2,28
1879,2021,10,84
1880,2021,20,47
1881,2021,63,335
1882,2021,3,14
1883,2021,4,30
1914,2021,3,24
1915,2021,1,52
1922,2021,0,3
1925,2021,1,8
1927,2021,1,5
1928,2021,0,1
1929,2021,1,8
1931,2021,1,14
1932,2021,1,21
1933,2021,0,9
1934,2021,5,14
1935,2021,0,2
1936,2021,9,40
1937,2021,7,30
1938,2021,0,1
1939,2021,46,133
1940,2021,56,269
1941,2021,2,6
1942,2021,1,1
1943,2021,1,4
1944,2021,0,2
1945,2021,1,9
1946,2021,1,6
1947,2021,0,8
1948,2021,46,288
1949,2021,2,19
1950,2021,35,142
1951,2021,0,2
1952,2021,4,11
1953,2021,0,1
1954,2021,3,4
1955,2021,0,1
1956,2021,16,32
1957,2021,21,43
1958,2021,4,14
1959,2021,23,62
1960,2021,3,10
1961,2021,18,63
1962,2021,42,122
1963,2021,8,38
1964,2021,45,179
1965,2021,4,83
1994,2021,0,40
1996,2021,0,13
1998,2021,0,6
2000,2021,0,3
2003,2021,0,1
2006,2021,1,2
2007,2021,3,5
2008,2021,2,19
2009,2021,0,4
2010,2021,0,2
2011,2021,0,4
2012,2021,1,2
2013,2021,0,1
2014,2021,3,6
2015,2021,0,4
2016,2021,2,7
2017,2021,5,11
2018,2021,0,8
2019,2021,1,7
2020,2021,2,7
2021,2021,36,49
2022,2021,1,6
2023,2021,3,10
2024,2021,0,2
2025,2021,0,5
2026,2021,6,50
2027,2021,3,10
2028,2021,1,3
2029,2021,3,14
2030,2021,0,5
2031,2021,7,44
2032,2021,1,9
2033,2021,1,4
2034,2021,2,5
2035,2021,3,9
2036,2021,0,3
2037,2021,2,10
2038,2021,34,222
2039,2021,20,65
2040,2021,6,14
2041,2021,0,1
2042,2021,2,11
2043,2021,0,3
2044,2021,1,8
2045,2021,3,26
2046,2021,7,78
2076,2021,0,2
2084,2021,1,3
2086,2021,0,1
2088,2021,7,17
2089,2021,12,53
2090,2021,0,3
2091,2021,0,3
2092,2021,0,2
2093,2021,0,4
2095,2021,0,1
2096,2021,0,4
2097,2021,0,4
2099,2021,1,12
2100,2021,0,3
2101,2021,0,2
2102,2021,1,15
2103,2021,26,112
2104,2021,0,2
2105,2021,0,1
2106,2021,4,8
2107,2021,0,3
2108,2021,4,10
2110,2021,1,3
2111,2021,2,6
2112,2021,3,8
2113,2021,1,4
2114,2021,2,6
2115,2021,2,4
2116,2021,46,187
2117,2021,5,27
2118,2021,5,16
2119,2021,3,15
2120,2021,4,13
2121,2021,0,5
2122,2021,2,8
2123,2021,1,6
2124,2021,1,1
2125,2021,1,2
2126,2021,0,8
2127,2021,8,79
2160,2021,1,8
2162,2021,0,4
2164,2021,0,1
2169,2021,0,3
2170,2021,11,32
2171,2021,1,2
2172,2021,3,5
2174,2021,0,12
2175,2021,5,9
2176,2021,2,8
2177,2021,5,25
2179,2021,0,9
2180,2021,0,11
2181,2021,0,8
2182,2021,1,8
2183,2021,1,6
2184,2021,0,8
2185,2021,5,9
2186,2021,11,66
2187,2021,2,8
2188,2021,0,2
2189,2021,6,62
2190,2021,6,9
2191,2021,6,7
2192,2021,2,6
2193,2021,0,3
2194,2021,3,6
2195,2021,4,8
2196,2021,65,230
2197,2021,14,82
2198,2021,5,47
2199,2021,3,13
2200,2021,12,50
2201,2021,7,84
2202,2021,117,493
2203,2021,70,253
2204,2021,2,7
2205,2021,3,9
2206,2021,0,15
2207,2021,9,39
2208,2021,7,34
2238,2021,0,53
2239,2021,0,9
2240,2021,0,8
2241,2021,0,8
2242,2021,0,6
2244,2021,1,5
2248,2021,0,1
2250,2021,9,15
2252,2021,3,7
2253,2021,11,39
2254,2021,3,21
2256,2021,0,15
2257,2021,2,21
2258,2021,0,3
2259,2021,2,17
2260,2021,0,1
2262,2021,2,2
2263,2021,0,4
2264,2021,0,3
2266,2021,5,18
2267,2021,0,1
2268,2021,3,27
2269,2021,12,46
2270,2021,2,9
2271,2021,11,33
2272,2021,4,6
2273,2021,0,6
2274,2021,175,407
2275,2021,1,16
2276,2021,3,28
2277,2021,3,9
2278,2021,15,64
2279,2021,35,81
2280,2021,34,107
2281,2021,1,14
2282,2021,6,46
2283,2021,7,61
2284,2021,78,274
2285,2021,83,586
2286,2021,6,22
2287,2021,2,26
2288,2021,3,16
2289,2021,0,1
2290,2021,3,17
2307,2021,0,7
2308,2021,0,115
2319,2021,1,15
2324,2021,0,10
2329,2021,0,1
2330,2021,8,20
2331,2021,0,2
2332,2021,3,5
2333,2021,0,3
2334,2021,4,11
2335,2021,1,2
2336,2021,22,77
2337,2021,2,12
2338,2021,3,8
2339,2021,16,72
2340,2021,7,25
2341,2021,0,15
2342,2021,3,13
2343,2021,1,7
2344,2021,2,13
2345,2021,0,3
2346,2021,40,136
2347,2021,1,1
2348,2021,2,23
2349,2021,6,16
2350,2021,2,9
2351,2021,3,9
2352,2021,53,176
2353,2021,40,109
2354,2021,1,9
2355,2021,5,16
2356,2021,3,17
2357,2021,14,116
2358,2021,70,287
2359,2021,34,111
2360,2021,14,237
2361,2021,6,29
2362,2021,1,8
2363,2021,32,211
2364,2021,15,77
2365,2021,2,12
2366,2021,4,33
2367,2021,1,20
2368,2021,0,4
2369,2021,1,4
2370,2021,3,13
2371,2021,3,36
2385,2021,3,78
2386,2021,1,81
2397,2021,1,12
2398,2021,1,8
2399,2021,0,4
2403,2021,0,4
2408,2021,0,1
2410,2021,0,2
2411,2021,1,3
2412,2021,12,71
2413,2021,3,13
2414,2021,8,146
2415,2021,2,14
2416,2021,2,14
2417,2021,24,130
2418,2021,3,10
2419,2021,1,24
2420,2021,0,13
2421,2021,1,6
2422,2021,0,3
2423,2021,3,14
2424,2021,3,69
2425,2021,0,3
2426,2021,0,2
2427,2021,11,26
2428,2021,1,2
2429,2021,1,5
2430,2021,15,51
2431,2021,4,16
2432,2021,2,10
2433,2021,1,14
2434,2021,12,28
2435,2021,1,4
2436,2021,0,11
2437,2021,10,70
2438,2021,14,85
2439,2021,9,25
2440,2021,1,115
2441,2021,32,140
2442,2021,5,37
2443,2021,7,32
2444,2021,0,31
2445,2021,1,14
2446,2021,1,4
2447,2021,0,10
2448,2021,7,13
2461,2021,0,22
2462,2021,2,12
2463,2021,2,18
2464,2021,0,6
2480,2021,0,16
2481,2021,0,18
2482,2021,0,1
2484,2021,0,1
2485,2021,0,4
2486,2021,0,5
2487,2021,0,6
2488,2021,43,253
2489,2021,4,21
2490,2021,0,1
2491,2021,2,9
2492,2021,0,8
2493,2021,5,31
2494,2021,3,216
2495,2021,4,18
2496,2021,3,21
2497,2021,0,8
2498,2021,3,20
2499,2021,0,8
2501,2021,0,5
2502,2021,32,90
2503,2021,0,3
2504,2021,0,1
2505,2021,0,4
2506,2021,1,2
2507,2021,2,3
2508,2021,33,46
2509,2021,6,21
2510,2021,83,187
2511,2021,29,219
2512,2021,6,11
2513,2021,9,33
2514,2021,2,31
2515,2021,11,91
2516,2021,8,49
2517,2021,1,6
2518,2021,2,5
2519,2021,0,1
2520,2021,1,4
2521,2021,0,1
2522,2021,1,5
2523,2021,1,6
2524,2021,9,78
2537,2021,0,113
2538,2021,2,10
2539,2021,0,25
2555,2021,1,17
2556,2021,6,20
2557,2021,0,2
2558,2021,0,1
2559,2021,2,20
2560,2021,4,6
2562,2021,1,13
2563,2021,7,95
2564,2021,19,48
2565,2021,0,3
2567,2021,0,4
2568,2021,0,5
2569,2021,0,8
2570,2021,1,3
2571,2021,3,9
2572,2021,8,60
2573,2021,12,37
2574,2021,0,15
2575,2021,0,17
2577,2021,25,59
2578,2021,0,1
2579,2021,3,11
2580,2021,1,6
2581,2021,4,21
2582,2021,15,39
2583,2021,25,162
2584,2021,2,12
2585,2021,2,14
2586,2021,2,12
2587,2021,14,59
2588,2021,11,47
2589,2021,0,8
2590,2021,6,44
2591,2021,0,14
2592,2021,3,25
2593,2021,18,78
2594,2021,7,132
2595,2021,2,10
2596,2021,2,6
2597,2021,5,40
2598,2021,4,26
2610,2021,2,19
2611,2021,0,1
2613,2021,0,20
2614,2021,0,7
2626,2021,0,1
2629,2021,0,142
2630,2021,1,2
2631,2021,1,3
2632,2021,0,7
2633,2021,11,140
2634,2021,1,9
2635,2021,2,4
2636,2021,7,13
2637,2021,1,7
2638,2021,1,2
2640,2021,0,7
2641,2021,3,7
2642,2021,1,5
2643,2021,7,20
2644,2021,2,23
2645,2021,2,27
2646,2021,0,5
2648,2021,0,2
2649,2021,0,1
2650,2021,5,20
2651,2021,4,6
2652,2021,1,2
2653,2021,0,3
2654,2021,1,3
2655,2021,0,27
2656,2021,12,27
2658,2021,7,22
2659,2021,76,286
2660,2021,55,150
2661,2021,30,139
2662,2021,0,5
2663,2021,2,9
2664,2021,0,8
2665,2021,6,21
2666,2021,31,157
2667,2021,4,12
2668,2021,0,1
2669,2021,1,47
2679,2021,0,18
2680,2021,0,7
2682,2021,0,1
2683,2021,0,7
2697,2021,1,1
2698,2021,0,2
2699,2021,0,1
2700,2021,10,31
2701,2021,1,2
2702,2021,2,77
2703,2021,0,2
2705,2021,1,4
2706,2021,3,8
2707,2021,1,3
2708,2021,0,4
2709,2021,4,13
2711,2021,5,27
2712,2021,2,10
2713,2021,0,6
2714,2021,2,12
2715,2021,0,3
2716,2021,2,3
2717,2021,1,2
2718,2021,4,45
2722,2021,0,2
2723,2021,1,5
2724,2021,5,34
2725,2021,1,12
2726,2021,1,5
2727,2021,5,34
2728,2021,30,206
2729,2021,18,77
2730,2021,4,12
2731,2021,0,5
2732,2021,3,12
2733,2021,6,31
2735,2021,1,2
2736,2021,6,40
2737,2021,12,79
2743,2021,0,2
2745,2021,0,7
2746,2021,3,15
2747,2021,2,19
2748,2021,0,5
2749,2021,1,4
2750,2021,0,19
2751,2021,0,8
2752,2021,0,73
2755,2021,1,149
2756,2021,0,4
2758,2021,0,2
2762,2021,10,532
2763,2021,21,36
2764,2021,3,15
2767,2021,0,5
2768,2021,34,177
2769,2021,21,44
2770,2021,1,8
2771,2021,0,19
2772,2021,13,81
2773,2021,2,32
2774,2021,0,1
2775,2021,1,9
2776,2021,0,5
2777,2021,1,12
2778,2021,1,6
2780,2021,1,4
2781,2021,1,14
2782,2021,0,6
2784,2021,2,4
2785,2021,1,4
2786,2021,0,34
2787,2021,2,5
2788,2021,0,2
2789,2021,1,18
2790,2021,12,152
2791,2021,1,6
2792,2021,1,3
2793,2021,1,2
2794,2021,3,10
2795,2021,2,7
2796,2021,4,15
2797,2021,1,3
2798,2021,1,1
2799,2021,0,1
2800,2021,1,2
2801,2021,1,1
2802,2021,4,77
2803,2021,11,153
2806,2021,0,14
2808,2021,0,2
2809,2021,16,739
2810,2021,13,124
2811,2021,1,12
2814,2021,0,12
2815,2021,0,13
2816,2021,0,4
2819,2021,7,530
2827,2021,0,2
2828,2021,0,2
2829,2021,12,27
2830,2021,0,1
2831,2021,0,2
2832,2021,0,2
2833,2021,9,22
2834,2021,8,30
2835,2021,124,726
2836,2021,22,295
2837,2021,3,10
2838,2021,5,10
2839,2021,1,4
2840,2021,0,6
2841,2021,1,10
2842,2021,1,13
2843,2021,1,2
2844,2021,1,29
2845,2021,0,17
2846,2021,0,4
2848,2021,2,3
2849,2021,1,3
2850,2021,2,6
2851,2021,1,5
2852,2021,1,10
2853,2021,1,11
2854,2021,1,4
2855,2021,0,1
2856,2021,3,11
2857,2021,4,99
2858,2021,5,21
2859,2021,2,4
2860,2021,0,6
2862,2021,1,1
2863,2021,0,9
2864,2021,0,8
2865,2021,15,75
2866,2021,9,30
2869,2021,4,18
2870,2021,51,349
2871,2021,12,105
2872,2021,6,16
2873,2021,75,371
2888,2021,0,1
2889,2021,2,9
2890,2021,2,13
2891,2021,2,6
2892,2021,0,4
2893,2021,5,10
2894,2021,11,27
2895,2021,88,446
2896,2021,89,1665
2897,2021,13,619
2898,2021,20,25
2899,2021,13,35
2900,2021,3,8
2901,2021,2,8
2902,2021,0,5
2903,2021,2,3
2904,2021,1,3
2905,2021,3,27
2906,2021,0,5
2907,2021,0,1
2909,2021,3,6
2910,2021,1,2
2911,2021,0,1
2912,2021,1,5
2913,2021,2,5
2914,2021,2,16
2915,2021,0,2
2916,2021,4,40
2917,2021,3,167
2918,2021,3,12
2919,2021,2,15
2920,2021,0,1
2921,2021,0,3
2923,2021,0,3
2924,2021,3,13
2925,2021,0,4
2926,2021,20,153
2927,2021,4,12
2928,2021,11,106
2929,2021,61,259
2930,2021,0,12
2931,2021,1,22
2932,2021,0,2
2944,2021,0,2
2945,2021,0,14
2946,2021,0,8
2947,2021,3,10
2948,2021,1,9
2949,2021,21,146
2950,2021,10,30
2951,2021,2,14
2952,2021,2,33
2953,2021,30,92
2954,2021,3,127
2955,2021,0,11
2956,2021,6,33
2957,2021,28,109
2958,2021,4,21
2959,2021,1,13
2960,2021,3,22
2961,2021,0,1
2962,2021,0,6
2963,2021,2,22
2964,2021,0,1
2965,2021,6,19
2966,2021,0,2
2967,2021,5,29
2969,2021,0,9
2970,2021,0,4
2971,2021,2,3
2972,2021,1,4
2973,2021,1,4
2975,2021,6,37
2976,2021,0,9
2977,2021,2,7
2978,2021,0,9
2979,2021,0,1
2980,2021,1,2
2981,2021,0,1
2982,2021,0,1
2983,2021,0,6
2984,2021,3,21
2985,2021,1,6
2986,2021,0,4
2987,2021,0,439
2995,2021,9,46
2996,2021,4,29
2997,2021,2,9
2998,2021,1,6
2999,2021,5,12
3000,2021,5,10
3001,2021,6,14
3002,2021,0,3
3003,2021,0,3
3004,2021,5,20
3005,2021,1,7
3006,2021,0,10
3007,2021,14,49
3008,2021,3,23
3009,2021,2,16
3010,2021,2,7
3012,2021,0,2
3013,2021,1,3
3014,2021,0,1
3015,2021,0,2
3016,2021,0,4
3017,2021,1,2
3018,2021,0,1
3019,2021,0,9
3020,2021,0,5
3021,2021,1,3
3022,2021,0,2
3024,2021,1,6
3026,2021,3,12
3027,2021,0,1
3028,2021,0,3
3029,2021,2,8
3030,2021,0,2
3031,2021,0,2
3032,2021,0,1
3033,2021,0,6
3034,2021,0,19
3035,2021,7,37
3043,2021,17,50
3044,2021,1,8
3045,2021,0,4
3046,2021,21,103
3047,2021,15,125
3048,2021,2,10
3049,2021,0,1
3050,2021,16,75
3051,2021,97,233
3052,2021,11,18
3053,2021,21,110
3054,2021,4,28
3055,2021,12,29
3056,2021,2,12
3057,2021,5,100
3058,2021,14,94
3059,2021,0,4
3060,2021,1,3
3061,2021,0,6
3062,2021,0,4
3063,2021,0,1
3064,2021,2,20
3065,2021,1,3
3066,2021,0,2
3067,2021,5,10
3068,2021,3,160
3069,2021,1,1
3070,2021,0,2
3071,2021,0,3
3072,2021,0,1
3073,2021,1,10
3074,2021,0,2
3075,2021,1,3
3076,2021,3,7
3077,2021,3,14
3078,2021,2,12
3079,2021,0,5
3081,2021,13,27
3082,2021,2,19
3083,2021,7,64
3086,2021,1,17
3087,2021,4,93
3090,2021,0,1
3091,2021,0,1
3092,2021,0,6
3093,2021,0,8
3094,2021,0,1
3095,2021,5,16
3096,2021,4,17
3097,2021,6,28
3098,2021,0,19
3099,2021,35,110
3100,2021,3,40
3101,2021,0,3
3102,2021,2,9
3103,2021,18,32
3104,2021,0,8
3105,2021,13,48
3106,2021,2,18
3107,2021,1,5
3108,2021,1,6
3109,2021,5,29
3111,2021,0,12
3112,2021,0,3
3113,2021,0,2
3114,2021,0,4
3115,2021,0,6
3116,2021,2,4
3117,2021,1,12
3118,2021,0,5
3119,2021,1,30
3120,2021,3,32
3121,2021,1,11
3122,2021,2,6
3123,2021,1,5
3124,2021,9,189
3125,2021,5,47
3126,2021,0,4
3127,2021,2,9
3128,2021,1,5
3129,2021,10,46
3130,2021,10,106
3133,2021,3,49
3134,2021,1,111
3137,2021,0,4
3138,2021,1,2
3139,2021,0,6
3140,2021,3,13
3141,2021,2,106
3142,2021,4,11
3143,2021,22,78
3144,2021,59,221
3145,2021,203,1116
3146,2021,36,123
3147,2021,219,667
3148,2021,7,38
3149,2021,5,69
3150,2021,6,26
3151,2021,2,33
3152,2021,0,4
3153,2021,0,2
3154,2021,0,4
3155,2021,0,8
3156,2021,0,7
3157,2021,29,458
3158,2021,13,149
3159,2021,4,45
3160,2021,41,103
3161,2021,0,44
3162,2021,9,90
3163,2021,2,27
3164,2021,10,125
3165,2021,0,31
3166,2021,0,25
3167,2021,12,31
3168,2021,8,28
3169,2021,0,3
3170,2021,1,17
3171,2021,10,55
3172,2021,1,1
3173,2021,6,15
3174,2021,132,784
3175,2021,38,145
3176,2021,8,45
3177,2021,4,26
3179,2021,0,1
3180,2021,1,24
3183,2021,0,3
3185,2021,1,15
3186,2021,1,9
3187,2021,7,34
3188,2021,5,28
3189,2021,35,117
3190,2021,32,111
3191,2021,97,361
3192,2021,85,844
3193,2021,18,61
3194,2021,18,57
3195,2021,6,55
3196,2021,135,442
3197,2021,8,48
3198,2021,4,14
3199,2021,1,12
3200,2021,1,17
3201,2021,0,12
3202,2021,0,4
3203,2021,0,35
3204,2021,0,1
3205,2021,0,4
3206,2021,4,91
3207,2021,2,42
3209,2021,0,1
3210,2021,2,10
3211,2021,0,3
3213,2021,5,17
3214,2021,6,24
3215,2021,1,44
3216,2021,6,35
3217,2021,8,62
3221,2021,38,85
3223,2021,10,83
3224,2021,1,16
3225,2021,3,20
3226,2021,19,61
3227,2021,16,55
3228,2021,348,1308
3229,2021,102,283
3230,2021,21,78
3231,2021,2,13
3232,2021,25,66
3233,2021,52,198
3234,2021,27,941
3235,2021,49,267
3236,2021,1,77
3238,2021,0,18
3240,2021,0,2
3241,2021,0,1
3242,2021,0,8
3243,2021,0,8
3244,2021,0,13
3245,2021,1,12
3246,2021,1,5
3247,2021,6,61
3248,2021,7,44
3249,2021,11,145
3250,2021,40,639
3251,2021,2,93
3252,2021,0,32
3253,2021,0,36
3254,2021,0,5
3255,2021,0,1
3256,2021,1,7
3257,2021,1,1
3258,2021,1,14
3259,2021,1,8
3260,2021,8,120
3261,2021,15,50
3262,2021,0,3
3263,2021,2,7
3264,2021,4,16
3265,2021,0,2
3266,2021,47,226
3267,2021,2,47
3275,2021,14,89
3276,2021,11,65
3277,2021,14,175
3278,2021,15,76
3279,2021,5,71
3281,2021,0,3
3283,2021,2,6
3284,2021,10,44
3285,2021,4,13
3286,2021,1,14
3287,2021,1,9
3288,2021,2,26
3289,2021,10,42
3290,2021,1,20
3291,2021,8,36
3292,2021,37,396
3293,2021,10,487
3294,2021,4,102
3295,2021,15,45
3296,2021,12,23
3297,2021,0,56
3299,2021,0,1
3300,2021,2,9
3301,2021,18,49
3302,2021,20,55
3303,2021,1,20
3304,2021,7,11
3305,2021,55,140
3306,2021,0,13
3309,2021,32,244
3310,2021,2,15
3311,2021,4,33
3312,2021,1,3
3313,2021,13,54
3314,2021,1,12
3316,2021,2,10
3317,2021,0,1
3318,2021,0,2
3319,2021,11,30
3320,2021,35,159
3321,2021,8,55
3322,2021,3,119
3323,2021,13,98
3324,2021,0,5
3325,2021,0,4
3326,2021,3,51
3327,2021,11,171
3328,2021,123,278
3330,2021,6,16
3331,2021,10,54
3332,2021,28,74
3333,2021,0,15
3334,2021,1,219
3335,2021,18,87
3336,2021,5,15
3337,2021,3,65
3338,2021,0,297
3339,2021,1,3
3340,2021,2,5
3341,2021,5,12
3342,2021,1,11
3343,2021,1,4
3344,2021,3,75
3345,2021,0,9
3346,2021,4,106
3348,2021,5,50
3349,2021,1,15
3350,2021,0,23
3351,2021,6,18
3354,2021,11,38
3355,2021,0,18
3356,2021,0,116
3357,2021,0,128
3358,2021,18,141
3359,2021,1,15
3361,2021,0,6
8,2022,1,58
15,2022,0,35
16,2022,3,105
17,2022,3,42
18,2022,3,22
19,2022,2,41
20,2022,1,9
27,2022,0,43
28,2022,0,17
29,2022,0,6
30,2022,0,6
31,2022,6,19
32,2022,4,50
33,2022,4,12
34,2022,2,4
35,2022,2,13
36,2022,1,40
37,2022,16,179
49,2022,10,65
50,2022,4,22
51,2022,8,24
52,2022,1,5
53,2022,0,2
54,2022,8,46
55,2022,10,483
56,2022,0,2
59,2022,0,8
60,2022,0,5
63,2022,1,6
64,2022,1,8
65,2022,1,5
76,2022,0,9
77,2022,19,290
78,2022,24,62
79,2022,0,2
80,2022,1,3
81,2022,1,4
82,2022,19,68
83,2022,0,80
84,2022,0,4
92,2022,3,68
93,2022,1,5
94,2022,0,6
98,2022,0,1
99,2022,0,3
100,2022,0,4
101,2022,0,2
102,2022,0,8
103,2022,1,5
114,2022,0,14
115,2022,2,56
116,2022,4,23
117,2022,0,10
118,2022,0,5
119,2022,0,1
120,2022,7,23
123,2022,0,1
130,2022,0,7
137,2022,0,3
139,2022,0,10
141,2022,0,2
144,2022,0,3
146,2022,0,6
148,2022,1,3
149,2022,0,8
150,2022,0,6
152,2022,0,13
153,2022,2,26
154,2022,0,8
157,2022,0,108
164,2022,0,10
165,2022,0,1
166,2022,9,96
167,2022,0,7
168,2022,0,1
169,2022,5,19
170,2022,3,31
171,2022,5,34
172,2022,0,1
173,2022,0,3
175,2022,0,10
177,2022,0,2
182,2022,0,1
190,2022,2,9
191,2022,0,6
192,2022,1,1
197,2022,0,7
198,2022,4,7
201,2022,6,11
202,2022,7,17
203,2022,1,7
205,2022,0,1
206,2022,7,45
207,2022,0,2
208,2022,0,4
209,2022,2,35
210,2022,2,24
212,2022,0,4
216,2022,0,839
223,2022,1,10
224,2022,1,1
225,2022,0,16
226,2022,1,2
229,2022,6,76
230,2022,47,194
231,2022,1,5
232,2022,1,3
233,2022,1,3
239,2022,0,1
247,2022,1,2
250,2022,0,2
253,2022,0,4
255,2022,4,8
256,2022,0,1
257,2022,1,6
262,2022,2,10
263,2022,10,57
264,2022,0,15
265,2022,0,34
266,2022,0,49
267,2022,1,33
269,2022,1,3
270,2022,2,6
271,2022,3,64
272,2022,0,17
273,2022,0,3
274,2022,0,9
275,2022,37,209
287,2022,1,13
288,2022,1,3
289,2022,1,3
290,2022,1,6
292,2022,18,66
293,2022,0,10
294,2022,4,6
295,2022,0,16
296,2022,0,8
298,2022,0,3
299,2022,1,3
300,2022,3,9
309,2022,0,40
311,2022,0,1
312,2022,0,8
313,2022,0,1
314,2022,0,3
319,2022,4,7
320,2022,1,13
322,2022,11,47
323,2022,0,2
324,2022,1,3
325,2022,1,8
326,2022,2,11
327,2022,32,154
328,2022,2,10
329,2022,3,13
332,2022,3,12
333,2022,0,5
334,2022,1,3
335,2022,3,9
336,2022,7,81
337,2022,5,39
338,2022,4,34
339,2022,2,26
351,2022,0,35
354,2022,0,1
356,2022,1,12
358,2022,1,6
360,2022,0,3
362,2022,0,3
363,2022,1,10
372,2022,0,39
373,2022,0,108
374,2022,4,21
375,2022,0,1
376,2022,1,6
377,2022,0,4
378,2022,0,3
379,2022,0,1
380,2022,1,4
383,2022,1,6
384,2022,2,10
385,2022,2,33
386,2022,5,21
387,2022,2,5
388,2022,1,6
389,2022,12,109
390,2022,10,39
391,2022,8,45
392,2022,3,9
394,2022,0,5
395,2022,3,15
396,2022,0,4
397,2022,1,4
398,2022,0,4
399,2022,0,3
400,2022,0,30
401,2022,24,415
402,2022,22,96
403,2022,6,30
404,2022,1,33
405,2022,1,28
406,2022,7,24
407,2022,2,34
408,2022,8,82
409,2022,69,232
410,2022,32,192
424,2022,4,12
425,2022,2,9
428,2022,1,6
429,2022,0,1
430,2022,0,2
431,2022,0,4
432,2022,1,14
433,2022,5,42
434,2022,0,3
441,2022,1,2
444,2022,0,3
445,2022,1,3
446,2022,0,3
448,2022,0,2
449,2022,2,22
451,2022,1,8
452,2022,0,3
453,2022,1,1
455,2022,9,66
456,2022,2,25
457,2022,0,4
458,2022,0,5
459,2022,4,24
460,2022,0,18
461,2022,0,10
462,2022,15,89
463,2022,4,11
464,2022,8,38
465,2022,9,30
466,2022,0,1
467,2022,0,2
468,2022,0,5
469,2022,40,107
470,2022,3,30
471,2022,5,29
472,2022,0,5
473,2022,2,5
474,2022,13,48
475,2022,72,284
476,2022,6,77
477,2022,2,12
478,2022,0,61
479,2022,14,143
480,2022,7,78
481,2022,4,33
482,2022,2,45
483,2022,1,17
484,2022,9,67
485,2022,16,102
500,2022,0,3
501,2022,2,33
505,2022,0,3
506,2022,1,6
507,2022,2,4
508,2022,1,37
509,2022,4,15
510,2022,1,7
512,2022,2,6
513,2022,1,4
521,2022,0,4
532,2022,0,7
533,2022,10,26
534,2022,0,2
535,2022,8,46
536,2022,2,9
537,2022,3,13
538,2022,4,22
539,2022,7,28
540,2022,7,32
541,2022,0,3
542,2022,17,77
543,2022,2,17
544,2022,2,4
546,2022,3,10
547,2022,3,5
548,2022,2,3
549,2022,5,22
550,2022,13,154
552,2022,9,88
553,2022,6,35
554,2022,4,44
555,2022,10,65
556,2022,62,524
557,2022,50,259
558,2022,5,82
559,2022,3,71
560,2022,26,99
561,2022,29,201
562,2022,4,46
577,2022,0,11
580,2022,0,2
581,2022,0,1
582,2022,0,4
583,2022,0,1
584,2022,0,1
585,2022,0,16
586,2022,0,324
587,2022,0,63
588,2022,1,16
604,2022,0,5
605,2022,1,3
607,2022,0,2
609,2022,0,1
610,2022,0,3
611,2022,0,9
612,2022,3,26
613,2022,1,3
614,2022,10,37
615,2022,0,7
616,2022,1,8
617,2022,2,9
618,2022,1,6
619,2022,12,40
620,2022,1,9
621,2022,1,7
622,2022,0,5
625,2022,0,4
626,2022,14,79
627,2022,3,27
628,2022,0,9
629,2022,0,9
630,2022,68,445
631,2022,3,51
632,2022,14,57
633,2022,6,30
634,2022,8,40
635,2022,38,549
636,2022,50,244
637,2022,102,327
638,2022,9,59
639,2022,8,81
640,2022,7,45
662,2022,0,12
663,2022,0,114
664,2022,1,514
666,2022,0,14
668,2022,0,15
669,2022,0,19
670,2022,1,6
671,2022,0,1
685,2022,0,4
686,2022,0,3
687,2022,0,1
688,2022,0,11
689,2022,0,7
690,2022,16,101
691,2022,63,393
692,2022,28,111
693,2022,1,5
694,2022,1,10
695,2022,1,4
696,2022,1,2
697,2022,4,27
698,2022,2,6
699,2022,4,11
700,2022,2,5
701,2022,3,32
703,2022,8,49
704,2022,3,26
705,2022,2,14
706,2022,1,1
707,2022,1,4
708,2022,4,11
709,2022,5,58
710,2022,3,7
711,2022,8,19
712,2022,1,23
713,2022,16,73
714,2022,12,167
715,2022,110,342
716,2022,20,105
717,2022,28,315
718,2022,1,118
739,2022,0,9
740,2022,0,23
741,2022,2,20
742,2022,0,47
744,2022,0,1
747,2022,0,12
748,2022,1,7
751,2022,7,52
752,2022,1,2
753,2022,3,8
759,2022,0,2
760,2022,1,20
763,2022,0,4
764,2022,0,2
765,2022,2,11
766,2022,2,7
767,2022,2,2
768,2022,1,8
769,2022,139,1233
770,2022,71,391
771,2022,4,18
772,2022,6,29
773,2022,2,6
774,2022,0,8
775,2022,65,209
776,2022,1,5
777,2022,4,17
778,2022,11,56
779,2022,2,8
780,2022,3,9
781,2022,2,29
782,2022,6,16
783,2022,2,21
784,2022,3,19
785,2022,0,13
787,2022,1,9
788,2022,2,21
789,2022,9,30
790,2022,1,4
791,2022,1,16
792,2022,9,66
793,2022,12,141
794,2022,22,211
795,2022,75,342
796,2022,231,2615
797,2022,32,226
819,2022,1,9
820,2022,0,521
821,2022,0,228
822,2022,0,7
824,2022,0,1
827,2022,0,2
830,2022,0,9
831,2022,0,17
832,2022,2,33
837,2022,4,23
839,2022,2,12
840,2022,7,18
842,2022,5,22
843,2022,2,57
844,2022,0,4
846,2022,0,9
847,2022,2,8
848,2022,14,87
849,2022,33,111
850,2022,7,26
851,2022,0,5
852,2022,5,10
853,2022,4,8
854,2022,2,29
855,2022,1,13
856,2022,29,96
857,2022,4,22
859,2022,6,31
860,2022,0,6
861,2022,0,5
862,2022,1,10
863,2022,2,4
864,2022,1,3
865,2022,0,2
867,2022,9,178
868,2022,2,13
869,2022,5,44
870,2022,80,303
871,2022,13,69
872,2022,55,596
873,2022,9,44
874,2022,3,17
875,2022,6,29
876,2022,39,263
877,2022,13,95
878,2022,42,539
879,2022,15,290
880,2022,143,1140
881,2022,73,389
882,2022,24,314
883,2022,0,50
904,2022,0,63
906,2022,0,5
911,2022,1,4
919,2022,22,318
921,2022,0,251
922,2022,0,32
924,2022,0,1
925,2022,0,3
926,2022,0,4
928,2022,0,1
930,2022,4,11
931,2022,1,2
932,2022,1,4
933,2022,0,3
934,2022,3,38
935,2022,3,18
936,2022,1,14
937,2022,13,60
938,2022,6,24
939,2022,5,85
940,2022,8,27
941,2022,11,37
942,2022,11,51
943,2022,3,22
944,2022,4,28
945,2022,0,7
946,2022,3,10
947,2022,3,14
948,2022,25,83
949,2022,16,90
950,2022,2,13
951,2022,1,4
952,2022,0,4
953,2022,59,337
954,2022,140,356
955,2022,9,41
956,2022,10,40
957,2022,6,51
958,2022,69,544
959,2022,1,13
960,2022,7,20
961,2022,8,43
962,2022,21,143
963,2022,9,105
964,2022,31,258
965,2022,39,284
966,2022,35,228
967,2022,36,159
968,2022,30,177
969,2022,2,25
996,2022,1,7
1004,2022,0,1
1005,2022,0,78
1006,2022,1,1
1013,2022,1,6
1014,2022,2,2
1015,2022,1,2
1016,2022,9,43
1017,2022,1,3
1018,2022,3,12
1019,2022,1,1
1020,2022,0,1
1021,2022,3,11
1023,2022,1,5
1024,2022,32,55
1025,2022,3,17
1026,2022,2,18
1027,2022,13,74
1028,2022,9,53
1029,2022,19,59
1030,2022,40,231
1032,2022,19,86
1033,2022,32,126
1034,2022,10,33
1035,2022,4,40
1036,2022,12,57
1037,2022,25,80
1038,2022,6,48
1039,2022,4,44
1040,2022,1,14
1041,2022,3,21
1042,2022,2,8
1043,2022,3,50
1044,2022,2,20
1045,2022,28,99
1046,2022,2,7
1047,2022,18,46
1048,2022,41,230
1049,2022,40,240
1050,2022,68,550
1051,2022,40,174
1052,2022,24,130
1079,2022,1,11
1083,2022,0,15
1085,2022,0,1
1087,2022,1,2
1088,2022,1,6
1089,2022,0,48
1091,2022,0,1
1093,2022,2,2
1095,2022,0,1
1096,2022,0,3
1099,2022,0,3
1104,2022,0,1
1105,2022,0,6
1106,2022,1,3
1107,2022,0,1
1108,2022,2,17
1109,2022,2,7
1110,2022,13,63
1111,2022,59,573
1112,2022,29,95
1113,2022,26,241
1114,2022,24,75
1115,2022,19,66
1116,2022,11,44
1117,2022,93,316
1118,2022,96,303
1119,2022,156,543
1120,2022,2,25
1122,2022,15,106
1123,2022,5,30
1124,2022,22,102
1125,2022,1,5
1126,2022,2,5
1127,2022,2,8
1128,2022,1,7
1129,2022,10,49
1130,2022,18,80
1131,2022,15,47
1132,2022,78,280
1133,2022,249,639
1134,2022,68,234
1160,2022,0,10
1166,2022,0,8
1170,2022,1,4
1171,2022,0,14
1172,2022,1,4
1177,2022,0,6
1178,2022,0,2
1180,2022,0,1
1181,2022,1,4
1182,2022,4,14
1183,2022,3,10
1184,2022,0,1
1186,2022,3,4
1187,2022,1,3
1189,2022,2,2
1190,2022,18,61
1191,2022,1,2
1192,2022,1,3
1193,2022,8,21
1194,2022,2,9
1195,2022,21,190
1196,2022,10,50
1197,2022,27,182
1198,2022,8,46
1199,2022,36,157
1200,2022,2,20
1201,2022,7,32
1202,2022,38,642
1203,2022,12,92
1204,2022,2,38
1205,2022,6,37
1206,2022,15,62
1207,2022,12,47
1208,2022,6,28
1209,2022,5,49
1210,2022,5,20
1211,2022,6,23
1212,2022,9,40
1213,2022,16,88
1214,2022,46,148
1215,2022,32,152
1216,2022,322,1672
1217,2022,101,2893
1252,2022,0,3
1253,2022,1,12
1255,2022,0,1
1265,2022,0,2
1268,2022,0,1
1269,2022,4,10
1270,2022,63,174
1271,2022,1,4
1273,2022,23,91
1274,2022,0,4
1275,2022,2,6
1276,2022,4,24
1277,2022,14,201
1278,2022,13,78
1279,2022,159,698
1280,2022,89,1293
1281,2022,7,12
1282,2022,3,65
1283,2022,1,25
1284,2022,0,18
1285,2022,1,11
1286,2022,18,124
1287,2022,25,150
1288,2022,30,114
1289,2022,43,231
1290,2022,164,807
1291,2022,12,42
1292,2022,48,127
1293,2022,71,169
1294,2022,7,36
1295,2022,8,17
1296,2022,29,204
1297,2022,2,16
1298,2022,4,58
1299,2022,8,44
1300,2022,40,213
1301,2022,93,285
1302,2022,172,771
1303,2022,35,114
1333,2022,0,11
1334,2022,0,37
1335,2022,0,57
1338,2022,0,44
1340,2022,0,1
1345,2022,0,1
1346,2022,0,2
1350,2022,0,2
1351,2022,0,9
1352,2022,0,8
1354,2022,0,5
1355,2022,59,131
1356,2022,2,13
1357,2022,1,3
1358,2022,44,110
1359,2022,0,9
1360,2022,3,26
1361,2022,0,5
1362,2022,0,2
1363,2022,0,14
1364,2022,46,187
1365,2022,49,133
1366,2022,8,116
1367,2022,6,31
1368,2022,0,20
1369,2022,11,82
1370,2022,3,15
1371,2022,11,37
1372,2022,7,26
1373,2022,0,6
1374,2022,26,124
1375,2022,156,696
1376,2022,16,48
1377,2022,59,107
1378,2022,71,269
1379,2022,41,201
1380,2022,8,30
1381,2022,6,60
1382,2022,4,17
1383,2022,46,152
1384,2022,9,58
1385,2022,71,248
1386,2022,498,2116
1387,2022,29,87
1388,2022,2,83
1418,2022,0,17
1420,2022,3,42
1421,2022,0,5
1426,2022,0,5
1427,2022,2,12
1432,2022,4,4
1433,2022,0,2
1434,2022,0,7
1435,2022,32,285
1437,2022,0,2
1438,2022,2,7
1439,2022,2,15
1440,2022,2,11
1441,2022,4,4
1443,2022,0,4
1444,2022,4,11
1445,2022,0,4
1446,2022,2,11
1447,2022,3,17
1448,2022,2,17
1449,2022,5,54
1450,2022,2,6
1451,2022,1,3
1452,2022,1,3
1453,2022,11,47
1454,2022,0,7
1455,2022,2,15
1456,2022,1,13
1457,2022,7,41
1458,2022,28,118
1459,2022,6,36
1460,2022,7,23
1461,2022,13,50
1462,2022,180,562
1463,2022,52,163
1464,2022,13,40
1465,2022,4,7
1466,2022,7,34
1467,2022,18,103
1468,2022,24,93
1469,2022,53,291
1470,2022,24,131
1471,2022,11,82
1472,2022,0,11
1504,2022,15,244
1505,2022,0,34
1508,2022,0,1
1512,2022,0,1
1514,2022,0,1
1515,2022,4,18
1517,2022,0,1
1518,2022,20,185
1519,2022,4,18
1520,2022,0,1
1521,2022,0,1
1522,2022,3,8
1524,2022,0,1
1526,2022,1,4
1527,2022,4,18
1528,2022,1,4
1529,2022,8,29
1530,2022,8,39
1531,2022,3,35
1532,2022,0,4
1533,2022,1,5
1534,2022,15,350
1535,2022,0,5
1536,2022,3,25
1537,2022,6,38
1538,2022,4,30
1539,2022,39,111
1540,2022,1,15
1541,2022,99,454
1542,2022,3,22
1543,2022,0,7
1544,2022,1,7
1545,2022,11,21
1546,2022,25,172
1547,2022,15,67
1548,2022,53,179
1549,2022,11,38
1550,2022,39,153
1551,2022,93,288
1552,2022,213,874
1553,2022,61,169
1554,2022,20,123
1555,2022,7,146
1584,2022,0,9
1586,2022,11,780
1587,2022,11,307
1588,2022,0,1
1589,2022,0,1
1594,2022,0,1
1598,2022,0,19
1600,2022,0,1
1601,2022,1,8
1604,2022,0,1
1605,2022,2,5
1606,2022,2,2
1607,2022,1,11
1608,2022,0,1
1609,2022,1,1
1610,2022,1,1
1611,2022,0,4
1612,2022,0,4
1613,2022,8,11
1614,2022,4,14
1615,2022,44,378
1616,2022,12,50
1617,2022,0,15
1618,2022,13,151
1619,2022,37,255
1620,2022,5,42
1621,2022,15,74
1622,2022,25,163
1623,2022,11,41
1624,2022,7,87
1625,2022,4,22
1626,2022,4,16
1627,2022,0,15
1628,2022,0,1
1629,2022,47,166
1630,2022,28,89
1631,2022,7,12
1632,2022,75,214
1633,2022,92,282
1634,2022,967,3675
1635,2022,141,606
1636,2022,13,98
1637,2022,30,101
1638,2022,45,150
1668,2022,0,257
1669,2022,6,481
1670,2022,57,797
1676,2022,1,3
1678,2022,0,1
1684,2022,0,1
1686,2022,0,9
1687,2022,1,6
1688,2022,1,3
1690,2022,1,1
1692,2022,0,1
1693,2022,1,17
1694,2022,2,7
1695,2022,1,8
1696,2022,9,56
1697,2022,3,14
1698,2022,4,7
1699,2022,1,2
1700,2022,3,40
1701,2022,6,56
1702,2022,4,109
1703,2022,0,11
1704,2022,91,251
1705,2022,40,196
1706,2022,2,9
1707,2022,1,13
1708,2022,5,27
1709,2022,33,104
1710,2022,6,26
1711,2022,11,36
1712,2022,5,28
1713,2022,18,56
1714,2022,1,8
1715,2022,61,112
1716,2022,11,86
1717,2022,69,391
1718,2022,30,94
1719,2022,39,159
1720,2022,31,128
1721,2022,30,214
1752,2022,0,253
1755,2022,0,3
1758,2022,1,9
1759,2022,0,1
1760,2022,1,1
1761,2022,0,1
1762,2022,0,4
1763,2022,4,4
1764,2022,0,1
1765,2022,0,1
1768,2022,0,4
1769,2022,0,15
1770,2022,2,5
1772,2022,0,2
1773,2022,3,4
1776,2022,0,8
1777,2022,0,2
1778,2022,2,9
1779,2022,1,2
1780,2022,28,205
1781,2022,2,15
1782,2022,2,9
1783,2022,29,122
1784,2022,10,42
1785,2022,2,5
1786,2022,15,47
1787,2022,33,236
1788,2022,0,3
1789,2022,2,10
1790,2022,2,14
1791,2022,2,7
1792,2022,2,5
1793,2022,6,24
1794,2022,2,12
1795,2022,7,50
1796,2022,8,61
1797,2022,55,143
1798,2022,15,54
1799,2022,19,175
1800,2022,34,170
1801,2022,11,63
1802,2022,4,11
1803,2022,12,126
1834,2022,11,331
1841,2022,0,12
1843,2022,0,5
1845,2022,1,1
1846,2022,0,1
1847,2022,0,1
1848,2022,7,53
1849,2022,0,7
1850,2022,8,101
1851,2022,36,191
1852,2022,10,37
1853,2022,0,7
1854,2022,0,6
1855,2022,56,299
1856,2022,4,27
1857,2022,4,11
1858,2022,4,61
1859,2022,22,50
1860,2022,1,9
1861,2022,1,5
1862,2022,1,3
1863,2022,0,2
1864,2022,0,6
1865,2022,2,16
1866,2022,0,1
1867,2022,2,19
1868,2022,3,6
1869,2022,1,4
1870,2022,0,4
1871,2022,0,1
1872,2022,10,34
1873,2022,9,22
1874,2022,10,29
1875,2022,5,18
1876,2022,3,20
1877,2022,4,9
1878,2022,11,74
1879,2022,20,110
1880,2022,10,34
1881,2022,81,429
1882,2022,9,27
1883,2022,5,24
1914,2022,0,21
1915,2022,1,28
1922,2022,0,2
1924,2022,1,5
1925,2022,0,2
1927,2022,1,7
1929,2022,1,7
1931,2022,0,8
1932,2022,4,65
1933,2022,7,18
1934,2022,8,18
1935,2022,3,13
1936,2022,4,20
1937,2022,7,37
1938,2022,3,19
1939,2022,46,162
1940,2022,32,221
1941,2022,2,7
1942,2022,0,2
1943,2022,1,1
1944,2022,1,1
1945,2022,0,6
1946,2022,2,5
1947,2022,1,10
1948,2022,54,319
1949,2022,1,17
1950,2022,37,228
1951,2022,0,4
1952,2022,0,5
1953,2022,1,1
1954,2022,4,6
1955,2022,0,5
1956,2022,27,62
1957,2022,12,43
1958,2022,1,12
1959,2022,19,76
1960,2022,3,11
1961,2022,10,82
1962,2022,36,155
1963,2022,10,70
1964,2022,55,352
1965,2022,4,92
1994,2022,0,39
1996,2022,0,33
1998,2022,1,4
2000,2022,1,4
2003,2022,0,4
2006,2022,0,4
2007,2022,7,16
2008,2022,2,17
2009,2022,0,3
2010,2022,1,6
2011,2022,0,2
2014,2022,0,5
2015,2022,3,12
2016,2022,1,2
2017,2022,3,8
2018,2022,0,6
2019,2022,1,4
2020,2022,3,11
2021,2022,21,30
2022,2022,0,2
2023,2022,1,2
2024,2022,2,6
2025,2022,0,4
2026,2022,7,52
2027,2022,0,8
2028,2022,0,6
2029,2022,1,14
2030,2022,2,3
2031,2022,18,78
2032,2022,4,19
2033,2022,0,3
2034,2022,0,2
2035,2022,3,19
2036,2022,1,3
2037,2022,2,11
2038,2022,39,258
2039,2022,12,46
2040,2022,3,10
2041,2022,1,4
2042,2022,1,2
2043,2022,1,1
2044,2022,1,5
2045,2022,3,22
2046,2022,18,107
2076,2022,0,3
2084,2022,0,7
2086,2022,0,1
2088,2022,3,12
2089,2022,5,31
2090,2022,1,1
2091,2022,0,1
2092,2022,1,5
2093,2022,0,3
2094,2022,0,2
2095,2022,3,7
2096,2022,7,18
2097,2022,1,2
2098,2022,1,10
2099,2022,4,13
2100,2022,0,7
2101,2022,1,7
2102,2022,1,31
2103,2022,34,116
2104,2022,3,10
2106,2022,0,7
2107,2022,1,9
2108,2022,21,37
2109,2022,0,4
2110,2022,1,4
2111,2022,1,9
2112,2022,0,4
2113,2022,0,1
2114,2022,0,9
2115,2022,8,18
2116,2022,24,102
2117,2022,4,23
2118,2022,0,9
2119,2022,3,14
2120,2022,4,27
2121,2022,1,6
2122,2022,5,14
2123,2022,1,3
2124,2022,0,2
2126,2022,0,9
2127,2022,12,149
2160,2022,0,7
2165,2022,0,1
2167,2022,0,1
2169,2022,5,23
2170,2022,16,39
2172,2022,3,16
2174,2022,1,8
2175,2022,3,10
2176,2022,0,2
2177,2022,15,55
2179,2022,3,19
2180,2022,0,3
2181,2022,1,8
2182,2022,0,4
2183,2022,8,28
2184,2022,0,9
2185,2022,8,23
2186,2022,17,85
2187,2022,1,7
2188,2022,0,4
2189,2022,5,97
2190,2022,1,6
2191,2022,1,5
2192,2022,1,5
2193,2022,1,6
2194,2022,4,9
2195,2022,2,7
2196,2022,55,192
2197,2022,10,52
2198,2022,17,71
2199,2022,6,20
2200,2022,18,82
2201,2022,22,122
2202,2022,119,535
2203,2022,56,223
2204,2022,2,20
2205,2022,1,6
2206,2022,1,5
2207,2022,3,42
2208,2022,6,28
2238,2022,1,63
2239,2022,2,23
2240,2022,0,11
2241,2022,0,23
2242,2022,0,16
2244,2022,0,3
2246,2022,0,3
2247,2022,1,2
2248,2022,0,8
2249,2022,0,3
2250,2022,0,6
2252,2022,3,5
2253,2022,3,23
2254,2022,1,14
2255,2022,0,1
2256,2022,0,3
2257,2022,3,14
2258,2022,0,3
2259,2022,5,18
2261,2022,1,6
2262,2022,0,4
2263,2022,2,9
2266,2022,2,36
2267,2022,0,1
2268,2022,7,65
2269,2022,14,57
2270,2022,4,17
2271,2022,14,44
2272,2022,5,8
2273,2022,1,4
2274,2022,28,102
2275,2022,2,12
2276,2022,10,23
2277,2022,2,33
2278,2022,9,49
2279,2022,97,258
2280,2022,17,83
2281,2022,5,17
2282,2022,18,84
2283,2022,9,30
2284,2022,66,172
2285,2022,124,886
2286,2022,4,43
2287,2022,1,19
2288,2022,1,10
2290,2022,1,14
2307,2022,0,26
2308,2022,0,109
2319,2022,0,26
2324,2022,0,3
2329,2022,0,1
2330,2022,4,16
2332,2022,0,4
2333,2022,2,7
2334,2022,1,4
2335,2022,1,3
2336,2022,18,64
2337,2022,5,28
2338,2022,3,14
2339,2022,20,83
2340,2022,8,19
2341,2022,3,19
2342,2022,11,29
2343,2022,1,2
2344,2022,2,23
2345,2022,0,11
2346,2022,64,144
2347,2022,0,1
2348,2022,1,25
2349,2022,4,19
2350,2022,1,10
2351,2022,4,12
2352,2022,84,358
2353,2022,56,157
2354,2022,4,17
2355,2022,2,11
2356,2022,3,15
2357,2022,9,166
2358,2022,162,687
2359,2022,27,106
2360,2022,15,239
2361,2022,6,24
2362,2022,1,5
2363,2022,37,242
2364,2022,14,61
2365,2022,2,13
2366,2022,6,32
2367,2022,1,20
2368,2022,0,2
2369,2022,0,2
2370,2022,2,17
2371,2022,2,52
2385,2022,18,119
2386,2022,2,66
2397,2022,2,31
2398,2022,0,4
2399,2022,1,2
2403,2022,0,1
2406,2022,0,4
2407,2022,0,2
2409,2022,2,6
2411,2022,1,5
2412,2022,6,58
2413,2022,7,27
2414,2022,9,136
2415,2022,10,26
2416,2022,2,9
2417,2022,27,146
2418,2022,4,7
2419,2022,6,40
2420,2022,3,53
2421,2022,1,10
2422,2022,1,3
2423,2022,9,37
2424,2022,7,183
2425,2022,0,4
2426,2022,0,7
2427,2022,0,11
2428,2022,1,5
2429,2022,0,7
2430,2022,6,90
2431,2022,2,18
2432,2022,1,7
2433,2022,3,20
2434,2022,4,21
2435,2022,0,9
2436,2022,3,21
2437,2022,6,77
2438,2022,22,94
2439,2022,8,32
2440,2022,7,196
2441,2022,37,116
2442,2022,9,34
2443,2022,7,36
2444,2022,0,14
2445,2022,3,9
2446,2022,0,1
2447,2022,1,16
2448,2022,5,19
2461,2022,0,32
2462,2022,1,12
2463,2022,6,36
2464,2022,1,11
2480,2022,1,22
2481,2022,1,11
2482,2022,2,4
2485,2022,0,10
2486,2022,1,1
2488,2022,43,181
2489,2022,6,25
2490,2022,3,26
2491,2022,0,9
2492,2022,0,5
2493,2022,3,18
2494,2022,2,376
2495,2022,0,19
2496,2022,2,70
2497,2022,3,4
2498,2022,3,10
2499,2022,1,6
2501,2022,0,7
2502,2022,41,116
2503,2022,0,6
2504,2022,1,5
2505,2022,3,4
2506,2022,5,13
2507,2022,0,4
2508,2022,40,58
2509,2022,6,26
2510,2022,33,161
2511,2022,18,143
2512,2022,8,18
2513,2022,8,39
2514,2022,0,25
2515,2022,7,89
2516,2022,4,60
2517,2022,3,10
2518,2022,1,3
2519,2022,2,4
2520,2022,5,14
2521,2022,0,1
2522,2022,0,4
2523,2022,0,6
2524,2022,9,103
2537,2022,0,89
2538,2022,2,15
2539,2022,0,16
2555,2022,1,15
2556,2022,5,20
2557,2022,0,2
2558,2022,0,1
2559,2022,0,1
2560,2022,1,3
2562,2022,2,10
2563,2022,6,86
2564,2022,19,64
2565,2022,0,1
2566,2022,0,2
2567,2022,0,3
2568,2022,0,1
2569,2022,3,12
2570,2022,1,3
2571,2022,0,2
2572,2022,7,31
2573,2022,6,21
2574,2022,1,1
2575,2022,0,2
2576,2022,2,7
2577,2022,20,51
2578,2022,3,6
2579,2022,3,12
2580,2022,1,5
2581,2022,14,41
2582,2022,11,31
2583,2022,30,148
2584,2022,1,15
2585,2022,5,21
2586,2022,2,17
2587,2022,19,85
2588,2022,15,82
2589,2022,0,10
2590,2022,1,23
2591,2022,4,22
2592,2022,5,68
2593,2022,32,78
2594,2022,6,16
2595,2022,0,9
2596,2022,2,4
2597,2022,6,43
2598,2022,7,32
2610,2022,0,27
2611,2022,3,11
2613,2022,0,36
2614,2022,0,20
2629,2022,1,59
2630,2022,1,5
2631,2022,0,1
2632,2022,0,5
2633,2022,5,110
2634,2022,2,12
2635,2022,2,5
2636,2022,4,10
2637,2022,2,9
2640,2022,1,2
2641,2022,1,6
2642,2022,0,1
2643,2022,7,26
2644,2022,4,19
2645,2022,2,26
2646,2022,0,1
2648,2022,1,5
2649,2022,1,7
2650,2022,8,18
2651,2022,1,7
2652,2022,0,2
2653,2022,0,5
2654,2022,2,18
2655,2022,0,25
2656,2022,5,15
2657,2022,1,8
2658,2022,27,55
2659,2022,111,294
2660,2022,70,145
2661,2022,29,138
2662,2022,1,9
2663,2022,5,11
2664,2022,1,12
2665,2022,4,8
2666,2022,28,135
2667,2022,1,11
2668,2022,0,4
2669,2022,3,46
2679,2022,0,28
2680,2022,0,5
2682,2022,0,3
2683,2022,1,8
2698,2022,1,1
2699,2022,0,2
2700,2022,6,25
2701,2022,0,3
2702,2022,0,29
2703,2022,1,3
2705,2022,3,6
2706,2022,0,5
2707,2022,2,3
2708,2022,0,1
2709,2022,7,23
2710,2022,0,6
2711,2022,1,23
2712,2022,4,7
2713,2022,0,4
2714,2022,2,6
2716,2022,3,14
2718,2022,5,20
2719,2022,0,1
2720,2022,0,1
2722,2022,0,2
2723,2022,4,14
2724,2022,9,66
2725,2022,1,13
2726,2022,7,22
2727,2022,8,106
2728,2022,99,553
2729,2022,19,68
2730,2022,16,31
2731,2022,1,1
2732,2022,5,12
2733,2022,6,28
2734,2022,0,5
2736,2022,14,46
2737,2022,11,35
2743,2022,0,2
2745,2022,1,10
2746,2022,6,31
2747,2022,3,13
2748,2022,0,7
2750,2022,4,55
2751,2022,0,6
2752,2022,0,57
2755,2022,0,100
2756,2022,0,3
2758,2022,0,11
2762,2022,2,225
2763,2022,11,25
2764,2022,1,21
2765,2022,0,3
2767,2022,0,12
2768,2022,69,202
2769,2022,23,62
2770,2022,0,5
2771,2022,0,6
2772,2022,18,79
2773,2022,3,46
2774,2022,1,4
2775,2022,2,15
2776,2022,4,24
2777,2022,3,21
2780,2022,1,6
2781,2022,0,2
2782,2022,0,9
2783,2022,0,2
2784,2022,0,2
2785,2022,0,8
2786,2022,0,16
2787,2022,1,7
2788,2022,0,6
2789,2022,2,59
2790,2022,104,331
2791,2022,2,6
2792,2022,0,1
2793,2022,0,1
2794,2022,7,26
2795,2022,0,7
2796,2022,6,19
2797,2022,0,6
2798,2022,1,2
2800,2022,10,24
2801,2022,1,6
2802,2022,13,64
2803,2022,18,76
2806,2022,0,21
2808,2022,0,4
2809,2022,22,1206
2810,2022,13,171
2811,2022,1,30
2814,2022,0,24
2815,2022,0,3
2816,2022,0,3
2819,2022,2,214
2827,2022,1,3
2828,2022,0,2
2829,2022,3,8
2831,2022,1,3
2832,2022,2,6
2833,2022,4,14
2834,2022,6,48
2835,2022,126,793
2836,2022,16,223
2837,2022,2,12
2838,2022,8,21
2839,2022,3,4
2840,2022,1,8
2841,2022,2,10
2842,2022,1,8
2843,2022,0,2
2844,2022,2,44
2845,2022,0,6
2849,2022,0,2
2850,2022,0,10
2851,2022,1,4
2852,2022,1,5
2853,2022,2,21
2855,2022,0,1
2856,2022,5,16
2857,2022,7,185
2858,2022,3,18
2859,2022,1,3
2860,2022,2,6
2861,2022,0,2
2863,2022,0,6
2864,2022,5,22
2865,2022,18,79
2866,2022,37,75
2869,2022,1,16
2870,2022,61,356
2871,2022,7,108
2872,2022,2,12
2873,2022,69,287
2889,2022,0,8
2890,2022,1,7
2891,2022,1,5
2892,2022,3,4
2893,2022,3,12
2894,2022,4,17
2895,2022,107,376
2896,2022,99,1371
2897,2022,13,629
2898,2022,4,21
2899,2022,39,161
2900,2022,2,14
2901,2022,2,18
2902,2022,2,17
2903,2022,0,2
2904,2022,0,2
2905,2022,2,13
2909,2022,2,6
2912,2022,0,2
2913,2022,3,24
2914,2022,4,27
2915,2022,1,3
2916,2022,2,25
2917,2022,5,29
2918,2022,10,25
2919,2022,2,31
2920,2022,1,2
2922,2022,0,4
2923,2022,1,4
2924,2022,0,3
2925,2022,2,8
2926,2022,129,495
2927,2022,1,7
2928,2022,24,170
2929,2022,46,219
2930,2022,0,14
2931,2022,0,16
2932,2022,1,14
2944,2022,0,3
2945,2022,0,26
2946,2022,0,9
2948,2022,1,11
2949,2022,12,144
2950,2022,3,17
2951,2022,0,2
2952,2022,3,53
2953,2022,64,193
2954,2022,3,115
2955,2022,2,20
2956,2022,3,22
2957,2022,10,63
2958,2022,3,23
2959,2022,1,9
2960,2022,2,47
2961,2022,0,4
2962,2022,1,7
2963,2022,4,12
2965,2022,1,5
2966,2022,1,2
2967,2022,4,17
2968,2022,1,1
2969,2022,1,3
2970,2022,2,5
2971,2022,1,4
2972,2022,0,5
2973,2022,0,1
2974,2022,3,5
2975,2022,16,74
2976,2022,1,17
2977,2022,0,13
2978,2022,4,10
2979,2022,4,5
2980,2022,1,3
2981,2022,1,3
2982,2022,1,2
2983,2022,2,16
2984,2022,7,58
2985,2022,2,19
2986,2022,0,7
2987,2022,0,410
2995,2022,7,46
2996,2022,3,21
2997,2022,5,7
2998,2022,0,1
2999,2022,0,5
3000,2022,1,9
3001,2022,2,11
3002,2022,0,6
3003,2022,1,10
3004,2022,9,38
3005,2022,2,13
3006,2022,0,7
3007,2022,15,68
3008,2022,1,6
3009,2022,3,6
3010,2022,0,7
3014,2022,3,4
3015,2022,0,1
3017,2022,1,3
3018,2022,1,2
3019,2022,4,16
3020,2022,0,8
3021,2022,0,1
3022,2022,3,5
3023,2022,7,13
3024,2022,3,7
3025,2022,0,3
3026,2022,0,8
3027,2022,0,7
3029,2022,1,14
3031,2022,1,4
3032,2022,0,1
3033,2022,0,3
3034,2022,1,29
3035,2022,8,46
3043,2022,16,71
3044,2022,6,12
3045,2022,2,3
3046,2022,9,38
3047,2022,2,19
3049,2022,1,2
3050,2022,24,95
3051,2022,125,305
3052,2022,4,17
3053,2022,19,108
3054,2022,6,37
3055,2022,18,89
3056,2022,2,12
3057,2022,5,110
3058,2022,12,146
3059,2022,0,2
3060,2022,0,3
3061,2022,0,3
3062,2022,1,13
3063,2022,0,10
3064,2022,15,81
3065,2022,0,1
3066,2022,0,3
3067,2022,0,3
3068,2022,1,45
3069,2022,0,2
3070,2022,1,3
3072,2022,0,2
3073,2022,4,17
3074,2022,0,1
3075,2022,2,6
3076,2022,0,1
3077,2022,0,12
3078,2022,0,2
3079,2022,5,18
3081,2022,10,29
3082,2022,4,36
3083,2022,9,95
3086,2022,1,14
3087,2022,10,90
3090,2022,0,2
3091,2022,1,2
3092,2022,2,4
3093,2022,1,2
3094,2022,4,6
3095,2022,2,8
3096,2022,2,3
3097,2022,33,84
3098,2022,9,38
3099,2022,26,86
3100,2022,3,56
3101,2022,4,35
3102,2022,3,13
3103,2022,17,39
3104,2022,2,4
3105,2022,6,40
3106,2022,8,30
3107,2022,2,6
3108,2022,0,1
3109,2022,1,12
3110,2022,0,1
3111,2022,4,26
3112,2022,0,1
3113,2022,3,4
3114,2022,0,66
3115,2022,0,6
3116,2022,0,1
3117,2022,0,31
3118,2022,0,7
3119,2022,3,47
3120,2022,3,29
3121,2022,0,11
3122,2022,0,4
3123,2022,1,12
3124,2022,20,210
3125,2022,13,69
3126,2022,0,3
3127,2022,0,11
3128,2022,1,6
3129,2022,9,47
3130,2022,7,102
3133,2022,1,40
3134,2022,0,30
3136,2022,1,5
3137,2022,1,8
3138,2022,1,3
3139,2022,2,10
3140,2022,1,6
3141,2022,25,180
3142,2022,14,21
3143,2022,30,86
3144,2022,53,309
3145,2022,200,1509
3146,2022,29,76
3147,2022,32,278
3148,2022,13,33
3149,2022,17,91
3150,2022,5,16
3151,2022,4,28
3152,2022,1,11
3153,2022,0,5
3154,2022,0,8
3155,2022,1,3
3156,2022,1,11
3157,2022,7,297
3158,2022,49,196
3159,2022,6,44
3160,2022,54,156
3161,2022,1,13
3162,2022,5,101
3163,2022,0,46
3164,2022,19,100
3165,2022,6,48
3166,2022,0,26
3167,2022,13,33
3168,2022,8,25
3169,2022,4,8
3170,2022,14,34
3171,2022,20,85
3172,2022,0,1
3173,2022,1,10
3174,2022,106,647
3175,2022,31,262
3176,2022,5,28
3177,2022,6,31
3179,2022,2,12
3180,2022,0,7
3183,2022,0,9
3184,2022,4,5
3185,2022,1,9
3186,2022,1,8
3187,2022,16,80
3188,2022,5,31
3189,2022,67,165
3190,2022,17,71
3191,2022,76,293
3192,2022,122,881
3193,2022,26,90
3194,2022,14,53
3195,2022,8,66
3196,2022,113,511
3197,2022,13,37
3198,2022,4,24
3199,2022,2,18
3200,2022,0,21
3201,2022,0,22
3202,2022,1,18
3203,2022,0,30
3205,2022,0,6
3206,2022,2,135
3207,2022,1,23
3209,2022,1,1
3210,2022,0,15
3211,2022,0,2
3212,2022,0,1
3213,2022,8,28
3214,2022,3,29
3215,2022,8,67
3216,2022,12,51
3217,2022,7,100
3221,2022,28,69
3223,2022,39,108
3224,2022,2,26
3225,2022,6,31
3226,2022,8,39
3227,2022,4,43
3228,2022,439,1465
3229,2022,137,389
3230,2022,30,97
3231,2022,6,12
3232,2022,13,29
3233,2022,75,257
3234,2022,43,1034
3235,2022,41,240
3236,2022,4,96
3238,2022,2,18
3240,2022,0,1
3241,2022,2,2
3242,2022,0,4
3243,2022,0,7
3244,2022,0,3
3245,2022,0,13
3247,2022,5,52
3248,2022,6,34
3249,2022,21,165
3250,2022,55,383
3251,2022,0,92
3252,2022,0,27
3253,2022,0,37
3254,2022,1,10
3255,2022,1,6
3256,2022,1,12
3257,2022,2,4
3258,2022,4,19
3259,2022,10,19
3260,2022,31,213
3261,2022,27,62
3262,2022,1,4
3263,2022,6,11
3264,2022,1,11
3265,2022,1,8
3266,2022,15,183
3267,2022,0,48
3275,2022,10,62
3276,2022,5,68
3277,2022,43,372
3278,2022,15,81
3279,2022,3,95
3281,2022,1,2
3283,2022,2,8
3284,2022,52,138
3285,2022,2,10
3286,2022,4,16
3287,2022,2,5
3288,2022,3,23
3289,2022,19,48
3290,2022,1,5
3291,2022,7,24
3292,2022,25,441
3293,2022,19,521
3294,2022,3,124
3295,2022,4,47
3296,2022,12,29
3297,2022,0,89
3298,2022,0,1
3299,2022,0,8
3300,2022,0,2
3301,2022,1,14
3302,2022,11,33
3303,2022,1,11
3304,2022,11,20
3305,2022,85,226
3306,2022,1,9
3309,2022,38,334
3310,2022,3,9
3311,2022,9,46
3312,2022,0,9
3313,2022,13,79
3314,2022,2,31
3316,2022,5,8
3318,2022,0,2
3319,2022,16,37
3320,2022,25,279
3321,2022,30,95
3322,2022,14,191
3323,2022,7,58
3324,2022,1,8
3325,2022,0,10
3326,2022,3,49
3327,2022,10,246
3328,2022,62,169
3329,2022,0,2
3330,2022,0,4
3331,2022,13,76
3332,2022,35,93
3333,2022,1,19
3334,2022,3,216
3335,2022,30,154
3336,2022,3,16
3337,2022,3,39
3338,2022,2,308
3339,2022,0,5
3340,2022,3,7
3341,2022,3,5
3342,2022,0,5
3343,2022,0,4
3344,2022,7,84
3345,2022,3,16
3346,2022,2,55
3348,2022,4,37
3349,2022,0,18
3350,2022,6,24
3351,2022,6,15
3354,2022,18,57
3355,2022,1,240
3356,2022,2,159
3357,2022,0,188
3358,2022,13,179
3359,2022,0,20
3361,2022,0,17
8,2023,1,48
15,2023,1,57
16,2023,2,110
17,2023,3,93
18,2023,2,43
19,2023,3,61
20,2023,0,13
27,2023,1,41
28,2023,0,15
29,2023,0,3
30,2023,0,9
31,2023,11,16
32,2023,3,31
33,2023,2,12
34,2023,0,1
35,2023,3,16
36,2023,2,26
37,2023,15,158
48,2023,0,2
49,2023,10,84
50,2023,3,24
51,2023,4,23
52,2023,0,1
53,2023,1,3
54,2023,14,41
55,2023,10,610
56,2023,0,5
59,2023,0,7
60,2023,0,19
63,2023,0,2
64,2023,3,22
65,2023,0,3
76,2023,0,17
77,2023,18,219
78,2023,7,48
79,2023,0,7
80,2023,1,2
81,2023,0,2
82,2023,36,86
83,2023,0,66
84,2023,0,1
92,2023,2,177
93,2023,0,18
94,2023,0,3
98,2023,1,1
99,2023,1,3
100,2023,0,3
101,2023,0,1
102,2023,0,12
103,2023,2,15
114,2023,0,9
115,2023,1,58
116,2023,2,24
117,2023,0,9
118,2023,2,15
119,2023,0,8
120,2023,7,15
123,2023,3,4
130,2023,0,3
136,2023,0,7
138,2023,0,1
139,2023,0,3
141,2023,0,4
144,2023,0,3
146,2023,0,1
147,2023,2,2
148,2023,1,4
149,2023,0,6
150,2023,1,13
152,2023,0,4
153,2023,0,11
154,2023,1,7
157,2023,0,111
164,2023,0,23
165,2023,0,3
166,2023,15,121
167,2023,2,7
168,2023,0,4
169,2023,0,19
170,2023,3,27
171,2023,7,26
173,2023,1,6
175,2023,0,12
182,2023,1,1
190,2023,3,9
191,2023,0,3
195,2023,0,2
198,2023,0,1
201,2023,0,5
202,2023,9,19
203,2023,1,6
205,2023,0,1
206,2023,25,121
207,2023,0,2
209,2023,0,39
210,2023,2,24
212,2023,0,2
216,2023,0,1079
223,2023,2,30
224,2023,0,5
225,2023,0,22
226,2023,0,6
227,2023,0,1
229,2023,4,107
230,2023,35,134
231,2023,1,3
233,2023,1,9
236,2023,0,3
237,2023,0,4
239,2023,0,1
247,2023,0,1
250,2023,0,1
252,2023,1,1
253,2023,0,5
255,2023,1,11
256,2023,0,2
257,2023,1,5
262,2023,1,7
263,2023,13,64
264,2023,0,9
265,2023,0,27
266,2023,3,31
267,2023,0,55
269,2023,0,1
270,2023,0,1
271,2023,2,23
272,2023,0,13
273,2023,0,3
274,2023,0,1
275,2023,36,118
287,2023,7,83
288,2023,5,20
290,2023,1,5
291,2023,0,3
292,2023,5,59
293,2023,0,16
294,2023,0,3
295,2023,0,15
296,2023,0,7
298,2023,0,2
299,2023,1,12
300,2023,3,19
309,2023,0,46
311,2023,0,2
312,2023,0,8
313,2023,0,2
314,2023,0,1
318,2023,1,2
319,2023,1,5
320,2023,2,10
321,2023,1,3
322,2023,0,22
323,2023,0,5
324,2023,2,12
325,2023,0,7
326,2023,3,21
327,2023,27,271
328,2023,0,25
329,2023,3,8
332,2023,4,14
333,2023,0,6
334,2023,1,8
335,2023,1,6
336,2023,4,56
337,2023,12,63
338,2023,4,25
339,2023,1,31
351,2023,0,163
353,2023,0,4
354,2023,0,2
356,2023,1,13
358,2023,0,14
360,2023,0,3
361,2023,0,1
362,2023,0,1
363,2023,0,8
372,2023,1,32
373,2023,1,107
374,2023,2,15
375,2023,0,2
376,2023,1,2
377,2023,0,5
378,2023,0,3
379,2023,1,4
380,2023,0,1
383,2023,2,6
384,2023,0,3
385,2023,1,22
386,2023,0,5
387,2023,265,276
388,2023,2,25
389,2023,10,154
390,2023,13,45
391,2023,7,52
392,2023,0,8
394,2023,1,9
395,2023,5,58
396,2023,1,1
397,2023,2,9
398,2023,0,5
399,2023,0,7
400,2023,1,35
401,2023,18,536
402,2023,4,55
403,2023,11,42
404,2023,0,39
405,2023,0,14
406,2023,5,21
407,2023,3,45
408,2023,14,58
409,2023,39,150
410,2023,38,229
424,2023,0,16
425,2023,0,3
426,2023,0,1
428,2023,0,4
429,2023,0,3
430,2023,0,2
431,2023,2,4
432,2023,0,4
433,2023,12,64
434,2023,0,6
435,2023,0,1
441,2023,0,1
444,2023,0,1
445,2023,0,2
446,2023,0,1
448,2023,0,2
449,2023,0,7
451,2023,0,1
452,2023,6,12
455,2023,14,49
456,2023,4,21
457,2023,0,1
458,2023,0,7
459,2023,6,26
460,2023,46,66
461,2023,2,29
462,2023,29,135
463,2023,1,23
464,2023,7,35
465,2023,3,22
466,2023,0,8
467,2023,2,5
468,2023,1,14
469,2023,67,182
470,2023,7,55
471,2023,8,58
472,2023,1,10
473,2023,0,5
474,2023,31,89
475,2023,51,228
476,2023,4,76
477,2023,0,11
478,2023,3,48
479,2023,32,191
480,2023,19,125
481,2023,6,56
482,2023,1,39
483,2023,4,40
484,2023,11,79
485,2023,8,129
500,2023,0,12
501,2023,0,49
504,2023,1,6
505,2023,0,7
506,2023,0,2
507,2023,0,6
508,2023,1,40
509,2023,6,33
510,2023,1,6
512,2023,0,3
513,2023,4,23
520,2023,0,3
521,2023,1,4
532,2023,2,15
533,2023,0,9
534,2023,0,1
535,2023,7,56
536,2023,4,9
537,2023,0,8
538,2023,1,11
539,2023,3,13
540,2023,5,19
541,2023,3,11
542,2023,9,69
543,2023,3,13
544,2023,1,6
545,2023,0,1
546,2023,1,2
547,2023,5,11
548,2023,2,4
549,2023,5,21
550,2023,9,113
552,2023,10,126
553,2023,9,41
554,2023,10,43
555,2023,16,74
556,2023,71,567
557,2023,36,257
558,2023,9,92
559,2023,1,62
560,2023,17,91
561,2023,16,225
562,2023,3,58
577,2023,2,6
580,2023,0,1
581,2023,0,6
582,2023,0,4
583,2023,4,10
584,2023,0,1
585,2023,1,35
586,2023,1,639
587,2023,0,362
588,2023,5,74
601,2023,0,1
607,2023,2,8
609,2023,0,5
610,2023,0,2
611,2023,0,5
612,2023,0,13
613,2023,5,10
614,2023,31,109
615,2023,2,6
616,2023,4,15
617,2023,0,1
618,2023,2,6
619,2023,15,48
621,2023,1,10
622,2023,4,8
625,2023,1,2
626,2023,16,59
627,2023,5,35
628,2023,2,5
629,2023,3,7
630,2023,62,344
631,2023,8,53
632,2023,0,9
633,2023,9,35
634,2023,5,20
635,2023,28,164
636,2023,38,157
637,2023,42,175
638,2023,19,76
639,2023,11,74
640,2023,5,64
662,2023,0,14
663,2023,0,97
664,2023,0,866
666,2023,0,17
668,2023,0,10
669,2023,1,22
670,2023,1,6
671,2023,1,3
685,2023,0,1
686,2023,1,5
687,2023,0,3
688,2023,1,8
689,2023,2,5
690,2023,32,91
691,2023,58,223
692,2023,36,103
693,2023,2,5
694,2023,3,29
695,2023,0,3
696,2023,0,2
697,2023,9,43
698,2023,2,6
699,2023,1,5
700,2023,2,4
701,2023,8,37
703,2023,15,79
704,2023,5,25
705,2023,4,28
706,2023,1,4
707,2023,2,4
708,2023,2,8
709,2023,1,6
710,2023,3,7
711,2023,5,18
712,2023,7,28
713,2023,16,93
714,2023,6,120
715,2023,49,169
716,2023,18,117
717,2023,82,858
718,2023,5,81
739,2023,1,9
740,2023,0,13
741,2023,0,12
742,2023,0,78
744,2023,0,1
747,2023,2,12
748,2023,0,10
751,2023,5,50
752,2023,1,2
753,2023,0,7
759,2023,1,3
760,2023,0,1
764,2023,0,2
765,2023,2,9
766,2023,0,6
767,2023,0,2
768,2023,1,9
769,2023,165,1081
770,2023,112,383
771,2023,18,36
772,2023,11,38
773,2023,2,6
774,2023,2,21
775,2023,80,242
776,2023,1,4
777,2023,0,9
778,2023,25,70
779,2023,3,8
780,2023,3,8
781,2023,3,33
782,2023,7,26
783,2023,2,22
784,2023,9,22
785,2023,2,16
787,2023,3,42
788,2023,7,43
789,2023,5,36
790,2023,1,13
791,2023,3,11
792,2023,11,68
793,2023,15,91
794,2023,66,305
795,2023,37,208
796,2023,236,2477
797,2023,30,176
819,2023,0,12
820,2023,2,680
821,2023,0,239
822,2023,1,11
824,2023,0,1
825,2023,0,1
827,2023,0,4
830,2023,2,7
831,2023,2,17
832,2023,7,39
837,2023,3,22
838,2023,1,1
842,2023,0,1
843,2023,1,16
844,2023,0,3
846,2023,1,10
847,2023,4,13
848,2023,13,63
849,2023,25,77
850,2023,12,57
851,2023,1,1
852,2023,6,13
853,2023,2,8
854,2023,4,24
855,2023,5,31
856,2023,15,98
857,2023,1,11
859,2023,7,24
860,2023,0,1
861,2023,0,11
862,2023,1,6
863,2023,2,4
864,2023,6,12
865,2023,2,2
867,2023,9,137
868,2023,2,13
869,2023,8,39
870,2023,112,426
871,2023,9,49
872,2023,47,267
873,2023,14,55
874,2023,4,21
875,2023,7,23
876,2023,45,243
877,2023,13,97
878,2023,56,570
879,2023,27,240
880,2023,124,1018
881,2023,111,521
882,2023,16,337
883,2023,1,48
904,2023,0,74
906,2023,0,1
911,2023,0,6
919,2023,24,637
921,2023,1,311
922,2023,1,32
923,2023,0,1
924,2023,0,1
926,2023,1,2
928,2023,1,3
930,2023,3,10
931,2023,1,4
932,2023,1,5
933,2023,0,3
934,2023,15,72
935,2023,6,14
936,2023,1,22
937,2023,9,58
938,2023,1,31
939,2023,5,64
940,2023,1,21
941,2023,8,31
942,2023,33,90
943,2023,1,18
944,2023,6,19
945,2023,1,11
946,2023,0,5
947,2023,12,30
948,2023,10,43
949,2023,21,128
950,2023,2,14
951,2023,2,3
953,2023,49,333
954,2023,232,670
955,2023,7,45
956,2023,12,36
957,2023,15,48
958,2023,127,646
959,2023,2,14
960,2023,6,21
961,2023,9,28
962,2023,36,133
963,2023,29,141
964,2023,34,222
965,2023,51,217
966,2023,62,370
967,2023,43,167
968,2023,16,172
969,2023,8,54
996,2023,1,44
1004,2023,0,4
1005,2023,0,104
1013,2023,3,10
1015,2023,0,7
1016,2023,5,35
1017,2023,0,6
1018,2023,5,15
1020,2023,0,1
1021,2023,1,6
1022,2023,1,8
1023,2023,2,6
1024,2023,28,62
1025,2023,2,27
1026,2023,4,9
1027,2023,24,122
1028,2023,6,59
1029,2023,3,27
1030,2023,41,158
1031,2023,0,1
1032,2023,16,67
1033,2023,35,139
1034,2023,10,19
1035,2023,11,33
1036,2023,19,61
1037,2023,13,48
1038,2023,9,49
1039,2023,7,28
1040,2023,3,23
1041,2023,3,16
1042,2023,3,7
1043,2023,19,39
1044,2023,24,67
1045,2023,24,94
1046,2023,10,23
1047,2023,11,39
1048,2023,26,133
1049,2023,145,289
1050,2023,68,401
1051,2023,33,187
1052,2023,25,106
1079,2023,0,9
1083,2023,1,27
1085,2023,0,8
1087,2023,0,2
1088,2023,0,3
1089,2023,1,37
1091,2023,0,1
1093,2023,2,4
1095,2023,1,1
1096,2023,3,7
1099,2023,3,7
1102,2023,0,1
1104,2023,0,4
1105,2023,5,18
1106,2023,2,11
1107,2023,0,3
1108,2023,2,22
1109,2023,1,6
1110,2023,5,48
1111,2023,45,664
1112,2023,18,72
1113,2023,43,282
1114,2023,10,38
1115,2023,19,48
1116,2023,12,88
1117,2023,125,433
1118,2023,105,314
1119,2023,193,642
1120,2023,2,25
1121,2023,1,2
1122,2023,20,149
1123,2023,6,32
1124,2023,7,47
1125,2023,4,14
1126,2023,1,7
1127,2023,7,13
1128,2023,3,7
1129,2023,18,65
1130,2023,34,96
1131,2023,16,60
1132,2023,96,634
1133,2023,183,532
1134,2023,68,217
1160,2023,1,26
1166,2023,1,5
1169,2023,1,1
1170,2023,1,4
1171,2023,0,2
1172,2023,0,2
1176,2023,0,3
1177,2023,0,1
1178,2023,2,8
1180,2023,0,3
1181,2023,0,4
1182,2023,4,13
1183,2023,8,17
1184,2023,0,2
1186,2023,0,3
1187,2023,3,3
1188,2023,1,2
1189,2023,0,1
1190,2023,7,28
1191,2023,1,1
1192,2023,1,2
1193,2023,9,30
1194,2023,0,4
1195,2023,25,165
1196,2023,6,44
1197,2023,32,276
1198,2023,13,58
1199,2023,46,170
1200,2023,9,25
1201,2023,11,38
1202,2023,55,560
1203,2023,16,113
1204,2023,16,90
1205,2023,4,28
1206,2023,15,64
1207,2023,15,58
1208,2023,3,10
1209,2023,24,82
1210,2023,1,19
1211,2023,1,10
1212,2023,23,54
1213,2023,69,112
1214,2023,52,159
1215,2023,45,186
1216,2023,310,1498
1217,2023,80,2741
1252,2023,2,11
1253,2023,1,10
1263,2023,0,1
1264,2023,0,1
1267,2023,0,1
1269,2023,6,22
1270,2023,60,185
1271,2023,4,7
1273,2023,25,93
1274,2023,0,15
1275,2023,6,20
1276,2023,8,33
1277,2023,18,228
1278,2023,15,75
1279,2023,240,872
1280,2023,111,1313
1281,2023,9,24
1282,2023,9,105
1283,2023,4,22
1284,2023,2,32
1285,2023,2,10
1286,2023,51,228
1287,2023,43,286
1288,2023,37,295
1289,2023,80,334
1290,2023,271,1097
1291,2023,37,87
1292,2023,40,103
1293,2023,31,184
1294,2023,5,21
1295,2023,11,27
1296,2023,29,156
1297,2023,1,8
1298,2023,6,23
1299,2023,6,37
1300,2023,147,346
1301,2023,82,435
1302,2023,173,747
1303,2023,50,177
1333,2023,1,6
1334,2023,0,64
1335,2023,0,71
1338,2023,1,19
1345,2023,2,28
1346,2023,1,1
1350,2023,0,1
1351,2023,2,6
1352,2023,0,5
1354,2023,1,4
1355,2023,69,166
1356,2023,2,22
1357,2023,0,3
1358,2023,31,123
1359,2023,0,9
1360,2023,10,44
1361,2023,0,3
1362,2023,2,3
1363,2023,1,12
1364,2023,55,243
1365,2023,70,170
1366,2023,33,258
1367,2023,1,7
1368,2023,3,19
1369,2023,13,74
1370,2023,1,2
1371,2023,4,26
1372,2023,2,28
1373,2023,1,9
1374,2023,25,85
1375,2023,154,744
1376,2023,60,91
1377,2023,88,168
1378,2023,52,178
1379,2023,40,175
1380,2023,4,25
1381,2023,9,47
1382,2023,3,27
1383,2023,23,125
1384,2023,8,89
1385,2023,186,438
1386,2023,588,2095
1387,2023,40,129
1388,2023,15,68
1418,2023,0,12
1420,2023,1,86
1421,2023,0,4
1425,2023,1,5
1426,2023,0,3
1427,2023,1,2
1431,2023,0,1
1432,2023,0,1
1433,2023,1,7
1434,2023,1,4
1435,2023,24,143
1438,2023,0,9
1439,2023,1,16
1440,2023,2,4
1441,2023,8,18
1443,2023,0,2
1444,2023,2,17
1445,2023,0,1
1446,2023,5,18
1447,2023,3,17
1448,2023,4,24
1449,2023,15,61
1450,2023,2,4
1451,2023,4,6
1452,2023,1,3
1453,2023,19,64
1454,2023,1,4
1455,2023,6,35
1456,2023,0,9
1457,2023,17,55
1458,2023,33,101
1459,2023,11,55
1460,2023,14,94
1461,2023,33,99
1462,2023,184,532
1463,2023,26,95
1464,2023,11,38
1465,2023,2,6
1466,2023,6,19
1467,2023,25,117
1468,2023,46,154
1469,2023,69,297
1470,2023,19,137
1471,2023,17,126
1472,2023,2,19
1504,2023,363,820
1505,2023,0,41
1508,2023,0,2
1512,2023,1,1
1514,2023,2,14
1515,2023,2,18
1517,2023,0,2
1518,2023,28,197
1519,2023,3,21
1520,2023,2,4
1521,2023,0,1
1522,2023,1,5
1523,2023,0,1
1524,2023,5,6
1525,2023,1,3
1526,2023,0,1
1527,2023,1,15
1528,2023,0,8
1529,2023,7,26
1530,2023,7,60
1531,2023,7,76
1533,2023,1,1
1534,2023,29,339
1535,2023,1,3
1536,2023,0,12
1537,2023,1,24
1538,2023,0,4
1539,2023,28,58
1540,2023,9,20
1541,2023,113,492
1542,2023,10,49
1543,2023,13,32
1544,2023,2,4
1545,2023,17,33
1546,2023,42,186
1547,2023,21,72
1548,2023,15,93
1549,2023,8,26
1550,2023,63,185
1551,2023,63,435
1552,2023,190,769
1553,2023,192,350
1554,2023,19,124
1555,2023,5,138
1584,2023,1,16
1586,2023,5,749
1587,2023,14,309
1588,2023,1,7
1594,2023,0,2
1598,2023,0,10
1600,2023,0,2
1601,2023,7,19
1603,2023,1,1
1604,2023,0,1
1605,2023,1,2
1606,2023,1,1
1607,2023,0,2
1608,2023,2,8
1609,2023,0,1
1610,2023,3,4
1611,2023,2,5
1612,2023,2,10
1613,2023,40,52
1614,2023,6,28
1615,2023,116,525
1616,2023,13,53
1617,2023,5,16
1618,2023,17,210
1619,2023,23,172
1620,2023,9,69
1621,2023,6,46
1622,2023,15,151
1623,2023,10,65
1624,2023,27,127
1625,2023,7,27
1626,2023,6,20
1627,2023,2,14
1628,2023,0,2
1629,2023,247,354
1630,2023,38,88
1631,2023,9,15
1632,2023,99,267
1633,2023,121,402
1634,2023,1365,4186
1635,2023,140,627
1636,2023,14,97
1637,2023,22,77
1638,2023,56,184
1668,2023,0,282
1669,2023,4,665
1670,2023,90,1019
1678,2023,0,2
1680,2023,0,2
1684,2023,0,4
1686,2023,3,14
1687,2023,2,36
1688,2023,0,1
1690,2023,0,2
1691,2023,1,2
1693,2023,0,15
1694,2023,1,7
1695,2023,1,9
1696,2023,13,43
1697,2023,2,13
1698,2023,0,2
1700,2023,4,38
1701,2023,9,65
1702,2023,11,138
1703,2023,0,10
1704,2023,87,206
1705,2023,72,274
1706,2023,4,10
1707,2023,0,9
1708,2023,8,28
1709,2023,46,130
1710,2023,0,4
1711,2023,20,52
1712,2023,10,30
1713,2023,28,82
1714,2023,4,17
1715,2023,70,141
1716,2023,17,81
1717,2023,61,408
1718,2023,15,81
1719,2023,29,163
1720,2023,10,76
1721,2023,25,197
1752,2023,0,312
1758,2023,0,2
1760,2023,0,1
1762,2023,0,2
1763,2023,0,1
1764,2023,1,2
1765,2023,0,2
1766,2023,0,2
1769,2023,7,21
1770,2023,4,12
1771,2023,1,1
1772,2023,3,4
1773,2023,2,6
1774,2023,0,1
1776,2023,1,4
1777,2023,1,6
1778,2023,3,13
1779,2023,0,4
1780,2023,30,159
1781,2023,3,8
1782,2023,0,10
1783,2023,32,114
1784,2023,8,59
1785,2023,4,8
1786,2023,11,36
1787,2023,53,287
1788,2023,1,5
1789,2023,4,15
1790,2023,3,9
1791,2023,3,13
1792,2023,3,11
1793,2023,2,4
1794,2023,6,20
1795,2023,24,58
1796,2023,17,75
1797,2023,80,156
1798,2023,11,38
1799,2023,11,56
1800,2023,47,213
1801,2023,12,73
1802,2023,3,20
1803,2023,12,178
1834,2023,9,386
1837,2023,0,4
1840,2023,2,4
1841,2023,0,1
1842,2023,0,2
1843,2023,0,28
1845,2023,0,3
1846,2023,0,1
1847,2023,0,1
1848,2023,10,63
1849,2023,2,15
1850,2023,16,74
1851,2023,46,258
1852,2023,12,44
1853,2023,0,2
1854,2023,0,3
1855,2023,73,258
1856,2023,1,4
1857,2023,7,16
1858,2023,9,39
1859,2023,40,145
1860,2023,0,2
1861,2023,1,2
1862,2023,0,1
1863,2023,2,8
1864,2023,1,3
1865,2023,8,11
1866,2023,1,2
1867,2023,7,24
1868,2023,2,9
1869,2023,0,4
1870,2023,0,6
1871,2023,1,3
1872,2023,8,31
1873,2023,5,14
1874,2023,14,25
1875,2023,18,49
1876,2023,4,18
1877,2023,5,18
1878,2023,12,50
1879,2023,33,143
1880,2023,16,37
1881,2023,82,404
1882,2023,11,42
1883,2023,11,44
1914,2023,0,25
1915,2023,2,56
1922,2023,0,4
1924,2023,1,1
1925,2023,2,5
1927,2023,2,7
1929,2023,1,12
1930,2023,0,3
1931,2023,2,38
1932,2023,4,34
1933,2023,9,21
1934,2023,8,17
1935,2023,0,3
1936,2023,1,6
1937,2023,10,31
1938,2023,6,45
1939,2023,53,185
1940,2023,37,284
1941,2023,1,5
1942,2023,1,7
1943,2023,1,1
1944,2023,1,1
1945,2023,0,2
1946,2023,6,14
1947,2023,1,11
1948,2023,74,292
1949,2023,6,34
1950,2023,45,194
1951,2023,0,6
1952,2023,1,7
1953,2023,3,9
1954,2023,3,4
1955,2023,7,21
1956,2023,65,157
1957,2023,12,20
1958,2023,1,8
1959,2023,26,82
1960,2023,4,24
1961,2023,8,97
1962,2023,33,88
1963,2023,6,31
1964,2023,85,676
1965,2023,8,139
1994,2023,0,41
1996,2023,0,46
1998,2023,0,13
2000,2023,0,6
2003,2023,0,6
2006,2023,0,3
2007,2023,4,16
2008,2023,0,18
2009,2023,0,3
2010,2023,0,1
2011,2023,1,7
2012,2023,1,1
2013,2023,1,3
2014,2023,3,9
2015,2023,10,18
2016,2023,2,4
2017,2023,7,19
2018,2023,4,7
2019,2023,1,6
2020,2023,1,12
2021,2023,3,15
2022,2023,1,8
2023,2023,6,12
2024,2023,1,3
2025,2023,0,5
2026,2023,6,45
2027,2023,1,6
2028,2023,0,7
2029,2023,4,16
2030,2023,1,2
2031,2023,15,61
2032,2023,8,17
2033,2023,1,1
2034,2023,5,16
2035,2023,9,33
2036,2023,1,2
2037,2023,2,11
2038,2023,35,220
2039,2023,24,69
2040,2023,4,17
2041,2023,4,15
2042,2023,1,1
2043,2023,1,3
2044,2023,2,6
2045,2023,1,22
2046,2023,8,88
2076,2023,0,8
2083,2023,0,2
2084,2023,0,2
2086,2023,0,1
2088,2023,13,37
2089,2023,10,59
2091,2023,0,5
2092,2023,0,3
2093,2023,2,5
2094,2023,1,3
2095,2023,0,1
2096,2023,4,14
2097,2023,2,3
2098,2023,5,17
2099,2023,1,8
2100,2023,3,13
2101,2023,1,2
2102,2023,0,8
2103,2023,17,70
2104,2023,7,16
2105,2023,1,3
2106,2023,1,5
2107,2023,0,2
2108,2023,18,32
2109,2023,0,7
2110,2023,1,1
2111,2023,11,23
2112,2023,4,8
2113,2023,2,2
2114,2023,1,9
2115,2023,4,20
2116,2023,18,60
2117,2023,4,19
2118,2023,3,9
2119,2023,6,30
2120,2023,7,36
2121,2023,1,4
2122,2023,2,14
2123,2023,1,5
2124,2023,0,4
2125,2023,0,3
2126,2023,0,6
2127,2023,16,218
2160,2023,1,14
2162,2023,0,3
2167,2023,1,8
2169,2023,8,15
2170,2023,15,40
2171,2023,0,4
2172,2023,1,8
2174,2023,0,13
2175,2023,4,17
2176,2023,0,3
2177,2023,6,52
2179,2023,6,31
2180,2023,0,15
2181,2023,0,8
2182,2023,4,9
2183,2023,4,13
2184,2023,1,8
2185,2023,2,21
2186,2023,20,80
2187,2023,0,4
2188,2023,2,2
2189,2023,3,22
2190,2023,1,5
2191,2023,6,9
2192,2023,4,10
2193,2023,2,6
2194,2023,5,13
2195,2023,0,4
2196,2023,36,133
2197,2023,16,40
2198,2023,10,74
2199,2023,7,15
2200,2023,20,89
2201,2023,12,215
2202,2023,250,1298
2203,2023,78,303
2204,2023,3,27
2205,2023,1,10
2206,2023,1,3
2207,2023,10,45
2208,2023,17,64
2238,2023,0,80
2239,2023,0,18
2240,2023,0,17
2241,2023,0,20
2242,2023,0,15
2243,2023,0,2
2244,2023,0,1
2246,2023,0,2
2247,2023,0,5
2248,2023,0,7
2249,2023,1,3
2250,2023,0,6
2252,2023,2,9
2253,2023,1,8
2254,2023,3,10
2256,2023,1,6
2257,2023,4,16
2258,2023,1,1
2259,2023,8,37
2260,2023,2,7
2261,2023,0,8
2262,2023,0,9
2263,2023,1,1
2266,2023,3,9
2267,2023,2,10
2268,2023,3,39
2269,2023,28,85
2270,2023,0,9
2271,2023,37,94
2272,2023,3,5
2273,2023,0,1
2274,2023,0,2
2275,2023,2,14
2276,2023,1,21
2277,2023,4,18
2278,2023,21,58
2279,2023,166,312
2280,2023,20,62
2281,2023,5,20
2282,2023,20,89
2283,2023,14,43
2284,2023,72,313
2285,2023,101,877
2286,2023,16,62
2287,2023,4,40
2288,2023,4,14
2289,2023,0,4
2290,2023,2,12
2307,2023,0,48
2308,2023,1,192
2319,2023,0,52
2324,2023,0,2
2330,2023,7,17
2332,2023,0,1
2333,2023,0,1
2334,2023,1,8
2335,2023,0,3
2336,2023,43,105
2337,2023,3,9
2338,2023,2,7
2339,2023,26,97
2340,2023,5,38
2341,2023,1,21
2342,2023,27,60
2343,2023,1,2
2344,2023,10,37
2345,2023,0,5
2346,2023,1,17
2348,2023,2,19
2349,2023,1,5
2350,2023,5,9
2351,2023,0,4
2352,2023,47,193
2353,2023,58,185
2354,2023,4,20
2355,2023,6,23
2356,2023,6,22
2357,2023,12,192
2358,2023,160,639
2359,2023,23,101
2360,2023,21,233
2361,2023,4,28
2362,2023,5,25
2363,2023,43,210
2364,2023,10,33
2365,2023,9,27
2366,2023,8,68
2367,2023,1,22
2368,2023,0,5
2369,2023,1,2
2370,2023,4,35
2371,2023,5,64
2385,2023,2,91
2386,2023,0,73
2397,2023,0,21
2398,2023,0,22
2399,2023,0,1
2403,2023,0,2
2406,2023,0,1
2407,2023,0,4
2410,2023,2,2
2411,2023,3,11
2412,2023,14,68
2413,2023,9,24
2414,2023,14,195
2415,2023,6,15
2416,2023,0,3
2417,2023,22,159
2418,2023,6,11
2419,2023,4,26
2420,2023,0,9
2421,2023,2,5
2422,2023,1,5
2423,2023,12,37
2424,2023,5,170
2426,2023,0,2
2427,2023,3,8
2428,2023,0,3
2429,2023,0,4
2430,2023,1,22
2431,2023,6,22
2432,2023,2,6
2433,2023,0,13
2434,2023,2,9
2435,2023,2,15
2436,2023,5,20
2437,2023,13,93
2438,2023,13,101
2439,2023,9,48
2440,2023,5,176
2441,2023,36,127
2442,2023,2,26
2443,2023,6,16
2444,2023,3,44
2445,2023,3,14
2446,2023,0,3
2447,2023,3,16
2448,2023,7,23
2461,2023,1,57
2462,2023,1,29
2463,2023,36,146
2464,2023,0,12
2480,2023,0,19
2481,2023,0,8
2482,2023,1,3
2484,2023,1,5
2485,2023,1,3
2486,2023,1,2
2487,2023,0,1
2488,2023,43,141
2489,2023,5,22
2490,2023,0,4
2491,2023,0,4
2492,2023,2,4
2493,2023,3,18
2494,2023,10,427
2495,2023,1,8
2496,2023,10,49
2497,2023,0,3
2498,2023,5,18
2499,2023,1,1
2501,2023,0,12
2502,2023,25,113
2503,2023,3,10
2504,2023,2,10
2505,2023,2,5
2506,2023,2,7
2507,2023,2,5
2508,2023,30,48
2509,2023,8,27
2510,2023,69,243
2511,2023,12,105
2512,2023,11,24
2513,2023,5,32
2514,2023,4,26
2515,2023,13,121
2516,2023,9,73
2517,2023,1,14
2518,2023,0,1
2519,2023,3,3
2520,2023,0,7
2521,2023,2,9
2522,2023,0,4
2523,2023,3,5
2524,2023,6,191
2537,2023,0,112
2538,2023,3,38
2539,2023,0,19
2555,2023,2,22
2556,2023,21,76
2557,2023,1,3
2560,2023,3,4
2562,2023,0,4
2563,2023,3,79
2564,2023,4,19
2565,2023,2,5
2567,2023,1,3
2568,2023,2,5
2569,2023,1,5
2570,2023,1,10
2571,2023,2,6
2572,2023,6,35
2573,2023,11,31
2574,2023,3,5
2576,2023,1,2
2577,2023,15,79
2578,2023,0,5
2579,2023,1,3
2580,2023,1,7
2581,2023,19,86
2582,2023,2,23
2583,2023,24,105
2584,2023,1,21
2585,2023,5,18
2586,2023,3,16
2587,2023,14,88
2588,2023,18,40
2589,2023,4,9
2590,2023,7,27
2591,2023,3,18
2592,2023,1,16
2593,2023,18,70
2594,2023,2,10
2595,2023,3,13
2596,2023,2,3
2597,2023,5,65
2598,2023,1,24
2610,2023,1,37
2611,2023,0,6
2613,2023,0,37
2614,2023,0,18
2626,2023,0,1
2629,2023,1,90
2631,2023,0,1
2632,2023,0,2
2633,2023,0,102
2634,2023,1,16
2635,2023,0,1
2636,2023,8,17
2637,2023,0,3
2638,2023,1,2
2640,2023,0,2
2641,2023,0,4
2642,2023,0,4
2643,2023,15,29
2644,2023,11,35
2645,2023,6,26
2646,2023,1,5
2648,2023,0,2
2649,2023,1,5
2650,2023,0,17
2651,2023,1,6
2652,2023,0,2
2653,2023,0,3
2654,2023,2,14
2655,2023,2,19
2656,2023,16,32
2657,2023,2,8
2658,2023,12,43
2659,2023,153,443
2660,2023,63,176
2661,2023,36,151
2662,2023,2,7
2663,2023,2,6
2664,2023,0,7
2665,2023,3,10
2666,2023,12,95
2667,2023,0,2
2668,2023,2,6
2669,2023,2,75
2679,2023,0,35
2680,2023,2,9
2682,2023,0,1
2683,2023,0,3
2697,2023,0,4
2698,2023,0,2
2699,2023,0,8
2700,2023,21,128
2701,2023,1,4
2702,2023,1,33
2703,2023,3,5
2705,2023,0,3
2706,2023,0,2
2707,2023,1,2
2708,2023,1,3
2709,2023,7,17
2711,2023,0,7
2712,2023,1,5
2713,2023,0,28
2714,2023,0,3
2715,2023,0,4
2716,2023,0,3
2718,2023,0,5
2719,2023,1,6
2720,2023,0,1
2721,2023,0,1
2722,2023,1,1
2723,2023,1,8
2724,2023,11,51
2725,2023,1,7
2726,2023,1,15
2727,2023,4,66
2728,2023,43,678
2729,2023,13,81
2730,2023,4,18
2731,2023,1,9
2732,2023,1,9
2733,2023,6,34
2734,2023,1,1
2735,2023,1,1
2736,2023,3,34
2737,2023,4,46
2743,2023,0,1
2745,2023,1,20
2746,2023,3,23
2747,2023,3,20
2748,2023,0,2
2750,2023,2,33
2751,2023,0,29
2752,2023,0,11
2755,2023,0,90
2756,2023,0,7
2758,2023,0,5
2762,2023,6,210
2763,2023,10,15
2764,2023,1,10
2765,2023,1,6
2766,2023,1,3
2767,2023,0,5
2768,2023,68,147
2769,2023,11,51
2770,2023,6,18
2771,2023,0,4
2772,2023,11,109
2773,2023,1,9
2774,2023,0,3
2775,2023,2,7
2776,2023,0,5
2777,2023,0,2
2778,2023,0,6
2780,2023,0,1
2781,2023,1,4
2782,2023,0,4
2784,2023,1,22
2785,2023,0,4
2786,2023,4,27
2787,2023,1,2
2788,2023,1,4
2789,2023,6,109
2790,2023,15,153
2791,2023,1,4
2792,2023,1,4
2793,2023,0,6
2794,2023,7,17
2795,2023,2,7
2796,2023,12,33
2797,2023,0,3
2799,2023,1,9
2800,2023,6,10
2801,2023,1,9
2802,2023,26,106
2803,2023,21,104
2806,2023,0,22
2808,2023,0,10
2809,2023,28,1284
2810,2023,30,211
2811,2023,4,75
2814,2023,0,14
2815,2023,0,26
2816,2023,1,11
2819,2023,0,47
2827,2023,0,2
2828,2023,0,2
2829,2023,7,13
2830,2023,0,2
2831,2023,0,7
2832,2023,1,2
2833,2023,1,3
2834,2023,14,69
2835,2023,183,900
2836,2023,42,322
2837,2023,3,37
2838,2023,10,15
2839,2023,5,10
2840,2023,1,4
2841,2023,0,1
2842,2023,0,4
2843,2023,1,2
2844,2023,1,10
2845,2023,0,5
2848,2023,0,1
2849,2023,0,8
2850,2023,3,18
2851,2023,0,3
2852,2023,1,9
2853,2023,6,26
2854,2023,0,6
2855,2023,1,4
2856,2023,2,10
2857,2023,9,217
2858,2023,1,17
2859,2023,0,5
2860,2023,2,22
2861,2023,1,1
2862,2023,1,2
2863,2023,10,28
2864,2023,2,17
2865,2023,22,119
2866,2023,21,75
2869,2023,0,31
2870,2023,103,543
2871,2023,12,215
2872,2023,9,21
2873,2023,125,517
2888,2023,0,2
2889,2023,0,5
2890,2023,1,2
2891,2023,0,5
2892,2023,1,2
2893,2023,10,33
2894,2023,9,39
2895,2023,144,793
2896,2023,139,1452
2897,2023,8,722
2898,2023,17,39
2899,2023,9,57
2900,2023,9,20
2901,2023,2,16
2902,2023,2,20
2903,2023,0,1
2904,2023,0,9
2905,2023,3,10
2906,2023,1,3
2909,2023,0,7
2910,2023,1,1
2912,2023,0,2
2913,2023,0,4
2914,2023,6,33
2915,2023,1,3
2916,2023,3,37
2917,2023,13,55
2918,2023,8,23
2919,2023,4,30
2920,2023,0,3
2921,2023,1,3
2922,2023,1,3
2923,2023,0,1
2924,2023,1,1
2925,2023,1,11
2926,2023,32,339
2927,2023,3,16
2928,2023,122,463
2929,2023,136,396
2930,2023,0,9
2931,2023,0,9
2932,2023,2,7
2944,2023,0,2
2945,2023,0,11
2946,2023,0,3
2947,2023,0,4
2948,2023,3,12
2949,2023,12,155
2950,2023,1,12
2951,2023,4,12
2952,2023,4,35
2953,2023,21,85
2954,2023,5,93
2955,2023,1,21
2956,2023,7,23
2957,2023,7,97
2958,2023,3,16
2959,2023,4,15
2960,2023,11,62
2961,2023,4,15
2962,2023,0,8
2963,2023,3,7
2964,2023,1,8
2965,2023,4,9
2966,2023,0,4
2967,2023,7,33
2968,2023,1,1
2969,2023,1,6
2970,2023,0,1
2971,2023,1,1
2972,2023,4,11
2973,2023,0,2
2974,2023,3,8
2975,2023,11,51
2976,2023,4,22
2977,2023,2,10
2978,2023,0,4
2979,2023,2,4
2980,2023,1,11
2983,2023,1,10
2984,2023,4,42
2985,2023,3,10
2986,2023,0,1
2987,2023,0,84
2995,2023,8,65
2996,2023,2,17
2997,2023,1,3
2998,2023,1,11
2999,2023,0,6
3000,2023,2,22
3001,2023,4,12
3002,2023,2,6
3003,2023,3,4
3004,2023,11,25
3005,2023,2,10
3006,2023,0,3
3007,2023,5,39
3008,2023,5,14
3009,2023,4,9
3010,2023,4,9
3011,2023,0,1
3012,2023,3,10
3013,2023,0,2
3014,2023,0,1
3015,2023,0,5
3016,2023,0,5
3017,2023,0,2
3018,2023,0,2
3019,2023,1,19
3020,2023,0,2
3021,2023,0,1
3022,2023,1,2
3023,2023,1,5
3024,2023,9,28
3025,2023,7,21
3026,2023,0,9
3027,2023,1,18
3028,2023,2,3
3029,2023,0,6
3030,2023,1,2
3031,2023,4,11
3033,2023,1,4
3034,2023,2,29
3035,2023,16,56
3043,2023,8,61
3044,2023,1,6
3046,2023,7,30
3047,2023,0,17
3049,2023,5,21
3050,2023,20,49
3051,2023,17,64
3052,2023,12,33
3053,2023,26,509
3054,2023,6,56
3055,2023,6,24
3056,2023,3,12
3057,2023,10,184
3058,2023,8,105
3059,2023,2,6
3060,2023,0,7
3061,2023,1,7
3062,2023,4,43
3063,2023,1,7
3064,2023,2,17
3065,2023,1,22
3066,2023,3,6
3067,2023,1,3
3068,2023,1,25
3069,2023,0,1
3070,2023,0,2
3071,2023,0,1
3072,2023,4,7
3073,2023,4,31
3074,2023,0,2
3075,2023,0,16
3076,2023,4,10
3077,2023,0,18
3078,2023,1,6
3079,2023,3,43
3081,2023,9,19
3082,2023,2,29
3083,2023,18,107
3086,2023,0,30
3087,2023,9,164
3090,2023,0,5
3091,2023,1,4
3092,2023,0,1
3093,2023,2,3
3094,2023,1,4
3095,2023,3,3
3096,2023,9,20
3097,2023,12,43
3098,2023,5,19
3099,2023,157,264
3100,2023,1,28
3101,2023,1,12
3102,2023,7,23
3103,2023,9,21
3104,2023,1,9
3105,2023,9,30
3106,2023,5,40
3107,2023,1,10
3108,2023,0,9
3109,2023,3,22
3110,2023,0,5
3111,2023,9,51
3112,2023,0,1
3114,2023,2,26
3115,2023,0,2
3116,2023,4,5
3117,2023,3,69
3118,2023,4,13
3119,2023,7,29
3120,2023,2,29
3121,2023,3,28
3122,2023,0,6
3123,2023,3,13
3124,2023,15,162
3125,2023,11,56
3126,2023,1,3
3127,2023,1,14
3128,2023,1,12
3129,2023,8,74
3130,2023,6,162
3133,2023,0,58
3134,2023,0,27
3136,2023,6,9
3137,2023,1,9
3138,2023,0,4
3139,2023,3,7
3140,2023,2,8
3141,2023,7,122
3142,2023,11,24
3143,2023,12,64
3144,2023,44,260
3145,2023,194,1308
3146,2023,23,71
3147,2023,25,291
3148,2023,6,49
3149,2023,15,86
3150,2023,5,17
3151,2023,4,34
3152,2023,2,9
3153,2023,0,4
3154,2023,0,5
3155,2023,0,3
3156,2023,1,14
3157,2023,3,238
3158,2023,67,226
3159,2023,4,51
3160,2023,26,120
3161,2023,2,27
3162,2023,8,112
3163,2023,3,41
3164,2023,12,90
3165,2023,0,33
3166,2023,0,35
3167,2023,19,50
3168,2023,8,46
3169,2023,2,5
3170,2023,10,36
3171,2023,17,87
3172,2023,0,5
3173,2023,3,22
3174,2023,143,719
3175,2023,43,221
3176,2023,3,39
3177,2023,6,15
3179,2023,0,16
3180,2023,0,7
3183,2023,2,13
3184,2023,0,2
3185,2023,3,20
3186,2023,2,10
3187,2023,16,99
3188,2023,3,19
3189,2023,54,125
3190,2023,23,96
3191,2023,111,367
3192,2023,97,918
3193,2023,14,54
3194,2023,9,36
3195,2023,24,99
3196,2023,97,437
3197,2023,9,31
3198,2023,6,14
3199,2023,1,23
3200,2023,2,15
3201,2023,0,8
3202,2023,1,10
3203,2023,3,72
3204,2023,1,2
3205,2023,1,7
3206,2023,2,116
3207,2023,1,31
3209,2023,6,8
3210,2023,0,12
3211,2023,0,5
3213,2023,3,16
3214,2023,5,36
3215,2023,10,112
3216,2023,9,62
3217,2023,9,114
3221,2023,38,104
3223,2023,18,53
3224,2023,1,19
3225,2023,2,18
3226,2023,7,54
3227,2023,12,61
3228,2023,630,2300
3229,2023,227,584
3230,2023,24,76
3231,2023,4,11
3232,2023,18,29
3233,2023,86,237
3234,2023,60,1033
3235,2023,44,206
3236,2023,0,78
3238,2023,0,27
3240,2023,1,2
3241,2023,0,8
3242,2023,0,2
3243,2023,1,7
3244,2023,0,5
3245,2023,0,4
3246,2023,0,1
3247,2023,8,103
3248,2023,7,57
3249,2023,27,189
3250,2023,82,854
3251,2023,5,120
3252,2023,0,27
3253,2023,0,51
3254,2023,0,8
3256,2023,1,4
3257,2023,1,3
3258,2023,3,16
3259,2023,2,9
3260,2023,9,160
3261,2023,30,66
3262,2023,0,2
3263,2023,1,8
3264,2023,2,10
3265,2023,4,9
3266,2023,31,166
3267,2023,3,57
3275,2023,20,97
3276,2023,17,103
3277,2023,11,278
3278,2023,8,80
3279,2023,6,118
3281,2023,1,3
3283,2023,1,2
3284,2023,14,53
3285,2023,0,9
3286,2023,3,18
3287,2023,6,22
3288,2023,5,19
3289,2023,15,76
3290,2023,1,8
3291,2023,12,40
3292,2023,50,575
3293,2023,23,758
3294,2023,12,168
3295,2023,8,39
3296,2023,12,30
3297,2023,0,55
3299,2023,0,1
3300,2023,1,6
3302,2023,11,41
3303,2023,7,30
3304,2023,14,27
3305,2023,98,174
3306,2023,10,54
3309,2023,63,368
3310,2023,1,8
3311,2023,8,52
3312,2023,0,5
3313,2023,30,137
3314,2023,9,51
3316,2023,5,9
3317,2023,0,2
3318,2023,0,3
3319,2023,18,56
3320,2023,29,411
3321,2023,18,140
3322,2023,12,127
3323,2023,10,79
3324,2023,1,18
3325,2023,0,1
3326,2023,1,73
3327,2023,6,290
3328,2023,16,56
3329,2023,2,2
3330,2023,0,1
3331,2023,7,95
3332,2023,35,90
3333,2023,0,14
3334,2023,1,148
3335,2023,25,191
3336,2023,6,36
3337,2023,4,71
3338,2023,1,304
3339,2023,0,2
3340,2023,0,1
3341,2023,1,2
3342,2023,1,8
3343,2023,5,8
3344,2023,13,126
3345,2023,0,13
3346,2023,1,53
3348,2023,8,37
3349,2023,2,5
3350,2023,3,60
3351,2023,12,31
3354,2023,19,60
3355,2023,0,188
3356,2023,0,167
3357,2023,1,156
3358,2023,18,284
3359,2023,0,32
3361,2023,1,19
8,2024,0,65
15,2024,0,42
16,2024,0,38
17,2024,5,121
18,2024,4,33
19,2024,3,31
20,2024,0,7
27,2024,3,60
28,2024,0,37
29,2024,1,2
30,2024,1,17
31,2024,0,4
32,2024,4,29
33,2024,0,10
34,2024,0,15
35,2024,5,37
36,2024,6,30
37,2024,19,247
48,2024,1,2
49,2024,14,88
50,2024,4,29
51,2024,5,21
52,2024,0,1
53,2024,1,2
54,2024,17,77
55,2024,27,743
56,2024,0,1
59,2024,0,3
60,2024,0,13
63,2024,0,4
64,2024,2,17
65,2024,0,2
76,2024,6,51
77,2024,15,185
78,2024,22,52
79,2024,94,101
80,2024,0,3
81,2024,1,5
82,2024,28,79
83,2024,0,60
84,2024,0,3
92,2024,3,172
93,2024,5,44
94,2024,0,4
100,2024,1,7
101,2024,0,1
102,2024,2,24
103,2024,0,6
114,2024,0,9
115,2024,0,46
116,2024,4,20
117,2024,0,19
118,2024,7,32
119,2024,1,10
120,2024,12,36
130,2024,0,3
132,2024,1,1
136,2024,1,1
137,2024,0,3
139,2024,0,4
141,2024,0,4
144,2024,0,2
145,2024,1,5
146,2024,1,3
147,2024,0,1
148,2024,1,6
149,2024,0,2
150,2024,1,5
152,2024,1,4
153,2024,1,30
154,2024,1,10
157,2024,0,163
164,2024,0,18
165,2024,0,19
166,2024,8,111
169,2024,0,8
170,2024,7,77
171,2024,18,91
172,2024,0,1
173,2024,0,7
175,2024,1,21
177,2024,0,1
182,2024,0,5
190,2024,1,10
191,2024,0,1
195,2024,0,1
197,2024,0,2
198,2024,1,2
200,2024,0,3
201,2024,0,6
202,2024,6,14
203,2024,2,11
205,2024,0,1
206,2024,14,93
207,2024,0,3
208,2024,0,1
209,2024,2,30
210,2024,1,28
212,2024,1,4
216,2024,0,1239
223,2024,4,47
224,2024,1,13
225,2024,0,26
226,2024,1,7
227,2024,0,2
229,2024,5,64
230,2024,81,219
231,2024,3,11
232,2024,0,13
233,2024,1,17
234,2024,1,7
237,2024,0,1
239,2024,1,16
247,2024,0,2
252,2024,0,3
253,2024,0,6
255,2024,4,18
256,2024,2,2
257,2024,4,10
262,2024,2,9
263,2024,5,36
264,2024,0,23
265,2024,2,35
266,2024,4,61
267,2024,1,34
269,2024,0,2
270,2024,1,5
271,2024,1,15
272,2024,0,4
273,2024,0,2
274,2024,0,6
275,2024,47,154
287,2024,0,72
288,2024,7,26
289,2024,1,6
290,2024,1,3
291,2024,1,1
292,2024,6,63
293,2024,1,9
294,2024,2,5
295,2024,0,23
296,2024,0,23
299,2024,1,8
300,2024,3,32
309,2024,0,54
312,2024,1,7
314,2024,1,2
318,2024,1,5
319,2024,1,7
320,2024,0,6
321,2024,0,1
322,2024,0,24
323,2024,0,8
324,2024,0,12
325,2024,4,17
326,2024,2,15
327,2024,30,258
328,2024,4,46
329,2024,2,7
332,2024,4,20
333,2024,2,13
334,2024,2,14
335,2024,1,10
336,2024,13,124
337,2024,10,73
338,2024,9,29
339,2024,2,35
351,2024,0,306
353,2024,1,2
356,2024,5,15
358,2024,0,11
361,2024,2,4
362,2024,0,2
363,2024,0,10
372,2024,0,39
373,2024,2,186
374,2024,1,11
375,2024,0,2
376,2024,0,3
377,2024,0,1
378,2024,0,1
379,2024,1,3
380,2024,2,7
383,2024,0,5
384,2024,0,1
385,2024,2,39
386,2024,0,14
387,2024,530,603
388,2024,0,10
389,2024,10,183
390,2024,9,33
391,2024,3,57
392,2024,0,4
394,2024,0,2
395,2024,43,142
396,2024,1,6
397,2024,1,3
398,2024,1,7
399,2024,0,6
400,2024,0,65
401,2024,32,642
402,2024,31,153
403,2024,22,84
404,2024,4,57
405,2024,2,26
406,2024,8,27
407,2024,6,39
408,2024,9,85
409,2024,45,203
410,2024,31,323
424,2024,0,14
425,2024,0,12
426,2024,0,1
428,2024,0,1
429,2024,1,18
430,2024,0,7
431,2024,1,10
432,2024,1,14
433,2024,22,97
434,2024,0,6
435,2024,0,1
438,2024,1,2
444,2024,0,2
445,2024,0,6
446,2024,1,4
448,2024,0,4
449,2024,3,24
451,2024,0,10
452,2024,0,4
453,2024,0,2
455,2024,23,114
456,2024,4,19
457,2024,0,9
458,2024,0,3
459,2024,4,22
460,2024,190,232
461,2024,3,19
462,2024,34,154
463,2024,6,18
464,2024,6,37
465,2024,1,16
466,2024,0,1
467,2024,2,13
468,2024,3,18
469,2024,46,171
470,2024,2,51
471,2024,2,38
472,2024,0,3
473,2024,0,3
474,2024,44,117
475,2024,35,201
476,2024,11,109
477,2024,4,19
478,2024,2,58
479,2024,23,173
480,2024,7,89
481,2024,2,50
482,2024,1,82
483,2024,12,48
484,2024,6,66
485,2024,10,165
500,2024,1,6
501,2024,0,35
504,2024,0,22
505,2024,0,14
506,2024,2,12
507,2024,1,28
508,2024,0,47
509,2024,9,52
510,2024,1,5
512,2024,0,10
513,2024,6,19
520,2024,0,2
521,2024,1,4
531,2024,1,2
532,2024,0,8
533,2024,2,4
534,2024,1,3
535,2024,11,62
536,2024,1,7
537,2024,0,11
538,2024,3,14
539,2024,0,12
540,2024,3,13
541,2024,0,7
542,2024,5,41
543,2024,3,12
544,2024,5,7
546,2024,4,11
547,2024,4,12
548,2024,0,1
549,2024,6,22
550,2024,15,204
552,2024,10,93
553,2024,9,55
554,2024,17,66
555,2024,8,60
556,2024,66,540
557,2024,45,276
558,2024,10,113
559,2024,10,71
560,2024,5,56
561,2024,25,315
562,2024,0,40
577,2024,2,17
580,2024,0,20
581,2024,0,6
582,2024,3,7
583,2024,0,3
584,2024,0,28
585,2024,0,22
586,2024,6,867
587,2024,1,527
588,2024,4,87
592,2024,0,5
604,2024,0,1
605,2024,0,5
607,2024,1,4
609,2024,1,8
610,2024,1,2
611,2024,1,4
612,2024,1,9
613,2024,2,10
614,2024,28,90
615,2024,0,14
616,2024,3,20
617,2024,1,4
618,2024,1,1
619,2024,11,23
620,2024,1,6
621,2024,1,4
622,2024,3,12
623,2024,2,9
625,2024,1,8
626,2024,24,118
627,2024,7,29
628,2024,1,9
629,2024,2,15
630,2024,63,401
631,2024,11,64
632,2024,1,10
633,2024,18,54
634,2024,6,32
635,2024,43,278
636,2024,34,213
637,2024,25,226
638,2024,17,126
639,2024,15,110
640,2024,14,96
662,2024,0,22
663,2024,0,141
664,2024,0,1017
666,2024,2,32
668,2024,0,18
669,2024,1,18
670,2024,2,7
671,2024,0,1
685,2024,1,5
686,2024,0,1
687,2024,3,8
688,2024,2,16
689,2024,3,9
690,2024,7,71
691,2024,47,255
692,2024,40,160
693,2024,3,11
694,2024,0,15
695,2024,0,2
696,2024,1,3
697,2024,7,21
698,2024,1,11
699,2024,2,11
700,2024,1,3
701,2024,8,52
703,2024,12,77
704,2024,6,30
705,2024,7,61
706,2024,1,6
707,2024,0,4
708,2024,17,27
709,2024,3,19
710,2024,4,10
711,2024,2,8
712,2024,4,29
713,2024,18,113
714,2024,11,166
715,2024,23,143
716,2024,34,243
717,2024,34,316
718,2024,10,146
739,2024,2,37
740,2024,3,48
741,2024,0,14
742,2024,1,76
744,2024,0,3
747,2024,0,15
748,2024,2,21
751,2024,4,86
752,2024,0,1
753,2024,3,4
758,2024,0,1
759,2024,0,1
760,2024,0,1
761,2024,0,1
765,2024,4,13
766,2024,3,8
767,2024,0,2
768,2024,1,7
769,2024,184,1376
770,2024,92,433
771,2024,11,37
772,2024,6,32
773,2024,2,4
774,2024,3,11
775,2024,141,378
776,2024,4,13
777,2024,3,16
778,2024,27,193
779,2024,3,10
780,2024,3,14
781,2024,1,48
782,2024,8,17
783,2024,10,32
784,2024,11,39
785,2024,1,19
787,2024,3,26
788,2024,1,40
789,2024,2,22
790,2024,0,8
791,2024,3,20
792,2024,9,73
793,2024,20,124
794,2024,39,259
795,2024,38,231
796,2024,225,3009
797,2024,39,199
819,2024,2,19
820,2024,9,745
821,2024,0,392
822,2024,0,9
824,2024,0,1
825,2024,1,5
827,2024,0,3
830,2024,0,9
831,2024,3,24
832,2024,6,39
837,2024,1,22
838,2024,0,2
842,2024,1,8
843,2024,4,24
844,2024,1,3
846,2024,3,9
847,2024,0,11
848,2024,6,56
849,2024,4,38
850,2024,9,41
851,2024,1,6
852,2024,2,4
853,2024,3,20
854,2024,32,118
855,2024,4,22
856,2024,36,110
857,2024,6,81
858,2024,0,1
859,2024,6,35
860,2024,1,3
861,2024,25,39
862,2024,1,9
863,2024,2,28
864,2024,2,5
865,2024,1,1
867,2024,22,223
868,2024,11,39
869,2024,13,82
870,2024,153,706
871,2024,9,57
872,2024,127,508
873,2024,7,41
874,2024,4,19
875,2024,4,44
876,2024,50,415
877,2024,7,92
878,2024,73,588
879,2024,23,266
880,2024,132,1426
881,2024,117,866
882,2024,16,516
883,2024,0,69
904,2024,0,91
906,2024,0,3
911,2024,0,8
919,2024,30,430
921,2024,2,436
922,2024,0,53
923,2024,1,3
924,2024,0,2
925,2024,1,3
926,2024,2,5
928,2024,0,1
929,2024,2,10
930,2024,3,15
931,2024,2,4
932,2024,0,3
933,2024,0,3
934,2024,12,73
935,2024,3,8
936,2024,2,17
937,2024,17,81
938,2024,4,30
939,2024,8,69
940,2024,11,45
941,2024,5,30
942,2024,13,72
943,2024,1,27
944,2024,10,34
945,2024,6,19
946,2024,1,12
947,2024,6,10
948,2024,10,66
949,2024,38,159
950,2024,3,16
951,2024,3,4
952,2024,1,11
953,2024,26,374
954,2024,101,373
955,2024,26,138
956,2024,9,36
957,2024,10,65
958,2024,166,679
959,2024,1,31
960,2024,1,19
961,2024,7,50
962,2024,30,186
963,2024,21,154
964,2024,55,345
965,2024,67,307
966,2024,80,489
967,2024,83,202
968,2024,36,184
969,2024,16,52
996,2024,0,19
1004,2024,0,1
1005,2024,2,69
1013,2024,0,5
1015,2024,0,3
1016,2024,8,57
1017,2024,4,17
1018,2024,2,10
1019,2024,2,3
1021,2024,7,26
1022,2024,2,3
1023,2024,2,13
1024,2024,16,35
1025,2024,2,13
1026,2024,7,23
1027,2024,34,110
1028,2024,11,70
1029,2024,7,50
1030,2024,71,285
1031,2024,1,3
1032,2024,18,74
1033,2024,68,295
1034,2024,6,16
1035,2024,5,28
1036,2024,13,57
1037,2024,28,116
1038,2024,11,102
1039,2024,4,29
1040,2024,4,25
1041,2024,3,12
1042,2024,2,8
1043,2024,11,53
1044,2024,14,99
1045,2024,62,225
1046,2024,8,22
1047,2024,14,62
1048,2024,61,266
1049,2024,159,409
1050,2024,91,640
1051,2024,15,192
1052,2024,22,125
1079,2024,0,4
1083,2024,2,21
1085,2024,0,3
1087,2024,0,9
1088,2024,1,5
1089,2024,3,44
1091,2024,1,1
1093,2024,0,3
1094,2024,1,1
1096,2024,0,1
1099,2024,0,8
1103,2024,2,2
1104,2024,0,4
1105,2024,1,7
1106,2024,2,7
1107,2024,1,8
1108,2024,6,23
1109,2024,1,10
1110,2024,9,50
1111,2024,76,782
1112,2024,21,80
1113,2024,44,306
1114,2024,20,80
1115,2024,24,113
1116,2024,23,90
1117,2024,148,552
1118,2024,126,538
1119,2024,171,767
1120,2024,1,30
1121,2024,1,4
1122,2024,38,228
1123,2024,2,32
1124,2024,9,32
1125,2024,1,8
1126,2024,0,4
1127,2024,4,11
1128,2024,0,10
1129,2024,21,83
1130,2024,26,81
1131,2024,21,132
1132,2024,151,884
1133,2024,147,627
1134,2024,152,470
1160,2024,0,12
1169,2024,0,6
1170,2024,0,2
1171,2024,0,6
1172,2024,0,6
1176,2024,0,1
1177,2024,2,6
1178,2024,0,1
1181,2024,0,4
1182,2024,1,15
1183,2024,12,22
1184,2024,1,1
1186,2024,0,3
1188,2024,0,5
1189,2024,2,6
1190,2024,8,44
1191,2024,1,2
1192,2024,3,9
1193,2024,19,119
1194,2024,0,5
1195,2024,26,194
1196,2024,20,76
1197,2024,52,934
1198,2024,9,51
1199,2024,54,181
1200,2024,7,32
1201,2024,5,31
1202,2024,64,653
1203,2024,26,159
1204,2024,14,76
1205,2024,4,39
1206,2024,11,62
1207,2024,28,137
1208,2024,16,48
1209,2024,7,36
1210,2024,6,36
1211,2024,2,13
1212,2024,36,144
1213,2024,73,185
1214,2024,51,162
1215,2024,91,411
1216,2024,363,1486
1217,2024,67,3237
1252,2024,0,3
1253,2024,1,9
1254,2024,0,1
1255,2024,0,1
1263,2024,1,2
1264,2024,1,6
1265,2024,1,5
1267,2024,1,5
1268,2024,1,5
1269,2024,5,10
1270,2024,41,145
1271,2024,0,1
1272,2024,0,1
1273,2024,25,93
1274,2024,0,7
1275,2024,2,5
1276,2024,3,24
1277,2024,15,204
1278,2024,11,60
1279,2024,253,1209
1280,2024,211,1515
1281,2024,18,42
1282,2024,22,135
1283,2024,9,47
1284,2024,7,30
1285,2024,4,15
1286,2024,40,187
1287,2024,25,248
1288,2024,32,169
1289,2024,89,340
1290,2024,273,1101
1291,2024,35,111
1292,2024,37,110
1293,2024,32,162
1294,2024,8,20
1295,2024,7,20
1296,2024,74,266
1297,2024,3,11
1298,2024,20,87
1299,2024,16,75
1300,2024,70,272
1301,2024,144,1058
1302,2024,205,927
1303,2024,58,183
1333,2024,0,9
1334,2024,0,66
1335,2024,0,137
1338,2024,0,25
1339,2024,0,2
1340,2024,0,1
1345,2024,0,1
1346,2024,0,6
1351,2024,1,3
1352,2024,0,2
1354,2024,6,15
1355,2024,27,104
1356,2024,1,18
1357,2024,1,1
1358,2024,54,204
1359,2024,0,12
1360,2024,12,53
1361,2024,0,8
1362,2024,3,11
1363,2024,3,10
1364,2024,83,382
1365,2024,52,174
1366,2024,19,157
1367,2024,0,11
1368,2024,6,30
1369,2024,14,109
1370,2024,3,13
1371,2024,9,30
1372,2024,1,13
1373,2024,1,5
1374,2024,17,100
1375,2024,172,833
1376,2024,29,79
1377,2024,66,192
1378,2024,43,174
1379,2024,18,123
1380,2024,9,24
1381,2024,10,52
1382,2024,8,23
1383,2024,47,232
1384,2024,13,95
1385,2024,177,579
1386,2024,899,2775
1387,2024,18,110
1388,2024,3,67
1418,2024,0,13
1420,2024,2,134
1421,2024,0,9
1426,2024,1,4
1427,2024,1,7
1431,2024,0,1
1432,2024,1,2
1433,2024,1,6
1434,2024,2,8
1435,2024,30,261
1438,2024,2,6
1439,2024,7,32
1440,2024,0,3
1441,2024,1,4
1443,2024,0,3
1444,2024,2,14
1445,2024,0,2
1446,2024,5,24
1447,2024,2,59
1448,2024,2,15
1449,2024,6,36
1450,2024,14,17
1451,2024,4,14
1452,2024,0,8
1453,2024,9,43
1454,2024,1,5
1455,2024,8,53
1456,2024,1,10
1457,2024,35,113
1458,2024,59,245
1459,2024,28,162
1460,2024,8,43
1461,2024,75,151
1462,2024,279,790
1463,2024,44,125
1464,2024,14,49
1465,2024,6,16
1466,2024,12,63
1467,2024,44,216
1468,2024,96,244
1469,2024,102,444
1470,2024,40,195
1471,2024,11,120
1472,2024,0,31
1504,2024,88,662
1505,2024,0,41
1508,2024,1,2
1512,2024,1,2
1514,2024,2,24
1515,2024,1,30
1517,2024,1,5
1518,2024,28,261
1519,2024,2,20
1520,2024,0,2
1521,2024,0,1
1522,2024,1,3
1524,2024,0,2
1526,2024,1,5
1527,2024,17,32
1528,2024,0,7
1529,2024,8,28
1530,2024,14,53
1531,2024,19,190
1532,2024,0,4
1533,2024,0,1
1534,2024,37,400
1535,2024,2,13
1536,2024,1,8
1537,2024,3,38
1538,2024,0,2
1539,2024,5,11
1540,2024,2,15
1541,2024,154,718
1542,2024,12,46
1543,2024,6,61
1544,2024,8,17
1545,2024,10,29
1546,2024,51,201
1547,2024,16,80
1548,2024,33,112
1549,2024,9,27
1550,2024,78,231
1551,2024,132,680
1552,2024,262,1043
1553,2024,95,260
1554,2024,15,145
1555,2024,3,204
1584,2024,0,13
1586,2024,21,901
1587,2024,10,389
1588,2024,1,3
1589,2024,1,1
1592,2024,0,5
1594,2024,0,2
1598,2024,1,6
1600,2024,0,2
1601,2024,4,12
1603,2024,2,9
1604,2024,0,4
1605,2024,2,3
1607,2024,1,1
1608,2024,3,11
1610,2024,1,4
1611,2024,1,2
1612,2024,2,17
1613,2024,27,33
1614,2024,7,25
1615,2024,110,467
1616,2024,15,41
1617,2024,1,6
1618,2024,11,135
1619,2024,27,220
1620,2024,3,42
1621,2024,8,45
1622,2024,16,163
1623,2024,25,120
1624,2024,52,191
1625,2024,12,38
1626,2024,2,9
1627,2024,2,9
1628,2024,2,6
1629,2024,172,309
1630,2024,55,126
1631,2024,4,8
1632,2024,38,95
1633,2024,103,317
1634,2024,1809,5436
1635,2024,212,872
1636,2024,28,147
1637,2024,18,72
1638,2024,94,287
1668,2024,0,297
1669,2024,0,742
1670,2024,108,1136
1674,2024,0,3
1678,2024,0,5
1679,2024,1,1
1680,2024,1,15
1681,2024,3,4
1684,2024,0,4
1685,2024,1,3
1686,2024,0,10
1687,2024,0,6
1688,2024,0,5
1691,2024,0,1
1692,2024,2,3
1693,2024,1,6
1694,2024,0,5
1695,2024,2,7
1696,2024,9,52
1697,2024,0,6
1698,2024,2,3
1699,2024,1,1
1700,2024,6,53
1701,2024,3,50
1702,2024,5,206
1703,2024,0,12
1704,2024,42,165
1705,2024,75,275
1706,2024,0,8
1707,2024,5,15
1708,2024,11,45
1709,2024,68,185
1710,2024,9,18
1711,2024,15,35
1712,2024,46,70
1713,2024,71,134
1714,2024,13,25
1715,2024,100,185
1716,2024,27,102
1717,2024,82,449
1718,2024,35,123
1719,2024,42,234
1720,2024,22,142
1721,2024,24,249
1752,2024,1,343
1755,2024,1,2
1758,2024,0,4
1759,2024,0,1
1761,2024,0,2
1762,2024,3,6
1763,2024,1,1
1764,2024,1,2
1765,2024,0,1
1766,2024,3,3
1767,2024,0,2
1768,2024,1,4
1769,2024,1,24
1770,2024,2,7
1772,2024,0,1
1774,2024,2,9
1776,2024,0,2
1777,2024,1,3
1778,2024,1,3
1779,2024,2,6
1780,2024,18,153
1781,2024,1,8
1782,2024,5,37
1783,2024,26,125
1784,2024,19,58
1785,2024,2,12
1786,2024,10,78
1787,2024,64,339
1788,2024,2,4
1789,2024,1,10
1790,2024,7,16
1791,2024,6,15
1792,2024,2,7
1793,2024,8,21
1794,2024,2,11
1795,2024,30,100
1796,2024,13,57
1797,2024,73,177
1798,2024,11,59
1799,2024,6,52
1800,2024,16,158
1801,2024,5,67
1802,2024,8,23
1803,2024,13,193
1834,2024,17,551
1837,2024,0,4
1840,2024,0,1
1841,2024,1,4
1842,2024,0,2
1843,2024,0,81
1845,2024,4,5
1846,2024,0,5
1847,2024,0,3
1848,2024,12,70
1849,2024,4,14
1850,2024,22,118
1851,2024,78,273
1852,2024,13,48
1853,2024,0,1
1854,2024,0,1
1855,2024,44,220
1856,2024,4,13
1857,2024,5,22
1858,2024,14,56
1859,2024,20,107
1860,2024,0,4
1861,2024,1,2
1863,2024,1,14
1864,2024,0,7
1865,2024,1,12
1866,2024,1,1
1867,2024,4,29
1868,2024,3,9
1869,2024,1,7
1870,2024,0,1
1871,2024,2,5
1872,2024,11,25
1873,2024,8,35
1874,2024,11,46
1875,2024,34,87
1876,2024,5,25
1877,2024,2,10
1878,2024,12,45
1879,2024,49,213
1880,2024,21,36
1881,2024,91,436
1882,2024,20,65
1883,2024,16,84
1914,2024,1,53
1915,2024,1,70
1922,2024,0,9
1925,2024,0,4
1927,2024,5,16
1928,2024,0,1
1929,2024,0,4
1930,2024,0,3
1931,2024,0,23
1932,2024,3,32
1933,2024,3,16
1934,2024,14,37
1935,2024,1,8
1936,2024,0,4
1937,2024,13,30
1938,2024,4,26
1939,2024,143,232
1940,2024,91,414
1941,2024,2,9
1942,2024,4,10
1944,2024,0,1
1945,2024,0,4
1946,2024,2,9
1947,2024,3,12
1948,2024,77,304
1949,2024,2,20
1950,2024,70,310
1951,2024,2,10
1952,2024,12,37
1953,2024,4,5
1954,2024,2,7
1955,2024,1,3
1956,2024,22,48
1957,2024,5,17
1958,2024,5,13
1959,2024,35,95
1960,2024,4,13
1961,2024,18,107
1962,2024,27,101
1963,2024,7,40
1964,2024,100,889
1965,2024,7,192
1994,2024,0,26
1996,2024,0,25
1998,2024,0,19
2000,2024,0,2
2002,2024,0,1
2003,2024,0,2
2006,2024,0,1
2007,2024,5,21
2008,2024,3,28
2009,2024,0,11
2010,2024,0,2
2011,2024,1,3
2012,2024,0,5
2013,2024,8,13
2014,2024,1,2
2015,2024,7,17
2016,2024,1,1
2017,2024,5,19
2018,2024,3,9
2019,2024,0,5
2020,2024,4,7
2021,2024,3,12
2022,2024,6,31
2023,2024,2,4
2024,2024,0,1
2025,2024,1,3
2026,2024,2,39
2027,2024,0,7
2028,2024,4,14
2029,2024,7,26
2030,2024,1,5
2031,2024,16,72
2032,2024,3,14
2033,2024,3,11
2034,2024,4,9
2035,2024,9,25
2036,2024,0,1
2037,2024,4,9
2038,2024,46,268
2039,2024,26,58
2040,2024,7,17
2041,2024,1,4
2042,2024,0,5
2044,2024,1,5
2045,2024,12,32
2046,2024,10,107
2076,2024,0,3
2084,2024,0,6
2086,2024,2,6
2088,2024,11,49
2089,2024,47,156
2090,2024,3,5
2091,2024,0,1
2092,2024,0,2
2093,2024,0,1
2094,2024,1,3
2095,2024,0,2
2096,2024,5,17
2097,2024,0,1
2098,2024,4,10
2099,2024,0,9
2100,2024,1,11
2101,2024,4,7
2102,2024,3,19
2103,2024,22,85
2104,2024,4,23
2105,2024,2,5
2106,2024,4,14
2107,2024,1,5
2108,2024,25,55
2109,2024,1,3
2110,2024,2,10
2111,2024,7,16
2112,2024,0,6
2113,2024,0,1
2114,2024,5,10
2115,2024,3,18
2116,2024,5,31
2117,2024,4,15
2118,2024,7,21
2119,2024,16,43
2120,2024,6,28
2121,2024,0,3
2122,2024,3,19
2123,2024,1,12
2124,2024,0,4
2125,2024,0,1
2126,2024,1,14
2127,2024,19,209
2160,2024,1,10
2162,2024,2,4
2164,2024,1,2
2165,2024,1,6
2166,2024,1,2
2167,2024,1,7
2169,2024,2,13
2170,2024,7,17
2171,2024,0,1
2172,2024,0,21
2174,2024,2,21
2175,2024,6,22
2176,2024,0,1
2177,2024,10,62
2179,2024,1,9
2180,2024,2,12
2181,2024,1,9
2182,2024,1,6
2183,2024,6,11
2184,2024,6,18
2185,2024,4,25
2186,2024,16,69
2187,2024,2,4
2188,2024,2,3
2189,2024,2,42
2190,2024,0,4
2191,2024,5,15
2192,2024,2,2
2193,2024,3,8
2194,2024,11,31
2195,2024,2,6
2196,2024,59,164
2197,2024,16,45
2198,2024,12,37
2199,2024,7,27
2200,2024,18,90
2201,2024,32,611
2202,2024,473,2120
2203,2024,86,369
2204,2024,5,24
2205,2024,1,9
2206,2024,4,10
2207,2024,8,44
2208,2024,2,66
2238,2024,0,269
2239,2024,1,53
2240,2024,0,41
2241,2024,0,12
2242,2024,1,11
2243,2024,0,3
2244,2024,0,2
2246,2024,0,1
2247,2024,0,1
2248,2024,0,1
2249,2024,0,5
2250,2024,7,17
2252,2024,1,14
2253,2024,2,17
2254,2024,6,25
2255,2024,0,12
2256,2024,2,2
2257,2024,11,35
2258,2024,0,5
2259,2024,7,34
2260,2024,0,3
2261,2024,3,7
2262,2024,4,6
2263,2024,1,6
2264,2024,1,3
2266,2024,1,6
2267,2024,0,7
2268,2024,10,44
2269,2024,16,66
2270,2024,2,13
2271,2024,28,89
2272,2024,6,16
2273,2024,0,7
2274,2024,3,13
2275,2024,3,22
2276,2024,2,31
2277,2024,3,11
2278,2024,13,74
2279,2024,319,529
2280,2024,10,66
2281,2024,1,21
2282,2024,35,108
2283,2024,26,58
2284,2024,86,346
2285,2024,131,754
2286,2024,12,43
2287,2024,0,14
2288,2024,4,18
2289,2024,0,3
2290,2024,3,21
2307,2024,0,28
2308,2024,0,187
2319,2024,0,29
2324,2024,0,3
2329,2024,0,1
2330,2024,2,18
2331,2024,1,6
2332,2024,0,3
2333,2024,1,5
2334,2024,2,10
2335,2024,0,4
2336,2024,31,66
2337,2024,4,15
2338,2024,5,15
2339,2024,20,130
2340,2024,21,52
2341,2024,4,20
2342,2024,16,39
2343,2024,0,2
2344,2024,6,19
2345,2024,3,9
2346,2024,1,25
2347,2024,0,3
2348,2024,1,28
2349,2024,0,6
2350,2024,0,5
2351,2024,1,7
2352,2024,93,457
2353,2024,76,287
2354,2024,6,27
2355,2024,4,36
2356,2024,10,25
2357,2024,23,247
2358,2024,163,824
2359,2024,12,81
2360,2024,32,278
2361,2024,17,41
2362,2024,2,16
2363,2024,42,292
2364,2024,9,44
2365,2024,4,12
2366,2024,15,51
2367,2024,3,14
2368,2024,0,15
2369,2024,2,5
2370,2024,4,45
2371,2024,8,80
2385,2024,2,109
2386,2024,0,69
2397,2024,0,11
2398,2024,0,26
2403,2024,0,6
2406,2024,0,2
2409,2024,0,8
2410,2024,0,3
2411,2024,3,12
2412,2024,11,76
2413,2024,3,17
2414,2024,18,209
2415,2024,3,14
2416,2024,3,19
2417,2024,42,216
2418,2024,6,44
2419,2024,3,49
2420,2024,1,8
2421,2024,1,9
2422,2024,1,4
2423,2024,4,26
2424,2024,6,42
2425,2024,0,7
2426,2024,0,6
2427,2024,13,37
2428,2024,0,1
2429,2024,1,1
2430,2024,4,22
2431,2024,14,43
2432,2024,4,18
2433,2024,6,22
2434,2024,19,63
2435,2024,8,58
2436,2024,4,32
2437,2024,15,125
2438,2024,22,146
2439,2024,21,60
2440,2024,5,277
2441,2024,84,285
2442,2024,5,42
2443,2024,8,32
2444,2024,0,12
2445,2024,2,14
2446,2024,1,6
2447,2024,1,20
2448,2024,28,46
2461,2024,0,45
2462,2024,3,36
2463,2024,38,142
2464,2024,0,9
2480,2024,1,23
2481,2024,0,9
2482,2024,0,3
2484,2024,0,2
2485,2024,0,12
2486,2024,3,12
2487,2024,1,5
2488,2024,54,240
2489,2024,13,62
2490,2024,0,2
2491,2024,1,3
2492,2024,1,10
2493,2024,0,16
2494,2024,5,549
2495,2024,0,8
2496,2024,6,68
2497,2024,1,2
2498,2024,4,23
2499,2024,2,9
2501,2024,0,7
2502,2024,30,110
2503,2024,2,15
2504,2024,0,5
2505,2024,3,10
2506,2024,5,8
2507,2024,1,8
2508,2024,10,19
2509,2024,3,31
2510,2024,65,227
2511,2024,59,268
2512,2024,5,36
2513,2024,9,38
2514,2024,2,23
2515,2024,48,241
2516,2024,22,99
2517,2024,2,4
2518,2024,0,3
2519,2024,3,6
2520,2024,2,12
2521,2024,0,2
2522,2024,0,4
2523,2024,2,5
2524,2024,12,110
2537,2024,2,229
2538,2024,0,36
2539,2024,0,27
2555,2024,4,24
2556,2024,16,39
2557,2024,0,1
2558,2024,0,2
2559,2024,0,1
2560,2024,4,8
2562,2024,0,5
2563,2024,7,101
2564,2024,3,15
2565,2024,1,3
2567,2024,1,2
2568,2024,0,1
2569,2024,1,27
2570,2024,6,14
2571,2024,2,12
2572,2024,4,35
2573,2024,11,46
2574,2024,1,1
2575,2024,0,1
2576,2024,2,3
2577,2024,21,101
2578,2024,0,5
2579,2024,0,2
2580,2024,3,11
2581,2024,29,91
2582,2024,17,54
2583,2024,26,177
2584,2024,2,30
2585,2024,5,14
2586,2024,1,12
2587,2024,11,105
2588,2024,8,36
2589,2024,2,10
2590,2024,11,39
2591,2024,4,23
2592,2024,2,11
2593,2024,23,78
2594,2024,7,26
2595,2024,3,24
2596,2024,1,3
2597,2024,2,76
2598,2024,4,34
2610,2024,0,33
2611,2024,0,3
2613,2024,0,64
2614,2024,0,24
2626,2024,1,2
2629,2024,0,246
2630,2024,0,4
2631,2024,0,1
2632,2024,1,5
2633,2024,16,157
2634,2024,1,45
2635,2024,2,3
2636,2024,24,62
2637,2024,8,13
2638,2024,1,2
2640,2024,2,7
2641,2024,2,5
2642,2024,2,9
2643,2024,14,42
2644,2024,10,41
2645,2024,11,57
2646,2024,0,1
2648,2024,0,3
2649,2024,5,18
2650,2024,12,36
2651,2024,0,10
2652,2024,0,2
2653,2024,0,3
2654,2024,5,15
2655,2024,1,10
2656,2024,12,38
2657,2024,2,9
2658,2024,14,51
2659,2024,145,475
2660,2024,99,254
2661,2024,53,304
2662,2024,2,5
2663,2024,2,9
2664,2024,1,11
2665,2024,1,4
2666,2024,9,74
2667,2024,0,7
2668,2024,2,6
2669,2024,12,104
2679,2024,1,51
2680,2024,0,5
2682,2024,1,10
2683,2024,2,16
2697,2024,0,3
2698,2024,0,2
2699,2024,0,5
2700,2024,92,370
2701,2024,2,2
2702,2024,3,57
2703,2024,4,7
2705,2024,0,9
2706,2024,0,7
2707,2024,2,4
2708,2024,0,1
2709,2024,12,35
2710,2024,0,5
2711,2024,3,19
2712,2024,5,7
2713,2024,1,3
2714,2024,0,4
2715,2024,1,6
2716,2024,0,5
2718,2024,2,12
2719,2024,0,2
2721,2024,1,3
2722,2024,1,7
2723,2024,6,15
2724,2024,13,83
2725,2024,1,13
2726,2024,0,34
2727,2024,8,96
2728,2024,54,433
2729,2024,16,102
2730,2024,5,16
2731,2024,10,13
2732,2024,0,8
2733,2024,6,53
2734,2024,0,1
2735,2024,0,4
2736,2024,7,48
2737,2024,3,29
2743,2024,0,1
2745,2024,2,13
2746,2024,3,25
2747,2024,2,16
2748,2024,0,5
2749,2024,0,6
2750,2024,0,25
2751,2024,0,11
2752,2024,0,15
2755,2024,1,91
2756,2024,0,2
2758,2024,0,3
2762,2024,3,375
2763,2024,8,15
2764,2024,0,7
2765,2024,1,3
2766,2024,0,5
2767,2024,0,10
2768,2024,21,125
2769,2024,12,27
2770,2024,8,52
2771,2024,1,12
2772,2024,42,195
2773,2024,1,9
2774,2024,0,36
2775,2024,0,4
2776,2024,0,1
2777,2024,0,4
2781,2024,0,1
2782,2024,1,9
2783,2024,1,1
2784,2024,0,12
2785,2024,0,8
2786,2024,5,37
2787,2024,2,11
2788,2024,1,11
2789,2024,12,181
2790,2024,26,201
2791,2024,5,11
2792,2024,1,11
2793,2024,4,17
2794,2024,6,22
2795,2024,2,7
2796,2024,11,38
2797,2024,7,31
2799,2024,0,2
2800,2024,6,10
2801,2024,5,16
2802,2024,34,109
2803,2024,21,126
2806,2024,0,27
2808,2024,0,20
2809,2024,29,1315
2810,2024,27,192
2811,2024,2,31
2814,2024,0,17
2815,2024,0,23
2816,2024,0,16
2819,2024,0,74
2827,2024,0,2
2828,2024,0,1
2829,2024,4,9
2830,2024,0,2
2831,2024,0,2
2832,2024,1,28
2833,2024,14,24
2834,2024,10,50
2835,2024,163,1158
2836,2024,47,414
2837,2024,5,24
2838,2024,7,26
2839,2024,1,5
2840,2024,2,6
2841,2024,2,7
2842,2024,1,8
2843,2024,0,1
2844,2024,0,10
2845,2024,0,14
2846,2024,0,3
2848,2024,0,2
2850,2024,2,20
2851,2024,2,10
2852,2024,1,5
2853,2024,5,14
2854,2024,2,8
2855,2024,0,1
2856,2024,1,6
2857,2024,10,234
2858,2024,5,16
2859,2024,1,2
2860,2024,3,13
2861,2024,1,3
2863,2024,6,23
2864,2024,2,12
2865,2024,20,101
2866,2024,33,82
2869,2024,1,19
2870,2024,109,457
2871,2024,19,147
2872,2024,3,11
2873,2024,112,589
2888,2024,0,7
2889,2024,5,21
2890,2024,0,6
2891,2024,0,7
2892,2024,0,1
2893,2024,5,18
2894,2024,5,17
2895,2024,193,734
2896,2024,196,1778
2897,2024,12,834
2898,2024,20,54
2899,2024,12,49
2900,2024,2,16
2901,2024,6,31
2902,2024,3,42
2903,2024,1,6
2904,2024,0,6
2905,2024,0,9
2906,2024,0,1
2907,2024,0,2
2909,2024,3,12
2910,2024,0,2
2911,2024,0,2
2912,2024,1,3
2913,2024,1,4
2914,2024,6,26
2915,2024,7,20
2916,2024,3,47
2917,2024,10,29
2918,2024,8,28
2919,2024,6,39
2920,2024,4,8
2921,2024,1,1
2923,2024,1,3
2924,2024,0,1
2925,2024,0,9
2926,2024,48,214
2927,2024,1,9
2928,2024,161,543
2929,2024,138,417
2930,2024,1,19
2931,2024,3,20
2932,2024,2,9
2944,2024,0,5
2945,2024,1,20
2946,2024,0,2
2947,2024,0,2
2948,2024,3,16
2949,2024,46,198
2950,2024,1,9
2951,2024,1,3
2952,2024,5,51
2953,2024,38,132
2954,2024,1,103
2955,2024,3,27
2956,2024,12,27
2957,2024,3,65
2958,2024,5,18
2959,2024,3,7
2960,2024,8,54
2961,2024,1,3
2962,2024,1,4
2963,2024,1,3
2964,2024,0,1
2965,2024,4,8
2966,2024,0,4
2967,2024,2,143
2968,2024,0,5
2969,2024,0,4
2970,2024,0,1
2971,2024,0,1
2972,2024,0,5
2974,2024,2,4
2975,2024,8,46
2976,2024,2,19
2977,2024,2,6
2978,2024,6,36
2979,2024,0,4
2980,2024,1,19
2981,2024,0,1
2982,2024,2,4
2983,2024,2,12
2984,2024,8,35
2985,2024,0,13
2986,2024,3,12
2987,2024,0,15
2995,2024,1,43
2996,2024,0,14
2998,2024,0,2
2999,2024,1,2
3000,2024,107,296
3001,2024,4,11
3002,2024,1,9
3003,2024,2,14
3004,2024,11,50
3005,2024,1,22
3006,2024,1,10
3007,2024,13,39
3008,2024,2,6
3009,2024,1,6
3010,2024,4,16
3011,2024,0,1
3012,2024,2,10
3013,2024,1,3
3014,2024,1,2
3015,2024,0,1
3016,2024,0,1
3017,2024,0,3
3019,2024,3,9
3020,2024,0,1
3022,2024,3,7
3023,2024,1,2
3024,2024,4,21
3025,2024,10,28
3026,2024,1,10
3027,2024,1,14
3028,2024,2,6
3029,2024,1,4
3030,2024,0,3
3031,2024,6,15
3032,2024,0,1
3033,2024,1,11
3034,2024,0,19
3035,2024,12,61
3043,2024,12,76
3044,2024,2,7
3045,2024,1,4
3046,2024,15,59
3047,2024,7,112
3048,2024,1,6
3049,2024,8,25
3050,2024,1,12
3051,2024,80,166
3052,2024,12,36
3053,2024,18,511
3054,2024,7,35
3055,2024,20,38
3056,2024,2,6
3057,2024,4,112
3058,2024,3,33
3059,2024,0,1
3060,2024,1,3
3061,2024,0,3
3062,2024,0,20
3063,2024,1,6
3064,2024,1,9
3065,2024,3,15
3066,2024,0,1
3067,2024,0,5
3068,2024,1,16
3069,2024,0,1
3071,2024,2,2
3072,2024,1,7
3073,2024,4,19
3074,2024,0,1
3075,2024,0,5
3076,2024,5,19
3077,2024,3,11
3078,2024,1,8
3079,2024,2,34
3080,2024,0,1
3081,2024,4,15
3082,2024,0,15
3083,2024,14,106
3086,2024,1,25
3087,2024,7,165
3090,2024,0,5
3091,2024,0,1
3092,2024,0,6
3093,2024,1,2
3094,2024,2,4
3095,2024,3,15
3096,2024,2,13
3097,2024,10,45
3098,2024,6,32
3099,2024,50,144
3100,2024,2,23
3101,2024,6,14
3102,2024,1,20
3103,2024,13,21
3104,2024,0,4
3105,2024,4,29
3106,2024,1,7
3107,2024,4,13
3108,2024,0,4
3109,2024,2,12
3110,2024,0,5
3111,2024,1,13
3113,2024,2,5
3114,2024,3,21
3115,2024,0,5
3116,2024,1,4
3117,2024,3,45
3118,2024,0,9
3119,2024,7,27
3120,2024,1,24
3121,2024,3,16
3122,2024,0,4
3123,2024,1,13
3124,2024,10,124
3125,2024,3,40
3127,2024,0,10
3128,2024,1,6
3129,2024,10,90
3130,2024,7,144
3133,2024,0,58
3134,2024,0,43
3136,2024,0,1
3137,2024,1,15
3138,2024,0,1
3139,2024,0,10
3140,2024,3,7
3141,2024,3,96
3142,2024,2,16
3143,2024,22,95
3144,2024,66,254
3145,2024,229,1465
3146,2024,32,163
3147,2024,37,366
3148,2024,16,71
3149,2024,14,84
3150,2024,4,26
3151,2024,3,19
3152,2024,0,2
3153,2024,0,5
3154,2024,1,3
3155,2024,0,3
3156,2024,0,10
3157,2024,14,312
3158,2024,16,115
3159,2024,6,41
3160,2024,5,62
3161,2024,1,28
3162,2024,8,78
3163,2024,2,60
3164,2024,13,140
3165,2024,1,41
3166,2024,0,25
3167,2024,11,33
3168,2024,6,36
3169,2024,0,2
3170,2024,8,35
3171,2024,18,94
3172,2024,0,2
3173,2024,2,12
3174,2024,154,812
3175,2024,61,236
3176,2024,9,82
3177,2024,6,29
3179,2024,0,5
3180,2024,0,8
3183,2024,0,7
3184,2024,0,4
3185,2024,1,25
3186,2024,0,4
3187,2024,19,160
3188,2024,2,9
3189,2024,41,114
3190,2024,31,153
3191,2024,133,472
3192,2024,150,1177
3193,2024,25,79
3194,2024,11,29
3195,2024,14,92
3196,2024,84,366
3197,2024,23,68
3198,2024,0,8
3199,2024,1,18
3200,2024,4,43
3201,2024,0,16
3202,2024,0,1
3203,2024,1,53
3205,2024,0,8
3206,2024,2,243
3207,2024,2,27
3209,2024,5,13
3210,2024,1,13
3211,2024,0,6
3213,2024,6,15
3214,2024,2,19
3215,2024,9,78
3216,2024,16,61
3217,2024,12,100
3221,2024,73,191
3223,2024,11,76
3224,2024,2,8
3225,2024,3,10
3226,2024,16,78
3227,2024,12,35
3228,2024,2259,5439
3229,2024,404,925
3230,2024,33,132
3231,2024,4,27
3232,2024,29,62
3233,2024,80,234
3234,2024,46,913
3235,2024,51,249
3236,2024,2,89
3238,2024,2,22
3240,2024,0,1
3241,2024,0,2
3242,2024,0,3
3243,2024,0,3
3244,2024,1,7
3245,2024,1,5
3246,2024,0,1
3247,2024,12,80
3248,2024,18,43
3249,2024,34,165
3250,2024,124,1261
3251,2024,3,136
3252,2024,0,22
3253,2024,0,112
3254,2024,0,10
3255,2024,0,4
3256,2024,2,6
3257,2024,0,5
3258,2024,6,24
3259,2024,4,6
3260,2024,12,262
3261,2024,21,76
3262,2024,0,6
3263,2024,0,10
3264,2024,17,22
3265,2024,3,11
3266,2024,44,186
3267,2024,1,85
3275,2024,41,128
3276,2024,9,58
3277,2024,20,316
3278,2024,18,96
3279,2024,3,177
3281,2024,1,8
3283,2024,0,4
3284,2024,30,58
3285,2024,2,6
3286,2024,4,16
3287,2024,9,25
3288,2024,3,11
3289,2024,7,24
3290,2024,1,10
3291,2024,16,51
3292,2024,63,505
3293,2024,23,573
3294,2024,3,89
3295,2024,9,45
3296,2024,19,61
3297,2024,1,64
3298,2024,0,2
3299,2024,0,1
3300,2024,0,2
3301,2024,1,7
3302,2024,26,92
3303,2024,9,15
3304,2024,12,32
3305,2024,113,216
3306,2024,0,2
3309,2024,39,305
3310,2024,4,12
3311,2024,27,107
3312,2024,1,6
3313,2024,17,151
3314,2024,5,54
3315,2024,0,1
3316,2024,1,5
3317,2024,1,2
3318,2024,1,3
3319,2024,16,52
3320,2024,48,405
3321,2024,25,129
3322,2024,5,116
3323,2024,3,77
3324,2024,1,13
3325,2024,2,7
3326,2024,2,102
3327,2024,15,422
3328,2024,11,75
3329,2024,0,1
3330,2024,6,9
3331,2024,8,75
3332,2024,59,126
3333,2024,1,19
3334,2024,4,261
3335,2024,25,189
3336,2024,2,19
3337,2024,4,92
3338,2024,0,432
3339,2024,1,2
3340,2024,0,4
3341,2024,0,1
3342,2024,1,7
3343,2024,1,5
3344,2024,18,150
3345,2024,1,37
3346,2024,0,55
3348,2024,7,85
3349,2024,2,13
3350,2024,3,52
3351,2024,17,35
3354,2024,16,48
3355,2024,0,69
3356,2024,1,202
3357,2024,0,256
3358,2024,19,314
3359,2024,0,38
3361,2024,0,16
8,2025,0,48
15,2025,0,45
16,2025,1,35
17,2025,2,118
18,2025,12,29
19,2025,1,36
20,2025,0,23
27,2025,1,70
28,2025,1,53
29,2025,0,8
30,2025,0,4
31,2025,1,6
32,2025,2,40
33,2025,6,16
35,2025,4,9
36,2025,3,60
37,2025,8,265
48,2025,0,1
49,2025,11,61
50,2025,5,25
51,2025,7,19
52,2025,0,5
53,2025,0,3
54,2025,24,60
55,2025,21,733
56,2025,1,8
59,2025,1,11
60,2025,2,17
63,2025,1,9
64,2025,1,9
65,2025,1,2
76,2025,2,30
77,2025,27,259
78,2025,8,32
79,2025,3,10
80,2025,1,2
81,2025,3,17
82,2025,54,122
83,2025,0,108
84,2025,0,2
92,2025,0,73
93,2025,0,18
94,2025,0,4
98,2025,1,5
99,2025,1,3
100,2025,1,3
101,2025,0,3
102,2025,4,18
103,2025,3,13
114,2025,3,12
115,2025,2,68
116,2025,8,42
117,2025,0,23
118,2025,5,25
119,2025,1,5
120,2025,6,31
123,2025,9,14
130,2025,0,1
137,2025,0,4
139,2025,0,2
141,2025,1,6
144,2025,0,4
146,2025,2,3
147,2025,0,2
148,2025,4,4
149,2025,2,10
150,2025,1,64
152,2025,4,31
153,2025,2,10
154,2025,2,16
157,2025,0,235
164,2025,1,40
165,2025,0,12
166,2025,16,187
167,2025,1,6
168,2025,0,7
169,2025,2,24
170,2025,2,39
171,2025,9,42
172,2025,0,5
173,2025,2,12
175,2025,2,34
177,2025,1,5
182,2025,1,4
188,2025,0,2
190,2025,1,6
191,2025,0,1
197,2025,0,3
198,2025,1,3
200,2025,1,11
201,2025,1,3
202,2025,5,18
203,2025,0,8
205,2025,1,5
206,2025,64,195
207,2025,0,3
208,2025,0,3
209,2025,5,59
210,2025,2,54
212,2025,3,16
216,2025,1,1743
223,2025,11,38
224,2025,0,14
225,2025,0,29
226,2025,7,11
227,2025,0,2
229,2025,8,87
230,2025,109,256
231,2025,2,6
232,2025,1,2
233,2025,0,5
234,2025,0,2
236,2025,0,1
237,2025,2,5
239,2025,0,7
247,2025,0,1
250,2025,1,2
253,2025,0,11
255,2025,2,18
256,2025,0,4
257,2025,1,6
262,2025,0,15
263,2025,8,75
264,2025,0,16
265,2025,0,39
266,2025,4,54
267,2025,0,39
269,2025,4,10
270,2025,2,12
271,2025,4,28
272,2025,0,4
273,2025,0,5
274,2025,3,6
275,2025,48,132
287,2025,2,36
288,2025,4,7
289,2025,1,2
290,2025,2,6
291,2025,0,4
292,2025,24,95
293,2025,0,14
294,2025,3,6
295,2025,1,32
296,2025,0,23
298,2025,0,3
299,2025,1,5
300,2025,5,28
309,2025,0,30
311,2025,0,6
312,2025,2,10
313,2025,1,4
314,2025,1,1
318,2025,0,2
319,2025,1,5
320,2025,0,4
322,2025,5,41
323,2025,1,22
324,2025,1,7
325,2025,1,10
326,2025,3,10
327,2025,27,318
328,2025,0,35
329,2025,6,17
332,2025,9,44
333,2025,0,21
334,2025,1,8
335,2025,4,13
336,2025,24,160
337,2025,17,95
338,2025,9,46
339,2025,1,22
351,2025,0,60
354,2025,2,8
356,2025,2,25
358,2025,0,15
360,2025,0,3
361,2025,0,3
362,2025,0,1
363,2025,0,12
372,2025,0,25
373,2025,1,165
374,2025,1,5
375,2025,1,1
376,2025,0,3
377,2025,0,4
378,2025,1,3
379,2025,0,6
380,2025,0,1
383,2025,0,4
384,2025,1,5
385,2025,5,61
386,2025,1,13
387,2025,3,14
388,2025,4,36
389,2025,27,257
390,2025,2,22
391,2025,20,90
394,2025,0,5
395,2025,12,69
396,2025,4,11
397,2025,2,8
398,2025,0,7
399,2025,1,16
400,2025,3,51
401,2025,35,825
402,2025,28,171
403,2025,26,120
404,2025,6,58
405,2025,7,53
406,2025,8,38
407,2025,5,126
408,2025,3,69
409,2025,73,280
410,2025,58,387
424,2025,0,16
425,2025,0,9
426,2025,2,2
428,2025,0,5
429,2025,0,19
430,2025,0,5
431,2025,1,9
432,2025,2,18
433,2025,18,68
434,2025,1,3
435,2025,0,4
441,2025,0,2
445,2025,0,1
448,2025,0,1
449,2025,2,17
451,2025,0,3
452,2025,0,3
453,2025,0,1
455,2025,23,118
456,2025,8,26
457,2025,0,9
458,2025,5,18
459,2025,5,30
460,2025,2,18
461,2025,8,73
462,2025,63,266
463,2025,0,8
464,2025,4,21
465,2025,2,13
466,2025,0,7
467,2025,0,4
468,2025,2,27
469,2025,71,315
470,2025,4,58
471,2025,5,21
472,2025,4,9
473,2025,0,3
474,2025,27,83
475,2025,57,199
476,2025,20,240
477,2025,1,24
478,2025,10,91
479,2025,22,127
480,2025,11,96
481,2025,14,98
482,2025,2,80
483,2025,9,47
484,2025,11,102
485,2025,8,143
500,2025,2,15
501,2025,0,40
504,2025,0,4
505,2025,1,5
506,2025,2,20
507,2025,3,18
508,2025,3,49
509,2025,6,39
510,2025,0,3
512,2025,0,19
513,2025,5,24
521,2025,0,2
531,2025,1,1
532,2025,5,13
533,2025,0,3
534,2025,0,4
535,2025,17,78
536,2025,1,7
537,2025,4,32
538,2025,2,15
539,2025,1,9
540,2025,0,13
541,2025,1,10
542,2025,9,50
543,2025,2,19
544,2025,1,2
545,2025,0,1
546,2025,1,9
547,2025,1,4
548,2025,2,10
549,2025,3,27
550,2025,12,141
552,2025,10,90
553,2025,9,48
554,2025,9,78
555,2025,15,67
556,2025,126,810
557,2025,39,271
558,2025,8,150
559,2025,9,114
560,2025,8,75
561,2025,42,340
562,2025,0,40
577,2025,0,38
580,2025,0,4
581,2025,1,9
582,2025,0,6
583,2025,0,1
584,2025,1,53
585,2025,0,24
586,2025,2,1113
587,2025,0,467
588,2025,12,101
592,2025,1,1
604,2025,1,5
605,2025,0,3
607,2025,0,2
609,2025,0,6
610,2025,0,6
611,2025,0,3
612,2025,7,39
613,2025,2,13
614,2025,26,87
615,2025,2,12
616,2025,5,21
617,2025,1,6
618,2025,1,12
619,2025,7,58
620,2025,2,16
621,2025,1,2
622,2025,3,5
623,2025,0,8
625,2025,0,5
626,2025,19,65
627,2025,1,28
628,2025,2,11
629,2025,2,12
630,2025,71,466
631,2025,9,62
632,2025,1,5
633,2025,10,58
634,2025,9,48
635,2025,18,150
636,2025,13,146
637,2025,69,406
638,2025,26,119
639,2025,15,119
640,2025,10,105
662,2025,1,183
663,2025,0,179
664,2025,0,1064
666,2025,1,25
668,2025,2,25
669,2025,2,44
670,2025,4,16
671,2025,0,11
685,2025,0,1
686,2025,2,10
687,2025,2,6
688,2025,4,15
689,2025,0,9
690,2025,26,135
691,2025,76,354
692,2025,103,252
693,2025,2,10
694,2025,1,9
695,2025,1,4
696,2025,0,2
697,2025,4,12
698,2025,5,14
699,2025,1,6
700,2025,2,5
701,2025,8,54
703,2025,20,107
704,2025,27,65
705,2025,7,52
706,2025,1,6
707,2025,3,10
708,2025,4,14
709,2025,0,6
710,2025,2,6
711,2025,8,24
712,2025,10,27
713,2025,29,123
714,2025,18,139
715,2025,5,113
716,2025,62,455
717,2025,63,414
718,2025,17,143
739,2025,2,38
740,2025,1,55
741,2025,1,37
742,2025,0,73
744,2025,0,5
747,2025,0,27
748,2025,0,21
751,2025,12,80
752,2025,2,2
753,2025,0,2
759,2025,0,1
763,2025,0,6
764,2025,2,6
765,2025,4,26
766,2025,1,8
767,2025,0,3
768,2025,1,16
769,2025,268,1602
770,2025,120,535
771,2025,5,11
772,2025,11,49
774,2025,9,34
775,2025,89,308
776,2025,3,10
777,2025,2,20
778,2025,31,234
779,2025,1,11
780,2025,6,24
781,2025,9,55
782,2025,6,29
783,2025,5,34
784,2025,3,14
785,2025,3,19
787,2025,2,22
788,2025,5,35
789,2025,7,42
790,2025,2,9
791,2025,5,26
792,2025,20,142
793,2025,16,116
794,2025,30,243
795,2025,21,233
796,2025,306,4094
797,2025,38,190
819,2025,6,25
820,2025,6,798
821,2025,0,342
822,2025,0,44
824,2025,1,3
830,2025,0,7
831,2025,3,35
832,2025,17,66
837,2025,3,24
839,2025,1,3
840,2025,0,3
842,2025,1,3
843,2025,0,63
844,2025,0,1
846,2025,8,12
847,2025,6,34
848,2025,7,60
849,2025,6,59
850,2025,6,37
851,2025,0,1
852,2025,2,9
853,2025,5,27
854,2025,26,118
855,2025,9,30
856,2025,25,135
857,2025,11,80
858,2025,1,4
859,2025,19,44
860,2025,3,17
861,2025,50,81
862,2025,3,19
863,2025,2,11
864,2025,1,5
865,2025,2,7
867,2025,23,315
868,2025,17,52
869,2025,13,79
870,2025,265,958
871,2025,13,89
872,2025,115,489
873,2025,8,41
874,2025,5,23
875,2025,7,45
876,2025,79,403
877,2025,8,111
878,2025,88,832
879,2025,39,421
880,2025,290,1820
881,2025,102,776
882,2025,29,488
883,2025,0,72
904,2025,1,82
906,2025,1,3
911,2025,0,11
919,2025,66,696
921,2025,3,365
922,2025,0,38
923,2025,0,2
924,2025,3,4
929,2025,1,6
930,2025,5,11
931,2025,0,3
932,2025,1,5
933,2025,0,3
934,2025,18,72
935,2025,2,9
936,2025,6,24
937,2025,19,103
938,2025,16,81
939,2025,12,115
940,2025,17,88
941,2025,23,38
942,2025,12,28
943,2025,3,24
944,2025,10,37
945,2025,2,14
946,2025,6,19
947,2025,5,19
948,2025,16,54
949,2025,46,164
950,2025,3,10
951,2025,3,6
952,2025,0,3
953,2025,42,461
954,2025,134,468
955,2025,39,182
956,2025,5,45
957,2025,7,56
958,2025,167,892
959,2025,2,18
960,2025,4,11
961,2025,9,38
962,2025,28,140
963,2025,5,96
964,2025,74,830
965,2025,51,248
966,2025,171,810
967,2025,114,389
968,2025,44,230
969,2025,18,64
996,2025,4,29
1004,2025,0,2
1005,2025,2,145
1006,2025,0,2
1013,2025,1,4
1014,2025,6,7
1015,2025,0,2
1016,2025,10,55
1017,2025,0,4
1018,2025,0,2
1019,2025,0,2
1020,2025,2,3
1021,2025,5,11
1022,2025,1,4
1023,2025,1,3
1024,2025,12,25
1025,2025,1,5
1026,2025,6,26
1027,2025,20,95
1028,2025,9,80
1029,2025,27,84
1030,2025,91,330
1031,2025,1,1
1032,2025,21,107
1033,2025,86,297
1034,2025,7,24
1035,2025,17,68
1036,2025,13,104
1037,2025,54,183
1038,2025,26,220
1039,2025,4,24
1040,2025,6,20
1041,2025,10,61
1042,2025,4,16
1043,2025,9,37
1044,2025,14,116
1045,2025,93,319
1046,2025,9,23
1047,2025,22,66
1048,2025,58,276
1049,2025,75,265
1050,2025,135,860
1051,2025,29,188
1052,2025,30,175
1079,2025,0,8
1083,2025,3,74
1085,2025,0,9
1087,2025,0,4
1088,2025,0,5
1089,2025,1,14
1091,2025,1,5
1093,2025,4,5
1094,2025,0,1
1096,2025,2,5
1099,2025,1,3
1102,2025,1,1
1104,2025,1,4
1105,2025,1,8
1106,2025,2,6
1107,2025,1,4
1108,2025,1,25
1109,2025,3,13
1110,2025,11,79
1111,2025,101,985
1112,2025,43,144
1113,2025,90,530
1114,2025,39,201
1115,2025,37,132
1116,2025,16,68
1117,2025,147,492
1118,2025,98,429
1119,2025,220,865
1120,2025,5,47
1121,2025,0,2
1122,2025,29,237
1123,2025,5,34
1124,2025,6,24
1125,2025,3,5
1126,2025,3,19
1127,2025,3,15
1128,2025,2,21
1129,2025,26,73
1130,2025,35,93
1131,2025,21,121
1132,2025,225,924
1133,2025,242,882
1134,2025,254,725
1160,2025,0,12
1166,2025,0,4
1169,2025,1,2
1170,2025,0,1
1172,2025,0,1
1175,2025,0,3
1176,2025,0,2
1177,2025,3,3
1180,2025,0,3
1181,2025,0,3
1182,2025,2,11
1183,2025,9,27
1184,2025,0,1
1186,2025,2,2
1187,2025,0,3
1188,2025,1,3
1189,2025,0,1
1190,2025,7,37
1191,2025,2,6
1192,2025,1,3
1193,2025,30,221
1194,2025,2,17
1195,2025,19,205
1196,2025,20,92
1197,2025,75,882
1198,2025,15,56
1199,2025,50,280
1200,2025,15,45
1201,2025,13,50
1202,2025,80,635
1203,2025,28,180
1204,2025,30,108
1205,2025,6,33
1206,2025,12,62
1207,2025,33,143
1208,2025,11,33
1209,2025,12,49
1210,2025,9,37
1211,2025,3,19
1212,2025,39,114
1213,2025,255,460
1214,2025,68,192
1215,2025,110,348
1216,2025,457,1804
1217,2025,116,3694
1252,2025,0,2
1253,2025,0,5
1254,2025,1,1
1255,2025,0,3
1263,2025,1,3
1264,2025,0,14
1265,2025,0,1
1267,2025,0,1
1268,2025,3,6
1269,2025,4,11
1270,2025,33,163
1271,2025,1,5
1272,2025,1,2
1273,2025,36,161
1274,2025,1,10
1275,2025,1,5
1276,2025,1,14
1277,2025,20,130
1278,2025,21,111
1279,2025,297,1405
1280,2025,212,1833
1281,2025,24,76
1282,2025,37,204
1283,2025,3,30
1284,2025,4,34
1285,2025,10,34
1286,2025,25,203
1287,2025,42,295
1288,2025,30,134
1289,2025,80,363
1290,2025,227,1008
1291,2025,30,122
1292,2025,14,81
1293,2025,11,144
1294,2025,6,25
1295,2025,10,43
1296,2025,23,241
1297,2025,8,14
1298,2025,13,73
1299,2025,14,59
1300,2025,116,277
1301,2025,174,693
1302,2025,252,937
1303,2025,88,229
1333,2025,0,10
1334,2025,1,157
1335,2025,2,124
1338,2025,0,9
1339,2025,0,1
1340,2025,0,4
1341,2025,1,1
1346,2025,0,4
1350,2025,1,3
1351,2025,0,4
1354,2025,10,17
1355,2025,32,153
1356,2025,1,10
1358,2025,57,231
1359,2025,1,10
1360,2025,21,81
1361,2025,1,4
1362,2025,1,5
1363,2025,1,9
1364,2025,80,348
1365,2025,79,221
1366,2025,12,96
1367,2025,4,16
1368,2025,5,24
1369,2025,10,96
1370,2025,3,8
1371,2025,12,64
1372,2025,10,37
1373,2025,0,8
1374,2025,20,106
1375,2025,145,752
1376,2025,25,92
1377,2025,160,419
1378,2025,68,250
1379,2025,36,160
1380,2025,7,41
1381,2025,6,65
1382,2025,13,43
1383,2025,52,242
1384,2025,41,157
1385,2025,279,787
1386,2025,1104,2843
1387,2025,32,118
1388,2025,6,96
1418,2025,0,17
1420,2025,0,98
1421,2025,0,4
1425,2025,0,2
1426,2025,1,7
1427,2025,0,6
1431,2025,1,3
1432,2025,0,1
1433,2025,0,2
1434,2025,0,6
1435,2025,30,282
1437,2025,0,1
1438,2025,1,3
1439,2025,9,22
1440,2025,4,8
1443,2025,0,1
1444,2025,1,3
1445,2025,1,7
1446,2025,5,11
1447,2025,1,37
1448,2025,3,9
1449,2025,5,55
1450,2025,7,15
1451,2025,1,3
1452,2025,6,33
1453,2025,7,41
1454,2025,0,19
1455,2025,14,78
1456,2025,34,73
1457,2025,17,70
1458,2025,48,202
1459,2025,20,107
1460,2025,10,29
1461,2025,50,157
1462,2025,343,1078
1463,2025,38,144
1464,2025,10,71
1465,2025,1,7
1466,2025,11,55
1467,2025,39,154
1468,2025,52,162
1469,2025,143,651
1470,2025,52,236
1471,2025,20,146
1472,2025,6,58
1504,2025,48,476
1505,2025,1,40
1508,2025,0,3
1511,2025,0,1
1512,2025,0,2
1514,2025,1,24
1515,2025,1,12
1517,2025,4,17
1518,2025,14,200
1519,2025,10,41
1520,2025,0,2
1521,2025,1,2
1522,2025,0,2
1524,2025,2,4
1525,2025,0,1
1526,2025,3,6
1527,2025,10,28
1528,2025,0,8
1529,2025,13,36
1530,2025,36,128
1531,2025,5,150
1532,2025,0,7
1534,2025,56,490
1535,2025,1,12
1536,2025,0,20
1537,2025,6,102
1538,2025,0,6
1539,2025,339,715
1540,2025,6,26
1541,2025,161,674
1542,2025,12,45
1543,2025,5,22
1544,2025,6,13
1545,2025,12,32
1546,2025,60,204
1547,2025,14,68
1548,2025,19,72
1549,2025,11,31
1550,2025,160,354
1551,2025,159,707
1552,2025,325,1048
1553,2025,158,349
1554,2025,20,154
1555,2025,8,206
1584,2025,0,7
1586,2025,8,1002
1587,2025,19,555
1588,2025,0,3
1589,2025,0,3
1592,2025,0,1
1594,2025,1,1
1598,2025,0,1
1601,2025,1,3
1603,2025,3,10
1604,2025,0,1
1605,2025,1,4
1607,2025,0,4
1608,2025,3,9
1610,2025,1,6
1611,2025,3,5
1612,2025,2,5
1613,2025,15,18
1614,2025,5,27
1615,2025,83,475
1616,2025,5,21
1617,2025,3,17
1618,2025,17,174
1619,2025,50,273
1620,2025,6,24
1621,2025,5,71
1622,2025,34,206
1623,2025,30,123
1624,2025,54,220
1625,2025,12,53
1626,2025,3,10
1627,2025,2,12
1628,2025,3,6
1629,2025,44,148
1630,2025,36,73
1631,2025,8,20
1632,2025,26,68
1633,2025,141,395
1634,2025,2032,5128
1635,2025,274,899
1636,2025,21,116
1637,2025,25,91
1638,2025,62,218
1668,2025,1,404
1669,2025,3,738
1670,2025,114,1477
1674,2025,1,3
1676,2025,0,2
1678,2025,0,3
1680,2025,0,6
1681,2025,0,1
1684,2025,1,1
1685,2025,0,3
1686,2025,0,16
1687,2025,0,13
1690,2025,0,1
1691,2025,3,12
1692,2025,3,3
1693,2025,1,13
1694,2025,0,3
1695,2025,1,5
1696,2025,10,39
1697,2025,2,26
1698,2025,0,1
1699,2025,2,4
1700,2025,19,65
1701,2025,15,41
1702,2025,4,263
1703,2025,0,12
1704,2025,53,203
1705,2025,72,286
1706,2025,3,16
1707,2025,8,23
1708,2025,10,45
1709,2025,245,535
1710,2025,2,11
1711,2025,7,18
1712,2025,19,46
1713,2025,47,117
1714,2025,12,24
1715,2025,125,237
1716,2025,40,130
1717,2025,91,453
1718,2025,65,146
1719,2025,178,413
1720,2025,19,98
1721,2025,38,231
1752,2025,1,169
1755,2025,0,1
1756,2025,0,5
1758,2025,0,1
1759,2025,0,1
1760,2025,0,1
1761,2025,0,2
1763,2025,0,2
1766,2025,4,6
1767,2025,0,1
1768,2025,1,2
1769,2025,9,29
1770,2025,4,12
1771,2025,1,2
1772,2025,2,6
1773,2025,0,1
1774,2025,0,1
1778,2025,3,5
1779,2025,12,27
1780,2025,24,114
1781,2025,2,11
1782,2025,0,36
1783,2025,56,271
1784,2025,17,82
1785,2025,0,3
1786,2025,26,75
1787,2025,110,410
1788,2025,7,12
1789,2025,3,21
1790,2025,5,15
1791,2025,5,11
1792,2025,3,7
1793,2025,2,10
1794,2025,1,6
1795,2025,55,192
1796,2025,13,71
1797,2025,110,210
1798,2025,13,54
1799,2025,17,72
1800,2025,42,397
1801,2025,21,74
1802,2025,15,54
1803,2025,15,209
1834,2025,18,480
1837,2025,0,2
1840,2025,0,3
1841,2025,0,1
1842,2025,1,2
1843,2025,3,70
1845,2025,1,2
1846,2025,2,7
1847,2025,0,6
1848,2025,16,70
1849,2025,7,18
1850,2025,24,192
1851,2025,85,381
1852,2025,24,97
1853,2025,0,8
1854,2025,0,6
1855,2025,39,222
1856,2025,3,16
1857,2025,13,37
1858,2025,13,57
1859,2025,18,62
1860,2025,0,1
1861,2025,1,6
1862,2025,0,3
1863,2025,0,5
1864,2025,0,1
1865,2025,1,18
1866,2025,3,8
1867,2025,8,49
1868,2025,11,16
1869,2025,2,4
1870,2025,0,3
1871,2025,6,10
1872,2025,12,28
1873,2025,9,25
1874,2025,23,65
1875,2025,48,104
1876,2025,2,18
1877,2025,1,7
1878,2025,28,91
1879,2025,42,193
1880,2025,18,45
1881,2025,113,464
1882,2025,9,72
1883,2025,17,67
1914,2025,0,48
1915,2025,1,104
1922,2025,0,4
1924,2025,1,1
1925,2025,0,4
1927,2025,4,10
1929,2025,0,5
1930,2025,5,13
1931,2025,7,35
1932,2025,5,45
1933,2025,8,43
1934,2025,31,66
1935,2025,0,3
1936,2025,5,13
1937,2025,7,26
1938,2025,4,16
1939,2025,93,233
1940,2025,101,526
1941,2025,5,21
1942,2025,4,9
1944,2025,0,1
1945,2025,0,9
1946,2025,2,15
1947,2025,5,11
1948,2025,97,365
1949,2025,6,35
1950,2025,40,210
1951,2025,0,7
1952,2025,4,27
1953,2025,2,6
1954,2025,3,4
1955,2025,3,6
1956,2025,48,100
1957,2025,13,28
1958,2025,13,17
1959,2025,26,109
1960,2025,2,12
1961,2025,16,67
1962,2025,31,94
1963,2025,13,36
1964,2025,84,1102
1965,2025,9,176
1994,2025,1,59
1996,2025,1,22
1998,2025,1,11
2000,2025,0,2
2003,2025,1,5
2006,2025,1,5
2007,2025,7,20
2008,2025,4,24
2009,2025,1,5
2010,2025,2,3
2011,2025,1,9
2012,2025,1,5
2013,2025,1,9
2014,2025,0,3
2015,2025,9,25
2016,2025,1,13
2017,2025,8,29
2018,2025,5,17
2019,2025,3,10
2020,2025,7,19
2021,2025,7,16
2022,2025,3,14
2023,2025,3,5
2024,2025,2,6
2025,2025,2,4
2026,2025,11,51
2027,2025,1,9
2028,2025,5,20
2029,2025,5,28
2030,2025,0,5
2031,2025,16,63
2032,2025,8,36
2033,2025,6,22
2034,2025,2,8
2035,2025,13,58
2036,2025,1,1
2037,2025,4,13
2038,2025,40,217
2039,2025,32,86
2040,2025,8,18
2041,2025,0,8
2042,2025,2,8
2043,2025,2,6
2044,2025,6,9
2045,2025,7,38
2046,2025,15,106
2076,2025,1,8
2082,2025,0,1
2084,2025,3,11
2086,2025,1,3
2088,2025,5,17
2089,2025,8,63
2090,2025,0,2
2091,2025,14,24
2092,2025,0,1
2093,2025,1,5
2094,2025,1,2
2095,2025,4,13
2096,2025,1,3
2097,2025,0,2
2098,2025,5,24
2099,2025,2,9
2100,2025,0,6
2101,2025,3,8
2102,2025,2,34
2103,2025,36,100
2104,2025,1,11
2105,2025,1,3
2106,2025,6,32
2107,2025,3,8
2108,2025,27,53
2109,2025,1,7
2110,2025,5,10
2111,2025,2,17
2112,2025,2,14
2113,2025,0,3
2114,2025,3,10
2115,2025,6,17
2116,2025,5,15
2117,2025,2,9
2118,2025,22,46
2119,2025,13,47
2120,2025,5,28
2121,2025,2,6
2122,2025,3,18
2123,2025,0,7
2124,2025,1,3
2125,2025,1,12
2126,2025,2,18
2127,2025,33,212
2160,2025,1,14
2162,2025,0,3
2164,2025,0,1
2165,2025,0,1
2166,2025,2,6
2167,2025,0,1
2169,2025,0,5
2170,2025,8,26
2171,2025,0,1
2172,2025,0,11
2174,2025,4,37
2175,2025,4,18
2176,2025,0,1
2177,2025,15,93
2179,2025,3,10
2180,2025,0,10
2181,2025,0,3
2182,2025,1,16
2183,2025,1,7
2184,2025,1,9
2185,2025,2,26
2186,2025,16,58
2187,2025,1,4
2189,2025,5,35
2190,2025,2,10
2191,2025,3,20
2192,2025,1,4
2193,2025,1,4
2194,2025,12,21
2195,2025,2,8
2196,2025,109,274
2197,2025,14,51
2198,2025,27,87
2199,2025,7,28
2200,2025,113,227
2201,2025,54,548
2202,2025,441,2252
2203,2025,104,401
2204,2025,7,37
2205,2025,6,21
2206,2025,1,14
2207,2025,8,72
2208,2025,8,64
2238,2025,0,116
2239,2025,5,59
2240,2025,1,16
2241,2025,2,16
2242,2025,0,19
2243,2025,1,2
2244,2025,0,5
2246,2025,1,1
2248,2025,0,5
2249,2025,0,1
2250,2025,5,13
2252,2025,1,9
2253,2025,1,16
2254,2025,16,44
2255,2025,3,19
2256,2025,1,6
2257,2025,10,38
2258,2025,1,5
2259,2025,7,37
2260,2025,4,14
2261,2025,3,10
2262,2025,0,5
2263,2025,1,1
2264,2025,0,8
2266,2025,3,10
2267,2025,2,11
2268,2025,8,62
2269,2025,18,59
2270,2025,6,14
2271,2025,27,81
2272,2025,3,5
2273,2025,2,51
2274,2025,0,5
2275,2025,6,30
2276,2025,7,31
2277,2025,3,22
2278,2025,25,89
2279,2025,408,740
2280,2025,19,71
2281,2025,5,34
2282,2025,19,83
2283,2025,24,65
2284,2025,103,344
2285,2025,263,1361
2286,2025,20,94
2287,2025,2,36
2288,2025,3,12
2289,2025,0,1
2290,2025,2,28
2307,2025,0,40
2308,2025,0,196
2319,2025,0,35
2324,2025,0,2
2329,2025,1,1
2330,2025,3,8
2331,2025,1,4
2332,2025,1,2
2333,2025,2,35
2334,2025,2,4
2335,2025,1,4
2336,2025,42,88
2337,2025,6,15
2338,2025,4,8
2339,2025,50,255
2340,2025,15,39
2341,2025,11,44
2342,2025,5,27
2343,2025,1,11
2344,2025,14,32
2345,2025,1,4
2346,2025,0,10
2347,2025,0,4
2348,2025,2,27
2349,2025,2,6
2350,2025,4,16
2351,2025,0,14
2352,2025,70,401
2353,2025,100,312
2354,2025,3,17
2355,2025,8,30
2356,2025,10,25
2357,2025,32,216
2358,2025,214,620
2359,2025,18,89
2360,2025,40,372
2361,2025,13,34
2362,2025,3,22
2363,2025,65,349
2364,2025,15,43
2365,2025,5,29
2366,2025,9,45
2367,2025,5,28
2368,2025,0,4
2369,2025,1,2
2370,2025,5,36
2371,2025,9,104
2385,2025,5,98
2386,2025,2,106
2397,2025,1,20
2398,2025,0,34
2403,2025,1,3
2406,2025,0,2
2407,2025,5,25
2408,2025,7,12
2409,2025,0,4
2410,2025,1,4
2411,2025,0,9
2412,2025,19,144
2413,2025,2,5
2414,2025,34,338
2415,2025,6,33
2416,2025,2,11
2417,2025,44,244
2418,2025,16,41
2419,2025,4,30
2420,2025,2,13
2421,2025,2,14
2422,2025,8,76
2423,2025,0,6
2424,2025,7,22
2425,2025,0,3
2426,2025,0,9
2427,2025,10,36
2428,2025,2,8
2429,2025,1,13
2430,2025,3,12
2431,2025,14,33
2432,2025,7,22
2433,2025,1,30
2434,2025,15,41
2435,2025,5,24
2436,2025,4,25
2437,2025,21,121
2438,2025,31,172
2439,2025,30,98
2440,2025,9,197
2441,2025,84,239
2442,2025,15,72
2443,2025,9,17
2444,2025,8,22
2445,2025,1,11
2446,2025,0,7
2447,2025,6,20
2448,2025,12,37
2461,2025,0,57
2462,2025,4,75
2463,2025,14,123
2464,2025,0,13
2480,2025,2,25
2481,2025,0,16
2482,2025,0,5
2484,2025,0,2
2485,2025,1,4
2486,2025,0,9
2487,2025,0,4
2488,2025,53,260
2489,2025,18,44
2490,2025,1,1
2491,2025,1,6
2492,2025,3,8
2493,2025,4,27
2494,2025,8,535
2495,2025,3,16
2496,2025,5,296
2497,2025,1,1
2498,2025,8,36
2499,2025,4,43
2501,2025,0,2
2502,2025,23,95
2503,2025,10,44
2504,2025,3,15
2505,2025,1,7
2506,2025,2,11
2507,2025,3,7
2508,2025,16,18
2509,2025,3,47
2510,2025,45,165
2511,2025,31,102
2512,2025,12,44
2513,2025,4,35
2514,2025,10,40
2515,2025,57,230
2516,2025,20,116
2517,2025,2,7
2518,2025,0,2
2519,2025,1,5
2520,2025,2,9
2521,2025,2,13
2522,2025,1,4
2523,2025,4,11
2524,2025,17,167
2537,2025,1,161
2538,2025,3,34
2539,2025,1,35
2555,2025,2,18
2556,2025,2,20
2557,2025,0,7
2558,2025,1,2
2559,2025,0,3
2560,2025,0,4
2562,2025,2,3
2563,2025,14,130
2564,2025,16,38
2565,2025,0,2
2566,2025,1,1
2567,2025,1,3
2568,2025,1,8
2569,2025,1,12
2570,2025,10,44
2571,2025,4,11
2572,2025,7,35
2573,2025,17,62
2575,2025,1,3
2576,2025,1,3
2577,2025,17,86
2578,2025,1,4
2579,2025,1,3
2580,2025,1,4
2581,2025,29,96
2582,2025,11,36
2583,2025,24,133
2584,2025,1,18
2585,2025,7,12
2586,2025,0,8
2587,2025,21,86
2588,2025,19,56
2589,2025,1,16
2590,2025,4,22
2591,2025,2,14
2592,2025,2,12
2593,2025,35,142
2594,2025,7,35
2595,2025,2,7
2596,2025,0,5
2597,2025,10,107
2598,2025,13,54
2610,2025,3,40
2611,2025,0,5
2613,2025,1,71
2614,2025,1,33
2626,2025,0,1
2629,2025,0,164
2630,2025,0,3
2631,2025,0,1
2632,2025,0,12
2633,2025,13,153
2634,2025,3,18
2635,2025,3,5
2636,2025,10,21
2637,2025,0,7
2638,2025,1,2
2640,2025,0,3
2641,2025,3,8
2642,2025,0,1
2643,2025,14,41
2644,2025,15,51
2645,2025,10,37
2648,2025,1,6
2649,2025,4,12
2650,2025,5,37
2651,2025,0,1
2652,2025,0,1
2654,2025,17,34
2655,2025,3,27
2656,2025,7,38
2657,2025,3,11
2658,2025,19,81
2659,2025,179,513
2660,2025,140,372
2661,2025,104,363
2662,2025,4,5
2663,2025,1,7
2664,2025,1,10
2665,2025,4,16
2666,2025,12,117
2667,2025,2,13
2668,2025,2,9
2669,2025,7,86
2679,2025,1,82
2680,2025,0,9
2682,2025,0,7
2683,2025,1,13
2698,2025,0,5
2699,2025,0,16
2700,2025,187,480
2701,2025,4,8
2702,2025,3,11
2703,2025,0,5
2705,2025,0,8
2706,2025,7,22
2707,2025,0,1
2708,2025,1,3
2709,2025,19,36
2710,2025,1,5
2711,2025,4,17
2712,2025,3,6
2716,2025,0,9
2718,2025,2,9
2719,2025,0,2
2720,2025,1,3
2722,2025,2,5
2723,2025,6,15
2724,2025,10,60
2725,2025,8,25
2726,2025,10,76
2727,2025,19,104
2728,2025,71,555
2729,2025,35,169
2730,2025,6,13
2731,2025,4,4
2732,2025,8,16
2733,2025,13,57
2734,2025,2,4
2735,2025,0,1
2736,2025,10,63
2737,2025,9,53
2745,2025,3,19
2746,2025,3,29
2747,2025,3,15
2748,2025,2,8
2749,2025,0,3
2750,2025,5,45
2751,2025,2,24
2752,2025,0,8
2755,2025,0,100
2756,2025,1,5
2758,2025,1,6
2762,2025,1,210
2763,2025,10,20
2764,2025,1,6
2765,2025,1,3
2767,2025,0,9
2768,2025,18,131
2769,2025,119,214
2770,2025,18,48
2771,2025,0,8
2772,2025,19,116
2773,2025,2,13
2774,2025,0,11
2775,2025,1,10
2776,2025,2,3
2777,2025,3,6
2778,2025,0,2
2780,2025,1,2
2782,2025,0,4
2784,2025,2,9
2785,2025,0,3
2786,2025,3,19
2787,2025,3,8
2788,2025,2,7
2789,2025,12,81
2790,2025,27,325
2791,2025,1,6
2792,2025,4,16
2793,2025,14,27
2794,2025,18,37
2795,2025,4,11
2796,2025,12,44
2797,2025,9,38
2799,2025,1,4
2800,2025,1,2
2801,2025,2,9
2802,2025,34,155
2803,2025,20,116
2806,2025,0,14
2808,2025,0,13
2809,2025,37,1365
2810,2025,15,263
2811,2025,3,28
2814,2025,0,21
2815,2025,0,9
2816,2025,0,8
2819,2025,1,102
2827,2025,0,1
2828,2025,0,4
2829,2025,2,8
2830,2025,1,6
2832,2025,2,18
2833,2025,11,16
2834,2025,7,41
2835,2025,270,1571
2836,2025,62,544
2837,2025,13,53
2838,2025,13,35
2839,2025,3,13
2840,2025,1,13
2841,2025,1,2
2842,2025,0,1
2844,2025,0,4
2845,2025,0,15
2846,2025,1,9
2849,2025,0,1
2850,2025,2,4
2851,2025,0,3
2852,2025,2,7
2853,2025,7,43
2854,2025,1,12
2855,2025,1,6
2856,2025,6,12
2857,2025,14,269
2858,2025,6,32
2859,2025,1,8
2860,2025,5,28
2861,2025,0,1
2863,2025,11,61
2864,2025,4,16
2865,2025,24,141
2866,2025,29,91
2869,2025,3,32
2870,2025,161,590
2871,2025,12,97
2872,2025,6,13
2873,2025,121,678
2888,2025,1,1
2889,2025,6,24
2890,2025,0,3
2891,2025,0,9
2892,2025,0,1
2893,2025,8,28
2894,2025,3,17
2895,2025,269,978
2896,2025,262,1961
2897,2025,24,873
2898,2025,24,52
2899,2025,15,70
2900,2025,4,19
2901,2025,4,24
2902,2025,3,30
2903,2025,0,3
2904,2025,2,10
2905,2025,2,10
2909,2025,6,10
2910,2025,0,1
2911,2025,0,1
2912,2025,1,9
2913,2025,9,44
2914,2025,8,27
2915,2025,3,8
2916,2025,7,57
2917,2025,11,30
2918,2025,8,21
2919,2025,11,44
2920,2025,1,6
2921,2025,1,4
2922,2025,0,1
2923,2025,4,15
2924,2025,0,2
2925,2025,1,3
2926,2025,62,282
2927,2025,6,27
2928,2025,86,389
2929,2025,78,267
2930,2025,0,11
2931,2025,3,21
2932,2025,0,7
2944,2025,0,11
2945,2025,0,16
2946,2025,2,7
2947,2025,1,15
2948,2025,1,9
2949,2025,42,263
2950,2025,0,5
2951,2025,5,16
2952,2025,7,96
2953,2025,61,206
2954,2025,5,161
2955,2025,2,42
2956,2025,12,40
2957,2025,13,230
2958,2025,16,51
2959,2025,6,14
2960,2025,6,47
2961,2025,1,13
2962,2025,0,3
2963,2025,9,49
2964,2025,0,1
2965,2025,6,10
2966,2025,1,6
2967,2025,4,34
2968,2025,0,3
2969,2025,1,3
2970,2025,1,5
2971,2025,0,2
2972,2025,4,11
2973,2025,1,1
2974,2025,2,6
2975,2025,86,229
2976,2025,1,19
2977,2025,2,11
2978,2025,2,13
2979,2025,2,4
2980,2025,0,8
2983,2025,1,14
2984,2025,4,29
2985,2025,0,12
2986,2025,3,4
2995,2025,2,43
2996,2025,2,25
2998,2025,1,1
2999,2025,1,1
3000,2025,160,244
3001,2025,3,18
3002,2025,1,6
3003,2025,4,17
3004,2025,12,37
3005,2025,1,10
3006,2025,1,4
3007,2025,18,52
3008,2025,6,21
3009,2025,3,16
3010,2025,1,2
3012,2025,0,11
3013,2025,1,2
3014,2025,0,5
3017,2025,0,5
3018,2025,0,2
3019,2025,0,11
3020,2025,0,3
3021,2025,1,1
3022,2025,2,5
3023,2025,6,17
3024,2025,9,32
3025,2025,7,29
3026,2025,0,7
3027,2025,3,33
3028,2025,1,6
3029,2025,3,14
3030,2025,0,4
3031,2025,1,7
3033,2025,0,13
3034,2025,1,25
3035,2025,19,69
3043,2025,22,94
3044,2025,4,12
3045,2025,0,1
3046,2025,29,97
3047,2025,9,94
3048,2025,1,2
3049,2025,1,7
3050,2025,18,83
3051,2025,9,28
3052,2025,23,45
3053,2025,38,470
3054,2025,3,30
3055,2025,28,59
3056,2025,17,32
3057,2025,7,73
3058,2025,3,30
3059,2025,0,2
3060,2025,0,12
3061,2025,3,5
3062,2025,6,31
3063,2025,0,4
3064,2025,4,21
3065,2025,2,13
3066,2025,0,5
3067,2025,1,6
3068,2025,1,18
3069,2025,1,2
3070,2025,1,3
3071,2025,0,1
3072,2025,0,1
3073,2025,5,17
3074,2025,8,20
3075,2025,5,21
3076,2025,5,35
3077,2025,1,18
3078,2025,1,10
3079,2025,2,47
3080,2025,1,4
3081,2025,10,22
3082,2025,7,44
3083,2025,15,154
3086,2025,2,32
3087,2025,5,180
3090,2025,0,3
3091,2025,1,4
3092,2025,1,2
3093,2025,0,4
3094,2025,3,8
3095,2025,0,9
3096,2025,1,28
3097,2025,9,48
3098,2025,11,43
3099,2025,95,333
3100,2025,6,52
3101,2025,13,35
3102,2025,3,19
3103,2025,7,9
3104,2025,0,7
3105,2025,6,22
3106,2025,2,6
3107,2025,0,5
3108,2025,0,5
3109,2025,2,12
3111,2025,2,11
3112,2025,1,3
3113,2025,2,7
3114,2025,0,17
3115,2025,0,5
3116,2025,2,5
3117,2025,1,95
3118,2025,0,17
3119,2025,3,56
3120,2025,5,36
3121,2025,3,22
3122,2025,2,7
3123,2025,2,16
3124,2025,20,170
3125,2025,7,49
3126,2025,2,9
3127,2025,2,18
3128,2025,1,9
3129,2025,13,99
3130,2025,13,189
3133,2025,1,73
3134,2025,0,58
3136,2025,0,1
3137,2025,18,105
3138,2025,0,2
3139,2025,1,6
3140,2025,0,4
3141,2025,11,120
3142,2025,11,29
3143,2025,32,152
3144,2025,99,304
3145,2025,409,2362
3146,2025,70,194
3147,2025,34,422
3148,2025,11,156
3149,2025,22,102
3150,2025,3,36
3151,2025,1,26
3152,2025,0,5
3153,2025,0,1
3154,2025,3,4
3155,2025,0,126
3156,2025,1,10
3157,2025,7,337
3158,2025,20,110
3159,2025,9,44
3160,2025,3,87
3161,2025,2,56
3162,2025,5,81
3163,2025,2,84
3164,2025,9,153
3165,2025,2,53
3166,2025,1,29
3167,2025,18,42
3168,2025,13,36
3169,2025,2,5
3170,2025,3,25
3171,2025,18,58
3172,2025,1,6
3173,2025,7,18
3174,2025,206,1222
3175,2025,56,266
3176,2025,6,114
3177,2025,5,42
3179,2025,0,4
3180,2025,0,6
3183,2025,1,8
3184,2025,3,13
3185,2025,3,26
3186,2025,0,5
3187,2025,9,100
3188,2025,0,21
3189,2025,76,183
3190,2025,55,240
3191,2025,141,567
3192,2025,196,1474
3193,2025,28,176
3194,2025,12,39
3195,2025,19,68
3196,2025,73,319
3197,2025,23,97
3198,2025,0,11
3199,2025,1,23
3200,2025,1,41
3201,2025,0,11
3202,2025,1,16
3203,2025,2,78
3204,2025,0,3
3205,2025,1,13
3206,2025,3,230
3207,2025,3,25
3209,2025,3,7
3210,2025,1,20
3211,2025,3,14
3212,2025,0,1
3213,2025,8,46
3214,2025,0,40
3215,2025,11,180
3216,2025,39,118
3217,2025,22,159
3221,2025,61,118
3223,2025,17,94
3224,2025,0,6
3225,2025,10,20
3226,2025,7,83
3227,2025,42,82
3228,2025,2336,6025
3229,2025,622,1106
3230,2025,32,179
3231,2025,2,20
3232,2025,46,87
3233,2025,9,149
3234,2025,61,959
3235,2025,80,372
3236,2025,0,96
3238,2025,0,15
3240,2025,4,9
3242,2025,1,6
3243,2025,0,3
3244,2025,0,5
3246,2025,0,1
3247,2025,5,76
3248,2025,12,112
3249,2025,26,359
3250,2025,214,3286
3251,2025,2,259
3252,2025,0,15
3253,2025,0,70
3254,2025,0,9
3255,2025,2,6
3256,2025,4,17
3257,2025,1,4
3258,2025,2,30
3259,2025,5,16
3260,2025,15,415
3261,2025,18,78
3262,2025,2,4
3263,2025,2,17
3264,2025,23,51
3265,2025,1,9
3266,2025,55,257
3267,2025,1,96
3275,2025,41,159
3276,2025,24,95
3277,2025,22,519
3278,2025,31,266
3279,2025,12,259
3281,2025,0,2
3283,2025,0,3
3284,2025,14,35
3285,2025,1,13
3286,2025,5,12
3287,2025,6,18
3288,2025,6,15
3289,2025,39,67
3290,2025,3,10
3291,2025,11,36
3292,2025,47,604
3293,2025,31,925
3294,2025,3,134
3295,2025,19,66
3296,2025,26,86
3297,2025,2,91
3298,2025,2,111
3299,2025,2,7
3300,2025,2,13
3301,2025,0,8
3302,2025,16,56
3303,2025,3,13
3304,2025,24,31
3305,2025,109,241
3306,2025,7,44
3309,2025,55,369
3310,2025,0,9
3311,2025,42,216
3312,2025,3,9
3313,2025,25,143
3314,2025,4,57
3316,2025,2,5
3317,2025,1,1
3318,2025,2,4
3319,2025,21,56
3320,2025,35,512
3321,2025,22,134
3322,2025,6,125
3323,2025,5,92
3324,2025,2,36
3325,2025,1,8
3326,2025,6,156
3327,2025,34,604
3328,2025,6,46
3330,2025,0,4
3331,2025,27,237
3332,2025,51,126
3333,2025,0,14
3334,2025,4,296
3335,2025,51,263
3336,2025,1,29
3337,2025,5,75
3338,2025,2,520
3339,2025,5,7
3340,2025,2,5
3341,2025,2,7
3342,2025,2,10
3343,2025,1,7
3344,2025,18,199
3345,2025,0,30
3346,2025,1,82
3348,2025,13,102
3349,2025,10,29
3350,2025,7,120
3351,2025,10,26
3354,2025,44,86
3355,2025,0,110
3356,2025,0,192
3357,2025,0,180
3358,2025,24,394
3359,2025,0,37
3361,2025,0,23
