"cell100","link_occ_intercept_mean","link_occ_intercept_q025","link_occ_intercept_q975","MWMT_effect_mean","MWMT_effect_q025","MWMT_effect_q975","MCMT_effect_mean","MCMT_effect_q025","MCMT_effect_q975","x","y","lon","lat"
1,-3.82357862563638,-8.76050770835302,1.02925033922512,1.39219411496625,-3.25736544118692,6.06894529332325,-0.462684237011421,-3.99986716071716,3.01824969301839,NA,NA,-123.169325592467,49.3418514172384
2,-3.9843935559719,-8.22143005449522,0.215668857290408,1.61592706591306,-2.3060373437512,5.61059086141854,-0.428927406097512,-3.56319046066519,2.61284356135223,NA,NA,-125.34278383401,47.9398318622962
3,-3.93312900763732,-7.70478548053952,-0.2129042398249,1.5477170036668,-1.88304555349246,5.03439866100618,-0.440725533881738,-3.28556588883926,2.31074974925844,NA,NA,-124.072494736524,48.2097010749556
4,-3.81662913289434,-7.27289854605993,-0.416624036481273,1.38820178187248,-1.69812313837039,4.51326167009081,-0.457442978153686,-3.1108817469087,2.14144761532461,NA,NA,-122.791789339332,48.4681839714966
5,-3.6530078673271,-6.78658385334526,-0.601880108926018,1.14830652684277,-1.49393826433025,3.82996254012068,-0.479267936865905,-2.98597450323105,1.99910301208574,NA,NA,-121.501009306634,48.7151138832371
6,-3.48414290297426,-6.05857150112734,-1.09879277348641,0.815697584018814,-0.311248054269732,2.03814237578075,-0.494778330401114,-2.84358682774793,1.84489553895872,NA,NA,-120.200515518212,48.950330479974
7,-1.33541182130152,-3.80141840143324,0.938905154331411,0.314176158288261,-1.2356710382612,1.86627696560839,-0.960530831240176,-3.3951277590516,1.36616158322715,NA,NA,-118.890692449359,49.173665496168
8,-0.921101270132919,-3.72595878165005,1.77733146964166,0.902586441377631,-0.910694057238693,2.85551852760456,-1.00488459396293,-3.66441130127964,1.48880380184114,NA,NA,-117.57193502443,49.3849715064046
9,-4.02560963078217,-7.79751673431667,-0.270295911127706,1.68545527803445,-1.73474681887914,5.17445212074977,-0.417127576632203,-3.28283578232978,2.36060645306279,NA,NA,-124.944602195595,47.0768315721678
10,-3.98608027389083,-7.38240689394988,-0.642049136503807,1.64202656596059,-1.3627032080005,4.69599886564757,-0.435103529966673,-3.06297165655685,2.11120553801299,NA,NA,-123.689487635121,47.3423221219025
11,-3.85279567294945,-6.97634368454265,-0.806102613209644,1.45979579347752,-1.2850994952746,4.24763777001003,-0.458950818077121,-2.91765530456299,1.94347588348864,NA,NA,-122.424349185026,47.5965515324135
12,-3.67042415439979,-6.5057431145412,-0.906589635904873,1.24664787979154,-1.18408744013465,3.70063349428471,-0.483479655929866,-2.79886134431474,1.81327219868896,NA,NA,-121.149526306278,47.839361849303
13,-3.5608535061146,-5.85581474915057,-1.35560733713326,1.29524235954586,-0.305360576651441,3.11448600097386,-0.46970686666458,-2.61624964906373,1.69541534909679,NA,NA,-119.865365081081,48.0705979891592
14,-1.64315779369776,-3.90374842418388,0.480033984214241,0.555292069520259,-1.05165729931523,2.23193829996801,-0.943669549586652,-3.11109259201825,1.17969432346641,NA,NA,-118.572236234479,48.2901120225146
15,0.118771645474789,-2.01387657588841,2.09940623567772,0.723533595825852,-0.488364845730147,1.93025135663034,-1.28194925332553,-3.50754367020026,0.800774478409787,NA,NA,-117.270533071915,48.4977609801067
16,2.64416227516371,-0.311302933563211,5.24489853165443,1.71656827327314,0.321552926475634,2.95124840337812,-1.33518717552253,-3.56053307105244,0.761222838376813,NA,NA,-115.960661041074,48.6933941718837
17,2.29464563617762,-0.33020673086098,4.764111626858,1.03711547453317,-0.128854803445086,2.26295667421898,-1.31007204023768,-3.5204970588002,0.691094551356036,NA,NA,-114.643049676115,48.8768826533956
18,1.06149350702577,-1.29579638558966,3.40135569531866,1.40394426117411,0.358585668095164,2.46773554025824,-1.15199768284778,-3.2867552847622,0.853076022022177,NA,NA,-113.318137223694,49.0480950400485
19,1.03957902407357,-1.75009985614068,3.82138057698896,1.06490500637129,-1.30083685984226,3.45957711904818,-0.75035405193156,-2.92808213070498,1.2987199777458,NA,NA,-111.986386874357,49.2069044582452
20,0.358564969886606,-2.54930588760447,3.24234016742765,1.51919011725227,-0.732645266649919,3.88237836595126,-0.171600233070851,-2.17181528451992,1.79287199497918,NA,NA,-110.648254645755,49.3531978006547
21,-0.00700718916013154,-3.47457380291824,3.43834860317156,1.70199759383178,-1.43828362401305,4.8976894244381,0.0502083005789275,-2.29236512828742,2.37987988811081,NA,NA,-109.304253844539,49.4868615079761
22,3.06986099782294,-1.30690917048034,7.42554353883264,-1.01383996039774,-4.17471018606986,2.08666424096192,2.29131473534786,0.00946906785186236,4.6545875151369,NA,NA,-68.9418484895862,47.4708524086458
23,3.36429686744728,-0.969470420143979,7.61993120632863,-1.14200532372219,-4.3947617383608,1.99755228544855,2.12087493446274,-0.115282897948002,4.41771460695077,NA,NA,-67.6816786508927,47.210973594439
24,-4.10662871399469,-7.61802568847284,-0.636885935354814,1.8030086841708,-1.29523999920353,4.95325668282354,-0.390086630167988,-3.11236352212166,2.26357259860766,NA,NA,-124.556771259415,46.2151445142847
25,-4.13153310275604,-7.29789658805181,-1.02542330133881,1.86465283843441,-0.801708560862784,4.58184936817236,-0.424961711496743,-2.91765200228535,2.009097242836,NA,NA,-123.316508091049,46.476464425411
26,-3.93244849981962,-6.8883378258511,-1.02509129165052,1.57094046255615,-0.957339386345639,4.14894075723519,-0.45878034346828,-2.81485827306305,1.85033565829978,NA,NA,-122.066597318278,46.7266416222802
27,-3.62117457661203,-6.39846753892919,-0.914200216084095,1.07677743770147,-1.34825534551856,3.54394726214979,-0.525352392716949,-2.79127247222415,1.70207534120375,NA,NA,-120.807383290054,46.9655337435543
28,-3.27801466347777,-5.80534115986505,-0.814185063570724,0.499560704752269,-1.75811187762161,2.78816428286002,-0.662021945051241,-2.81887807004933,1.46078550582653,NA,NA,-119.539181916033,47.1929905096932
29,-2.77206364495336,-4.85722459924023,-0.738014771024655,-0.31625610755309,-2.19795156902312,1.58439047691555,-0.986210964604779,-3.08615752072296,1.03232386023842,NA,NA,-118.262362517152,47.4088723985633
30,-2.53263286493859,-4.38804528055208,-0.755382327560332,-1.29401935558002,-2.5263081718417,-0.0867138534151825,-1.47317997240581,-3.57641275599515,0.53116622625784,NA,NA,-116.977305416189,47.6130445359909
31,-0.0913463357341929,-2.16671544518706,1.93518428148757,0.0911742117051796,-0.968060958134813,1.13858500986803,-1.36518320644633,-3.40160008193291,0.559942729515009,NA,NA,-115.684400453992,47.8053694530831
32,1.37659963461103,-0.598799775342713,3.34169135907955,0.599223383877672,-0.522599447035686,1.78798023744292,-1.37220672855198,-3.38601628048722,0.436707134277763,NA,NA,-114.384063627296,47.9857192724675
33,2.17969418735121,0.518463946841033,3.98859539152287,1.29090949739844,0.490837172140616,2.07180305863088,-1.09765292212447,-3.00427821899596,0.604663326115788,NA,NA,-113.07671707658,48.1539750061968
34,1.7139731629157,-0.515362411683226,3.98849864980217,0.255789537280497,-1.41585837380656,1.93940568966464,-0.922921018004986,-2.89760113467864,0.909731481063033,NA,NA,-111.762803161925,48.3100205882903
35,0.486080480717272,-2.10582400265733,3.07039617494633,1.32293274594319,-0.965561910401677,3.66445494409587,-0.234211940279613,-2.15841810821676,1.62923334633609,NA,NA,-110.442781289464,48.4537426271522
36,-0.364992727823775,-2.97347448506897,2.19046222263732,1.89537029240358,-0.39781687842219,4.29694523462497,0.270618886141945,-1.51493081910299,2.06905153245961,NA,NA,-109.117119896649,48.5850413786676
37,-0.596526875932447,-3.44977042695158,2.25365341185156,1.86315919197052,-0.532134590969648,4.31227522777279,0.245772494351421,-1.45749974066892,1.96821235883132,NA,NA,-107.78628448641,48.7038150700903
38,-0.453069739490895,-3.47962478957209,2.5593158819559,1.29661341379572,-1.17559891949796,3.83723064089887,0.160896047274287,-1.58209263609452,1.93473615084192,NA,NA,-106.450811318463,48.8099833864942
39,-0.281992886978605,-3.55342285596375,2.9724256351912,1.26076136669202,-1.66420594541013,4.18513940365979,0.16281632512723,-1.83042971264859,2.18844553583259,NA,NA,-105.111174299054,48.9034745389889
40,-0.128818531043745,-3.3816955009261,3.13588589602749,1.07694249521629,-1.77152638805482,3.97746519874677,0.125170835207999,-1.74579490696631,2.04608962136187,NA,NA,-103.767896388197,48.9842029518359
41,0.0474969021528233,-3.15748377269888,3.29812890051009,0.936148628937017,-1.83118213328988,3.69945099504395,0.104169714918254,-1.65358294740761,1.91728237541158,NA,NA,-102.421506196304,49.0521142768701
42,0.535208207095003,-2.66418217195048,3.79407040453911,0.317112157421024,-2.53840563457137,3.07750229352328,-0.262938926371,-1.93291311510535,1.43050055662449,NA,NA,-101.072520869239,49.1071676856237
43,0.251166679654173,-3.00348155328673,3.56345776471448,0.734201836138551,-2.06410803053623,3.5669306548134,0.171219981700656,-1.60529750506186,2.00777299383019,NA,NA,-99.7214769519869,49.1492955628535
44,0.43636544919514,-2.91453563275598,3.84744710830046,0.422213549419887,-2.66680948609731,3.50183372780131,0.0703632608084157,-1.86832962296714,2.02948154946925,NA,NA,-98.3689334255098,49.1784873265989
45,0.908317515942631,-2.36657777262999,4.32492113898673,-0.189855794954233,-3.10620595517094,2.69779447740188,-0.343396407338549,-1.98871218930724,1.34923833900336,NA,NA,-97.0154273891687,49.1947113733697
46,1.13601959079018,-2.23279000496093,4.66345024947778,-0.266059008711178,-3.07243981037037,2.56937957353254,-0.465943982640704,-2.17315371569257,1.24673286593037,NA,NA,-95.6615242485339,49.1979574268762
47,1.00745164523059,-2.6788438848113,4.77995563418132,0.246438893359261,-2.80880590309026,3.28662576658575,-0.145465400762726,-1.9828798220265,1.682433516244,NA,NA,-94.3077452671195,49.1882282867317
48,2.54875294540276,-1.25427423747247,6.42019264516253,-0.901061787414205,-3.62408579082424,1.84830463531252,2.44456004880317,0.341212681101287,4.70689934765447,NA,NA,-70.5618618681648,46.8475096756011
49,2.74426240475265,-0.760866856329137,6.31842587015237,-0.821365797118046,-3.22916280833227,1.53596384458782,2.47597321447719,0.62256076226041,4.46100381486817,NA,NA,-69.3072560535944,46.6029571177955
50,3.06231146186266,-0.616943608873213,6.73194487879089,-0.941231210901056,-3.59835790939252,1.57350952255376,2.33115987668217,0.455623892345386,4.34289792340604,NA,NA,-68.0621362436662,46.3471907168816
51,-4.14669615411943,-7.45519352920807,-0.89079253968412,1.86137125296629,-0.903229914178707,4.69333856185013,-0.324683568427995,-2.92037065219194,2.2162688651362,NA,NA,-124.178879012635,45.3545182589243
52,-4.49888758839674,-7.32101081209474,-1.71890102939533,2.43342850350819,0.446458162094339,4.5491485360232,-0.414791197828894,-2.79687049481129,1.90923437750429,NA,NA,-122.953170983124,45.6118611005211
53,-4.13055699488532,-6.92758389611032,-1.38742639249379,1.87345284872355,-0.157795232059165,4.15592675584783,-0.41988101368444,-2.71330232753212,1.79835173091246,NA,NA,-121.718175914643,45.8581812469937
54,-3.6074143327217,-6.34011439022945,-0.914634646979669,0.971812767869244,-1.38440053883634,3.37686945721887,-0.500681419738486,-2.71355085853188,1.6593382860121,NA,NA,-120.474217274227,46.0933389368615
55,-3.15939576871887,-5.71106725837993,-0.628909145134931,-0.0550117303070537,-2.28529211427533,2.23379531306787,-0.676897249372193,-2.82509666854259,1.41851139860049,NA,NA,-119.221617624861,46.3171975288635
56,-2.89697088336228,-5.06359375381803,-0.720949094979821,-1.81588519723496,-3.56606218305769,0.665784640918397,-1.03504507134965,-3.16607562872545,1.00582593279955,NA,NA,-117.960730956215,46.5296240200819
57,-3.61599852320643,-5.31992589022673,-1.83534027599824,-1.74425456276685,-2.96078448031609,-0.509233654833997,-1.8651745016851,-3.99431339743431,0.159582974225776,NA,NA,-116.691922996525,46.7304897212872
58,-1.26635907461681,-3.23972115174384,0.789189168292356,0.361444739706291,-0.779844776275804,1.58616701927468,-1.35996456726099,-3.36494044947043,0.552666690557565,NA,NA,-115.415574049453,46.9196677221897
59,0.205819029727128,-1.39383225553082,1.82083007452081,0.716076576569586,-0.266248571743023,1.76750813193704,-1.57927282506699,-3.43227666093902,0.189250185579195,NA,NA,-114.132086348469,47.0970369578489
60,1.13853136780737,-0.846572397305376,3.13114024675147,0.911535643107599,-0.0820114369632953,2.00016835742447,-1.26970522972521,-3.08972412415142,0.39840603440494,NA,NA,-112.84186615986,47.2624872304639
61,0.217446954087829,-1.82317237395317,2.25553184037365,1.73780934566453,0.0580840298595676,3.51298061851023,-0.320380898771837,-2.10658956909396,1.45013934949459,NA,NA,-111.54534124316,47.4159064774435
62,0.235490172680407,-1.96761340947723,2.42806594295212,1.60737790953049,-0.397179087929953,3.64754387368635,-0.117506997708864,-1.93115106557795,1.6465643931878,NA,NA,-110.242950680317,47.5571913530339
63,0.916964026618587,-1.39611452701906,3.21300074539709,0.514226557414556,-1.25518095707301,2.31369223241363,-0.414373665203633,-2.31145692377367,1.33325367361942,NA,NA,-108.935146487358,47.6862450692055
64,-0.607920770150512,-2.91843911564561,1.60226524431168,1.84888735121228,-0.440240646091961,4.2267685622747,-0.0484350992109022,-1.65674786117413,1.53957725488077,NA,NA,-107.622393912519,47.8029801239973
65,0.0159516563042165,-2.70792734788434,2.67681443958124,1.27666295729388,-1.25351749843288,3.820097255198,-0.148783557996305,-1.82741162804783,1.54091343836258,NA,NA,-106.305168819975,47.9073123211315
66,-0.26826890704556,-3.18086955668389,2.63216468579757,1.41581136237144,-1.24751822311406,4.09923589333742,0.20611344561405,-1.6172802279356,2.07434224300727,NA,NA,-104.983955639354,47.9991712513146
67,-0.428982588787136,-3.35982008270807,2.51831986167955,1.43889337121686,-1.21208619903351,4.14257248513501,0.381861069436441,-1.40028309087899,2.22986164061073,NA,NA,-103.659251405998,48.0784890864749
68,0.191481186387606,-2.70832366316657,3.11464701352199,0.758374518074374,-1.759073994809,3.29667635866567,-0.0263474438569429,-1.65522938404604,1.64724008557847,NA,NA,-102.331558524705,48.1452102224919
69,0.542082807593775,-2.34400956951618,3.49984979862365,0.329366830416927,-2.24663226339269,2.90475018259109,-0.225235582620708,-1.74061009660111,1.2937688243709,NA,NA,-101.001385027133,48.1992851979385
70,0.579041087560442,-2.33149641904393,3.53628864352398,0.234493565670023,-2.41903172805082,2.89005326353239,-0.197568764259406,-1.7954060619002,1.41896951698362,NA,NA,-99.6692479541713,48.2406742527315
71,0.143346907517257,-2.75593398034029,3.14485541512084,0.718216905483356,-1.96923204206884,3.37693271775045,0.388590703752612,-1.14840049808854,1.9944131992688,NA,NA,-98.3356669779927,48.2693492469662
72,0.535321135997469,-2.21400261053256,3.57281205757949,0.189151252084457,-2.51204374224028,2.93419841201908,0.105908897918205,-1.31519330564031,1.5847366941891,NA,NA,-97.0011666035386,48.2852864652238
73,1.0101344129563,-1.96272657738349,4.07429288679366,-0.0262209816348945,-2.53277095736287,2.45410895624682,-0.240127057841466,-1.73967036484665,1.27316074584521,NA,NA,-95.6662693519086,48.2884754768216
74,1.28267451167242,-1.7676782361479,4.34068782646423,0.133540013617337,-2.18290694541484,2.450605361597,-0.278509362110157,-1.75269890548369,1.18250242541211,NA,NA,-94.3315018396169,48.2789124504967
75,1.2887621906069,-1.93926869147809,4.48630254123385,0.89632298182811,-1.35502361339512,3.03586777467627,-0.103568761075581,-1.60530470046112,1.33276878625535,NA,NA,-92.997390137809,48.2566028128906
76,1.36694437444615,-1.67259303437649,4.39775076159664,0.241093420372667,-1.96495216616672,2.4569268515657,0.403717386698155,-1.04895834503501,1.86672648629302,NA,NA,-91.6644655087382,48.2215646681103
77,0.932960388101621,-2.09584683571581,3.92796981672307,0.414983356007578,-1.61276600275994,2.53128069485729,1.17942311764766,-0.42274156290814,2.80285624176488,NA,NA,-90.3332609530476,48.1738332005057
78,1.77727277672956,-1.2122377915661,4.79533716862257,-0.776101011241353,-2.74191097643451,1.16741348323262,0.489616961068143,-1.27288995092184,2.2530930861904,NA,NA,-89.0042539390201,48.1134276170105
79,1.40630274762171,-1.83342017038324,4.58063366103279,-0.434451993703778,-3.14729091582639,2.28760296932226,0.140923801457821,-1.83657095266515,2.09426514183269,NA,NA,-87.6779922829481,48.0404012489156
80,1.14061369927235,-2.46803121371659,4.69404632326127,-0.05917510449652,-3.21368118034665,3.11600898487564,0.081399149637935,-2.18291076070397,2.31368889529413,NA,NA,-86.3549771384183,47.9548095862599
81,2.73750050725207,-0.476346324576955,5.91608684959916,-1.712809240096,-3.80459642423463,0.393000566508607,2.05622772380612,0.282147365312746,3.94344028204828,NA,NA,-70.9027006384988,45.9771669400464
82,2.69763830826131,-0.274355436747889,5.66761772928225,-1.042283113098,-2.90800526649524,0.894358135632123,2.57796882614972,1.00094482568311,4.32043338617876,NA,NA,-69.6631822161933,45.7364137978074
83,2.96754305364679,0.00898199123515661,5.94711109098686,-0.714903076963399,-2.71242138439769,1.2443630954669,2.56278799640011,1.03362718911219,4.17761124041903,NA,NA,-68.432791635546,45.4845661104195
84,3.66972717731331,0.222297526551136,6.99655260382224,-1.10776529000272,-2.82271517502515,0.573969207596663,2.5094762055468,0.823692445024577,4.3234187712298,NA,NA,-67.2118376991686,45.221770223143
85,-3.84166860016726,-6.89296666175379,-0.792024449627255,1.34464756502701,-0.832954521005899,3.62157267965923,-0.176202765382744,-2.68867520664082,2.27978847416199,NA,NA,-123.810571054555,44.4947177637686
86,-4.11411631358895,-7.06239090231138,-1.20082332979353,1.83034234079803,-0.433261024706605,4.26761489292711,-0.262212550917913,-2.5960817202377,2.01902408063282,NA,NA,-122.599118448898,44.7482627377056
87,-3.91690047636728,-6.76948397875083,-1.10108393341908,1.56944953432876,-0.841992965660988,4.03819899797175,-0.306838847909544,-2.55933886415687,1.87624639083257,NA,NA,-121.378723900361,44.9909001656083
88,-3.4993796703489,-6.22402425204887,-0.81920888001747,0.98676258226651,-1.32267836837794,3.32676824985973,-0.385040038417871,-2.5752650229315,1.74471646093242,NA,NA,-120.149691068532,45.2224985222062
89,-2.85887294184776,-5.25359162409956,-0.449492149157864,0.121287006136475,-1.1630839550419,1.43131873685945,-0.514659062034398,-2.61920828882296,1.53809862981433,NA,NA,-118.912344450706,45.4429306819675
90,-2.85260030289602,-4.97792245531084,-0.762519082324801,1.43233635775027,0.0270010086230117,2.95096534104378,-0.402263877470522,-2.43010849143912,1.57921985420729,NA,NA,-117.667024450493,45.6520628861101
91,-0.840845848029675,-2.68517113188415,1.00784117689832,-0.750692561270248,-1.9645242288831,0.556780909525745,-1.01984786046381,-3.04940796856954,0.919284464732107,NA,NA,-116.414082614044,45.8497815298647
92,-0.475194176008719,-2.56834507489421,1.62101107988921,0.158800803564246,-1.09184450149101,1.48830045678427,-0.982664215491604,-2.9870012893295,0.900523099003439,NA,NA,-115.153895433217,46.0359649024647
93,0.296393741695528,-1.92160349355498,2.49647108038286,0.680375607192159,-0.48876295563588,1.97352080786602,-0.923007239990359,-2.83964007927813,0.878396539238728,NA,NA,-113.886838481153,46.2105027178984
94,0.798579163358807,-1.31590090242323,2.88875011130768,1.21945871784421,0.0691957748936763,2.46367896688644,-0.755558257060968,-2.61462378900873,0.993686449905139,NA,NA,-112.613318458256,46.3732825876321
95,0.789499515662455,-1.28459200341579,2.83002799276499,1.45358395920753,0.0628878185834551,2.95559014799416,-0.276546866830191,-2.08630839241052,1.45228470435706,NA,NA,-111.333743391348,46.5242070681126
96,1.07476723111801,-1.12218614136507,3.24864843250341,1.48319381224938,0.0288930493041766,3.01704000715412,-0.212988109027136,-2.08551602309654,1.56874260929191,NA,NA,-110.048531846479,46.6631748214316
97,1.25750793508569,-1.00156733276033,3.4991641142183,1.05475743390031,-0.540521996131779,2.77161316755929,-0.297584658276894,-2.18520511236547,1.51451872960954,NA,NA,-108.758125628156,46.7900977190569
98,0.461649655891823,-2.04987172776958,2.95594583020114,1.55684685380329,-0.762513935778079,3.91499059359498,-0.0843154517570995,-1.89998750330518,1.70846469423297,NA,NA,-107.462965624746,46.9048919556832
99,0.127740433823348,-2.54553511066075,2.79174846947235,1.52528548493753,-0.965070181906825,4.03835131178272,0.0763251147236897,-1.72479148872691,1.89131246400328,NA,NA,-106.16351693014,47.0074830739936
100,-0.388507256098112,-3.13613852864851,2.33418954610647,1.69124869703357,-0.851575265527723,4.26398977033198,0.433578343120418,-1.34785983837507,2.26896632047183,NA,NA,-104.860235008944,47.0977980906832
101,-1.50743267933409,-4.13382266500478,1.10447729269541,2.50626174324992,0.14019768190229,4.92395968590516,1.23142811296149,-0.327480058003972,2.94442507770887,NA,NA,-103.553602831978,47.1757766260873
102,0.128404613762805,-2.51863788639289,2.78219370097356,0.798916376166799,-1.61399999027455,3.23884017628941,0.0352060906518706,-1.46197990994391,1.60423924361015,NA,NA,-102.244105919719,47.2413671018957
103,0.426751691491529,-2.21528957441068,3.1626872063629,0.507408958176335,-1.99987330727056,2.96903385152668,-0.141793564250549,-1.57647152263047,1.32878930216833,NA,NA,-100.932232562311,47.2945218067302
104,0.268062423915285,-2.45514872404362,2.97139176115816,0.609327048345457,-1.93892007515362,3.0984728732521,0.1089105080288,-1.32172569541907,1.57065287760488,NA,NA,-99.6184700473596,47.3352051544233
105,0.544021313817733,-2.22892661734076,3.34090112632807,0.349879233737719,-2.22188604681259,2.8885855939804,-0.0164857344599075,-1.49668906149822,1.46243970196528,NA,NA,-98.3033256988446,47.3633898590921
106,0.732449743477309,-2.03580157658418,3.49384595407572,0.172130849551861,-2.35908442001504,2.69442288313298,-0.0560172991704996,-1.41458512186076,1.30484382770298,NA,NA,-96.9872989155872,47.3790544641413
107,0.787263091385253,-2.06653394248388,3.61271640653624,0.414966311146295,-1.7958938016353,2.5884356184177,0.0659816323371436,-1.29473632971215,1.44852645722685,NA,NA,-95.6708914781791,47.3821879008367
108,1.38706424989998,-1.40271338032891,4.12570538384634,0.174071860204356,-1.94786873411016,2.43049256173341,-0.136690743249662,-1.5321331266739,1.23647979039859,NA,NA,-94.3546107461381,47.3727883299767
109,1.18450551093969,-1.62504370093247,3.85619934683408,0.652572780973395,-1.21188952169709,2.54540892767521,0.00834002817154142,-1.3026337859546,1.33137172453356,NA,NA,-93.0389611247777,47.3508624180115
110,1.63328129697919,-1.02010753673845,4.4326987062101,-0.307492973221853,-2.03640412182538,1.56793339121153,0.533830477820388,-0.711373450641861,1.7634148806462,NA,NA,-91.724446741076,47.3164242121662
111,1.3716156095247,-1.24553366475646,3.99049928309642,-0.340136739833664,-2.14331531618355,1.50638660381761,0.515661179869767,-0.898488357503661,1.95845182944806,NA,NA,-90.4115689367797,47.2695029069829
112,1.25372483437626,-1.31464865563289,3.76116139028579,-0.565994142460836,-2.45049527129969,1.27502194789904,0.402946010322699,-1.09546292631979,1.88361964443153,NA,NA,-89.1008199145916,47.2101227809329
113,1.29740717972736,-1.32136300461651,3.81866354809209,-0.465290914902424,-2.38215957695614,1.38763174610312,-0.157708810243077,-1.70230838306621,1.35480817172465,NA,NA,-87.7926967012489,47.1383314497345
114,0.864214015998958,-1.91902885155723,3.55906258412343,0.3035575797398,-1.65944565723002,2.30765135461682,0.0179827239597014,-1.6867184257878,1.69392537110259,NA,NA,-86.4876829031037,47.0541765986081
115,0.42297499556568,-2.5438519432687,3.36415071276716,0.874358265223396,-1.02919711462829,2.86818962040933,0.171257762227816,-1.73921529004888,2.07890141905887,NA,NA,-85.1862619184882,46.9577189915905
116,0.305421896043476,-3.03918989587724,3.60861380404812,0.403292125014747,-1.98263835285682,2.90959665648423,-0.0381644931267998,-2.10005801299674,2.07612637511032,NA,NA,-83.8888917430575,46.8490191553907
117,2.4245241744449,0.0201246074111438,4.99870873964171,-1.91864754508637,-3.89172797375819,0.123764715141871,1.5439835207412,-0.238564085924029,3.35270056144336,NA,NA,-72.4679660051332,45.3341179714632
118,1.97557595115407,-0.371808305283108,4.36766173602379,-0.929844966256601,-2.39268802310567,0.580063090519382,2.05695540105208,0.574031891525014,3.638027531489,NA,NA,-71.2347313233464,45.1080885259231
119,2.25486670220916,-0.0127595173449502,4.59419192709587,-1.30498004191524,-2.94954768694861,0.34615929587094,2.18438160845067,0.803002842518147,3.65398405958594,NA,NA,-70.0099758745498,44.8709568962281
120,3.14794299559145,0.699351228499192,5.55214553233555,-0.662943845587132,-2.3562453163484,1.09954786622481,2.17678384580052,0.916914769511046,3.47412941145393,NA,NA,-68.7940137238503,44.6228529295662
121,4.08235552856108,0.997439107506058,7.12637991910287,-0.147850439224981,-1.97286845571939,1.66188905684007,2.30175169232798,0.469147920162607,4.26070490244626,NA,NA,-67.5871353311431,44.3639094762467
122,-4.20393348570063,-8.1262759693163,-0.354426018960809,1.8458283641669,-1.75703042292974,5.51298324660682,-0.0104254542605266,-2.86348795376754,2.8251824097877,NA,NA,-124.640096898849,43.3749344598104
123,-4.1109613359726,-7.26542001971457,-1.01388835638645,1.73646638074904,-1.00825193844553,4.52019826868792,-0.0733935147988967,-2.49767354659456,2.30738692118434,NA,NA,-123.451510147749,43.6355125318297
124,-4.08393505745321,-7.07064822713363,-1.15980615917805,1.75459708745374,-0.84950465741421,4.41062520862576,-0.125389506527909,-2.43148031004613,2.12736374756316,NA,NA,-122.254018432239,43.8854267758358
125,-3.91753711091079,-6.79242245124105,-1.10172893204511,1.58506154388655,-0.96770316896512,4.17390861290314,-0.168255488928841,-2.39384946136988,2.00014377759032,NA,NA,-121.047910314476,44.1245481240391
126,-3.63256344938549,-6.39141186303492,-0.946353928257779,1.29209422562046,-1.1537317096634,3.77513875791993,-0.218481524225917,-2.38220878316513,1.90475399370398,NA,NA,-119.833479189901,44.3527471083302
127,-3.25150150321134,-5.85317536109036,-0.701893425835729,1.04226288030836,-1.23854900968829,3.33296591152028,-0.272878697580974,-2.36772270238249,1.78083343915351,NA,NA,-118.611045692422,44.5699054213012
128,-2.83570155891251,-5.23948376372544,-0.478670442129824,1.28667478651441,-0.868838229548697,3.47595114513916,-0.28864075883654,-2.31444403653528,1.72464125648803,NA,NA,-117.38093648438,44.775903267959
129,-1.61292500155829,-3.67887837781037,0.36288180926923,1.12732083037285,-0.246506410939799,2.55774543134328,-0.439164684940421,-2.39289763357472,1.48506458588769,NA,NA,-116.143495509043,44.9706230593224
130,-0.808985642147815,-3.02924343594343,1.43853829414348,0.211911663263722,-1.32067699792253,1.91016581416572,-0.673329703687327,-2.6332997100412,1.21595606580032,NA,NA,-114.899083038688,45.1539549577359
131,-0.421557576518126,-2.61715355947629,1.72729702173508,1.58873643762704,0.240065181729336,3.04766715452795,-0.369708075164379,-2.22329185708681,1.44794534544666,NA,NA,-113.648066778663,45.3257936135533
132,1.10062412371728,-0.992626467889547,3.21380066223572,1.05682089988045,-0.189435770444225,2.37045953687487,-0.509410747154263,-2.3562911318505,1.25770999257157,NA,NA,-112.390832534202,45.486034168998
133,2.15958492462884,0.271015386437813,4.08930317022212,1.22569425641886,0.0629296659842253,2.45954538663493,-0.219459841287877,-2.04703732384636,1.53447949633294,NA,NA,-111.127777763629,45.6345844219682
134,2.3766507985242,0.350399602573847,4.36543785940032,1.90243086773163,0.418317494037761,3.53092685310323,-0.206519303021981,-2.06454603787658,1.59868332227986,NA,NA,-109.859311193903,45.7713506492328
135,1.46548255650534,-0.338318122278245,3.26397220265016,2.12228709610316,0.13126342586408,4.18396133447328,-0.0585107325073814,-1.83301360831263,1.68554786439358,NA,NA,-108.585852969427,45.8962493314652
136,1.07612598393464,-1.26315614173556,3.42443165047434,1.8063455353764,-0.420688254167888,4.07207577086426,-0.0827780811584627,-1.91269130083582,1.70532558197418,NA,NA,-107.307828686632,46.0092000026633
137,0.427764118440775,-2.12652059871599,2.9744183723863,1.58426606582343,-0.797145272271404,4.00281607390214,0.105549068823654,-1.71426826934343,1.9285437193929,NA,NA,-106.025684210415,46.1101359792789
138,0.0904536346465962,-2.51634323274974,2.70277684427445,1.32692271638861,-1.10922006104435,3.78375611308475,0.225092312272983,-1.54844304655055,2.02769833503341,NA,NA,-104.739862177153,46.1989853468259
139,0.0304265654252,-2.44214352302891,2.48378040675417,0.968519277183583,-1.33169443332504,3.29162614809303,0.187210928954072,-1.40431203334362,1.83075594356553,NA,NA,-103.45082176241,46.2756917970743
140,0.07172443902017,-2.53552783419981,2.62681994315449,0.705191322971806,-1.70358764819615,3.15498381477345,0.0815097559646785,-1.5052547088894,1.72000898737895,NA,NA,-102.159030811349,46.340206393226
141,0.339996450885256,-2.19762041834229,2.89335909079507,0.516785426883872,-1.92128856210864,2.96149998943455,-0.0974770571955906,-1.46738895023545,1.32390018132787,NA,NA,-100.864959980772,46.3924895008005
142,0.218450107273543,-2.44909979119505,2.86108559848761,0.654931677951096,-1.79515432318384,3.09944783016623,0.143335279187334,-1.32664893827461,1.64051212686165,NA,NA,-99.5690776844766,46.432502303479
143,0.819952059813057,-1.84477899916887,3.41690857943962,0.129146118527588,-2.33792851614723,2.54773492385603,-0.271887771016044,-1.68897474701096,1.09444855894624,NA,NA,-98.2718678498018,46.4602195498466
144,0.808263148161905,-1.84294213505465,3.35405244861337,0.155262296578325,-2.27257890493007,2.52553803106457,-0.0836048967582509,-1.36638070019289,1.19892728344134,NA,NA,-96.9738104943814,46.4756267578932
145,0.832241920789081,-1.82573336385742,3.47548581237863,-0.0585159208461973,-2.11931937064198,1.92032097606493,0.00709218015165522,-1.32623154604466,1.33352848753448,NA,NA,-95.6753878946385,46.4787090203694
146,0.997204843822913,-1.56202578562503,3.55557506350323,0.0198214035255768,-1.94823769927662,2.05267307130257,-0.0337745080816348,-1.2802952079604,1.25646681677815,NA,NA,-94.37708991207,46.46946472606
147,0.991637205149099,-1.52535724722574,3.41424034918912,-0.233284726709375,-2.02274749568795,1.59477929696853,-0.0267949050123659,-1.3576634692447,1.26377082132873,NA,NA,-93.0793945823607,46.4479012479532
148,1.24722507872849,-1.18351987827798,3.63848459137099,-0.280120212248931,-1.98322333772967,1.43068990691848,0.190195015907782,-1.08262961156616,1.38725028553454,NA,NA,-91.7827876393318,46.4140315360846
149,1.16308961314057,-1.34225522110343,3.54204676815199,-0.14066135997854,-1.99938691333431,1.66746718889816,0.291376539961556,-0.904830855255369,1.53988371032285,NA,NA,-90.4877530431245,46.3678791065479
150,1.01609330381944,-1.41394862685392,3.30653174874263,0.0911450768925257,-1.71493889144937,1.81062249651,0.02581536674703,-1.19663869253339,1.24665222875131,NA,NA,-89.1947610865324,46.3094729286813
151,0.79204574856849,-1.43227779503806,2.83288936426313,0.535669166083474,-1.12429332592318,2.21906623604075,-0.751993312727241,-1.89633624281021,0.424376466732444,NA,NA,-87.9042890182078,46.2388545353684
152,0.836043155636937,-1.56360139638883,3.11314618198962,0.395337865819989,-1.30144132570551,2.13620286593036,-0.193357491249496,-1.62895107590239,1.2172977175488,NA,NA,-86.6168021709846,46.1560692563891
153,0.984847131917073,-1.32438952062577,3.37387557756542,0.0905742510802811,-1.6778231887189,1.9896261455696,-0.0416543861192315,-1.68061509181679,1.56037926855381,NA,NA,-85.3327636130219,46.0611724898309
154,0.409022021878819,-2.09661421047852,2.91852156733893,-0.360685623078332,-2.36606658402413,1.69347273452373,-0.404066421723725,-2.1363401044547,1.27488958328356,NA,NA,-84.0526239826261,45.9542234016105
155,0.674237605825483,-2.58780971876202,3.95633968716925,-0.0898868781986757,-3.1242231473935,3.00613324818467,-0.292526214537472,-2.5803959697363,1.96606888548253,NA,NA,-82.7768223819586,45.835290432552
156,2.06682431704329,-0.366337383787947,4.53402856186059,-1.12173305802338,-2.89705785320639,0.644726282910351,1.73135733552072,0.108147553184163,3.40134781251097,NA,NA,-75.2368900936172,44.8746780255005
157,1.20314889586501,-1.13935528235683,3.60573664368876,-1.68563941753887,-3.33994042516202,-0.157149249700161,2.3074672039607,0.821690233144413,4.05128975583019,NA,NA,-74.0030716676134,44.6743054964555
158,1.24766510067685,-0.274210402192093,2.79093001785089,-1.68627867624111,-2.96625544197088,-0.382844082450489,2.05503077571088,0.749886820323136,3.46593837783879,NA,NA,-72.7767576013691,44.4627145573286
159,3.26207005185904,1.66622732786264,5.00777982600555,0.614577937967916,-0.335638104971061,1.55747525032147,1.66643450201339,0.46690917525294,3.0345886026588,NA,NA,-71.5582842479757,44.2400196661519
160,2.22752041255196,0.293816071651924,4.19967849409156,-0.629405882831653,-2.29948798079506,1.06651583126331,2.02103992975863,0.706041745143067,3.44334432412914,NA,NA,-70.3479740989494,44.006344721543
161,2.3894126915423,-0.364926333323446,5.13805544518022,-0.165503549664241,-2.13856055201795,1.94076881023927,2.33736039464103,0.55978682486833,4.1892568213985,NA,NA,-69.1461340352417,43.7618125284244
162,-4.29769967542896,-7.91484146083464,-0.802344281831439,1.95332125050109,-1.35090050992236,5.32440452055808,0.0586381099417659,-2.57629011445587,2.69855453838794,NA,NA,-124.276589711141,42.5196635197032
163,-4.32475559911089,-7.46175552159958,-1.34887572472133,1.99014255742467,-0.72773567862922,4.80778623904992,0.0225554600499164,-2.36882326764659,2.39669961966271,NA,NA,-123.101354873406,42.7766750863451
164,-4.18620111865176,-7.18076732951518,-1.2721431831605,1.86639461950678,-0.825113476669146,4.61131385259364,0.00281042236296456,-2.280515288911,2.24001512105665,NA,NA,-121.917537271614,43.0231200318388
165,-4.03645075028126,-6.92509025173297,-1.20282260387817,1.73138222632085,-0.885336743077402,4.4130886059834,-0.0223513168271541,-2.23362214305625,2.14943567455301,NA,NA,-120.72541232373,43.2588809867614
166,-3.84714657642347,-6.63340019838978,-1.13509029621471,1.56632268693048,-0.982316093726541,4.1636825383738,-0.046921600044351,-2.19420272426866,2.07527614299895,NA,NA,-119.52527433195,43.4838385763568
167,-3.65788343367611,-6.31227759706945,-1.07022171086083,1.46022194436433,-1.00379980753793,3.96361842243932,-0.0600415967359079,-2.13724294499792,2.00092013637964,NA,NA,-118.317423990685,43.6978732133452
168,-3.63365336676953,-6.04324459771519,-1.27558832497227,1.54172835447691,-0.796479615029404,3.93666887612896,-0.0376770852339501,-2.05392039952617,1.97674693172936,NA,NA,-117.102182087555,43.900876959445
169,-4.16458378810286,-5.89951870214045,-2.53961669013973,1.72918992156638,-0.177480137165099,3.69369436058659,0.0501351195829291,-1.87898831518038,1.99656887221857,NA,NA,-115.879884396032,44.0927371699208
170,-1.87367847260343,-4.09121219327684,0.340177910783364,0.910429970556646,-0.461649585591917,2.41822685748111,-0.301835744181397,-2.20307468567633,1.58122334690614,NA,NA,-114.65087541792,44.2733512581949
171,-0.704390193510584,-2.95821370639141,1.53879859268241,0.904241807866286,-0.564568369399372,2.47239223402522,-0.274812552311288,-2.11664235379218,1.55844030826872,NA,NA,-113.415513182435,44.4426182014882
172,0.447914560947069,-1.74765876484609,2.65928165434901,1.91136976736085,0.556727930451739,3.33301835823983,-0.0385018025080194,-1.78898381478199,1.69674126988943,NA,NA,-112.174172283697,44.6004395100756
173,1.80498603983484,-0.222301770720236,3.82700264489242,3.81342056606831,2.64990719956201,4.99407204349916,0.144411711357559,-1.56940293996357,1.8975021558933,NA,NA,-110.927231728181,44.7467310200649
174,3.82373564683018,2.43574435594665,5.27922992247618,4.27731331435575,3.20290300565908,5.45931359942237,-0.11984329324535,-1.88801842802402,1.59593905671881,NA,NA,-109.675088052793,44.8814008716224
175,0.877199833372793,-1.12883534089167,2.873798369052,3.41284636469709,1.50619707542835,5.44396774169884,0.537621663122826,-1.07071483891936,2.22246643335602,NA,NA,-108.418143504939,45.0043708002791
176,1.2881065086444,-0.72176203853721,3.31561432028071,2.29000661999261,0.719449295007286,4.03918339601823,-0.0113399309157284,-1.75469486738861,1.71516113697131,NA,NA,-107.156815397124,45.1155686612087
177,0.430671095660072,-1.84347120576272,2.69610624349343,1.66869040292609,-0.499401464414373,3.90495846186891,0.198455749052227,-1.57741836964767,1.97538313748616,NA,NA,-105.891526751483,45.214928513264
178,0.276427641002882,-2.17201217731835,2.7409974788739,1.05818882807579,-1.17230342432321,3.32377181067262,0.172008080981473,-1.59935033313087,1.96959924920662,NA,NA,-104.622703703334,45.3023791456614
179,0.0682196226403968,-2.42607384842453,2.55612082990973,0.518883595428137,-1.72476920649089,2.7854708217346,0.13622700549715,-1.6050224337442,1.8971618612042,NA,NA,-103.350794249416,45.377878376678
180,-0.0704706586328239,-2.64119911627398,2.47550191905163,0.388743640602825,-2.00877619407542,2.7862480534683,0.0937167929254225,-1.61524525841401,1.81807540742202,NA,NA,-102.076240311248,45.4413738232402
181,0.471446158571449,-2.06600225188776,2.99354120102763,0.286167322666749,-2.20807504132208,2.77312690051268,-0.22996092664859,-1.83254236686902,1.35396105337019,NA,NA,-100.799495022197,45.4928270363301
182,0.267412015774474,-2.2985143562406,2.79659321151661,0.588010195180053,-1.85293939962584,3.04535825174385,0.0979948142705858,-1.41633860687036,1.60821128294036,NA,NA,-99.5210149530259,45.5322021491702
183,0.413007434869638,-2.19769872165794,2.93260652895166,0.510094409737547,-1.899345984881,2.94846592792914,0.128025153270818,-1.30997355593546,1.54976853449453,NA,NA,-98.2412566708248,45.5594780876157
184,0.695920922121016,-1.79522876202987,3.10894747909377,0.428873265174748,-1.87288524773292,2.72501946298253,0.076493243361048,-1.27074011969281,1.39039533935993,NA,NA,-96.9606863348268,45.5746399269759
185,1.00099541691488,-1.47382520742897,3.33581594611961,0.395119862366398,-1.82404402383061,2.61131058787837,0.022246702758897,-1.27541951948834,1.27927063159405,NA,NA,-95.6797638607442,45.5776739175358
186,1.18076098772802,-1.11708617055319,3.43058404214056,0.494172810997499,-1.58776888008075,2.59024799911557,0.0140427428803774,-1.24434800736742,1.25660534020008,NA,NA,-94.3989607302688,45.5685765111325
187,1.34459015681927,-0.852859001553708,3.51362155933381,0.164244952378728,-1.65729046133276,1.89737313424094,-0.0853023905775467,-1.30930125904357,1.12113501389242,NA,NA,-93.1187380442572,45.547356777308
188,1.25266780310326,-1.07201207852724,3.47645269893898,0.178079375053874,-1.65906252721275,2.05337489547837,0.0347826064077379,-1.25423478795456,1.25522708349922,NA,NA,-91.8395573031073,45.5140265708204
189,1.20077608885264,-1.14279164338613,3.51974316486784,0.11797776445541,-1.72968343007698,1.97598380492122,-0.00642350068032197,-1.31582109321014,1.29078944913185,NA,NA,-90.5618885900968,45.4686066671807
190,1.29607132542566,-1.01428761507379,3.53051766526181,0.0360993958811557,-1.74041745076299,1.82279854990622,-0.327072058939596,-1.64395654565761,0.909926834760693,NA,NA,-89.2861810587034,45.4111265823802
191,1.61997234772992,-0.530149443611254,3.66917413693476,0.313308867456088,-1.56397434903997,2.18408042092954,-0.584559411863776,-1.93245016595877,0.708796878933851,NA,NA,-88.012892801619,45.3416229621257
192,1.26670296497399,-0.901123960754151,3.38746781255182,0.073377292089987,-1.76907666942536,1.96296635926144,-0.36069950590389,-1.86153631845491,1.03861123551727,NA,NA,-86.7424758441206,45.2601402546404
193,1.06997301748542,-1.05239795725028,3.23496145235079,-0.0445269731690094,-1.92991996805921,1.89056684043568,-0.242195565060675,-1.81393031473642,1.2437565797727,NA,NA,-85.4753665010222,45.1667279586419
194,0.761993938943637,-1.54285423177479,3.05468661939099,0.125962981160802,-1.80949809702061,2.16821905840783,-0.0204254836407302,-1.61156776088221,1.48962660537413,NA,NA,-84.2120023908695,45.0614453161208
195,0.938567747405414,-1.52149678395031,3.50817189470571,0.182750111668539,-1.98019803356032,2.40231911968082,-0.180000254655187,-2.01012829092751,1.71878550605665,NA,NA,-82.9528131922785,44.9443523593683
196,1.0088809666968,-2.35954424815086,4.38968316811685,0.04084507977033,-3.27181257389544,3.39529290867304,-0.165398617636989,-2.54841251124732,2.21746188367804,NA,NA,-81.6982189720677,44.8155211950274
197,3.20814969962214,0.762942413461438,5.81826633077825,-2.29646747736044,-4.85082253515096,0.227624424441105,1.77881700251643,-0.11689048404323,3.68994166268477,NA,NA,-76.7338060848753,44.1844556492149
198,2.09658727250022,0.087413193933208,4.19174003901648,-1.84982359130494,-3.42366559214881,-0.261915437781592,2.33452735363264,0.856249702724003,3.89299775911093,NA,NA,-75.5081069676889,43.9982048098737
199,2.0351816860793,0.0121406298526808,4.13841651123457,-1.3769863374345,-2.81095764026057,0.0263628745724437,2.267301620344,0.789140266164212,3.8885368657198,NA,NA,-74.2892940880531,43.8007600593612
200,2.38283621904102,0.954019281058622,3.8385170488413,-0.576005816235263,-1.48661531684665,0.28450091495304,1.93940414752696,0.704693003196028,3.19980358651275,NA,NA,-73.0777070531219,43.5922274359447
201,2.43003086217293,0.850636175348251,4.01714092989771,-0.937359986860375,-2.54767647092835,0.603963897510456,2.19176177320777,0.942743622886202,3.65040850310636,NA,NA,-71.8736714521537,43.3727164462042
202,1.5452023403989,-0.0423965814893572,3.12642754721722,-1.74906652696662,-3.60860445198501,0.0550317948375627,2.66351215782533,1.24183009494587,4.19357979404491,NA,NA,-70.677500330129,43.1423441390525
203,-4.36285908213945,-7.91567376003127,-0.926880678337019,2.01891295065651,-1.23630422981436,5.33357917142086,0.163111304082848,-2.38978754510167,2.72907144912519,NA,NA,-123.921927008605,41.6643956944455
204,-4.3559018192136,-7.53958270839237,-1.26435077718699,2.02810304843623,-0.869407667765429,4.96040417295338,0.146525281867408,-2.22351313548945,2.50213337084731,NA,NA,-122.759784447886,41.917995818072
205,-4.301172916794,-7.31873691490712,-1.38868257034257,1.98810444129141,-0.747378104116099,4.77941919823975,0.134951896201988,-2.14167149442719,2.37498686129697,NA,NA,-121.589366418942,42.1611250737791
206,-4.19535705478422,-7.08806858826126,-1.37818364971621,1.90747258332473,-0.732540371234976,4.61346990416455,0.123737541297704,-2.08976011725644,2.31294325174237,NA,NA,-120.410937451793,42.3936756539895
207,-4.03449781745157,-6.85154867792164,-1.31163140074879,1.77963499960176,-0.846693602719589,4.42113158096826,0.110857949528836,-2.03244930681241,2.24318592994552,NA,NA,-119.224781394301,42.6155315788474
208,-3.90129718119786,-6.60357873990955,-1.29023371052186,1.68959129938085,-0.865181565175307,4.2722999579684,0.113744748498848,-1.96522808448693,2.19313452225841,NA,NA,-118.031195652878,42.8265830550932
209,-3.87898935888601,-6.38735858236671,-1.4398383593628,1.68969424532875,-0.782971771442093,4.1762330783544,0.145157893919647,-1.88093417539696,2.17166985694157,NA,NA,-116.830488959124,43.026730245816
210,-4.09464418521598,-6.16125262600817,-2.17900012658709,1.7372185680969,-0.57254010755565,4.06713284589742,0.23192728241675,-1.71875270788436,2.21193755911041,NA,NA,-115.622986402491,43.2158614692986
211,-2.8683679602722,-5.21422976522081,-0.601075211615414,1.79606339867949,-0.023008028892962,3.87096581078043,0.1757432275568,-1.72673781680781,2.08789076204471,NA,NA,-114.409021930846,43.3938824068634
212,-1.74395984003982,-4.08505091140366,0.554758389221691,1.66673745273538,-0.462839784669812,3.82558086643474,0.133770429045333,-1.7099596172754,1.98417381143603,NA,NA,-113.188945079662,43.5606971096854
213,0.0455517708052745,-2.13138473498265,2.1802883860705,1.36934393534922,-0.278527683816127,3.05489354072058,-0.104890876793241,-1.8056151684422,1.55615693622572,NA,NA,-111.963110320733,43.7162144084173
214,0.654822894639467,-1.49541631473454,2.76499572934956,3.22710358694159,1.99258529599047,4.5029661241733,0.226636785998024,-1.50705103185095,1.96146167747856,NA,NA,-110.731889348917,43.8603490890377
215,1.59104738937808,-0.557901346633727,3.77303912177351,2.85886678179824,1.41171829830184,4.49707593817155,0.0672182572038625,-1.71402470331053,1.82888132185007,NA,NA,-109.495662449487,43.9930218257071
216,0.991316081161788,-1.1858414410606,3.15913387568136,2.58908523264911,0.533784371938864,4.69509401291389,0.214942022600362,-1.44121724188385,1.93557526923694,NA,NA,-108.25481889395,44.1141550323677
217,0.969352438551334,-0.939340549321606,2.87474159762164,1.86813629656344,0.343399057049587,3.65138147900013,0.103628366849063,-1.58994983281272,1.82938296904283,NA,NA,-107.009764880455,44.2236842383415
218,0.535113056028522,-1.79466215156648,2.84358696657966,1.34864617686084,-0.74688667446239,3.49124741822973,0.165270525619446,-1.6164536264997,1.96442508015291,NA,NA,-105.760903676018,44.3215397377488
219,0.513831089837772,-1.35322806668367,2.45056374805248,0.695615439035747,-0.685082963197994,2.21424858225232,0.122135414898758,-1.51283697169935,1.78853119015729,NA,NA,-104.508640620417,44.4076650336019
220,0.0432885606294236,-1.97593614878343,2.01376713069821,-0.361422318559215,-1.61742485517819,1.03282217639781,0.0816407812222057,-1.5845198018557,1.76368900794215,NA,NA,-103.253410877116,44.4820142938306
221,-0.900688117294056,-3.28212164087874,1.45382088951056,0.0372621741029296,-2.21073935825655,2.28372250948186,0.379214356534593,-1.29799232889984,2.10370554901038,NA,NA,-101.995642611597,44.5445381338074
222,0.579996324336122,-1.56476038486902,2.70486556642266,0.0914091160431417,-2.3895578108165,2.55257002135673,-0.391814919179512,-1.84362387440407,1.02317796714144,NA,NA,-100.735767833982,44.5952013368778
223,0.477153873666365,-1.84605444224733,2.76203711835471,0.431647769006563,-2.03065302486051,2.87240597642356,-0.0996140307504167,-1.50228924291215,1.28949377323397,NA,NA,-99.4742241451228,44.6339732215115
224,0.809172998362001,-1.5795758165832,3.13738009101774,0.232417946831194,-2.18561527622214,2.65731188098718,-0.222951548840831,-1.62377611090336,1.14337857588972,NA,NA,-98.2114577896882,44.6608305881316
225,0.808261144412019,-1.49876934732484,3.11518694449087,0.0736337475565914,-1.86103670275851,2.01197397429253,-0.0541721965065026,-1.35746108743808,1.2069931248019,NA,NA,-96.9479124881699,44.6757567881909
226,1.07758105992955,-1.25521101186179,3.37702072084236,0.127546675488656,-2.13216614869809,2.36587372681018,-0.168870746285564,-1.44105721074532,1.06471667477825,NA,NA,-95.6840230902804,44.6787409627886
227,1.18916198479332,-1.04614817237971,3.4369883823215,0.210284402813281,-2.00187012660471,2.42169438071673,-0.087062465339094,-1.35843709842177,1.15003681070086,NA,NA,-94.4202492053578,44.6697862993377
228,1.17276157362611,-0.989694086980817,3.25444533426228,-0.200892750984442,-2.0609852530889,1.64947986501022,0.025934465113066,-1.21728307930733,1.17084377524606,NA,NA,-93.1570328778525,44.6488934731438
229,1.24144836833029,-0.954194789811558,3.28631663276346,-0.335371402326933,-2.37036699546719,1.71196564176286,-0.126473242964459,-1.42893150649973,1.07954814672849,NA,NA,-91.8948193316484,44.6160750596533
230,1.32654630960536,-0.806298676243205,3.43297072710041,-0.218574672383177,-2.14021585853116,1.71140335541985,-0.255717233774064,-1.54412926467736,1.007931650115,NA,NA,-90.6340558176997,44.5713534298675
231,0.748406892303719,-1.35366698109581,2.78555618738256,-0.66315119170635,-2.53448028750823,1.19199256550397,-0.191142339813813,-1.48171166885437,1.07206318863657,NA,NA,-89.3751799367013,44.5147545342663
232,1.11073462194432,-0.931955180530409,3.07102172558952,0.00397327790811501,-1.82901254206036,1.87289504060725,-0.316152196138927,-1.58388019279049,0.952100546052567,NA,NA,-88.1186345738319,44.4463146361658
233,1.74955510286447,-0.162254746328359,3.64416484883283,-0.886309320376027,-2.76369523298949,0.988029535296572,-0.568578599555507,-2.06874197854507,0.834826472117058,NA,NA,-86.8648383753044,44.3660704226495
234,0.703395580663491,-1.34834223491713,2.75620580898867,-0.0673293852226979,-1.93078665997528,1.84035962738802,-0.226541518498883,-1.77592069864384,1.21309362349331,NA,NA,-85.6142209653254,44.2740700331965
235,0.927148493189036,-1.21277941485068,3.04821560200762,0.102862919565894,-1.84188013917152,2.10552263028014,-0.168186621530316,-1.73276049131408,1.38455007821342,NA,NA,-84.3672058530588,44.1703729080487
236,1.28021113180045,-0.972489376262048,3.48663361184357,-0.0444559011295774,-2.24962104046805,2.14825252442337,-0.26327742245614,-1.99211687507691,1.46450185444844,NA,NA,-83.1242043153571,44.0550361055168
237,1.07422654593458,-1.77835959390344,3.92149101116017,-0.0971257151487397,-3.02904236080038,2.83660082202685,-0.146183013915434,-2.24089238704904,1.93545530513305,NA,NA,-81.8856259624444,43.9281207594121
238,2.06764871950819,-0.190627575592476,4.31066929936907,0.93820580016945,-2.03847186177403,3.96640609561038,1.43544571151911,-0.926737934323898,3.79958569952154,NA,NA,-79.4232805038828,43.6398707406051
239,2.71425871563181,0.733941290798782,4.68761797082011,0.429877995125169,-2.01827444395156,2.90816167127215,1.42921390890006,-0.626739172281761,3.474388498861,NA,NA,-78.2002773369179,43.4786932629911
240,2.62372411002366,0.87797666276962,4.45361826281647,-0.627903662627162,-2.67721271077446,1.45240751173394,1.77401338835476,0.0403138403954246,3.50615085015862,NA,NA,-76.9832123624678,43.3062646959397
241,2.84086200460218,1.04937591369309,4.62811002201799,-0.487285105793331,-2.18354011366819,1.13731312757776,1.77867733063473,0.26602414249495,3.32064675640541,NA,NA,-75.772434664557,43.122677739609
242,2.749655321245,0.957798288238619,4.54743083855821,-0.542208403521008,-2.03110612585826,1.00208234698279,1.81147661039739,0.382071812256653,3.22887531308759,NA,NA,-74.5682882814499,42.9280278304991
243,3.10997158100239,1.93271225401335,4.28874074802995,0.0512177296254063,-0.484072745474653,0.604799566326646,1.99527994786108,0.774565543345587,3.19232326102751,NA,NA,-73.3711025977739,42.7224168251762
244,2.51502016535354,1.58434840395465,3.50521990186181,-0.731498367594128,-1.91111111278826,0.481878899197221,2.40055264945845,1.18577046896143,3.74698717559423,NA,NA,-72.1811937579873,42.5059481058465
245,1.81032342124829,0.89454633144526,2.71293689610663,-2.14996091465985,-4.02085910973857,-0.294459811086759,2.83442436009499,1.71212161489226,4.02827070062616,NA,NA,-70.9988642825853,42.278730047737
246,0.12407207999901,-1.78753974962781,2.032837583996,-0.315237485465203,-2.81080742042788,2.2241290825432,3.45830363924599,1.39049787517559,5.63227285871282,NA,NA,-69.8244057151763,42.0408752559939
247,-4.45242531268246,-8.63693137095617,-0.349886113746044,2.07201812272803,-1.89153936411492,6.08039155313595,0.33087639601397,-2.58212936990585,3.27283160267662,NA,NA,-124.716851005901,40.5483632947236
248,-4.43266315049936,-7.9046671045578,-1.07600780648462,2.07314533628582,-1.13985454860563,5.32943216215868,0.28429323673167,-2.20897794364894,2.78984491325276,NA,NA,-123.575793360719,40.80894619253
249,-4.43728554941397,-7.6398609739252,-1.33382731767834,2.10544686987088,-0.800952177563746,5.08646660709356,0.266751792602138,-2.09703152249287,2.62076185643226,NA,NA,-122.426496221548,41.0592761665368
250,-4.45560420023561,-7.45492896382713,-1.60859860106789,2.16710757829234,-0.462092641747651,4.9225918255247,0.269364134504248,-2.0015129709178,2.5373720302068,NA,NA,-121.269205360262,41.2992313528186
251,-4.40923227695108,-7.25331825140669,-1.69611077429407,2.13484299990098,-0.396079601391784,4.79789474661872,0.266521420733989,-1.93088777088222,2.44563932539555,NA,NA,-120.104189269231,41.5287129658605
252,-4.19745461371449,-7.01226770602089,-1.49357155345326,1.94389389450237,-0.700260067593396,4.6099682955905,0.252831621969175,-1.88850182854305,2.40656891537365,NA,NA,-118.931719506468,41.7476069659488
253,-4.02255562952899,-6.75503548595027,-1.35707654399303,1.82736560007789,-0.793552285377601,4.45995423900756,0.252644110237057,-1.83119424034425,2.3639871930409,NA,NA,-117.752086773745,41.955809008191
254,-3.89099719675578,-6.52291734877514,-1.35052295768702,1.78733230806851,-0.75214828942214,4.36386765601442,0.283570155888374,-1.7403353589115,2.34053414667573,NA,NA,-116.565593994127,42.1532228815568
255,-3.76078863531563,-6.24150635608566,-1.34079093202109,1.82128639238411,-0.645270090459694,4.31385145004994,0.341399037365442,-1.63295797580867,2.34201850109776,NA,NA,-115.372551217794,42.3397480780913
256,-3.36311509556642,-5.79947331480076,-0.983053912006343,1.98809479431964,-0.356266169710012,4.36078628723124,0.428736003215621,-1.47476700702059,2.381397313652,NA,NA,-114.173284556761,42.5152921222688
257,-3.46354662229286,-5.5920444041269,-1.41699630530992,2.6030067521834,0.4474859321262,4.79896161832413,0.74057845993196,-1.03244454419878,2.59962437056736,NA,NA,-112.968130489046,42.6797656325449
258,-1.1967265689724,-3.50414284625132,1.09731720272497,1.54951989013932,-0.411657850818349,3.61799957611581,0.177191109309897,-1.62422424012646,2.01044145599909,NA,NA,-111.757434265478,42.8330836833794
259,-0.296348128325783,-2.65830735573926,2.0424920503658,2.17697401268076,0.0539085193497632,4.32574059151357,0.194805669376314,-1.61855399060655,1.99703204761472,NA,NA,-110.541553500283,42.9751659990714
260,0.367551252179905,-1.77740627504464,2.48959669526364,2.22375424782104,0.413248247596262,4.18382304117093,0.147835769228128,-1.5223658562058,1.82752661329695,NA,NA,-109.320853507492,43.1059322606383
261,-0.0498250346666112,-2.2615075979533,2.12708652530649,2.50405863437307,0.407002055106353,4.66724559232453,0.443958548579261,-1.21151665493404,2.15584045873494,NA,NA,-108.095712300849,43.225315942627
262,0.26325485454334,-2.0497110871751,2.57189716791398,1.97128346781655,-0.169251394604309,4.16656385617286,0.283811576922656,-1.47963524708452,2.08290549147277,NA,NA,-106.866525568173,43.3332516474493
263,0.241319170561678,-2.09927142914909,2.57179300076346,1.16527337977049,-0.956481654193124,3.2815521284081,0.233519363209951,-1.54235743841496,2.04363778418002,NA,NA,-105.633669533668,43.4296773695054
264,0.231565640364512,-1.76837230917723,2.25492144186901,-0.822480380862909,-2.37405795371315,0.629543562452891,0.0940390595125916,-1.59749818945579,1.80471991231976,NA,NA,-104.397549231449,43.5145378915457
265,-2.46852137452863,-4.23554879709337,-0.705015013859341,-1.27522655775398,-2.25202886454887,-0.292300884459099,0.986368223736202,-0.67154827587522,2.75878492994849,NA,NA,-103.158569068504,43.5877920652492
266,-4.15575399531374,-6.11615739375306,-2.2497117569344,0.0254757484626261,-2.14725707434496,2.17458266284443,1.7291732274809,0.0622420549221864,3.54849170996169,NA,NA,-101.917152845092,43.6493888658671
267,0.659030339864504,-1.38185113020007,2.69734434791846,-0.0481780528394323,-2.48985102442359,2.36076448975677,-0.527909375887444,-2.08135268270216,0.985514524049613,NA,NA,-100.673709151462,43.6993005965851
268,0.668655284166888,-1.53975547298947,2.86732456392048,0.143606126400275,-2.34236222188402,2.63336253350227,-0.353931033323761,-1.84456403538504,1.12037514111823,NA,NA,-99.4286641267082,43.7374952021568
269,0.916644104073917,-1.17629920914333,2.99709059398614,0.120220968268201,-2.33444535095181,2.52875972635322,-0.391789349159252,-1.80331725228375,0.997037061294591,NA,NA,-98.1824461526275,43.7639463450631
270,0.682327138843496,-1.5021570348502,2.87788791026118,-0.0136035696689148,-2.29127812631001,2.2713607734006,-0.141184619000733,-1.46240718932606,1.16181561324147,NA,NA,-96.935472505759,43.7786544967904
271,1.02139515936633,-1.20312213174833,3.19324324274579,-0.0122239039043217,-2.32075861297701,2.29878118563512,-0.201580062694012,-1.50736460908526,1.0617708492976,NA,NA,-95.6881725038036,43.7815979068381
272,0.980890437135246,-1.21398352631012,3.14821532096592,0.161569832754519,-2.10472886364055,2.45990488568412,0.0406042135903178,-1.22424323664289,1.26784483426851,NA,NA,-94.440978485695,43.7727759934994
273,1.26523957341249,-0.870216053696284,3.41861967570447,-0.0770341010227821,-2.25115301071537,2.1022788589919,-0.0710295782416503,-1.35422046445525,1.18083799654894,NA,NA,-93.1943260587188,43.7521957316197
274,1.28835512879243,-0.829795311531844,3.35159898965062,-0.449547249043408,-2.61696844454814,1.68520118140542,-0.0340360535750817,-1.30092384497137,1.22908258394207,NA,NA,-91.9486374693534,43.71986314953
275,0.751529169574576,-1.30833687410335,2.70922641567079,-0.561920096861164,-2.63428672703311,1.49308864432535,0.274953794978006,-0.993319582028216,1.53938683701226,NA,NA,-90.7043402792528,43.675807744886
276,0.732669041300984,-1.24304920119923,2.63444653486537,-0.649138764785735,-2.71230197016253,1.41350086173768,-0.0625234141340761,-1.32315983341715,1.22664802887397,NA,NA,-89.4618568386701,43.6200475836663
277,1.09926798622635,-0.858679696639839,2.96645293788808,-0.539335213066204,-2.53378209682767,1.50168572435951,-0.138241041371801,-1.46750114036578,1.1678810425803,NA,NA,-88.2216097450467,43.5526178418474
278,1.28120800256129,-0.640230302425066,3.16229322769666,-0.682323182436437,-2.60441271738648,1.27649556248935,-0.404350798197783,-1.98336623008156,1.10034646485765,NA,NA,-86.9840116192471,43.473555549981
279,0.768330106309911,-0.997834432327672,2.47179653135368,-0.356478926568058,-2.21715471703379,1.51933224245336,-0.342811963435154,-1.85839980093274,1.0779935642359,NA,NA,-85.7494728795877,43.3829013497705
280,0.991943055116564,-0.756328952704263,2.75106374212274,-0.306534249143997,-2.37399559834467,1.79514200343603,-0.365817369745709,-1.93376672910907,1.10191574409092,NA,NA,-84.5183956416989,43.2807164612886
281,1.1094128961671,-0.808689850198098,3.0323849868114,-0.437927047600978,-2.63526142375139,1.73025268836052,-0.257111568789776,-1.90730262465163,1.36196941695666,NA,NA,-83.2911767576013,43.1670487370145
282,0.933976650137597,-1.16191815797118,3.00272679391931,-0.275090504085671,-2.85695424312842,2.3087692394198,-0.0139576194169519,-1.85059082913028,1.84371415051219,NA,NA,-82.0682089615206,43.0419669338457
283,3.07996363757581,1.17662182094921,4.96123466911729,0.508809814722934,-1.74498744820496,2.80678971189691,0.878872004215859,-1.20208632561999,2.92286481258713,NA,NA,-79.6365542122071,42.7578235443058
284,3.55971455990866,1.754723527253,5.36578843088515,0.707744110634199,-0.904567121475005,2.35938847759008,1.02832677813722,-0.79561958414906,2.83405659104707,NA,NA,-78.428580520681,42.5989157923603
285,2.07938222651097,0.279320427536833,3.85161151914252,-0.99203385525534,-2.57364997101224,0.508686610304013,1.45091332102803,-0.22733500754144,3.10270573597654,NA,NA,-77.2263272037138,42.4288965544901
286,2.53091112953965,0.720532140505671,4.29871447655494,-0.245254250663446,-1.92384105589447,1.39808430021771,1.53619322766595,-0.0246251319822722,3.13943624732614,NA,NA,-76.0301284088443,42.2478515984656
287,3.10353659305176,1.38467761802931,4.83592081538515,-0.281539996964449,-1.64207712005369,1.04687143606937,1.33266891548503,-0.214336963749554,2.82406117605533,NA,NA,-74.8403200902003,42.0558709974918
288,3.05166461139457,1.92379028724635,4.23523422848406,0.130743473226234,-1.27800878759918,1.57574563365456,1.74803424685638,0.41537508715917,3.1248020828765,NA,NA,-73.6572194988189,41.8530517027769
289,2.40398217740558,1.36700982603012,3.42671966762087,-1.18871806142179,-2.64518748084306,0.259518919608986,2.41693757317816,1.14230825875805,3.75902700648481,NA,NA,-72.4811314762533,41.639490726904
290,2.78040539742927,1.68530674266879,3.89028054246372,-1.17713451662383,-3.16532570209201,0.756638987979175,3.91806363266109,2.58107583341336,5.24862249074929,NA,NA,-71.3123538469143,41.4152916195476
291,2.14353548151866,0.367318993603827,3.93254908870172,-2.02746010164249,-4.14408564204717,0.0677811247080509,3.71158164481783,1.65519948852044,5.92153495674473,NA,NA,-70.1511655789659,41.1805592398721
292,-4.46868077564914,-8.38134142708851,-0.64033736850283,2.07179020624152,-1.6054704687134,5.80107294174814,0.378678793224443,-2.36570514714484,3.15410349270391,NA,NA,-124.366668889219,39.6957602560734
293,-4.471902973048,-7.94599375429531,-1.09600140544726,2.09481386127328,-1.12929851024404,5.35001472422676,0.365016517549819,-2.12479199330753,2.88772388534168,NA,NA,-123.237911513173,39.9531280518351
294,-4.49330541781669,-7.72138942237688,-1.36842899655404,2.14499984519202,-0.792749732872762,5.15107287542175,0.366729248560902,-1.98746470988114,2.73963801223985,NA,NA,-122.101199729495,40.2003292092095
295,-4.52995287091788,-7.54946147866123,-1.6222129391081,2.22303310395429,-0.491664568083819,5.01419829575894,0.376767657520941,-1.88175889549362,2.65466911560597,NA,NA,-120.956775030807,40.4372490703231
296,-4.58596652412015,-7.42833202478041,-1.96825141971351,2.27383761845032,-0.304628736312427,4.89553971863797,0.394117744983298,-1.7936784406357,2.5944286014944,NA,NA,-119.804891082338,40.6637886852378
297,-4.31371279539085,-7.11769613217419,-1.59766015609369,2.0398971280298,-0.603734807033285,4.70904718521372,0.376570109422662,-1.76098614231367,2.56244865722542,NA,NA,-118.645824188768,40.8798455566876
298,-4.10032244008378,-6.86566780092997,-1.41697925572016,1.88940737644708,-0.771116505414817,4.55261874736972,0.378448669484171,-1.72445215290092,2.51316552982447,NA,NA,-117.479846281863,41.0853237663888
299,-3.90732982809553,-6.58491691044331,-1.29114655946438,1.80612162478014,-0.821963920934845,4.43227142217503,0.395132638328871,-1.6477625395598,2.47919625318051,NA,NA,-116.307253081711,41.2801256236472
300,-3.6858706789223,-6.27891707094085,-1.16382764205191,1.76667472298566,-0.789336366350126,4.34181762175106,0.423267692493556,-1.56454930947312,2.45618442510359,NA,NA,-115.12834432174,41.4641609531531
301,-3.36578136483092,-5.86420868344515,-0.921865716799627,1.75682528971397,-0.699134269489454,4.22391429869179,0.453733165671364,-1.48736912407801,2.42396481237779,NA,NA,-113.943437455959,41.6373394386979
302,-2.95321193204789,-5.32353237630594,-0.635859753186673,1.72621221796862,-0.586838291525479,4.05813340034775,0.475669319818994,-1.39380029516341,2.39829367085603,NA,NA,-112.752863359626,41.7995771202851
303,-1.78933796409154,-4.15529495633103,0.540805513297836,1.38867593228863,-0.821245756573113,3.61187324804535,0.257394911884805,-1.61087256027961,2.12993737428265,NA,NA,-111.556944775385,41.9507926877976
304,-1.00373329180179,-3.42257475990664,1.38524614614511,1.70771564972796,-0.526666995024631,3.95124954305168,0.227754148597937,-1.61997878211619,2.07418976644648,NA,NA,-110.356034267495,42.0909116462797
305,-0.361486802059924,-2.74289799769696,1.98234076405601,1.74628194371415,-0.0170914662771977,3.74268618100231,0.166034697038287,-1.61859991997991,1.94939015567073,NA,NA,-109.150488620773,42.2198627844944
306,-0.420729342628964,-2.77556632411417,1.90857148825531,2.37586849657509,0.205393980997248,4.59246685728452,0.391576125355512,-1.38882905700267,2.19480356601873,NA,NA,-107.940667478358,42.3375751957261
307,-0.109783158019814,-2.12973520494501,1.85515428289666,2.33895881730058,0.411281934450477,4.32307932423651,0.35946364268913,-1.36189394077709,2.10561567997959,NA,NA,-106.726946326634,42.4439915701453
308,-0.0533838653193303,-2.14681739005288,2.0217778100629,2.17111733813701,0.534965830156033,3.97123225205629,0.381632542554972,-1.35634510430685,2.15689657334585,NA,NA,-105.509697791703,42.5390543168276
309,-0.586476494684499,-2.48836634217872,1.28316734430442,0.948360598681005,-1.00260829157384,2.92591622970308,0.391499764367961,-1.32347746758931,2.15489025235496,NA,NA,-104.289309879784,42.6227131278166
310,-1.50133829507995,-3.25221468571468,0.229442151475104,0.193441502905527,-1.88508260992241,2.26162420691732,0.654527742270114,-0.998330942235242,2.38705582452707,NA,NA,-103.066177162309,42.6949157705262
311,-0.610996698772848,-2.7043382443861,1.43520574717162,-0.168915261956967,-2.4716647955999,2.10249296562597,0.244900539506428,-1.4492528014887,1.96188726970704,NA,NA,-101.840688736394,42.7556332782465
312,0.758368244055411,-1.0193004154306,2.54385343168947,-0.104596039926735,-2.52198778945655,2.31073007281908,-0.435965426901763,-2.03941112324157,1.14253587819945,NA,NA,-100.613255821384,42.804826995459
313,0.480898458941323,-1.48862917252844,2.42731932490356,0.13248800599356,-2.38756545521534,2.61002489775835,-0.304437654868989,-1.88503973399435,1.24871418937353,NA,NA,-99.3842823482881,42.8424715138687
314,0.777895895879812,-1.11909607840218,2.66148538703249,0.147728665597792,-2.35570846385215,2.62362979973006,-0.389005350660403,-1.8594140884965,1.05913713855392,NA,NA,-98.1541775260997,42.8685462874996
315,1.31928201605216,-0.583873617842255,3.24468350340016,0.000201171623141105,-2.4984539018738,2.45654431563602,-0.582576342517836,-1.93898919036794,0.785861142526841,NA,NA,-96.9233507319464,42.8830394587131
316,0.963337840015461,-1.26207580496052,3.17834874824857,0.0722793591031729,-2.34781713470615,2.48952915265737,-0.209274732114425,-1.66997112076605,1.26555326278877,NA,NA,-95.6922100953912,42.8859395914119
317,1.75249811579274,-0.31654268058421,3.81777499404472,-0.126702791647248,-2.47348448421449,2.22877348190526,-0.546108286287792,-1.90137228240366,0.782318028551319,NA,NA,-94.4611752895052,42.8772458689184
318,1.41545192107488,-0.658765005352289,3.46294852654565,0.0919412138264891,-2.17912042385346,2.35552529812481,-0.140925828988684,-1.43417841044636,1.13766641681681,NA,NA,-93.2306547085955,42.8569599636002
319,1.52476181875327,-0.51457230910977,3.47752247170382,-0.258258534996653,-2.41648090569218,1.96058040592848,-0.200298384916468,-1.53380383975134,1.07491804113197,NA,NA,-92.0010611132426,42.8250978321817
320,1.07534311994654,-0.853333689987161,2.97384446376148,-0.348817287381688,-2.48506733910022,1.83191279443904,0.0627081989538377,-1.23944004004971,1.36417795169425,NA,NA,-90.7728080284661,42.7816733584782
321,0.240709901612443,-1.63885570053034,2.06074197151663,0.0223293517007177,-2.04287505810224,2.10512788158218,0.342926951175532,-0.994702588596821,1.67230316787952,NA,NA,-89.546299405688,42.7267126099512
322,0.916478528792185,-0.849854886537579,2.61630434806295,-0.0747105561914845,-2.12377205906688,2.10861753424492,-0.367257052528042,-1.67893483218455,0.903117714223861,NA,NA,-88.3219380381429,42.6602447903749
323,1.17362070305965,-0.943633222031609,3.25845931925704,-0.556963434867109,-2.77353409692524,1.68878830648627,-0.432958925994569,-2.04855289533032,1.12547711727706,NA,NA,-87.1001248449407,42.5823074529897
324,1.12140143439389,-0.440042798409884,2.69743542823238,-0.51362304453453,-2.45562864154654,1.46536758854613,-0.554842488214493,-2.0497873351345,0.878657809691919,NA,NA,-85.8812603208715,42.4929406001126
325,1.09107507318385,-0.621789316461153,2.76236580038508,-0.684805532268642,-2.69994687723119,1.30198160657266,-0.365262410568257,-1.88561228144481,1.10973093919567,NA,NA,-84.6657250251664,42.3921954325942
326,0.828242812154407,-0.736800664265207,2.36340716512248,-0.986214144147527,-2.89922081801766,0.870581142890512,-0.113977499431946,-1.69430095391845,1.45250833750497,NA,NA,-83.4539037129285,42.2801213255464
327,1.11209793300705,-0.64500780264932,2.86449678133633,-0.102071061576324,-2.3122130698821,2.06159388873045,0.242940410176178,-1.39268536321497,1.93271878075394,NA,NA,-82.246177195223,42.1567819303924
328,2.53534217824486,0.818518016463626,4.21178814743818,0.363295503282934,-1.86008495130108,2.57451057571473,0.407314358305437,-1.39362344622182,2.19686993194323,NA,NA,-81.0429093092304,42.0222406230526
329,2.09766536103083,0.486597420674767,3.77135641949987,0.293006751360627,-1.36530775329274,1.92797060546374,0.68795793848517,-1.02568438789472,2.37596479190534,NA,NA,-79.8444546482191,41.876563949559
330,2.37244542944502,0.510189236527516,4.22071680211323,0.101996388718247,-1.3989652072393,1.56847008551753,0.78753314989844,-0.930421636281166,2.51123916477549,NA,NA,-78.6511643630983,41.7198283788934
331,2.27308864621443,0.588184360466248,3.93010856394947,-0.117233840286048,-1.6332753324606,1.39457504529855,0.93279432133552,-0.708433232804055,2.57824991071796,NA,NA,-77.4633802864788,41.5521113546796
332,2.43267878445409,0.983148572169686,3.86419633658423,-0.282868301516825,-1.93779074663653,1.3870209672407,0.944498627825546,-0.667391639509592,2.51016169055819,NA,NA,-76.2814340387216,41.3734948398519
333,1.86188686102327,0.654160908939613,3.04368201952563,-0.96386916119291,-2.2939802488971,0.373392151515413,0.897420742373842,-0.596488650566776,2.41812903866334,NA,NA,-75.1056436530582,41.1840657562154
334,1.80680308683846,1.16298960365159,2.42520013435931,-1.06622762732837,-2.49673765617593,0.374940538901529,0.86824876092757,-0.615730225739138,2.26910786108192,NA,NA,-73.9363196358531,40.9839148243017
335,4.19154684341925,3.45089282949353,4.96088448168483,0.15998872076296,-2.0601310383449,2.43329482452103,1.95217273769349,0.192439580796038,3.73020111039195,NA,NA,-72.773758580985,40.7731342127787
336,4.74670511348916,3.18159438542384,6.31200772213798,-1.05314976687807,-3.83547108474183,1.75166606091346,2.810739841063,0.784348639831964,4.88656876658153,NA,NA,-71.618249501135,40.5518241974476
337,-4.47642303158573,-8.35435463773004,-0.696389843571173,2.05558505829021,-1.57103599987108,5.73913538335656,0.442887436382115,-2.28240892535284,3.18549860237848,NA,NA,-124.02466717871,38.8424668401163
338,-4.49011882787856,-7.96766079136707,-1.09877812024021,2.0789410842016,-1.14912474870771,5.35337510025493,0.444321479150255,-2.0549019003051,2.97976301697985,NA,NA,-122.907985943425,39.0967675061304
339,-4.52324465089586,-7.76765953534406,-1.38788263186839,2.14682417913635,-0.787352129599589,5.15684710651097,0.456773574904301,-1.90442226184278,2.85686778043938,NA,NA,-121.783619133343,39.3409702251509
340,-4.59108373127101,-7.63737988882845,-1.69007120675139,2.30655058531156,-0.0935844898880178,5.03780461062017,0.480456400534525,-1.77542483522083,2.78336104701293,NA,NA,-120.651806753046,39.5749805978363
341,-4.62816301732089,-7.49269208120657,-1.9324893146096,2.31852397729392,-0.110078521090514,4.95672147158037,0.495611902955447,-1.68338236411872,2.73643496221763,NA,NA,-119.51279218513,39.7987035291027
342,-4.37011042522886,-7.22849330024799,-1.6224176254395,2.05312730940861,-0.616631443911631,4.75983259813945,0.48235081983356,-1.6720903696568,2.67619683786133,NA,NA,-118.366840144988,40.012046616231
343,-4.15779208821975,-6.95170197056454,-1.44832661799714,1.8945399119273,-0.825086770838926,4.60858237717267,0.487526481758833,-1.62684627875002,2.64742629115874,NA,NA,-117.214222868428,40.2149158315049
344,-3.95158732707363,-6.68993290211648,-1.28526871613767,1.78560021713598,-0.891419475833902,4.45982256764253,0.497205356412197,-1.56297787559812,2.60420551362755,NA,NA,-116.055222960757,40.4072198239495
345,-3.72826396156523,-6.36599865925112,-1.15689604484191,1.68710636070247,-0.923888059281633,4.30110760810893,0.504926613592321,-1.52642993004123,2.56180051602047,NA,NA,-114.890134705471,40.5888730639049
346,-3.45601367677368,-5.97393604568452,-1.02760383801466,1.54028766629276,-0.958759180312028,4.02455833146552,0.499463257486841,-1.46330306261497,2.51384854678425,NA,NA,-113.71926692808,40.7597899382393
347,-3.20018396912914,-5.3739120321292,-1.25471960714375,1.15011923889222,-1.04746679719994,3.34140004613892,0.452479138981455,-1.45289333762036,2.39691748845787,NA,NA,-112.542930205307,40.9198908281501
348,-1.99680927078197,-3.92451699936346,-0.18185323067641,0.586010975290046,-0.961482891783383,2.15961220883751,0.138146474207798,-1.73804456112937,1.9792332706569,NA,NA,-111.36144948593,41.06909979067
349,-1.57011401375773,-3.98234499590807,0.794990406806427,1.51593363670804,-0.736486119809816,3.77308707638384,0.302401526568098,-1.57157972336391,2.17482793712424,NA,NA,-110.175158649969,41.2073448359788
350,-1.18466071442888,-3.61768922169989,1.22735117534649,2.06957710971978,-0.179880521106934,4.33875747320174,0.38532872342071,-1.45466697101796,2.24053920307866,NA,NA,-108.984400313954,41.3345568546214
351,-1.13558498154291,-3.40977801089017,1.09539881798779,2.91260840444114,0.987114714428918,4.96240674689631,0.605835072412785,-1.14169729135378,2.39709062301623,NA,NA,-107.789526802437,41.4506758964338
352,-0.219838772586229,-2.42518753263982,1.94552002447298,2.78440034098308,1.35133295841271,4.32646528934869,0.353432837950683,-1.42310376823232,2.12533363126406,NA,NA,-106.59089321746,41.5556414409199
353,-0.551770197770059,-2.62514470139996,1.50612567039144,3.40235465434031,1.86666096022114,5.02120351077581,0.525976713521807,-1.23164551610352,2.31775167527282,NA,NA,-105.388866783082,41.6494033927703
354,-1.41809122597153,-3.10236481629331,0.247475232534757,2.39770539678067,0.35013488641508,4.52517758011016,0.61322215271854,-1.12204309761441,2.41009360016419,NA,NA,-104.183816639022,41.7319112061745
355,-0.450351513638242,-2.37805080862624,1.40907781863081,0.895753062565437,-1.35856714193129,3.17881566195985,0.243603346774209,-1.47864419748206,2.0244433636738,NA,NA,-102.976127108277,41.8031169696211
356,0.512327853892925,-1.53952665702042,2.51645784993671,0.0455449926612097,-2.32756505712951,2.38982151401795,-0.170141217977246,-1.93870759936149,1.56945976437152,NA,NA,-101.766174148434,41.8629927325748
357,0.230002854343257,-1.95396445718525,2.43005488722726,0.107571470961939,-2.37653635182526,2.55816653457379,-0.142798942732069,-1.88856872257145,1.56540224150106,NA,NA,-100.554346689676,41.911503280644
358,-0.352954115583841,-2.34072104387185,1.61355201805909,0.274896280176026,-2.20473084513104,2.75868285219388,0.100880281509997,-1.50690960576415,1.7152706893483,NA,NA,-99.3410346863698,41.9486254730008
359,0.597230967995537,-1.49184395795223,2.65525561852554,0.104717188627889,-2.40800241094445,2.60325251205933,-0.274214034786714,-1.87270321183285,1.29909049246753,NA,NA,-98.1266346638523,41.9743378408648
360,0.179048841877152,-1.80070069594599,2.1711472309866,0.15440235338524,-2.3368229106853,2.59813884464013,0.0717905555080094,-1.38639314697732,1.57465333879314,NA,NA,-96.9115395157956,41.9886267304627
361,0.501701229145539,-1.36089592088986,2.37578484767222,0.190852919970471,-2.24348952748336,2.60301601527007,0.0230844604929835,-1.36296250844144,1.43959952155667,NA,NA,-95.6961446528039,41.991486078231
362,1.68079642521408,-0.173787932069789,3.55200947663451,-0.0978208184415306,-2.47710921239953,2.27011127568487,-0.57428893267249,-1.92432597215581,0.768892634770614,NA,NA,-94.4808485830904,41.9829135492977
363,1.62968941759215,-0.1796484491856,3.46978062847904,0.265389116612111,-1.9183715666617,2.48583296724783,-0.296594320246563,-1.63564549727271,1.06879246810182,NA,NA,-93.266052908834,41.9629091532816
364,1.5107140989025,-0.306666565122393,3.34407331595149,0.00921887782072084,-2.16898582313228,2.23930002622814,-0.168994312969113,-1.5075404651646,1.19482281779448,NA,NA,-92.0521452789278,41.9314906325088
365,1.1742966689803,-0.584608429449313,2.88753368495845,-0.0826606791983507,-2.2631083920385,2.11984186817497,0.112487711562113,-1.3056344541534,1.480668629519,NA,NA,-90.839526788387,41.8886696516792
366,0.81587978987348,-0.924085851289591,2.54116395385084,-0.234709314038315,-2.44990019205161,2.00136005192069,0.208294544903533,-1.21363379092603,1.63281983468585,NA,NA,-89.6285889024042,41.8344717157659
367,1.13730340106967,-0.486835034437277,2.65995904092661,-0.510840047438851,-2.68897408343821,1.71199486836685,-0.00802314878314424,-1.42154888926789,1.37488387857287,NA,NA,-88.4197175457727,41.7689244091229
368,1.37671379686227,-0.0105036133076441,2.72647251846069,-0.95310083948979,-3.06860905324915,1.14637325484682,-0.41194156910934,-1.91060931790378,1.03088215152765,NA,NA,-87.2133024335968,41.692060123963
369,0.474782874198415,-1.10124915829424,2.02488816902757,-0.278874686800321,-2.32565316834218,1.79952460066892,-0.168039804773831,-1.67861252995044,1.32637163614846,NA,NA,-86.0097184343607,41.6039223021239
370,0.994547666790422,-0.581260446111611,2.53309294383527,0.0512396046216286,-2.02023428305169,2.10617741746803,-0.0947013647183708,-1.61218648972773,1.41352624584076,NA,NA,-84.8093409789062,41.5045530421012
371,1.0037992329323,-0.41354591353732,2.38581779982507,-0.491636627616131,-2.54183457373843,1.52750352583434,-0.00965306642004353,-1.53503816827362,1.54814147337379,NA,NA,-83.6125428482249,41.3940018941463
372,1.63189229983489,0.257382518971525,2.99257818675619,-0.233421325185028,-2.11012608022142,1.60033178074696,0.145580276998076,-1.45983444912791,1.73111042386426,NA,NA,-82.4196830369011,41.2723284259948
373,2.0873518581502,0.644524813400401,3.54439817417984,0.0279698023616859,-1.93720338623745,2.03438136919465,0.256971634701986,-1.38069077443127,1.86725874814276,NA,NA,-81.2311182419823,41.1395912895322
374,2.34637934971591,0.968478695751815,3.73539911981443,0.0464439367960369,-1.73775486458157,1.84636912484538,0.288699797592608,-1.36220634969733,1.8968977172571,NA,NA,-80.047189593144,40.9958571056395
375,2.07400110893292,0.533416890766961,3.62474486790871,-0.123944578420366,-1.74367832929539,1.51750480551632,0.383950159500241,-1.26802118338982,2.02595109275581,NA,NA,-78.8682390611401,40.8411933649345
376,1.66299359467736,0.568669791777437,2.78416485611499,0.605642602767307,-0.53834305904608,1.74172575523738,0.756894205593112,-0.913112830555279,2.47812480160627,NA,NA,-77.6945959284787,40.6756770333937
377,1.65867074543717,0.752071671028455,2.57870244131156,0.52499958130504,-1.00438873116806,2.0864891684715,0.81811871647743,-0.760039532802596,2.41031181100957,NA,NA,-76.5265788372098,40.499384451219
378,2.41957137275297,1.70218022392908,3.16559671818364,-0.34649934608183,-1.76929423196515,1.06597090027046,0.329019439701903,-1.23724636783512,1.92735237856588,NA,NA,-75.3644980606552,40.3123952820703
379,2.70011915119005,2.0500990021645,3.34788397569266,-0.53249534159587,-2.86626023811565,1.81453924822063,-0.309659910980889,-2.12263296625082,1.39956004726196,NA,NA,-74.2086542262029,40.114797506282
380,-4.48307545605353,-8.42293954720598,-0.630134050094355,2.02073475871922,-1.71138049309329,5.79382371910436,0.499544028101061,-2.28359620593616,3.30729601147805,NA,NA,-123.690575175088,37.9883530050156
381,-4.49512556608648,-8.01863726833015,-1.07498429554792,2.02227848985574,-1.26966975241757,5.34018549292797,0.518865280970555,-2.00331510747683,3.07604735110972,NA,NA,-122.585745468367,38.239691350883
382,-4.51494965445976,-7.7990103971965,-1.32801477722934,2.05241286021826,-0.991965148156831,5.13427440721818,0.539798140073511,-1.83593267642675,2.96012771930122,NA,NA,-121.47348888451,38.4810169528956
383,-4.54907155511108,-7.65085400097055,-1.57083474326378,2.11607244963079,-0.697401133148643,5.00904191855625,0.561661790646247,-1.72344869122338,2.89789975248311,NA,NA,-120.354038648524,38.712245495553
384,-4.60826259426677,-7.49289195483171,-1.91581553522418,2.17427960277851,-0.477044447104605,4.89870644251559,0.579563335888236,-1.65163492855112,2.86502142984923,NA,NA,-119.227631525795,38.9332683676049
385,-4.38742644828632,-7.27601871077488,-1.60038157394657,1.97648021763857,-0.768117468756328,4.74565437514977,0.58018955823476,-1.57759485078533,2.80405013032324,NA,NA,-118.094522470213,39.1440086195691
386,-4.19572728570565,-7.04706492823965,-1.42887136156828,1.84119381032234,-0.88893164475998,4.57855511342399,0.587089586911387,-1.53603624755267,2.76644457928629,NA,NA,-116.954982492597,39.3443817106297
387,-4.01175724051911,-6.80401103913437,-1.32138198552142,1.74610151213972,-0.951819884381841,4.45077988657488,0.595865193240544,-1.48468315870237,2.71801449997716,NA,NA,-115.809282161801,39.5342958913394
388,-3.80444001730422,-6.47600326637344,-1.19835517768293,1.66531392475568,-0.97226807212805,4.33385381190227,0.596360798783759,-1.44386161126283,2.68842942084733,NA,NA,-114.657709939626,39.7136684469224
389,-3.53799173262885,-6.1291318519007,-1.01226445777723,1.55823374270567,-1.02641935448765,4.14247905424296,0.582778089335819,-1.41727563852066,2.61727340412249,NA,NA,-113.500564444049,39.8824215502567
390,-3.17854596605565,-5.65737944810552,-0.757361194513163,1.40959408706465,-1.04471837940622,3.85941173814144,0.537101302002137,-1.41229482815097,2.53027888816696,NA,NA,-112.338143945367,40.0404788793236
391,-2.56472784393241,-4.99527521007111,-0.186002113651868,1.33409787077572,-1.00233321381829,3.67324310352549,0.437030160592564,-1.48864502429129,2.38361221768521,NA,NA,-111.170764411934,40.18776930806
392,-2.08551817067649,-4.58170357621138,0.367989119724017,1.69433504973337,-0.678705976738982,4.10188948208487,0.44894766388981,-1.45511552884728,2.37492189638818,NA,NA,-109.998749984575,40.3242257181423
393,-1.64939590499523,-4.13893279125693,0.800408424348637,2.10151785095581,-0.250268275419475,4.47438578595928,0.465524269516958,-1.40155601036715,2.35570903966723,NA,NA,-108.822429612141,40.4497773098035
394,-1.16468571422641,-3.5878010286917,1.20990750716306,2.51674400989134,0.319748675065809,4.74902716065101,0.46031010356028,-1.36520343239509,2.33110744363658,NA,NA,-107.642143820197,40.5643699474026
395,-0.188742450981863,-2.36251404072039,1.98479779186764,2.53832300357417,1.06678677216202,4.14927104721047,0.233678899447728,-1.58251506274749,2.01117907939872,NA,NA,-106.458235640887,40.6679518955742
396,0.915752411560394,-0.324136008804238,2.15741789000779,3.75547359191962,2.10923363219441,5.50699320906074,0.105694455044298,-1.65679192698588,1.82435739676419,NA,NA,-105.271059236609,40.7604693298299
397,-1.51046502549287,-3.16738886174585,0.0830647044760553,2.7028002925789,0.62454361710815,4.84679534451201,0.606368809967732,-1.11451158886968,2.38641064303141,NA,NA,-104.08097448227,40.8418772253529
398,-0.272802747686999,-2.23948449138206,1.61637622311894,1.29071123437999,-1.05130486109563,3.63977921397811,0.152133499613838,-1.62029158506285,1.91460509490758,NA,NA,-102.888343292226,40.9121347144876
399,-0.132409638802306,-1.94815670069313,1.61425007552795,0.533957634208075,-1.83895972404113,2.94430569391708,0.0216174869718375,-1.72278693963356,1.71014648886137,NA,NA,-101.693534863631,40.9712072746865
400,0.00270375552168819,-1.77804669920912,1.74390161503025,0.206038909940323,-2.22767975604756,2.64902471765246,-0.0687781509299732,-1.75044887608975,1.57445698504109,NA,NA,-100.496920670694,41.0190657809495
401,-0.589235777722532,-2.41677159052759,1.19959122314035,0.162120092805219,-2.30209343852227,2.62199986814295,0.153444577295358,-1.46499671252698,1.78888808832995,NA,NA,-99.2988801756839,41.0556868237843
402,0.283657681655884,-1.41242383704479,1.96152489333881,0.0896293349378103,-2.3734942399783,2.57242314785103,-0.152410152193428,-1.70126818137862,1.41250742810888,NA,NA,-98.0997890019451,41.0810524766069
403,0.016991343305104,-1.4176275986429,1.59155456579793,-0.162182179670932,-2.55544375900152,2.24211198985969,0.149646931702106,-1.18893439061824,1.6062541421847,NA,NA,-96.900029261422,41.0951476604923
404,0.553789618712727,-1.06679307305151,2.23694166344463,0.0514035916134496,-2.33020870809493,2.46785012228214,-0.0428241626893532,-1.41593134058877,1.38024643437341,NA,NA,-95.6999824523253,41.0979674220134
405,1.19120411302604,-0.565934873037968,2.95057585470755,-0.00179271784401134,-2.3820138716053,2.39442488548867,-0.296257403778029,-1.7185199464332,1.11760558711945,NA,NA,-94.5000225027118,41.0895118518794
406,1.82969735433423,0.103502773069965,3.53153524440409,0.00144048194061295,-2.37401603889965,2.39839644122933,-0.483692775219192,-1.91770556347089,0.925060125767676,NA,NA,-93.3005547598557,41.0697780913334
407,2.07786609674999,0.38543555544132,3.74942227732214,-0.16601570821669,-2.54559381763837,2.25633684265137,-0.571789461785958,-2.04905822229196,0.862989721304134,NA,NA,-92.1019394546199,41.0387822324557
408,1.17927529075285,-0.4236798348123,2.75343953754698,-0.141634593856767,-2.49400677355447,2.21448607356873,-0.0531746857934634,-1.54057294073881,1.39077831688296,NA,NA,-90.9045686463151,40.9965395761819
409,1.28743800672721,-0.273608105578251,2.79647729684201,-0.550449899705216,-2.87538722811298,1.76972854736479,-0.103406292727504,-1.59302094261871,1.31415471974833,NA,NA,-89.7088101887789,40.9430683142658
410,-0.516292068614928,-1.98468917560444,0.90837397570497,-1.07022447703505,-3.31437656999342,1.17232733003619,0.378192570842756,-1.09045130715377,1.85005853351787,NA,NA,-88.5150437818865,40.8783975984254
411,1.01729183991066,-0.325635115542278,2.37602863529355,-0.592807613906223,-2.76271786474441,1.60364497092549,-0.0730727457297099,-1.53023893230361,1.3995138178369,NA,NA,-87.323639297194,40.8025615909423
412,0.143394174506069,-1.34692670206904,1.63609882262482,-0.491744699936985,-2.71789076685988,1.70504645442806,0.010704204545822,-1.49320007293257,1.56793800991492,NA,NA,-86.134963841458,40.7155940766201
413,0.619390741522286,-0.762430180122627,2.01321780767926,-0.209128349006094,-2.35081682994643,1.94855397772365,0.0753348424343553,-1.41043989197881,1.6064531946356,NA,NA,-84.9493777694851,40.6175391591221
414,1.58793484497438,0.276953165604887,2.88271125940204,-0.47462068423823,-2.60605938682456,1.65573053981817,-0.104633425164523,-1.63526850712314,1.42859752855068,NA,NA,-83.7672382885002,40.5084429773383
415,1.54732095314824,0.212992018313254,2.87559366423212,-0.190370641352182,-2.08856851134809,1.68508589290924,0.096375376652553,-1.47510440055717,1.69081070542665,NA,NA,-82.5888945111626,40.3883613812353
416,1.89248011436417,0.553200498325672,3.23345503274974,0.144721308487154,-1.96324441179192,2.2956130404134,0.182778521922542,-1.40091214138518,1.80783632738973,NA,NA,-81.4146844466061,40.2573492311621
417,2.6520583568231,1.43240567574032,3.9285819631468,0.255569193586704,-2.14351711817328,2.84224297060583,0.00973865331484141,-1.61624464740533,1.61051034097158,NA,NA,-80.2449461441666,40.1154701580989
418,2.17602737001148,0.757510529672213,3.51296348997068,0.390442026545295,-1.13992235286672,1.91882334861609,0.285063911233255,-1.40211211635439,1.91401215297383,NA,NA,-79.0800084521777,39.9627891903775
419,2.32361560824334,1.60246325748181,3.0775540812775,0.714875349429857,-0.83812751180225,2.31214950677945,0.494017410508088,-1.11314808283034,2.13679936149525,NA,NA,-77.9201832427106,39.7993758387588
420,2.17559863945659,1.56821359042036,2.81156126156037,0.51078733466294,-1.21938597539811,2.19902646660349,0.644297391665633,-0.919751388013056,2.24809329957312,NA,NA,-76.7657864466883,39.6253048987876
421,1.812050790296,1.12474499011531,2.50814798826618,-0.16616977373408,-2.02145508632597,1.68086242874334,0.213594349647544,-1.3704846437858,1.78667018114818,NA,NA,-75.6171147550378,39.4406542768368
422,0.0194547954643141,-0.797110697141634,0.830826105481674,-1.32458003004289,-3.93090250332948,1.22495036964364,-0.364180376472045,-2.3099518654393,1.47111531579745,NA,NA,-74.4744641371131,39.2455035256483
423,-4.47937777042227,-8.73641735235891,-0.326612709156309,1.97541319735875,-2.08770775133949,6.06867547459656,0.546175402054619,-2.3947398409146,3.53277780335453,NA,NA,-123.364139802869,37.133237709461
424,-4.48628823611121,-8.07282035021349,-1.00881060511056,1.93297677210881,-1.44387620323864,5.35306929514037,0.58924789851374,-1.95849319349869,3.18812812418043,NA,NA,-122.270940439918,37.3817316655807
425,-4.48722997389713,-7.82414493099417,-1.23959026858382,1.92373125688072,-1.21384952351221,5.09551355703355,0.618810986971814,-1.7759890357574,3.07881433963257,NA,NA,-121.170556370058,37.6202990460882
426,-4.48282239828889,-7.65708888900339,-1.4415463612732,1.92952686654196,-1.05772146604847,4.94205240311487,0.640782006520595,-1.65707491303107,2.99524510931682,NA,NA,-120.063216515436,37.8488565238208
427,-4.46289221989782,-7.50110378309868,-1.56116696457225,1.91700385113703,-0.945817744004611,4.7996885736045,0.660098595492825,-1.57609862814753,2.95871565399085,NA,NA,-118.949164906707,38.0672969781992
428,-4.36045528463918,-7.31600515609481,-1.51028851994208,1.83215592709008,-0.989692806520816,4.67258752539684,0.672985586299587,-1.50387405036743,2.92461769547745,NA,NA,-117.828634808273,38.2755478091655
429,-4.23724811431898,-7.11421920400468,-1.4513567952848,1.7490225528274,-1.01973308893065,4.52652774728045,0.685848047724357,-1.44761107639969,2.88537443991865,NA,NA,-116.701898442097,38.4735261614019
430,-4.09793920450983,-6.89388085975147,-1.36991242982208,1.68749885402698,-1.05757987915545,4.43423199238001,0.699928038774155,-1.39957148739009,2.85196641053048,NA,NA,-115.569216507636,38.6611511293628
431,-3.93006534930566,-6.65720325453288,-1.26983148235575,1.65288502530523,-1.01841585267243,4.34244712010628,0.702826844074588,-1.3636318701034,2.82411237208905,NA,NA,-114.430864334256,38.8383413992471
432,-3.71439434001367,-6.35629397720843,-1.12369809364432,1.62269232151215,-1.00305057721605,4.24280390631514,0.69523571343772,-1.33377216585455,2.75807130701796,NA,NA,-113.287134549627,39.0050231809484
433,-3.41518058238862,-5.99030010447829,-0.863123325156932,1.60622870712103,-0.961823915661419,4.16774808824635,0.67132829039443,-1.31095180365024,2.69828080303833,NA,NA,-112.138316914213,39.1611262238652
434,-2.9965980800537,-5.564563080108,-0.491557895818322,1.64609914828012,-0.853884069671916,4.16275881665873,0.622604517867931,-1.31885781510855,2.60955164092251,NA,NA,-110.984716291787,39.3065802889194
435,-2.56908069995871,-5.12465086675792,-0.0576477412896387,1.84240382741106,-0.612369360684268,4.34825535032061,0.594578216318035,-1.31415674142646,2.5442044111996,NA,NA,-109.826648326472,39.4413270905346
436,-2.14729319942922,-4.66420984161182,0.342505841881735,2.13128606306887,-0.272636784444649,4.55640300506621,0.570361957449234,-1.31654129940745,2.49699175982412,NA,NA,-108.664425877166,39.5652914364816
437,-1.68368235552254,-4.10558758022039,0.705551572101148,2.51567474210847,0.294728838974516,4.77299512914941,0.537342987670274,-1.31852443351322,2.42418980184587,NA,NA,-107.498379620196,39.6784269898166
438,-1.13536583222068,-3.26125501098386,0.966902843297118,3.20451193748075,1.9227287106407,4.62317324784106,0.489726486242451,-1.27369577961063,2.27376420387477,NA,NA,-106.328849223869,39.7806861639027
439,-0.814169436629097,-1.6144670125063,-0.0396233390344448,4.22992939389791,2.90444393158854,5.76533076826293,0.570832958754576,-1.14735585137154,2.31025540617835,NA,NA,-105.156164121953,39.8720145010301
440,-0.607951892319483,-2.3954383213762,1.13946462691708,2.30333166968014,0.181888481739028,4.47678142801115,0.268143205752541,-1.46931998779177,2.02398434133477,NA,NA,-103.980677204383,39.9523738001415
441,-0.381705432577159,-2.4202009900213,1.62479432674103,1.19536207306129,-1.10636683900783,3.51141724216385,0.113383212301944,-1.68099029149046,1.8921466496653,NA,NA,-102.802738668306,40.0217208316808
442,-0.36327113539107,-2.32117263866643,1.53636745585465,0.556856801775935,-1.76590910837318,2.91006726873203,0.0481913047520124,-1.7426825797231,1.80455479053186,NA,NA,-101.622700582812,40.0800264655784
443,-0.4991503849986,-2.35043180758259,1.29119303419375,0.148345436157918,-2.23892375467099,2.53954486344829,0.0551428854926774,-1.68067621563705,1.76079523907217,NA,NA,-100.440924837769,40.1272612847441
444,-0.69182091215459,-2.69736245868685,1.22148660196605,0.0268400233541144,-2.35399246755799,2.42209098278986,0.137372935678282,-1.54364669523144,1.81964789793138,NA,NA,-99.2577747951668,40.1634055044929
445,-0.37698124200088,-2.24315340165672,1.42029423968538,0.24007140251588,-2.14692097722942,2.6480780675921,0.121127885868084,-1.50064285560766,1.72836371487573,NA,NA,-98.0736130638335,40.1884389212326
446,0.37393142887249,-1.29393775413565,2.03776195694615,-0.107158244324297,-2.44393644217462,2.26148773418847,-0.138806050491374,-1.65774036092905,1.41139205390797,NA,NA,-96.8888070694395,40.2023503597627
447,0.34603892957266,-1.35384712346643,2.04019661609238,-0.235435379946533,-2.55329760683306,2.09588355595317,-0.0902863173012372,-1.62530916224125,1.46965296671068,NA,NA,-95.7037246441612,40.2051329417067
448,1.30260908386144,-0.195291554116812,2.79781426246977,-0.0476999626846596,-2.24403502775334,2.22304480558334,-0.384909753700513,-1.91032175443787,1.10059932345601,NA,NA,-94.5187325079532,40.1967870721733
449,1.20936461008535,-0.567356925372787,2.94722330225532,-0.206947811910976,-2.59642012149912,2.18198443393796,-0.345082764287238,-1.89676176407807,1.17338769805606,NA,NA,-93.3342014057342,40.1773131918377
450,1.65581990688379,0.126775266734193,3.16892525055622,-0.196139054049987,-2.55266668961179,2.2145428399448,-0.416298439121279,-1.9482341127972,1.06520638695059,NA,NA,-92.1504974387415,40.1467208385896
451,1.10010379596009,-0.394155204346496,2.57528575621445,-0.565977875226659,-2.92472005854446,1.76156212922671,-0.221925556852829,-1.77901271096385,1.26518337831479,NA,NA,-90.9679923341251,40.1050265786383
452,1.63203775404514,0.267543396600104,2.92111810459878,-0.870399879446895,-3.22092818263146,1.40984150702545,-0.384907066026223,-1.93798819295617,1.04650792316644,NA,NA,-89.787043447119,40.0522523996091
453,1.30164448303903,-0.00355167419526529,2.5465418368543,-0.683035369573115,-2.94843653179815,1.57738740928103,-0.249139206544063,-1.752802738563,1.17822756212582,NA,NA,-88.6080093209986,39.9884213180666
454,0.824351840518704,-0.45646082194372,2.07753098449593,-0.488447651122127,-2.72240133502105,1.75029627784208,-0.285546916051472,-1.82422981374709,1.19977849644683,NA,NA,-87.431250321447,39.913563387544
455,-0.184307298736511,-1.40465452626123,1.04279748846426,-0.662761151230662,-2.81010454617366,1.47496189478387,0.0460030210775078,-1.46428383875551,1.55370925959699,NA,NA,-86.2571201639262,39.8277180118406
456,0.918463739353955,0.0399200466861428,1.83382014389776,-0.167663230713056,-1.92965425027086,1.5988654366545,0.168471248967541,-1.30858468957547,1.73743744513786,NA,NA,-85.0859688685511,39.7309164528084
457,1.53287681829077,0.553701111826988,2.50414915332059,-0.502596197760397,-2.53101207638531,1.50104698450215,-0.129743564206154,-1.69788449295854,1.41193095919656,NA,NA,-83.9181388324194,39.6232115518933
458,1.50001280794765,0.48340871274498,2.52035524316757,0.0705990471336056,-2.01611282771822,2.16538553133932,0.0726017250426257,-1.5170426037735,1.66482262859188,NA,NA,-82.7539664461255,39.5046515597834
459,2.00415087651851,1.07304980628298,2.92403597345752,0.295199839641041,-1.82602346817069,2.42846114969591,0.0486437246534584,-1.57391537330565,1.66138971012689,NA,NA,-81.5937793077488,39.3752901198459
460,2.38604426128381,1.11166748738216,3.60588564299887,0.286404423989334,-1.61343763117958,2.24286593033009,0.00967057599595774,-1.68180303100089,1.67039262969858,NA,NA,-80.4379043381719,39.2351846493327
461,2.74715456797289,1.5257351756648,4.05584579562041,0.161123702439618,-1.07703155765384,1.60946338742272,-0.0767400511979336,-1.75281627168195,1.50690750411469,NA,NA,-79.2866582266095,39.084399215757
462,2.1577850139445,1.66229275920347,2.69842941723162,1.9686305825165,1.16278080493297,2.81453912322335,0.500301975547366,-1.0590261622202,2.12879181446126,NA,NA,-78.1403458907661,38.9229990413948
463,2.9920047476892,2.40166330421212,3.61910479707803,-2.34945405145602,-3.78613516795203,-0.955299265719655,-0.299206305741905,-1.88856234398272,1.24215915651376,NA,NA,-76.9992644478365,38.751053696057
464,2.04599717630371,1.02404623180596,3.08112663126668,-1.40989856281251,-3.36506843844347,0.511399308059089,-0.033151518388996,-1.76340882415215,1.64048712381864,NA,NA,-75.8637108585641,38.568638201777
465,2.75584371300334,1.62189768619343,3.89879398667144,-0.837711653712753,-3.44758392340759,1.6877459855578,-0.13925008710762,-2.12245819563848,1.75548107250517,NA,NA,-74.7339714696923,38.3758256984646
466,-4.46842463781032,-8.2871681863577,-0.77272106167835,1.81608219009711,-1.79940954079061,5.47064874745818,0.668037034243851,-1.9705105564192,3.38274290021171,NA,NA,-121.963316797246,36.5227297641207
467,-4.46031254197818,-7.91522766509537,-1.14175694922672,1.78756760811154,-1.47618466126988,5.05567926681381,0.693907211800572,-1.72494778409422,3.19803378220145,NA,NA,-120.874579671004,36.7586500509818
468,-4.44316778860859,-7.7001622900959,-1.29455032275646,1.76334227175384,-1.32475242664621,4.85810446378747,0.717534318982896,-1.60763541259345,3.11626740495568,NA,NA,-119.779122344335,36.9846443508705
469,-4.41270118678246,-7.52842243188345,-1.38484127045711,1.72928093186849,-1.2523420977405,4.69240806466349,0.742977683358774,-1.50953334068742,3.07779533232802,NA,NA,-118.677173928102,37.2006086078164
470,-4.35570682898584,-7.37282746745942,-1.43842711786063,1.67671872382455,-1.20518996978553,4.56740748765255,0.767264341121082,-1.41362640963357,3.06125519000064,NA,NA,-117.568969347457,37.4064704640047
471,-4.28353330844368,-7.18726121414187,-1.45058632574122,1.63614081669869,-1.17027648707584,4.43290109218541,0.78757673194006,-1.36634619822215,3.00480246091653,NA,NA,-116.454763068425,37.602159059994
472,-4.20264099905918,-7.01985258590257,-1.46248644216245,1.61955625730705,-1.13335944467246,4.36471115318441,0.808662135089243,-1.30296370190266,2.98658221545449,NA,NA,-115.334821629858,37.7875907063225
473,-4.11101223233102,-6.86021415620541,-1.45033460452762,1.63506261107149,-1.06644980489976,4.32647296029512,0.820346210509594,-1.24965657412632,2.96304294475548,NA,NA,-114.209402997868,37.9626925335056
474,-3.97915819087246,-6.66324938011456,-1.3950194593771,1.67505321993405,-0.97407065843273,4.30435042954361,0.822594546470059,-1.19435497697815,2.92864436911008,NA,NA,-113.078793489228,38.1273911027606
475,-3.76234816817404,-6.39230640254653,-1.21172359141822,1.73474149559918,-0.852956195779499,4.32845717588093,0.813361608548467,-1.18837577759211,2.86853465779291,NA,NA,-111.943272280348,38.281622014064
476,-3.43118606610506,-6.00438105107838,-0.896052300050877,1.79710190680013,-0.740915890101457,4.35790229579203,0.78116324066944,-1.1721382145419,2.80092727214942,NA,NA,-110.803140045422,38.4253197327179
477,-3.05282398815573,-5.6186683398093,-0.516264987516016,1.90826310778693,-0.616013983266739,4.43320517578506,0.732380414587964,-1.19715525335645,2.72078396699314,NA,NA,-109.658693064788,38.558423728445
478,-2.68435999684937,-5.22410105251418,-0.18049700971887,2.0607245746962,-0.3729709041554,4.51102549297507,0.683718685904801,-1.21937624231195,2.63843383187169,NA,NA,-108.510246384219,38.6808734741312
479,-2.29123115981797,-4.71352641965036,0.103198980557561,2.22337628585156,-0.0772996054643019,4.55787284110094,0.623102666158438,-1.22921960990752,2.53069066606576,NA,NA,-107.358107471698,38.7926179451893
480,-1.8080230312986,-3.9952744366672,0.34943948321673,2.21702709227737,0.205223498670076,4.25267933229389,0.525856293076811,-1.28866302901757,2.35724386795816,NA,NA,-106.202606631269,38.8936110471824
481,-0.82247106837658,-1.85508865834907,0.173819610848048,1.17174255721868,0.277489770036363,2.075807659591,0.253987003992372,-1.54024014316022,1.99620803948917,NA,NA,-105.044072025927,38.9838054906408
482,-1.14157326632482,-3.15025271916063,0.853599781017998,1.23348144430942,-0.880856330925664,3.3598370470796,0.237291670496423,-1.56119403573996,2.0422633109619,NA,NA,-103.882833972763,39.063159676498
483,-0.626945985799447,-2.39786158572818,1.06920903759353,0.622458793034107,-1.58478380338453,2.87710670904337,0.0570891287043711,-1.73436271316765,1.84399797403431,NA,NA,-102.719230463248,39.1316384707988
484,-0.924445930609228,-2.28616977271043,0.37543561289308,0.266996872558942,-1.83094612755844,2.39440554236345,0.112334268803172,-1.63004847194068,1.86438323500991,NA,NA,-101.553605201575,39.1892102475581
485,-0.785722863906574,-2.42423735209082,0.773103655403107,-0.0288409435492043,-2.28770313772276,2.26740518104326,0.0689932538126248,-1.67923974673991,1.80132460507286,NA,NA,-100.386305270081,39.2358501161527
486,-0.671309009442665,-2.44054365154672,1.05755669908089,-0.154590747025816,-2.36468966487909,2.08074329438248,-0.00631108020627756,-1.71180092726193,1.70775768409709,NA,NA,-99.2176799101368,39.2715368784843
487,1.13296323396474,-0.659641437339173,2.92471546180188,0.676510799462539,-1.37892725602194,2.78339207943511,-0.395612837384733,-2.09970329273463,1.26154009533356,NA,NA,-98.0480803590827,39.2962534340166
488,0.729554296696873,-0.810220846643097,2.26182106874484,-0.143602969230061,-2.2266684038109,1.92267309258728,-0.317398593371051,-1.95589597828841,1.30162791914116,NA,NA,-96.8778602753395,39.3099892385922
489,1.0839326304873,-0.402291315778896,2.53235131456983,0.0410250364157815,-2.05744098682703,2.16750499063209,-0.308596898449064,-1.98410346641087,1.31619419454296,NA,NA,-95.7073739921315,39.312736656183
490,1.3629112980917,-0.0916660989637948,2.8134133655556,-0.316802479519822,-2.41687449213942,1.78247352740891,-0.522267986316204,-2.12115808296512,1.03678507440776,NA,NA,-94.536975812285,39.3044948614665
491,0.65479352594378,-0.919807831552247,2.17823762216376,-0.571013953541225,-2.8374737611372,1.68453404004595,-0.312080683679159,-1.94029780977097,1.2632346113453,NA,NA,-93.367019578954,39.2852677919423
492,1.31754174448235,-0.00352683928307113,2.62537916020012,-0.27379459066943,-2.54733367166741,1.98678545730854,-0.344373634394675,-1.98233106466223,1.20280181210415,NA,NA,-92.1978615363494,39.2550630413775
493,1.38040506386763,0.0513376747029441,2.68765909858807,-0.124070759349237,-2.40323223147317,2.1302215665583,-0.207256688969608,-1.8755586089397,1.38143930909503,NA,NA,-91.0298572592328,39.2138964848205
494,1.84267506298228,0.584195249526539,3.09533586612966,0.0733265315708961,-2.07522631880536,2.24552595795093,-0.151801608144414,-1.78617092041717,1.41692108690532,NA,NA,-89.8633544742128,39.1617860665734
495,1.1792099764685,-0.0239722743135806,2.37010403267513,-0.357692528107454,-2.63395575365012,1.95065347327666,-0.1015738049483,-1.68246719501725,1.44684138767746,NA,NA,-88.6986950427581,39.0987594942317
496,0.655033398984733,-0.514061190110321,1.81099310936435,-0.502900377812756,-2.73262323864412,1.79086877267243,-0.0971184157653586,-1.68228518620283,1.4569278663314,NA,NA,-87.5362327291951,39.0248355889654
497,1.44764126038534,0.58159587496668,2.30605297937858,-0.461883127117368,-2.71163779473,1.77315913781884,-0.166229554607787,-1.7376758448673,1.37013334858882,NA,NA,-86.3763011353176,38.9400578804009
498,1.94285524771354,1.128058280528,2.76318034615312,-0.0561977225511561,-2.23779753784662,2.1056146210058,-0.185936879826174,-1.80290352057746,1.38644482707226,NA,NA,-85.2192398083647,38.844460273732
499,1.59637178573705,0.781263708828781,2.41088088488196,-0.0604688729707344,-2.25628536973092,2.12792505013158,-0.293948626666775,-1.95078610969414,1.30826043884464,NA,NA,-84.0653801095545,38.738083711298
500,2.13011658470589,1.47323585180669,2.83336103751369,0.528104617358426,-1.66220297151592,2.71587285519798,-0.273814959728583,-1.94940015927149,1.36171474428066,NA,NA,-82.9150496017059,38.6209788255593
501,2.69918123779552,2.01687479520016,3.39183674063159,0.448446078178028,-1.60370555591599,2.51445831773439,-0.347611248583629,-2.04845559361192,1.29479261356387,NA,NA,-81.7685622955321,38.4931948041475
502,2.46191051244076,1.38501639483924,3.5384252359706,0.833838160015376,-0.552785856087309,2.25614443506018,-0.217619131029202,-1.89828815888013,1.40206277986594,NA,NA,-80.6262337606023,38.3547878664613
503,1.76478371642171,1.09385240949024,2.51055838978307,0.432640480544954,-0.603643899517726,1.51318833174806,-0.0780533409496511,-1.71304112548232,1.51279635522411,NA,NA,-79.4883728759915,38.2058182537914
504,2.12925300644119,1.77042790294691,2.50804262598256,1.62745402556902,0.731447162352648,2.55816530721017,0.195547344108382,-1.45308550685644,1.80816237439251,NA,NA,-78.3552703640717,38.0463448601077
505,2.06731649444471,1.34951217835086,2.80049858883412,-0.943257461237853,-2.77124619115649,0.878838053479996,0.186104665104166,-1.45001976630351,1.80709219579633,NA,NA,-77.2272208587285,37.87643549677
506,2.68138277722997,1.40269907017114,3.98301242568676,-1.13579184176606,-3.20502211494373,0.893384570419922,0.302119236585323,-1.41280574040095,1.98847456438596,NA,NA,-76.1045034109448,37.6961609191856
507,1.23381424233055,-0.1959824406182,2.68006354588213,-2.10538189736472,-4.83352783288599,0.51605962423893,0.0939200982637747,-1.87593158139706,2.03161581506467,NA,NA,-74.9873987742512,37.5055916781847
508,-4.4502681063632,-8.65620724619716,-0.392658105695793,1.72877665588575,-2.27433263226557,5.71136222349795,0.718114360835589,-2.12629096552954,3.66789793453266,NA,NA,-121.662638085093,35.6625308438152
509,-4.43495351864616,-7.99471250874926,-1.00196756651426,1.64680948750715,-1.72288750590527,5.00094910119385,0.763983570331494,-1.69723923525042,3.33591529179465,NA,NA,-120.58533287474,35.8959078141616
510,-4.41378787090924,-7.7594989172529,-1.18815404643135,1.60208243209157,-1.56759425698156,4.75512129244616,0.795284333548476,-1.54998925572438,3.22037980016724,NA,NA,-119.501521961124,36.1194344555924
511,-4.3971910882011,-7.58600875444452,-1.32553927495915,1.5574441332974,-1.48728941843883,4.57265509254856,0.827283254965573,-1.44721900615695,3.19506959976366,NA,NA,-118.411436232228,36.3330276026651
512,-4.37235233529131,-7.42983520237908,-1.40403691477428,1.51239687495331,-1.43132701292875,4.4295411837215,0.858557496222158,-1.35890999803409,3.17417032349591,NA,NA,-117.315303694894,36.5366063417174
513,-4.35067184826961,-7.30643615375933,-1.50603501208272,1.4906866536036,-1.34070865962993,4.31930457361295,0.888995332695016,-1.28323246462552,3.14497551628261,NA,NA,-116.2133725082,36.7300989226248
514,-4.33775150233969,-7.16481580161153,-1.60955061282919,1.51441877526218,-1.2322500146989,4.23023505304521,0.921607563409536,-1.1962036702843,3.13547495717494,NA,NA,-115.105896338569,36.9134261328976
515,-4.33773954826224,-7.07622138134561,-1.70771471890432,1.58936440937519,-1.07987977294391,4.23969878068223,0.948465903930589,-1.1282401432819,3.12637044766221,NA,NA,-113.993137669056,37.086526449283
516,-4.32678545435633,-6.96772003724768,-1.79230173562428,1.71747601231253,-0.871207004082451,4.31565480417707,0.971608140525264,-1.055619408173,3.0904792693554,NA,NA,-112.875360805283,37.2493280291278
517,-4.22879968670498,-6.81914623847255,-1.71492493916434,1.84578142811004,-0.707388569948159,4.39158227002208,0.981589272040836,-1.00693535816072,3.06976123142484,NA,NA,-111.752845455242,37.4017670620493
518,-3.90705834107889,-6.48863176304985,-1.3795459553301,1.89951408843308,-0.64483398621042,4.42306579406535,0.948510174453082,-1.01056538426916,2.99437962409897,NA,NA,-110.62587640612,37.5437825048112
519,-3.55043894813759,-6.12104686575369,-1.03285665675091,1.9369997116144,-0.569945970463215,4.44807078173334,0.88391440410944,-1.05313861823214,2.90431775105474,NA,NA,-109.49474479043,37.6753176673013
520,-3.23187219168415,-5.77200445578451,-0.752108423688059,1.99208807383612,-0.459442726852989,4.45806934910428,0.807254294734209,-1.1008099231254,2.78881789550206,NA,NA,-108.359753418836,37.7963175306898
521,-2.99788649912853,-5.43289606895858,-0.592743679000658,2.09658824329303,-0.21062195079868,4.43443623441544,0.73891506217054,-1.11955350815024,2.65585412885538,NA,NA,-107.221201750999,37.906729199834
522,-2.99683282175596,-5.13345002130986,-0.900961174641819,2.26470074354271,0.514883749034008,4.13928221235345,0.733172047084424,-1.03024301925038,2.55291631150106,NA,NA,-106.079403702253,38.0065108227328
523,-2.96359230217434,-4.11355111326553,-1.89312208015748,1.2969915316465,-0.500253242111035,3.3103430250396,0.496317740134586,-1.34229164870268,2.32322008951075,NA,NA,-104.934684147493,38.0956200471449
524,-2.51101299786184,-4.31025952965326,-0.778254079465695,0.826891174365496,-1.33117582815323,2.97009110223154,0.361862768536,-1.43574997942149,2.19119987820577,NA,NA,-103.78735330854,38.1740155516912
525,-1.78891684164673,-3.70312772562629,0.0307311274881266,0.385777699690315,-1.85590806556956,2.6444621875476,0.198746012494102,-1.61959094068317,2.02130620223829,NA,NA,-102.637745435024,38.2416599587625
526,-0.860347271939959,-2.82837709566124,1.10354648866182,0.215847227821855,-2.05930489502969,2.53304539812397,0.0634262392162394,-1.73561470536114,1.82747301572818,NA,NA,-101.486185949486,38.2985307288224
527,-0.488944503608098,-2.09536259884475,1.04244658929597,-0.0497476432523439,-2.23138117299203,2.15457429139867,0.0114862468075321,-1.7873604224213,1.75496075061234,NA,NA,-100.333011826432,38.3446012177633
528,0.489396232926162,-1.30939274694885,2.24471581044119,0.229325503665994,-1.78144473261948,2.31004359492462,-0.164502372539896,-1.9246996568044,1.5770003989299,NA,NA,-99.1785602223057,38.379851189393
529,0.785639798035873,-0.948965187237261,2.49506351957419,0.20860505115724,-1.69674109212376,2.1931767732015,-0.232111860526669,-1.9683338525106,1.47143957419631,NA,NA,-98.0231689990501,38.4042651351409
530,0.320895957972495,-1.43986506604611,2.06254720785512,-0.331136529341439,-2.4267128533771,1.79689936902612,-0.109453970715624,-1.78791269401016,1.55401592315938,NA,NA,-96.8671796584544,38.4178319140735
531,0.615717310335276,-1.00005433942992,2.21652440763885,-0.264218197371491,-2.40206454239882,1.89054412157457,-0.177908429505902,-1.82814888053327,1.47991434858086,NA,NA,-95.7109328012382,38.4205468639626
532,1.22795693298053,-0.251054183201717,2.69532679375243,-0.0234848795640137,-2.14158990057319,2.12106657311414,-0.343203076594551,-2.01449233227439,1.28599167275052,NA,NA,-94.5547730329334,38.4124052219911
533,1.68256068159093,0.358292371139505,3.00375849058608,0.230843318814884,-1.9494039976884,2.42639995577086,-0.538009126133434,-2.25112142747723,1.0777377226168,NA,NA,-93.3990396329599,38.3934131075646
534,1.58844334382591,0.367831719194532,2.78289386862944,0.489378796874245,-1.72714656633464,2.69863655556606,-0.268421226307747,-1.95767785186152,1.33309135756765,NA,NA,-92.2440747815653,38.363578337748
535,1.73580755421391,0.620342128866783,2.82787274972496,0.568563401390314,-1.69430874083996,2.83765361138852,-0.189657384216961,-1.89975539338185,1.43506384984662,NA,NA,-91.0902207445828,38.3229155180324
536,2.14046743528116,0.872428261768425,3.39477759350294,0.152690555227553,-2.08681928068905,2.40347905037976,-0.00126815715847836,-1.66297471438447,1.62378239194765,NA,NA,-89.937814287283,38.2714405142085
537,2.38529508807786,1.12906944261693,3.63880485149165,-0.0116384430172777,-2.19649791059145,2.19314525717792,-0.199875754137943,-1.88619119882906,1.42541551377974,NA,NA,-88.7871865883385,38.2091795679962
538,0.955132934049348,-0.260931183754721,2.14741622526313,-0.708087127267682,-2.88557580967355,1.46927212614452,-0.0787948041109103,-1.73873364947223,1.57825807983598,NA,NA,-87.6386757528329,38.1361525051646
539,1.26712452240703,0.334480063723429,2.17753424110094,-0.835301154565833,-3.08624669066002,1.39373052788352,-0.203516063827843,-1.87680826871507,1.42220130345027,NA,NA,-86.4926073540341,38.0523977996748
540,1.58871396047503,0.843587731840165,2.32994962142898,-0.0519653713869035,-2.27777462754383,2.17774956605753,-0.235173832261712,-1.91861309577474,1.41629738550936,NA,NA,-85.3493065114026,37.9579486932014
541,0.592996783794798,0.106294455093476,1.06378295008034,0.15614381710662,-1.96357823706841,2.33430244885076,-0.352122296097075,-2.06962235530596,1.28724428807672,NA,NA,-84.2090954411049,37.8528455052283
542,0.560403574083489,0.128579061449342,0.993664705754427,1.16645976796503,-0.978801505692423,3.3824524038993,-0.634394753155586,-2.37954081475169,1.00182203732981,NA,NA,-83.0722855019255,37.737133194436
543,2.25257970062987,1.43035520070533,3.08236209855898,0.797985318942894,-1.04327970881544,2.69492271096489,-0.804179865963915,-2.5488804523443,0.827441881185483,NA,NA,-81.9391860941472,37.6108595901945
544,1.78526832354511,0.655191342537539,2.86038246752876,0.00389167572274473,-1.54065985794219,1.47886565108485,-0.773886791027112,-2.50699996596789,0.832376190038705,NA,NA,-80.8100992716109,37.474078655353
545,2.26643727354078,1.79755708972331,2.75320325638565,0.587184735702273,-1.23294100063307,2.31414392855896,-0.218578240101634,-1.90397054049298,1.36522555751997,NA,NA,-79.6853184209332,37.3268448504166
546,1.24650775382449,0.508513525623834,1.99798257869595,-0.0889924154230358,-2.04261025510947,1.83306693343652,-0.0832812724847866,-1.73157484218055,1.50471546635959,NA,NA,-78.5651377299824,37.1692169128821
547,2.19566413101902,1.10273848356483,3.289062597776,-1.04680643726093,-3.01201216310219,0.910309663483013,0.124183727533609,-1.51713625129515,1.70390785154223,NA,NA,-77.4498330833081,37.0012570112371
548,2.3256038537177,0.890267729527386,3.7456549975733,-2.1497781398416,-4.37660166725137,0.0422282968529535,0.190625514575351,-1.4772715296207,1.82024962533197,NA,NA,-76.3396773005736,36.8230338616193
549,2.00371364983301,-0.391566756720347,4.37754658448489,-2.64422445892896,-5.57634244577342,0.179479926658847,0.576983230906728,-1.36682216904295,2.53484844483738,NA,NA,-75.2349523677552,36.6346159610231
550,-4.3982678891173,-8.14092580363263,-0.734353332116699,1.47431199950238,-2.12258232805924,5.04786635428781,0.852930657687183,-1.73875929517768,3.56220360464068,NA,NA,-120.302590776607,35.0319080612148
551,-4.39080252445209,-7.82299830295983,-1.0596444270865,1.43447694507373,-1.85651479265205,4.68357210985881,0.875757289189046,-1.52353274473226,3.38322922042637,NA,NA,-119.230199494328,35.253077098854
552,-4.39231758509794,-7.62556637636267,-1.23637980950032,1.38409217924643,-1.75493512451738,4.47706998237903,0.915295108980275,-1.40328351829375,3.32687170564075,NA,NA,-118.151738936509,35.4643909262371
553,-4.38898712125287,-7.49294727311351,-1.35836604108831,1.33103256696129,-1.64709567313032,4.29212546506802,0.959746917697216,-1.2961957977187,3.29110906692964,NA,NA,-117.067438641068,35.6657758068516
554,-4.40571309841076,-7.36494218262999,-1.52462869419635,1.30731444151251,-1.52662613229042,4.14839859542173,0.999327023746765,-1.2008172012241,3.2916655219249,NA,NA,-115.9775300731,35.8571589949447
555,-4.45829894489481,-7.26158434646969,-1.74005242479781,1.3470829711826,-1.37575693416643,4.04601296535693,1.03666303959183,-1.10097019204467,3.29203924877755,NA,NA,-114.882266614617,36.0384807480857
556,-4.57478069911632,-7.24163398274995,-2.01134376769177,1.49249400377485,-1.0986064208651,4.07918018648782,1.07923826943658,-1.00240540683179,3.26661798928772,NA,NA,-113.781889418405,36.209661329931
557,-4.76240883165302,-7.24972174409988,-2.37676723422234,1.75774814072568,-0.69234053360339,4.22700591739611,1.12703753317597,-0.891414468769405,3.27952258138281,NA,NA,-112.676670132679,36.3706439340947
558,-4.91833222528098,-7.33321272407119,-2.58967537134861,2.03705814451244,-0.360423447825593,4.44833916181163,1.18422800843282,-0.799159678719335,3.29890205518034,NA,NA,-111.566874236892,36.5213650906732
559,-4.42967337320753,-6.91575608288204,-2.0040691346181,2.02883860500296,-0.427123699733986,4.49360102226048,1.13645201917598,-0.826317435082419,3.20896947966722,NA,NA,-110.452777127526,36.6617694629001
560,-4.00689393213239,-6.53067800052903,-1.54039211129881,1.94202891586941,-0.538748982550029,4.42582643522306,1.0370079251175,-0.892535773158843,3.06899057360386,NA,NA,-109.33466178757,36.7918036274834
561,-3.69405334936319,-6.2119410680986,-1.22048488867198,1.88515941374009,-0.555988476678025,4.35469537021271,0.919916571211228,-0.980192517022471,2.91176043893751,NA,NA,-108.212816832847,36.9114129398742
562,-3.47167009830946,-5.91946018092975,-1.06734565044752,1.89369587747926,-0.448773080648716,4.27437983753321,0.801309787259074,-1.07088839326325,2.74013268821335,NA,NA,-107.087542286182,37.0205493451879
563,-3.33669748946856,-5.6362512482702,-1.09155528301582,1.89549525633368,-0.26728608269214,4.10337095551198,0.688448071643265,-1.15380700922221,2.58656291217079,NA,NA,-105.959132755568,37.119170536019
564,-3.11756906971411,-5.12318250523389,-1.21179763115048,1.4929768590824,-0.593429104281744,3.64190962470161,0.502762814287406,-1.34613296965232,2.36061123642522,NA,NA,-104.827902891441,37.2072367968329
565,-2.88568370490276,-4.94147103849763,-0.858207045437256,0.916879901661499,-1.2916452454431,3.15363129566878,0.345412767647715,-1.48096215761594,2.20665906329258,NA,NA,-103.694155486083,37.2847171399654
566,-2.25073379843411,-3.92757794407358,-0.6896077536277,0.256040703593313,-2.02946837944676,2.53510518356982,0.170261131958765,-1.64674808717305,1.99468680533197,NA,NA,-102.558210832804,37.3515676833009
567,-0.728996577359021,-2.57423276024671,1.05681331347882,0.0776730515031737,-2.11148879315895,2.28076328659455,0.002529609680506,-1.80278090395899,1.77310097177753,NA,NA,-101.420382928987,37.4077669518579
568,-0.107709536014329,-1.84299481937212,1.58255779900177,-0.260307621073589,-2.33935101222733,1.81987410170887,-0.02500956290168,-1.83847072990808,1.74959896097715,NA,NA,-100.280996301427,37.4532960064895
569,1.03393472869872,-0.831989503885287,2.90644765608088,-0.054143918056065,-1.99267813339265,1.91814546684265,-0.217318884074103,-2.00792676890817,1.51040466766385,NA,NA,-99.1403803655908,37.488127794232
570,1.53060012820848,-0.279408938479093,3.34274501214354,0.269314891083567,-1.56081526404816,2.1285227315195,-0.294736158705663,-2.06493556282414,1.41383596536641,NA,NA,-97.9988566265981,37.5122514357631
571,1.28056764197712,-0.450877201985025,3.02633452555333,0.4111302541312,-1.47831281329403,2.31382758342883,-0.0914840039927578,-1.76982066481907,1.55428701455728,NA,NA,-96.856758037379,37.5256561411825
572,1.00851807674398,-0.590364996494287,2.61968270713725,-0.162182635720475,-2.17631761312527,1.82718930397855,-0.201966102762741,-1.89594043831252,1.47564908198313,NA,NA,-95.7144128201398,37.5283384001339
573,1.26506984411425,-0.194680058525444,2.71146013541456,-0.253849609137462,-2.14620862303647,1.66233816170263,-0.366441341134029,-2.07777910558886,1.32112985667679,NA,NA,-94.5721440592926,37.5202937895389
574,1.25538938641045,0.103222378296991,2.41492063649375,0.0699281953744116,-2.07951723783568,2.2240719991367,-0.515732473375791,-2.2520069854682,1.13698964448713,NA,NA,-93.4302899326995,37.5015272369665
575,0.981130110824493,-0.156371257147724,2.10848319582941,0.12067458341587,-2.16399343725196,2.43473801061977,-0.264396854333501,-1.97982609335656,1.38530894983112,NA,NA,-92.2891787158639,37.472046992223
576,-0.129479104002414,-1.32163183092201,1.02571547381805,-0.473419687676468,-2.76303271035491,1.82437770086587,0.00710641868865328,-1.71109124015667,1.69791774115322,NA,NA,-91.1491373682446,37.431866867467
577,1.01256436709169,-0.266294807057479,2.2688978627607,-0.402524631965927,-2.47568497708062,1.73263185431496,0.0620969749948418,-1.66783242662203,1.74605075322097,NA,NA,-90.0104907932009,37.3809994378495
578,1.848768273887,0.59932481798494,3.11102399156676,-0.701839864914775,-2.79925308237483,1.41996651309866,-0.156752047796782,-1.90361252186389,1.54498083185837,NA,NA,-88.8735629644813,37.3194699063328
579,1.74058171590046,0.47456167561479,3.01704769574322,-1.03902400286817,-3.07613572516681,1.02043035720915,-0.162140997851077,-1.8734976454132,1.52584754031975,NA,NA,-87.7386760931953,37.2473004911942
580,2.48004386524466,1.57293867605265,3.39276575095707,-1.4686128532802,-3.66971186180588,0.709476424299844,-0.347297664355557,-2.06053516995658,1.30083093206122,NA,NA,-86.6061456296575,37.164524450563
581,2.26041546650378,1.41561447967675,3.09951772200818,-0.0402133574340175,-2.1831317749701,2.12181121263044,-0.202349882186001,-1.91735444246247,1.46123306636705,NA,NA,-85.4762862507707,37.0711745439806
582,1.66028092021015,0.916595849925069,2.3978744817947,0.380130414083751,-1.69809003750069,2.45751511905007,-0.471148535465486,-2.18234718057877,1.14537541221951,NA,NA,-84.3494084272059,36.9672917375404
583,1.47284138612539,1.019099152943,1.95578353004023,1.75216898746057,0.155289812948369,3.41430018123006,-0.872447613047878,-2.56209513861818,0.70024078562763,NA,NA,-83.2258116661339,36.8529122762995
584,1.82997586953927,1.25499217560254,2.40070603008746,1.24331896051489,0.469741128271157,2.02054212435968,-1.24145588792012,-2.96431071812788,0.379831823102081,NA,NA,-82.1057962855944,36.7280855142713
585,1.43115878014302,1.0731142655621,1.8324110621204,0.553481716898923,-0.0920834174396759,1.2219791630241,-0.761489359954493,-2.39704395853485,0.788903298262391,NA,NA,-80.9896553568726,36.5928588630763
586,1.32405761015813,0.788173080825849,1.92234311954589,-0.0647672087805623,-1.35249664947273,1.17415284646303,-0.452548177507541,-2.03027625700345,1.0559974180584,NA,NA,-79.8776732937981,36.4472883764282
587,2.17717607083312,1.15708938028051,3.1167090870216,-0.970373302435349,-2.61525173372197,0.796387897953935,-0.359572738942629,-1.96723583535493,1.09501608984688,NA,NA,-78.7701306682196,36.2914295214887
588,1.99167513981231,0.61608577789171,3.3926532962326,-1.30711001178953,-3.32418354220852,0.597967100218607,0.18004187368356,-1.37594788665297,1.70089018571256,NA,NA,-77.6673005161407,36.1253403081565
589,2.29875087149249,0.532307199920779,4.13166550847309,-2.30741703670366,-4.83218072999743,0.0268860872643408,0.874455200229814,-0.700032106693667,2.49215356069453,NA,NA,-76.569445967277,35.9490790398563
590,2.44961991944325,0.343636397430125,4.50676474048791,-3.68447991108487,-6.61358166518749,-1.01793086046427,1.45095709060767,-0.378411110852042,3.43768535088092,NA,NA,-75.4768283533307,35.7627187035339
591,-4.36753380208655,-8.31705240663353,-0.509593919326535,1.33338476773237,-2.4832997674339,5.10488124456694,0.921217333779728,-1.78822642306905,3.76878685000921,NA,NA,-120.02613654133,34.1664962429658
592,-4.36967142556747,-7.95390253714322,-0.896614789781683,1.27570171331103,-2.15759944056087,4.66329222892423,0.952338360728057,-1.53120032207824,3.56671629921653,NA,NA,-118.964949047009,34.3854061396851
593,-4.37605763939342,-7.73852474900775,-1.15129921093992,1.20104809222387,-1.99324220891503,4.39346406700799,0.997347115911767,-1.37098731765868,3.46758755974216,NA,NA,-117.897888054186,34.5945337015146
594,-4.39122887492979,-7.54990350352693,-1.34768998111344,1.12245250981008,-1.90731394850048,4.13292391841665,1.05371378075536,-1.24205333207016,3.45152158130697,NA,NA,-116.825177471489,34.7938141247035
595,-4.43124973651218,-7.41203535064897,-1.54082212469687,1.06531082961659,-1.81850812832532,3.93563893052486,1.10753644584432,-1.11881317126176,3.44957244404021,NA,NA,-115.747047988938,34.9831808868647
596,-4.53222541366264,-7.31506778945462,-1.85178246197376,1.07689194046478,-1.64220137315026,3.76989710986344,1.15746318612123,-0.982836019436456,3.42206515813045,NA,NA,-114.663736271027,35.1625657203732
597,-4.74938386677725,-7.28464472988988,-2.32227982436647,1.26847155681468,-1.23870329297037,3.75667115649737,1.20186465334662,-0.877385701703873,3.41893130421473,NA,NA,-113.575486327155,35.3319114580904
598,-5.23398256365196,-7.18560034613184,-3.40059433488597,1.79589720652017,-0.232209023912099,3.93612384923301,1.2760028462635,-0.732001525653964,3.42827062803797,NA,NA,-112.482556777768,35.4911508855669
599,-6.27403210997523,-8.00305231225346,-4.71532452337866,2.51593635245747,0.690190547851068,4.4950800798615,1.48977737849574,-0.481872404161344,3.65406580053845,NA,NA,-111.385204137064,35.6402291144279
600,-4.90092739467848,-7.23684276502161,-2.6201254428053,2.23144554938715,-0.0848244685365684,4.57497937130476,1.38775571753333,-0.568970979486737,3.51047403872352,NA,NA,-110.283695559501,35.7790906685353
601,-4.35575029931777,-6.81573548549677,-1.94165119084181,1.91690447078595,-0.498329098526275,4.33570219943635,1.22161957299589,-0.701387406366477,3.30341041339185,NA,NA,-109.178307857342,35.9076846356341
602,-4.068810010587,-6.53976170854336,-1.65247812180021,1.71651815150947,-0.692541212663576,4.13041581696469,1.0342617601631,-0.869717809092676,3.07662909675311,NA,NA,-108.069316837298,36.0259633119086
603,-3.87011011428621,-6.28348223255464,-1.50433969332362,1.68767809775327,-0.584527059717493,3.99742219346974,0.858910348060632,-1.02213846360075,2.83201901173156,NA,NA,-106.957014864548,36.133879337387
604,-3.7709292852801,-5.96089559607823,-1.65148700238266,1.92353130873258,0.313234691622917,3.72725369701079,0.719635150461842,-1.12383953963507,2.63628268471186,NA,NA,-105.841689149214,36.2313911468949
605,-3.43606669152416,-5.17339023561797,-1.7616160883885,1.91876962694279,0.391525620963644,3.62604435868496,0.500668160337374,-1.32909567026149,2.36504495816199,NA,NA,-104.723636010913,36.3184629216187
606,-3.66584433714134,-5.38027865452007,-2.04208487241439,1.08427992020815,-0.868626014098061,3.10917386260207,0.347226915969599,-1.48413913900842,2.19432935841434,NA,NA,-103.603156184361,36.3950594861517
607,-2.96489322388763,-4.57854687734,-1.45897080879796,-0.229997727770529,-2.42297026802109,1.96561890114595,0.0898565328712975,-1.7429715931004,1.90704051916898,NA,NA,-102.480554240713,36.4611501488424
608,-0.978890345152761,-2.87628979107567,0.881579668344997,-0.672418183432973,-2.83562406934596,1.48413803517959,-0.112679298897432,-1.95648749056762,1.68486952783438,NA,NA,-101.356139402595,36.5167115383577
609,1.03902131591927,-0.823743855986404,2.87932287522054,-0.190287043537575,-2.18598090347915,1.81941659960917,-0.183251043809225,-1.98089033285699,1.57866360347124,NA,NA,-100.230217342821,36.5617170529393
610,1.24078160026447,-0.530099321686061,3.08475864929375,-1.07353673440054,-2.82391583328018,0.617859879630451,-0.237674309462212,-2.0455814702275,1.5188037480139,NA,NA,-99.1031081466468,36.5961508838878
611,1.63563243167602,-0.309397400568689,3.59503170126313,-0.352382344583278,-2.01458678828744,1.29887825791527,-0.30993618578916,-2.0790718548262,1.42815840302436,NA,NA,-97.97512382986,36.6199978976237
612,1.27681161417001,-0.522130282027488,3.08033286948069,-0.226000652272941,-1.96594693294577,1.49284960250126,-0.1643380005766,-1.90313396840667,1.52185900023976,NA,NA,-96.8465832366941,36.6332474968347
613,1.60711668401063,-0.0442741332255135,3.28749457053962,0.235829938147321,-1.47798692303851,1.93029336533037,-0.134319084473779,-1.80554694634832,1.53302807556585,NA,NA,-95.7178054313627,36.6358950864565
614,1.59020794229855,0.429484324776694,2.75972718379797,-0.0877789911005215,-1.92792871903815,1.71112096535498,-0.392924770357144,-2.07824226730456,1.24291743690986,NA,NA,-94.5890993693622,36.6279457447866
615,0.868179568918193,-0.0221785492426823,1.72125452658604,0.0351916047903203,-1.84636821470849,1.99693798909289,-0.775668971674282,-2.40181685960408,0.760699378669914,NA,NA,-93.4607988549087,36.6093969291428
616,1.56282457803719,0.363670179304493,2.7483845254482,0.301232605292904,-1.80654357048466,2.44012693208353,-0.218091484798674,-1.90069278315626,1.40343212506975,NA,NA,-92.3332113962127,36.5802555949369
617,1.34558238907098,0.0231286572106879,2.64859973290318,-0.335563125525685,-2.41018705875114,1.70800253384264,-0.0920186715039775,-1.81259781209357,1.60510852567562,NA,NA,-91.2066571253456,36.5405345975734
618,1.75871952582882,0.141054479432595,3.35077521546026,-0.444306580610378,-2.35583409419263,1.49762246374593,0.0654507658294304,-1.6546008138564,1.7796942564739,NA,NA,-90.0814490964747,36.490251352068
619,1.52682367634909,0.202101699844186,2.85516009289637,-1.17747141006456,-3.21569173912087,0.830689683398765,-0.0747522430669301,-1.7873430738094,1.59564201697004,NA,NA,-88.9579002873176,36.4294205043187
620,1.76126359128272,0.567218309409486,2.96473374362572,-1.07229859072486,-3.17362139598221,1.02520617266919,0.0218721102202418,-1.68354010541975,1.71052666695126,NA,NA,-87.8363208121425,36.3580733327893
621,2.55970429273622,1.52041260268394,3.60302388934314,-0.266086461261423,-2.26309635066907,1.76706052750399,0.192381592323893,-1.43820717894568,1.86070283663185,NA,NA,-86.7170145279256,36.2762347558494
622,1.81675005188785,1.12379691908865,2.53730783541665,0.595470790062666,-1.22106442208288,2.43794980211539,0.0632755854888502,-1.58020831075105,1.71711856360088,NA,NA,-85.600287763351,36.1839370134053
623,0.885103872242863,0.568437452012554,1.20976275892573,-0.839076835566477,-1.97598774479359,0.232191463274048,-0.540032672413809,-2.20655201474235,1.03031004985884,NA,NA,-84.4864366967876,36.081218143254
624,1.79954062336371,1.28889443682476,2.30898177652077,1.62079618105772,0.967185678674985,2.28322902480485,-0.808224601381334,-2.43897147551453,0.730331303276827,NA,NA,-83.3757543007893,35.9681156892377
625,1.24740088786209,0.719218800969725,1.78136738130021,1.01310675990069,0.264720359872974,1.76047623930892,-1.85106197493912,-3.50359313078687,-0.258691731181283,NA,NA,-82.2685305541749,35.8446742725125
626,0.768676446087235,0.357280985307357,1.19722277508801,0.982459638483252,0.240352096246912,1.74669188574701,-0.762765473858703,-2.33795050453012,0.694812697943525,NA,NA,-81.1650469273391,35.7109377876521
627,2.18043028814425,1.10644217390699,3.28768396285461,-0.142405068101308,-1.79072249935312,1.54029315361817,-0.631643561884535,-2.21243047366861,0.844391033361105,NA,NA,-80.0655817732434,35.5669609294259
628,3.13025017621052,2.35207040908455,3.93889363266372,-2.01987826236078,-3.51395759097329,-0.530877753213641,-0.915923037886747,-2.49814637733,0.500419156242374,NA,NA,-78.9704081276645,35.412796109555
629,2.71748323901807,1.15363624692164,4.1989314770195,-1.67322495284426,-3.59782481457237,0.324666428456011,-0.443227894938385,-1.9310256921421,0.89347217097541,NA,NA,-77.8797851380037,35.2484958376365
630,2.62413065047776,0.64216808695452,4.61324786928636,-2.35212408866853,-4.79200869335808,0.0368518052491849,0.390025918791181,-1.25235580836744,1.99475248679707,NA,NA,-76.7939731044321,35.0741222988729
631,4.49481449059092,2.01870280302781,6.97857812080048,-2.24785476781939,-5.56800369210145,0.803555060220958,1.82085784014592,-0.244983130325797,4.0615588502257,NA,NA,-75.7132230142061,34.8897383052878
632,-4.35775034635161,-8.64838179274458,-0.130085878291113,1.24063408760607,-2.97580765987957,5.40462631655799,0.966132184857038,-1.9836614677664,4.03814934660733,NA,NA,-119.755767711857,33.2995266771737
633,-4.35051116619488,-8.07970919324004,-0.699638053084133,1.1398976979046,-2.4621517906776,4.71433056663353,1.01420036078283,-1.59063805456809,3.73147338476748,NA,NA,-118.705572132918,33.516262079008
634,-4.35064965972727,-7.83772192115591,-0.977416975261438,1.02658072861983,-2.33112974698952,4.3522293724586,1.06842246607228,-1.37866725612618,3.63198931089157,NA,NA,-117.649689716217,33.7232936288822
635,-4.360909588708,-7.61011752871594,-1.23020783376431,0.880752362724964,-2.26128286764883,3.99034835469546,1.14518483980512,-1.18873260143052,3.61902556952429,NA,NA,-116.588339544561,33.9205553561383
636,-4.39159251302426,-7.41701906329737,-1.45917705155144,0.740711283383887,-2.18835510885333,3.65982427224032,1.22255688553008,-1.02334797605225,3.61197606668604,NA,NA,-115.521748159785,34.1079848738004
637,-4.47624985479004,-7.25414165972446,-1.76370215648524,0.63638712057701,-2.0861148240129,3.335342203631,1.2827408619488,-0.878386239371021,3.59493306586322,NA,NA,-114.4501433785,34.2855219466443
638,-4.65812889385102,-7.12642280774011,-2.26912415668544,0.692367804204585,-1.78697867572802,3.11752750501911,1.29747206442901,-0.783008137935694,3.50552075687498,NA,NA,-113.373766698282,34.4531033661059
639,-4.8806749775508,-6.49486329901951,-3.41667344555609,1.32576683182953,-0.700744054425263,3.08477874348896,1.24947967764485,-0.698221983944892,3.30274404532991,NA,NA,-112.292865879915,34.6106732761876
640,-4.28428164208828,-5.85642068512898,-2.85069394422748,4.14205115878398,2.39175278536153,5.79116554897439,2.05968696385423,0.139350585569386,4.26330182173879,NA,NA,-111.207687031943,34.7581768218737
641,-4.55718622937238,-6.82613183973923,-2.3767234624373,2.46681257920619,0.266801684864961,4.67692597360659,1.70627352572126,-0.237191653024966,3.88058767103722,NA,NA,-110.118495266948,34.8955608956508
642,-4.43831003134718,-6.83860974001011,-2.09435236585084,1.76527686033875,-0.522834746718846,4.07816054721469,1.42757135458711,-0.502605152557964,3.55225098659455,NA,NA,-109.025554704559,35.0227765030052
643,-4.3409541594565,-6.77537870545322,-1.96230810844298,1.36802486315682,-0.97612953666262,3.72042604417785,1.13811082579017,-0.765665574499283,3.21218882511417,NA,NA,-107.929135090049,35.1397781586986
644,-4.16119424365959,-6.5399576871004,-1.84074334678258,1.22147775929454,-1.07907086915923,3.50768899960548,0.883788036920678,-1.00531485129174,2.87556307731672,NA,NA,-106.829513440832,35.2465236306665
645,-3.85455328956139,-5.89654131159383,-1.94363833691319,1.01078643520543,-0.832913642529838,2.94878624816144,0.645554782542211,-1.22655704225361,2.57228543928848,NA,NA,-105.726972594357,35.3429738755778
646,-3.77270656070415,-5.6931697778072,-1.96699673792933,1.21859574387394,-0.748049633405378,3.27481870998688,0.456641409179942,-1.41270844674628,2.37174999147304,NA,NA,-104.621798300476,35.429092902366
647,-3.17365706327002,-5.21158435606289,-1.17773138641167,0.118691222660345,-2.07745635171675,2.31158491589509,0.178656152891224,-1.6901045543334,2.0613279115705,NA,NA,-103.514280052647,35.5048478297149
648,-1.96770960463285,-3.59741503803976,-0.408798515798865,-0.990120051468971,-3.0905757774742,1.07118539030681,-0.0862695888980636,-1.94390408413421,1.74073872959733,NA,NA,-102.404712979181,35.5702117788851
649,-0.31263532549602,-1.94368361754963,1.30027724695199,-1.71543614932259,-3.74855853349472,0.2588525452457,-0.363594344196624,-2.21151922611372,1.41930936048302,NA,NA,-101.293394757491,35.625156518245
650,1.61343547240404,0.0311074019163267,3.24507506307403,-0.632824738817696,-2.35888879829907,1.05119335975485,-0.329458668147731,-2.16632531302848,1.41496091826222,NA,NA,-100.18062547812,35.669663486866
651,1.82972700766035,0.0219287875168803,3.69430046799604,-1.32477438476591,-3.05548002672874,0.339632170893471,-0.469178614615484,-2.27410567780945,1.24718105103697,NA,NA,-99.0667079701669,35.7037145552923
652,2.30941661422772,0.42601423402739,4.2276764238931,-0.490197652448632,-2.13905741715451,1.14446105737002,-0.317499893034686,-2.09273184386087,1.37134120475695,NA,NA,-97.9519459884714,35.7272963047346
653,2.03015480880576,0.199422333171694,3.96219004376451,-0.595878948072721,-2.37706443748782,1.09608576852729,-0.287721205560803,-2.03057573208023,1.41595447908464,NA,NA,-96.8366480045183,35.7403992996318
654,1.5006104939544,-0.163221676533997,3.24593352324792,-1.00929966276634,-2.70397932217447,0.5748033863449,-0.297333817379318,-2.04013208052478,1.38825166531323,NA,NA,-95.7211160345087,35.7430163204157
655,1.83789771512371,0.903682945964866,2.79621840545361,-1.73072143153354,-3.24635297137817,-0.249686073469529,-0.622574637146533,-2.39926734608952,1.04542248409333,NA,NA,-94.6056610064898,35.7351583636162
656,1.30714570858068,0.387487908881843,2.24713059956422,-0.56193211268165,-1.83578145583855,0.694864843226032,-0.382388354023068,-2.08717956409016,1.27673027118198,NA,NA,-93.4905895765965,35.7168133598825
657,0.848825293625528,-0.487582788294176,2.1512798886986,-0.358761447163839,-2.27523401550417,1.54592257461999,-0.087006042824924,-1.78338295503581,1.58013351918672,NA,NA,-92.3762127222775,35.6879946515624
658,1.34093423560425,-0.28812063568204,2.96781962566122,-0.760643177651294,-2.6196164185193,1.09092827376658,-0.0383244008953999,-1.75543841035481,1.66858757959425,NA,NA,-91.2628300138707,35.6487141854069
659,1.66867828040959,-0.0181154383615691,3.41946620681816,-1.04411777252984,-2.91157937923936,0.741609766293712,0.205192757687262,-1.4951560782927,1.94393869992459,NA,NA,-90.1507477421055,35.5989898372738
660,2.2946238211223,0.837644661283867,3.80921580282729,-0.959882184684582,-3.01509336282218,1.01225828060734,0.0709286726532873,-1.64162431553556,1.77030388590703,NA,NA,-89.0402678671287,35.5388307555967
661,2.03902608633826,0.812125112272081,3.28006911738301,-0.967393757629649,-3.16242616937682,1.1519199231071,0.267806916008591,-1.40621062588087,1.96195257814053,NA,NA,-87.9316871575939,35.4682688985767
662,2.68507487721665,1.66415741596594,3.72043626229583,-0.335755926188313,-2.43642554862983,1.71458405946369,0.675649314726127,-0.938822632530674,2.39259680304294,NA,NA,-86.8253040844332,35.3873275624262
663,1.19466248473666,0.780275484698539,1.67055371338356,0.912462074951546,-0.839345108027214,2.63954216752337,0.724431660018196,-0.810482092820117,2.35202332283915,NA,NA,-85.7214097162494,35.2960391411054
664,1.60703649731027,0.889324573448028,2.32630194658177,-0.450772417210963,-1.88214900975575,1.02252636228668,0.0849063182130412,-1.48808458752181,1.67880850524262,NA,NA,-84.6202929301209,35.1944357417502
665,0.595667162192108,-0.074160039106879,1.28602356097567,0.399839820838618,-0.338180511465511,1.14115883138176,-0.657917559483046,-2.17256206185119,0.792297530723161,NA,NA,-83.5222368547706,35.0825561825678
666,0.873051920355577,0.303123373995421,1.50031174651257,1.11001152063353,0.451087807997443,1.82099514860528,-0.930448113141079,-2.56042169464952,0.538625509246322,NA,NA,-82.4275225235468,34.9604413945872
667,1.10371342344653,0.0265746787190706,2.21379116061652,0.674446536948135,-0.966051727249654,2.3767673877859,-0.650462819496019,-2.23676708890638,0.842441355742985,NA,NA,-81.3364211947235,34.8281313360714
668,1.8705153444536,0.415062899108958,3.27915548474238,-0.43993521395977,-2.05552559700824,1.27557550603821,-0.705595058866657,-2.32150768634444,0.750839995085146,NA,NA,-80.2492034789188,34.6856809849614
669,2.0612358816579,0.505997798226507,3.69566931241571,-1.46336777371229,-3.35229351266265,0.289583017613569,-0.932233769307031,-2.56346568160749,0.566433376602792,NA,NA,-79.166132768045,34.533139454012
670,2.68915918292515,1.01452722135282,4.43295714927583,-1.92653595158629,-3.9974073805346,0.108542264323696,-0.341601276972234,-2.02195350883057,1.14850958776892,NA,NA,-78.0874581116755,34.3705582313875
671,4.08405279782106,1.68363752663736,6.47800057819749,-0.780796199866955,-3.40519772651467,1.91249089880332,0.585128250156468,-1.43514169198726,2.62957158597679,NA,NA,-77.0134395853254,34.1979912013965
672,-4.33563749671195,-8.56709485099934,-0.196173054687138,1.02185257797635,-3.10797765855397,5.12556569709504,1.06959133459714,-1.84083619246152,4.11287619151422,NA,NA,-118.45187810382,32.6454945275466
673,-4.32821181647681,-8.09743005129913,-0.635057143321617,0.890412339001066,-2.77668374359065,4.53001986582695,1.1253911051012,-1.51002001711872,3.89291526013915,NA,NA,-117.40695980481,32.8505123765459
674,-4.31699849589043,-7.66920193135515,-1.0267487152334,0.635290799071842,-2.63896172614509,3.89229625533491,1.24187381460654,-1.17726479218518,3.82173575622973,NA,NA,-116.356749393639,33.0458373349885
675,-4.31464484393885,-7.43285689309673,-1.25763140986526,0.383697119924943,-2.66836620463377,3.41246909655148,1.34392103707185,-0.966878299665433,3.81875334114151,NA,NA,-115.301460360369,33.2314089515716
676,-4.33800546177006,-7.2074979318538,-1.54715310263443,0.0339364496855828,-2.76840425603917,2.79740049931128,1.44559153817076,-0.763042810127016,3.82654187908677,NA,NA,-114.241326933326,33.4071729217273
677,-4.53458498697434,-7.12223352305118,-2.01419653184956,-0.459538068965198,-2.95229282517742,1.96181061436,1.46095966644216,-0.640518691939361,3.73198767712552,NA,NA,-113.176576341102,33.5730659529794
678,-5.26717908832881,-7.37674247678062,-3.28876844724417,-1.61216537422947,-3.35395495986375,-0.0254350432408503,1.19594786083441,-0.777850010977307,3.29360340138652,NA,NA,-112.107448416824,33.7290335441835
679,-4.02721650059393,-5.69114267385297,-2.53040026603608,0.496653378036712,-0.862114724521085,1.76272219645947,1.92083067473569,0.00471987786587369,4.10744382905667,NA,NA,-111.034188507601,33.8750260438921
680,-4.60296314632238,-6.57866828826567,-2.73051187055977,1.71577916276398,0.00569822691467536,3.55988665032141,1.95805560710584,-0.00281754833139969,4.20392738540665,NA,NA,-109.95704579015,34.0109928229485
681,-4.50391368534829,-6.7072500699399,-2.39767008948828,1.31668492366605,-0.380202141635727,3.16126366917635,1.64476316053032,-0.299296209301591,3.82107338231833,NA,NA,-108.87627972884,34.1368883865764
682,-4.69011564457667,-6.9995371080627,-2.44423363902347,0.786665293407047,-1.4246179171797,2.98150739447255,1.20916384920141,-0.710134031725946,3.30988893818946,NA,NA,-107.792152551364,34.2526687772856
683,-4.58634482177077,-6.93355166912022,-2.29988172932634,0.806224628615572,-1.46109911178878,3.06678199912852,0.892048893132748,-1.01950224520025,2.9363100203655,NA,NA,-106.704932526035,34.3582941498966
684,-4.43624469348545,-6.69296269304518,-2.25693001388003,0.851365740317858,-1.33516350054031,3.0379546867374,0.603023361671509,-1.28801085197324,2.55881782742973,NA,NA,-105.614890091814,34.453727140488
685,-3.84326818682742,-6.03947241400117,-1.71183480854519,0.343986150192932,-1.89929711515176,2.575271912313,0.349355313872922,-1.54603322297881,2.26456135391466,NA,NA,-104.52230422908,34.538933848633
686,-3.29546046151582,-5.02291918595195,-1.74899395553476,-0.835321338352929,-3.03336298974194,1.33919836331349,0.00165744989710986,-1.90496524251679,1.8697573010013,NA,NA,-103.427455278723,34.6138832306841
687,-0.0177793027852083,-1.41449498344365,1.37422417597676,-1.27329849204243,-3.41977626105935,0.815032270255521,-0.178652521148964,-2.04909812529017,1.64780998436629,NA,NA,-102.330623434408,34.6785483650452
688,2.33959251027754,1.07399234906246,3.60052237227714,-3.20127353138334,-4.85084644980096,-1.60000908304772,-0.761136752704985,-2.67706739251569,1.00426568942121,NA,NA,-101.232102292344,34.7329055858472
689,2.16909421651125,0.344495192089015,4.00982378311664,-1.57293268745679,-3.16119165930678,-0.0265400024970061,-0.496063536720468,-2.33395804877488,1.2611874153169,NA,NA,-100.132180812428,34.776934091496
690,2.94552506117694,1.44986968421943,4.47845435444159,-1.71370157046549,-3.19032407023081,-0.310867568185755,-0.718492689363942,-2.54153812189344,0.988604311042965,NA,NA,-99.0311502260404,34.810617880447
691,1.96934748492375,0.102471379316101,3.8235044132066,-1.67258778661672,-3.29227468691445,-0.0547902019050475,-0.49240909486222,-2.28962457148938,1.23188606134941,NA,NA,-97.92930558465,34.8339467558551
692,3.04444396007819,1.12496363881493,4.97625423454159,-0.302533485407986,-2.00581500605916,1.39559743427955,-0.422678034338166,-2.18201793975707,1.27478679724158,NA,NA,-96.8269397009582,34.8469100101894
693,2.61764752289678,0.764575981703889,4.54396091390409,-0.736083672096117,-2.48237095291312,0.970650112513559,-0.397333486723138,-2.17247499339276,1.31050160578804,NA,NA,-95.7243493341121,34.8495025793325
694,2.25734335778383,0.704028452882631,3.83586734781266,-1.47562171706233,-3.2580779617662,0.314250331586501,-0.470736536863686,-2.2284682712845,1.19025733276649,NA,NA,-94.6218373027716,34.8417249776994
695,2.46773063877135,0.934173501199931,3.99951310962243,-0.629544687832518,-2.35319415767373,1.08209777306508,-0.267810530038275,-1.97267527480509,1.43295642355018,NA,NA,-93.5196944964226,34.8235763143187
696,2.08203527220797,0.408069773277929,3.83787454807822,-0.782347205813768,-2.6244179095221,1.02364864800873,-0.245986702349093,-1.96086422286243,1.43532100958517,NA,NA,-92.4182197555327,34.7950682171791
697,1.71222856893848,-0.184966999849726,3.61361252743454,-1.20813995583264,-3.13847079754752,0.696306934931968,-0.17141670338359,-1.91709683503633,1.54504374340933,NA,NA,-91.3177039649991,34.7562112546357
698,2.43321792015419,0.663249159946418,4.24083073343788,-0.697924528760248,-2.62141134250918,1.15474735775366,0.0455766831256297,-1.67332427353663,1.75842190466854,NA,NA,-90.2184444734102,34.7070151933426
699,1.66091347701243,0.0873527607121819,3.26962397648852,-1.32479803925083,-3.37733484566381,0.642296817909025,-0.0504065417103374,-1.73626494474894,1.61038894046774,NA,NA,-89.1207337749995,34.6475014862421
700,1.91454631280946,0.447876344660172,3.40896538858575,-1.19490561962064,-3.31772563144826,0.888743877609785,0.161285768133998,-1.50069538140187,1.82347645621234,NA,NA,-88.024857612169,34.5776921517986
701,1.68733102695022,0.398448700841403,2.99721048491211,-0.978756620366469,-3.03932791729899,1.06327929571321,0.211832247737778,-1.36828090119164,1.85648384736605,NA,NA,-86.9311042062443,34.4976107173387
702,1.49613474569175,0.372672447719576,2.57816032357196,-0.21611657745446,-2.0979073743169,1.69062420201979,0.880247745076822,-0.676059911501407,2.5951099110506,NA,NA,-85.839752487359,34.407286264616
703,1.50859425948947,0.466441782971163,2.49078025762065,-0.345800577444635,-1.88856226784007,1.25354219885993,0.8781879591522,-0.612211844843058,2.55028099042319,NA,NA,-84.7510872429644,34.3067544618372
704,1.96730101991973,0.825246013171234,3.05314241923814,0.120866544185476,-1.43339081878676,1.81110525304409,0.342696082469721,-1.14602622317091,1.89065613786831,NA,NA,-83.665379114307,34.1960440521244
705,1.35597137576504,-0.123507784781738,2.82912242001313,0.140872991283821,-1.57827144170559,1.91042749310643,-0.195301248646346,-1.76747031442088,1.33076072663269,NA,NA,-82.5828997212192,34.075199436067
706,1.37008738022287,-0.305685826395542,3.03686138804921,0.209282916397546,-1.60098596578056,2.02960546354677,-0.321632896354037,-1.91508658064511,1.21540137729491,NA,NA,-81.5039127201187,33.9442609078414
707,1.50744359413703,-0.277550751023403,3.31343010369706,-0.388403446611433,-2.30881631918927,1.54107066606726,-0.487892624939223,-2.09910375541358,1.04456253909555,NA,NA,-80.4286797769703,33.8032753325303
708,2.1776085861082,0.228101901840707,4.17177477874367,-0.949154635364098,-3.13780489353413,1.17107682426537,-0.893666404464397,-2.63443349390735,0.720511421708678,NA,NA,-79.3574530661827,33.6522892252346
709,3.27687251234932,0.942100996966332,5.69304672948437,-0.716107145760733,-3.46714801079043,1.9913870761647,-0.266210283855453,-2.306844497809,1.70148657425452,NA,NA,-78.2904822660197,33.4913521980324
710,-4.26182174659814,-8.21657920481432,-0.403785989218336,0.37656351796828,-3.50444888119742,4.22409184876179,1.35806939015134,-1.3953774110135,4.32240967276876,NA,NA,-116.130230750013,32.1695014344233
711,-4.20761171772147,-7.67298818083284,-0.812712868062919,0.122086265426075,-3.26194941077098,3.48460477257856,1.46766349369134,-1.02711020178643,4.18364971751195,NA,NA,-115.086026396862,32.3532940133539
712,-4.03823447157713,-7.07245480032689,-1.06169278970375,-0.414057165301448,-3.34791087895072,2.46935768416444,1.69935306126363,-0.580605130595812,4.20157388125568,NA,NA,-114.037128939674,32.5273552020581
713,-3.87295590529781,-6.65031505767027,-1.16266929406838,-0.953705672423498,-3.58386968932693,1.59619264292919,1.90379563733106,-0.270921176023899,4.32351349445282,NA,NA,-112.983764859903,32.6916276112211
714,-3.45570740882178,-5.89528891443228,-1.07520788499284,-1.63089044216615,-3.85591466414704,0.515682087807877,2.19572525124497,0.124259364263836,4.5364084333855,NA,NA,-111.926168334523,32.8460595126934
715,-1.97009281149547,-3.87718708430556,-0.169288506594425,-1.87816847288369,-3.42123590090229,-0.44008133642923,2.79097449155695,0.743151692031865,5.20385658470067,NA,NA,-110.864572364379,32.9906041233626
716,-2.97783810229807,-4.74065386698506,-1.33368249914203,0.384788086286891,-1.40145204934258,1.94276179503171,2.5734888369605,0.545930902223161,4.9689637507638,NA,NA,-109.799223026468,33.1252140281523
717,-3.84189835069723,-5.51090863044816,-2.34214586025623,0.105505285753281,-1.93674570835638,2.24659780073083,1.9229335100147,-0.0479873708287428,4.20006884764713,NA,NA,-108.730369715669,33.249844224397
718,-5.33102113486419,-7.10726799006913,-3.70331527174101,-0.345073668272281,-2.1048731271445,1.42641012056073,1.1560605555808,-0.776825458607739,3.27476800247935,NA,NA,-107.658266697578,33.3644545195476
719,-5.05845257003965,-7.29079623789395,-2.89745853087327,0.379916708682122,-1.76216685301019,2.50573189165712,0.865753864986091,-1.05077695109589,2.9211537978412,NA,NA,-106.583171959116,33.4690053726413
720,-5.46832765791238,-7.33563285419946,-3.77976452444208,1.2437355850214,-0.286602250904727,2.94701113255364,0.5211347091685,-1.36908566577478,2.46978275804243,NA,NA,-105.505352049694,33.56346401548
721,-3.86098685512021,-6.11756470052474,-1.67932725979689,0.132853945320166,-2.0997591209816,2.37397861182439,0.338923102117825,-1.54701534097185,2.26519661062479,NA,NA,-104.42507354702,33.6477969462214
722,-2.7342362636859,-4.91317212206149,-0.608299860458051,-0.892397420675429,-3.18635957610092,1.35606361363318,0.0959933592160496,-1.77881456351618,1.97444143523698,NA,NA,-103.342606611435,33.7219742727259
723,-1.55578720215719,-3.0319729412188,-0.0855973499403008,-2.12669389188526,-4.17589256837389,-0.126876508337914,-0.183549716657425,-2.02041881330386,1.60910680716211,NA,NA,-102.258226119147,33.7859720689396
724,2.34580644839669,0.793769824024905,3.93887056209576,-0.803755645137109,-2.57359506119599,0.906155534997004,0.0376870427213539,-1.74671214365441,1.81792155613107,NA,NA,-101.172213041616,33.8397649411581
725,1.96212177339404,0.105131360325642,3.79677769457942,-0.379255679301686,-1.72942355393067,0.967082785830167,-0.178191168485723,-1.96328189586156,1.59948797050096,NA,NA,-100.084846390624,33.8833355318816
726,2.39805536372459,0.437111332955296,4.40490117995244,-0.839851437218145,-2.20171504958753,0.496636728287683,-0.221908930020095,-1.97301063297787,1.48665913185518,NA,NA,-98.9964083694874,33.9166691178214
727,2.84742806729678,0.874585461552695,4.81195318566291,-0.443587015192062,-1.92110970379517,1.00582061081379,-0.391395477683484,-2.13544582485238,1.2929159429309,NA,NA,-97.9071824929901,33.939754932982
728,2.98816289882968,1.11952087841131,4.73340420293345,-1.17232749881989,-2.65706689906904,0.276004056179263,-0.750619882832091,-2.53658785535745,0.924893715951691,NA,NA,-96.8174544661051,33.9525817632668
729,2.77438265595881,0.893254680691748,4.68552905367305,-1.39257757983573,-3.03129072021758,0.238418603486376,-0.645752077898776,-2.42518272845074,1.03574403846297,NA,NA,-95.7275124988413,33.9551473713053
730,3.09554728144172,1.38345192827125,4.80854553836518,-1.24368034118114,-3.00350838112408,0.544897859813087,-0.420468402901929,-2.17966616090415,1.27265767822667,NA,NA,-94.63764199485,33.9474503011663
731,2.64235410135962,1.04179470471775,4.36458245576831,-1.57833354340952,-3.33513502048685,0.137299791556851,-0.383363217329806,-2.09869013039621,1.34742405477199,NA,NA,-93.5481296996546,33.9294924632574
732,1.5902365786842,-0.303522773242771,3.48900517008559,-2.09313870275571,-4.04101423628877,-0.176784170718895,-0.330513391766545,-2.05871305662277,1.3748522195422,NA,NA,-92.4592613667222,33.9012813130538
733,2.03217352287442,0.0754216819979666,3.97923735845298,-1.60335468008783,-3.45946792881236,0.240172930022193,-0.215377254963176,-1.95462829926709,1.47408213432569,NA,NA,-91.3713215710726,33.8628277041948
734,2.09211882618133,0.200626253756347,3.95361098679751,-1.53876973739206,-3.50863290828077,0.380400499129649,-0.116938850169977,-1.81448813041455,1.57366715223745,NA,NA,-90.2845950296556,33.8141422577973
735,1.85724139733529,0.0469784620648622,3.7509336309947,-1.70295992670409,-3.79526751450816,0.290071832141614,-0.0226175696978029,-1.63411386088255,1.6158959786938,NA,NA,-89.1993638320021,33.7552444966108
736,2.4607286389545,0.662654652873303,4.28830375512645,-1.35231289584734,-3.32599128975807,0.610775637468886,0.257950632659542,-1.37466666622207,1.94326164449457,NA,NA,-88.115904597508,33.6861566115233
737,2.00440548453243,0.40947716530943,3.6657819256998,-2.17443850123997,-4.13746289769007,-0.178367575117522,0.161569132622595,-1.40773007578483,1.74704093471257,NA,NA,-87.0344967314845,33.6068980030177
738,1.61914645817028,0.195076487773961,3.0483659663955,-2.05766996696682,-4.09187792669149,-0.069571035921893,0.795152849667226,-0.735690543245108,2.4700488389624,NA,NA,-85.9554133753244,33.5174985457128
739,1.36560493907149,0.151267859626233,2.5584871811225,-3.4087862026661,-5.18242268454368,-1.62552779691001,1.55211011501983,0.0542247595405699,3.25047322873956,NA,NA,-84.8789235527341,33.4179901108821
740,1.90828784664687,0.390076905138474,3.48243219370998,-0.850750604551577,-2.69611284702866,0.955298078732742,0.767742893807119,-0.732026590907549,2.30797892033248,NA,NA,-83.8052919528626,33.3084027135569
741,1.98962799094051,0.234713165706886,3.76505154309442,-0.36347597792112,-2.30165564933016,1.56553652156083,0.211204890244487,-1.35301009605807,1.78957050576972,NA,NA,-82.7347821525948,33.1887769558534
742,1.68958022842129,-0.241567894276148,3.61014672249564,-0.0983589861086754,-2.04393775998027,1.76673227678037,0.000882734620891955,-1.60901357802276,1.55997898632326,NA,NA,-81.6676503377851,33.0591513414736
743,1.75950581543347,-0.299727255657863,3.84223739408467,-0.306117297050866,-2.4569829353314,1.70802976846657,-0.246913287242649,-1.87440183983614,1.33158546511986,NA,NA,-80.6041452859298,32.9195670750299
744,2.38336134083113,-0.209167097616159,5.02049991994172,-0.122590544147637,-2.82326856454876,2.43109836904774,-0.314224931262699,-2.31491611940416,1.64708448708984,NA,NA,-79.5445171782623,32.7700708955299
745,-3.74023023247562,-7.39587260136264,-0.13745116456504,-0.856525809585568,-4.38922680275997,2.61840033756927,1.98449913240404,-0.650447725778065,4.88128213380256,NA,NA,-113.837394306416,31.6459049480797
746,-3.44601615273205,-6.56148998836017,-0.398311614255837,-1.29791886723879,-4.19472718385936,1.52842485638327,2.26655833534127,-0.0988407700903342,4.92053323192544,NA,NA,-112.795190412232,31.8086231276158
747,-2.72071083313938,-5.13841552638801,-0.412455946774737,-2.07531885446654,-3.8816233035911,-0.385037713636422,2.90721010373274,0.797950935929384,5.32715782085339,NA,NA,-111.748883872014,31.9615829387714
748,-2.66608743535754,-4.76224311808966,-0.886160314182245,-2.29324573186685,-3.21667471419374,-1.48092359357867,3.61005254339477,1.55981830586206,6.02628223479782,NA,NA,-110.698710195839,32.1047398258897
749,-1.96961486041086,-3.76893094028967,-0.462661274984532,-0.169512858701052,-2.83831132431169,1.99517117474366,3.1859831644982,1.10207365820216,5.72757403876453,NA,NA,-109.644904989782,32.2380489411709
750,-4.64805984177783,-6.51161037015434,-2.92048674714513,-0.401645771980019,-2.67570664876367,1.84744249640373,1.96241850421794,-0.0418958426990957,4.28299923377503,NA,NA,-108.587709574732,32.3614671203778
751,-5.00710714760304,-6.97150415193494,-3.21461526988855,-0.458766518794202,-2.60042103330492,1.69883122047175,1.31829500688919,-0.657978091959849,3.51178112235211,NA,NA,-107.527370167889,32.4749549234747
752,-4.85319883309111,-7.0504630190783,-2.79895654695568,-0.174885825299974,-2.32611000352807,1.84888660497394,0.888731173252516,-1.06025344300306,2.97694321851094,NA,NA,-106.464140762435,32.5784778359336
753,-4.57629872949153,-6.46510371485831,-3.03807382478482,0.482092007861108,-1.03819294684464,2.39053378549985,0.606263645867003,-1.29860449365902,2.61944484897723,NA,NA,-105.398273911397,32.672002209677
754,-3.41398420387154,-5.71632387976158,-1.1985024501675,-0.169368527148202,-2.426657683558,2.09176880599343,0.393613022513796,-1.50001098662957,2.35364886577853,NA,NA,-104.330032445637,32.7554982750351
755,-2.2237033722014,-4.53772310799986,0.0558795326221619,-0.741919323162431,-3.07646459933776,1.55323187562051,0.225989564917064,-1.63197559961681,2.12478304196456,NA,NA,-103.259672062575,32.8289345141816
756,-0.82068550276255,-3.01662320772756,1.37328714109248,-1.16079481234323,-3.38745999049622,1.0005349339272,0.118282581901596,-1.70482146612196,1.96920973025278,NA,NA,-102.187465848771,32.8922910082234
757,1.06680361269884,-0.893008136449187,3.03021391495842,-0.941139590497016,-2.66883920005379,0.724736451668037,0.123658149214936,-1.62310811218737,1.89983352511192,NA,NA,-101.113679486847,32.945545638673
758,2.04668333165619,-0.00426352565406282,4.06007576399289,-0.601158656801315,-2.08391861145255,0.886570976177076,-0.016666038265697,-1.74973433886737,1.72820644871623,NA,NA,-100.038583745589,32.9886785130209
759,2.60510724956103,0.525072644676765,4.69301638300401,-0.579875039364377,-2.08894704616026,0.93550600705294,0.0139554455251054,-1.65431159723197,1.70151986747117,NA,NA,-98.9624536059061,33.0216776262313
760,2.82846073035237,0.731246415565073,4.80556550905091,-0.39587057517141,-1.84637744394564,1.1749725250369,-0.394560999535807,-2.1109125382258,1.26145274464776,NA,NA,-97.8855633040747,33.0445296220363
761,2.55286827557836,0.490049848666438,4.50673618286474,-1.41729498722607,-2.81563827782706,0.0960752505493621,-1.35980340375207,-3.20533142348192,0.352053941676365,NA,NA,-96.8081874431372,33.0572268034515
762,3.21094926431254,1.19445294403807,5.23548458865483,-0.455492073043959,-2.06240763704149,1.17255011359759,-0.36489498045464,-2.07646900831967,1.31630276661502,NA,NA,-95.7306031166704,33.0597666389608
763,3.17750373546975,1.15350130521496,5.23461703995807,-0.990881062381462,-2.71998601980287,0.756986533808519,-0.210568068463218,-1.94500299371628,1.45043893587549,NA,NA,-94.6530886695218,33.0521478715802
764,2.56289449512782,0.575103312726028,4.6000843761395,-1.91662297349426,-3.74541926659166,-0.0784552742384144,-0.247428820517686,-1.9445741101786,1.41759525175417,NA,NA,-93.5759204103261,33.0343703962874
765,1.96361466847673,-0.0782159661197181,4.0421593460163,-2.41439648879316,-4.3706504258037,-0.456535807521904,-0.181207999839876,-1.87501230390186,1.4762051264257,NA,NA,-92.4993740906601,33.0064435248212
766,1.41875231311717,-0.705713788439267,3.51979331104849,-3.25074047884812,-5.34437300749362,-1.16985279209494,-0.404553024275512,-2.15285409056003,1.25867233725027,NA,NA,-91.4237263954127,32.9683762441561
767,3.12394383086261,1.06047847198395,5.21228993530206,-1.66672813495077,-3.79444535272305,0.449121144781071,0.186431133055894,-1.45052239590655,1.841083934945,NA,NA,-90.3492503196104,32.9201807345056
768,2.69748937774971,0.725865544718039,4.66062996078898,-2.08652199471608,-4.25885014632241,0.0610806945518794,0.0544295533274259,-1.58013685371514,1.70826296028898,NA,NA,-89.2762186596696,32.8618736521532
769,2.67726451680217,0.697423207428742,4.66644381077534,-2.10175483186327,-4.10141592338776,-0.0957818530111658,0.138150401701065,-1.48230650363001,1.79068930388061,NA,NA,-88.2049010059731,32.7934754567078
770,2.72173365424217,0.940770793596421,4.54891849821621,-2.05927947797493,-4.01926023592367,-0.0983690302750741,0.335188038900847,-1.22655882548101,1.96110780370432,NA,NA,-87.1355661122617,32.7150050059478
771,2.41282419603101,0.668524357608422,4.17530207576816,-2.32226660356208,-4.31205532721008,-0.350303729997817,0.536931290239025,-0.972595964273392,2.13631340958895,NA,NA,-86.0684783819145,32.626491579767
772,2.00484387115026,0.51403876198733,3.54931962670706,-2.38442973497589,-4.43850657278728,-0.403089278049314,0.646648533415457,-0.837128120340824,2.19951079013864,NA,NA,-85.0038983416293,32.5279646812729
773,2.09488773378235,0.247459341226186,3.96999804980968,-1.34456994058233,-3.31193655964602,0.611511175317587,0.49328718853384,-1.05593166440524,2.0359088936215,NA,NA,-83.9420830441051,32.4194532572963
774,2.19992279703083,0.152903715069742,4.27280582598171,-0.738391530245539,-2.77507984093111,1.25747525199332,0.265851206886369,-1.31147597353646,1.80758318814565,NA,NA,-82.8832857379118,32.3009943330884
775,1.79087159494215,-0.346767959201813,3.87298793921374,-0.868587455327887,-2.94913677623685,1.15316584840171,-0.134159325604198,-1.77322997345568,1.43867539778909,NA,NA,-81.8277536614297,32.1726256850511
776,2.30098118360045,-0.0779642410635663,4.60520563926648,-0.0542600645223884,-2.36011047017984,2.15179400803448,-0.0400190470933369,-1.80339398936939,1.66300038328959,NA,NA,-80.7757291200381,32.0343840489595
777,-1.73815442102259,-4.63793421697626,0.964795305252185,-1.15964280589878,-3.88652607442694,1.49845022873741,3.53628923037332,1.05439705388761,6.37836563882111,NA,NA,-111.575468462577,31.0754377465306
778,-1.75257348606442,-3.98482967982547,0.270193899611227,-1.02766826154727,-3.50840199202198,0.993370239633936,3.67597162279056,1.34343653454665,6.37102086812621,NA,NA,-110.536481268194,31.2172666316762
779,-3.19036214505758,-5.26763746612361,-1.31583804948527,-0.829429684975573,-2.98588216341017,1.46641948881737,2.68180162377461,0.491964046176837,5.16488755945345,NA,NA,-109.493979937214,31.3493258792959
780,-4.01220933281463,-5.977755717806,-2.21120964241003,-1.71682658610935,-4.53513438933552,1.07084424322884,2.03680887814578,-0.130689695950856,4.49190638646937,NA,NA,-108.448193705726,31.4715805259419
781,-4.41637646977137,-6.98133542845353,-1.91184979393446,-0.897354929727936,-3.65364320395741,1.81162268999019,1.41676093690045,-0.750841757985159,3.80596100485874,NA,NA,-107.399369263344,31.5839962810105
782,-4.23495152535992,-6.75945054844269,-1.76502479026233,-0.514859755618488,-3.05799454156165,1.97330891124964,0.892398790284763,-1.14590328515614,3.08224334980075,NA,NA,-106.347746273466,31.6865352536215
783,-3.82101282465502,-6.22570577735457,-1.50065431539246,-0.340671146670265,-2.72364544791968,2.03393457379015,0.590264419072203,-1.37500717915377,2.67157847700522,NA,NA,-105.293573993566,31.7791655810601
784,-3.00169331759815,-5.30080411032328,-0.737786366634385,-0.545488286737158,-2.91847340417414,1.80300755800783,0.401527909251015,-1.495316240422,2.39059681721158,NA,NA,-104.237102894503,31.8618586128421
785,-1.92830111308886,-4.25833645419621,0.3670450397307,-0.73474194897321,-3.02018520012532,1.5271019548817,0.295777861555288,-1.55635085111631,2.23361937986394,NA,NA,-103.178586070048,31.9345878505908
786,-0.573144658810193,-2.58991756200097,1.43165251621633,-0.826815131780118,-2.56142262028874,0.823519184475464,0.307545162038933,-1.44581213862234,2.14717209902002,NA,NA,-102.118284810935,31.9973304541004
787,1.14399392938253,-0.860430784637964,3.14156235691884,-0.775717200351361,-2.51925926059894,0.88290640633795,0.396573646463566,-1.30259263958421,2.19111690729432,NA,NA,-101.056452975703,32.0500666164775
788,2.11221549714512,0.121304032544029,4.11673613204386,-0.959454434657919,-2.60980588440229,0.611953378313893,0.364169113561947,-1.28511780523746,2.14320536650517,NA,NA,-99.9933574320077,32.0927795991547
789,2.48015316262814,0.459804255624447,4.5413562890631,-0.935507128360694,-2.56060980961272,0.668003225358779,0.218690380199972,-1.42533661813343,1.93714147631617,NA,NA,-98.9292599273357,32.1254561213571
790,2.4743271496537,0.322032321021526,4.48024856088383,-0.769206524889978,-2.21340778230833,0.719709712452667,0.0252053225208143,-1.55640581814666,1.65802769678103,NA,NA,-97.864429132849,32.1480853605769
791,1.90287729141961,-0.324943952654899,4.02958965093185,-2.58797743742205,-4.16504714877312,-1.01250009990469,-0.534020013907612,-2.25092822988447,1.12738366179792,NA,NA,-96.7991277736952,32.1606587449227
792,2.6769842415408,0.518193244808645,4.80750778363469,-1.05213223393732,-2.71861194853832,0.554576163831871,-0.0864480561507075,-1.77867764659303,1.60553438568833,NA,NA,-95.7336245251084,32.1631736635527
793,3.04890031205367,0.95674186081745,5.22770780753342,-1.44710573430547,-3.17279211688849,0.285129910126808,0.0639610487015345,-1.6317264121147,1.7661079760442,NA,NA,-94.6681883984092,32.1556285482587
794,3.15559559652909,1.05070502027314,5.35042816312872,-1.77648039141519,-3.65976747244832,0.0916082270495376,0.123064275638121,-1.55450157111419,1.79896362692087,NA,NA,-93.6030868952831,32.1380256023399
795,3.20397380861323,1.07741359313164,5.38755318812256,-1.99814728274888,-3.99450515578285,-0.0074925061623476,0.237012642355852,-1.39619890733812,1.87148168126665,NA,NA,-92.5385887665323,32.1103712375884
796,3.36467979784777,1.20860929899957,5.59888475863684,-2.2553845301772,-4.34511193649283,-0.16251488682072,0.13299330460729,-1.54421657688196,1.78190585142303,NA,NA,-91.4749572778092,32.0726750822359
797,3.2749848511207,1.15769959373393,5.42640895760782,-2.6899416425283,-4.85826467617462,-0.525639621476641,-0.0148869298319317,-1.67836534297122,1.64439947954259,NA,NA,-90.4124602116912,32.0249475356968
798,2.86100616575717,0.75403069598884,4.9433764425809,-3.09665280721692,-5.31151696706782,-0.88629671624797,-0.209798530313583,-1.83934210022826,1.42019548413024,NA,NA,-89.351358815336,31.9672054728945
799,3.6280309473561,1.54914309463828,5.74012087554652,-2.19378319547637,-4.33495293786567,-0.0615306423594735,0.265244346743555,-1.35226321713319,1.91303810432877,NA,NA,-88.2919151330561,31.8994669356114
800,3.28784034870491,1.26589296937128,5.31049070305839,-2.17642323847828,-4.27300610941433,-0.0749725520389066,0.317348802563375,-1.23956821990126,1.92014839449451,NA,NA,-87.2343896070177,31.8217527396474
801,2.73708084050318,0.763330882155032,4.61826645144476,-2.18339566995275,-4.23566077791371,-0.120558650293638,0.366000375102428,-1.16600155249314,1.92830230433551,NA,NA,-86.1790366091299,31.7340882768591
802,1.89557893260741,-0.0346409233835935,3.81389986480484,-2.21593351700867,-4.35066157759777,-0.090420266043474,0.201386868471212,-1.31195651928688,1.74290072178415,NA,NA,-85.1261097160248,31.6365015190406
803,2.21344072015105,0.14115046938178,4.20308199249323,-1.24260407990555,-3.29937971934821,0.815750918855921,0.325668199071334,-1.1802174259291,1.81431893047315,NA,NA,-84.0758533052752,31.5290207400367
804,2.19998009521952,0.0626893160413444,4.28674898808236,-1.09568691262132,-3.24240698925695,1.0485891583795,0.172443112896646,-1.35675391941576,1.68891415541626,NA,NA,-83.0285193894619,31.4116802852153
805,2.05109414682554,-0.180220290538154,4.20558062951578,-1.16420577530844,-3.29062152449195,1.05730187971048,-0.0742382805227397,-1.67422106839693,1.46551324146592,NA,NA,-81.98434533522,31.2845136334057
806,2.26694693361399,-0.287389909270923,4.79380816900248,-0.582348386037775,-3.08191579576314,1.93022758542583,0.219136604195509,-1.53258572801643,1.92999626394477,NA,NA,-80.943571063257,31.1475643195976
807,-3.84855852757242,-7.14134618124474,-0.623231209754428,-0.647772567593422,-3.95794798358972,2.63513728942505,0.68073119832348,-1.75966472749703,3.24222263834159,NA,NA,-106.233903913442,30.7930011802926
808,-3.46896080244479,-6.04678738770447,-0.958874260145873,-0.776234248171872,-3.46048405773464,1.86689096688298,0.465093322636544,-1.60076730399087,2.64646911466891,NA,NA,-105.191173719878,30.8847732504244
809,-2.85393689676112,-4.55930540488565,-1.23292956626263,-0.934069029379822,-3.32956172541195,1.41260966320501,0.319756902494919,-1.51783070734705,2.23598510481574,NA,NA,-104.146221590366,30.9666989001472
810,-1.91395813904358,-4.22414599712904,0.340189882727759,-0.828327812045547,-3.08200007030253,1.38708327312257,0.251934095533739,-1.61355231387236,2.1968961671295,NA,NA,-103.099290495635,31.0387495377939
811,0.30702701265577,-1.82871683227281,2.37947620256572,0.143449620633515,-1.41621022605479,1.69805891087834,0.616245333019226,-1.08464584405498,2.49685813596315,NA,NA,-102.050631317018,31.1009036403587
812,1.34717404749126,-0.696376453542975,3.31859458398977,-0.423645997692474,-2.08370540056778,1.24218153682044,0.604171324814773,-1.05311771723565,2.3925830075474,NA,NA,-101.000493918412,31.1531456419892
813,2.13899272570564,0.13032706086478,4.15604279792422,-1.68716458077242,-3.39776623202539,-0.062227136541616,0.511919930156857,-1.10125501947693,2.26947895929084,NA,NA,-99.9491316307318,31.1954575369752
814,2.94089360258054,0.914302680009026,4.97442045334193,-1.38207525311266,-3.09129397130299,0.229269090830163,0.416305770799195,-1.1519666470439,2.11475208297968,NA,NA,-98.8968017882416,31.2278250724367
815,3.36955619044609,1.30865241692301,5.46067470871261,-1.04240288282017,-2.60895256067211,0.481232367936917,0.360552024225688,-1.14805728323663,1.9286973768677,NA,NA,-97.8437607398471,31.2502407857477
816,3.07462322818436,0.793235740364948,5.3775806530516,-1.80565741453819,-3.38370038391089,-0.237218883813227,0.379152898798639,-1.20822314767067,2.01739530803605,NA,NA,-96.7902670030458,31.2626954955233
817,3.46401541591202,1.26692085269668,5.75693976169125,-1.13100339439752,-2.8321274792733,0.48872146578489,0.6691007936208,-0.952975678466571,2.37208969481414,NA,NA,-95.7365789741952,31.2651864277473
818,2.78152891183224,0.714978483612297,4.99163283224473,-2.26704673380275,-4.10470660468573,-0.586427590471989,0.292027317149281,-1.34016498267505,2.06546873337228,NA,NA,-94.6829536361488,31.2577131642446
819,3.09494246335576,0.977365222249244,5.37930115163643,-2.38621856995828,-4.4159345399645,-0.384654790798672,0.116318924724883,-1.56725773390681,1.80596638249857,NA,NA,-93.6296505556532,31.2402792611563
820,3.41632023239548,1.16633759235796,5.71724453742962,-2.75125780713385,-4.80854185472664,-0.613389679921748,0.12255108230027,-1.54181990426263,1.7845778706465,NA,NA,-92.5769338640609,31.2128818201598
821,3.81879649646284,1.50560204713563,6.07799238058121,-2.94267490395745,-5.15052517749229,-0.679489438826049,0.237734049626463,-1.42012150003655,1.85020600702221,NA,NA,-91.5250556026908,31.1755414441662
822,4.25022209534592,1.9973149160593,6.54240738481146,-3.15905281969987,-5.42455202952229,-0.817443460836603,0.00889558253618684,-1.67902024139937,1.67348571945611,NA,NA,-90.4742733085068,31.1282628871063
823,3.29949167329042,1.03382069988004,5.58040486484925,-4.04527341278057,-6.36739226966588,-1.71664910035359,-0.511779879311729,-2.23668973891775,1.15445016866274,NA,NA,-89.4248416057857,31.0710619965013
824,3.63309591850252,1.378741612632,5.90089894581827,-3.45365977087174,-5.69094504653541,-1.19858788655804,-0.303392763192013,-1.9735205392279,1.3388629995696,NA,NA,-88.3770120651239,31.0039561434681
825,3.3445256045591,1.02182632151312,5.56314899303279,-2.95249782327858,-5.04448960023477,-0.841105349601328,-0.0107009878802782,-1.59801215694281,1.58290850502765,NA,NA,-87.3310388393641,30.9269644437951
826,2.94522571763273,0.686398814658353,4.94504377942701,-2.30772843553172,-4.27999781903418,-0.305540858018751,0.237169232165695,-1.24944794555156,1.77851479228347,NA,NA,-86.2871674206158,30.8401145867847
827,2.28858636013523,0.118074770817475,4.35188770257168,-1.77149577171491,-3.81113529294828,0.342671480663414,0.208901181017786,-1.28748391951218,1.75647064906633,NA,NA,-85.2456413167257,30.7434279376412
828,2.03581810130753,-0.0792687320716277,4.08764164550653,-1.47986450079446,-3.60744752653549,0.707053067397334,-0.00462606298383573,-1.45651492413316,1.47168038253888,NA,NA,-84.2067053342269,30.6369346283635
829,1.72250580894475,-0.612569744539222,3.94183068354168,-1.80043671412993,-3.99662551643228,0.493537421519566,-0.219525932117067,-1.71359316445367,1.24940978955432,NA,NA,-83.1705938009628,30.5206648527131
830,2.51075197918057,0.135281810716875,4.80678937511717,-1.30432023739858,-3.4382001987027,1.06055062894189,-0.0510712112253793,-1.57723830128334,1.44208228162911,NA,NA,-82.1375416668753,30.3946546309007
831,2.13136757089274,-0.482509286334307,4.7225030770073,-1.20366543828996,-3.66318808236093,1.37952962429981,-0.171563154750956,-1.78944370190833,1.48466005650084,NA,NA,-81.1077781224943,30.2589416930088
832,-3.34634510909203,-6.49953235685494,-0.262286711438392,-1.18750249233839,-4.44136208978529,1.99639071081186,0.266570330500452,-2.18780798380222,2.77140197780359,NA,NA,-105.091000570475,29.9886613568333
833,-3.22765938289279,-5.27005297671797,-1.29010294483299,-1.6034083718956,-3.97436698301341,0.640987814072745,0.0757021447195816,-1.92135885418138,2.15084141488557,NA,NA,-104.057317997957,30.0698488245623
834,-3.17488752726005,-5.31678268864485,-1.12899280018493,-1.7848525709351,-3.85351903135576,0.221004089026056,-0.230370152085883,-2.16276642121963,1.73935001727762,NA,NA,-103.021718440221,30.1412522345985
835,0.0106544810453085,-2.33842066821632,2.3183806886723,-0.542307672342162,-2.26693827325239,1.15363434571832,0.524391674582968,-1.34721268244481,2.49082236813122,NA,NA,-101.98444715802,30.2028487864283
836,1.4206580732636,-0.689642257133785,3.54434615360176,-1.2618690448177,-2.94434179054195,0.374871996077594,0.585645121377266,-1.12059519823663,2.37570449045848,NA,NA,-100.945755692911,30.2546108421076
837,2.02753785525407,0.0030517464099136,4.00424448797367,-2.4028202203913,-4.27578228362992,-0.674706176313852,0.391282200940508,-1.23228843864124,2.06773977460579,NA,NA,-99.9058731826072,30.2965351092689
838,3.45170888140014,1.55235931375741,5.38709864821007,-1.8088994697046,-3.54082569999527,-0.197491814825072,0.544765537348494,-1.03163267923392,2.13146880861227,NA,NA,-98.8650539522963,30.3286072271536
839,3.69403727071886,1.3385903687412,5.8415437393573,-2.06427362071285,-3.64621837015703,-0.505112662713412,0.235331938190355,-1.17846958212456,1.68550586704122,NA,NA,-97.8235465946411,30.3508165209493
840,3.58717643778241,1.09572687339658,5.83188772973451,-1.90782351318047,-3.60616919611273,-0.222423911368406,0.685166345236928,-0.823530905275805,2.29896561891373,NA,NA,-96.7816012828175,30.3631571353753
841,3.20200681995213,0.741816845669415,5.55057739751101,-1.99105991870108,-3.78014605060876,-0.273991558416335,1.01720358304421,-0.555515984630847,2.62525972745334,NA,NA,-95.7394673180897,30.36562686893
842,2.94172958331281,0.544839634081126,5.29007968567175,-1.91910033395544,-3.91679170482207,0.0402736856006745,0.556842621155086,-1.11550472833939,2.30384525225523,NA,NA,-94.6973953640965,30.3582210695963
843,2.78359189794644,0.422070973520679,5.22175691519496,-3.0957941922908,-5.3034457575816,-0.881582280709402,-0.0975325000459164,-1.81711707765413,1.66149773568055,NA,NA,-93.6556361445698,30.3409446883299
844,3.65741630632133,1.219799080013,6.10982586055422,-3.01005505501311,-5.23627832224741,-0.77456772390914,-0.0376692751532344,-1.74066314925552,1.69667752120366,NA,NA,-92.6144401135275,30.3137998957627
845,3.45179147116219,1.00054760036341,5.90345671200346,-4.49413444153021,-6.94678040422192,-2.04081186776821,-0.643704904639588,-2.43329541301642,1.05905582730591,NA,NA,-91.5740571732259,30.2767986741923
846,5.62634686370269,3.33313564302536,7.92069645488139,-4.49404249718071,-6.81977300261005,-2.11319273718644,-0.471652884202828,-2.31618471652037,1.27373796396524,NA,NA,-90.5347342522646,30.2299505969596
847,4.77337708571655,2.26508052911819,7.39607782560498,-3.97083445202145,-6.34192714218743,-1.53943913277629,-0.243270524743177,-2.03739259430732,1.46410796447465,NA,NA,-89.4967206756629,30.1732690179632
848,3.73173283693725,1.23398973418259,6.25769753802719,-3.92312934810894,-6.33121006762525,-1.52175969562937,-0.327590118950344,-2.09368481476201,1.42345024252674,NA,NA,-88.4602585391847,30.1067672387357
849,3.34033468919841,0.723916375636564,5.98697980898582,-3.11759116621243,-5.52103791329056,-0.69329308940219,0.0925717708328316,-1.63787606383941,1.85822050397197,NA,NA,-87.4255885341334,30.0304753957623
850,3.561937109657,0.974140157498099,6.13218475637589,-1.70536682419362,-4.11158292125049,0.626153155770241,0.997444507237902,-0.668235387930315,2.75085832076634,NA,NA,-86.3929516189877,29.944398272617
851,2.89485331738035,0.375797668702981,5.43220149724867,-0.932158610524053,-3.36502221789566,1.53113364963921,0.734728082438153,-0.932396073291372,2.42964299725072,NA,NA,-85.3625855729206,29.8485747694758
852,2.44783813081862,-0.0351408026275764,4.87118305315142,-0.529074338837442,-2.83128489339755,1.86306411913201,0.453088021253412,-1.21464953923144,2.0689982369762,NA,NA,-84.3347298107358,29.7430273275091
853,2.45200258693276,-0.0486319256148393,4.81852803034692,-0.819887292419209,-3.12126594479729,1.62624493019503,0.435506950464029,-1.02095211073992,1.92112821587172,NA,NA,-83.3096065808924,29.6277846482538
854,2.46421461925366,-0.0415802036158376,4.85272733431649,-1.30867999632466,-3.43045289402056,1.1106681903022,0.161100587008257,-1.28344406584708,1.61525692200755,NA,NA,-82.2874472652973,29.5028808411313
855,2.08463081872625,-0.668299509099126,4.74652574065087,-1.17874971428072,-3.43913657553321,1.40967818153213,0.127830552138387,-1.37035890375849,1.60638010436649,NA,NA,-81.2684708861615,29.3683499635391
856,1.48874980345595,-2.29592232537131,5.11117453672685,-1.3347270981724,-4.70652144742024,2.19817341431574,-0.198734255268457,-2.39720000408279,1.90783146829417,NA,NA,-80.2528985379793,29.2242284815985
857,-1.45186563245945,-4.60528323379078,1.61265433817359,-2.71120220674097,-4.89589228974991,-0.67659932637234,0.664063282099043,-1.77444677736611,3.23370147290965,NA,NA,-103.970332729672,29.1711345184768
858,1.42970325290405,-1.17858877569773,3.96784496635934,-1.61944873207229,-2.99581359328849,-0.251176325068738,1.93309622462742,-0.354402145927106,4.47832072951548,NA,NA,-102.945823694478,29.2419107503682
859,1.989106882037,-0.624757463194563,4.58306441491634,-1.25200889797406,-3.05968230433086,0.51584890194901,0.872623670643369,-0.994486034883967,2.78376315118407,NA,NA,-100.892206006231,29.3542821339543
860,2.716359598304,0.696386357012287,4.75222136488427,-1.97885952867702,-3.68155887484294,-0.367521934956268,0.76996537573024,-0.885031450167156,2.46733330727526,NA,NA,-99.8635538433568,29.3958378918731
861,4.4393459201292,2.27769401445383,6.46704098275801,-3.09937615072284,-4.84307809083782,-1.44890788928528,0.867973383666251,-0.726597428396015,2.49532974976643,NA,NA,-98.8339955170184,29.4276273597761
862,4.47875279805204,2.0888625805809,6.83380107668439,-2.26743298887093,-3.98350662443262,-0.646438864385146,1.00639852000869,-0.515357754187343,2.60687030793476,NA,NA,-97.8037712093334,29.4496414766614
863,4.28860271036358,1.71291197594157,6.74424465703611,-2.0616374605819,-3.84488261908266,-0.322857929632495,0.898407035106664,-0.615977277414106,2.54000022687112,NA,NA,-96.7731222235808,29.4618719470509
864,3.61617731249586,0.950204983386797,6.22090772053724,-2.40989158294775,-4.20495670887942,-0.593483334444539,0.52590332031171,-1.03520435531891,2.13090978682528,NA,NA,-95.7422934190831,29.4643186321203
865,3.18221485727397,0.53695286657572,5.90800054047311,-2.50879304238743,-4.73261455236627,-0.337182932374829,0.228401692223846,-1.5444267045535,2.0631678837511,NA,NA,-94.7115246549036,29.4569778903576
866,2.92534240069811,0.157239974616037,5.71549865047425,-3.34487233283263,-5.813663977294,-0.876507467431004,-0.194736812858807,-2.12419761983101,1.73884290011184,NA,NA,-93.6810578695653,29.4398516907835
867,4.10503653501272,1.3053233115599,6.9387369947755,-2.74090856898418,-5.39678305265801,-0.114358656526187,0.172283070223786,-1.77310684774742,2.14852769476971,NA,NA,-92.6511375648389,29.4129484837211
868,4.17665134584226,1.31691944169401,7.05177677937605,-3.71860854505227,-6.42247675174629,-0.994169340668535,-0.241671467844422,-2.23206500165141,1.68203592112018,NA,NA,-91.6219979760643,29.3762713439853
869,4.39769388114215,1.53777805683474,7.3099542716115,-4.55322772190727,-7.31731930308417,-1.7485509470045,-0.610848474935072,-2.65916776179066,1.29766446882754,NA,NA,-90.5938864631691,29.329835496974
870,4.44180717170843,1.40020139606755,7.49231716921684,-4.1660044084521,-7.0278506069645,-1.33039759671372,-0.391413692320238,-2.4430534145804,1.59695816423904,NA,NA,-89.5670427921306,29.273652339948
871,4.08863861769923,0.632975814780187,7.60386389338171,-4.04801865178697,-7.48444494045232,-0.666406037325385,-0.359014467257475,-2.73760425417802,1.98279562084954,NA,NA,-88.5417045145063,29.2077355032546
872,2.05768969380381,-1.39789601838795,5.41849870654165,-0.925486531593258,-4.14305566119043,2.41229573211898,0.402908575568259,-1.70563104217011,2.47783995585799,NA,NA,-83.4456570528557,28.7328723714034
873,1.66021936587981,-1.27130524295123,4.45394024121615,-1.03665744565994,-3.37421705363955,1.701989520357,0.370627520868772,-1.10655422767553,1.80999972309861,NA,NA,-82.4341679113987,28.609029601256
874,1.51872179923716,-1.6433835517331,4.47986739431931,-0.991732036922767,-3.32378425053175,1.68485381188013,0.174326541138098,-1.33247243726949,1.66560491345954,NA,NA,-81.4257589214284,28.4756302741436
875,0.891462993225675,-2.70473300132829,4.18728667817808,-1.49594876090633,-4.34774539256771,1.6789502368635,-0.523496699682817,-2.2340345439437,1.11049029697266,NA,NA,-80.4206503145145,28.3327141664549
876,2.96614931929958,-0.290641346997981,6.25388436315686,-1.86690017922623,-4.02473548121605,0.248578706182856,1.11393443268533,-0.990230065604701,3.32640716847933,NA,NA,-100.839799170516,28.4519846347817
877,3.84687864853552,1.15309396173189,6.58559737898731,-2.59432124149552,-4.42589793122322,-0.844216706793696,1.34459792740798,-0.407749084104327,3.21355476658477,NA,NA,-99.8221410586447,28.4931897923187
878,4.81708317284611,2.1089354915014,7.45180608930136,-2.84592970316565,-4.60921101425826,-1.23129423127186,1.66094240886966,-0.0214487023918202,3.3970980136143,NA,NA,-98.8036037532023,28.5247088807883
879,4.83236595811495,2.11318572712422,7.64782476469685,-3.04941037810429,-4.99215711962899,-1.23346101067369,1.64927842809933,0.0861801948690986,3.32867567816466,NA,NA,-97.7844205006506,28.5465353882343
880,4.54144332114854,1.72676442762711,7.33922908731398,-2.8881881720476,-5.0726577501004,-0.875424658904509,1.15349261091564,-0.447403346449888,2.95092528958058,NA,NA,-96.7648271835526,28.5586625642858
881,4.06295035760461,1.08348539261049,7.06125348192446,-2.37406836041451,-4.73259304050994,-0.108412891436082,0.861460483081443,-0.907795245360445,2.75284129950325,NA,NA,-95.7450594404413,28.5610887774951
882,3.62295140001529,0.138186301371996,7.17810979403447,-2.44324033932082,-5.63002112053423,0.683095030433746,0.540835253604415,-1.69564712617545,2.85983226206841,NA,NA,-94.7253496516552,28.5538106653276
883,1.25419753611521,-2.30658688577981,4.52959031187849,-0.889992687860299,-3.46390873042584,1.98223251733587,0.130146685477927,-1.55358079031676,1.73499003058672,NA,NA,-82.5778001011611,27.7129348158714
884,1.20718056909069,-2.53850978293506,4.44074951907203,-0.787842460675574,-3.22766287105369,2.10758932137016,0.366246696549607,-1.17861246118144,1.87382384671889,NA,NA,-81.5797498080299,27.5806225765842
885,1.40521203434431,-2.358360369587,4.797818751484,0.152550969235159,-2.62774061014388,3.23135173278498,-0.0446617070484471,-1.59279093033258,1.50886474173379,NA,NA,-80.5848967856478,27.4388599433824
886,1.41241006894698,-3.26298208981104,5.5541141003289,0.584391167948302,-2.91571709522996,4.18510854738153,0.218419854694,-1.70771602674356,2.09624426730211,NA,NA,-79.5934442932274,27.2876851795014
887,5.2475708818278,1.94200722221742,8.75695331857618,-2.88991594231952,-4.95093366251256,-0.848008488742296,2.1092599276021,0.112164110068996,4.26253436246292,NA,NA,-99.7816056004002,27.5884209095092
888,5.35736607577976,2.22800135423241,8.52280289132892,-3.76759371433448,-5.76652472245432,-1.83524253238473,1.98690328418156,0.220444283930761,3.87942257635907,NA,NA,-98.7738559594508,27.6196803654525
889,5.30464578588674,2.40935153740291,8.20549176836771,-4.24839569416476,-6.04424982655285,-2.44941458725665,1.69989635545902,0.125692374297849,3.34452601269333,NA,NA,-97.7654811441418,27.6413270736729
890,5.21451387848761,2.06707617031518,8.47233190329377,-4.55346224464225,-6.94082260513024,-2.20787024617931,1.63855068727737,-0.123789447294185,3.52573017656237,NA,NA,-96.7567093281511,27.6533554899831
891,0.598377051605179,-3.74371326991773,4.55272459857889,-1.09022886967563,-4.14532069004151,2.26521684374509,0.0102469404016973,-1.93226964133969,1.86061279090292,NA,NA,-82.7184446400312,26.8144392584395
892,0.346915518714433,-3.80996980682926,4.12721779459673,-0.768918966806504,-3.45681920753466,2.3110806792496,0.254255406016427,-1.41758766908295,1.78169369697924,NA,NA,-81.7305465487477,26.6831660478232
893,0.23033231955631,-4.25773340349111,3.84702744303859,-0.203628302220371,-3.07213639080169,2.86918784424915,-0.382154202182303,-2.07080590296425,1.36671950772999,NA,NA,-80.745748026708,26.5425084849531
894,0.194157186805917,-4.71336870484375,4.34559811987514,-0.473608654947779,-3.76898049718467,3.03618689716826,-0.824099372968037,-2.69656363770026,1.04437885621388,NA,NA,-79.7642440538776,26.3925027330855
895,5.90578894305853,1.98383591661421,9.93527936993802,-3.55652043235836,-6.00257656350555,-1.20476217397193,2.48836542736001,0.24313012931287,4.93961604944735,NA,NA,-99.7419201953412,26.6813602201636
896,6.18399588485372,2.56622009950635,9.87022014226928,-5.12980841282483,-7.34561217330243,-3.06255636536516,2.48782580211243,0.574833639246825,4.53116204033546,NA,NA,-98.7447346457662,26.7123724146124
897,6.58091395044119,3.09542318946154,10.137871668757,-6.22586194741614,-8.67125990091667,-3.8698925668752,2.71980254861637,0.911940228487947,4.60843117268003,NA,NA,-97.7469409873041,26.7338467365782
898,5.92792381058312,2.16257635541136,9.81589402358459,-6.24884216743097,-9.32824718598124,-3.24449860064019,2.20907681803874,0.102699446156026,4.43762691666906,NA,NA,-96.7487635710306,26.7457778544979
899,-0.395528029636121,-5.39417462821171,3.66220009196445,0.119956234100864,-3.0211382496492,3.41737365946251,0.0127775458620648,-1.89415967760167,1.95173505801255,NA,NA,-81.878244686014,25.7831008713119
900,-0.32167540280265,-5.60160416371637,3.60571236432236,0.350758922167374,-2.70120829898144,3.61429636251102,0.191886189452637,-1.68207504492105,2.05994488875007,NA,NA,-80.9033047976919,25.6435018135794
901,-1.26355536679523,-6.77032572146277,3.10333317794715,-0.985613984480747,-4.4989010273018,2.67595612254099,-1.50539987425815,-3.64356526214367,0.608652115343503,NA,NA,-79.9315578597677,25.4946134628712
902,5.9503329999726,1.70775388388139,10.3605428526848,-7.8461151433569,-10.7314049912075,-5.09553252157934,2.25920078046182,-0.032729343177947,4.51947688454107,NA,NA,-98.716210420344,25.8026137935416
903,6.92889807658076,2.85769681013823,11.1739100036342,-8.21427834903372,-10.9374615847514,-5.30251939797598,3.16296688816793,0.975748265858538,5.23204607382566,NA,NA,-97.7287863742879,25.8239260818634
904,5.98538862812135,1.70349662693142,10.3516196576378,-7.96959208880961,-11.1684746858979,-4.74059062801622,2.26779302895421,0.0158070001263332,4.55475517633962,NA,NA,-96.7409844529545,25.8357647579242
905,-0.749170326665862,-7.36978349310811,5.07210474875807,1.1800172691675,-3.80417248608864,6.22077171609297,-0.0597558725300772,-3.27489694048799,3.12608550356036,NA,NA,-82.9911318916856,25.0095908443845
906,-0.745422671326598,-6.42691488844967,3.87663270370412,1.17293195423226,-2.37508485225209,4.84465427170276,-0.0596836895496782,-2.26993759093975,2.16636812029507,NA,NA,-82.0229437252732,24.8802638701045
907,-0.623074761427493,-6.22124633958831,3.6551679271201,3.04217271955857,-0.402777538452786,6.48044667570052,0.477482238546981,-1.50171119554151,2.60396207094095,NA,NA,-81.0576693487307,24.7416782746969
908,-0.943756754723895,-6.76476035454135,3.78647401423071,1.03128449880113,-2.96147611984017,5.15860414855451,-0.511360235000136,-3.05557228612967,2.01732365354347,NA,NA,-80.0954929633818,24.5938615514206
