"rep","status","abundance","scenario","occ_shift","count_log_mult","bias_all","rmse_all","coverage_all","frac_sign_correct","sigma_region_mean","sigma_region_lb","sigma_region_ub","waic_primary","waic_national","waic_diff","elapsed_sec","est_EASTERN.TEMPERATE.FORESTS","est_GREAT.PLAINS","est_MARINE.WEST.COAST.FOREST","est_MEDITERRANEAN.CALIFORNIA","est_NORTH.AMERICAN.DESERTS","est_NORTHERN.FORESTS","est_NORTHWESTERN.FORESTED.MOUNTAINS","est_WATER","err_EASTERN.TEMPERATE.FORESTS","err_GREAT.PLAINS","err_MARINE.WEST.COAST.FOREST","err_MEDITERRANEAN.CALIFORNIA","err_NORTH.AMERICAN.DESERTS","err_NORTHERN.FORESTS","err_NORTHWESTERN.FORESTED.MOUNTAINS","err_WATER","cov_EASTERN.TEMPERATE.FORESTS","cov_GREAT.PLAINS","cov_MARINE.WEST.COAST.FOREST","cov_MEDITERRANEAN.CALIFORNIA","cov_NORTH.AMERICAN.DESERTS","cov_NORTHERN.FORESTS","cov_NORTHWESTERN.FORESTED.MOUNTAINS","cov_WATER","info_cam_detections_total","info_cam_det_per_site","info_inat_count_total","info_inat_count_per_cell","info_n_site","info_n_cell50"
1,"ok","bobcat_baseline","null",0,0,0.00435931109305227,0.0332275725720819,1,NA,0.142227840564174,0.0130434280790282,0.545085492853144,3060.96579390657,3048.53071516105,-12.4350787455237,2345.71098089218,0.0188868983339893,0.0259656425618119,0.00320812908015965,0.0104555514689935,-0.0675901855731197,0.0304923091327498,-0.0256237785948736,0.0390799223347072,0.0188868983339893,0.0259656425618119,0.00320812908015965,0.0104555514689935,-0.0675901855731197,0.0304923091327498,-0.0256237785948736,0.0390799223347072,1,1,1,1,1,1,1,1,211,0.302292263610315,978,4.52777777777778,698,216
2,"ok","bobcat_baseline","null",0,0,-0.00844183767096619,0.0379848486999522,1,NA,0.139119853009294,0.00438908508446594,0.544313204771676,2992.84829399415,2976.34392739745,-16.5043665967037,2290.55913376808,-0.055023685113468,-0.0243128904208283,-0.00371984176638646,0.0716659366493852,-0.0150412584225874,0.0181692075577786,-0.0448227396876674,-0.0144494301639558,-0.055023685113468,-0.0243128904208283,-0.00371984176638646,0.0716659366493852,-0.0150412584225874,0.0181692075577786,-0.0448227396876674,-0.0144494301639558,1,1,1,1,1,1,1,1,198,0.283667621776504,983,4.55092592592593,698,216
3,"ok","bobcat_baseline","null",0,0,0.00497585646209225,0.197851402270062,1,NA,0.350897355407581,0.0838458019732178,0.959560545668276,2938.15354489465,2936.41927142948,-1.73427346516837,1747.13030838966,0.399606192765921,0.086530122966128,0.165974351202602,-0.111010982698399,-0.0141266781438385,-0.0771195664943314,-0.294191201101235,-0.115855386800109,0.399606192765921,0.086530122966128,0.165974351202602,-0.111010982698399,-0.0141266781438385,-0.0771195664943314,-0.294191201101235,-0.115855386800109,1,1,1,1,1,1,1,1,205,0.293696275071633,908,4.2037037037037,698,216
4,"ok","bobcat_baseline","null",0,0,-0.00410538693407027,0.0286031271194599,1,NA,0.105310841359679,0.00299118695084864,0.368440038018366,2919.99264673902,2904.54485308902,-15.4477936499993,2239.20043730736,0.0157143790942758,0.000578525537503591,0.0523172388140911,-0.0138535745551598,-0.00664635085854303,-0.0124744467769967,-0.0139372629797746,-0.0545416037479585,0.0157143790942758,0.000578525537503591,0.0523172388140911,-0.0138535745551598,-0.00664635085854303,-0.0124744467769967,-0.0139372629797746,-0.0545416037479585,1,1,1,1,1,1,1,1,196,0.28080229226361,931,4.31018518518519,698,216
5,"ok","bobcat_baseline","null",0,0,-0.00975351337730882,0.14358957341156,1,NA,0.335766679606493,0.0458400316742876,1.01207142890048,3070.00441457155,3056.61232416421,-13.3920904073389,1866.76291370392,0.109353119147596,0.0434169085564041,0.195310683974888,0.0658888257366487,-0.12633781332633,-0.144283968978426,0.0431467993208347,-0.264522661450086,0.109353119147596,0.0434169085564041,0.195310683974888,0.0658888257366487,-0.12633781332633,-0.144283968978426,0.0431467993208347,-0.264522661450086,1,1,1,1,1,1,1,1,239,0.342406876790831,751,3.47685185185185,698,216
6,"ok","bobcat_baseline","null",0,0,-0.003863827771239,0.0406133492716238,1,NA,0.168975580354635,0.00865863142630309,0.514940341686358,2994.84678975756,2988.14445848415,-6.70233127341271,2047.30156970024,0.0195902111209718,-0.033209020395968,0.0785087294313654,-0.0592500106157934,-0.00732320183851253,0.00930462475678651,-0.0432679799324907,0.00473602530372884,0.0195902111209718,-0.033209020395968,0.0785087294313654,-0.0592500106157934,-0.00732320183851253,0.00930462475678651,-0.0432679799324907,0.00473602530372884,1,1,1,1,1,1,1,1,213,0.305157593123209,977,4.52314814814815,698,216
7,"ok","bobcat_baseline","null",0,0,0.00337778443220287,0.060991353916745,1,NA,0.229133641586166,0.039281662840399,0.668781727305696,2902.60682855292,2917.40658563947,14.7997570865427,2768.37020874023,-0.0503120386274789,0.0763372205241127,0.0622418486581193,-0.00915716417877855,-0.0551914873844181,0.0780835215538843,-0.0898772130581966,0.0148975879703787,-0.0503120386274789,0.0763372205241127,0.0622418486581193,-0.00915716417877855,-0.0551914873844181,0.0780835215538843,-0.0898772130581966,0.0148975879703787,1,1,1,1,1,1,1,1,222,0.318051575931232,942,4.36111111111111,698,216
8,"ok","bobcat_baseline","null",0,0,0.00721256389405453,0.0821028878716267,1,NA,0.208772840558125,0.0288866274813719,0.59653906979226,3094.26483891014,3096.49128497783,2.22644606768608,2415.82650518417,-0.0111017210709424,0.0492439712160925,0.0812872633483341,0.00196198693385755,-0.184038620790858,-0.0234161735888966,0.0746059739877704,0.0691578311170788,-0.0111017210709424,0.0492439712160925,0.0812872633483341,0.00196198693385755,-0.184038620790858,-0.0234161735888966,0.0746059739877704,0.0691578311170788,1,1,1,1,1,1,1,1,245,0.351002865329513,1129,5.22685185185185,698,216
9,"ok","bobcat_baseline","null",0,0,-0.00875868670025527,0.0696168216095474,1,NA,0.207535842039033,0.0219496268286153,0.603934392930664,3078.61335158936,3072.4635805489,-6.1497710404592,2400.92457580566,-0.114714907899417,0.107641756907634,0.0334930533812839,-0.00780595648029665,-0.0549993737621736,0.0680939328240742,-0.0499030977301398,-0.0518749008430073,-0.114714907899417,0.107641756907634,0.0334930533812839,-0.00780595648029665,-0.0549993737621736,0.0680939328240742,-0.0499030977301398,-0.0518749008430073,1,1,1,1,1,1,1,1,254,0.363896848137536,943,4.36574074074074,698,216
10,"ok","bobcat_baseline","null",0,0,-0.0283219670440089,0.0974995509125381,1,NA,0.289227784406098,0.0215838718109566,1.00703434484245,2981.76053563307,2979.60839470364,-2.15214092942688,2416.15977907181,0.106287119697098,0.0660063837848583,-0.0302844142901288,-0.0654392410570334,-0.0801755915659031,-0.147487992190599,-0.147664758833974,0.0721827581036109,0.106287119697098,0.0660063837848583,-0.0302844142901288,-0.0654392410570334,-0.0801755915659031,-0.147487992190599,-0.147664758833974,0.0721827581036109,1,1,1,1,1,1,1,1,220,0.315186246418338,799,3.69907407407407,698,216
11,"ok","bobcat_baseline","null",0,0,-0.00932652401194613,0.0838951307568451,1,NA,0.210139777250964,0.00631839200048971,0.639388550663722,2991.9837506609,3031.2851469574,39.3013962965078,1846.04099416733,-0.077312843687661,-0.0886590574758308,0.12324026477637,-0.0790935094559397,-0.0418220254400421,0.134909753231502,-0.0195079140159407,-0.0263668600280265,-0.077312843687661,-0.0886590574758308,0.12324026477637,-0.0790935094559397,-0.0418220254400421,0.134909753231502,-0.0195079140159407,-0.0263668600280265,1,1,1,1,1,1,1,1,227,0.325214899713467,1050,4.86111111111111,698,216
12,"ok","bobcat_baseline","null",0,0,0.00349151970185209,0.0146296739182405,1,NA,0.0778332093369501,0.00205011047336272,0.311324223269018,2828.03277300928,2825.83029299235,-2.20248001692426,2342.60293984413,0.00668241014481463,-0.00941143746511589,-0.014148693398524,-0.00819503414075869,0.00587035864493668,0.0210804377779217,-0.00267947807441324,0.0287335941259555,0.00668241014481463,-0.00941143746511589,-0.014148693398524,-0.00819503414075869,0.00587035864493668,0.0210804377779217,-0.00267947807441324,0.0287335941259555,1,1,1,1,1,1,1,1,197,0.282234957020057,771,3.56944444444444,698,216
13,"ok","bobcat_baseline","null",0,0,-0.01176132810011,0.158144402732856,1,NA,0.308846982628852,0.061344137509916,0.810786762651333,3173.5570411893,3193.70475378614,20.1477125968327,1997.81054735184,-0.0586940419155017,0.113372497742401,-0.0663419815415544,0.236046787909271,0.0173308848154437,0.12096709829108,-0.275321472931607,-0.181450397170413,-0.0586940419155017,0.113372497742401,-0.0663419815415544,0.236046787909271,0.0173308848154437,0.12096709829108,-0.275321472931607,-0.181450397170413,1,1,1,1,1,1,1,1,257,0.368194842406877,812,3.75925925925926,698,216
14,"ok","bobcat_baseline","null",0,0,-0.00914657170594904,0.0632522752683921,1,NA,0.175775036824721,0.0260642945974856,0.481034782034407,2935.85211455627,2939.62181682326,3.76970226698904,2546.19896245003,0.0365476329533162,-0.0187384193320334,-0.0492548880915804,-0.00714652175667565,0.0622286068344475,0.0370033184126989,-0.149514615641751,0.0157023129739856,0.0365476329533162,-0.0187384193320334,-0.0492548880915804,-0.00714652175667565,0.0622286068344475,0.0370033184126989,-0.149514615641751,0.0157023129739856,1,1,1,1,1,1,1,1,216,0.30945558739255,819,3.79166666666667,698,216
15,"ok","bobcat_baseline","null",0,0,-0.00390873340359027,0.0988996630154402,1,NA,0.238645648711721,0.0355346891886826,0.672256383422734,3127.32060124979,3135.38616156169,8.06556031189439,2566.96574401855,-0.0599872560545688,0.0538806686277627,0.103993470558874,0.0622783258723747,0.0268382504821655,0.0711217729709844,-0.0761375123476938,-0.213257587338621,-0.0599872560545688,0.0538806686277627,0.103993470558874,0.0622783258723747,0.0268382504821655,0.0711217729709844,-0.0761375123476938,-0.213257587338621,1,1,1,1,1,1,1,1,255,0.365329512893983,982,4.5462962962963,698,216
16,"ok","bobcat_baseline","null",0,0,-0.0222937878246429,0.0752034538195004,1,NA,0.226331786616042,0.0147145966078494,0.766371484549844,3162.79155510411,3158.1471812714,-4.64437383271024,2447.56227278709,-0.039337216899053,0.13606859998016,-0.0831917416961142,-0.101699958325369,-0.0499191114795825,0.0422524707180221,-0.0303895156174206,-0.0521338292777865,-0.039337216899053,0.13606859998016,-0.0831917416961142,-0.101699958325369,-0.0499191114795825,0.0422524707180221,-0.0303895156174206,-0.0521338292777865,1,1,1,1,1,1,1,1,255,0.365329512893983,937,4.33796296296296,698,216
17,"ok","bobcat_baseline","null",0,0,-0.0184892496103153,0.08696399045057,1,NA,0.259292178245727,0.0250159757976789,0.934441768904433,2962.13626395328,2942.44094854357,-19.6953154097123,2410.42876005173,0.108828704736714,0.0184833241751259,-0.0281864608834877,-0.0791395103724887,-0.0049135944854285,0.0241078396583706,-0.201137940163967,0.014043640452639,0.108828704736714,0.0184833241751259,-0.0281864608834877,-0.0791395103724887,-0.0049135944854285,0.0241078396583706,-0.201137940163967,0.014043640452639,1,1,1,1,1,1,1,1,196,0.28080229226361,997,4.61574074074074,698,216
18,"ok","bobcat_baseline","null",0,0,-0.00159195702352345,0.0152433972233204,1,NA,0.0875607064445466,0.0124221174295717,0.241444225014617,2927.93479217786,2917.7816749886,-10.1531171892589,2447.92966246605,0.00130275661654641,-0.00307480304517898,-0.00501888115586694,0.012050142227642,-0.0198888759163335,0.0298292167310246,-0.0149176074219539,-0.0130176042240673,0.00130275661654641,-0.00307480304517898,-0.00501888115586694,0.012050142227642,-0.0198888759163335,0.0298292167310246,-0.0149176074219539,-0.0130176042240673,1,1,1,1,1,1,1,1,208,0.297994269340974,827,3.8287037037037,698,216
19,"ok","bobcat_baseline","null",0,0,-0.000429499037835723,0.0799070416528865,1,NA,0.221251663911404,0.0257246708654119,0.549079636022189,3036.22518772659,3041.80376072628,5.57857299969055,2512.09889578819,0.0167812232709141,0.00184169272586652,0.0907800119870894,-0.0476276286146009,-0.157773704761166,-0.00375669533260785,-0.0251252995375461,0.121444407959365,0.0167812232709141,0.00184169272586652,0.0907800119870894,-0.0476276286146009,-0.157773704761166,-0.00375669533260785,-0.0251252995375461,0.121444407959365,1,1,1,1,1,1,1,1,235,0.336676217765043,873,4.04166666666667,698,216
20,"ok","bobcat_baseline","null",0,0,-0.0402618979384461,0.143336315112067,1,NA,0.367205288587068,0.0560844965006815,0.935856748939943,2845.68728568409,2874.37129874765,28.6840130635628,2131.41677761078,-0.154533273303003,0.0989341463970554,-0.306891967329864,0.134759933213083,0.0161937411456068,0.0508857069249736,-0.11584571023049,-0.0455977603249305,-0.154533273303003,0.0989341463970554,-0.306891967329864,0.134759933213083,0.0161937411456068,0.0508857069249736,-0.11584571023049,-0.0455977603249305,1,1,1,1,1,1,1,1,209,0.299426934097421,852,3.94444444444444,698,216
21,"ok","bobcat_baseline","null",0,0,0.00592326174033167,0.0246137299881033,1,NA,0.0892477789989895,0.0034132542594003,0.401649916696355,3143.70241529788,3141.71909625437,-1.98331904351153,2543.77447628975,0.0158341748169413,0.0157211092314123,0.0461147176718051,0.00485003862055476,-0.00283866333387745,-0.0444065752242122,0.0145814179391807,-0.00247012579915123,0.0158341748169413,0.0157211092314123,0.0461147176718051,0.00485003862055476,-0.00283866333387745,-0.0444065752242122,0.0145814179391807,-0.00247012579915123,1,1,1,1,1,1,1,1,237,0.339541547277937,1070,4.9537037037037,698,216
22,"ok","bobcat_baseline","null",0,0,-0.0208381931252343,0.105325909386639,1,NA,0.271351587360388,0.066128907612964,0.694099827945816,2934.17434638331,2930.25266582577,-3.92168055753655,2254.67528939247,0.0976813044152268,-0.0938435047306525,0.115811978749144,0.0862557993158882,-0.00963783079121615,-0.118457339858609,-0.174834610549168,-0.0696813415524878,0.0976813044152268,-0.0938435047306525,0.115811978749144,0.0862557993158882,-0.00963783079121615,-0.118457339858609,-0.174834610549168,-0.0696813415524878,1,1,1,1,1,1,1,1,215,0.308022922636103,947,4.38425925925926,698,216
23,"ok","bobcat_baseline","null",0,0,-0.0235897768906056,0.0836948530763236,1,NA,0.227566264598927,0.0114973394126171,0.867794085142409,3022.85147017224,3030.05226222756,7.20079205532056,2524.51234674454,0.00706276728807792,0.0758471023778455,-0.0392473102712873,-0.0936440232716178,0.0233675556631888,0.0634778954963592,-0.183173117646204,-0.0424090847612072,0.00706276728807792,0.0758471023778455,-0.0392473102712873,-0.0936440232716178,0.0233675556631888,0.0634778954963592,-0.183173117646204,-0.0424090847612072,1,1,1,1,1,1,1,1,218,0.312320916905444,1230,5.69444444444444,698,216
24,"ok","bobcat_baseline","null",0,0,0.0178681317312986,0.0870040244171948,1,NA,0.194443181202937,0.011696459869417,0.618791294800722,3004.00332275314,3007.92527484541,3.92195209227521,2506.80826640129,0.0224337614455944,0.0805478308077898,0.0686904591140171,0.0128269789962711,-0.134738680622352,0.11580045993847,-0.103132357414229,0.0805166015848273,0.0224337614455944,0.0805478308077898,0.0686904591140171,0.0128269789962711,-0.134738680622352,0.11580045993847,-0.103132357414229,0.0805166015848273,1,1,1,1,1,1,1,1,226,0.32378223495702,1031,4.77314814814815,698,216
25,"ok","bobcat_baseline","null",0,0,0.0103669939605308,0.0727363870734963,1,NA,0.194343645509055,0.00922211574844448,0.564564205063101,3010.99092499215,3003.27210728403,-7.71881770811842,2480.32142615318,-0.130522053295418,0.0131705352118506,-0.00668350102052531,0.0758479843309747,-0.0222560203954693,-0.0337431844704762,0.0841719917642819,0.102950199559028,-0.130522053295418,0.0131705352118506,-0.00668350102052531,0.0758479843309747,-0.0222560203954693,-0.0337431844704762,0.0841719917642819,0.102950199559028,1,1,1,1,1,1,1,1,225,0.322349570200573,1040,4.81481481481481,698,216
26,"ok","bobcat_baseline","null",0,0,-0.00232097009189295,0.0563615297590541,1,NA,0.152214247826509,0.0127714089249744,0.524236984274533,3071.11284816894,3077.01565178884,5.90280361990017,2427.83552098274,-0.0458873426333029,0.0223888919407786,0.116629258344409,-0.00108463751028624,-0.0838551262348738,0.0214670322095108,-0.04065262700398,-0.00757320984739922,-0.0458873426333029,0.0223888919407786,0.116629258344409,-0.00108463751028624,-0.0838551262348738,0.0214670322095108,-0.04065262700398,-0.00757320984739922,1,1,1,1,1,1,1,1,243,0.348137535816619,1180,5.46296296296296,698,216
27,"ok","bobcat_baseline","null",0,0,0.00215624691035473,0.0571666694702539,1,NA,0.182127732984159,0.0147871344220864,0.560054787409796,2968.1610935282,2961.32478928314,-6.83630424505827,2591.12998604774,0.00475652251267882,0.0964190464476887,0.0851472519040179,0.0156068857223348,-0.0563925842471437,-0.043434529970346,-0.0606564087691625,-0.0241962083172303,0.00475652251267882,0.0964190464476887,0.0851472519040179,0.0156068857223348,-0.0563925842471437,-0.043434529970346,-0.0606564087691625,-0.0241962083172303,1,1,1,1,1,1,1,1,203,0.290830945558739,1007,4.66203703703704,698,216
28,"ok","bobcat_baseline","null",0,0,-0.0151374026526269,0.22151510127932,1,NA,0.388165019461238,0.125001463334075,0.819918266694624,3079.76656538913,3064.40117547244,-15.3653899166834,2433.83882284164,0.0240631798424465,-0.0769556132644662,0.274482187847992,-0.0028560476988328,-0.0122731510575031,-0.0162140145476903,-0.517487801329485,0.206142038986524,0.0240631798424465,-0.0769556132644662,0.274482187847992,-0.0028560476988328,-0.0122731510575031,-0.0162140145476903,-0.517487801329485,0.206142038986524,1,1,1,1,1,1,1,1,232,0.332378223495702,1068,4.94444444444444,698,216
29,"ok","bobcat_baseline","null",0,0,-0.00258628175420107,0.0562359961953003,1,NA,0.176664975047459,0.00788834213125581,0.535537584227624,3005.84465096591,3002.68282553148,-3.16182543442801,2158.09234189987,-0.0109055234860051,0.0171441398413261,0.0720591209216916,-0.00659849976852722,-0.0199460903605693,-0.0791618558762896,-0.0771515616837294,0.0838700163784944,-0.0109055234860051,0.0171441398413261,0.0720591209216916,-0.00659849976852722,-0.0199460903605693,-0.0791618558762896,-0.0771515616837294,0.0838700163784944,1,1,1,1,1,1,1,1,205,0.293696275071633,955,4.4212962962963,698,216
30,"ok","bobcat_baseline","null",0,0,-0.0293358425761518,0.134709380338601,1,NA,0.302972745889685,0.00637688146213905,0.886667837587604,2883.29665082918,2888.00475294051,4.70810211133539,2288.639950037,0.161455891298982,0.048775632838426,-0.252864828169352,-0.175139467942374,-0.0170032110988445,0.0687494535085602,-0.120175043124194,0.0515148320795816,0.161455891298982,0.048775632838426,-0.252864828169352,-0.175139467942374,-0.0170032110988445,0.0687494535085602,-0.120175043124194,0.0515148320795816,1,1,1,1,1,1,1,1,197,0.282234957020057,852,3.94444444444444,698,216
1,"ok","bobcat_baseline","varying",0,0,-0.0375063807468531,0.296866653295436,1,0.375,0.366096134959458,0.0636713781301533,1.00292533380318,2905.85944060433,2900.75609112943,-5.10334947489855,2538.899766922,-0.100794100899563,0.200293275542919,-0.130790846606377,0.220309895311845,-0.236777717828151,0.104275137666588,-0.260104821466922,-0.0964618676951633,0.184979702425141,0.404417420774851,-0.00831635946721858,0.261134724358232,-0.277602546874537,-0.0181993494725714,-0.464228966698854,-0.382235671019867,1,1,1,1,1,1,1,1,246,0.35243553008596,817,3.78240740740741,698,216
2,"ok","bobcat_baseline","varying",0,0,0.00744272058068388,0.189666189251839,1,0.75,0.309538232092197,0.0525755533810224,0.932839295028846,2952.22162648035,2934.59692383175,-17.624702648603,2496.12584710121,-0.0708528461446793,-0.060748421852502,-0.00747724091193203,-0.0210646800251361,0.202102177388154,-0.0228880023727785,-0.192767594207038,0.233238372771383,0.214920957180025,0.143375723379429,0.114997246227227,0.0197601490212502,0.161277348341768,-0.145362489511937,-0.396891739438969,-0.0525354305533216,1,1,1,1,1,1,1,1,211,0.302292263610315,830,3.84259259259259,698,216
3,"ok","bobcat_baseline","varying",0,0,-0.00194031922634206,0.155525868083452,1,0.625,0.198731648764984,0.0250502432719412,0.66709866319979,2928.38169608962,2921.57916164532,-6.80253444430082,2372.05624055862,-0.0667841247415826,-0.0623848302104105,0.00576772815238082,0.0346998987637853,-0.0487411132125832,0.0490634841128075,0.0339227117268458,0.0389336915980203,0.218989678583122,0.141739315021521,0.12824221529154,0.0755247278101716,-0.0895659422589695,-0.0734110030263514,-0.170201433505086,-0.246840111726684,1,1,1,1,1,1,1,1,216,0.30945558739255,849,3.93055555555556,698,216
4,"ok","bobcat_baseline","varying",0,0,0.00818768792335343,0.166760001815713,1,0.75,0.194780318254859,0.00804454675035371,0.677966935626271,2879.41818314138,2880.03345193922,0.615268797836507,2467.82556009293,-0.0306275212350897,-0.025040122903122,-0.0454261338857111,0.0132785185372087,0.0306037016588714,0.0697551862000402,0.0807717784758818,-0.027813903461252,0.255146282089614,0.17908402232881,0.0770483532534478,0.054103347583595,-0.0102211273875149,-0.0527193009391187,-0.12335236675605,-0.313587706785956,1,1,1,1,1,1,1,1,228,0.326647564469914,809,3.74537037037037,698,216
5,"ok","bobcat_baseline","varying",0,0,-0.00488784987075514,0.248240881147872,1,0.5,0.304256392082826,0.072902532633727,0.879441805908532,3110.9945896636,3124.55130445503,13.556714791428,2542.95599722862,-0.106457277324628,0.11081953825601,0.100435336775424,-0.144693597867107,0.213908841012722,0.0184962587534032,-0.16401497282547,-0.0675969257463952,0.179316526000076,0.314943683487942,0.222909823914583,-0.103868768820721,0.173084011966335,-0.103978228385756,-0.368139118057402,-0.353370729071099,1,1,1,1,1,1,1,1,223,0.319484240687679,1042,4.82407407407407,698,216
6,"ok","bobcat_baseline","varying",0,0,0.00465231984607036,0.165989024319455,1,0.875,0.125109435118944,0.0106283564175662,0.387730125744562,3050.25574079028,3055.48913973489,5.2333989446156,2431.74807834625,-0.0430044433851516,0.0124176537914033,-0.0297979504123424,-0.0281263827986806,0.0124546025343216,0.0411271162371011,0.0699537569838451,0.00219420581806647,0.242769359939553,0.216541799023335,0.0926765367268165,0.0126984462477057,-0.0283702265120647,-0.0813473709020578,-0.134170388248086,-0.283579597506638,1,1,1,1,1,1,1,1,231,0.330945558739255,803,3.71759259259259,698,216
7,"ok","bobcat_baseline","varying",0,0,-0.00733934904816965,0.154671880504739,1,0.875,0.233508667315071,0.0303931584965639,0.613936740404406,2950.44817684795,2958.49344312258,8.04526627463019,2529.41843891144,-0.0716724038775352,-0.00209490788449751,-0.00742660123682358,-0.0804959669499818,-0.0303135571163873,0.026841668126362,0.0455532796183473,0.0608936969351588,0.214101399447169,0.202029237347434,0.115047885902335,-0.0396711379035955,-0.0711383861627736,-0.0956328190127969,-0.158570865613584,-0.224880106389545,1,1,1,1,1,1,1,1,225,0.322349570200573,950,4.39814814814815,698,216
8,"ok","bobcat_baseline","varying",0,0,-0.015597749751431,0.132423393463491,1,0.75,0.259152978553889,0.0422532059711092,0.728967169284889,2989.7676172648,2983.4364159985,-6.33120126630092,2501.73753046989,-0.087475548072105,-0.101575357791371,-0.174642978158717,0.0924299339984981,-0.123119907356015,0.0149880556878792,0.130415442597829,0.124198361082553,0.198298255252599,0.102548787440561,-0.0521684910195577,0.133254763044884,-0.163944736402401,-0.10748643145128,-0.0737087026341023,-0.161575442242151,1,1,1,1,1,1,1,1,211,0.302292263610315,854,3.9537037037037,698,216
9,"ok","bobcat_baseline","varying",0,0,-0.0459244526822668,0.233030769677114,1,0.5,0.396142157571848,0.0473644485073887,1.04059230813103,3042.79518743026,3038.85522397834,-3.93996345191999,2473.8726272583,-0.43781654936223,-0.0510283806476708,-0.131895654287574,0.125399689301442,-0.165452595627475,0.442660025499707,-0.0419029210866951,-0.107359235247638,-0.152042746037526,0.153095764584261,-0.00942116714841508,0.166224518347828,-0.206277424673862,0.320185538360548,-0.246027066318627,-0.393133038572342,1,1,1,1,1,1,1,1,202,0.289398280802292,1026,4.75,698,216
10,"ok","bobcat_baseline","varying",0,0,-0.00261937986308434,0.160294773920377,1,0.75,0.155749712798061,0.0185560869653421,0.418320786306201,3022.56778964809,3033.93833810532,11.3705484572347,2372.54522395134,-0.0233495026709923,-0.0237198480300652,-0.051220315167097,-0.0233557118695441,-0.00385409070416435,0.0316852209262135,-0.0323345628802795,0.105193771491254,0.262424300653712,0.180404297201866,0.0712541719720619,0.0174691171768422,-0.0446789197505507,-0.0907892662129454,-0.236458708112211,-0.18058003183345,1,1,1,1,1,1,1,1,235,0.336676217765043,709,3.28240740740741,698,216
11,"ok","bobcat_baseline","varying",0,0,-0.00649645566844258,0.19299662977586,1,0.625,0.136800902265112,0.0193738485104959,0.48437415486645,2901.7176778575,2896.9415811583,-4.77609669919593,2485.29641771317,-0.0164451459875641,0.032917044028604,-0.000195073255954756,-0.0204443201541504,-0.0223479029797955,0.00743129925556662,-0.0550942488305636,0.0222067025763171,0.26932865733714,0.237041189260536,0.122279413883204,0.0203805088922359,-0.0631727320261818,-0.115043187883592,-0.259218394062495,-0.263567100748387,1,1,1,1,1,1,1,1,194,0.277936962750716,763,3.53240740740741,698,216
12,"ok","bobcat_baseline","varying",0,0,-0.0258558900875681,0.194028420084589,1,0.5,0.192349614973899,0.023577689988304,0.584293457009621,3060.50075652435,3079.09639765173,18.5956411273755,2376.74994492531,0.0107613898662173,-0.0380141536798938,-0.0676125637306305,-0.0290833658263203,-0.0829380465348123,0.0860513426429368,-0.0804388081231503,-0.00557291531489146,0.296535193190921,0.166109991552038,0.0548619234085284,0.011741463220066,-0.123762875581199,-0.036423144496222,-0.284562953355082,-0.291346718639596,1,1,1,1,1,1,1,1,240,0.343839541547278,1070,4.9537037037037,698,216
13,"ok","bobcat_baseline","varying",0,0,-0.00495735314052713,0.18180192760203,1,0.5,0.338019067432771,0.0293921016125365,0.950213350018033,2999.52893835626,3006.96189278194,7.43295442567796,2303.2309024334,-0.248361392477434,-0.125953577385359,0.107165212377017,0.0946625616264412,-0.251194204044861,0.068341967814922,-0.0860026157170301,0.401683222682087,0.0374124108472697,0.0781705678465723,0.229639699516176,0.135487390672828,-0.292019033091247,-0.0541325193242369,-0.290126760948962,0.115909419357383,1,1,1,1,1,1,1,1,213,0.305157593123209,834,3.86111111111111,698,216
14,"ok","bobcat_baseline","varying",0,0,-0.0220737549199674,0.167555140012985,1,0.5,0.316992281390596,0.0659524761035995,0.86902739331415,2867.45128248732,2896.83742560794,29.386143120611,2444.0529499054,0.0105822412903827,-0.202986353803346,-0.195275890359389,0.132008314187378,-0.0825381420076996,0.0728533074680378,-0.038060993740659,0.126827477605556,0.296356044615087,0.00113779142858542,-0.0728014032202301,0.172833143233764,-0.123362971054086,-0.0496211796711211,-0.242185138972591,-0.158946325719148,1,1,1,1,1,1,1,1,212,0.303724928366762,877,4.06018518518519,698,216
15,"ok","bobcat_baseline","varying",0,0,-0.00699952763879891,0.196577452557585,0.875,0.375,0.159881790477432,0.0199984522024977,0.484606122497336,2797.78698867694,2790.91675962221,-6.87022905473077,2443.016320467,0.00927683272288839,0.0551236044104775,-0.0735756024652769,-0.0439651258718332,-0.0598411363485313,0.0927555974836267,-0.0181152447323584,-0.0176551463093839,0.295050636047593,0.259247749642409,0.048898884673882,-0.00314029682544693,-0.100665965394918,-0.0297188896555322,-0.22223938996429,-0.303428949634088,1,1,1,1,1,1,1,0,194,0.277936962750716,865,4.00462962962963,698,216
16,"ok","bobcat_baseline","varying",0,0,0.000531806866405199,0.184903503589234,1,0.625,0.41204682834304,0.0489870712694002,1.35575481375308,2975.82699781277,2970.83361912005,-4.99337869272858,2576.44516396523,-0.283712678051916,0.215917423768218,-0.35072860273964,0.0646361598480833,-0.118808304731551,0.0788163516343697,0.12466958547797,0.273464519725708,0.00206112527278834,0.420041569000149,-0.228254115600481,0.10546098889447,-0.159633133777938,-0.0436581355047892,-0.0794545597539618,-0.0123092835989957,1,1,1,1,1,1,1,1,214,0.306590257879656,899,4.16203703703704,698,216
17,"ok","bobcat_baseline","varying",0,0,0.00442094806022628,0.167934105182581,1,0.625,0.221617330805263,0.0294036929696556,0.633164547664993,2975.54869663565,2976.94953369851,1.40083706286123,2546.2643840313,-0.0827111398663125,0.0788349073723416,-0.1643595516693,0.0889567023163529,-0.0635323662279954,0.0546151632561692,0.0604627593582931,0.0631011099422617,0.203062663458392,0.282959052604273,-0.0418850645301415,0.129781531362739,-0.104357195274382,-0.0678593238829897,-0.143661385873638,-0.222672693382442,1,1,1,1,1,1,1,1,229,0.328080229226361,813,3.76388888888889,698,216
18,"ok","bobcat_baseline","varying",0,0,-0.0195625719035346,0.228596676425173,1,0.625,0.339481513328349,0.0665221362962338,0.958869471881228,3032.04016642672,3012.82892115324,-19.2112452734782,2557.64698505402,-0.0994563703538002,-0.112934040021048,0.176692264183004,0.0134374041080711,0.000267213705644031,0.0633412338276466,-0.282817952567972,0.0849696718901767,0.186317432970904,0.0911901052108839,0.299166751322163,0.0542622331544574,-0.0405576153407423,-0.0591332533115123,-0.486942097799903,-0.200804131434527,1,1,1,1,1,1,1,1,220,0.315186246418338,1106,5.12037037037037,698,216
19,"ok","bobcat_baseline","varying",0,0,0.0131306495312355,0.171951472885361,0.875,0.75,0.172335900174815,0.0165451884836088,0.562046007323581,2975.64036831624,2986.76946399331,11.1290956770727,2218.71518516541,-0.108757281841183,0.0651873230024362,0.042653919527735,-0.070153182401409,0.0432642285544647,0.0712912707749923,0.0613149092586054,0.000244009374242417,0.177016521483521,0.269311468234368,0.165128406666894,-0.0293283533550227,0.00243939950807839,-0.0511832163641666,-0.142809235973326,-0.285529793950462,1,0,1,1,1,1,1,1,219,0.313753581661891,993,4.59722222222222,698,216
20,"ok","bobcat_baseline","varying",0,0,-0.0119053578151102,0.155607771445266,1,0.75,0.144100691752435,0.0092766237536506,0.506526407094898,2980.65015710439,2978.1986323065,-2.45152479789294,2741.27597808838,-0.0534755813212812,-0.0745466770225797,0.0267905988735067,-0.104325891479736,-0.00506594919407413,0.040842595299893,0.0248461117814929,0.0496919305418966,0.232298222003423,0.129577468209352,0.149265086012666,-0.0635010624333497,-0.0458907782404604,-0.0816318918392658,-0.179278033450439,-0.236081872782808,1,1,1,1,1,1,1,1,217,0.310888252148997,801,3.70833333333333,698,216
21,"ok","bobcat_baseline","varying",0,0,-0.0229488729520865,0.159173051654855,1,0.75,0.251930445846385,0.0393217749286253,1.21669120127954,3040.62704629812,3045.19969975875,4.57265346062741,2476.95921754837,0.00142235400146842,-0.172607875028866,-0.0444575890747899,-0.018837061784832,-0.0570627133915475,0.0482347410027278,0.0391446812924867,0.0205724793666611,0.287196157326173,0.0315162702030653,0.078016898064369,0.0219877672615543,-0.0978875424379338,-0.0742397461364311,-0.164979463939445,-0.265201323958043,1,1,1,1,1,1,1,1,230,0.329512893982808,821,3.80092592592593,698,216
22,"ok","bobcat_baseline","varying",0,0,0.00521834445737411,0.136159875748876,1,0.75,0.283545925901451,0.0418143903200379,1.0217501285091,2959.46997692571,2975.63412678133,16.1641498556205,2036.66811513901,-0.164047037383095,-0.187552619798848,0.0368601195817051,0.0608440155812354,0.117241184429964,0.0319120247810148,0.143086217335832,0.00340285113118417,0.121726765941609,0.0165715254330832,0.159334606720864,0.101668844627622,0.076416355383578,-0.0905624623581441,-0.0610379278960993,-0.28237095219352,1,1,1,1,1,1,1,1,207,0.296561604584527,842,3.89814814814815,698,216
23,"ok","bobcat_baseline","varying",0,0,-0.0116048581043859,0.17689526314341,0.875,0.75,0.173257705706785,0.0179615692031436,0.5966581125642,2968.9040179192,2965.61641441892,-3.28760350028006,2398.94043087959,0.0553384841837958,-0.065132158382266,-0.0613079249391562,-0.132376808571097,0.0428053523990347,-0.0120321458285031,0.0128392583749923,0.0670270779281122,0.3411122875085,0.138991986849665,0.0611665622000027,-0.0915519795247105,0.00198052335264843,-0.134506632967662,-0.191284886856939,-0.218746725396592,0,1,1,1,1,1,1,1,223,0.319484240687679,758,3.50925925925926,698,216
24,"ok","bobcat_baseline","varying",0,0,0.0427174965594653,0.131268117725492,1,0.875,0.426201493311839,0.0305806865646995,1.27915166002783,2901.40959286086,2897.20461354737,-4.20497931348609,2449.18386054039,-0.178027969328584,-0.192365214279346,-0.361540131382457,0.186897652332921,0.085564447345024,0.213152817155947,0.22117878324831,0.366879587383907,0.107745833996121,0.0117589309525852,-0.239065644243299,0.227722481379308,0.0447396182986377,0.0906783300167884,0.0170546380163786,0.0811057840592033,1,1,1,1,1,1,1,1,239,0.342406876790831,1022,4.73148148148148,698,216
25,"ok","bobcat_baseline","varying",0,0,0.00405906655188667,0.183739249885872,1,0.375,0.180275611016717,0.00265318853400798,0.654219979061144,2950.94846724127,2935.21086084941,-15.7376063918618,2388.04309511185,0.0159572902219005,-0.116661271818908,0.0168494380267419,0.0968984160116468,-0.0239527247248167,0.0491713712296844,-0.0265748897206265,0.0207849031894706,0.301731093546605,0.0874628734130239,0.139323925165901,0.137723245058033,-0.064777553771203,-0.0733031159094745,-0.230699034952558,-0.264988900135234,1,1,1,1,1,1,1,1,218,0.312320916905444,841,3.89351851851852,698,216
26,"ok","bobcat_baseline","varying",0,0,-0.00243767194305029,0.178617761489628,0.875,0.75,0.0877550238006585,0.00338271901669611,0.327629212294195,2928.32068356982,2923.1708986481,-5.14978492171531,2567.23457527161,-0.0452365652991517,-0.00664232367170672,-4.53371884825051e-05,0.0282605875374856,0.0133159418143992,-0.0199389162923835,0.00200241418150083,0.00878282337393655,0.240537238025552,0.197481821560225,0.122429149950676,0.0690854165838719,-0.0275088872319871,-0.142413403431542,-0.202121731050431,-0.276990979950768,1,1,1,1,1,1,1,0,209,0.299426934097421,771,3.56944444444444,698,216
27,"ok","bobcat_baseline","varying",0,0,-0.0148999092270797,0.234921610764129,0.875,0.75,0.267867095386633,0.0271250857711566,0.907535455268288,3060.72916727665,3061.10419143601,0.375024159357963,2496.79855751991,-0.0990044188739231,0.210834295105505,-0.122252217847459,-0.0629212420718302,0.0825479464522603,0.048282813818187,-0.176765802104927,7.93517055495631e-05,0.186769384450781,0.414958440337436,0.000222269291699717,-0.0220964130254439,0.0417231174058739,-0.0741916733209719,-0.380889947336858,-0.285694451619155,1,0,1,1,1,1,1,1,237,0.339541547277937,827,3.8287037037037,698,216
28,"ok","bobcat_baseline","varying",0,0,0.00352104399901084,0.221667817745095,0.75,0.5,0.193793485364829,0.0132771501833415,0.693872689637355,3039.76193745059,3035.85836591478,-3.90357153581044,2188.37187194824,-0.130341433557786,0.0988397062954579,0.153930116804939,-0.0625424293614712,0.0238933360599324,0.0532216028514943,-0.00592773688198494,-0.102904810218494,0.155432369766918,0.302963851527389,0.276404603944097,-0.0217176003150849,-0.0169314929864539,-0.0692528842876645,-0.210051882113916,-0.388678613543198,1,1,0,1,1,1,1,0,220,0.315186246418338,1153,5.33796296296296,698,216
29,"ok","bobcat_baseline","varying",0,0,0.00952878048840413,0.138188895680486,1,1,0.21544083587458,0.0365379052517815,0.647965678209062,2976.16053343288,2977.87777909254,1.71724565966633,2570.62475419044,-0.0805617664037503,-0.0236231308378483,-0.0546340510140694,-0.105999576416455,0.129624210992911,0.0588286397896936,0.0212561636510743,0.131339754145677,0.205212036920954,0.180501014394083,0.0678404361250896,-0.0651747473700687,0.0887993819465249,-0.0636458473494653,-0.182867981580857,-0.154434049179027,1,1,1,1,1,1,1,1,198,0.283667621776504,826,3.82407407407407,698,216
30,"ok","bobcat_baseline","varying",0,0,0.00219332929050287,0.207598725784313,1,0.75,0.401980003029366,0.0762351386834692,1.1456393267294,3026.0004129623,3024.1609208652,-1.83949209710545,2431.19069123268,-0.151121671058499,0.245521706007394,-0.193275092939826,-0.291076638804822,-0.104268881661493,0.185704984624668,0.0264064601110636,0.299655768045537,0.134652132266205,0.449645851239325,-0.0708006058006671,-0.250251809758436,-0.145093710707879,0.0632304974855095,-0.177717685120868,0.0138819647208328,1,1,1,1,1,1,1,1,216,0.30945558739255,876,4.05555555555556,698,216
1,"ok","common_deerlike","null",2.72990922123508,2.41027425610303,0.000540413601868067,0.0197447413355548,1,NA,0.0567007014539805,0.000899401050944925,0.183083582071179,14262.7596920388,14562.8581932809,300.098501242153,2637.08544898033,-0.00118316362451995,-0.000365250888341727,0.0312318416949632,0.00896796657761753,0.0105920227675927,-0.0220619222859067,-0.0359371032091844,0.0130789177827239,-0.00118316362451995,-0.000365250888341727,0.0312318416949632,0.00896796657761753,0.0105920227675927,-0.0220619222859067,-0.0359371032091844,0.0130789177827239,1,1,1,1,1,1,1,1,677,0.969914040114613,73673,341.078703703704,698,216
2,"ok","common_deerlike","null",2.72990922123508,2.41027425610303,-0.0192606657050073,0.0780564932030673,1,NA,0.14848642689806,0.0241038375497394,0.41640329979261,14163.7227927731,16072.7989113083,1909.07611853516,2628.69421672821,0.0179770125007587,-0.11423146293177,-0.0925080667164798,-0.00438821065624603,0.0811184169790932,0.076837869297869,0.000728278340494262,-0.119619162453778,0.0179770125007587,-0.11423146293177,-0.0925080667164798,-0.00438821065624603,0.0811184169790932,0.076837869297869,0.000728278340494262,-0.119619162453778,1,1,1,1,1,1,1,1,666,0.954154727793696,71211,329.680555555556,698,216
3,"ok","common_deerlike","null",2.72990922123508,2.41027425610303,0.00248705965543089,0.0238152041367871,1,NA,0.0707225285546074,0.0057385145538502,0.233233429667488,14243.7550990073,14609.8256961341,366.07059712674,2477.82810926437,0.0395298501687421,0.0104553699107176,0.00199300663287936,0.0158019036907403,-0.0196356922859919,0.0219161894432069,-0.00946774240250464,-0.0406964079143426,0.0395298501687421,0.0104553699107176,0.00199300663287936,0.0158019036907403,-0.0196356922859919,0.0219161894432069,-0.00946774240250464,-0.0406964079143426,1,1,1,1,1,1,1,1,629,0.901146131805158,86401,400.00462962963,698,216
4,"ok","common_deerlike","null",2.72990922123508,2.41027425610303,0.00266693026167034,0.012019843121772,1,NA,0.0530798090005205,0.00504897262470804,0.213492982361112,14260.6643455808,14471.2759241456,210.611578564834,2510.14999437332,0.00634999384345694,-0.00957299997704372,0.0177535698568614,0.0144962453930821,0.00981294640544261,-0.0167741271952259,0.00739976552858112,-0.00812995176179184,0.00634999384345694,-0.00957299997704372,0.0177535698568614,0.0144962453930821,0.00981294640544261,-0.0167741271952259,0.00739976552858112,-0.00812995176179184,1,1,1,1,1,1,1,1,649,0.929799426934097,78133,361.726851851852,698,216
5,"ok","common_deerlike","null",2.72990922123508,2.41027425610303,0.00181729026103959,0.00945997518346504,1,NA,0.0386362794143028,0.00115212552469348,0.121919085162528,14213.5153520804,14151.5018498828,-62.0135021976221,2502.06113839149,0.00508353730188684,-0.00644326599133938,-0.0015642722896288,-0.00130596973127083,-0.0104427244894274,0.006917158324789,0.000215029758502387,0.0220788292048049,0.00508353730188684,-0.00644326599133938,-0.0015642722896288,-0.00130596973127083,-0.0104427244894274,0.006917158324789,0.000215029758502387,0.0220788292048049,1,1,1,1,1,1,1,1,660,0.945558739255014,84584,391.592592592593,698,216
6,"ok","common_deerlike","null",2.72990922123508,2.41027425610303,-0.0020288680405349,0.0193720427722724,1,NA,0.0734595671669462,0.0138236493782273,0.222539033664708,14325.3680847225,15458.7506227938,1133.38253807125,2738.23773598671,-2.55940857733903e-05,-0.0232512501653804,-0.01064253972564,0.00818437348849799,0.00445658470575707,-0.0122338897595245,0.0399654946057033,-0.0226841233879192,-2.55940857733903e-05,-0.0232512501653804,-0.01064253972564,0.00818437348849799,0.00445658470575707,-0.0122338897595245,0.0399654946057033,-0.0226841233879192,1,1,1,1,1,1,1,1,618,0.885386819484241,75990,351.805555555556,698,216
7,"ok","common_deerlike","null",2.72990922123508,2.41027425610303,-0.000366104142456257,0.0190702264205342,1,NA,0.0578636497321674,0.00606017227643788,0.144869044262028,14465.6051294012,15101.3096264707,635.704497069517,2637.74716639519,0.0304419157246701,-0.0015060427837553,0.00983303913015791,-0.012852505559159,0.00411387699020623,0.00559162186399139,0.00225675084333226,-0.0408074893490937,0.0304419157246701,-0.0015060427837553,0.00983303913015791,-0.012852505559159,0.00411387699020623,0.00559162186399139,0.00225675084333226,-0.0408074893490937,1,1,1,1,1,1,1,1,703,1.00716332378224,67381,311.949074074074,698,216
8,"ok","common_deerlike","null",2.72990922123508,2.41027425610303,-0.0093433627497569,0.0640240389830974,1,NA,0.12532297591479,0.031806493121438,0.314551812681609,14798.6727654295,14137.6960473318,-660.976718097729,2649.88538241386,0.00124481744857462,0.00625918094987938,0.107158408468376,0.0631672548285442,-0.0774068352493442,-0.0821325332004497,-0.0361905766512493,-0.0568466185923862,0.00124481744857462,0.00625918094987938,0.107158408468376,0.0631672548285442,-0.0774068352493442,-0.0821325332004497,-0.0361905766512493,-0.0568466185923862,1,1,1,1,1,1,1,1,625,0.89541547277937,77089,356.893518518519,698,216
9,"ok","common_deerlike","null",2.72990922123508,2.41027425610303,-0.00191190755207603,0.0282047411983307,1,NA,0.0843756343373221,0.0104001314625763,0.291470491642395,14649.6853099482,14523.2441301575,-126.441179790707,2576.6720559597,-0.0265502231675528,-0.0395578535790904,0.00195274451439827,0.0187377790284624,0.0102848182273754,-0.0415816397570109,0.033745973783822,0.0276731405329879,-0.0265502231675528,-0.0395578535790904,0.00195274451439827,0.0187377790284624,0.0102848182273754,-0.0415816397570109,0.033745973783822,0.0276731405329879,1,1,1,1,1,1,1,1,649,0.929799426934097,73781,341.578703703704,698,216
10,"ok","common_deerlike","null",2.72990922123508,2.41027425610303,0.00309553702845273,0.0339970465881429,1,NA,0.0768536141236276,0.00352181738179834,0.236669195876496,14259.6230619646,14178.7113083702,-80.9117535944715,2642.26398944855,0.077663849876257,-0.00909520981283606,0.00380192162442659,-0.0110347552735997,0.00073720105564822,0.0266475328696746,-0.0429312382498396,-0.0210250058621092,0.077663849876257,-0.00909520981283606,0.00380192162442659,-0.0110347552735997,0.00073720105564822,0.0266475328696746,-0.0429312382498396,-0.0210250058621092,1,1,1,1,1,1,1,1,640,0.916905444126075,70322,325.564814814815,698,216
11,"ok","common_deerlike","null",2.72990922123508,2.41027425610303,0.00156304255929859,0.00967355984718652,1,NA,0.0455508635397704,0.00847130037570403,0.134935482853205,14508.5108199156,14679.9533191718,171.442499256213,2698.19929170609,-0.00401216402742776,0.00503873806311573,0.0166391924125071,0.00738990947312169,0.0123660034019204,-0.00506430584255253,-0.00981346840278137,-0.0100395646035146,-0.00401216402742776,0.00503873806311573,0.0166391924125071,0.00738990947312169,0.0123660034019204,-0.00506430584255253,-0.00981346840278137,-0.0100395646035146,1,1,1,1,1,1,1,1,687,0.984240687679083,69989,324.023148148148,698,216
12,"ok","common_deerlike","null",2.72990922123508,2.41027425610303,-0.000630776277127988,0.00543338610424458,1,NA,0.0389229306816838,0.00770001657547623,0.0983766580374911,14138.0648818826,14044.6059709581,-93.4589109244716,2640.53591537476,-0.00412741452404944,0.00345877364721815,-0.0126423033131756,-0.00204457455201063,0.00450006485709636,0.00339540611875195,-0.000851481116014092,0.00326531866515944,-0.00412741452404944,0.00345877364721815,-0.0126423033131756,-0.00204457455201063,0.00450006485709636,0.00339540611875195,-0.000851481116014092,0.00326531866515944,1,1,1,1,1,1,1,1,592,0.848137535816619,71525,331.134259259259,698,216
13,"ok","common_deerlike","null",2.72990922123508,2.41027425610303,0.00105619252290262,0.0251507386657179,1,NA,0.0736469749143461,0.00156946905947835,0.238728373945956,14410.8264324699,14619.9041154964,209.077683026506,2514.19191336632,0.0075152512862457,-0.0356688149547564,0.0222957428265412,-0.00290977005980537,0.012870752937021,-0.0435872548785593,0.0215331654789097,0.0264004675476245,0.0075152512862457,-0.0356688149547564,0.0222957428265412,-0.00290977005980537,0.012870752937021,-0.0435872548785593,0.0215331654789097,0.0264004675476245,1,1,1,1,1,1,1,1,611,0.875358166189112,77972,360.981481481481,698,216
14,"ok","common_deerlike","null",2.72990922123508,2.41027425610303,0.000866764937430694,0.0503856272834083,1,NA,0.124137111963592,0.0105369774989969,0.341295569410693,14679.1196684413,14337.4074613556,-341.712207085719,2512.24109888077,0.0188101784351911,-0.124953043463793,0.0181204640928369,0.0473810344034902,0.0301298074141032,-0.010274244039697,0.0274931841458316,0.000226738511483141,0.0188101784351911,-0.124953043463793,0.0181204640928369,0.0473810344034902,0.0301298074141032,-0.010274244039697,0.0274931841458316,0.000226738511483141,1,1,1,1,1,1,1,1,664,0.951289398280802,63437,293.689814814815,698,216
15,"ok","common_deerlike","null",2.72990922123508,2.41027425610303,-0.000872482659717722,0.0265064573454573,1,NA,0.0625075748832351,0.0122182531967664,0.15563682847573,14156.3260579918,14866.7937341201,710.467676128361,2398.8339214325,0.0398049350766191,-0.00313380528732342,-0.0271278086493134,0.0242840856718185,-0.0443658618817508,0.0146140350212938,-0.0206578020170107,0.00960236078792517,0.0398049350766191,-0.00313380528732342,-0.0271278086493134,0.0242840856718185,-0.0443658618817508,0.0146140350212938,-0.0206578020170107,0.00960236078792517,1,1,1,1,1,1,1,1,648,0.92836676217765,71377,330.449074074074,698,216
16,"ok","common_deerlike","null",2.72990922123508,2.41027425610303,-0.004238095275966,0.0434775769209932,1,NA,0.09920207972824,0.0159609786598872,0.241853714667988,14292.2803706734,14218.7382912215,-73.5420794518341,2734.06766819954,-0.0127061256778295,0.00796371281343969,0.0701865734217763,-0.0443589074768115,-0.00704724711055273,0.0525762065775194,-0.0585573821040141,-0.0419615926512557,-0.0127061256778295,0.00796371281343969,0.0701865734217763,-0.0443589074768115,-0.00704724711055273,0.0525762065775194,-0.0585573821040141,-0.0419615926512557,1,1,1,1,1,1,1,1,615,0.8810888252149,82619,382.49537037037,698,216
17,"ok","common_deerlike","null",2.72990922123508,2.41027425610303,0.00184322309311104,0.00563404736571887,1,NA,0.0404538689058295,0.00464881816653474,0.125324730183771,14243.4626729528,15572.8958958714,1329.43322291865,2635.55583310127,0.0126522666980011,-0.00166461315483228,-0.00642920186654376,0.00650206509148631,0.00259728201296912,1.23550062509531e-05,0.000814513533097069,0.000261117424459807,0.0126522666980011,-0.00166461315483228,-0.00642920186654376,0.00650206509148631,0.00259728201296912,1.23550062509531e-05,0.000814513533097069,0.000261117424459807,1,1,1,1,1,1,1,1,623,0.892550143266476,70170,324.861111111111,698,216
18,"ok","common_deerlike","null",2.72990922123508,2.41027425610303,-0.021944331423496,0.0858771742474593,1,NA,0.146111531061814,0.00367705737936859,0.444517426882156,14189.8093681842,14185.7969597151,-4.0124084691106,2596.74828577042,0.026066098831446,-0.160760957647397,-0.00565477603808612,-0.0911446882123488,0.134162049626178,-0.0625706096453238,-0.0402236393487673,0.0245718710463309,0.026066098831446,-0.160760957647397,-0.00565477603808612,-0.0911446882123488,0.134162049626178,-0.0625706096453238,-0.0402236393487673,0.0245718710463309,1,1,1,1,1,1,1,1,621,0.889684813753582,56701,262.50462962963,698,216
19,"ok","common_deerlike","null",2.72990922123508,2.41027425610303,-0.00760757301405499,0.0530445977399219,1,NA,0.115030017489078,0.0118252050540134,0.332752706414556,14098.7678746184,14298.8640371709,200.096162552452,2611.03777194023,0.0243695610195861,-0.00959605860569257,0.0597189565158502,-0.0782194094791437,0.0074423889911059,-0.0514690748475629,0.0618164548610611,-0.0749234025676441,0.0243695610195861,-0.00959605860569257,0.0597189565158502,-0.0782194094791437,0.0074423889911059,-0.0514690748475629,0.0618164548610611,-0.0749234025676441,1,1,1,1,1,1,1,1,637,0.912607449856733,68890,318.935185185185,698,216
20,"ok","common_deerlike","null",2.72990922123508,2.41027425610303,-0.00482492918660936,0.0463315279004112,1,NA,0.102850732275105,0.00421554629532462,0.387171435714532,13988.5302330141,13952.3921575354,-36.1380754787242,2729.37140583992,0.00500680740153504,0.00590894329738544,0.0425808310222519,-0.0848305346556128,-0.0740410744764417,0.00838982566356331,0.0497675585756844,0.00861820967875958,0.00500680740153504,0.00590894329738544,0.0425808310222519,-0.0848305346556128,-0.0740410744764417,0.00838982566356331,0.0497675585756844,0.00861820967875958,1,1,1,1,1,1,1,1,633,0.906876790830946,75111,347.736111111111,698,216
21,"ok","common_deerlike","null",2.72990922123508,2.41027425610303,-0.0102829737924789,0.0930876111652394,1,NA,0.162700858303011,0.0339285842704737,0.389625987906777,14734.7121806241,14325.0698285674,-409.642352056631,2700.89362335205,0.0553883166391778,0.00887714807888879,0.0885591286008624,-0.029423338134722,0.00646465327362071,0.0685450770359275,-0.0586736838203296,-0.222001092013257,0.0553883166391778,0.00887714807888879,0.0885591286008624,-0.029423338134722,0.00646465327362071,0.0685450770359275,-0.0586736838203296,-0.222001092013257,1,1,1,1,1,1,1,1,664,0.951289398280802,91311,422.736111111111,698,216
22,"ok","common_deerlike","null",2.72990922123508,2.41027425610303,-0.00506399005193378,0.0459968912068478,1,NA,0.0944727451912563,0.0112146067429509,0.230168980324652,15884.3663738186,14184.6197293619,-1699.74664445662,2056.53220200539,0.0612034578088184,-0.0789272462621454,-0.0380508765128902,0.0106448831263803,-0.00202856218720368,-0.0108070388820348,0.0593030942271963,-0.0418496317335911,0.0612034578088184,-0.0789272462621454,-0.0380508765128902,0.0106448831263803,-0.00202856218720368,-0.0108070388820348,0.0593030942271963,-0.0418496317335911,1,1,1,1,1,1,1,1,668,0.95702005730659,89817,415.819444444444,698,216
23,"ok","common_deerlike","null",2.72990922123508,2.41027425610303,0.00191480045595215,0.0102212621834676,1,NA,0.0426682512563379,0.00336183115644326,0.127610094778425,14384.8754173542,14551.0598190994,166.184401745191,2296.49966812134,-0.0144639250300861,0.0162238464007724,0.00571830310152259,-0.00131671102534683,-0.0107744685729194,0.00442202052499154,0.0137974061854843,0.00171193206319881,-0.0144639250300861,0.0162238464007724,0.00571830310152259,-0.00131671102534683,-0.0107744685729194,0.00442202052499154,0.0137974061854843,0.00171193206319881,1,1,1,1,1,1,1,1,649,0.929799426934097,95286,441.138888888889,698,216
24,"ok","common_deerlike","null",2.72990922123508,2.41027425610303,-0.00114632208275844,0.0124457719544946,1,NA,0.0598790840168374,0.00749271326753611,0.183240906555748,14134.7314108206,15048.6991052053,913.967694384746,1799.94084668159,0.0177150507016824,0.00563039180938828,-0.00935623283003405,-0.0147526540329567,-0.00378729769710645,-0.0195242541608736,0.0138499712518138,0.00105444829601876,0.0177150507016824,0.00563039180938828,-0.00935623283003405,-0.0147526540329567,-0.00378729769710645,-0.0195242541608736,0.0138499712518138,0.00105444829601876,1,1,1,1,1,1,1,1,628,0.899713467048711,62745,290.486111111111,698,216
25,"ok","common_deerlike","null",2.72990922123508,2.41027425610303,0.00346845934035391,0.0149507078471872,1,NA,0.053889444491724,0.00832032959953353,0.16246661147527,15541.7924779066,14150.1848323284,-1391.60764557821,1898.16247391701,-0.00525061897226867,0.0206991521796956,-0.0147560004104254,0.00252851688398098,-0.000202367127932117,0.0298852984493086,-0.0126172445248816,0.00746093824535373,-0.00525061897226867,0.0206991521796956,-0.0147560004104254,0.00252851688398098,-0.000202367127932117,0.0298852984493086,-0.0126172445248816,0.00746093824535373,1,1,1,1,1,1,1,1,686,0.982808022922636,94376,436.925925925926,698,216
26,"ok","common_deerlike","null",2.72990922123508,2.41027425610303,-8.40115496848016e-05,0.00881485136477184,1,NA,0.0537018114213865,0.00323592177649745,0.172924691899845,14682.5626322942,14321.573679148,-360.988953146245,2020.4509203434,-0.00580489762183151,0.00848524665090155,0.0036119441960737,0.00669980457763951,-0.0112850053950072,0.0126206737853624,-0.0129245230520953,-0.00207533553852148,-0.00580489762183151,0.00848524665090155,0.0036119441960737,0.00669980457763951,-0.0112850053950072,0.0126206737853624,-0.0129245230520953,-0.00207533553852148,1,1,1,1,1,1,1,1,666,0.954154727793696,82411,381.532407407407,698,216
27,"ok","common_deerlike","null",2.72990922123508,2.41027425610303,-0.00888875514418447,0.0566298707943631,1,NA,0.113362448842307,0.0178244216324859,0.311542914235295,14143.3435687253,14110.0005787257,-33.3429899995681,2062.24159216881,-0.0570086870587148,0.0841355051767794,-0.0212744666461035,0.0183081378798711,-0.00467942656491126,-0.0846529439370984,-0.0635220519847356,0.0575838919814373,-0.0570086870587148,0.0841355051767794,-0.0212744666461035,0.0183081378798711,-0.00467942656491126,-0.0846529439370984,-0.0635220519847356,0.0575838919814373,1,1,1,1,1,1,1,1,668,0.95702005730659,78748,364.574074074074,698,216
28,"ok","common_deerlike","null",2.72990922123508,2.41027425610303,0.000286763715269467,0.00954756128295841,1,NA,0.0482404565292757,0.00482717380771391,0.15120103172333,14485.4828011839,14435.2837835407,-50.1990176431264,1463.15881943703,-0.00108278568921385,-0.0102059970447656,-0.000812978667606781,0.0223414262426494,-0.00241782617306587,-0.000505075466087734,0.00474807549446955,-0.00977072897422339,-0.00108278568921385,-0.0102059970447656,-0.000812978667606781,0.0223414262426494,-0.00241782617306587,-0.000505075466087734,0.00474807549446955,-0.00977072897422339,1,1,1,1,1,1,1,1,664,0.951289398280802,72258,334.527777777778,698,216
29,"ok","common_deerlike","null",2.72990922123508,2.41027425610303,0.00223758013956391,0.0212768754218196,1,NA,0.0700483871874922,0.00947241354124936,0.252713449117895,14203.9453576977,14241.8040061644,37.8586484666685,2185.78847527504,-0.000494663541898234,-0.000154575694477492,0.015372976314005,0.0257126469954918,0.0289300498913531,-0.00155018481625912,-0.0428291693459857,-0.00708643868571803,-0.000494663541898234,-0.000154575694477492,0.015372976314005,0.0257126469954918,0.0289300498913531,-0.00155018481625912,-0.0428291693459857,-0.00708643868571803,1,1,1,1,1,1,1,1,636,0.911174785100286,69453,321.541666666667,698,216
30,"ok","common_deerlike","null",2.72990922123508,2.41027425610303,-0.00820690083625485,0.0822920255831404,1,NA,0.147455460735621,0.0270222929115452,0.36601199466022,15249.4031357573,14293.6813183275,-955.721817429843,1785.9350566864,0.0830553045488568,0.029748618564885,0.0419803944368712,-0.145565058381045,0.0352255877539814,0.0349330460823602,-0.14484447112642,-0.000188628569528713,0.0830553045488568,0.029748618564885,0.0419803944368712,-0.145565058381045,0.0352255877539814,0.0349330460823602,-0.14484447112642,-0.000188628569528713,1,1,1,1,1,1,1,1,611,0.875358166189112,93641,433.523148148148,698,216
1,"ok","common_deerlike","varying",2.72990922123508,2.41027425610303,0.00537641571538698,0.144501701346172,1,0.75,0.208959380495069,0.0714944897981519,0.455972145139728,14218.0813785925,14246.607632791,28.5262541985721,1979.17186880112,-0.202161601754782,0.0729930487581277,-0.0506704463652539,-0.0165305002627274,-0.202768845413185,0.139090833930097,0.125647001223613,0.177411835607206,0.0836122015699226,0.277117193990059,0.0718040407739051,0.0242943287836589,-0.243593674459572,0.0166163467909381,-0.0784771440083187,-0.108361967717498,1,1,1,1,1,1,1,1,659,0.944126074498567,64558,298.87962962963,698,216
2,"ok","common_deerlike","varying",2.72990922123508,2.41027425610303,-0.0108744988076386,0.0852642592931271,1,0.875,0.198565524405649,0.0174701291309618,0.462607164096583,14338.1447237638,14185.2407886818,-152.903935082,1671.77033638954,-0.110255517219729,-0.131372232553887,-0.138413494564891,-0.0829492676174681,-0.0396017134232103,0.0775581094976858,0.125427574240821,0.21261055117957,0.175518286104975,0.0727519126780447,-0.0159390074257323,-0.0421244385710818,-0.0804265424695966,-0.0449163776414731,-0.0786965709911107,-0.0731632521451342,1,1,1,1,1,1,1,1,649,0.929799426934097,87045,402.986111111111,698,216
3,"ok","common_deerlike","varying",2.72990922123508,2.41027425610303,-0.00404875682362018,0.147467373706191,0.625,1,0.100943379948792,0.0201891155790071,0.244756354926122,14150.3152908832,14439.2987524839,288.983461600697,1934.21984434128,-0.0380982270889938,-0.0717752400705798,-0.071155755334688,-0.0280318851098264,0.0623321977480566,0.0342400978694184,0.00632216041858599,0.0737765969790655,0.24767557623571,0.132348905161352,0.0513187318044709,0.0127929439365599,0.0215073687016703,-0.0882343892697405,-0.197801984813346,-0.211997206345639,0,1,1,1,1,1,0,0,637,0.912607449856733,85505,395.856481481481,698,216
4,"ok","common_deerlike","varying",2.72990922123508,2.41027425610303,-0.00664941921901437,0.102286949509002,1,0.625,0.184985487712334,0.0501102622770384,0.404117938888971,15639.9055961914,14189.8084753375,-1450.09712085383,1962.94025850296,-0.136239137249002,-0.196222510285157,-0.0233164277616292,0.0490320697185694,-0.0574135563545223,-0.0170208532203551,0.147185437481365,0.180799623918616,0.149534666075702,0.00790163494677479,0.0991580593775297,0.0898568987649557,-0.0982383854009086,-0.139495340359514,-0.0569387077505664,-0.104974179406088,1,1,1,1,1,1,1,1,664,0.951289398280802,74945,346.967592592593,698,216
5,"ok","common_deerlike","varying",2.72990922123508,2.41027425610303,0.00594497709992193,0.0741332850760876,1,0.875,0.283714248467887,0.119393468505127,0.617134191706882,15279.1240002738,14317.6319297892,-961.492070484659,1913.58746743202,-0.264938142116281,-0.268202539010587,-0.0395349630467811,-0.00542109041612101,0.0930224130313716,-0.00294869986264313,0.150173755850237,0.38540908237018,0.0208356612084233,-0.0640783937786557,0.0829395240923779,0.0354037386302653,0.0521975839849853,-0.125423187001802,-0.0539503893816945,0.0996352790454759,1,1,1,1,1,1,1,1,626,0.896848137535817,84984,393.444444444444,698,216
6,"ok","common_deerlike","varying",2.72990922123508,2.41027425610303,-0.0033579394980829,0.157224510683276,0.875,0.875,0.0843446817288126,0.00509983819162271,0.238014892736089,14342.9322680704,14850.0997453675,507.167477297187,1839.76431250572,-0.0772692537349439,-0.0262002237154202,-0.0236766846673067,0.0204810327138889,0.0127128162249859,0.00515959626485686,0.0287026889122595,0.0332265120170164,0.20850454958976,0.177923921516511,0.0987978024718522,0.0613058617602752,-0.0281120128214004,-0.117314890874302,-0.175421456319672,-0.252547291307688,1,1,1,1,1,1,1,0,701,1.00429799426934,64514,298.675925925926,698,216
7,"ok","common_deerlike","varying",2.72990922123508,2.41027425610303,-0.0537115726726576,0.0870353500211782,1,0.875,0.243554006246787,0.0811792680698518,0.635156432282334,14591.036319664,15872.0708216302,1281.03450196618,2481.34735321999,-0.261334776247783,-0.191152314583568,-0.0951699613295909,-0.129475182486449,-0.134994531610393,0.027694537298553,0.169723985547293,0.185015662030677,0.0244390270769216,0.012971830648364,0.027304525809568,-0.0886503534400625,-0.17581936065678,-0.0947799498406059,-0.0344001596846387,-0.100758141294028,1,1,1,1,1,1,1,1,668,0.95702005730659,77979,361.013888888889,698,216
8,"ok","common_deerlike","varying",2.72990922123508,2.41027425610303,-0.00798773271284589,0.15642170674887,0.875,0.625,0.253023361854178,0.0550190213530234,0.600249551705999,14415.9463531701,15344.3568325367,928.410479366605,2461.18881201744,0.0504660576399709,-0.205255318669585,-0.183394640610683,-0.0880312543251657,-0.0863445326238301,0.200563867545802,-0.0291148088241109,0.277208768164835,0.336239860964675,-0.00113117343765329,-0.060920153471524,-0.0472064252787794,-0.127169361670216,0.0780893804066429,-0.233238954056042,-0.00856503515986962,0,1,1,1,1,1,1,1,672,0.962750716332378,63687,294.847222222222,698,216
9,"ok","common_deerlike","varying",2.72990922123508,2.41027425610303,-0.00114161389576883,0.0845173315632264,1,0.875,0.198832726494154,0.0342650378431858,0.460106118102467,14505.3839618674,14230.0865215133,-275.297440354138,2556.55748224258,-0.132351035185029,-0.157022732286654,-0.153859120406266,0.0377386675150279,0.00815984915235422,0.0967059336768164,0.142461899026853,0.149033627340747,0.153422768139675,0.0471014129452772,-0.0313846332671068,0.0785634965614142,-0.0326649798940321,-0.0257685534623425,-0.0616622462050788,-0.136740175983957,1,1,1,1,1,1,1,1,617,0.883954154727794,80818,374.157407407407,698,216
10,"ok","common_deerlike","varying",2.72990922123508,2.41027425610303,0.0117508997570175,0.148757302395932,0.875,0.75,0.117211022991991,0.0241213163453643,0.297563997568123,14262.04289775,14767.6185717713,505.575674021282,2250.72867751122,-0.10440141216209,0.059734037553708,-0.00839194132311501,-0.04947919026774,-0.0146391349760468,0.0305941522586884,0.0816367368232504,0.0989539501494843,0.181372391162614,0.263858182785639,0.114082545816044,-0.00865436122135369,-0.0554639640224331,-0.0918803348804705,-0.122487408408681,-0.18681985317522,1,0,1,1,1,1,1,1,634,0.908309455587393,69086,319.842592592593,698,216
11,"ok","common_deerlike","varying",2.72990922123508,2.41027425610303,0.0173262699366235,0.18795968064639,1,0.75,0.431611399846459,0.181742281808607,0.838164027836468,14655.591087592,14311.2062243905,-344.384863201547,2332.55878520012,-0.514387292623364,-0.195499465964144,-0.18235329860407,0.2385578270482,-0.246252855839793,0.213358848009703,0.342024941654631,0.483161455811826,-0.22861348929866,0.00862467926778743,-0.0598788114649111,0.279382656094586,-0.287077684886179,0.0908843608705438,0.1379007964227,0.197387652487122,1,1,1,1,1,1,1,1,651,0.932664756446991,73220,338.981481481481,698,216
12,"ok","common_deerlike","varying",2.72990922123508,2.41027425610303,-0.00686259279142589,0.106158467915596,1,1,0.173619403280932,0.0366308353435045,0.390363142093501,14331.9631819983,14322.0106335545,-9.9525484438218,2536.4657793045,-0.139670209616551,-0.0701002624610382,-0.124911477131768,-0.101850392206056,0.10374106753569,0.0670665589043231,0.0885518121044058,0.122272160539588,0.146103593708153,0.134023882770893,-0.00243698999260934,-0.0610255631596694,0.0629162384893035,-0.0554079282348358,-0.115572333127526,-0.163501642785116,1,1,1,1,1,1,1,1,670,0.959885386819484,68489,317.078703703704,698,216
13,"ok","common_deerlike","varying",2.72990922123508,2.41027425610303,-0.0263279959810914,0.135825661723607,1,1,0.39810069953204,0.141912151862746,0.900992832170737,14285.1513160624,14770.220491789,485.069175726629,2668.27620124817,-0.36408181051234,-0.512751877503773,-0.15153867718799,-0.045360814360492,0.124508811622075,0.0254339734817184,0.271058928104676,0.442107498507394,-0.0783080071876358,-0.308627732271842,-0.0290641900488306,-0.00453598531410574,0.0836839825756888,-0.0970405136574404,0.0669347828727445,0.15633369518269,1,1,1,1,1,1,1,1,663,0.949856733524355,66079,305.921296296296,698,216
14,"ok","common_deerlike","varying",2.72990922123508,2.41027425610303,-0.0232575187037349,0.118614955062376,1,1,0.163254130558077,0.0192765621051964,0.376217766400429,14242.7214987993,14293.157696898,50.4361980987014,2671.02402901649,-0.101177869924509,-0.126148737100867,-0.106163044925663,-0.107048947098437,0.00239885159373365,0.126208702365946,0.0218000901413201,0.104070805318596,0.184595933400195,0.0779754081310646,0.0163114422134963,-0.0662241180520503,-0.0384259774526527,0.00373421522678723,-0.182324055090611,-0.181702998006108,1,1,1,1,1,1,1,1,638,0.91404011461318,82366,381.324074074074,698,216
15,"ok","common_deerlike","varying",2.72990922123508,2.41027425610303,-0.0203681874154059,0.103941738576119,1,0.875,0.197675059804822,0.0506696702215874,0.453509871343603,14372.0192550297,14931.7735509717,559.754295941955,2693.95528006554,-0.114925957046667,-0.105534233419571,-0.169845618087516,-0.0586986205105102,-0.115412649067142,0.0910994924927588,0.155890233634422,0.154481852680978,0.170847846278037,0.0985899118123602,-0.0473711309483573,-0.0178737914641239,-0.156237478113528,-0.0313749946464001,-0.0482339115975095,-0.131291950643726,1,1,1,1,1,1,1,1,663,0.949856733524355,79002,365.75,698,216
16,"ok","common_deerlike","varying",2.72990922123508,2.41027425610303,-0.00936581205937399,0.0992905621228077,1,1,0.20607673539868,0.0553286420612897,0.481901451150249,14042.494250453,14080.7450629034,38.2508124503729,2755.83577013016,-0.307646721294898,-0.00162601998201992,-0.104743540296376,-0.0607193629494476,0.0698647468860629,0.106778687386666,0.0682969209680908,0.15486879280693,-0.0218729179701941,0.202498125249912,0.0177309468427829,-0.0198945339030612,0.0290399178396766,-0.015695799752493,-0.135827224263841,-0.130905010517774,1,1,1,1,1,1,1,1,638,0.91404011461318,66249,306.708333333333,698,216
17,"ok","common_deerlike","varying",2.72990922123508,2.41027425610303,-0.00493167436979402,0.0629539272144268,1,0.875,0.289141837115705,0.133815955922132,0.557702617715096,14054.0771419745,14061.4408549319,7.36371295733807,2438.26957392693,-0.267052813239652,-0.171471281064479,-0.223226455952573,-0.0190433618767334,-0.048215168151372,0.14120094975877,0.163796447714593,0.384558287853094,0.0187209900850518,0.0326528641674526,-0.100751968813414,0.0217814671696529,-0.0890399971977583,0.0187264626196112,-0.0403276975173382,0.0987844845283901,1,1,1,1,1,1,1,1,621,0.889684813753582,80766,373.916666666667,698,216
18,"ok","common_deerlike","varying",2.72990922123508,2.41027425610303,0.00992305795144482,0.142231941109071,1,0.875,0.310057550634529,0.0876660274209185,0.697974916915371,14434.3195536916,14337.8915853428,-96.4279683487966,2539.73086357117,-0.0266463384460674,-0.304093006181433,-0.0838902491561812,-0.0756265398259105,0.0556924436594252,-0.128590457999741,0.220885920580764,0.421652690980701,0.259127464878637,-0.0999688609495011,0.0385842379829777,-0.0348017107795242,0.0148676146130389,-0.2510649451389,0.0167617753488329,0.135878887655997,1,1,1,1,1,1,1,1,645,0.924068767908309,63040,291.851851851852,698,216
19,"ok","common_deerlike","varying",2.72990922123508,2.41027425610303,-0.034448398593202,0.11869335334743,1,0.875,0.314934217074133,0.106671271958488,0.63778374198155,14290.0284206461,14255.2872696123,-34.7411510338261,2523.21559453011,-0.326317476859532,-0.194592258754751,-0.0799411730433606,-0.0716619844407615,-0.24405812172429,0.252561323017822,0.103482894459734,0.284939608599522,-0.0405436735348274,0.00953188647718037,0.0425333140957983,-0.0308371553943752,-0.284882950770676,0.130086835878663,-0.100641250772197,-0.000834194725181814,1,1,1,1,1,1,1,1,688,0.98567335243553,75048,347.444444444444,698,216
20,"ok","common_deerlike","varying",2.72990922123508,2.41027425610303,-0.0372162515568636,0.103845869955549,1,0.625,0.226943274634404,0.0874522509463759,0.506276963385692,14043.2852961771,14034.2882828483,-8.99701332878067,2295.007604599,-0.206824766499504,-0.28314813998155,0.0430856058559365,-0.122004083147527,-0.0484568177048805,-0.0185430665979754,0.113685539610173,0.224475716010418,0.0789490368252002,-0.0790239947496181,0.165560092995095,-0.0811792541011411,-0.0892816467512668,-0.141017553737134,-0.090438605621758,-0.0612980873142859,1,1,1,1,1,1,1,1,629,0.901146131805158,72297,334.708333333333,698,216
21,"ok","common_deerlike","varying",2.72990922123508,2.41027425610303,-0.0101272670229717,0.0914648604523322,1,0.75,0.288201643021536,0.111073728976062,0.676179162329772,14963.3370268445,14258.1660974408,-705.170929403666,2286.85000777245,-0.233771498148339,-0.300530675055703,-0.16276355295535,0.158445935899683,-0.0537281378908021,0.0834739612064375,0.197701292444019,0.230154538316281,0.0520023051763648,-0.0964065298237715,-0.0402890658161906,0.199270764946069,-0.0945529669371884,-0.0390005259327214,-0.00642285278791205,-0.0556192650084236,1,1,1,1,1,1,1,1,655,0.938395415472779,69565,322.060185185185,698,216
22,"ok","common_deerlike","varying",2.72990922123508,2.41027425610303,0.00119765258024156,0.13823198316677,1,0.875,0.143308120415299,0.0149279368839093,0.505575610927658,14371.8843332482,14397.0790846871,25.1947514388721,2623.95268654823,-0.0414653976596275,-0.0692688850791938,-0.0668505462715544,-0.0478853243082009,0.0419457388029449,0.0735954149103924,-0.00185773132822817,0.1213679515754,0.244308405665077,0.134855260152738,0.0556239408676045,-0.00706049526181456,0.00112090975655856,-0.0488790722287665,-0.20598187656016,-0.164405851749304,1,1,1,1,1,1,1,1,658,0.94269340974212,78622,363.990740740741,698,216
23,"ok","common_deerlike","varying",2.72990922123508,2.41027425610303,-0.00113428712068243,0.100342624290437,1,0.75,0.18149727899516,0.0470235664698777,0.409797665529512,14162.5098765618,14166.3432615525,3.83338499063575,2754.16981649399,-0.0983795632452798,-0.162985888971243,-0.10203484463384,0.0453800756441217,-0.0109225591740341,0.058871647545118,0.0511369635324776,0.20985987233722,0.187394240079424,0.0411382562606887,0.0204396425053188,0.086204904690508,-0.0517473882204204,-0.0636028395940409,-0.152987181699454,-0.0759139309874841,1,1,1,1,1,1,1,1,640,0.916905444126075,63429,293.652777777778,698,216
24,"ok","common_deerlike","varying",2.72990922123508,2.41027425610303,-0.011187463622635,0.129034089209622,1,0.875,0.128417172960511,0.0313687179095279,0.335171381428258,14080.3249871154,14096.2106726111,15.8856854956939,2611.11490869522,-0.0932009750460198,-0.0491688341129832,-0.0632480904495797,-0.0611153392730675,0.0118833138927211,-0.00530633477576258,0.0390093065009021,0.13164724428271,0.192572828278684,0.154955311118948,0.0592263966895792,-0.0202905102266812,-0.0289415151536652,-0.127780821914921,-0.165114838731029,-0.154126559041994,1,1,1,1,1,1,1,1,671,0.961318051575931,57987,268.458333333333,698,216
25,"ok","common_deerlike","varying",2.72990922123508,2.41027425610303,0.000889245099297774,0.112738247874495,1,0.875,0.194205529735879,0.0762068841063078,0.409789553463629,14785.8207402164,14182.3303244004,-603.490415816012,2705.6834564209,-0.160511165201501,-0.0241629660037266,-0.0726663323001258,-0.0566977688572005,0.0549759549548947,-0.0579992034712448,0.0745362333706659,0.24963920830262,0.125262638123204,0.179961179228205,0.0498081548390331,-0.0158729398108142,0.0141511259085084,-0.180473690610404,-0.129587911861266,-0.0361345950220843,1,1,1,1,1,1,1,1,647,0.926934097421203,69873,323.486111111111,698,216
26,"ok","common_deerlike","varying",2.72990922123508,2.41027425610303,0.0168100579996309,0.104239181312101,1,0.875,0.286696584843557,0.0985499489338294,0.684778796842939,14280.7003732675,14413.9461066183,133.245733350797,2744.60742068291,-0.301230886135815,-0.0999252587549415,-0.0509948397804882,-0.0571008412948623,-0.0295395965820443,0.276927376414951,0.293862822826699,0.102481687303549,-0.0154570828111109,0.10419888647699,0.0714796473586707,-0.016276012248476,-0.0703644256284306,0.154452889275792,0.0897386775947671,-0.183292116021155,1,1,1,1,1,1,1,1,631,0.904011461318052,78799,364.810185185185,698,216
27,"ok","common_deerlike","varying",2.72990922123508,2.41027425610303,-0.0370474041850289,0.0802081659231827,1,0.875,0.253502458160759,0.10124704333334,0.537891137355273,14449.4214026747,14230.6028250837,-218.818577590973,2636.71445322037,-0.227056098595717,-0.186178092944327,-0.192329277872604,-0.0977854443052115,-0.0513810706013928,0.133879664380488,0.0285190122497033,0.295952074208831,0.0587177047289869,0.0179460522876042,-0.0698547907334454,-0.0569606152588252,-0.0922058996477791,0.0114051772413288,-0.175605132982228,0.0101782708841267,1,1,1,1,1,1,1,1,622,0.891117478510029,75758,350.731481481481,698,216
28,"ok","common_deerlike","varying",2.72990922123508,2.41027425610303,0.00528807653326994,0.117244223016293,1,1,0.170758205624068,0.0335464776021671,0.442567765303101,14683.5390575776,14306.8742118483,-376.664845729312,2635.35882306099,-0.0302777636894687,-0.111769820142194,-0.116404603413682,-0.0178570504176721,0.000988612942646529,0.059204568894198,0.0482801417914659,0.210140526300866,0.255496039635235,0.092354325089737,0.00606988372547687,0.0229677786287142,-0.0398362161037398,-0.0632699182449609,-0.155844003440466,-0.0756332770238377,1,1,1,1,1,1,1,1,629,0.901146131805158,68217,315.819444444444,698,216
29,"ok","common_deerlike","varying",2.72990922123508,2.41027425610303,-0.0140349049923161,0.0941947266700054,1,0.875,0.191312273937052,0.0522316263074354,0.440775686111462,13977.0017303526,16252.584278912,2275.58254855934,2463.55348658562,-0.192287581872189,-0.0954420727654414,-0.0389866277653105,-0.0586700323774743,-0.0205703194369669,0.0519991956247388,0.0375974178191196,0.204080780834995,0.0934862214525156,0.10868207246649,0.0834878593738484,-0.017845203331088,-0.0613951484833532,-0.0704752915144201,-0.166526727412812,-0.0816930224897094,1,1,1,1,1,1,1,1,629,0.901146131805158,63607,294.476851851852,698,216
30,"ok","common_deerlike","varying",2.72990922123508,2.41027425610303,-0.0263338706787908,0.0958142290367162,1,0.875,0.285071965332419,0.122317977918996,0.550211889778784,14096.1562947145,17299.3146469175,3203.15835220298,2664.72459578514,-0.220338747056727,-0.243748774268737,-0.196507381839987,-0.0547222457661366,-0.188558952018316,0.218273258849607,0.194322591204768,0.280609285465202,0.0654350562679771,-0.0396246290368059,-0.0740328947008282,-0.0138974167197503,-0.229383781064702,0.0957987717104486,-0.00980155402716373,-0.00516451785950189,1,1,1,1,1,1,1,1,674,0.965616045845272,76185,352.708333333333,698,216
1,"ok","moderate","null",1.36495461061754,1.20513712805151,-0.00300301670232799,0.0237340915781738,1,NA,0.0959225699373367,0.0121761569951535,0.333219044449433,7350.36330728874,7346.77129616952,-3.5920111192172,2415.66256189346,-0.00225520130670088,0.00849925839705178,0.0216409440828091,0.0325376830020374,-0.0114890257993799,-0.043160977897632,-0.0301186145059362,0.000321800409126763,-0.00225520130670088,0.00849925839705178,0.0216409440828091,0.0325376830020374,-0.0114890257993799,-0.043160977897632,-0.0301186145059362,0.000321800409126763,1,1,1,1,1,1,1,1,440,0.630372492836676,9033,41.8194444444444,698,216
2,"ok","moderate","null",1.36495461061754,1.20513712805151,-0.00630030976446913,0.128610946449668,1,NA,0.228249106521748,0.05073209575195,0.515946113967019,7103.99466290467,7092.78668571906,-11.2079771856097,2646.38481283188,-0.00746675308659249,-0.0314473198719434,0.198081321571274,-0.0532312537711854,-0.120583888721284,0.140001271682208,-0.228636321979897,0.0528804660616676,-0.00746675308659249,-0.0314473198719434,0.198081321571274,-0.0532312537711854,-0.120583888721284,0.140001271682208,-0.228636321979897,0.0528804660616676,1,1,1,1,1,1,1,1,489,0.700573065902579,8013,37.0972222222222,698,216
3,"ok","moderate","null",1.36495461061754,1.20513712805151,-0.00310533984165222,0.157331112649525,1,NA,0.260093826709085,0.0568155926822748,0.677552458241589,7216.84159832403,7192.40864542922,-24.4329528948047,2698.98982596397,-0.234149121867549,0.126051857095687,0.172310546209623,-0.176855944858807,0.15453224665657,-0.185155165005123,0.0350643518287475,0.0833585112076339,-0.234149121867549,0.126051857095687,0.172310546209623,-0.176855944858807,0.15453224665657,-0.185155165005123,0.0350643518287475,0.0833585112076339,1,1,1,1,1,1,1,1,453,0.648997134670487,11005,50.9490740740741,698,216
4,"ok","moderate","null",1.36495461061754,1.20513712805151,-0.00355390994494335,0.0154482665382963,1,NA,0.0653621333146309,0.00869083690168868,0.161757823225355,7186.87552498469,7197.75554377181,10.880018787122,2662.57990241051,0.0178889800386769,0.0100218940274752,0.00579971833584366,-0.00236477793034382,0.00128950016976665,-0.00902778599891225,-0.028501956001175,-0.0235368522008782,0.0178889800386769,0.0100218940274752,0.00579971833584366,-0.00236477793034382,0.00128950016976665,-0.00902778599891225,-0.028501956001175,-0.0235368522008782,1,1,1,1,1,1,1,1,451,0.646131805157593,9349,43.2824074074074,698,216
5,"ok","moderate","null",1.36495461061754,1.20513712805151,-0.00440553739358476,0.0745506210905989,1,NA,0.175877395840912,0.00437506706582272,0.69349702019513,7206.74147500861,7216.74578409009,10.0043090814779,2727.87219333649,-0.110783292346068,0.0534713865127467,-0.0642852234376986,0.106041594020263,0.0720264785627247,-0.0903250731123015,0.0167035568565868,-0.0180937262049315,-0.110783292346068,0.0534713865127467,-0.0642852234376986,0.106041594020263,0.0720264785627247,-0.0903250731123015,0.0167035568565868,-0.0180937262049315,1,1,1,1,1,1,1,1,452,0.64756446991404,9847,45.587962962963,698,216
6,"ok","moderate","null",1.36495461061754,1.20513712805151,-0.0141584793702531,0.0575717064338026,1,NA,0.141799290949154,0.0130395972020269,0.483668951545928,7236.70326248885,7221.19221904748,-15.5110434413718,2275.57644224167,-0.0261857874548476,0.0191829521252978,-0.101224445541989,-0.00756568157735262,-0.0346226400334521,0.0986108598047755,-0.0649880586092603,0.00352496632480283,-0.0261857874548476,0.0191829521252978,-0.101224445541989,-0.00756568157735262,-0.0346226400334521,0.0986108598047755,-0.0649880586092603,0.00352496632480283,1,1,1,1,1,1,1,1,424,0.607449856733524,7890,36.5277777777778,698,216
7,"ok","moderate","null",1.36495461061754,1.20513712805151,-0.0031487082664989,0.0315313591497283,1,NA,0.0850605772458636,0.0120172470120121,0.232149743799484,7047.30922874582,7065.48077506474,18.171546318923,2727.37557768822,-0.00839045452301813,0.00582969790978033,0.0364767745434564,0.0261938049133365,-0.0491414104316837,-0.00427357231092604,-0.0539639887982335,0.0220794825652969,-0.00839045452301813,0.00582969790978033,0.0364767745434564,0.0261938049133365,-0.0491414104316837,-0.00427357231092604,-0.0539639887982335,0.0220794825652969,1,1,1,1,1,1,1,1,411,0.588825214899714,8039,37.2175925925926,698,216
8,"ok","moderate","null",1.36495461061754,1.20513712805151,-0.0172741940328276,0.0576280408159024,1,NA,0.175365049606673,0.0195600696897394,0.647222190757214,7264.42617114345,7278.27419475605,13.8480236126015,2639.37284398079,0.00131379663411879,0.0512290019522473,-0.0523582360029748,-0.042154841401364,-0.0181839680988693,-0.132101340323138,0.0175282850195155,0.0365337499578443,0.00131379663411879,0.0512290019522473,-0.0523582360029748,-0.042154841401364,-0.0181839680988693,-0.132101340323138,0.0175282850195155,0.0365337499578443,1,1,1,1,1,1,1,1,453,0.648997134670487,8550,39.5833333333333,698,216
9,"ok","moderate","null",1.36495461061754,1.20513712805151,0.0187482045178601,0.0798121271264469,1,NA,0.200743067035639,0.0137336023653837,0.958690686204286,7277.13455042682,7289.73458569787,12.6000352710544,2748.82437825203,0.0710300916171427,0.0119720283564726,-0.0215187238235481,0.0122844959138711,-0.0251688854225011,0.199293015143353,-0.0463813699699497,-0.0515250156719605,0.0710300916171427,0.0119720283564726,-0.0215187238235481,0.0122844959138711,-0.0251688854225011,0.199293015143353,-0.0463813699699497,-0.0515250156719605,1,1,1,1,1,1,1,1,451,0.646131805157593,8813,40.8009259259259,698,216
10,"ok","moderate","null",1.36495461061754,1.20513712805151,-0.00494918598209029,0.0340497993262749,1,NA,0.110261405033216,0.0254947785929814,0.298496476174749,7063.86914762776,7070.01394240094,6.14479477317491,1973.26304030418,0.0685280776284001,-0.0269489592366561,0.0267571398412714,-0.00886012040390951,-0.0241994611947103,-0.037849789764163,-0.0318302098872742,-0.00519016483968072,0.0685280776284001,-0.0269489592366561,0.0267571398412714,-0.00886012040390951,-0.0241994611947103,-0.037849789764163,-0.0318302098872742,-0.00519016483968072,1,1,1,1,1,1,1,1,441,0.631805157593123,8363,38.7175925925926,698,216
11,"ok","moderate","null",1.36495461061754,1.20513712805151,-0.0155523240058948,0.0669301121486088,1,NA,0.190042668910188,0.00455519007826018,0.744463682858633,7151.06573048373,7132.2044704635,-18.8612600202259,2658.07338738441,-0.079539530573308,-0.00481406294862083,0.0902723866430874,-0.074554646255484,-0.0909381929005481,-0.0394979351219664,-0.00244453904238829,0.07709792815207,-0.079539530573308,-0.00481406294862083,0.0902723866430874,-0.074554646255484,-0.0909381929005481,-0.0394979351219664,-0.00244453904238829,0.07709792815207,1,1,1,1,1,1,1,1,429,0.614613180515759,8075,37.3842592592593,698,216
12,"ok","moderate","null",1.36495461061754,1.20513712805151,-0.00586722629071396,0.0435794616211365,1,NA,0.12972731153791,0.0194696490259892,0.372253470778459,6997.3804362932,7019.41532656882,22.0348902756232,2720.29486227036,0.0561719399675037,-0.0288228946731122,-0.0102761075972853,-0.00373086315381559,-0.0978073446952793,-0.0128904970054873,0.0187141650122202,0.0317037918195441,0.0561719399675037,-0.0288228946731122,-0.0102761075972853,-0.00373086315381559,-0.0978073446952793,-0.0128904970054873,0.0187141650122202,0.0317037918195441,1,1,1,1,1,1,1,1,452,0.64756446991404,9816,45.4444444444444,698,216
13,"ok","moderate","null",1.36495461061754,1.20513712805151,-0.0225158994921128,0.0839688093660944,1,NA,0.178977420286184,0.0349886526994553,0.488211668515079,7356.73730175315,7334.28328353361,-22.4540182195369,2524.07816171646,-0.17322386140174,0.036946976861702,-0.100990525753415,-0.0426006303239905,-0.0586834457070867,0.0759221755751866,0.0555580364442016,0.0269440783682396,-0.17322386140174,0.036946976861702,-0.100990525753415,-0.0426006303239905,-0.0586834457070867,0.0759221755751866,0.0555580364442016,0.0269440783682396,1,1,1,1,1,1,1,1,461,0.660458452722063,8400,38.8888888888889,698,216
14,"ok","moderate","null",1.36495461061754,1.20513712805151,-0.0152113789415589,0.0685651039726369,1,NA,0.161005940186997,0.0305271094267401,0.459964730338743,7231.88364692391,7249.69366891205,17.8100219881371,2656.5988175869,0.0703082747564155,0.0103186815259493,0.0741431056318934,-0.143454291857902,-0.0333890096294352,-0.0483292831954172,-0.0549488962117614,0.003660387447787,0.0703082747564155,0.0103186815259493,0.0741431056318934,-0.143454291857902,-0.0333890096294352,-0.0483292831954172,-0.0549488962117614,0.003660387447787,1,1,1,1,1,1,1,1,448,0.641833810888252,8482,39.2685185185185,698,216
15,"ok","moderate","null",1.36495461061754,1.20513712805151,0.000366659069741444,0.0255210943544988,1,NA,0.0836503074573904,0.0171811796303174,0.246754947047506,7168.0285117927,7176.78483626951,8.75632447681346,2705.83466458321,0.029698299818071,0.0153354320126388,0.0145936830172325,-0.0440245908503679,-0.027068888808164,0.030115006600826,0.00160725630194299,-0.0173229255342478,0.029698299818071,0.0153354320126388,0.0145936830172325,-0.0440245908503679,-0.027068888808164,0.030115006600826,0.00160725630194299,-0.0173229255342478,1,1,1,1,1,1,1,1,465,0.666189111747851,7242,33.5277777777778,698,216
16,"ok","moderate","null",1.36495461061754,1.20513712805151,-0.00091052436455798,0.0736367242989338,1,NA,0.138740892249047,0.0301756460477955,0.379609798779161,7096.76016664623,7125.45481415121,28.6946475049808,2621.34041237831,0.0629046738868177,-0.10230606951687,0.113344266731575,-0.0483283797101866,-0.102541796027441,0.0336996597207785,-0.00919810738825441,0.0451415573871161,0.0629046738868177,-0.10230606951687,0.113344266731575,-0.0483283797101866,-0.102541796027441,0.0336996597207785,-0.00919810738825441,0.0451415573871161,1,1,1,1,1,1,1,1,459,0.657593123209169,9018,41.75,698,216
17,"ok","moderate","null",1.36495461061754,1.20513712805151,-0.00160678717808349,0.0150938796459232,1,NA,0.066543366152857,0.00998421783235317,0.222771483066099,7134.47759268881,7137.34120697827,2.86361428946748,2631.66752529144,-0.00307762603640289,-0.013336999961075,0.0195715087691976,0.00433882199201275,0.00966579806887789,0.0118403733636702,-0.0287955264057043,-0.0130606472152441,-0.00307762603640289,-0.013336999961075,0.0195715087691976,0.00433882199201275,0.00966579806887789,0.0118403733636702,-0.0287955264057043,-0.0130606472152441,1,1,1,1,1,1,1,1,446,0.638968481375358,8018,37.1203703703704,698,216
18,"ok","moderate","null",1.36495461061754,1.20513712805151,-0.000532882265698032,0.0118286253510061,1,NA,0.0642688920228814,0.00579229491476777,0.208727427205302,7105.34555099903,7108.29437697826,2.94882597923333,2659.98212122917,0.00183114676144261,0.00400930648090668,0.000812619813515075,0.0168626644844875,-5.48904460489491e-06,-0.0280617835262292,-0.00355631866056373,0.00384479556546175,0.00183114676144261,0.00400930648090668,0.000812619813515075,0.0168626644844875,-5.48904460489491e-06,-0.0280617835262292,-0.00355631866056373,0.00384479556546175,1,1,1,1,1,1,1,1,445,0.637535816618911,8849,40.9675925925926,698,216
19,"ok","moderate","null",1.36495461061754,1.20513712805151,-0.00224772366474421,0.0504937705662338,1,NA,0.10980352357815,0.0153740214424623,0.311952338746368,7347.19546453073,7337.71221276774,-9.48325176298476,2673.60331535339,-0.0629528948077193,0.108631110341669,-0.0432028412966011,-0.0369273980466721,0.0104991494543033,0.00116709159975016,-0.0228955346637964,0.0276995281011131,-0.0629528948077193,0.108631110341669,-0.0432028412966011,-0.0369273980466721,0.0104991494543033,0.00116709159975016,-0.0228955346637964,0.0276995281011131,1,1,1,1,1,1,1,1,479,0.686246418338109,10787,49.9398148148148,698,216
20,"ok","moderate","null",1.36495461061754,1.20513712805151,0.00018124397958541,0.000442402473705494,1,NA,0.0032996218509479,2.1252158430851e-05,0.0218594692896285,7172.31337409751,7187.03908725461,14.7257131571014,2687.40065789223,2.0447302400218e-06,-0.000148431671872891,0.0010007430152179,-7.80610587834485e-05,0.000222997940524874,0.000678407670224066,-0.000102839620513108,-0.000124909168354137,2.0447302400218e-06,-0.000148431671872891,0.0010007430152179,-7.80610587834485e-05,0.000222997940524874,0.000678407670224066,-0.000102839620513108,-0.000124909168354137,1,1,1,1,1,1,1,1,420,0.601719197707736,7859,36.3842592592593,698,216
21,"ok","moderate","null",1.36495461061754,1.20513712805151,0.000441984270222478,0.0160057724914519,1,NA,0.0493749424563108,0.00112521773255111,0.21556481237609,7175.22333511058,7162.57240279126,-12.6509323193277,2746.47790122032,0.0117749326594936,-0.0282871183002546,-0.00239071902013833,0.0216550706222524,-0.00478374218002543,0.00959987365771662,-0.0180293050342908,0.0139968817570264,0.0117749326594936,-0.0282871183002546,-0.00239071902013833,0.0216550706222524,-0.00478374218002543,0.00959987365771662,-0.0180293050342908,0.0139968817570264,1,1,1,1,1,1,1,1,444,0.636103151862464,7648,35.4074074074074,698,216
22,"ok","moderate","null",1.36495461061754,1.20513712805151,0.00183223834689018,0.0178655304329735,1,NA,0.0664715286543757,0.00667788600039656,0.190675367281349,6968.85902897609,6982.0269308459,13.1679018698132,2679.2599234581,0.02196363754137,0.00671110068935175,-0.0195888958976587,-0.0234105873344047,-0.00283776617351779,-0.00967485608411572,0.0126355444330319,0.0288597296010648,0.02196363754137,0.00671110068935175,-0.0195888958976587,-0.0234105873344047,-0.00283776617351779,-0.00967485608411572,0.0126355444330319,0.0288597296010648,1,1,1,1,1,1,1,1,427,0.611747851002865,7554,34.9722222222222,698,216
23,"ok","moderate","null",1.36495461061754,1.20513712805151,0.00536704612204186,0.0167558268662566,1,NA,0.0759687813629527,0.00576570395579587,0.228923188022069,7459.05782867951,7455.25311186054,-3.80471681896779,1970.93199920654,-0.0088036366196683,0.0219257501398147,-0.00554693179821535,0.0319362364219335,-0.0181557887827704,-0.00257699112904921,0.00995093695244495,0.014206793791845,-0.0088036366196683,0.0219257501398147,-0.00554693179821535,0.0319362364219335,-0.0181557887827704,-0.00257699112904921,0.00995093695244495,0.014206793791845,1,1,1,1,1,1,1,1,491,0.703438395415473,7946,36.787037037037,698,216
24,"ok","moderate","null",1.36495461061754,1.20513712805151,0.00392186558503675,0.0439226133571443,1,NA,0.115328555913672,0.00542442193500052,0.339337708984914,7274.68645053197,7295.14561849653,20.4591679645655,2621.72109436989,0.0569911266723054,-0.0115478872026562,-0.0855444128730841,-2.33552149292311e-05,-0.00860494698877863,0.0656945295149416,0.0181762586147722,-0.00376638784227704,0.0569911266723054,-0.0115478872026562,-0.0855444128730841,-2.33552149292311e-05,-0.00860494698877863,0.0656945295149416,0.0181762586147722,-0.00376638784227704,1,1,1,1,1,1,1,1,451,0.646131805157593,8207,37.9953703703704,698,216
25,"ok","moderate","null",1.36495461061754,1.20513712805151,-0.0103604925409327,0.0591107744712641,1,NA,0.194303527572623,0.0329711069847926,0.606349253861964,7014.11466384641,7047.57925977326,33.4645959268564,2787.36112308502,0.0398062452443077,-0.0481773478890778,-0.000353532940538998,0.115348027050136,-0.0608059553530397,-0.034577055646274,-0.0737000287687516,-0.0204242920242237,0.0398062452443077,-0.0481773478890778,-0.000353532940538998,0.115348027050136,-0.0608059553530397,-0.034577055646274,-0.0737000287687516,-0.0204242920242237,1,1,1,1,1,1,1,1,399,0.57163323782235,8045,37.2453703703704,698,216
26,"ok","moderate","null",1.36495461061754,1.20513712805151,-0.00567592058037023,0.0860783807899761,1,NA,0.188928219144049,0.0372545103456368,0.519323535483999,7238.60393704401,7239.96946926306,1.36553221904342,2468.07580137253,0.0160286156404526,0.00436551733529872,0.180344318195585,-0.00892084901222296,-0.14717831852665,-0.039185792516496,-0.0563001144519454,0.00543925869301656,0.0160286156404526,0.00436551733529872,0.180344318195585,-0.00892084901222296,-0.14717831852665,-0.039185792516496,-0.0563001144519454,0.00543925869301656,1,1,1,1,1,1,1,1,469,0.671919770773639,9227,42.7175925925926,698,216
27,"ok","moderate","null",1.36495461061754,1.20513712805151,0.00835006673589998,0.0350731770511189,1,NA,0.09423067016198,0.00835361791311603,0.31495796090272,7035.48233522326,7039.10961844247,3.62728321921622,2719.41852498055,0.0296259918813267,0.0255122477634787,-0.0361840407648221,0.00512881298851685,-0.000318747812507891,0.0258656224927394,-0.0469138235580799,0.064084470896548,0.0296259918813267,0.0255122477634787,-0.0361840407648221,0.00512881298851685,-0.000318747812507891,0.0258656224927394,-0.0469138235580799,0.064084470896548,1,1,1,1,1,1,1,1,441,0.631805157593123,7473,34.5972222222222,698,216
28,"ok","moderate","null",1.36495461061754,1.20513712805151,0.00502435012243752,0.0564640416444987,1,NA,0.137158817885549,0.0309583406011219,0.398912413704687,7191.72473700879,7183.74608968715,-7.97864732163998,2702.84084773064,0.0777761989805437,-0.0843332541080187,0.0601967916054802,-0.0405723826447467,0.0319235390702098,-0.0447484259276534,-0.0203653048065732,0.0603176388102586,0.0777761989805437,-0.0843332541080187,0.0601967916054802,-0.0405723826447467,0.0319235390702098,-0.0447484259276534,-0.0203653048065732,0.0603176388102586,1,1,1,1,1,1,1,1,451,0.646131805157593,7667,35.4953703703704,698,216
29,"ok","moderate","null",1.36495461061754,1.20513712805151,-0.00260046849395356,0.0165855597834991,1,NA,0.0838605195744524,0.015911270301852,0.243102064673198,7278.94819863003,7277.16643867573,-1.78175995430774,2713.21930170059,0.00910409182437737,-0.0259292322377142,0.0115059935343462,0.0173440803219013,-0.020505660086494,0.014300480610014,-0.0173639415022117,-0.00925956041584745,0.00910409182437737,-0.0259292322377142,0.0115059935343462,0.0173440803219013,-0.020505660086494,0.014300480610014,-0.0173639415022117,-0.00925956041584745,1,1,1,1,1,1,1,1,473,0.677650429799427,8841,40.9305555555556,698,216
30,"ok","moderate","null",1.36495461061754,1.20513712805151,-0.00310540911819116,0.0407041103110271,1,NA,0.0847674035663607,0.00617236319179698,0.222439053704622,7221.73391689157,7169.22225632187,-52.5116605697003,2646.1255068779,-0.00217287953055615,-0.0710154670622287,0.0370624511337552,-0.0410343738154808,-0.00288948024374511,0.0624132031683359,0.0210898362091828,-0.0282965628047925,-0.00217287953055615,-0.0710154670622287,0.0370624511337552,-0.0410343738154808,-0.00288948024374511,0.0624132031683359,0.0210898362091828,-0.0282965628047925,1,1,1,1,1,1,1,1,434,0.621776504297994,8197,37.9490740740741,698,216
1,"ok","moderate","varying",1.36495461061754,1.20513712805151,-0.00365721976769676,0.178491256184476,0.625,0.75,0.0786219441645591,0.00434985355159682,0.250552676907735,7235.23860642709,7270.77672848954,35.5381220624458,2713.33102679253,-0.00141951107222749,-0.0315314869575648,-0.034539800543861,0.00223331965244588,0.0205059468898967,0.016324896149095,-0.00551349082498945,0.00468236856563105,0.284354292252477,0.172592658274367,0.0879346865952979,0.0430581486988322,-0.0203188821564896,-0.106149590990064,-0.209637636056921,-0.281091434759073,0,1,1,1,1,1,0,0,452,0.64756446991404,7488,34.6666666666667,698,216
2,"ok","moderate","varying",1.36495461061754,1.20513712805151,0.00302809470285642,0.144620593013972,0.875,0.75,0.171314972392241,0.0428557595185862,0.399229274296801,7178.68145657109,7172.41072145771,-6.27073511338585,1972.97760462761,0.0194715420742917,-0.127932848420671,-0.0289049257685398,-0.131250629689505,-0.0286024852929369,0.136120431458961,0.0549910681833046,0.130332605077946,0.305245345398996,0.0761912968112606,0.0935695613706191,-0.0904258006431183,-0.0694273143393232,0.0136459443198026,-0.149133077048627,-0.155441198246758,0,1,1,1,1,1,1,1,439,0.628939828080229,8595,39.7916666666667,698,216
3,"ok","moderate","varying",1.36495461061754,1.20513712805151,-0.00601289456980472,0.123493016768426,1,0.875,0.150766751017987,0.0168271511468595,0.421600454706482,7278.73576957139,7284.69706527272,5.96129570132507,2714.68387460709,-0.078195066540176,-0.138227467579383,-0.018672763364777,-0.0503605173172558,-0.0180811831375879,0.10437226867492,0.0700932208337768,0.0809683518720457,0.207578736784528,0.065896677652548,0.103801723774382,-0.00953568827086954,-0.0589060121839742,-0.018102218464239,-0.134030924398155,-0.204805451452658,1,1,1,1,1,1,1,1,448,0.641833810888252,6981,32.3194444444444,698,216
4,"ok","moderate","varying",1.36495461061754,1.20513712805151,0.00817116972120507,0.172590918884493,0.75,0.5,0.135909953519034,0.0111212758600818,0.419463597750354,7347.75197922159,7331.76555452622,-15.9864246953621,2738.97015190125,0.0151726771208681,-0.055457654247224,-0.032754753870029,0.0102146158354791,-0.0184438478482505,0.102940921117424,-0.0949170140062706,0.138614413667643,0.300946480445572,0.148666490984708,0.0897197332691299,0.0510394448818654,-0.0592686768946368,-0.0195335660217346,-0.299041159238202,-0.147159389657061,0,1,1,1,1,1,0,1,423,0.606017191977077,9014,41.7314814814815,698,216
5,"ok","moderate","varying",1.36495461061754,1.20513712805151,0.000851022346503742,0.151098246765961,1,0.625,0.314132773898979,0.0575182392027114,0.744255465327545,7169.39894187221,7174.77435264715,5.37541077494643,2684.36079096794,-0.317376735917159,0.0828156337952417,-0.303627896965843,0.0752457226230909,0.16644129212842,-0.0118333509303791,0.161107276577745,0.154036237460913,-0.0316029325924547,0.286939779027173,-0.181153409826684,0.116070551669477,0.125616463082034,-0.134307838069538,-0.0430168686541869,-0.131737565863791,1,1,1,1,1,1,1,1,467,0.669054441260745,8258,38.2314814814815,698,216
6,"ok","moderate","varying",1.36495461061754,1.20513712805151,-0.00562433271604549,0.153549186691865,0.875,0.75,0.0939839678212847,0.0133620248281665,0.290679209745418,7243.62649981443,7218.41365940248,-25.2128404119494,2706.66390395164,-0.0562906296905352,-0.0347010108009946,-0.0365245942348312,0.00329458492990474,-0.0180789036596296,0.0135352328619237,0.0085133878598276,0.0752572710059705,0.229483173634169,0.169423134430937,0.0859498929043278,0.044119413976291,-0.0589037327060159,-0.108939254277235,-0.195610757372104,-0.210516532318734,1,1,1,1,1,1,0,1,456,0.653295128939828,6745,31.2268518518519,698,216
7,"ok","moderate","varying",1.36495461061754,1.20513712805151,-0.0227061691119748,0.14805716509045,1,0.625,0.273262661609495,0.0420952872546838,0.67779031272679,7092.62283094404,7094.17953705667,1.55670611263758,2729.49779105186,-0.349896085007734,-0.0308795717039635,-0.127521998183149,0.200549928757351,-0.031924590114398,-0.0697673141222667,0.12944046571432,0.0983498117640408,-0.0641222816830297,0.173244573527968,-0.00504751104399005,0.241374757803738,-0.0727494191607843,-0.192241801261426,-0.0746836795176112,-0.187423991560663,1,1,1,1,1,1,1,1,433,0.620343839541547,8226,38.0833333333333,698,216
8,"ok","moderate","varying",1.36495461061754,1.20513712805151,-0.0311654918734794,0.085051964207793,1,0.75,0.219934839788829,0.0362823414596272,0.532644845593796,7341.47790733561,7393.02310470439,51.5451973687805,2728.72492694855,-0.260175034065929,-0.173200673781185,-0.133500527962641,0.0622403232389941,-0.0415440072508697,0.0638732088231038,0.109531715856978,0.123451060153714,0.0255987692587751,0.0309234714507462,-0.011026040823482,0.10306515228538,-0.082368836297256,-0.0586012783160551,-0.0945924293749538,-0.16232274317099,1,1,1,1,1,1,1,1,496,0.710601719197708,9296,43.037037037037,698,216
9,"ok","moderate","varying",1.36495461061754,1.20513712805151,-0.0040569373060655,0.120824299955931,1,0.875,0.164948481747944,0.0190918382345104,0.56665621048399,7316.05950051482,7325.97463520581,9.91513469099846,2644.1336479187,-0.120290873220614,-0.059737476316092,-0.0729243749354476,0.0132088953649302,0.0159283786758201,0.00817758244596818,0.0156929648187122,0.167489404718199,0.16548293010409,0.144386668915839,0.0495501122037113,0.0540337244113165,-0.0248964503705662,-0.114296904693191,-0.188431180413219,-0.118284398606505,1,1,1,1,1,1,1,1,478,0.684813753581662,8710,40.3240740740741,698,216
10,"ok","moderate","varying",1.36495461061754,1.20513712805151,0.00745405577044658,0.0579157088924818,1,0.875,0.321928386911546,0.101879121939712,0.686500738038978,7261.52134991424,7275.79966822575,14.2783183115034,1970.94661641121,-0.280566966542368,-0.193609353418913,-0.0615835945892599,-0.0396889444020085,-0.00296785962478064,0.0660009272144838,0.330363173276777,0.241685064249642,0.00520683678233635,0.0105147918130187,0.060890892549899,0.00113588464437785,-0.0437926886711669,-0.0564735599246751,0.126239028044845,-0.0440887390750626,1,1,1,1,1,1,1,1,437,0.626074498567335,9665,44.7453703703704,698,216
11,"ok","moderate","varying",1.36495461061754,1.20513712805151,0.00252248839246182,0.18470108008002,0.5,0.375,0.0910019555644535,0.0104267068239364,0.293714785828698,7256.98360004521,7282.98073522557,25.9971351803633,2636.22303295135,-0.00508544803208323,-0.0251056690521428,0.0407858893284242,0.012793587437203,-0.0139998542787618,-0.00182678295412935,-0.0245427483217629,0.0371609330129474,0.280688355292621,0.179018476179789,0.163260376467583,0.0536184164835894,-0.0548246833251482,-0.124301270093288,-0.228666893553694,-0.248612870311757,0,1,0,1,1,1,0,0,455,0.651862464183381,8492,39.3148148148148,698,216
12,"ok","moderate","varying",1.36495461061754,1.20513712805151,-0.0168857273414844,0.110391408019392,1,0.875,0.202107172159215,0.0116966891722348,0.518406884497095,7199.13825763985,7196.67036409611,-2.46789354373141,2732.49907684326,-0.16454597030306,-0.131016160154861,-0.0107274708887962,-0.0031638896924297,-0.122145314253083,0.027216424111551,0.136117333448402,0.133179229000401,0.121227833021644,0.0731079850770708,0.111747016250363,0.0376609393539566,-0.162970143299469,-0.0952580630276079,-0.0680068117835292,-0.152594574324303,1,1,1,1,1,1,1,1,461,0.660458452722063,8622,39.9166666666667,698,216
13,"ok","moderate","varying",1.36495461061754,1.20513712805151,0.0113068287135606,0.194675952948383,1,0.625,0.254912495638926,0.0224657365742642,0.662845945663898,7027.28815757002,7022.66213509426,-4.62602247576433,2682.51237177849,0.0749069142230777,-0.227813875127715,-0.16024905464425,0.087015937622531,0.223294091066416,-0.104586682802597,0.174911231070027,0.0229760683009947,0.360680717547782,-0.0236897298957833,-0.0377745675050908,0.127840766668917,0.18246926202003,-0.227061169941756,-0.0292129141619049,-0.262797735023709,1,1,1,1,1,1,1,1,436,0.624641833810888,6504,30.1111111111111,698,216
14,"ok","moderate","varying",1.36495461061754,1.20513712805151,-0.00248423022912987,0.165892934633901,0.75,0.75,0.0529408381304451,0.00167068442541651,0.230077909356004,7222.72142636309,7246.54336504344,23.8219386803476,2632.65235877037,-0.0316554697866289,-0.0188706740350584,-0.033699777836257,0.0103562045346922,-0.0176339032105053,0.0107024015794376,0.0273880627081458,0.033539314213135,0.254118333538075,0.185253471196873,0.0887747093029019,0.0511810335810785,-0.0584587322568916,-0.111772085559721,-0.176736082523786,-0.252234489111569,0,1,1,1,1,1,1,0,468,0.670487106017192,7452,34.5,698,216
15,"ok","moderate","varying",1.36495461061754,1.20513712805151,-0.0276204683520782,0.154350441526933,1,0.875,0.179364156858609,0.0100428300874376,0.511939215357701,7180.6277800485,7194.52848725741,13.9007072089162,2505.1786468029,-0.132194968893979,-0.0306734220988446,-0.00929067806820719,-0.0882509137845394,0.00694831635973947,-0.146550468531078,0.0451440145413867,0.133904373658898,0.153578834430725,0.173450723133087,0.113183809070952,-0.0474260847381531,-0.0338765126866468,-0.269024955670237,-0.158980130690545,-0.151869429665807,1,1,1,1,1,1,1,1,466,0.667621776504298,9360,43.3333333333333,698,216
16,"ok","moderate","varying",1.36495461061754,1.20513712805151,-0.00993673525965364,0.159451437010477,1,0.875,0.183252515450548,0.00971206130597958,0.640935833736826,7168.29971729378,7172.91051631595,4.61079902217898,2656.4148786068,-0.0895711322982707,0.0509516988642733,-0.102739588881628,-0.0475777412973509,0.00446432624924979,0.029847451656821,0.038491303806372,0.0366397998233042,0.196202671026433,0.255075844096205,0.019734898257531,-0.00675291225096457,-0.0363605027971365,-0.0926270354823379,-0.16563284142556,-0.2491340035014,1,1,1,1,1,1,1,1,414,0.593123209169054,8841,40.9305555555556,698,216
17,"ok","moderate","varying",1.36495461061754,1.20513712805151,0.00236147750523707,0.175377846583783,0.875,0.625,0.117121460477185,0.00180994097640322,0.375346534032354,7354.20873700242,7360.72995817175,6.52122116932696,2160.42200994492,0.00310847981090994,-0.00809941265194086,0.00181764526228845,-0.0422948762508579,-0.0274151506163828,0.0322087056295859,0.0297783162479806,0.0297881126103133,0.288882283135614,0.196024732579991,0.124292132401447,-0.00147004720447162,-0.0682399796627691,-0.090265781509573,-0.174345828983951,-0.255985690714391,0,1,1,1,1,1,1,1,467,0.669054441260745,8715,40.3472222222222,698,216
18,"ok","moderate","varying",1.36495461061754,1.20513712805151,0.00274210506279633,0.174517999550242,1,0.625,0.189846773691523,0.0383318432447181,0.577854248916525,7226.41286494728,7203.74184745106,-22.6710174962182,2674.81607341766,0.00544576924383554,0.0409777253774687,-0.0914098244399292,-0.0398931891260155,-0.0381027519594803,0.0704098981674508,0.0324049392041223,0.0421042740349182,0.29121957256854,0.2451018706094,0.0310646626992297,0.000931639920370847,-0.0789275810058666,-0.052064588971708,-0.171719206027809,-0.243669529289786,1,1,1,1,1,1,1,1,465,0.666189111747851,7346,34.0092592592593,698,216
19,"ok","moderate","varying",1.36495461061754,1.20513712805151,-0.00818106648315663,0.166236733587231,1,0.75,0.278908632269617,0.0411900002932279,0.666246478892839,7027.0246868767,7022.22948278139,-4.79520409531233,2677.90707182884,-0.205270771181918,-0.140025990535098,-0.202260176533723,0.158193022346269,0.266014310124471,-0.00114197078066235,0.0421042516507068,0.0169387930447012,0.0805030321427866,0.0640981546968332,-0.0797856893945642,0.199017851392655,0.225189481078085,-0.123616457919821,-0.162019893581225,-0.268835010280003,1,1,1,1,1,1,1,1,412,0.590257879656161,7457,34.5231481481481,698,216
20,"ok","moderate","varying",1.36495461061754,1.20513712805151,-0.00979106216287578,0.0861607453864018,1,0.875,0.263131290930935,0.017741381103625,0.755743075856456,7439.05668496904,7401.78226306012,-37.2744219089218,2649.03404951096,-0.139478677221215,-0.131518715297882,-0.234374415903394,0.0104291873217073,0.0279699827468092,0.0281063385653215,0.147487501225274,0.213050301260374,0.146295126103489,0.0726054299340493,-0.111899928764235,0.0512540163680936,-0.0128548462995771,-0.0943681485738374,-0.0566366440066575,-0.0727235020643306,1,1,1,1,1,1,1,1,477,0.683381088825215,6669,30.875,698,216
21,"ok","moderate","varying",1.36495461061754,1.20513712805151,-0.0505113544756323,0.299029923642781,1,0.875,0.623451390974603,0.192507892200008,1.30209194905628,6992.53150946529,6996.09747147608,3.56596201078901,2725.55906796455,-0.851210458190153,-0.295573436137466,-0.260415695982594,-0.0886998925219538,0.261570968811814,0.291359842517844,-0.150529118602884,0.689406954300334,-0.565436654865449,-0.0914492909055342,-0.137941208843435,-0.0478750634755675,0.220746139765427,0.168885355378685,-0.354653263834815,0.40363315097563,1,1,1,1,1,1,1,1,445,0.637535816618911,6192,28.6666666666667,698,216
22,"ok","moderate","varying",1.36495461061754,1.20513712805151,-0.00255054458245943,0.155534102960136,0.875,0.625,0.147265291678706,0.0331271124672275,0.324669958519551,7183.28542568066,7131.31113915496,-51.9742865257058,2699.87378072739,-0.0735352709927353,-0.0278284854618851,-0.113408170569251,0.0824605857368719,0.0223728656402175,-0.0107046368141807,-0.0544459969325781,0.154684752733865,0.212238532331969,0.176295659770046,0.00906631656990776,0.123285414783258,-0.0184519634061688,-0.13317912395334,-0.25857014216451,-0.131089050590839,1,1,1,1,1,1,0,1,450,0.644699140401146,7699,35.6435185185185,698,216
23,"ok","moderate","varying",1.36495461061754,1.20513712805151,0.00115879191699756,0.12621224503567,1,0.75,0.204108331677246,0.012556522094792,0.533487880771836,7258.19118463412,7280.31483459897,22.1236499648558,2670.09271979332,-0.095200634972673,-0.122204962874411,0.0327812602270457,-0.0959819431620225,-0.044022662592295,0.140536153259088,0.00214949098136304,0.191213634469886,0.190573168352031,0.0819191823575204,0.155255747366205,-0.0551571141156362,-0.0848474916386814,0.0180616661199288,-0.201974654250568,-0.0945601688548185,1,1,1,1,1,1,1,1,413,0.591690544412607,10300,47.6851851851852,698,216
24,"ok","moderate","varying",1.36495461061754,1.20513712805151,0.0389616341720089,0.145029916295348,1,0.625,0.349773420312226,0.0239823765324946,0.990244588172717,7263.81653634593,7260.52035095556,-3.29618539036437,2793.81808686256,-0.324837026599092,-0.131157939525506,0.234441864674849,-0.0662043403174832,-0.0353234467670767,-0.00233124990663109,0.3019763593518,0.335128852465211,-0.0390632232743882,0.0729662057064256,0.356916351814008,-0.0253795112710969,-0.076148275813463,-0.12480573704579,0.0978522141198683,0.0493550491405073,1,1,1,1,1,1,1,1,474,0.679083094555874,7589,35.1342592592593,698,216
25,"ok","moderate","varying",1.36495461061754,1.20513712805151,0.00332414293585846,0.162924480174038,0.875,0.625,0.121087445506849,0.0236246785440367,0.393851205407828,7309.31717419963,7330.43880232281,21.1216281231718,2383.73054671288,0.00241525584018321,-0.0169492079134889,-0.0405842387391932,-0.034540969737507,-0.000946307783285315,-0.00828035721280876,0.0556781398461997,0.0698008291867679,0.288189059164887,0.187174937318443,0.0818902483999657,0.00628385930887932,-0.0417711368296716,-0.130754844351968,-0.148446005385732,-0.215972974137936,0,1,1,1,1,1,1,1,470,0.673352435530086,7095,32.8472222222222,698,216
26,"ok","moderate","varying",1.36495461061754,1.20513712805151,-0.000315108084320668,0.173201642310437,0.75,0.75,0.0929698431520838,0.0177056272552929,0.273064292162997,7229.19028196583,7251.04584324406,21.8555612782284,2619.53154587746,-0.00843478349275963,0.00687936703746825,-0.0380597008252949,-0.00923347667422769,-0.0363304930608376,0.0291144718548739,0.00261525122283491,0.0509284992633773,0.277339019831945,0.2110035122694,0.0844147863138641,0.0315913523721586,-0.0771553221072239,-0.0933600152842849,-0.201508894009097,-0.234845304061327,0,0,1,1,1,1,1,1,451,0.646131805157593,7835,36.2731481481481,698,216
27,"ok","moderate","varying",1.36495461061754,1.20513712805151,0.00529820381766659,0.194507124056654,0.5,0.375,0.0848557901059384,0.0128852754568193,0.265579385879787,7036.59192898951,7031.7447792796,-4.84714970991081,2644.34071016312,0.0046302912282113,-0.003904075634528,0.0405883986487562,0.0185166726790735,0.0156289955190166,-0.0212021169490744,-0.0247834730107776,0.012910938060655,0.290404094552915,0.200220069597404,0.163062885787915,0.0593415017254598,-0.0251958335273697,-0.143676604088233,-0.228907618242709,-0.272862865264049,0,1,0,1,1,1,0,0,427,0.611747851002865,7002,32.4166666666667,698,216
28,"ok","moderate","varying",1.36495461061754,1.20513712805151,-0.0107848183403202,0.150104370525592,1,0.75,0.150375353964138,0.0198378569154962,0.417050423722454,7264.73545662101,7258.31523648569,-6.42022013531823,2599.41533875465,-0.0568136187610572,-0.0395127981577643,-0.109447121716284,0.0504773027339889,-0.0808414990031524,0.0266390804248407,0.0432761470078297,0.079943960749037,0.228960184563647,0.164611347074167,0.0130273654228749,0.0913021317803752,-0.121666328049539,-0.0958354067143182,-0.160847998224102,-0.205829842575667,1,1,1,1,1,1,1,1,487,0.697707736389685,8873,41.0787037037037,698,216
29,"ok","moderate","varying",1.36495461061754,1.20513712805151,0.00770473736880061,0.138405422860279,1,1,0.167321417627299,0.0448149610800018,0.46543557451291,7056.04011473714,7048.77063801735,-7.2694767197936,2540.78354883194,-0.0599187096259529,-0.00255051142056914,-0.0476333027282205,-0.0807603900616592,0.0329432466602265,0.0188085177577867,0.0295689703867111,0.171180077982082,0.225855093698751,0.201573633811362,0.0748411844109384,-0.0399355610152729,-0.0078815823861598,-0.103665969381372,-0.17455517484522,-0.114593725342622,1,1,1,1,1,1,1,1,429,0.614613180515759,9171,42.4583333333333,698,216
30,"ok","moderate","varying",1.36495461061754,1.20513712805151,-0.0722867915123636,0.306667592582157,0.75,0.75,0.557381918759164,0.254905323215359,1.13592108096582,7308.37362163938,7309.28415631216,0.910534672775611,2484.56886148453,-0.456902756862975,-0.153547779389014,-0.52702566700322,-0.378367942580754,-0.110334353364987,0.183459727613415,-0.024675499012471,0.889099938501098,-0.171128953538271,0.0505763658429171,-0.404551179864061,-0.337543113534368,-0.151159182411373,0.0609852404742564,-0.228799644244403,0.603326135176394,1,1,0,1,1,1,1,0,484,0.693409742120344,6825,31.5972222222222,698,216
